vehicle,x,y,steering,v,heading,steering_rate,acceleration,dx,dy,dsteering,dv,dheading
1,55.137138049038697,-54.958562001881631,-0.91000000000000003,47.291035072718159,-1.2555922625248999,0.44826413447551416,-13.852571472163907,14.66071687721076,-44.961154109912776,0.40000000000000002,-11.5,-25.424937517820371
1,-39.393514636137297,-44.314877579845337,0.59473299636159671,15.095121463279057,-1.5401998051944779,-0.065908432940824158,0.1273512508226915,0.46178615207849127,-15.088056387119469,-0.065908432940824158,0.1273512508226915,4.2675275786267299
1,58.532383842750619,24.435845888232535,0.10710169885313402,54.662521257579456,3.0722272157111794,-0.34162956211728124,-9.5140630519803526,-54.531067869341179,3.7886497944032298,-0.34162956211728124,-9.5140630519803526,2.4562152475969885
1,-92.863944245280777,2.9777640542740613,0.22530428775460765,-16.704349402896248,-0.21233380514734268,0.50060132783142264,3.6183351257482919,-16.329198895891384,3.5203057242887144,0.40000000000000002,3.6183351257482919,-1.6001152344613727
1,-50.497015594533835,-97.641194891498827,0.028263528492226804,-13.9,-1.932694329431438,0.23043854505820704,-8.383011728364135,4.9212940593706023,12.999648640682702,0.23043854505820704,0,-0.16423746148834995
1,66.009545960349101,-69.107783787712037,-0.26118830617438221,-19.719931846094305,-1.4602166349431411,0.45639858477699435,0.27414267631584899,-2.1761826393567474,19.599488287574413,0.40000000000000002,0.27414267631584899,2.2029800272905007
1,48.354189472371417,-81.700878987390865,0.69499479322447044,27.978787520689465,0.25851425395397554,0.0093266835604199905,10.397502547400659,27.049076690895571,7.1526219876307264,0.0093266835604199905,1.95442708014291,9.7496614488590492
1,-88.149671530899269,-22.47363977785426,-0.27774935385365651,24.863805040540981,-1.1118954290952519,-0.41976032511545774,8.8574669069341176,11.013745315431436,-22.291393299227469,-0.40000000000000002,2.1992812407770645,-2.9628479315735037
1,17.998338602122061,21.01125076597026,-0.24134876455627449,45.799999999999997,0.86705808885026947,0.21174029257534599,-9.7779354632856759,29.635913235419057,34.919230328040065,0.21174029257534599,-9.7779354632856759,-4.7116703601531684
1,-80.659181213650868,93.565610209764287,-0.52139294841729433,10.187372357798623,-1.7906824450910368,0.2061181951335419,-5.5882377185860328,-2.2220542227934796,-9.9420838151468587,0.2061181951335419,-5.5882377185860328,-2.4456919117609006
1,-73.676836838338858,69.014864174910571,0.74890220635130811,29.666105375384035,2.7956918113945637,0.48470014583511223,1.9521361400597623,-27.908994086291713,10.058123942103894,0.40000000000000002,1.8432652115290384,11.525180716486751
1,85.581136948904884,10.465297533452755,-0.70978917257062446,-5.5652378773750719,-2.0071478481610265,0.46086827303576394,3.9640077462294627,2.3520680409940034,5.0437732465193976,0.40000000000000002,3.9640077462294627,1.9983623902337815
1,-17.808943568574037,-52.102157463631031,-0.91000000000000003,8.2215877097440071,-2.9024716690202785,0.45146256973112509,-0.90355392920530875,-7.9876551242849319,-1.9472724731013837,0.40000000000000002,-0.90355392920530875,-4.4201475712277452
1,50.264983970985583,-94.960625839647932,0.095365668825898114,4.162248233516884,-0.80308361745947421,-0.56357964673906602,-10.559021138259737,2.8906453893296566,-2.9947419906498824,-0.40000000000000002,-10.559021138259737,0.16640056555032826
1,-14.355950722103742,4.7480215820960581,0.93523076726553023,29.332054752888581,2.34242934163544,-0.18694719960476852,2.5281475041120096,-20.453437385252567,21.024422350067226,-0.18694719960476852,1.8642573955585209,16.618564410459232
1,3.819697299198026,53.049476655704524,0.36773611542576656,6.6560332767634058,2.5709494536672475,-0.41872526630782136,12.135742984608001,-5.6014094962427956,3.5954124432091001,-0.40000000000000002,8.2154787583318942,1.071731250102085
1,62.105366063449026,-72.647189691483689,-0.990631910637505,-13.9,-0.50954338904818153,0.37830753359405478,-13.600406688830903,-12.134245799910344,6.7801238091467164,0.37830753359405478,0,8.863830602946388
1,45.169884110217424,-54.715303460571185,0.58663336351226425,18.475268711665635,-1.8942474933578068,-0.16424765933957808,-8.9766312281198974,-5.8721914221455576,-17.517217868997673,-0.16424765933957808,-8.9766312281198974,5.1324618780109956
1,14.666543522224188,-31.986386515832038,-0.30818499889681816,51.109304605811104,-1.4355531518697102,0.54244738884902677,-1.5546101298808281,6.8911324172645774,-50.642603717594433,0.40000000000000002,-1.5546101298808281,-6.7996946836419108
1,4.2332258052447855,79.308104743200147,0.96175029126294032,18.664200182970326,1.5253526751906588,0.096783436623387065,-2.0538138925847669,0.84787751135310774,18.644931541728202,0,-2.0538138925847669,11.183574876544963
1,84.551915233693506,-86.256929575627694,0.75713209455539765,45.799999999999997,-0.43984268875907606,0.02341778385343074,12.626269476291792,41.440694494750794,-19.501508654274176,0.02341778385343074,0,18.089067333389835
1,35.294239999718684,43.417180856224604,-0.49849950817715427,40.452936044658159,0.81444019470611284,0.56587285015389599,-4.6849191420829044,27.761865812137113,29.423100469904529,0.40000000000000002,-4.6849191420829044,-9.2033992799286306
1,-89.859188945545895,-57.418361004932159,-0.20365232952190018,-4.781618583986285,2.6104397956651653,0.40820258059006764,-10.852639238207789,4.1228248156164771,-2.4220222588696334,0.40000000000000002,-10.852639238207789,0.41270763038029268
1,18.936974097655707,31.855001321812637,0.2077656086843645,15.939737116721858,-1.214794246129661,0.55362101368374839,-0.95647901828850124,5.5554731976948419,-14.940279010108704,0.40000000000000002,-0.95647901828850124,1.4043744157482023
1,-63.222120698061765,-87.626916368725176,0.2564579114395435,-13.9,-0.55595619453010192,0.31683610612616231,8.8262100721696086,-11.806607061988114,7.3358046377893942,0.31683610612616231,8.8262100721696086,-1.5234087173966007
1,60.407315599456751,75.538273329906701,-0.77436368504450359,48.501614614828412,0.14642431156989932,0.49876252212087879,-12.693737337291159,47.982603687749211,7.0764654729414893,0.40000000000000002,-11.5,-19.828340713461223
1,-49.446264409508721,-50.286045358203424,-0.94036175446893289,-18.483831998288984,-1.9634744581172028,0.080466982062474823,-12.908396451074729,7.0730985047108943,17.076982253420194,0.080466982062474823,0,10.585591188667967
1,35.57474171346189,-95.784929111221786,0.18095651140537314,-7.5491635214587234,-1.1902225546172902,0.52600954423753665,1.0750986365628492,-2.8041613267732202,7.0090333946381316,0.40000000000000002,1.0750986365628492,-0.57725186666278316
1,22.150157122705252,-61.749463983020526,0.62379798029899525,45.799999999999997,0.46743598918477103,-0.55237629784919995,8.4466033425724518,40.88687652155069,20.637425428368395,-0.40000000000000002,0,13.775494579126983
1,-89.858070806787765,-32.267983323956301,0.92106197588640459,44.050680350638387,-1.1435196331453783,-0.46473960993255603,3.5451309411873879,18.25433179437832,-40.090420428013317,-0.40000000000000002,1.2413542666023212,24.23132187959208
1,72.56184698374696,59.425382569225945,0.59551126708339952,3.5291104001682889,-2.3301950371188984,0.32023098808578632,10.71338015725371,-2.4297412826101006,-2.5594877448732207,0.32023098808578632,10.71338015725371,0.99938552249984003
1,27.749993204420576,21.866851498519964,-0.60604029519684344,23.023088462389232,-2.5368632260377275,0.19342975321793898,3.6947322910265221,-18.940080915182673,-13.089535410904899,0.19342975321793898,2.3751157491024681,-6.6686507062163018
1,-34.566358413468862,44.409466585310781,-0.91000000000000003,40.263452434774621,2.3076467525127002,0.47153730982894737,-9.4776548454840217,-27.055377537632477,29.818654367082537,0.40000000000000002,-9.4776548454840217,-21.646719316499787
1,12.741944853413841,88.960905961368184,0.30191650173130169,-3.8992795442177517,-0.75825716376117835,-0.29667053953883188,-1.2177186010676575,-2.8310157110351102,2.681367376512843,-0.29667053953883188,-1.2177186010676575,-0.50754026217666259
1,-23.883047299891459,-73.255762232295467,0.31480231436800871,-12.417577410900591,1.0206797128535188,0.39666303871582065,-3.4480941205540923,-6.4917435917148785,-10.58553229153534,0.39666303871582065,-3.4480941205540923,-1.6899649965201171
1,-56.988444072381284,-50.518081676645821,-0.25680864654561464,20.464124421057591,-1.06906963373009,-0.051089162234139063,-11.717119111527944,9.8420188410931662,-17.941991345781346,-0.051089162234139063,-11.5,-2.2460283264294238
1,-40.061225421899763,-84.490685529799435,0.91000000000000003,23.429093082194065,1.6536146869753319,-0.44270521405041519,-10.270214014209008,-1.9381417148915447,23.348790318710538,-0.40000000000000002,-10.270214014209008,12.596113127953648
1,81.278473080051413,-46.151140065321904,-0.73937013989383227,-13.905326666300715,-1.2163582043528622,0.3993531720024811,3.3578568719304407,-4.8260308947533366,13.040994421416645,0.3993531720024811,3.3578568719304407,5.2998131313290378
1,76.784492944429331,-24.925196596107256,-0.62633894014548097,12.611005928244168,1.3250078765996705,-0.48383074939623832,6.3650937486792287,3.068524519086949,12.231991979966786,-0.40000000000000002,4.3360934338735539,-3.8134411203845433
1,34.840198087042239,-25.853441034749494,0.55349999517862358,41.932508627659942,-2.7381367576015179,0.022531480872353904,7.2088773787016578,-38.565735231459001,-16.462665211495299,0.022531480872353904,1.3040598282719909,10.829449169101181
1,7.2240084758744274,49.66631257958386,0.91000000000000003,-0.03220800402923274,2.491827919728463,-0.44911017895899696,-8.8404340397380956,0.025644855253025817,-0.019485813367638181,-0.40000000000000002,-8.8404340397380956,-0.01731589272169174
1,99.354233006262746,87.835991738176233,0.28933228929299637,34.072959385748305,2.1552900599733498,0.33253897086381834,-2.9394619742197676,-18.800683175520355,28.416559845212781,0.33253897086381834,-2.9394619742197676,4.2391940582020187
1,51.898893056161171,51.538132903677734,0.28274067944084991,-6.1665768165065824,1.3904388348588341,-0.06624117068786517,-3.4109507938570101,-1.1061684312464808,-6.0665526483819585,-0.06624117068786517,-3.4109507938570101,-0.74875804362841769
1,68.864023282298604,8.4739755109542756,-0.16061859339537746,-17.499557366656507,-0.70674123475588457,0.057634521919246673,6.2059261185505434,-13.308098713270876,11.363494914274396,0.057634521919246673,6.2059261185505434,1.1849379247538891
1,83.892669261077401,-22.513540537871108,-0.23731533946441175,-13.9,-2.2756682174863121,0.31244795518821866,13.802568044960971,9.0063139401743744,10.587554449022717,0.31244795518821866,11.5,1.4051341994357922
1,65.064680060008044,84.114388999272222,-0.70472772617834656,33.450675704609864,-2.3663643642219006,-0.48982810421806861,13.660404291702939,-23.892522368715625,-23.411430540558605,-0.40000000000000002,1.6347203411638156,-11.88898655125295
1,14.990586765803798,-10.745392742073065,-0.76725351682662024,-6.7394330647327969,1.5732605375835398,-0.37133130221026395,11.603977323677746,0.016607366859859151,-6.7394126026961487,-0.37133130221026395,11.5,2.7162831830290499
1,-86.47929494518786,-5.3194824485669301,-0.56617591769193976,37.683324263997982,-2.9370226539863631,-0.22342715232347643,-5.2575411230991875,-36.89756771347372,-7.6552220356591292,-0.22342715232347643,-5.2575411230991875,-10.010120003307586
1,-88.64512752141664,99.072331885799372,0.91000000000000003,14.126311236429991,2.4422697728206879,0.49958872196808357,-7.095885157938115,-10.810558376094113,9.093101602068991,0,-7.095885157938115,7.594686392278045
1,-93.39521506685287,0.66728959728139614,-0.54618663917146659,-10.632021336675074,-2.3679210749741486,-0.38843475435824737,10.093319052813385,7.6056156254882348,7.4292993384869908,-0.38843475435824737,10.093319052813385,2.701110686074303
1,33.972911963462451,-46.827024461036103,-0.031545977194869554,-6.2222359234812998,0.16925141957107659,-0.26045655856518668,0.45251325030642775,-6.1333272489686346,-1.0481014953333574,-0.26045655856518668,0.45251325030642775,0.082063481072689556
1,-20.879178541019883,58.162759754105821,0.25732424867980169,20.215605965595088,2.3463766936227888,-0.38475448357415243,-10.183355705095147,-14.153564005582041,14.434242290335026,-0.38475448357415243,-10.183355705095147,2.2234096674690504
1,88.318260571183544,-53.86656353977952,-0.91000000000000003,53.469754783623799,2.9525163620639088,-0.35061879945191521,0.18132845326766045,-52.516831074940782,10.049732855503875,0,0,-28.746784086590594
1,-91.894228021044697,-36.929837113123718,-0.0052351414725304336,48.621692705413011,0.62815955648956834,-0.52032213779606518,-7.376583860631392,39.34031853945622,28.572860178038358,-0.40000000000000002,-7.376583860631392,-0.10638437457288649
1,52.191904331557566,65.796093912348283,-0.069942964896724039,46.064277015192076,1.6403497589048923,0.24926493125973959,9.7914135941005078,-3.2013459253713208,45.952899812726308,0.24926493125973959,0,-1.3487537951272177
1,-39.671099449557154,-66.471855420251671,0.36331633485485115,35.176229448520083,1.6117939799561993,-0.40099524507760653,11.744763842559134,-1.4417388943000888,35.146671352712673,-0.40000000000000002,1.554529887292982,5.589457812136633
1,87.328631330470188,-68.973945612431038,-0.91000000000000003,4.7075584653868923,0.090894680455470667,-0.49013511214051664,13.031975854368063,4.6881252960739621,0.4273030696674433,0,11.5,-2.5309105554552764
1,60.359325333707744,40.568393117819596,0.60794052879570815,1.1441813985777145,0.90277729991536759,0.54067537788843845,-1.8622425333331964,0.70874261779112369,0.89823993152043724,0.40000000000000002,-1.8622425333331964,0.33275971413977357
1,67.0110612286079,-32.984795993241136,-0.16999295594856159,31.909084658876253,1.0659867133236318,-0.34915511056307241,1.4475992622807254,15.432535554812441,27.928955048780139,-0.34915511056307241,1.4475992622807254,-2.2891404947097338
1,45.5684130888543,-96.913504609899334,0.53888174714000203,-15.101378663737263,2.87989816772855,-0.03759623940188539,-2.5460160241213927,14.587221595398582,-3.9069941991659372,-0.03759623940188539,0,-3.7737073508962933
1,46.169771064652679,-83.048421053257869,0.44133019103717319,45.799999999999997,0.3945329591592821,0.06973043141950519,12.099188967846963,42.281469265273444,17.604469795189431,0.06973043141950519,0,9.0426718785767086
1,26.214582432006537,10.14939025365031,-0.92170963266655914,13.96147322923057,-2.6756247334191534,0.11187407182277465,-7.7784872136365983,-12.47300021266539,-6.2727187427279878,0.11187407182277465,-7.7784872136365983,-7.6902374369239563
1,-60.431578452062709,-9.1418495987056474,-0.60951054296763041,45.901816356074022,1.5725988610651491,0.24877846322951302,1.4968521657963585,-0.08273955224338593,45.901741785614618,0.24877846322951302,0,-13.394275413606826
1,24.077086747886241,63.78332814378723,0.61470558534663378,14.936213065299654,1.1189827507282253,0.17019404004885397,-2.6283957353607512,6.5211184698827838,13.43746533516577,0.17019404004885397,-2.6283957353607512,4.4068422532250136
1,48.858451059429797,-23.913968777149947,0.91000000000000003,9.7061997982252883,-0.20972547275067965,0.30654850799742195,0.10236235723517773,9.4935185750807403,-2.0207472844632455,0,0.10236235723517773,5.2183151209503524
1,68.945820134897701,57.048080539742386,0.65429151561658538,8.5721945599677092,-0.33119408800674233,0.25546912767579333,-13.037088392976527,8.106336360154403,-2.7874415491591322,0.25546912767579333,-11.5,2.7479053141636922
1,15.907871503671885,11.565165244679562,-0.220623595428562,44.525026464705533,1.0350849452311897,0.21320595836910705,2.3407510293194811,22.727928419037948,38.287324945232399,0.21320595836910705,1.2281295339228193,-4.1734869563946511
1,-41.471592972826741,-41.41556459309399,-0.15890012035912127,-6.2387233859902622,-0.43514247194811384,0.598870506575779,-4.1285456273972017,-5.6573367158104846,2.6298689645768372,0.40000000000000002,-4.1285456273972017,0.41784213191971126
1,16.285547904974223,89.579715895162508,-0.91000000000000003,7.8720672869839596,2.4446170892340433,-0.14743350515456066,-6.5267680228258804,-6.0361994977309577,5.0530920231473653,0,-6.5267680228258804,-4.2322359533870317
1,37.108229423631315,-85.341715434069414,0.7695660059115017,17.037500418561919,2.3031499353092624,-0.22444180485968923,-0.15324519595086628,-11.391641388730788,12.669132842584503,-0.22444180485968923,-0.15324519595086628,6.898701030332985
1,65.609783459357715,65.515849574739718,-0.60456179431756718,11.518196704465787,-0.16542362065634686,0.32149284141421797,-1.1741277596559545,11.360958186377463,-1.8967035641210341,0.32149284141421797,-1.1741277596559545,-3.3257270908366872
1,-59.731846568101574,-36.687695023986457,-0.25354060696122482,20.941673243534026,1.2976585414889037,0.32461677784161647,-12.412172211732873,5.6491048319513908,20.165348815147542,0.32461677784161647,-11.5,-2.2678918240653214
1,-10.961285350346699,-87.509217427819365,-0.91000000000000003,41.307245177365935,1.1492778791038605,-0.30460360844259315,4.0140052098221517,16.900713146450421,37.691569339633752,0,1.3237992455125756,-22.207890481840771
1,-4.692595485074321,4.9349478068975401,0.27460136781656569,-0.63988399417652886,0.82318010289600663,-0.35619859010975374,12.93743010566974,-0.43505241973822872,-0.46923439567365482,-0.35619859010975374,11.5,-0.07534105243948501
1,-48.737523367970816,-86.504747886381253,-0.42214557236180039,2.9515098825610089,-0.4842896211774721,0.32620357358005803,5.8678742271757578,2.6121036906875941,-1.3741633439848229,0.32620357358005803,5.8678742271757578,-0.5540507570146731
1,-35.714411919685944,53.651030678014564,-0.60946394901328715,-9.7301073100000508,-0.074907281647488499,0.50782101892882314,4.3787454459542268,-9.7028217654067177,0.72817446595310809,0.40000000000000002,4.3787454459542268,2.8389900589633377
1,50.051649538592528,-31.232374997121283,-0.91000000000000003,37.576834453549161,-1.5267612400327246,-0.074854332329181372,-0.30107893840327016,1.6541644491341503,-37.540407929651749,0,-0.30107893840327016,-20.202320939473868
1,27.964651176332495,-72.857099003304057,-0.71727101361131396,13.099914628258418,-2.2742750235036668,-0.39153430498407382,-6.0667206499689419,-8.4739999120771383,-9.9899493871478402,-0.39153430498407382,-6.0667206499689419,-4.7755720645356918
1,-63.252176343767452,-66.990432124559888,0.9243419683086439,-18.065653055340384,-0.16117611145496369,-0.58191266576349998,-1.1711498248135843,-17.831508184826269,2.899161287407638,-0.40000000000000002,0,-10.005482216383411
1,58.488121152079543,-63.186555704617888,-0.6748292552731735,0.22301669973129634,0.73594216298600479,-0.1124252761303044,-2.3073240613928441,0.16529967048993385,0.1497079399863564,-0.1124252761303044,-2.3073240613928441,-0.074579827780771601
1,84.762045024415698,78.698171452242036,0.63432452603106604,-13.9,1.0575980837774885,-0.54066321514607296,4.5726387977477572,-6.8244273225844845,-12.109384448383922,-0.40000000000000002,4.5726387977477572,-4.2743086811610276
1,90.671202079571117,77.23942995281655,0.54495622908380892,-3.9626313254914827,-2.4230655491668407,-0.22175776969364486,-13.091562710409118,2.9829742265266077,2.6085075782225307,-0.22175776969364486,-11.5,-1.0039348927544245
1,97.961850275180353,22.385003528349642,0.66255631964135886,48.632106000095831,1.0429181502263454,0.21408664019533508,1.9641561747621203,24.496063783830184,42.012195766266252,0.21408664019533508,0,15.858039652090225
1,-32.854792160571961,2.5754479869067808,0.90575066851792196,25.589592154636492,-3.0243303523464715,0.26895156578966939,5.4297901334469394,-25.413859490966125,-2.9938223751693065,0.26895156578966939,2.1369039283454252,13.637662338616972
1,51.105219170059883,-32.663080324816747,-0.15805561522367062,45.799999999999997,-2.6546585488000742,-0.44133237020534843,-8.8403775786254091,-40.476739242044431,-21.430669152677904,-0.40000000000000002,-8.8403775786254091,-3.0509035031150202
1,85.599315658017531,-44.316420424083617,-0.39255610591809914,13.563679316544928,2.5043875816848473,0.21655461612788307,9.8978016205582016,-10.901966504486113,8.0697288019568241,0.21655461612788307,4.0315388416252569,-2.3471538434073755
1,57.393472413134248,-50.904829756168212,-0.19368670383457551,-19.754244356476615,-2.2463631181788841,0.35938991794135045,5.2172021999390878,12.353113522139418,15.415276721633136,0.35938991794135045,5.2172021999390878,1.6194011429918567
1,87.843966286591439,-46.292404981546589,-0.57574476791248697,0.068636104039789814,1.2717536390119424,-0.44453610402817145,8.8210043378193035,0.020220574853348074,0.065589962115867997,-0.40000000000000002,8.8210043378193035,-0.018620099083104854
1,-92.95647468655406,10.015709119468738,-0.76558479754227815,45.799999999999997,2.1778878321396089,-0.49872178570254549,-6.3208157770648539,-26.12803431329327,37.616031461643708,-0.40000000000000002,-6.3208157770648539,-18.397833403682924
1,25.780775890823037,-9.0579359155327666,0.21641283555338714,3.4597679910301018,2.2767515646449326,-0.24847211700254912,7.2164568882650002,-2.2445627282745564,2.6328563786498393,-0.24847211700254912,7.2164568882650002,0.31790725929048186
1,-24.34767726014266,44.984203786082901,0.27161965844978248,35.532149560770932,1.2467479355928672,-0.13501332947678585,-13.259337551099067,11.313679767332205,33.682848788830967,-0.13501332947678585,-11.5,4.1358632595428801
1,-59.052270314239962,46.161442711282518,0.92675246339715256,33.520029705735134,-1.3905734382274688,-0.036857528557423525,10.076868497179269,6.0084269942046511,-32.977131417524461,-0.036857528557423525,1.6313380530997577,18.658104281567937
1,-38.901777677197288,-84.596546669065361,-0.10395964989528668,-13.9,-1.7623984207662222,-0.27467252483447913,-9.1568648449186547,2.6470036184428607,13.645635633562492,-0.27467252483447913,0,0.60612682984743238
1,-57.120773780433986,47.754102216896797,-0.87474243937052854,14.934187222909635,2.6548202311187863,-0.27241836033169148,2.0229521417429979,-13.199540185107017,6.9858490472284362,-0.27241836033169148,2.0229521417429979,-7.4699333380849753
1,-75.02512352571604,76.955891580097045,0.013464781019218622,-14.366859594722413,-0.1624075361095163,0.36553189236724626,-12.135739146323701,-14.177804053732055,2.323042579989953,0.36553189236724626,0,-0.08085423452771813
1,73.413219347170781,-98.855514125317697,0.18981589943367544,44.898396570617976,0.13647144145836787,-0.1571943008618924,7.281176814773378,44.48094101294712,6.1083468479776855,-0.1571943008618924,1.2179165443913613,3.605279891532549
1,62.528557064433585,-6.0887554926319893,-0.91000000000000003,-0.13050783687988954,-0.29436521164939,0.5622703776932233,-5.0430614549355823,-0.12489423905671876,0.037864555160612212,0.40000000000000002,-5.0430614549355823,0.070164537383350739
1,-83.621628760463352,13.572071356243214,-0.21581393021346751,-8.4969828822777007,2.8498996465130704,0.095289089131654459,4.1192073316012134,8.1380565883373599,-2.4435124445640075,0.095289089131654459,4.1192073316012134,0.7785318114619888
1,50.44890272830321,17.85697107035908,-0.35309501899827755,22.834214271516913,1.9024126320265529,0.060564816548044798,-8.4519664188111303,-7.4341739048014643,21.590145894613951,0.060564816548044798,-8.4519664188111303,-3.5171100293309538
1,-66.81289350700149,23.833170232095839,0.16561796097805812,16.820188533312503,1.9915218231859777,-0.43789476782665238,1.258484125864161,-6.8697483025433437,15.353348187150589,-0.40000000000000002,1.258484125864161,1.1750330553617738
1,-45.990751757651772,-25.543917865977932,0.91000000000000003,10.226319713689971,0.26199952088847756,0.22399244785551198,1.6569062091614715,9.8773364160083776,2.6487431380937849,0,1.6569062091614715,5.4979456329941119
1,84.7719428443624,-79.741431511635525,-0.78673587994467864,41.341479493357483,-1.5738156355423083,-0.39158257402810459,9.7763446180393458,-0.12482250101335927,-41.341291054379731,-0.39158257402810459,1.3227030253909049,-17.324604242972686
1,-33.516117207074544,-61.50107739031354,0.82137800468291144,-16.679468428997083,-0.19143164842246962,0.50590851274272064,-12.035149233791795,-16.374782065681323,3.1735121514422606,0.40000000000000002,0,-7.4916294031138149
1,4.8069389525616941,49.100256598839422,-0.65809921579090391,16.52719611110286,-0.3915301670303224,-0.43063589827256366,-4.0988675894586102,15.276520799642958,-6.3068314986948559,-0.40000000000000002,-4.0988675894586102,-5.3398596125757578
1,-76.731125693045414,61.641835767797971,-0.91000000000000003,36.30416099032923,-1.1879840634880332,0.33767577853362751,-13.643799422539983,13.560716804425592,-33.676387350217837,0.33767577853362751,-11.5,-19.518097317952385
1,32.351119658168869,1.5739136489253127,-0.67605473174185415,14.181294674327702,-2.1023678306328604,-0.43305778414972795,-6.0330369981290328,-7.1883369019028249,-12.224439914566938,-0.40000000000000002,-6.0330369981290328,-4.754343720392427
1,-73.9789967449491,-7.0405970974753984,-0.89611170245054794,-3.7591424667471003,-0.90157470368027015,0.10419869844056551,-6.1353917902945323,-2.3320806027917613,2.9483134411700345,0.10419869844056551,-6.1353917902945323,1.9641032735841071
1,51.036140825931454,-48.832367976557521,-0.93311008085588953,4.8332621167511611,-0.59973988064216233,0.30596925656147789,-2.6129240467586659,3.9897731088414159,-2.728027351253616,0.30596925656147789,-2.6129240467586659,-2.7262438599158583
1,-37.894072365488874,47.192730617721963,0.77502251216280549,-13.9,-1.551211745813569,-0.43257195536604709,-1.7393308432779939,-0.27220827368416706,13.897334372308162,-0.40000000000000002,0,-5.6900667067363848
1,-70.819696193478052,42.472535065293641,0.20514980285963405,50.169316903827394,-0.15416106250792572,-0.44194884285747793,13.234425324392589,49.574343839744643,-7.7035570651118075,-0.40000000000000002,0,4.3629260993711041
1,81.151083724548897,-79.381167889553069,0.39192943481154469,-10.335599317717902,-2.5593975115491077,-0.20213880534670953,12.262856485628888,8.6328883477381595,5.683119920597969,-0.20213880534670953,11.5,-1.7853740565934175
1,22.322315739025299,-86.589672375948396,-0.9348849880788328,48.865543081015176,0.43097452140651615,-0.049451132978071355,1.791567368304392,44.39723230830883,20.413893895203053,0,0,-27.66555787610109
1,99.445509613439583,-68.666187273225063,0.47488148924150364,45.799999999999997,1.9657285703786895,-0.10668841571451232,7.9326105896914569,-17.621350723540758,42.27443670444314,-0.10668841571451232,0,9.8411822262001269
1,-9.4123457923459739,88.55585471269714,0.98498037233836777,-0.046861627704956277,2.8006568398068525,-0.15255138855252609,12.325864725560578,0.044164374148471151,-0.015669084441401762,-0.15255138855252609,11.5,-0.029517764723158927
1,51.323879054629288,-5.7576340117960711,-0.18840590713186964,8.1074574231480909,-0.32547869901777116,-0.13665720758601024,-1.8814899065874862,7.6817977885907087,-2.5924599521230758,-0.13665720758601024,-1.8814899065874862,-0.64606505268456615
1,50.798628937089546,12.899989916184509,-0.72108507188625626,-15.422213941043207,1.0800207936925315,0.3628025425711916,-7.5570274502501871,-7.2686440367571796,-13.601893129642718,0.3628025425711916,0,5.6655983993742405
1,-39.215001769676874,52.138183569680109,-0.53298659765343082,-13.9,-0.7905404086772565,-0.21217336454455976,3.8164439584872483,-9.7781125123335428,9.8791961057641835,-0.21217336454455976,3.8164439584872483,3.4271652319775949
1,39.426647638526759,51.289066400299646,-0.62748585625706166,-12.0184887435367,-1.2794789348486539,0.16324941222235778,-13.045856099007326,-3.4518825450192083,11.512105740215821,0.16324941222235778,-11.5,3.6430539618491986
1,-49.31629458739819,-30.357019618922408,-0.19155340087972389,23.346877214190748,0.68832020974435615,0.1078774133004986,-9.6826593509451957,18.031124222440468,14.830887867198637,0.1078774133004986,-9.6826593509451957,-1.8923079429094045
1,93.944934828153265,-59.52760836527726,0.41357693619728048,-13.997804316734065,-1.5485026889086684,-0.35963934442713585,13.761970866772266,-0.3120361318206929,13.994325962404092,-0.35963934442713585,11.5,-2.5676241889482179
1,98.126830488732963,90.013571152405206,-0.91000000000000003,25.396920586661274,-2.8755008298979337,0.025420882590266314,2.836530937975219,-24.503100524442388,-6.6784459250824426,0.025420882590266314,2.1531153674087484,-13.654070334218947
1,-99.143196878276967,-92.95265975479974,-0.32850955139838534,4.593145759810465,0.31451846575761122,-0.50893547847438758,-8.330526076054058,4.3678310886469163,1.4209291157247605,-0.40000000000000002,-8.330526076054058,-0.65433802899271942
1,-93.82803200242094,85.384089882637625,-0.33378962372666615,-14.714655612787201,-0.40709618666319747,-0.35413864723175553,5.8366504377766937,-13.512092166662097,5.8261870106063958,-0.35413864723175553,5.8366504377766937,2.132555147698441
1,92.149927811087963,79.538034584993966,-0.98209042676066693,-1.6237064265627907,0.85404353622007756,-0.48815667435721316,-5.0945763326132738,-1.0666775849362682,-1.224181967460654,0,-5.0945763326132738,1.0163716930477458
1,-94.913175283399937,-74.767264206454257,-0.94507903458429665,45.799999999999997,0.8370116477845837,-0.47946858689046379,-9.6386338790557797,30.671577495002882,34.013149427361654,0,-9.6386338790557797,-26.490949208696932
1,-33.400615094075036,-82.692105919987497,0.80642158204214198,5.15893176480402,1.8593863074443178,0.21165268854793684,1.3197184100873898,-1.4682361016664245,4.9455899247377255,0.21165268854793684,1.3197184100873898,2.2487504159153171
1,-47.938786633993047,16.728303173162899,0.23606150945267285,-12.4714480697056,2.8414570709363192,0.38055833049404497,3.940338041093284,11.913929605046793,-3.6871802669998535,0.38055833049404497,3.940338041093284,-1.2538079870602383
1,78.143253509077823,-86.629180921885336,0.03767479480525153,-18.86508674467834,-2.3305524911528996,0.23168608612613917,8.7400314664848473,12.993228204409656,13.677262836999656,0.23168608612613917,8.7400314664848473,-0.29718756154457554
1,-64.588844466603916,-92.939556684018925,0.57367442906297617,-13.9,2.2077832039555894,0.57323695569824096,-7.1642058660501995,8.2673853023510055,-11.174092368620844,0.40000000000000002,0,-3.7538205605228776
1,1.0308674236705571,-98.366363655707232,-0.19513310424099881,3.3507819981442992,-0.35993560538071545,-0.36053403770064468,5.9488014202449513,3.1360622334309474,-1.1801922161817542,-0.36053403770064468,5.9488014202449513,-0.27679243224112976
1,79.32963817748967,-36.648214049983018,0.005147902150708419,45.163947244905984,-1.3798892452628069,0.52695646049496647,0.11193166028319013,8.5698397979430982,-44.343432169581121,0.40000000000000002,0.11193166028319013,0.09717205601839253
1,98.085104832414146,15.832725805559946,-0.80777591629939527,-16.558615171853855,-2.7992032050737237,0.01350653804536095,0.11492608375909974,15.597472419699352,5.5593696159067107,0.01350653804536095,0.11492608375909974,7.2374063157357886
1,89.75440614676765,-75.006464345240715,-0.12935354068962471,-13.9,-2.1883033673555552,-0.11101367306341953,9.3527411928505586,8.0481610367987475,11.333009482293507,-0.11101367306341953,9.3527411928505586,0.75568405290109297
1,15.211676474374642,-57.988612720839768,0.24775269545697476,34.737259592460404,1.9965790732460507,-0.58317482152548061,5.5575592210781828,-14.347661208799265,31.635768077154363,-0.40000000000000002,1.5741742624933095,3.6723553249482959
1,95.026641082415438,7.8071715030334303,-0.6119320892559198,15.331860987528898,-2.783772657474286,-0.085464204179355407,4.4874789632938068,-14.360780137328748,-5.369725801958114,-0.085464204179355407,3.5665924733128831,-4.4969988774098919
1,-96.332772414774496,8.0136502519573298,-0.88747320181135436,-1.0509705124092683,-0.74469833307474032,0.0044280199935946563,-5.7165691564018335,-0.77277062052176126,0.71229529411067438,0.0044280199935946563,-5.7165691564018335,0.53949760190064833
1,81.330404780498299,92.016291024375874,0.313927641535312,45.799999999999997,-0.04402214990706188,-0.041531848890215106,10.069267763384563,45.755628118839283,-2.015563308478201,-0.041531848890215106,0,6.2146190226826592
1,43.992958904795046,-33.197731634833588,0.60681757217466814,1.5480706930679204,0.64466531333253352,0.51104189554614765,-12.478906009198894,1.2373743528571388,0.93028360279388367,0.40000000000000002,-11.5,0.44914440717241677
1,-24.186473922134823,-29.944908575048572,0.61512376454079953,20.638417681212189,-2.7054640489297941,-0.28994556305919655,3.4478366942666518,-18.706535047697521,-8.7183617092568593,-0.28994556305919655,2.6495490519013587,6.0946506353463246
1,92.450667827468465,96.155220709638201,-0.80562490126887842,30.20555052754402,2.4456746983330859,0.36793302511180237,-9.0173072864707677,-23.181718938110382,19.364482687292973,0.36793302511180237,-9.0173072864707677,-13.145455861046269
1,73.809951433488095,75.574733655607872,-0.91000000000000003,-4.7957598028125261,0.7659725395250776,0.025568078749510947,-8.388094782603746,-3.4563448384291435,-3.3246041033687987,0.025568078749510947,-8.388094782603746,2.5783299762733383
1,-74.82385823691439,-74.361763971663052,0.038975677948716737,1.7964921487741634,1.8923129704353263,0.50688405602341591,-10.027673890714736,-0.56770202874344333,1.7044349348589958,0.40000000000000002,-10.027673890714736,0.029278874152469592
1,-73.112201749157464,-62.274694583931932,-0.97445139660803581,-0.22754714003882626,0.52355835009362695,-0.093247052491637894,-1.9815853361009914,-0.19706620302508265,-0.11376560361166332,0,-1.9815853361009914,0.14010541779280111
1,-42.097956204428463,-20.170624285186349,-0.58936346337383039,29.844158440170048,-0.2298763639291499,0.48530936912644151,-7.102040385220052,29.059095133086132,-6.8002046328197467,0.40000000000000002,-7.102040385220052,-8.3399464996478212
1,78.885262628073235,-21.184101399724952,0.437769384992091,-13.9,0.032432150306602292,0.4526583234714584,4.8373051614179516,-13.89269032235808,-0.45072786363635114,0.40000000000000002,4.8373051614179516,-2.7191315007279311
1,-94.17894560478814,-39.825615347259323,-0.72705461236744418,54.304932565628619,2.8833183528162252,-0.58187275485040091,-9.480859344130053,-52.50375648115574,13.870157040385951,-0.40000000000000002,-9.480859344130053,-20.191226507234767
1,-5.6077275639045752,18.487585408234963,-0.57384469391948534,-13.520692213539903,-1.1415193790225961,-0.46962040712118058,8.706770172966813,-5.6274941392428852,12.293918319480797,-0.40000000000000002,8.706770172966813,3.6527490812034515
1,-72.451578431491356,8.3822620648723216,0.60955170595780794,22.157492619514969,0.81382291487626635,-0.086049203764168025,10.188174852432617,15.216093330428357,16.106675105171583,-0.086049203764168025,2.4679010815438107,6.4661839061143223
1,-77.171327744754421,12.710159910447487,0.91000000000000003,18.316530428354945,1.6741424339416024,0.27750998629350554,-6.8045366212739413,-1.8895743463688965,18.218803355939631,0,-6.8045366212739413,9.8474613839196117
1,-15.249515708004793,-17.018294855713066,0.98471617658988531,33.995061022877728,1.7550529711641216,-0.389181185083874,3.9095675533571139,-6.2284326948947779,33.419616995326955,-0.389181185083874,1.6085424868983234,21.400942164816367
1,74.639681558398991,-6.2728040083652274,0.43811663704779097,18.72550150835113,-0.22058536646850602,-0.25838444420982087,11.742405726308462,18.27177395256205,-4.0971555213019935,-0.25838444420982087,2.9202155133528946,3.6664143615486608
1,-18.129412648373446,87.084826343635456,-0.36782785893936243,32.145345447256339,2.8146117125260517,-0.56395772050091741,13.846940971596226,-30.442167251801553,10.324615583002828,-0.40000000000000002,1.7011016443958371,-5.177346900137648
1,-0.59383623714863631,-90.105612049587307,0.21008206322547265,45.799999999999997,0.30720890545414736,-0.37745461302764965,-3.6976705168255375,43.655703853286241,13.849892457133679,-0.37745461302764965,-3.6976705168255375,4.0815542674023062
1,87.307325268374001,-34.228383380795478,0.20462845458984572,41.677148597824775,0.43787483564032614,-0.59292099649995078,-3.5794211358799153,37.745110129475542,17.671767782509207,-0.40000000000000002,-3.5794211358799153,3.6149395883320667
1,73.965555123829205,30.501039361084167,0.92232905417803279,-11.087108686325385,-1.2950038940410362,0.33379313552634626,-5.9001216835942873,-3.0191251211298167,10.668123664701055,0,-5.9001216835942873,-6.1148464758361909
1,-76.201388972989491,50.002436170275104,0.7904197466859898,-13.793063221242971,-0.31932214261349534,-0.42304399240548252,0.376153278465301,-13.095802237546554,4.3299603670560538,-0.40000000000000002,0.376153278465301,-5.8228804352008066
1,48.742784686808392,71.3678719062043,-0.91000000000000003,21.198646259942024,-2.7708836684328899,0.11082573326953848,13.542643293429261,-19.758637722751317,-7.6797681342096915,0.11082573326953848,2.5795279250133376,-11.396964684588445
1,-80.547867586156627,74.701575529376896,-0.080485545886361545,37.717484259744587,0.51555315908186694,0.46591582332108594,8.0393015204134741,32.814970899858118,18.595330159089553,0.40000000000000002,1.4497918160030085,-1.2714965548804795
1,43.104821541144617,-60.60381839569402,0.73921802819001836,-15.702808918661592,-1.4714570175583492,-0.21026054456139026,2.5568102407757358,-1.5573418533784942,15.625392612274217,-0.21026054456139026,2.5568102407757358,-5.9830691292511871
1,-97.456321682976778,-61.312303995590042,0.25597755511536308,49.858190933117299,-0.8670637607381777,0.38160820804759377,1.3974447082843469,32.261640736538332,-38.013494184430222,0.38160820804759377,0,5.4536489788042699
1,31.011847595334956,-42.028837568545271,0.024005185177245071,-13.9,-2.5942240391956588,-0.045231893259955136,10.644659130733007,11.8691677523896,7.234145206286283,-0.045231893259955136,10.644659130733007,-0.1394821628734603
1,-23.077583246633495,16.484988643793244,-0.89431529320588321,13.005778587936383,0.54743339043196926,0.54159843282052178,-4.5333721101022473,11.105156330110123,6.7694740979074268,0.40000000000000002,-4.5333721101022473,-6.7703815316153797
1,77.278124209831191,41.228789750805049,-0.18399281678483245,26.01354332325181,-0.18293218323644478,0.37747925790628201,-0.41142944737106291,25.579494778830853,-4.7322175658420349,0.37747925790628201,-0.41142944737106291,-2.0232782830159954
1,-74.521620475510474,66.079979216760222,0.92797284141118996,1.1874585865567582,-1.273607855934253,0.41687551085090979,3.0633351762830578,0.34772716219073624,-1.1354046483356282,0,3.0633351762830578,0.66265245464354505
1,57.263100486468687,-86.815123571915237,0.017936543353567196,45.799999999999997,2.9226308193794654,0.452369512838383,-5.516879411418703,-44.706455471640602,9.9485093939854004,0.40000000000000002,-5.516879411418703,0.34337303517467027
1,-4.0298867656113373,-75.025244361203818,-0.74501193384093156,46.425583795850585,-0.0092853948796802754,-0.30381686870966496,-2.5806089452979144,46.423582436783917,-0.43107368357661263,-0.30381686870966496,-2.5806089452979144,-17.895981201932646
1,60.185966200767439,-67.798220308516477,0.28076258151852124,48.65235863262528,-0.14240381399522928,-0.0096863994955330712,13.705517694887995,48.159884860494991,-6.9048889014562036,-0.0096863994955330712,0,5.8638740704329226
1,82.872618705690343,-20.230150866832957,-0.82703052008974853,18.307573442054,-1.4971709677673553,0.067120172810285483,-5.037525147585793,1.346684237307429,-18.257975980408908,0.067120172810285483,-5.037525147585793,-8.3166692149390009
1,-58.658424668246781,-83.225805650719622,-0.91000000000000003,-13.640092335340716,1.3313391122460434,-0.24822976653454054,11.204732390863736,-3.2350938553067294,-13.250897579559552,0,11.204732390863736,7.3332819810366905
1,-99.868648328831739,-22.478916483692075,0.87364608202925598,-0.7903620254840753,2.9063693064486227,0.31649031052606913,-12.329523359598969,0.76859728282592132,-0.18420192224811566,0.31649031052606913,-11.5,-0.39445157919467339
1,93.543993245246014,43.197731229126163,0.40554962658714366,48.779764959574237,2.2807675452860927,0.41004252347991643,-3.9665419452921711,-31.795233423848458,36.993629195231655,0.40000000000000002,-3.9665419452921711,8.7532003940342253
1,-72.617336426883398,-23.160244399658353,-0.8027141804294583,34.559812544044718,3.1148008842316832,0.071742630154524312,0.60872102360709057,-34.547409788155328,0.92580776016422361,0.071742630154524312,0.60872102360709057,-14.953066594498221
1,99.886185087986831,82.395961777815245,0.89665565433347771,-13.9,-0.85511632998151166,-0.20731222243286668,-10.45622575256883,-9.1202170924853405,10.489596759930205,-0.20731222243286668,0,-7.2706742715541086
1,-98.204268130714723,78.015317058204658,0.83211150987199878,-6.0642557445146537,0.61647555116297736,0.20621838384252345,6.5279522593186101,-4.9479549832419671,-3.5061288080573934,0.20621838384252345,6.5279522593186101,-2.7830867363484129
1,-0.032618990774849976,-89.947809726980736,-0.91559146689441107,-13.110875140202555,0.027153390949623102,0.28360641788035346,4.4074561642678951,-13.106042069519141,-0.35596097254589171,0.28360641788035346,4.4074561642678951,7.1306891040497549
1,-52.669023650445993,79.498938759107205,0.23352860412120929,-16.51957136766341,-2.3673754109414364,0.039868449509099624,-12.598644471403398,11.810973541924911,11.549768056687306,0.039868449509099624,0,-1.6422947514093411
1,-17.995619376833005,9.3562282338773883,0.87928362737160293,-13.9,1.3738291546816246,0.5249428402376769,6.6181716956766223,-2.7201750730321832,-13.631237932486336,0.40000000000000002,6.6181716956766223,-7.0171624028942512
1,94.502063875769494,-96.59679059769158,-0.85017009946822875,33.055383002475907,1.7258628145633486,-0.38862971045571071,-1.1212973241761475,-5.1052647293974127,32.658760195132082,-0.38862971045571071,-1.1212973241761475,-15.731704586281573
1,97.907364806678174,37.480421852754574,0.045318623640072844,26.081967249274605,-0.67614978678416904,0.25802495180838436,-0.93152395228860208,20.34361981627892,-16.321952957993012,0.25802495180838436,-0.93152395228860208,0.49434471407947422
1,-1.3187810734772967,-43.763568210310531,-0.1739337813140989,7.4239912412170135,-1.6204313403063613,-0.42184001311782165,-1.6737106096934209,-0.36833862012549279,-7.4148481178370051,-0.40000000000000002,-1.6737106096934209,-0.54518954078698945
1,69.57883087153985,-31.224665692021603,-0.91000000000000003,42.770613959810397,0.74859179681712096,0.48274899819061023,-3.943466041104319,31.335806014438532,29.110009960915615,0.40000000000000002,-3.943466041104319,-22.994637056576732
1,30.053045587260499,91.954174674373178,0.10954089018305783,13.266896409669826,-2.2705943378097944,0.55846239533488162,4.6405384462777626,-8.544719548712532,-10.148808214699892,0.40000000000000002,4.121725105213276,0.60982177480244348
1,74.06339917222661,-34.752252712759613,0.59233276426056614,27.634135805578651,1.3072019421070005,-0.28306436205700092,0.24240258774408474,7.2001420935545202,26.679644217151555,-0.28306436205700092,0.24240258774408474,7.7720803761652615
1,-87.768116793476054,58.189622402621723,0.36334390560026869,-4.915678100816935,1.9411668109847158,0.19879783214976154,-4.9999147545062677,1.7792828746593508,-4.5823622339133276,0.19879783214976154,-4.9999147545062677,-0.78115978655912055
1,32.501925727164689,15.23971002540425,0.31666235714255903,-13.9,0.73641648449723807,-0.063618880261644639,-7.6955670683140198,-10.298233851410048,-9.3357581128514759,-0.063618880261644639,0,-1.9036734273828022
1,-27.163981535236644,-82.442147971768748,-0.071811124704446394,35.903494726769217,0.26676894021646547,0.1473136312492791,11.809759070707369,34.633505157029553,9.464737404342106,0.1473136312492791,1.5230411528499308,-1.0794219892703953
1,54.368077454148789,-47.727439954566321,0.77628499856116617,-15.713813492247308,1.2390339545572111,-0.14462163799038047,-4.9818060540449753,-5.1181430979151807,-14.856935945826674,-0.14462163799038047,0,-6.4488302017070875
1,38.896648755644236,27.576689748521659,-0.02345597493543039,19.789836871079466,1.1200123597141456,-0.13910780931981176,4.9655305731894899,8.6218643771285457,17.812947483399206,-0.13910780931981176,2.7631607251857684,-0.19403976550421054
1,-8.093406584758938,12.559712835512229,-0.30953457395020795,45.799999999999997,-3.0313969819859263,-0.0014562930739413504,-7.8408975406733763,-45.522204608215532,-5.0367536774950548,-0.0014562930739413504,-7.8408975406733763,-6.1217962452918391
1,31.380220871781972,78.704327521530502,-0.22860330590673697,-14.467192639130662,-0.91359274187682527,-0.47391865560768365,3.3674982406199589,-8.8380848242309504,11.45372950166953,-0.40000000000000002,3.3674982406199589,1.4068283559811194
1,-75.508636734784389,-27.625903242945142,-0.74667303012537289,46.871599234761334,-0.033553530764184103,-0.45855263273054403,-5.0750675160053085,46.845216762896428,-1.572412560788939,-0.40000000000000002,-5.0750675160053085,-18.128223642072136
1,97.254677644875898,-27.432526997865921,-0.44989130603510485,33.497530630916188,1.8266443650440998,-0.43159077670557766,2.2375851013320514,-8.4770838530145003,32.407153650361352,-0.40000000000000002,1.6324337636258885,-6.7608963668797086
1,64.342061452697266,49.284351680688161,0.91000000000000003,1.613781508353668,-2.2996650871312139,-0.2491113723465041,8.9461366829260278,-1.07482082639091,-1.2037653209245567,-0.2491113723465041,8.9461366829260278,0.86761251797967065
1,96.844304898120157,48.109092739861296,0.22335294626610896,45.37740846832844,0.90937923729335868,-0.33451309337869573,-3.6281105870482051,27.872425420173698,35.808338421356282,-0.33451309337869573,-3.6281105870482051,4.3077831451436275
1,-39.630573383862,-20.958187045360987,0.24735643434933735,49.480098417932652,-3.0018741874475268,0.23607237399909897,-1.5800334942343213,-48.997926886501631,-6.8908127440340383,0.23607237399909897,-1.5800334942343213,5.2222214502056028
1,31.929226138680662,34.618524947646279,0.59605920295245873,-2.4758764045861668,-0.22415807860647874,-0.37367310103995699,-2.718825166645999,-2.4139339373147948,0.55035163038408186,-0.37367310103995699,-2.718825166645999,-0.70195472503906575
1,-81.991797565550641,-7.4435127371729379,0.49057590260861705,-13.9,-1.6680514517648084,0.36066130264767837,8.8828889245130398,1.3497161583980768,13.834314811068857,0.36066130264767837,8.8828889245130398,-3.1029560593963397
1,29.488766850079344,-62.589613695581271,0.89145134147335636,42.982177597134623,2.0295095852341678,0.27371324687142051,6.912264406906246,-19.032282659712454,38.538809111756812,0.27371324687142051,1.2722133464835288,22.244312819553787
1,-40.431312261203246,34.4901376246479,0.39526232092683239,42.251739872066139,0.10869347221935177,-0.1945874177854896,-4.8484966492340007,42.002398748620713,4.5834508373722658,-0.1945874177854896,-4.8484966492340007,7.3675801658223019
1,-26.256500380368792,-15.696735913198339,-0.68975316129921393,16.865149648979042,2.2095946479855515,0.21781448790357949,5.0469521959008183,-10.05552755216223,13.53955827677418,0.21781448790357949,3.242337076049028,-5.8145759767742486
1,1.579085743959439,-81.496263551491353,0.96906018654795023,-13.9,-0.67361252310554809,0.54042187818377163,-11.594231565918413,-10.863867896671151,8.6710076879032911,0,0,-8.459999977272437
1,59.522137405594322,-11.79087117391056,0.73159918164704274,18.170963834973612,-0.92140170943578203,0.0068769881701420399,-8.5471879902826,10.988061048348913,-14.472264546009249,0.0068769881701420399,-8.5471879902826,6.8182624543134258
1,97.681740592310348,-32.967381021588523,-0.3854123677524165,2.9032150554954157,-1.7035687361718646,0.52772054138957214,-10.119694804076572,-0.38433532111772556,-2.8776629440218646,0.40000000000000002,-10.119694804076572,-0.49226837314882449
1,29.411714365049846,-14.438417471594462,0.93253410894796995,43.998353489986108,-1.9022952885917614,-0.47255622741440917,-11.097090120965078,-14.319736912272804,-41.602887454996008,-0.40000000000000002,-11.097090120965078,24.787797016239256
1,84.742033301919975,7.2454818315735849,-0.30201788574358091,-13.9,3.0827241478244947,0.26506578969558414,-9.9037521135220992,13.875921723064007,-0.81779969148955334,0.26506578969558414,0,1.8099059046003101
1,-92.159484202258795,88.757433695025981,0.10724177341509386,-8.047210693232234,-1.0187932959712467,-0.37249679387624324,-11.149833851602985,-4.2199074925140696,6.8520055966041671,-0.37249679387624324,-11.149833851602985,-0.36207132665819203
1,-97.664812837031917,43.036266744719683,0.30458574658518534,14.586177754004616,-1.5288291208650544,0.33666958849316531,-0.31903836247123962,0.61196145279848113,-14.573334712813946,0.33666958849316531,-0.31903836247123962,1.9164397884029689
1,35.196382237736287,98.009034623622398,0.071233185541834068,14.289842966340302,1.8715889225483107,-0.51707777032804858,-0.14553799941032253,-4.2337562258493193,13.648257039737622,-0.40000000000000002,-0.14553799941032253,0.42614817712955155
1,-60.964892129524429,-50.377134530529034,0.91000000000000003,-12.320079137442196,2.8885560413672833,0.29383763694874976,9.8831386051814789,11.927766986557476,-3.0842705243263038,0,9.8831386051814789,-6.6236072397741683
1,-11.863701207774866,-41.318517313001138,-0.3690604405774332,9.3329120306133539,-0.49359109349802832,0.32542416863212531,-11.880304054592163,8.2189086917799337,-4.4218533317322652,0.32542416863212531,-11.5,-1.5086883540990927
1,35.244943785246988,29.185683258434551,-0.44729720887108088,15.926951770931915,1.4136260161769254,-0.47368547585251985,-8.938919041462869,2.4929506121313927,15.730638574421095,-0.40000000000000002,-8.938919041462869,-3.1933112127016448
1,51.118198450988046,98.663559273814059,-0.38242154627208796,1.126577894548916,1.15054322413864,-0.56034425556653333,-5.6673573039920395,0.45963425602182523,1.0285495142080092,-0.40000000000000002,-5.6673573039920395,-0.18938423895683856
1,18.982442112527863,-30.235491301472763,0.60666055387524576,45.799999999999997,-0.91031839001836135,0.16012715817754664,10.197337600884083,28.098041150972236,-36.168219246712589,0.16012715817754664,0,13.283579085911622
1,-99.441898945558165,-72.505830507307053,-0.31865560626704487,-5.6976433210855255,2.2065784534522246,0.1495016044506472,13.73784427576355,3.3833004926723258,-4.5843666073508667,0.1495016044506472,11.5,0.78557990893650087
1,59.141844005063177,32.24127295158425,-0.86193749475256332,7.4512256302534468,-2.7226881220879657,-0.11827200068160859,3.8537131282843937,-6.806956010259551,-3.0308601530485126,-0.11827200068160859,3.8537131282843937,-3.6314953156536798
1,-62.366483076478204,93.185457441237162,0.37588428531834472,13.876841931675784,-0.21048121457914437,0.2608121675009506,0.97516554830219704,13.57058679582827,-2.8992957789102385,0.2608121675009506,0.97516554830219704,2.2888439347188578
1,-87.394928389545299,-61.844473766023,-0.91000000000000003,-2.24802475941841,-1.8837820955940965,-0.10216745794877397,-4.9924689060200578,0.69216844269592392,2.1388123260104193,0,-4.9924689060200578,1.2085988170662614
1,-79.320907909671078,61.560602468839221,0.63440811199314384,-18.398004506609041,0.21340898729700086,-0.07333267336406224,-6.5151163188769878,-17.980638341800994,-3.8965644671380111,-0.07333267336406224,0,-5.6584547626215302
1,71.672142433637191,64.807939084634938,0.084725017402941527,-3.382741300003584,-1.1193439144600594,-0.5706003128960816,10.854697138049396,-1.4757983411711832,3.0438393451275187,-0.40000000000000002,10.854697138049396,-0.12007061819173397
1,71.631105022631772,59.672381495671544,-0.40305906546350095,29.265670828504966,2.2776611382314238,-0.013038655610995264,9.5842003499238047,-19.006676659182268,22.253667819388841,-0.013038655610995264,1.8684861290361696,-5.2154875840568193
1,-3.8066949874839793,-32.921185363714756,-0.91000000000000003,-0.21367074800642882,1.6785329764880759,0.3980506194955169,-10.047315329527748,0.022975663133470981,-0.21243188898374948,0.3980506194955169,-10.047315329527748,0.11487516416369158
1,-7.342725586213561,91.264300353921811,-0.67181754408986694,8.7745982750989917,2.7752333104231566,0.56044869103733397,6.4331521070599464,-8.1922955912941831,3.1432257052639572,0.40000000000000002,6.2319092322643215,-2.9162729498086235
1,-25.469077324625971,-99.463338681182094,0.3548087672735819,0.27933641594284353,2.0920194230485398,-0.26869791213332428,-11.780129555079597,-0.13909310800993965,0.24224355631456651,-0.26869791213332428,-11.5,0.043253041808682544
1,44.797127162606586,-98.858665208706725,-0.36918653064093665,4.2377489941849724,-1.6963751863278766,0.47576312751185601,9.9365313440724563,-0.53077405915219933,-4.2043781271249667,0.40000000000000002,9.9365313440724563,-0.68529936852479745
1,-55.476493829776842,75.019495845851083,0.25832067630668509,45.799999999999997,1.6381613925384686,0.015519189727850158,-9.4914876306834621,-3.0829869833382886,45.696117901420969,0.015519189727850158,-9.4914876306834621,5.0577040573944023
1,-87.788789645006801,-18.724726896185899,-0.24165436472511342,4.8343468427274274,-0.32221886173704162,-0.25550418893173676,-3.2395189355886966,4.5855476767453611,-1.5309023156569674,-0.25550418893173676,-3.2395189355886966,-0.49798785867662987
1,23.806194595778692,-0.53386098056036246,-0.33557983768034982,8.2626733486448991,-1.9001016035817793,0.35431158742257862,0.36922203611938187,-2.6720305094355643,-7.818697066842546,0.35431158742257862,0.36922203611938187,-1.2044167070517917
1,50.427590794008097,69.811900027186795,-0.083353749246339356,33.500704540993446,1.9556203286070213,0.2028182759700623,6.1916216260512584,-12.576031020800865,31.050614301601076,0.2028182759700623,1.6322791042524867,-1.1697738216330178
1,-49.108436780172383,-48.432849600658741,0.91000000000000003,32.443989930733082,-2.3867825366583091,-0.12370916845407404,-13.443424945572968,-23.632255952822405,-22.229011701058589,-0.12370916845407404,-11.5,17.442765114979533
1,55.109909450127248,-74.227602345202868,0.31427303018734531,36.107700525845601,0.88647338262795206,0.40595188433101093,-12.992850085671297,22.825430228422295,27.977951536014508,0.40000000000000002,-11.5,4.9052295799362042
1,-7.6030843169378102,-65.56696284785977,-0.61387581075666942,0.083185320122954209,0.24423930826573459,-0.18725790856874225,4.3430928886877744,0.080716509163257108,0.020115730969969783,-0.18725790856874225,4.3430928886877744,-0.024500141831678195
1,-50.73179012177134,41.413766264532512,0.062711760374240269,31.472346449185594,1.4742642690740855,0.26636101567751003,-12.083397783171057,3.0333741857483774,31.325823725271782,0.26636101567751003,-11.5,0.82596823377650896
1,-45.536184554420302,-13.172693719827095,0.91000000000000003,23.264788796138554,0.11059382235888826,0.021323602256973162,-7.0571628011594489,23.122658010717888,2.5677001866101734,0,-7.0571628011594489,12.507778706843007
1,-12.511189994644084,-92.273738022194848,-0.2730969646208381,38.569361515508923,-0.30027433505598289,-0.35836487730114142,-13.652452828191469,36.843590153530251,-11.408133603386197,-0.35836487730114142,-11.5,-4.5150594290385548
1,7.4993041946491417,-28.360046275467823,0.95501413260672519,2.0290359276989385,-2.8060282640047176,0.48106073976099839,12.198407799783876,-1.915865648037953,-0.66816585857196131,0,11.5,1.1985094759036095
1,-25.271850605877049,-66.556601518182987,-0.62776170083231397,11.3497717577205,1.0157437259238424,0.33839527338286468,7.2715444926828425,5.9811935755540659,9.6458614112012135,0.33839527338286468,4.8179382957902304,-3.4423490951774949
1,-54.080517371193679,2.9202265230467788,-0.91000000000000003,-18.68821931675215,1.2744850448988982,-0.13629164761845763,-1.4205293293236156,-5.4568523427805404,-17.873788175429368,0,0,10.047291367531427
1,-46.282213419198449,-42.012968341720679,0.68211972440371682,-18.233976813671987,3.0962445277260615,-0.32695666805248924,-12.680831441076322,18.21523137264996,-0.82659329924472535,-0.32695666805248924,0,-6.1893562069525769
1,-69.316529520193427,67.938963912940068,-0.16723865886907566,28.71466478861668,-1.9072213241134883,0.24513512117134106,-9.4693758136662627,-9.4791305912367161,-27.104945252792945,0.24513512117134106,-9.4693758136662627,-2.0259621826109933
1,46.271777479007028,67.738807251120988,0.76421378114277916,-4.9009668296079703,-1.5397170905944721,-0.48860873378477299,2.4119552852298085,-0.1522937857031163,4.8986000518264206,-0.40000000000000002,2.4119552852298085,-1.9633201120604427
1,56.266880279862164,-7.3780705352331353,0.91000000000000003,15.948974650152053,-0.018652228653431191,-0.015282894104612588,-1.2715324015567671,15.946200361519425,-0.2974666728737364,-0.015282894104612588,-1.2715324015567671,8.5745994632997107
1,-47.021686755769565,-50.363932971762893,-0.67886971053593759,2.148289551163284,1.777040236622363,-0.46315456942123945,-8.2482304063267069,-0.43993718717702568,2.1027608677584122,-0.40000000000000002,-8.2482304063267069,-0.7243870412383927
1,-51.967441743261531,-25.323395535860385,0.052880248346830479,3.4406096461566058,0.01269998515498294,0.20920212914995329,13.222218798333667,3.4403321825697186,0.043694516829486794,0.20920212914995329,11.5,0.076111335513699738
1,-9.6725920822476184,-16.857334474729569,0.70598290190960833,12.249430040095135,-1.6403279460932789,0.54211851888402107,-12.077527387553642,-0.85103657574352942,-12.219831138519542,0.40000000000000002,-11.5,4.3647580562708432
1,17.912484283971381,-44.270544959214853,-0.91000000000000003,29.648584815952248,2.7454668476082844,-0.10865407329237897,2.6951003485736997,-27.35268024302901,11.439819277913644,0,1.8443544722100327,-15.939879837230565
1,-79.399282776442021,-21.190650595465385,-0.818765258491569,46.816663362207137,2.4226343011445302,0.53399281190768388,11.311318161296899,-35.229172492391939,30.833510566776585,0.40000000000000002,0,-20.917976230274622
1,-93.629192319097299,-9.638090815529381,0.65584147149096872,-2.5024414699506963,-2.7446236090998517,0.55264106865908003,-13.770751588516454,2.3078442918909543,0.96750609037635538,0.40000000000000002,-11.5,-0.80476117549239423
1,-97.261814375240078,-0.18438799393607042,-0.34938784636578579,-4.7530773747997923,-2.6637576361632411,0.47992698714002546,5.2535818324871251,4.2206974748680759,2.1857395445194134,0.40000000000000002,5.2535818324871251,0.72375416218192001
1,59.371527256403539,-34.711781473742548,0.91000000000000003,43.117305567595714,2.1816989225402024,0.51527735942804631,3.3569686207220286,-24.732389909973833,35.318705083148856,0,1.2682262789884524,23.181027827096781
1,-30.543217629431666,-82.741615508447808,0.80197326856824225,50.714984002986284,2.3110191047507493,0.19775204827678317,-7.5040609210361522,-34.204843154018874,37.443801986872579,0.19775204827678317,-7.5040609210361522,21.91044834538603
1,83.837675401748697,-31.577056781210985,0.13398828119511358,3.114525183948583,-1.9084671948830099,-0.54814899135796991,-4.4095215429263472,-1.0318122615792515,-2.938644343622526,-0.40000000000000002,-4.4095215429263472,0.17546234462975341
1,-8.3897384461755848,94.421324063922697,0.97987357184479673,-3.6245189504731741,-3.0994062403298837,-0.24592420927799452,8.9931544142231559,3.6212941624342458,0.15286010420908561,-0.24592420927799452,8.9931544142231559,-2.2579408347417718
1,66.911487374852385,-71.389668333520177,-0.91000000000000003,49.622209497488399,0.58022662492656618,0.066597901313607544,5.4234185492655591,41.500960910893198,27.203564451835028,0.066597901313607544,0,-26.678239840380794
1,-51.839793610183825,-41.62010103560354,-0.38670562488756333,8.8115958024131302,-2.0374564015556311,0.48528360772474388,10.847876119574877,-3.9643897637463059,-7.8694240187073552,0.40000000000000002,6.2057431169306163,-1.4996413905823265
1,-1.944897893033442,-43.843454679592966,-0.28024677714147683,31.99134719699164,-0.94496459923883425,0.5581868275783054,-4.4390791030287033,18.739621701495594,-25.92822543027772,0.40000000000000002,-4.4390791030287033,-3.8483200463339062
1,-40.481225843193556,61.78800650955597,0.1574902083000137,50.882686660876914,-2.4248019131115424,0.27999662162586059,8.5872558299177655,-38.36137287834741,-33.428324407863663,0.27999662162586059,0,3.3771513542314024
1,42.187747759617167,95.442214473030987,-0.91000000000000003,53.128976015225888,-1.3926470706188312,0.025873052473323943,-8.0059227571572418,9.4149021730221154,-52.288122068963915,0.025873052473323943,-8.0059227571572418,-28.563572218197486
1,55.68937287363326,-96.602308059953472,-0.1222494183358407,33.976027836012037,2.7785443960110294,-0.30331984961613201,-5.8183939458267275,-31.761424631165099,12.065752065755529,-0.30331984961613201,-5.8183939458267275,-1.7446401422657409
1,47.287373278131042,-33.43667826679193,0.66548879575831665,47.066114278294279,-0.23346755397257546,0.40152609747994583,-3.9953607962821884,45.789211472388601,-10.888857882915575,0.40000000000000002,-3.9953607962821884,15.440409862077072
1,-6.2657097721902772,79.311009533604107,0.61122262455638465,38.650709248147699,-0.72558378501283993,0.29989838402719649,3.9129670592557098,28.915065809554555,-25.647539738032947,0.29989838402719649,1.4147864570588859,11.319570047978605
1,21.207975410933599,7.3651848177477461,0.91000000000000003,19.883796342033705,-2.4459241829451366,0.58974070932886102,13.064928565905085,-15.263308141661028,-12.743499579949658,0,2.7501036049339809,10.690065862079573
1,6.2977691946264542,-74.859099130953496,-0.9259760919870722,50.820985330720447,2.0141947946320578,-0.080441893899884542,5.9693386366823162,-21.802800812244651,45.906540130213322,0,0,-28.242564985426487
1,-90.06694139167908,64.494162561887521,0.65510108296709546,20.352972873820256,1.219178750889431,0.4921697341333876,-6.4361614531285571,7.0099071076702435,19.107713289253045,0.40000000000000002,-6.4361614531285571,6.5352996924079596
1,-28.989779655093614,-17.962398085697814,0.57091300328521544,45.483822091500812,-1.0430874982406069,-0.59312694263983645,-7.5163929603286395,22.903614089456294,-39.296342497649277,-0.40000000000000002,-7.5163929603286395,12.2090382771571
1,53.111249229873835,-14.609476616160791,0.91000000000000003,-11.869714639968251,0.42860299859307016,-0.25847206033382203,-3.910247423872887,-10.796066090765402,-4.9330601656681727,-0.25847206033382203,-3.910247423872887,-6.3814791241405713
1,-15.46389699171516,11.406974634140539,-0.060424425293307674,24.739151612976094,2.4966757286359327,-0.27911794837591036,0.5337349936618665,-19.77028580681166,14.871496953797193,-0.27911794837591036,0.5337349936618665,-0.62552074076273168
1,92.401517288242019,-0.24845198819404857,0.37482666740227066,-13.490788328727614,-1.6000934356965795,0.31251693917580436,8.8362653152775295,0.39518455666778129,13.484999032135839,0.31251693917580436,8.8362653152775295,-2.218279206639763
1,-82.217861318991083,5.5196977610037408,0.26150069642881441,48.712207983611762,1.5261234125449832,0.50018176015013227,3.9605098952696096,2.1753925609953182,48.66360933843908,0.40000000000000002,0,5.4486197423575042
1,14.322006303468598,10.959379431302423,0.20482830248106609,-13.9,2.5448470562782406,0.39252144768576103,6.6414737325587119,11.497646528945825,-7.8111538389293056,0.39252144768576103,6.6414737325587119,-1.2068515957608894
1,53.923521430712242,-7.2766695960094268,0.84841726023380093,-15.037810768590974,1.5821362042874538,-0.24458699429178227,-0.91452819896981197,0.17052327713902476,-15.036843901693747,-0.24458699429178227,0,-7.1315378260700406
1,-41.774690772623991,-2.3076410284296855,0.64983062638032707,-17.361484357073429,2.2085532279327902,-0.2759601664551703,9.0460833223670392,10.336936818929496,-13.948794796768828,-0.2759601664551703,9.0460833223670392,-5.5141671315631013
1,10.763618241858453,30.781040626837495,-0.51142202467877063,2.7363209901622341,2.3880502007921089,0.4553604839307529,-6.9954709954582786,-1.9955157408514108,1.8722631997709813,0.40000000000000002,-6.9954709954582786,-0.64183160372696058
1,-22.77129341833259,55.208373095790705,0.91000000000000003,27.624476597854859,2.4976878789133012,-0.024966511912834499,11.650949658980462,-22.092888842698411,16.583605455075286,-0.024966511912834499,1.9794945184317554,14.851664599494706
1,-38.889662787229426,17.073170037316231,-0.6682862431722516,37.315081258806906,-0.018402778821300814,-0.42505747256332704,7.1185424857497139,37.308762832096342,-0.68666242779739539,-0.40000000000000002,1.4654262607854867,-12.312169751588268
1,-48.045671669529867,60.11693748246941,0.48334794684146942,-9.1097433508090511,2.590123083533233,0.44410814731689252,0.052134146151024297,7.7592737864127939,-4.772954454538298,0.40000000000000002,0.052134146151024297,-1.9983718015203191
1,-64.722301072512295,-0.80223105077369894,-0.26547432495945195,13.393893297076723,-1.6908834825524686,-0.40566042999882901,-3.3425598745491847,-1.6045714847368346,-13.297433135904321,-0.40000000000000002,-3.3425598745491847,-1.5220133099177557
1,39.227326952448493,30.281302370311721,0.91000000000000003,15.276560411816533,2.9861387113146529,0.46295348016325188,3.7450489770279312,-15.09234570631841,2.3652482104109893,0,3.5795034042939848,8.2130914106744051
1,59.774824763608763,-43.104086855183212,0.79604055009312813,13.333501739971076,0.16777887824108362,0.5758415631128021,2.7663914274938044,13.146274176094472,2.2265991863744379,0.40000000000000002,2.7663914274938044,5.6925146923885732
1,-37.528540922281863,66.208804219097402,0.013596179508645577,39.048069398130792,-3.0250663003086511,-0.31409239186636362,-9.0370781550047692,-38.783264260093851,-4.5398388796261804,-0.31409239186636362,-9.0370781550047692,0.22190066246657611
1,-95.220992497137445,-40.250983572691148,-0.48578442110225079,50.914861838111818,0.46741094251853532,0.24370735703272106,7.6659496605414041,45.453624154147278,22.941037623602252,0.24370735703272106,0,-11.235226031974781
1,70.470515331376731,-75.581565897685252,-0.91000000000000003,-3.4869618078977709,-2.7330480687068035,-0.3221042827064024,-0.20756727612493009,3.1999848278003147,1.3852796654775092,0,-0.20756727612493009,1.8746848309939328
1,4.2438150149525171,38.683479392724081,0.45816180041074017,22.297925679646134,0.79461356052235077,-0.19642638413449764,-11.403557980255965,15.621047720709678,15.91164220696071,-0.19642638413449764,-11.403557980255965,4.595882806850387
1,26.890654604022515,59.435518977612247,-0.5987541175204496,38.70312867380045,-2.8620476307197813,0.48098364317876763,-3.2969538790107649,-37.200714798810175,-10.67890385752864,0.40000000000000002,-3.2969538790107649,-11.036790039414832
1,9.4625642256189337,63.615443842520506,0.85318721143439658,24.588912520992842,0.78810832909505502,0.20948618443377065,-9.5871594551402168,17.339801374457011,17.434044489429795,0.20948618443377065,-9.5871594551402168,11.773802334898194
1,-84.882452443105151,-73.361796107276547,0.20912295784590754,-13.9,-0.1269253741468499,-0.2849943046555436,7.4290403833009009,-13.788185380904149,1.75952945466142,-0.2849943046555436,7.4290403833009009,-1.2329010320588283
1,99.395929690408025,-37.405602708415373,-0.75595823708246268,-18.963580826198921,0.061511361286684441,-0.34794345076465755,-8.1536347282513848,-18.927716383309001,-1.1657402218313353,-0.34794345076465755,0,7.4722216250200679
1,-92.199519806606631,67.460784222381989,-0.19558843570531179,39.234930312522032,3.0804408467516842,0.070994661718007168,-3.9196842796811104,-39.161592806951056,2.3977917864192495,0.070994661718007168,-3.9196842796811104,-3.2487729818071767
1,-35.332854558723298,70.331434729205142,-0.53266053311143491,-6.2786746446049797,-3.1211366984749747,0.34317432052968866,4.6880771656755016,6.2773610469537227,0.12842732962078918,0.34317432052968866,4.6880771656755016,1.5469083519725866
1,47.012443040615153,34.634204354562883,0.91000000000000003,-14.783912474622614,-1.1718600687640632,0.43354808418642243,-8.1156017230066269,-5.7426385820155526,13.623001511181322,0,0,-7.9482305760113805
1,-82.595300294563486,-64.103605868456214,-0.77076127851904797,28.427079780900023,1.6735281385019212,0.00028644853060533215,4.5322934355794793,-2.9152312797744173,28.277204449080177,0.00028644853060533215,1.9236059567659436,-11.53804892258688
1,-60.448028130971629,39.698957660152558,0.46837427779174751,25.491317240862521,-2.4131336128014489,-0.27622522470461647,-1.4521618006438928,-19.021649886237178,-16.970093997373972,-0.27622522470461647,-1.4521618006438928,5.3900345229758679
1,30.454000868036303,48.391498293774163,-0.77188908334206208,-12.050701231257312,-0.81247334988874353,-0.13217469718939573,-8.1871719698307643,-8.287326407940995,8.7486925407897544,-0.13217469718939573,-8.1871719698307643,4.9022158993424094
1,86.721302531949817,-91.883990446447513,-0.91000000000000003,23.527637606940914,2.5680948711852212,0.58877720475508399,-4.304047627046673,-19.763411184969286,12.765473344039043,0.40000000000000002,-4.304047627046673,-12.64909332558644
1,30.225306104304877,-42.219081686374494,0.45206751062301426,41.863348555061364,0.77224497590206065,0.45229054806652946,-11.002670474354751,29.988644585843478,29.209949471824135,0.40000000000000002,-11.002670474354751,8.4963968524337687
1,68.992036543962882,55.69801524676015,-0.040093478027258614,-18.30159453252627,-2.8523541127154193,0.29497356025697852,5.3635974369503074,17.541370794497894,5.2200261573034084,0.29497356025697852,5.3635974369503074,0.30683919660093473
1,37.871960705051379,-32.902904589557295,-0.74824496099728754,19.387631144416318,0.024493734101657783,0.57111870415746868,3.7990916880631005,19.3818156982746,0.47482800049898316,0.40000000000000002,2.8204838225297411,-7.5221073930983042
1,-75.765712168911506,70.154012205587094,-0.91000000000000003,-15.050191887103662,1.5242918631132527,0.40211381510954036,2.1863953067496098,-0.69964885400746135,-15.03392055718424,0.40000000000000002,2.1863953067496098,8.0913895788583758
1,-33.957892878562589,-0.65879868272602948,0.061216050483766174,35.131124476954298,-0.18995443981313498,0.19396472494804295,-7.9460986660168382,34.499215268878466,-6.6332535641901016,0.19396472494804295,-7.9460986660168382,0.89994445471611773
1,-64.151550719738125,71.448941163359621,-0.95080129596129936,-13.357970847390401,1.3624271153289591,0.29996520854359621,-1.5615912021134442,-2.7632921210768928,-13.069032168195402,0.29996520854359621,-1.5615912021134442,7.8201948547987739
1,72.597373237629114,1.8309877100004144,-0.79525212944298129,14.895489916788726,0.82835580814582821,-0.15096790004434713,-9.7975723212069514,10.070664192224688,10.975306036215942,-0.15096790004434713,-9.7975723212069514,-6.349357383546014
1,-30.874758485347485,-48.296084496827696,0.25351045209820777,45.799999999999997,1.2314499171314566,-0.21850619565984736,2.1270622752374067,15.245484729212237,43.188137206545001,-0.21850619565984736,0,4.9593241653960991
1,-25.010009453462771,-4.3012194941626234,-0.48099755052179299,36.505871619636508,2.6865600016578197,0.26205823383663529,6.6172880041639104,-32.791277924659774,16.044025516593479,0.26205823383663529,1.4979097217497002,-7.9624786080240648
1,-22.848302241540978,97.661167641059762,-0.32163760863038604,43.025307696417762,2.4875103191819443,0.19094959778018183,9.2809899380953134,-34.145168093989234,26.177941061218799,0.19094959778018183,1.2709380345594321,-5.9917623592261524
1,-75.045139552057947,97.717125250642653,0.088174975422858376,34.981476670609993,1.8862827930678767,-0.42906914303632071,-7.2067971162490307,-10.854016372772938,33.254985169685582,-0.40000000000000002,-7.2067971162490307,1.2924877450459811
1,-70.229254712656768,92.127532351331837,-0.91000000000000003,37.206354616378256,-0.96797912110439421,0.59396943374140687,7.0724016991335006,21.094714605009081,-30.648423117232444,0.40000000000000002,1.469708617353465,-20.003140974450933
1,-82.419904268927382,25.890654893557908,-0.27487359833388852,-12.763363826835585,1.7185825353456936,0.48905051283490597,-3.7802991082442805,1.8793904556570828,-12.624236519146818,0.40000000000000002,-3.7802991082442805,1.5043481582719307
1,87.97654398871444,83.767080191249164,0.87613568990277868,2.2656345664421629,-2.1677063107611376,0.43295282821733594,5.7033499923863538,-1.273489358749321,-1.8738529402836848,0.40000000000000002,5.7033499923863538,1.1364623440307962
1,7.3328186576170395,1.3536006273171779,0.40528033788811568,43.030928580773207,-0.83547599691907593,0.43830022111882572,11.230750004521539,28.866211984149221,-31.912421096020971,0.40000000000000002,1.2707720191851233,7.7158753113674532
1,-44.897735352881263,-63.228540995225949,-0.91000000000000003,37.912687689702693,-1.9024955548828089,0.087966747181915106,-6.1664348414938051,-12.346270595306134,-35.846080542290998,0.087966747181915106,-6.1664348414938051,-20.382884708721697
1,-35.057592198632875,54.818749805194841,-0.51595782412122881,-12.612802403037817,-3.0058843479391473,-0.020807686291248961,2.8785741204106934,12.496837164328891,1.7064130057886868,-0.020807686291248961,2.8785741204106934,2.9899812555556826
1,81.295232175440873,98.867382063136375,-0.90166235575404474,2.0479192158359076,2.2010458492133802,-0.39636225785509616,7.3963901145381072,-1.206933736610138,1.6544739556796439,-0.39636225785509616,7.3963901145381072,-1.0822722796765682
1,-3.823013098894549,84.576098062494225,-0.098366819642492651,-7.2016744866740225,2.3703483588366954,-0.13015803004397669,-12.226138522136084,5.1639168803637663,-5.019768706295709,-0.13015803004397669,-11.5,0.29703075451175098
1,2.2788545427355302,-54.944010646771567,0.80190764254904412,-13.9,0.27515830399873842,0.23552826227121804,-0.49819718942310942,-13.377112560584333,-3.7766201214123831,0.23552826227121804,0,-6.0044431686440261
1,-90.035862234234671,-48.985164446398777,-0.50493581420722011,2.2645075597574618,2.8471007459440507,-0.59028292913308056,6.369114938396585,-2.1670199239496424,0.6572816271614329,-0.40000000000000002,6.369114938396585,-0.52311987242619429
1,19.048157204314919,-55.823498728291376,0.57840390476025205,10.353251462519523,1.0558592894443484,0.24939090863174807,6.5679142772215293,5.0987698199173268,9.0106804498696373,0.24939090863174807,5.2816740903048345,2.8250875119143632
1,73.26310326506055,14.491599297737181,-0.016562985549363574,52.7811938160675,1.1458184356075369,-0.27025639849560734,12.421582564063733,21.761719972277522,48.086193075533231,-0.27025639849560734,0,-0.36540369000809197
1,-42.275111218406302,96.476242787798043,-0.91000000000000003,47.119304021256639,-2.4790687475075694,0.036418902424930621,-10.906772341326135,-37.150850911397448,-28.983496821583341,0.036418902424930621,-10.906772341326135,-25.332610267072635
1,-86.780993806240645,-23.45793733052372,-0.62104480449367305,37.31130280842428,-1.9373850729164059,0.42032568415740379,-11.693486073412991,-13.373599545386236,-34.832171228069818,0.40000000000000002,-11.5,-11.157267337920681
1,37.382782200604453,40.665631132838968,-0.32717306279816266,44.21828317027142,3.0862272709178908,-0.57189521346706995,4.614910292469613,-44.150528762708014,2.4469116248040481,-0.40000000000000002,1.2366490980537168,-6.2717656902936021
1,42.804292468533333,-85.557502289645555,0.49040502405126168,36.113046195795498,-2.6141917777310351,0.32736239168827341,3.1295725636211742,-31.205936814265208,-18.175302283146404,0.32736239168827341,1.5142034738228887,8.0583541543569996
1,6.6915975480928722,-81.91524554161478,-0.47512643131669752,-13.9,1.5606286684664719,-0.19113370251092404,8.609400541949455,-0.1413280156239714,-13.899281506322541,-0.19113370251092404,8.609400541949455,2.9885336532512476
1,56.072024928952601,11.99662049933994,-0.012059894151588186,-12.517626467831191,-1.6670071492843959,0.55542363291302721,5.0958589442406073,1.2024740114692303,12.459736298970739,0.40000000000000002,5.0958589442406073,0.063096013387103592
1,-24.003540285038838,88.492999783316236,-0.32764315278835093,44.149930348196236,-1.2747592688470228,0.58123342347188334,-12.250474680043531,12.879945399476513,-42.229413401763978,0.40000000000000002,-11.5,-6.2717454642075738
1,-15.219570742823237,27.237089516246684,0.46961073845118656,1.855069995276633,-2.8536337396825737,-0.33175249427753306,-11.08752825878341,-1.7786884754531282,-0.52683203648399524,-0.33175249427753306,-11.08752825878341,0.39345171173417026
1,-0.33352300064295548,-34.297317742272611,0.91000000000000003,-3.4068761241434125,-1.6580272078074725,0.52221335870153551,0.20984701821441654,0.29680805808789079,3.39392249497724,0,0.20984701821441654,-1.8316286047473405
1,64.230252440752338,-47.356145968228212,0.30124132293702061,32.828724244058549,-2.6477673784127913,-0.039305098500363789,-9.2398282996984271,-28.906549643149695,-15.560736589909871,-0.039305098500363789,-9.2398282996984271,4.2629110803968366
1,25.317166972545607,-17.127052742110749,-0.96009531909426249,48.97632249121898,-2.2842828760257738,0.31349832379108611,0.9241468938154469,-32.053723310877089,-37.030244215689649,0.31349832379108611,0,-29.24331371922462
1,90.162941990224084,85.42822206057437,-0.65206188555951194,53.670386793826054,2.0523976671886262,0.037900825247136449,-5.5873839731898887,-24.860067542418125,47.565612162415263,0.037900825247136449,-5.5873839731898887,-17.125296148450754
1,23.362533771966113,-86.786518264017772,-0.91000000000000003,-8.6488652584318491,-3.0562337627567056,0.25861944555570671,-4.4040991756124512,8.6173759624048945,0.73736136397001006,0.25861944555570671,-4.4040991756124512,4.6498635197463445
1,23.165865613267343,69.347454235829758,0.56045359036390774,42.647775169983085,0.99820828841989862,0.51273652629055178,11.111793500496628,23.10695315618235,35.845521934928222,0.40000000000000002,1.2821888077877355,11.186184031372029
1,-22.234776023074488,-49.560178362968507,-0.91434984758376436,0.073568247893945227,-2.0301517481065599,0.44816807337238085,-13.299957883411228,-0.032617986323694219,-0.065942050820188128,0.40000000000000002,-11.5,-0.039909337811118599
1,-55.337827710026247,-48.329377839202813,-0.6369173968414501,37.018229136345916,2.9372111564841816,0.31518250297628148,-1.4373766341341092,-36.247757780423356,7.513277865403877,0.31518250297628148,-1.4373766341341092,-11.445211705326756
1,96.232614246855178,58.2156087981177,-0.72832400622790994,45.799999999999997,-2.7025307882794287,0.248211288413414,-3.471141786003523,-41.455909095556386,-19.469144846678937,0.248211288413414,-3.471141786003523,-17.072568610164033
1,-73.966994629323693,-96.06002276553096,0.44024897454352763,2.1584587960761681,-1.2837443989961494,0.43241292491445871,10.954463642300741,0.61111583627120469,-2.0701405288088846,0.40000000000000002,10.954463642300741,0.42496988939297203
1,-61.074257109807206,-29.147573660910979,0.3667108763844108,36.091476299616083,2.5084564930891293,0.5835361992439162,-1.5944636575873137,-29.096077852096908,21.354458904651864,0.40000000000000002,-1.5944636575873137,5.7935703545207318
1,99.400452298875678,-40.848765792715483,0.55250120684497972,50.008505020429439,0.968054360867594,-0.13202450420630646,-0.97765934097073526,28.349991029802801,41.19622049397757,-0.13202450420630646,-0.97765934097073526,12.886319675670222
1,-96.186998609611024,53.306302748985416,-0.076238940051658655,45.799999999999997,1.2313002708873713,0.40871651815231969,-9.7074828769088839,15.251947501006436,43.185855293446991,0.40000000000000002,-9.7074828769088839,-1.4621781134932432
1,-5.645075261993199,-59.834523420177945,0.19245225048283915,50.247006043482145,0.5949579000713987,0.54900551353028704,10.306114629095056,41.613168286838928,28.162134888267158,0.40000000000000002,0,4.0922030083586973
1,-47.541056265929612,74.116641253618468,0.79871126432699091,10.789153978808621,1.8101047494481648,0.42165267148056162,-3.0456470590012366,-2.5573619531742615,10.48168609618217,0.40000000000000002,-3.0456470590012366,4.6309250373235669
1,74.124074982858673,83.88445872201109,-0.42811174850844103,-1.9775327671274887,-0.83463153089880437,0.44944969247019773,-3.3210028165160779,-1.3278159228201634,1.4654489824515011,0.40000000000000002,-3.3210028165160779,0.37715972321232244
1,-55.739775690136838,-46.510107799496666,0.91000000000000003,22.486113146830519,-1.4661741412638456,-0.28791529871132338,0.4345826151834995,2.3482568988540771,-22.363161091157227,-0.28791529871132338,0.4345826151834995,12.08914165016065
1,-65.040359120194296,-11.206588280913806,-0.79979533542090919,38.528454311583204,0.89109647735009556,-0.43437153230260428,-2.5426244419998625,24.217430093264515,29.965945193128828,-0.40000000000000002,-2.5426244419998625,-16.57310645559069
1,78.504801928920813,57.001749607646531,0.12644999886951003,21.273135974861816,-2.3818949111417709,0.39986827320364171,1.3942199466180973,-15.4239640530093,-14.650858237538065,0.39986827320364171,1.3942199466180973,1.1302880434247586
1,-5.6038488504033523,39.983161557003399,0.35668297732046317,-8.0017797443299923,1.8689503566901884,0.36697367845416651,-7.9203214565640137,2.3505722633467236,-7.6487442833157138,0.36697367845416651,-7.9203214565640137,-1.2461456801638218
1,33.73756259455476,70.310462199075687,-0.91000000000000003,22.632042740669213,-0.59396197102238935,0.5035650224186673,10.67514060947552,18.75584999442037,-12.66599579986822,0.40000000000000002,2.4161539736639379,-12.16759734053927
1,-65.376251382676145,51.874826177882227,-0.2403571568877059,19.615505233745374,2.4563150403202423,-0.40698670016088323,6.8529209243702525,-15.18717504961317,12.414417408299888,-0.40000000000000002,2.7877181519611032,-2.0093233432827202
1,83.385323300333027,-4.170350924778262,0.38872944729051206,-17.260896586330198,-1.4502898361657799,-0.56377614098653439,7.8916435496398272,-2.0750193767191702,17.13571841360103,-0.40000000000000002,7.8916435496398272,-2.9546589159819212
1,-61.052156218998689,21.399593601943963,-0.32473892697550621,18.512045599608001,-0.64568948007717619,0.36792046679558044,4.6572662709756685,14.7852943002594,-11.139609721021777,0.36792046679558044,2.9538874948081326,-2.6046989130564784
1,-87.229673730306473,75.991864283785674,0.44390144781156798,-13.9,2.7372710517761982,0.17220262187379909,11.8092912672012,12.779235872930519,-5.4681926176759523,0.17220262187379909,11.5,-2.7626849193885366
1,-16.189907964138442,-28.877840945856391,0.41300157253319725,25.436653755017112,-0.064920479959375665,-0.3330743012903648,-2.0250123798348891,25.383069044696093,-1.6502000256990419,-0.3330743012903648,-2.0250123798348891,4.6585649174406729
1,-21.280389674575844,-43.108809037647113,0.015298326007704461,-17.659080481110561,0.84297223239928076,0.37413567804028836,3.2043568751053719,-11.747643751702409,-13.184687699047988,0.37413567804028836,3.2043568751053719,-0.11291750158920195
1,-48.751623127446074,-24.740788722808887,0.32821928435724235,26.04263879180138,2.1626680034886423,0.53522883828243339,-8.9263569050277685,-14.529586628937423,21.612731146998541,0.40000000000000002,-8.9263569050277685,3.7064996512606503
1,71.921723855120575,21.518779949247133,-0.91000000000000003,52.109550880934265,1.9912523566002243,0.11311201737761178,11.334743340429874,-21.269910062417203,47.570959827917704,0.11311201737761178,0,-28.015501737109357
1,-56.873846659571093,42.963675246467403,-0.11184886965367009,30.293331406216907,-1.4930488606907759,0.25202620422549971,8.518049716402583,2.3528577098633172,-30.201820943181957,0.25202620422549971,1.8051002468740647,-1.4220352230424393
1,26.273596159314778,51.316527387275244,-0.15179729213565143,54.25835086025738,-3.0121898433797747,-0.46462604858347656,5.9216294772273379,-53.804704009602709,-7.001604424261239,-0.40000000000000002,0,-3.4689638813204717
1,82.568740727541012,-88.164916844947186,0.88711717109113719,27.117167367283983,2.4608071291778542,0.45277737418034814,3.6083008285700551,-21.072169006524962,17.067643638936804,0.40000000000000002,2.0165269941126938,13.910012811496212
1,-51.216567832637395,33.529225164026826,0.91000000000000003,32.87109554986155,1.2205662265564818,0.047882861252426023,-6.7179053608783406,11.278531377783381,30.875615825574776,0,-6.7179053608783406,17.672388629524171
1,66.755106823360876,-57.545120542759108,-0.99678193717532115,-5.3166320157187776,-2.6745576208113033,-0.30403836901371656,0.53683830105512875,4.7472587956215113,2.393764800050354,0,0.53683830105512875,3.436250464538396
1,70.951268352920323,93.748000630355676,0.17272007705130626,45.786038133755312,2.4144284307242723,-0.059690879008794329,-10.02738885830256,-34.205031988109376,30.436443200185369,-0.059690879008794329,-10.02738885830256,3.3384143787142295
1,24.423937748006153,-47.106658521322608,0.91247235702530161,-2.8428349804944766,1.9906698229260842,-0.35907110458634406,-2.2180327024779238,1.1588672965137004,-2.5959078017899744,-0.35907110458634406,-2.2180327024779238,-1.536208074054128
1,23.884574975830432,26.164209657133441,-0.91000000000000003,44.542428401788314,-1.1655478272495265,-0.38820989937511391,10.005449162907929,17.560725216769825,-40.934690151380678,0,1.2276497254874539,-23.947212347246325
1,11.906511254254042,-64.288640955883324,0.46935966286508274,54.78541166224835,0.68826500578102845,-0.25524384758821295,0.36229357418763897,42.313471168371571,34.799590352264282,-0.25524384758821295,0,11.612502312971172
1,84.27524733093648,62.040158387622398,-0.081434705966653184,22.264564297190397,-0.53313107109922431,0.3807992231227143,10.094616538479769,19.174687684633231,-11.315572258639859,0.3807992231227143,2.4560327913940125,-0.7594525178244752
1,79.869062954837176,-1.6078187226799656,0.54850241047873727,21.354144207095686,-2.4758555189318199,-0.2734501381127738,4.4103632261670711,-16.794216890511073,-13.189152886061745,-0.2734501381127738,2.5607441567164169,5.4534566283524875
1,-19.558223122687622,-61.592680192472038,-0.24198893874576977,-13.9,-2.5539135548659289,-0.54110300428813252,4.830209428734392,11.567992815886438,7.7065908293875145,-0.40000000000000002,4.830209428734392,1.4339060611852554
1,87.038667162997228,25.333040246491095,-0.35213176205999253,14.264310824649655,1.9518970103104323,0.31479480001747573,12.703886048892748,-5.3055021504812023,13.240929356863765,0.31479480001747573,3.8335185395361049,-2.1905840600824367
1,89.922387946433446,-7.1133384025947777,-0.8672251953134702,8.8106359337324065,2.8136109738891726,-0.37816634649156555,-12.313120550666408,-8.3409800407565893,2.838196173007939,-0.37816634649156555,-11.5,-4.3402634644760321
1,1.6550296899296768,87.255143671068737,0.79172355865450617,10.843983055737574,-1.7628773159378734,0.56183646052083691,-2.8965993144145443,-2.0701383214253997,-10.644552402205067,0.40000000000000002,-2.8965993144145443,4.589850351743249
1,3.6897640119531729,-6.6067922088179216,-0.50566857337264748,45.799999999999997,2.4259406276762912,-0.53903747008369574,-12.768677007281715,-34.56368453438666,30.049820488771648,-0.40000000000000002,-11.5,-10.598495558441806
1,-4.031278973168952,22.751113502222125,0.21154007681377077,38.600845501825056,0.89568904577621744,-0.5768459841777267,-7.1042593303822095,24.124797653938138,30.133360443407376,-0.40000000000000002,-7.1042593303822095,3.4645869929575763
1,89.325402623410497,-1.5447755673085481,0.99651170014766677,4.8090757197721032,-1.7432294243745163,-0.59710172576866227,-7.9085866715336195,-0.82514058602704121,-4.737758150411703,-0.40000000000000002,-7.9085866715336195,3.1063648969630964
1,-10.565672643371983,9.6689103497811431,-0.35735083321191746,12.947682378162433,-0.16242876023111297,-0.5605634250865017,-6.5249179953553149,12.777257554193231,-2.0938405764503663,-0.40000000000000002,-6.5249179953553149,-2.0205055600766637
1,46.811677079867167,-4.7254815287147949,0.91000000000000003,-17.943881623304257,1.3001339323812431,-0.20099829816402037,-3.6361369015724527,-4.7976515847768129,-17.290616732269694,-0.20099829816402037,0,-9.6471153231929776
1,-34.322331060467491,-82.82723461971969,0.033593345749534542,48.224379967135476,-2.9012190291924647,0.45788169869625983,-5.2154008117514294,-46.837885426853319,-11.480562353631438,0.40000000000000002,-5.2154008117514294,0.67732749420469229
1,68.979072654885556,19.909466450870056,-0.76170942860688418,24.731692592354769,-2.1883601006491382,-0.11312094350926238,-6.5382994231175537,-14.320902578326576,-20.163540557769483,-0.11312094350926238,-6.5382994231175537,-9.8579303388982211
1,-8.1566320510106749,-73.055623403682404,-0.96782280358992168,52.426398755234018,2.4184333868425334,0.58215587582737049,8.8481610037111409,-39.305057217511475,34.693511836811098,0.40000000000000002,0,-31.823983195161869
1,5.0224600574875922,16.699404854095022,-0.91000000000000003,-5.7092848787795933,2.3775663805108076,0.56069153096282165,11.490835669183891,4.1224254421434781,-3.9498787704218801,0.40000000000000002,11.490835669183891,3.0694657262460407
1,3.7753060735954449,-85.845999422805107,0.17136981245244046,-10.710769535821473,-2.4422941937197531,-0.45366882753801269,-5.5598938494706687,8.1968870570128534,6.8943184307120982,-0.40000000000000002,-5.5598938494706687,-0.77473138381331674
1,-84.793255973302621,-77.771176903024283,-0.38102139642462268,32.878026419850933,0.9821913736314114,0.20734674491176897,5.8922336910288386,18.253922376523789,27.345181278175136,0.20734674491176897,1.6631928967300806,-5.5046461233652346
1,10.51872062468891,48.272429785652378,0.4407186957951964,29.719313476058666,-2.6293381439739676,-0.34582652973586187,6.7606931937121892,-25.904592632318955,-14.566731755677004,-0.34582652973586187,1.8399651137315542,5.858441567461341
1,-47.939721601357618,-13.744996129685944,-0.91000000000000003,19.806429058298527,2.0997016822823538,0.19276802316124708,-1.5347194820850021,-9.9940977448759067,17.100077260272204,0.19276802316124708,-1.5347194820850021,-10.648471121091864
1,31.404507117516886,-12.010232284735295,-0.45339333938864046,40.376381316636611,2.3202066778922541,0.23095259165056348,13.456161675887159,-27.504681744062005,29.559172017908487,0.23095259165056348,1.3543189908766966,-8.2222757654727712
1,10.0818472929612,42.000247506130194,0.32910151587994424,47.492602666137699,2.1515611100710759,-0.49145144429930882,-0.72174798951311736,-26.057457085600038,39.705871583882178,-0.40000000000000002,-0.72174798951311736,6.7788983066320014
1,57.844813009944801,43.10920629910521,0.21141649731521406,-15.666236204277006,2.7409505233610858,-0.15355564983276199,-0.86362273533677936,14.425638659428396,-6.1099841305689599,-0.15355564983276199,0,-1.4052636462096846
1,66.870360916597519,-15.718224867174357,0.91000000000000003,10.861806650292102,-1.0193958570631838,-0.26729498200895346,-8.0221694852309184,5.6902903362960808,-9.2519965195078413,-0.26729498200895346,-8.0221694852309184,5.8396005710104992
1,94.886075206126122,-80.512082867857671,-0.67751424625195267,42.098904278665039,-2.7971531570434252,-0.59551482204870954,12.09777122040585,-39.626219459920208,-14.215501144118798,-0.40000000000000002,1.2989055401071827,-14.156103070669968
1,-39.232677605486522,-60.355851078009358,-0.85324369669627687,31.013497484154072,-1.5938188617780142,0.22759381910030962,-13.496521267976679,-0.71394625720815208,-31.005278694787595,0.22759381910030962,-11.5,-14.851751753920963
1,-52.881382210751823,-58.332281365687933,0.73036437674742338,22.585128377535277,0.97221312338676835,0.1551968767272377,-5.0927593664071207,12.726100429886372,18.65835983354901,0.1551968767272377,-5.0927593664071207,8.4535551903353081
1,82.094411171974059,7.6615658233836825,-0.91000000000000003,14.758063172673928,2.136723377131978,0.16902201855620969,1.7391629780654601,-7.9132522506739793,12.457161290833383,0.16902201855620969,1.7391629780654601,-7.934333293240682
1,-1.6944023022685855,45.195210863611294,-0.020700847922185173,31.047147326385421,-1.997655694649767,-0.21322221965502453,10.448997276504791,-12.853954403110961,-28.261302399376884,-0.21322221965502453,1.7612729255008903,-0.26865025646837454
1,87.591156748953892,15.69369677983525,-0.20975695361465707,43.230437497906969,-2.5015625111158086,0.30831844106822059,4.6441634523467101,-34.674172323941271,-25.818065378917655,0.30831844106822059,1.2649073931451074,-3.8464221531084175
1,-3.4557098000492061,-88.599890429827681,-0.41884229367172132,44.723399258710955,-2.7144856747149539,-0.32600020427721083,3.0753176459341205,-40.705805076794199,-18.526194274704761,-0.32600020427721083,1.2226821061538444,-8.3212849771490571
1,-95.538410300598571,24.500565755142588,0.91000000000000003,-12.571915184177584,-0.56885283705815137,-0.070045143742999638,8.9796937386724274,-10.592083279532611,6.7720619605553347,-0.070045143742999638,8.9796937386724274,-6.7590010991628784
1,-99.347056706245681,-69.898767674568063,0.93541427910078245,38.436811685826832,0.54836593078736717,0.54634229415039648,-11.719494476627599,32.801109902746241,20.036858080040307,0,-11.5,21.785383739579359
1,-18.633567698542279,-46.288509743099063,0.029900342184582367,9.7356692395652367,-1.4403815813697198,-0.31396297769840564,-11.111489555955252,1.2660787787257688,-9.6529943576217327,-0.31396297769840564,-11.111489555955252,0.1216989415224642
1,42.587030896051715,27.987239252321046,0.10824843533483705,13.446070512513288,2.8450142891171293,-0.19245666893697722,10.709750066851981,-12.859042735897306,3.9296096681281254,-0.19245666893697722,4.0668015201252246,0.61070764992872795
1,60.995696905057827,-20.644069667087834,-0.23069303371143463,-13.9,-0.3383008532794709,0.15750282468860155,-10.898128425058614,-13.112147274999154,4.6131977888155058,0.15750282468860155,0,1.364476518521041
1,-55.025998112755126,24.611621554689123,0.063585197526331433,-12.87940011298593,2.9666949896711827,0.5992343427977459,-6.7007801164388372,12.682916509306375,-2.2411104587560517,0.40000000000000002,-6.7007801164388372,-0.34273060593507176
1,-11.725028053237736,-24.113108439662739,-0.70807126476525084,18.894200225306193,1.6868498112988393,0.2516270201121118,1.7311347105334125,-2.1878189709656461,18.767105538794294,0.2516270201121118,1.7311347105334125,-6.760973754659128
1,35.374900397659445,85.561357739184018,0.24316126834125376,23.639072311795779,2.8064997764558361,0.57539454807798818,10.072146784679521,-22.324261682782364,7.7738716275074271,0.40000000000000002,2.3132252940701781,2.4508677030045654
2,56.31631957479442,-41.133334678937231,-1.0660000000000001,13.875472601405683,0.67056252951069473,-0.53371079316326198,-8.2982617285145519,10.871047307861588,8.6225906978468547,0,-8.2982617285145519,-9.7373808994797368
2,-53.977740420847134,72.354931656522155,-1.0079825846573407,11.824560345199068,-1.1384380234477418,-0.14312886958783533,8.4568209022084737,4.9546475567813824,-10.736465663584761,-0.14312886958783533,7.1181082038431605,-7.2678206307284379
2,-56.484528528125551,22.174356180359695,0.13993327117627508,-16.243472835272069,-1.888948064583247,-0.30202505167259308,3.4421673353506108,5.0811465382585945,15.428297365780979,-0.30202505167259308,3.4421673353506108,-0.88717832978239142
2,11.839945815855856,26.74957739545269,-0.012698878843895494,0.18257995686505524,-2.8942081757170772,-0.27138372971826991,-5.3841069258761927,-0.17702152869240637,-0.044708153934701629,-0.27138372971826991,-5.3841069258761927,-0.00089909414197312642
2,-30.573159404912104,-61.089936550220813,-1.0660000000000001,-16.150725874630119,1.2261038750857569,0.37348104816148353,-12.391757686441528,-5.4574471253320649,-15.200730809788443,0.37348104816148353,0,11.334083829939194
2,-56.604231196877983,83.166549901410889,0.8520157090595939,32.197033480753454,-1.3003534539451067,0.34615812796197298,-11.901130791812747,8.601702749013528,-31.026757400320967,0.34615812796197298,-11.5,14.269686248869382
2,79.317130809029607,67.305128436497398,-0.10307396152700368,17.931645761631543,0.29144084077622212,-0.53815669502914287,-1.9606290055010618,17.175483848949451,5.1523464824403096,-0.40000000000000002,-1.9606290055010618,-0.71924077730407399
2,36.143782180270648,-18.988790561766507,-0.29246371582841646,54.662081318378085,-0.84938551496903791,0.32109521471123892,-11.318166276188339,36.101280357140418,-41.044374652711248,0.32109521471123892,-11.318166276188339,-6.382005858560956
2,-12.940377645838907,42.066107319548337,-1.0660000000000001,30.317540342161962,-0.64205068501661122,-0.4281926218343145,-2.3256823779557489,24.280390721343636,-18.155326458577051,0,-2.3256823779557489,-21.275919511171605
2,65.014898112104078,-59.265685682185598,-0.968298216596852,12.926363165773857,0.0051317811189495188,0.5747381254467222,9.1686425590826737,12.926192957113503,0.06633497527268406,0.40000000000000002,6.5113828940578982,-7.2873719996062638
2,17.814401365345219,16.368826254332006,0.94259439441960191,30.622601991670187,0.63608395093396508,-0.042030413987215631,-3.9024797012761745,24.633686079140858,18.191351321289595,-0.042030413987215631,-3.9024797012761745,16.347482582379467
2,-26.173368006160885,53.980011757362917,-0.61282686591891944,-15.102078967690224,0.33103753754464771,-0.40321462606918879,8.7976835618240834,-14.282121067916016,-4.9085442799001919,-0.40000000000000002,8.7976835618240834,4.1175489394466975
2,30.36103469547237,11.222175293093684,1.0660000000000001,49.834546864792316,-0.54909764447515874,0.39003723481544628,-13.810095850834317,42.508660397606569,-26.009533875487591,0,-11.5,34.972355804752659
2,-40.586057555380847,-19.689639651630173,-1.1352799088512329,19.023607029646215,0.2299544675351366,-0.54747181494272767,13.525706761049062,18.522844329596769,4.3361114330618538,0,4.4244238155693907,-15.852925093668309
2,47.722039807789628,6.5801498883774912,0.41660363695636271,-12.583010751350672,1.1746208108916525,0.28525080261823588,13.758242299875274,-4.8556947590560506,-11.6083757681892,0.28525080261823588,11.5,-2.1590669145988022
2,-4.6283716831742652,-59.811519656024338,-0.89492789004225315,54.716264372395386,-0.79413699387988856,-0.16281781515270044,11.069859198975411,38.350661097303643,-39.026867415533438,-0.16281781515270044,0,-26.459780414954317
2,42.975078822547545,-0.44510958979451232,0.056963118727044466,50.799999999999997,1.9767146861551232,-0.54425048476242643,10.220119863941779,-20.05902314766206,46.672000068151753,-0.40000000000000002,0,1.1232874374358055
2,-75.684647676010883,5.8839790557931622,-1.1532887387311299,15.769044755762863,-2.5811743316452018,0.46445370565439481,-8.8580108002316003,-13.356898606575056,-8.3818871456805937,0.40000000000000002,-8.8580108002316003,-13.784483818584652
2,-35.836324393989997,-57.10601215592439,0.39445326627122212,29.017990964221362,2.6090323578065346,-0.55224412857366756,-6.8846152467950947,-24.999287339633167,14.73361571747035,-0.40000000000000002,-6.8846152467950947,4.6838827998782167
2,-26.16179099089922,-77.727327955161257,-0.40638981294956006,23.812761052360884,0.44193095391095394,0.26890200069844072,5.7339196547881777,21.525009745583716,10.184377466952089,0.26890200069844072,3.5345964214282168,-3.9736591165991499
2,-97.946987059301691,6.5597588452978925,-0.024415819225188186,-13.9,0.80765617833941672,-0.070490428461059906,12.858016027413971,-9.6075985110592779,-10.045100838234108,-0.070490428461059906,11.5,0.13162420293713403
2,43.755843682488006,79.865134852288946,-0.69831847007483649,41.05790449036413,2.6675492810421924,-0.31593744396269896,11.810653533854772,-36.530441855108478,18.74242084178033,-0.31593744396269896,2.049995026408459,-13.364058729171234
2,90.579268568265377,19.071628890007332,-0.22694907134570563,30.930995660409032,0.52105677848183385,-0.51497299778562167,2.706214141657,26.826254669327145,15.397355388528446,-0.40000000000000002,2.706214141657,-2.7697005695176227
2,-24.428593238939271,94.670530319831983,-0.60713565818462178,9.1192289316524509,0.86579358331991418,0.26995830192858783,-9.1625817350037622,5.9095879012529,6.9452938847288852,0.26995830192858783,-9.1625817350037622,-2.4563833691357901
2,-75.951962594239063,90.623543937281795,-0.45899170723460797,50.799999999999997,-0.45611479626356033,-0.13206348600992046,0.40996667873513992,45.606744405756722,-22.375541662895611,-0.13206348600992046,0,-9.734735804578861
2,40.352224645341551,-44.741291650776695,-0.069107616731674704,11.798939533751071,-2.0954824955301552,-0.078555352445632498,-11.527617735082872,-5.910577457147598,-10.211760291162957,-0.078555352445632498,-11.5,-0.3166827314841491
2,56.867569039164209,-78.190977186694283,-0.12341208714011606,17.075320937816038,-0.64793830331070845,0.33666717904761245,-4.5288510274032099,13.614662511062939,-10.305704723078192,0.33666717904761245,-4.5288510274032099,-0.82130152806974233
2,-91.655706854779766,-22.944285004275727,0.78850457115536332,33.879389022258479,1.6736373286611537,0.031847460074075795,4.8406204160647555,-3.478051932747626,33.700388058220327,0.031847460074075795,2.4843570804863684,13.218954898886384
2,9.2097962980892731,69.223206769369938,-1.0660000000000001,30.644130528795799,-0.43850042317067706,-0.58750185109345798,-6.3706957277939118,27.744870176523069,-13.010953645054439,0,-6.3706957277939118,-21.50511048265345
2,21.42709375855398,-43.258628794208612,0.22215315729537757,51.118583541508514,3.0989157497943793,-0.1198122486236845,-7.6214974550245547,-51.072039005344976,2.1809207061941116,-0.1198122486236845,-7.6214974550245547,4.4773651213415846
2,-77.687171434818381,42.556428798192542,0.12410702122637933,5.804148142438482,1.2029831880379502,0.56662391566582893,-10.16841939611118,2.0870306217283123,5.4159430243809261,0.40000000000000002,-10.16841939611118,0.28076048191387376
2,-49.381879975112987,-4.1445069953424394,0.96279947161098656,39.788763752159255,0.81771969142407253,-0.22206402674671999,-10.988520243109349,27.211005155426339,29.029414726385777,-0.22206402674671999,-10.988520243109349,22.169256783514424
2,-1.8560857607063213,-12.459786883645975,1.0660000000000001,-7.6478420146773569,2.532300731366055,0.070714750150194794,-2.1166732968197461,6.2716392066580822,-4.3767601194232011,0,-2.1166732968197461,-5.3670208500439536
2,-53.208593927478518,51.443755389603695,-0.34581146496845361,34.486681416377891,1.5786624176643249,0.39378618588891168,-0.42762223666080956,-0.27127257227022394,34.48561448352455,0.39378618588891168,-0.42762223666080956,-4.8179893869909787
2,82.044876042828008,-38.03595459260756,-0.65160497702391651,27.398826083050828,-3.0149197953279341,-0.37800347553028762,12.121685628974344,-27.179298903343458,-3.4614132737914121,-0.37800347553028762,3.0719746804067429,-8.1034848317364894
2,-80.333516713723782,78.368085492909927,-1.1583954221180899,-15.96045346884855,-0.73314471370238898,0.2299331518276565,5.7645032481496656,-11.859791730481229,10.680890180171724,0.2299331518276565,5.7645032481496656,14.146265035691309
2,-7.7548270178255336,8.3688804605200176,-0.15477328108905247,-13.9,-1.2138221377900513,-0.59767126078190425,2.612626663602466,-4.8572268151596791,13.023722496509736,-0.40000000000000002,2.612626663602466,0.84093311444327201
2,75.759651153780936,-27.629901751388132,-0.54964231467397673,0.63727199453369465,-2.4984847615219579,0.15644388176712676,1.0763356799855508,-0.50996790781338452,-0.38216269835947181,0.15644388176712676,1.0763356799855508,-0.15138209588966575
2,22.241539188245298,-44.056151254908471,-1.0375889326095986,6.1683334913343764,3.0545869928812266,0.35876107174625393,0.11793650929017829,-6.1450011197278798,0.53600307728635643,0.35876107174625393,0.11793650929017829,-4.0523527108578046
2,-55.09214307907606,82.966517326230672,0.97449959339686276,-17.394444170340012,0.054774662904794269,-0.39575145170119197,1.9625302735122432,-17.368356734069824,-0.95229845803041224,-0.39575145170119197,1.9625302735122432,-9.9377281271972286
2,-90.82411914954578,-92.654077549641372,0.53993747362826927,-13.9,-0.58378811083231152,-0.58048697623094037,-11.645757504209174,-11.597891423462727,7.6615216849898538,-0.40000000000000002,0,-3.2303885584225345
2,75.290878128875107,-26.302624578554457,-0.14434448086530649,-13.586033906370142,2.4075384608679222,0.13108741984169558,3.3870969451352906,10.087150149889649,-9.1010834057611198,0.13108741984169558,3.3870969451352906,0.76575032922174113
2,-51.293469162919436,-48.514583211966425,-0.17816344178698762,30.399597833557856,2.3556207226933283,-0.35551524484166308,-3.1906597923495585,-21.483424666356591,21.508091803947572,-0.35551524484166308,-3.1906597923495585,-2.1226543061598613
2,-26.803965191494456,81.835479981839455,0.57391708507129591,4.7501137023718307,-1.8443091113325025,-0.31058513430075269,10.828478664194627,-1.283078404581854,-4.5735423900032135,-0.31058513430075269,10.828478664194627,1.1908082575085228
2,76.397785831003148,-35.77351053220184,-0.52711858412046575,50.799999999999997,3.1226063732561018,0.38553702780871668,9.7067669424063325,-50.790844112487825,0.96444509483957641,0.38553702780871668,0,-11.465408407129081
2,50.515254213952915,65.345918335280146,-0.64334164975618657,-3.7201710322478263,-1.7307486346210115,-0.35282100660710347,-7.180403281688359,0.59251581961251554,3.6726826044030494,-0.35282100660710347,-7.180403281688359,1.0815416041790409
2,0.58255874230570726,25.633309820294258,-0.84987408039808821,11.590025779916537,-2.7937965739811967,-0.36936580750482928,-10.721992514463889,-10.896086318529056,-3.9501899344580687,-0.36936580750482928,-10.721992514463889,-5.1145410786481271
2,87.254545331486725,-25.33135910125543,-0.53937394400298022,-6.0661019393814541,-2.2688724928207553,0.19972996145146871,13.241373013426795,3.8989570949813124,4.647120216915237,0.19972996145146871,11.5,1.4079734821135426
2,-24.367700161878417,-19.340550098315703,0.69045625301962221,50.799999999999997,-1.2432361297938717,0.36746536592836543,8.4934922656905876,16.344082591568988,-48.098970511227904,0.36746536592836543,0,16.272769916461694
2,37.112243532474878,-46.24457268515598,0.84880535152753966,28.9149176774106,-1.6237938193950361,-0.32672550668430134,11.550300337500836,-1.5317008771690679,-28.874320021678631,-0.32672550668430134,2.9109022871524735,12.732342138825679
2,64.547804070233127,60.983683443829591,0.70414056258913438,47.444542344082464,-0.40177000560335774,0.31874070930437026,-9.3338815546396372,43.666546669985323,-18.553094085823737,0.31874070930437026,-9.3338815546396372,15.626344704003076
2,93.154931413140332,75.88986178555092,0.36532356583720627,-16.792808510616247,-2.1051409032208559,0.32245215560731166,9.062167469754737,8.5521926448437231,14.45193477150054,0.32245215560731166,9.062167469754737,-2.4906349300483113
2,-15.979825326004686,23.749514733546448,-1.0660000000000001,22.458289738060785,2.4276158195218098,0.26754523014418208,-8.0876942206019731,-16.973159053448555,14.706687244414484,0.26754523014418208,-8.0876942206019731,-15.760538600193012
2,-97.722212606150933,-73.628912313181445,0.12830505361079336,22.130820837664913,-0.88290952412439294,-0.38638249392727486,-7.3566301912827221,14.050990207873051,-17.098038049059287,-0.38638249392727486,-7.3566301912827221,1.1071257945551527
2,-8.3879016552041747,29.213659823855892,0.41301743254241746,52.09745287070723,1.6424739143912133,0.20755042179235605,4.3963596834766108,-3.7310230274380807,51.96368022748473,0.20755042179235605,0,8.8526921516769281
2,-67.747255197554608,-63.901295557153247,-1.1698496499656748,45.243781200016272,0.061637610482689897,0.10423887677451082,7.156065924212168,45.157863432467217,2.7869530834920995,0.10423887677451082,1.860333017435106,-41.385577487682419
2,25.647177038693997,68.82827907882816,-0.48563441484010039,-13.9,-0.14441342597523699,-0.51462381984460559,-13.660915538236694,-13.755307826906964,2.000376611298988,-0.40000000000000002,0,2.8447375533500914
2,-34.802324934337861,-64.340711364382656,-0.17322384072106503,13.035776414566058,-0.1653845028799501,-0.29424571163590524,10.99708671492791,12.857904900103051,-2.1461007223480117,-0.29424571163590524,6.4567308707405315,-0.88446869744219037
2,72.056674938448026,-23.273173497701521,-0.75342026372833659,52.575813757397924,1.7144104347545506,0.096853939044843518,-0.95391308205789116,-7.5247000454046455,52.034556608846778,0.096853939044843518,-0.95391308205789116,-19.122943423969609
2,-59.698670506252306,81.202109051759635,0.7316847272799929,42.309368162075366,-2.9400099205263044,-0.59337220732664397,-0.45704438945919179,-41.452641954057924,-8.4711929090720819,-0.40000000000000002,-0.45704438945919179,14.731771952108918
2,-4.1979484689790922,-6.3340018843712755,-0.46591185148497088,50.799999999999997,2.5625470915827195,0.50183844083319495,-4.3062909501033335,-42.518854444645662,27.799047046886976,0.40000000000000002,-4.3062909501033335,-9.9049268374690467
2,-60.316253997781445,-19.904188252967984,-0.49809527206919396,29.049877117653644,1.3694631425234594,-0.59317226296424308,7.6111298924003421,5.8092713474426318,28.46309412138039,-0.40000000000000002,2.8973788652913339,-6.1259337700957186
2,-50.432237872356843,8.0083840994793718,0.54840273185678146,9.0447349769051613,-1.2840222464333744,0.38530285974053158,2.5370873409125991,2.5583894378892702,-8.6753601819491184,0.38530285974053158,2.5370873409125991,2.1425758100662353
2,21.517675212763436,-73.607542030418642,-0.45325444020158651,40.576116486611276,-0.54032226178348353,-0.012319246232360914,12.452785629674601,34.795762649626283,-20.872856315461952,-0.012319246232360914,2.0743360204955223,-7.6635478348621646
2,95.358867514762949,-14.769168066414622,1.0660000000000001,13.638811636678497,2.0552811936071906,-0.48364149610403906,-2.9731703273420411,-6.3523116013320839,12.069188878312353,-0.40000000000000002,-2.9731703273420411,9.5712994964323546
2,-56.290872986371831,-81.564605274595209,0.90052410658908422,21.446291138523605,-0.49695363422676708,-0.48431473162924066,-0.41314195347182192,18.852126167106189,-10.224516740551909,-0.40000000000000002,-0.41314195347182192,10.490788489029072
2,-66.503657946748305,-27.694900217378461,0.53655307602048485,3.2789764428392978,-2.0975878145601854,0.4126069462898051,-11.308513004419137,-1.6485461210177066,-2.83442801982561,0.40000000000000002,-11.308513004419137,0.75620382486979099
2,45.675255542744821,54.19201070611507,0.56505807494674765,5.0379404922385334,-2.2930141169032709,0.30780817851475151,12.477379680583031,-3.3303325588918509,-3.7801758491532498,0.30780817851475151,11.5,1.238563077770845
2,-35.482828263803512,-65.10358848320331,1.0660000000000001,28.370061247594805,1.5355263712501221,0.3845590201365543,-8.2280119264632763,1.0004033569782613,28.35241732755123,0,-8.2280119264632763,19.909238441464964
2,25.21671672059405,-26.986793587632746,-0.90655994077158619,6.420937747820183,2.9154756017072927,0.3497699970997441,11.653342054545863,-6.2574881387237431,1.4395428979762235,0.3497699970997441,11.5,-3.1801450281252581
2,90.197395285018473,-92.875241803227084,0.23368081716412523,36.681613161113894,0.47067738232354417,-0.37548809307115372,8.2631437868517956,32.692902470790742,16.634748935194924,-0.37548809307115372,2.2945692063844905,3.3856515704196286
2,-33.476067072380928,30.304763029180293,-0.62701938265551771,35.620987484847731,1.1244390704862628,0.49058255123645089,10.426637213088011,15.376958976775366,32.131042342604545,0.40000000000000002,2.3628906985187639,-10.007908783906315
2,-63.521104446025319,-80.38551164140145,1.0660000000000001,31.676402014219732,1.3450003256001262,0.48820222892368947,6.9061807376623143,7.091783478290699,30.87233472971403,0,2.6571357429488436,22.229526935627188
2,13.865779278647452,-27.386480765079085,0.30389801779137238,34.755911207738677,2.2038944892359602,-0.15687739064561868,11.303087352948275,-20.563172449313001,28.020158862862104,-0.15687739064561868,2.4217031599867598,4.2265431390211763
2,66.746578973623372,97.36245846060757,0.70216196795677432,39.476478416873583,3.0779030182092963,0.0016844872383346976,-3.4361673093136744,-39.396439883285453,2.5125430783493341,0.0016844872383346976,-3.4361673093136744,12.949930553736889
2,26.016734026822647,-94.859521094344146,0.54684465105710545,52.594287138724084,-2.8993486713942,-0.043002381880468232,8.0556721208087971,-51.058645941937137,-12.616406548873728,-0.043002381880468232,0,12.415284805626595
2,3.4338588424872114,2.6068462497143514,0.9087644040129409,50.799999999999997,-2.5473267897624714,-0.59893128737608015,0.66298215545837458,-42.090836081641811,-28.442951990754402,-0.40000000000000002,0,25.274679720673038
2,-63.663445785981999,70.507976927320101,0.010045189612094593,44.771068235387318,-1.437241197785746,0.047103378264513718,5.7964435078263001,5.9616458911640757,-44.372371237134416,0.047103378264513718,1.8799752455643377,0.17439480586348399
2,91.572115591206938,93.99837961538563,-0.83190111152653501,50.981602583631414,-3.1275017746640219,0.17211838266847257,4.7901026258125228,-50.976541395647963,-0.71835181709470708,0.17211838266847257,0,-21.698371055632514
2,-75.194215314256738,61.886817976484991,0.89097035480540099,-4.8892038286358197,-1.4972750406092121,-0.52076289517186014,-11.426230372100743,-0.35913680463085357,4.8759957786596466,-0.40000000000000002,-11.426230372100743,-2.345251226401432
2,49.579588568697943,61.424032745442219,1.0660000000000001,20.18938742608217,-3.1245793909500361,0.51952570737186232,10.630917695763948,-20.186465576304482,-0.34347078058998293,0,4.1689476864099797,14.168292579455112
2,-50.367291052096249,82.491513991433948,0.63008221107051965,8.7817138548520468,-0.50130676014468634,-0.014512407036662678,5.5564027078962823,7.7011706713735579,-4.2202450780583973,-0.014512407036662678,5.5564027078962823,2.4832102646966363
2,24.719463865109901,1.7263081675395853,0.44183915436862858,32.007291743164764,1.6777659698481564,-0.12505108745555377,-6.6538665300970585,-3.4172828166830929,31.82434450044283,-0.12505108745555377,-6.6538665300970585,5.8708403157323596
2,43.590093219845102,-66.348190258845975,0.95935604213057635,43.448877053549701,-2.8547219861236757,0.50693639768248311,12.401647132138155,-41.67329618885789,-12.293953878642963,0.40000000000000002,1.9371847032148686,24.031655712020154
2,-96.325690641993077,-21.265968941634455,-0.53375091548788101,-13.9,1.2816955126514422,-0.16675421800760648,8.5992918172103217,-3.9627575368885442,-13.323158510797395,-0.16675421800760648,8.5992918172103217,3.185232787277517
2,37.6337928862323,-24.799014394295924,0.96809138706677955,-9.7094069671242025,-2.0459050537423429,-0.18090938501528508,-0.50922635144492467,4.4414238824901702,8.6340220957144851,-0.18090938501528508,-0.50922635144492467,-5.4713554309393553
2,-98.964230151281569,-88.711388275255771,0.9284452998086592,37.405150444405329,3.1029847621343754,0.067949280001420753,3.0851997111619411,-37.377276422877721,1.4437752513411863,0.067949280001420753,2.2501847740219163,19.385383901783964
2,11.405338206568501,18.519336227505619,-0.34530303374828486,42.358143408237069,-1.5738476693613777,0.33205020970732468,-8.0032881749661833,-0.12924900545217546,-42.357946216588061,0.33205020970732468,-8.0032881749661833,-5.9082451043942878
2,66.465144792297536,-41.384770920664906,-0.8507052746863738,-13.9,-1.2434267426529988,-0.42075287668809941,2.8888629510511947,-4.4695926136338882,13.16179098254297,-0.40000000000000002,2.8888629510511947,6.1441973812930248
2,7.9447722033324766,-78.648974703883141,-0.87798707786617181,20.137730453714049,0.19032426746447584,-0.27374634011618976,-8.4244732082801654,19.774102300913732,3.8096018190147398,-0.27374634011618976,-8.4244732082801654,-9.4071739791465649
2,-31.314585604891505,23.728715327479492,1.1387240356344472,-13.224290272108348,-0.59798387075753601,-0.57853135888847984,10.254930416229787,-10.929509979748326,7.4449758094678353,-0.40000000000000002,10.254930416229787,-11.120155342134391
2,81.707779658838462,93.909445298444325,-0.61158340991574778,10.906147727082917,2.606106227387551,-0.10678405425380333,6.8354759627905075,-9.3795109209084,5.5649647913994889,-0.10678405425380333,6.8354759627905075,-2.9656859307622314
2,93.89319609070256,-79.717827043414061,0.81716075875178762,-13.9,0.99097122762967871,-0.31315902801638507,-7.9799441439544978,-7.6154990624873928,-11.628162968812127,-0.31315902801638507,0,-5.7436154689302956
2,-74.345050344264905,82.496976028792545,-0.85071979176755763,50.658270693855883,-2.100429340579689,-0.20491073003435456,-8.0787286246427339,-25.593402770581505,-43.717709504441892,-0.20491073003435456,-8.0787286246427339,-22.393059635819323
2,72.234246896926777,-39.909386916617187,1.1443053803880001,-13.03114508000232,2.8418281569500001,0.30040359349404078,-6.6124834815026947,12.450034960376563,-3.8480347687449545,0,-6.6124834815026947,-11.12054419277875
2,-18.562416208099179,-94.739595125276566,0.023294032749270457,-7.9162023567270126,1.1410453224801911,0.11198554548719819,-6.389208826061461,-3.2982418637612443,-7.1963782808287018,0.11198554548719819,-6.389208826061461,-0.071516042258862406
2,-75.019765248038155,-34.45409182136423,-1.1414126944501044,50.799999999999997,-2.9820429295099058,-0.14008577616753004,-2.7527873024314893,-50.154785158651734,-8.0707822229005579,0,-2.7527873024314893,-43.020941492168362
2,57.157126493532559,-44.21498731009568,-0.41355417399015504,-1.2683916597254203,-1.055210380933242,-0.01069894238307334,-6.3332853188704767,-0.62537379660799386,1.1035057847501797,-0.01069894238307334,-6.3332853188704767,0.2158469999299637
2,-35.371696290701607,-15.825454532041292,0.53137025574874575,-13.700685924076009,-1.5202000174794232,0.40785349996402631,-4.0851851248744033,-0.69290841516105661,13.683152879302835,0.40000000000000002,-4.0851851248744033,-3.1225187564578434
2,66.034585198146146,-56.260175557709772,-0.18609071294449525,15.160409964017703,2.0658822132609034,0.5380490747458343,-6.5510078743637727,-7.2028203369976849,13.340067821042732,0.40000000000000002,-6.5510078743637727,-1.1067590051719536
2,-37.429182013872087,-54.515898214479108,-0.7755772421274314,50.799999999999997,-2.6511179216794378,0.1365452587144832,12.23432065138115,-44.811154373738191,-23.929071099668796,0.1365452587144832,0,-19.31506447463336
2,-12.278377019001809,95.276818733090806,0.89414666788637931,24.159346472768313,1.0073502632259279,0.54742691260817355,5.2702828743141055,12.903572981132726,20.424784608701366,0.40000000000000002,3.483889768908782,11.664333417572191
2,-74.86538086613983,-49.474633490521882,0.46150345229629436,32.579639048920171,-2.7282011281139704,0.51901179557027344,13.846472980616479,-29.835249404282557,-13.087810112550587,0.40000000000000002,2.5834693832432039,6.2827223510576653
2,-75.128050620599737,-10.771964576496117,0.24639223730136292,-8.3005827094607731,-0.68605903692682668,-0.36521152089300357,-11.501805731806384,-6.4225641581362023,5.2583593402527526,-0.36521152089300357,-11.5,-0.80949496445409652
2,-87.382858170574295,-38.097202386767307,-1.0660000000000001,39.422399448534208,-1.2539532540811082,0.050619331314754157,2.9266791618816725,12.282771195762276,-37.460100240553849,0.050619331314754157,2.1350425437670695,-27.665430247250004
2,-39.327410314820298,53.344887331568088,0.85821055883618091,9.3092550165315124,2.1484198822696934,0.45287827923278889,-9.2600905360188932,-5.0831751912254584,7.7989460145667859,0.40000000000000002,-9.2600905360188932,4.1777941452187362
2,93.513537534293135,24.071760906882474,-0.71069492639032839,14.695253580355896,0.77509509701972101,-0.20799132673548743,13.733736907240257,10.497620375525601,10.283503500379261,-0.20799132673548743,5.7275976586422104,-4.9046865938532225
2,34.979647498413243,61.997420410438536,-0.74435209294155935,21.946567921935589,1.9695811946102602,-0.13617687881504065,-6.4120111845653964,-8.5218269588851285,20.224497739992231,-0.13617687881504065,-6.4120111845653964,-7.8385851479967483
2,-43.583947390751646,-72.342577056543917,-1.0660000000000001,21.470062471488959,1.9049832176012913,0.4182233139523327,1.9542983398715457,-7.0422052364181384,20.282281132500938,0.40000000000000002,1.9542983398715457,-15.067031028502322
2,96.021325077985608,15.664229300980921,-0.27206254147883907,29.478811651426092,1.8039180552586149,0.4584683761245737,7.1919003314949173,-6.8100750847270595,28.681408851739384,0.40000000000000002,2.8552202509129363,-3.1889394589800593
2,39.309262539890256,66.299193975053328,-0.031535139739948426,-6.6262891262302883,2.908230924909204,-0.41726606245327258,-10.817129249022717,6.4466802202498705,-1.532325592763117,-0.40000000000000002,-10.817129249022717,0.081053632072732043
2,-84.723855316699925,22.80637975244187,0.31950447237499829,42.032913994516967,-1.4678798568411071,0.59905173662550648,-3.8813989859277402,4.3182466990920245,-41.810508300141976,0.40000000000000002,-3.8813989859277402,5.3922530189383426
2,-39.857064043003689,-16.178039466105915,-0.98039223362332584,-13.9,-2.3213640451883517,-0.20294727847628785,-10.267532064822472,9.4805512030189814,10.165094632463358,-0.20294727847628785,0,8.042886092601675
2,33.49464284324992,80.226025520578133,0.18461696375162967,2.4223155536234486,0.48010843869426711,-0.56558452638487011,12.874453534578503,2.1484602880016492,1.1188078620594091,-0.40000000000000002,11.5,0.17540394827249384
2,5.3024664228141347,23.762385961325066,-0.70866308896374675,5.9614638672221041,-0.99223562236101692,-0.071439021596439445,3.5510086564607697,3.2598444085031577,-4.9912389115875255,-0.071439021596439445,3.5510086564607697,-1.9815353657613421
2,-17.851691293490958,-23.047790768342054,-0.10054769841684605,1.2524307284640486,-1.307186831154534,0.12083160965888351,0.34327459709525776,0.32634218030908874,-1.2091664529551329,0.12083160965888351,0.34327459709525776,-0.048995500917143275
2,62.511104767770547,29.769247619206141,-1.0660000000000001,33.207094772568347,-0.99785999696067451,0.52398142798108249,-11.082006962181541,18.001626439116933,-27.904347130524702,0.40000000000000002,-11.082006962181541,-23.303720143763808
2,-20.653636487526867,68.637901178467018,0.71655261061318209,11.595747971688471,0.9757617099264726,0.56864832696842182,10.58461401287526,6.4998506750297382,9.6027762769541152,0.40000000000000002,7.2585658299491405,3.9162803207966541
2,53.521778248239912,-83.488454836481836,-0.89992501198150854,17.736594800214014,0.26690085481904013,0.59135685427142437,-7.3078898861614965,17.108593523142115,4.6779079476704597,0.40000000000000002,-7.3078898861614965,-8.665463172192343
2,-31.132483658477454,-42.845071584342321,-0.89869802894912509,1.7066212287997082,-0.4267012846003535,0.40009081283988512,0.48671730295937898,1.5535986402960271,-0.70631953353999877,0.40000000000000002,0.48671730295937898,-0.83169610173906439
2,-87.039038890848715,90.199345287121247,1.0660000000000001,-11.822301420927758,-0.96072698362926046,0.53679789519625942,-4.6024244234037255,-6.7732837152728154,9.6896562683972736,0,-4.6024244234037255,-8.2965283670677863
2,-85.812442092276498,-11.65528712304355,0.37881501816175134,-13.250675576581354,-2.3418496002650189,-0.24500464572601316,-8.5160508140132176,9.2342766673118142,9.503080430436766,-0.24500464572601316,-8.5160508140132176,-2.0451603752939524
2,-37.733632311213185,-32.911843373689507,-0.43869061431925893,14.195250529993181,-0.088157252346571013,0.21927456464601358,-12.823989980211717,14.140125622690022,-1.2497939765484631,0.21927456464601358,-11.5,-2.5825436662503178
2,84.605830764707321,-98.551436682854927,1.1667584765039127,12.310419371012294,-2.7803941281774418,-0.48102993832181445,11.556715928193864,-11.516076536276943,-4.350448976922543,-0.40000000000000002,6.8371756853543131,11.164469436845669
2,38.925687060678712,-82.437588924225082,-0.20632544300042932,50.799999999999997,-0.86896388323147278,-0.20224415582457272,-1.3140991265656119,32.797401258191634,-38.793948892954553,-0.20224415582457272,-1.3140991265656119,-4.1229157784562362
2,85.271735719011332,-4.6804608452866887,0.59524576395839746,-13.728785817120086,-0.84329301697500014,0.23723858825898181,-6.2579919518494327,-9.1297398899850517,10.253165830784818,0.23723858825898181,-6.2579919518494327,-3.604952686134161
2,-4.3686897982667006,-62.17842994261575,0.49828781941783401,11.195255939146456,-1.8649458978238194,0.43367296325686822,2.1370365081685279,-3.2457963647968042,-10.71440905982527,0.40000000000000002,2.1370365081685279,2.3618985559533785
2,82.421022756792809,-68.228356538460815,-0.18227213655510288,38.122496552436708,3.1290247866428071,-0.5830290942421047,3.1910059182345698,-38.11948584350985,0.47910585156181745,-0.40000000000000002,2.2078433369186081,-2.7246588774651048
2,-1.0692000388178116,20.844808657078715,-0.55430013716582072,50.799999999999997,-0.39674842761132734,0.25677270268768659,12.608109869073935,46.853975107918082,-19.630206738253996,0.25677270268768659,0,-12.193937673421608
2,-17.948094978915364,-36.922695812897224,-0.61541460114580393,25.717308742876305,0.028259699027857188,0.23620285490465054,11.442730181120695,25.707040368729768,0.72666667525088735,0.23620285490465054,3.2728346827237385,-7.0504019895936603
2,-30.678118015788726,76.774144234198758,1.0339266827419085,41.465046792306083,1.3191027888316542,-0.39060798565113836,12.690673325423177,10.326641582705543,40.158567941480058,-0.39060798565113836,2.0298662731912707,27.014404301752368
2,38.905812310762769,81.612671193996647,-0.59253226119404712,31.160659265500236,1.0459023868164632,0.57976227509568801,-12.32755896520826,15.615267760978812,26.965720806489514,0.40000000000000002,-11.5,-8.1345406293223075
2,15.052763947999281,-15.217322363542607,1.0660000000000001,-5.3285607038314602,-2.6231563600226386,-0.35758900562921653,2.2189353612536458,4.6283616803298964,2.6404218091946299,-0.35758900562921653,2.2189353612536458,-3.7394203937925918
2,-6.6070833808700371,75.547401128897008,-0.22871725047383984,37.257822496479875,1.625808109583696,-0.0066702077130318393,-3.9763768031539399,-2.0485856022758488,37.201460108567645,-0.0066702077130318393,-3.9763768031539399,-3.3631514632837298
2,-28.984452076822848,-27.752739437690536,-0.67109899947079588,1.9057555709830645,-2.0168060331757762,-0.032146292518464903,-10.868682625091147,-0.82208393677349068,-1.7193261171842837,-0.032146292518464903,-10.868682625091147,-0.58678013619662883
2,-80.981239597148914,-34.435801181461784,0.86439000005296829,21.275990040361812,-1.5378918387617149,-0.41261395892426111,-0.54210145830587742,0.69994923725890879,-21.264473265586329,-0.40000000000000002,-0.54210145830587742,9.6683366128781998
2,40.457508659645384,-14.084158061717943,1.0660000000000001,-8.6245085497402911,1.0810604013605412,-0.036032106227991023,0.11144403452786911,-4.0569073298956795,-7.6107588741979004,-0.036032106227991023,0.11144403452786911,-6.0524154551055087
2,-31.519600546321541,65.242491440810795,-0.17279579282162105,16.067384321742367,-1.5941898357870148,-0.33535162887958231,-4.3609988942180884,-0.37583821745198692,-16.062988033889425,-0.33535162887958231,-4.3609988942180884,-1.08741295295921
2,13.004119361616077,-27.862755447845601,0.66880948958499575,43.567547167845795,0.9349984518253649,0.39176578362516856,-7.1991554836280613,25.871266570502748,35.054368233651779,0.39176578362516856,-7.1991554836280613,13.351450829928783
2,-21.950360391599673,-71.037332591401963,0.39293030536759338,33.240503334674031,0.67507954212998067,-0.34779695898998703,-3.695623133563636,25.949439689151031,20.77396547993639,-0.34779695898998703,-3.695623133563636,5.3424345572062517
2,-70.695377578409406,-85.261309872551848,-1.0660000000000001,52.202508219865663,0.24417403064180476,0.53170307777470727,-12.706394087949063,50.654042869023911,12.620214160949512,0.40000000000000002,-11.5,-36.634118422284068
2,10.209674704832466,-76.167200945173136,0.33329461370357161,-17.953715537066643,0.99978997164284511,-0.1668170798460985,4.3279576057855422,-9.7036066994544026,-15.105492994543798,-0.1668170798460985,4.3279576057855422,-2.4102246640116278
2,-63.623310205020786,-45.216891911466959,-0.56695500843538704,-14.381408807827459,-2.1063266054075909,-0.36187908491940424,1.2370552859044253,7.3387919244569932,12.367984976841703,-0.36187908491940424,1.2370552859044253,3.5504761659319257
2,-0.47400216634318326,7.9017156487458067,-0.14624225120096943,41.897536534052904,1.320268190567532,0.42409679895790953,2.3716432232691744,10.387054688079076,40.589563468078254,0.40000000000000002,2.008912861298914,-2.3929647096814963
2,-93.546035101424934,20.975877245557783,-1.0862446862008113,50.799999999999997,-2.7328862042312219,0.047530880681363352,-9.8022080021676246,-46.615892377779069,-20.189070751852817,0.047530880681363352,-9.8022080021676246,-37.419931397111434
2,40.761439292489086,-44.962481272488894,-0.95145199070577691,29.456553835109318,0.58291449098384085,-0.20409785727339497,-6.7493687739732691,24.5921541720687,16.214638972789295,-0.20409785727339497,-6.7493687739732691,-16.021556375749245
2,34.587197712557838,-85.633091757063553,-0.56365918543857896,-18.811553595865629,-1.9037389229250399,-0.49566193222730259,8.5198330583832593,6.1480943185605872,17.77851188767519,-0.40000000000000002,8.5198330583832593,4.610472805027281
2,16.664285611580951,61.654399061199797,0.069143509118849061,15.051719907035896,0.77965247314943875,0.015932147760697291,-5.2313450721118464,10.70414957404066,10.581845493883655,0.015932147760697291,-5.2313450721118464,0.40419762325885561
2,13.975072542953384,-4.5612209068674758,0.039275999087145304,-13.9,2.4397067952916309,-0.53455765094014351,-12.228330102043891,10.614400352882603,-8.9746590547343743,-0.40000000000000002,0,-0.21180137687225589
2,-89.821998213344713,-95.189244414831833,0.67865118759106569,50.661044241622221,-3.0802959050552823,0.092361337556755574,-10.142329641640519,-50.565899885203848,-3.1034130326376861,0.092361337556755574,-10.142329641640519,15.841844594742355
2,-96.890618487920264,74.02321418967145,0.14385660791297136,29.784561533274143,-1.5546322388706006,0.064775560301707502,-4.0964717051910924,0.48141930674677874,-29.780670596554494,0.064775560301707502,-4.0964717051910924,1.672995559071681
2,-99.257800795001643,-14.243316843288497,-0.36757024390040455,10.251690715674879,-1.4764427294753637,-0.1711107391016588,-9.4388223102128208,0.96584931253859319,-10.206091202577177,-0.1711107391016588,-9.4388223102128208,-1.5307317554373989
2,96.755957030385702,-60.574212303224485,-0.38726273987866938,50.799999999999997,2.3039590019010934,0.13770788646358112,-11.171877993935064,-33.9965304535028,37.747528622733121,0.13770788646358112,-11.171877993935064,-8.0340924828740778
2,-78.751404956629585,31.112554473484607,0.90061256218550101,-2.4454221404966283,1.298129848534658,0.47408007074558201,0.0089073240650865415,-0.65855306166923067,-2.3550790454244193,0.40000000000000002,0.0089073240650865415,-1.1964338436151147
2,-59.048149984466662,27.047173808056286,-0.44098345386902016,3.8689994681830555,2.7788790559470939,-0.49838025228005511,-3.1741738641583623,-3.6172724911609784,1.3727696855229632,-0.40000000000000002,-3.1741738641583623,-0.70808910694115601
2,18.964174805681779,96.601510277777066,-0.3475102693879708,-13.984897394078754,-1.4031670502971758,0.27253438526465035,11.216213539196257,-2.3333147767515556,13.788872226382532,0.27253438526465035,11.216213539196257,1.9641857334248087
2,49.674436451247061,29.128924651569577,1.0660000000000001,48.923875569729034,-1.9217915412823916,-0.26711873359485022,-11.156498260772395,-16.82161917199004,-45.941035351794881,-0.26711873359485022,-11.156498260772395,34.333274634043178
2,-82.682055368041631,6.2029630642909126,0.92804881793381999,40.671492560653824,-1.8026503425570768,0.31874828661752652,2.0479143832100206,-9.3455900617151801,-39.583206710797064,0.31874828661752652,2.0479143832100206,21.060766917287914
2,-79.862591782661269,-25.443828415733833,1.044515103807067,34.53538285122162,0.47924322004320308,0.49420605345687696,-3.6134694064555219,30.644769387522725,15.924533835123789,0.40000000000000002,-3.6134694064555219,23.051649200361428
2,-50.367056754145501,-69.10173775090351,-0.73195396628265286,1.248385655662176,-0.98079394091275907,-0.30119711837969521,0.29303058051757347,0.69455559532955169,-1.0373327673699955,-0.30119711837969521,0.29303058051757347,-0.43491303529791359
2,-68.116192657000425,13.886306705742911,0.92460943455619926,50.799999999999997,1.0923383847412662,-0.41698174751335715,0.8903840477903735,23.388870137198378,45.095462673147836,-0.40000000000000002,0,26.117862881417139
2,62.990045291585233,-53.177726201169094,-0.31877844853368409,4.2955639043767562,0.25195103060538315,0.102709905018327,-4.7635879808851165,4.1599438677798917,1.0708577279475351,0.102709905018327,-4.7635879808851165,-0.54972127047587083
2,-34.761831509659686,38.521562281583755,1.0071051392970263,4.9102331939026413,-0.076984830617965905,0.26975692056148637,-9.7194285059246646,4.8956897273775013,-0.37764018821325313,0.26975692056148637,-9.7194285059246646,3.0121543956112529
2,-22.291498981935561,71.426630326766826,-0.82531104373152431,35.203867184606061,-1.6744933290752335,-0.31171300933226348,10.1710446679784,-3.643996602791991,-35.014761937077679,-0.31171300933226348,2.3908878975888528,-14.786264831659956
2,-55.939983271442649,53.912181163132061,1.0660000000000001,-11.764605369962334,-1.4737191205593769,0.066940020564491221,9.3691737349149129,-1.1402820507180289,11.709214164740386,0,9.3691737349149129,-8.256039048917339
2,95.387831209452997,-40.15778578547264,0.25896352549027501,36.451782902430089,2.3638079238671823,0.061274392505613506,-8.3603702028649174,-25.970792518728466,25.578319192532028,0.061274392505613506,-8.3603702028649174,3.7444133782629518
2,-72.468276556901742,54.345154452355501,-0.86305127907619361,4.5921408767275018,0.36088723373855602,-0.54691944868991427,10.592340915574191,4.2963330973067908,1.6215053958275532,-0.40000000000000002,10.592340915574191,-2.0811336658052655
2,-71.812390930515051,-6.0299618590569537,0.22514599997936005,13.215478918478247,2.6221405958312856,0.10130567677381652,-1.1419563742556207,-11.472242419876844,6.560223845595611,0.10130567677381652,-1.1419563742556207,1.1736450453642502
2,24.726605649740094,-60.205512708399375,-1.0660000000000001,21.292031904097854,-2.2074680211662283,-0.58497480931230927,9.2915084688894325,-12.658592436226797,-17.120474880639922,0,3.9530515630967549,-14.942094639217677
2,-0.03992669685015926,80.294871345784316,-0.57190633189986628,23.900394181808508,-1.8019869447289893,-0.46320873615947145,-9.5083565366639462,-5.4764556911559161,-23.264506766932154,-0.40000000000000002,-9.5083565366639462,-5.9652116211241042
2,-8.9207110411666974,37.573562111416123,-0.005067269051154193,1.8425536754505352,-1.122306943240635,0.19816790574032206,-13.449908599389683,0.79894013293120669,-1.660330904039355,0.19816790574032206,-11.5,-0.0036204384766861187
2,86.831620988759994,14.357837941773852,0.10828979927508058,48.049393760586753,3.0353269045551698,-0.31752555595069809,-5.6667811609774095,-47.77835225065833,5.0964003936038198,-0.31752555595069809,-5.6667811609774095,2.0255411700799582
2,63.894036044670912,-10.522000615068762,1.0660000000000001,18.167945489322086,-2.8396762146658494,0.23985061671853936,-7.7652850021508524,-17.346180040749076,-5.4022478003972649,0,-7.7652850021508524,12.74970665666493
2,-40.852055473439194,-72.553791139588284,0.89660979205850855,-4.1006274769332478,-1.2404960515426151,0.12114660610637029,-6.5152970278611839,-1.3299445639954341,3.8789680536553699,0.12114660610637029,-6.5152970278611839,-1.989836190616
2,46.985790318229846,-78.215612324848038,-1.0589577878913965,23.97460806083113,-0.47598748453269168,-0.51808033398136011,-13.525917606937416,21.309606774913554,-10.985558282082318,-0.40000000000000002,-11.5,-16.548264696166164
2,75.055459210131943,-97.298054871570486,-0.2942334986217881,1.4895153271391521,0.92003158369554416,0.28036974549534377,-2.3238475170173079,0.90234097976047112,1.185089307194765,0.28036974549534377,-2.3238475170173079,-0.17502202731590613
2,-49.522749610066064,-89.400419793054752,0.0017606513507238848,-13.9,2.5491995899649407,-0.5655919855889544,-10.16092144969226,11.531535823119823,-7.7610361138255408,-0.40000000000000002,0,-0.00948968846990258
2,-41.110362879386074,-67.770809249903039,-0.099459181261822793,18.399337891028658,1.879403051720745,-0.45146225257753003,-5.716985301001424,-5.5884580947211946,17.530110409001651,-0.40000000000000002,-5.716985301001424,-0.7119438847789652
2,90.26974720161914,-64.946792796703235,0.59066446479582313,2.3574851954903764,0.17345732836041572,0.045641334499396891,0.01373873629851019,2.3221086753793405,0.40687559116307548,0.045641334499396891,0.01373873629851019,0.61294715060390237
2,9.1802565981074906,57.951662475861525,0.64350647552892171,-16.543108872753347,-2.8230464101729131,0.055567137182571225,-1.6615571603006458,15.710853487566071,5.1810745862227749,0.055567137182571225,0,-4.8111244311040826
2,24.942103782741071,40.719000097664519,-0.22371570474384375,50.799999999999997,2.5022620849933883,0.18789500567944684,13.970602402926708,-40.766764263210362,30.310244662619169,0.18789500567944684,0,-4.4818223799126482
2,-70.559549352829066,-85.820850936249073,0.38663118291530119,0.18509410037826513,-1.4562627056543627,-0.45704480277689152,5.1357967959778286,0.021153178965935,-0.18388139931617448,-0.40000000000000002,5.1357967959778286,0.029220041193767733
2,-23.437686213545803,-7.2195278793684992,0.4444314215702293,25.904694467669195,-1.5114807583758263,0.50236410591850322,-13.555745211468436,1.5356508178812729,-25.859137109130916,0.40000000000000002,-11.5,4.7833943312347262
2,-63.869345772190457,70.852839429851628,-0.42075093999377394,22.960128723532215,-0.12293741308516282,-0.15532020581952444,-12.241089480725277,22.786841950328554,-2.8155541074388477,-0.15532020581952444,-11.5,-3.9838687931867121
2,-43.756082224035332,-90.970641211746667,1.0660000000000001,24.22332282628399,0.49987604773730343,-0.23530061967433524,9.6989537847568101,21.259405032361585,11.610644530618011,-0.23530061967433524,3.4746884481377309,16.999184661046698
2,62.001406052682398,-34.14868601778565,0.51940458188685901,46.763437531570801,0.43356989828964032,-0.28934982855697466,-8.3569999132823973,42.436499637028277,19.645930579273248,-0.28934982855697466,-8.3569999132823973,10.367934980062643
2,-52.189365313139469,-55.060217864307702,-0.68982127774175073,-11.673041203438906,1.0843018138737355,-0.29822281214458429,-12.693524311940372,-5.4574969123439336,-10.318702359741696,-0.29822281214458429,-11.5,3.7343936364933636
2,37.869784913936201,-55.657748488596148,-0.18385534681630736,-4.929040808850262,0.35794802046977914,-0.38876674482521811,-0.50036433731877672,-4.6166269263868118,-1.726904490083776,-0.38876674482521811,-0.50036433731877672,0.35541392740337924
2,5.4394733182549402,-12.275995724027979,0.86120166481622784,50.799999999999997,-2.7016742458778698,-0.57519418585277637,9.5892233414593555,-45.963149810060052,-21.633974658808679,-0.40000000000000002,0,22.936271721916306
2,-17.461088654149947,67.662057732679216,-0.37440332365851942,31.455154041839151,-1.916240708341499,-0.019406287163190372,1.3548974807206378,-10.651181965837326,-29.596943060499537,-0.019406287163190372,1.3548974807206378,-4.7926836021624242
2,-27.511212372541948,-4.9649396070690273,0.68848484037175917,-17.79154286928545,0.55813535689078853,-0.43024212557167474,1.2206404792565593,-15.091571450517407,-9.4224980139849261,-0.40000000000000002,1.2206404792565593,-5.6763220760962314
2,-55.130937012565262,-11.840525949631584,0.45368802374235517,34.978125133359967,-1.2694251695189822,-0.13482921497095757,-3.8355439199573542,10.382551462749452,-33.401674553356564,-0.13482921497095757,-3.8355439199573542,6.6135413880159204
2,89.545140964519533,-93.380264573687242,1.0438949775490391,50.799999999999997,-2.6520149641052218,-0.35277212625112564,-5.9686101781585297,-44.832601733412162,-23.888863970755249,-0.35277212625112564,-5.9686101781585297,33.859583216361976
2,-22.05605685976451,-96.832944188309384,0.80011425082816379,50.086896344768263,0.7905555971048841,0.47901198839592174,-10.991688502260534,35.233654121204232,35.598971933454877,0.40000000000000002,-10.991688502260534,20.001913303827919
2,46.463138310688009,-1.3428789840094595,0.76873987143935596,-19.866102425012492,2.5651880084849683,0.4499815901321701,-12.698037903483948,16.656288178656396,-10.827284501232914,0.40000000000000002,0,-7.4508209401960954
2,-12.121703645622773,-86.739783747556643,-0.0043402006861885537,-1.84494430488364,-0.87615395800996954,-0.10976087679488844,-13.891028996087618,-1.1809686247865847,1.4174387448465846,-0.10976087679488844,-11.5,0.0031049823855894328
2,-87.847021449155704,88.95269860663214,-0.059758332995096218,-13.9,-0.067125224561471963,-0.34728757820983286,13.13486174175501,-13.86869647597066,0.93234009749606472,-0.34728757820983286,11.5,0.32247348520803581
2,-24.705979924290602,76.267320604636296,-0.062109432844452958,12.768603721281011,-2.3252462683218389,-0.34744234732574814,-6.0698269195244317,-8.7450631216365906,-9.3038224397127731,-0.34744234732574814,-6.0698269195244317,-0.30790962143853168
2,-2.2764086785646924,20.318053582024504,-1.0261944037012134,43.305537221320442,2.4220323126523855,-0.0062980646921354522,-6.2637148061393049,-32.569902307249194,28.540690561432008,-0.0062980646921354522,-6.2637148061393049,-27.723461267644524
2,-40.234924834884382,-53.646485547603696,0.073242914650200414,17.517861032473824,-0.89347476272455184,0.28205523702360624,-9.3707704348023864,10.978585269111985,-13.650865197558073,0.28205523702360624,-9.3707704348023864,0.49841098487917224
2,-45.469848819456573,-75.425359927512162,1.1634056690310917,50.799999999999997,-0.67945051308792692,-0.15377397064591319,5.0908869862779014,39.518240236010598,-31.920975684476705,-0.15377397064591319,0,45.647142066067175
2,-38.34268611955742,-18.654400661938908,-0.59130196584777661,40.704397321341531,-2.3356183435822082,0.47127374108089171,-3.5472016959982113,-28.184074504454657,-29.368450854973347,0.40000000000000002,-3.5472016959982113,-10.597752672049387
2,39.423979800218376,-54.737339003679494,0.47108102764300125,-18.017273475012502,-0.30493461487141316,0.20854612225249702,-9.2198498283922365,-17.18607512488482,5.4093405582570133,0.20854612225249702,0,-3.5583509490279357
2,-67.318550180173276,-6.4778002142116691,0.063747175104365575,42.67881341134072,-1.9851422174583375,-0.42802758268554231,-0.28010566808289994,-17.182117183131648,-39.067326032186649,-0.40000000000000002,-0.28010566808289994,1.0563928726487755
2,71.560042275067303,41.318075063802382,-0.10162993297039077,-13.9,-1.0283645837228681,-0.016691552178291991,4.8655628316062227,-7.1754607327772018,11.904737009794568,-0.016691552178291991,4.8655628316062227,0.54966567822586421
2,0.51664688553516669,-73.305729856094317,0.7943736348542213,31.20634257784603,2.3140480044706111,-0.26236189595859533,-2.6576224715462207,-21.116882787337158,22.976359120447036,-0.26236189595859533,-2.6576224715462207,12.319770802013467
2,82.765547592597329,-54.180660011981388,0.90196207469001421,-4.4496947414966641,-2.5935806141056994,0.016335836311105578,8.2688789982521556,3.7980899796950727,2.3182527469288043,0.016335836311105578,8.2688789982521556,-2.1830789689069192
2,-20.729456142627328,63.018505678719094,-0.22891602704703753,43.205301332212194,-2.4331374815556828,-0.25995236907396252,-10.57048684832149,-32.808720743858466,-28.112024230901053,-0.25995236907396252,-10.57048684832149,-3.9035232642681073
2,31.121682132610488,-52.323835941078102,0.56193012633924622,50.799999999999997,1.4745137962997648,0.59135731709626416,-11.786346558875428,4.8835989550377672,50.564715575649721,0.40000000000000002,-11.5,12.402820566234631
2,74.406738534326536,-54.682212654220223,0.86636412238555016,43.872231918696833,0.39681389363000497,-0.49669965240984393,-1.9314955754298602,40.463229864834965,16.955817952356323,-0.40000000000000002,-1.9314955754298602,20.016520603358003
2,-15.57426161981752,-26.761623520054158,0.17854747969434775,-0.60863371483140227,-2.6097979420709394,-0.51776494475689483,7.8710514749866682,0.52458042192280496,0.30862660249039559,-0.40000000000000002,7.8710514749866682,-0.042591476824887606
2,79.422280666155842,97.457333552833546,-1.1657336678671273,53.96052168120363,1.7946545300659693,-0.59703857272527938,-10.752816656372062,-11.97886889349258,52.614110276048216,0,-10.752816656372062,-48.799047178657794
2,-87.902974080933546,83.394806237288662,-1.0660000000000001,-6.3974603180064253,2.5776091806464914,0.32044626539801357,-6.9145297365126535,5.4067011755888705,-3.4198071463684618,0.32044626539801357,-6.9145297365126535,4.4895413435809353
2,-35.273528547982266,-74.468615239349674,0.82632350155534695,41.438065089106544,-2.2897657216501832,-0.10924814019620438,9.2995448686860271,-27.291503622464713,-31.18151805724067,-0.10924814019620438,2.0311879866737952,17.440135945056529
2,-29.081626386512553,78.475810111476562,-0.99357107850814974,12.228428505324928,-2.180586000031512,0.18669824542872127,-4.9560421213594452,-7.0031605172733453,-10.024480359557145,0.18669824542872127,-4.9560421213594452,-7.2813690145282122
2,64.926974484214242,69.103845144463747,0.34361428177050435,41.667323301534367,-1.3030210395521156,-0.26893013037528873,-10.565368968876228,11.024618110845722,-40.182379554035883,-0.26893013037528873,-10.565368968876228,5.781090458823539
2,56.800217127319144,-90.536371012132861,1.0660000000000001,-11.048582970396572,-1.9370546569573615,0.34819367424502978,7.5173827476472539,3.9567676738654871,10.315773128020519,0,7.5173827476472539,-7.753556500220224
2,61.634887256710726,-42.7426947681153,-0.27296022592292285,-16.617130782038018,1.7163461363232662,-0.57675833344202732,-13.02536748724679,2.4100896182504226,-16.441426442354597,-0.40000000000000002,0,1.803832965644758
2,12.397589826398317,6.4409207837666571,0.23007646785106992,31.308286712540564,0.61019242919067995,-0.44287112028894615,-12.218503993434037,25.658323357481102,17.940436431636325,-0.40000000000000002,-11.5,2.8435055631748032
2,-50.22773851022697,-64.197174042563404,-0.35318376354474224,21.08347504228211,-0.33687968414180691,-0.10836536704632516,-6.4763608098606564,19.898386812619428,-6.9690115593178552,-0.10836536704632516,-6.4763608098606564,-3.0137610013301406
2,-90.642599888757715,-3.9863687734977589,1.0014865678589968,-13.9,-1.6477231125146405,-0.19667646627813518,-13.202619091417676,1.0682280127654316,13.858892052135452,-0.19667646627813518,0,-8.4217326698129629
2,-74.867314272686954,29.853006782379396,-0.98479156722139471,-17.48587375157318,-2.6493682252688342,0.46316044139147439,8.4729672133708718,15.410017318437509,8.2636037599471077,0.40000000000000002,8.4729672133708718,10.214648473646085
2,90.389615082823582,-76.750553761257322,-0.54118241054547467,31.863478462059511,0.37742799497684887,-0.041329285473726274,-5.310974799581528,29.620785762190085,11.742670502597242,-0.041329285473726274,-5.310974799581528,-7.4260604817353526
2,29.41632905943149,-60.455484870411816,-0.49730917945650216,-13.512735123181331,-0.48550260363670938,0.51373070335417037,-4.2485930591469092,-11.951210470353301,6.3057575914854187,0.40000000000000002,-4.2485930591469092,2.8441822727736543
2,16.714519913623988,14.103126163537482,-0.43110132495029468,50.799999999999997,-1.7443351928071382,0.16946045227753315,-3.383168765730483,-8.7715920497766593,-50.036978055357167,0.16946045227753315,-3.383168765730483,-9.0602897182189412
2,75.537038813170255,38.353591539901174,-0.23996735866469684,-13.920611400315114,2.8791638211801223,-0.23223261565934267,-6.1196312645854292,13.444007567570154,-3.6113823228369974,-0.23223261565934267,0,1.3207598669471055
2,-34.982068474556144,-63.208061286790084,-0.85451669169328914,2.9281144067019724,-1.4791081272018052,-0.2471685423519166,10.023043261537481,0.26809753232702455,-2.9158150990582041,-0.2471685423519166,10.023043261537481,-1.3043048263292774
2,-90.04756067185815,-62.307689150341147,-0.12598005543421734,41.485360953534617,2.8445722300477119,-0.53963118752979988,-12.055130998606895,-39.668832002976849,12.141620195206842,-0.40000000000000002,-11.5,-2.0373522156020494
2,-61.161762104149211,21.748006753796176,0.042168187067391803,50.799999999999997,0.6855189264696433,-0.37432106400216647,1.093925525876287,39.323804108890727,32.160199477080177,-0.37432106400216647,0,0.83113104694124029
2,-86.311900757232323,-53.377224798516274,-0.10599713949680686,43.489247003751572,0.40873031769409662,-0.55993864871483046,9.6794458788176385,39.906872062260369,17.284564419148609,-0.40000000000000002,1.9353864644457801,-1.7941970695634786
2,54.953954307934026,-50.183494745335501,1.0980621367445533,4.6218047624147829,2.815084441840046,-0.34594758294072586,-13.834628150996686,-4.3776258667984624,1.4823869374144458,-0.34594758294072586,-11.5,3.5043332437338091
2,-92.327988649010663,96.076742189495349,-1.0124694984020646,14.399777827493963,0.82410454590454885,0.082605624788638976,3.5349993407305504,9.7805371384806268,10.568571084304065,0.082605624788638976,3.5349993407305504,-8.9392782774641351
2,42.565767314729413,-13.932479482966897,-0.19184164623369376,50.799999999999997,-1.356724334042354,-0.42675049495332917,-5.1751418163529017,10.791987325780106,-49.640437241831393,-0.40000000000000002,-5.1751418163529017,-3.8259914001654174
2,-48.403624934632397,8.006441461705009,-0.98393045894025344,49.371428440587181,-2.726068353765668,0.062436172973183379,4.0884299610249144,-45.170156977515028,-19.929748239520517,0.062436172973183379,1.7048017984994515,-28.787267114378096
2,-67.371754250821311,-47.419286936840251,-0.98558054829821784,53.171307560094078,1.4860002560101417,-0.19590336207903453,10.547807991821621,4.5033166740326669,52.980261292140653,-0.19590336207903453,0,-31.114106050664546
2,38.461389428918409,72.003454524010266,-0.61394589493571061,3.5477073135668746,2.4115940028500464,-0.25428284766993209,0.86723384496886169,-2.6436638692378587,2.3658547143098629,-0.25428284766993209,0.86723384496886169,-0.96957696761696366
2,-54.516441294066141,67.81591400593291,-1.0660000000000001,30.70406937364011,1.340152255153586,-0.3901247703685049,-5.2070483420420608,7.0190911020399946,29.891005941630127,0,-5.2070483420420608,-21.547173724727433
2,-8.7803714927001266,23.25450279387988,-0.38426275066358206,49.751165946092556,2.7061967859710157,-0.12404465762762512,12.492134300307995,-45.109538805527016,20.983517859222079,-0.12404465762762512,1.6917894967768201,-7.8007984683376739
2,-79.473625694013663,38.463119360790216,-0.48753344659516051,-19.044513479732441,-0.74562502042312984,0.40023643270437892,0.92313414519051307,-13.991318691032266,12.920390666140163,0.40000000000000002,0.92313414519051307,3.9155485474311549
2,17.454741825447044,39.613851072023294,0.43539737127702133,6.4422842867477179,-0.7742242121630305,-0.011067540531478404,9.6211679910094361,4.6059990895117062,-4.5041979550963216,-0.011067540531478404,9.6211679910094361,1.1620233297120479
2,-86.591493307401151,68.431676361359308,1.006630414761436,50.799999999999997,-0.33137133346768843,0.56315177596508714,7.3588033176694694,48.036331820232256,-16.527275191529348,0.40000000000000002,0,31.130237924733152
2,42.680349659321223,76.988860190258407,0.82152100806400508,21.084976417000576,0.50376435931002739,0.53684637669732516,-2.8459751401864501,18.465623918995288,10.178259369248728,0.40000000000000002,-2.8459751401864501,8.7890046830997974
2,-19.008347638122984,41.490406034442856,-0.2843299675000579,28.015968745801224,0.19628924739814879,0.2908710680498876,9.1220617323118489,27.477979254735661,5.4639876319431329,0.2908710680498876,3.0043044652030599,-3.1748326144277978
2,56.224112368037737,71.411553669205489,0.15818473313700482,48.58061976894048,-3.0191645581517501,-0.58147405196315372,3.7692850958440687,-48.216995620246962,-5.9327860648649411,-0.40000000000000002,1.732553030412598,3.0049318275934995
2,-21.647301267432169,48.776900618045062,-1.0660000000000001,45.47150147676183,-1.595632032388945,0.15538701694386547,11.217283019235261,-1.1292007310972541,-45.457478507502401,0.15538701694386547,1.8510165107042755,-31.9105044325214
2,-3.6391549616690213,7.0819549940932802,0.84918989866765926,7.4832874933158848,-0.97684128993899311,-0.019261720882747246,13.007505813907127,4.1879699413571618,-6.2016529633563691,-0.019261720882747246,11.247529922534685,3.2977331067588262
2,36.784984443918972,89.688696996681472,0.89074253148704052,3.5904722388104133,-0.86631092558251455,0.41818789254484734,8.3259893179899969,2.3253399731341737,-2.7357421126657058,0.40000000000000002,8.3259893179899969,1.7214738592006844
2,84.591009379396667,96.207115587838246,0.90699852108059442,-13.672737616305247,-1.6251440725859871,0.15968109996265656,-11.477082224262851,0.74271671793438876,13.652550157433197,0.15968109996265656,-11.477082224262851,-6.7779193994012852
2,49.120431073984946,71.372183926576639,-1.0660000000000001,33.1408700868419,-1.2979121332372094,-0.46086623824716266,8.875141446184788,8.9317967333726607,-31.91457781683232,0,2.5397190773641718,-23.257245691441266
2,55.028564295851254,-11.581960616936811,-0.62589663129975737,-2.2331481243979852,2.1223500956517025,0.20148355463560141,9.6010645578690585,1.1701946809553414,-1.9019976220190355,0.20148355463560141,9.6010645578690585,0.62593360684761978
2,-44.775329654119304,-28.908189589090554,0.67096049563626459,46.005043579964791,0.80690649024960059,0.099487968244954761,7.7772967902525032,31.823331927616213,33.22257635733903,0.099487968244954761,1.8295494026367014,14.160876390919642
2,-75.805097680670698,48.263091533616858,0.72372223864322893,2.8726966190242749,1.1761124587713745,-0.26772180033008269,-12.405409308562405,1.1045989072449875,2.6518384413585001,-0.26772180033008269,-11.5,0.98434129650485036
2,-45.295940434234147,-58.527820891553418,1.0660000000000001,-1.3814320243175047,-2.8239189463144045,-0.39554908815115042,-4.2020380750568336,1.3123115519955124,0.43150067011429821,-0.39554908815115042,-4.2020380750568336,-0.9694466050948175
2,-12.385464549078833,69.615748777749445,-0.95622548924488004,-4.5068783805668389,2.3344538596828492,-0.11393786003311213,-10.474300856060074,3.1168126097063462,-3.2553697014619227,-0.11393786003311213,-10.474300856060074,2.4762345059463478
2,-18.533871054493616,14.064694481503153,-0.54127816126948258,30.610540185551173,1.4879899831549146,0.19055974324984937,10.064757116107913,2.5318511555613692,30.505653577285077,0.19055974324984937,2.7496574542558814,-7.135599501755264
2,-93.181722892602863,4.2256818470361566,-0.97172280518511389,2.2672796661045354,0.72071530949312645,-0.29524844675491418,-12.446221158024166,1.7034840120924457,1.49622835986908,-0.29524844675491418,-11.5,-1.2876243964938994
2,-61.092367119907578,-23.734824367268175,-0.084783733946917017,-13.9,2.7964458749878638,-0.16795788858852623,5.8587859045389337,13.080258653832358,-4.702853766474532,-0.16795788858852623,5.8587859045389337,0.45807125653795683
2,-63.081402316677341,54.127375907508593,-0.22218798240993773,-9.4919572131590932,-0.44451258817674155,-0.2576609792937028,13.637690150089863,-8.5695323083190313,4.0817113755285588,-0.2576609792937028,11.5,0.83151452623546618
2,-13.147168547574722,13.386299491092018,0.88685570452807294,-0.17551834285648127,-2.0976250513499441,-0.087277647562719385,-6.0471967112180351,0.088249675839658037,0.15171909370043241,-0.087277647562719385,-6.0471967112180351,-0.083487566699881291
2,98.284983023442805,-52.888591245151993,0.72774479445021389,-12.908718073612423,-1.0609021919638706,-0.50926557395000083,11.559855491122192,-6.3005497363041076,11.266679871389188,-0.40000000000000002,11.5,-4.4592111786472657
2,5.6351220231170913,-21.885325226635004,-1.0660000000000001,-14.928318876724655,0.6664433236333358,-0.19690986454639453,12.775363979761281,-11.73403706644333,-9.2286011187236632,0,11.5,10.476236108659474
2,-46.468402323377902,29.892617655293861,-0.6613493514879687,41.515064503603107,-0.45367914798377651,0.031049512818673852,0.61666057722016099,37.31543001747994,-18.195034029890792,0.031049512818673852,0.61666057722016099,-12.528496563507227
2,-88.110844521597258,94.176330782273766,0.29544282733568555,-14.900082166207376,-1.5515813326930543,-0.171870065350265,-7.2876721805849325,-0.28628737320203812,14.897331576482957,-0.171870065350265,0,-1.7584309235375146
2,-19.457199476288565,-35.733595584541831,0.34159455336827799,53.793227983554971,-0.94565629726170508,-0.56747596329489147,-11.484120647929384,31.48037938096645,-43.619916218639673,-0.40000000000000002,-11.484120647929384,7.4159980910895076
2,96.874547953871371,-71.750155570330918,-1.0599178775437879,-13.9,0.30725927110942619,-0.35139887347619259,-12.970112073526256,-13.249008443716008,-4.2040189412444304,-0.35139887347619259,0,9.6159628265390911
2,63.442373144152725,-51.2516395682038,-0.87417119176679481,-9.8650955148271731,-1.8917980041095386,0.53182695311068018,-8.558687796745204,3.1126076127958773,9.3611849338333428,0.40000000000000002,-8.558687796745204,4.5727792367799251
2,13.1323337408556,-37.798874146496722,0.77778740586215278,3.0072602191294067,-1.0102494036721583,0.51874096928972213,11.41692167425273,1.5988083974736043,-2.5470425465088198,0.40000000000000002,11.41692167425273,1.148480104977706
2,-72.088106145805483,-40.131781844360795,-0.76257859378513249,34.332282125904221,-2.6966028753340643,0.17746256014419204,6.3414981966337294,-30.98883507569532,-14.778284630634163,0.17746256014419204,2.4515847706055518,-12.718570573304117
2,-21.043934825274206,-64.560948330669589,0.57766954362390532,-13.9,-3.1145344011295331,-0.071717530005161456,12.132124057107244,13.894911874718083,0.37606381615145373,-0.071717530005161456,11.5,-3.5133463563673444
2,83.348065034923337,72.505153690082381,-0.12018524580464855,26.186898086294846,1.5066354229384418,0.11080586432342132,-7.5090920538556105,1.6790225135208883,26.133015799579709,0.11080586432342132,-7.5090920538556105,-1.2262998844194617
2,41.255518892686183,-55.321107314043275,0.58323604903232851,11.322051127575484,2.7689610170175101,-0.40314160621725914,8.1413158363783218,-10.545046813473689,4.1219933814941632,-0.40000000000000002,7.4340328489599328,2.8966965611893114
2,73.00850487374629,28.873063937255154,0.915457385369424,-8.5975512471563995,0.65064961320715931,-0.29516873173586089,-4.8054492431683578,-6.8409897949317529,-5.2075662331957124,-0.29516873173586089,-4.8054492431683578,-4.3371259569150284
2,29.57606663438122,45.74387555624341,-1.0660000000000001,13.104235755659303,1.2926652650964741,-0.18381943806542178,-4.5880447690182731,3.5978860436555271,12.600643267578388,0,-4.5880447690182731,-9.1961505467215172
2,-17.439257307395309,-44.769764113928233,1.1113082348313754,-3.3785355699482764,2.9821739245559877,-0.58026876358384294,10.986609045960421,3.3356948052229463,-0.53632337615880266,-0.40000000000000002,10.986609045960421,-2.6475987776655328
2,36.090908162361757,-26.070013685902694,0.62726180280961186,4.8892515738115812,0.85977986332759304,-0.089577547195373808,11.620631843733406,3.190746509393346,3.7045806327860107,-0.089577547195373808,11.5,1.3743626290871511
2,15.252621548832224,-25.511020377211054,-0.099409015681853632,40.9233036382441,2.9325897984739031,-0.36553762796989253,11.428773297417287,-40.032742702582283,8.4909535611006408,-0.36553762796989253,2.0567376657573146,-1.5826821264608546
2,22.080622392058345,24.487517228863197,1.128736830537149,-13.9,2.6919141851414663,-0.080262923506700279,9.0822818281503608,12.518158062178882,-6.0419962537480849,-0.080262923506700279,9.0822818281503608,-11.387873271299519
2,-11.859091717843313,30.507665712297467,0.64405079175545588,44.401376653925652,-2.5618643285350804,-0.5134954905536584,-10.990851588296984,-37.146702476264515,-24.32292630222889,-0.40000000000000002,-10.990851588296984,12.92761184498114
2,81.673001467103063,-84.156327862212592,0.55198385945381145,6.6338290510632518,-2.0583471417924879,0.403548533076307,-2.2833255987781822,-3.1077066589173139,-5.8608742693263567,0.40000000000000002,-2.2833255987781822,1.5841423069302729
2,-53.113045808769854,94.690840633085202,-0.65581684790103212,38.573421879351358,-1.4141647940777444,0.43024951782775733,-0.57126975235182975,6.017140066273118,-38.10121915247953,0.40000000000000002,-0.57126975235182975,-11.508456756438735
2,85.023007529867272,-39.453311295480063,-1.0660000000000001,2.2195881133640611,-0.32564984511413719,0.15910059913086871,1.5260035358991413,2.1029332765555142,-0.71010071633714122,0.15910059913086871,1.5260035358991413,-1.5576388293681562
2,-98.249167765344694,44.697563442765812,0.45963003535569658,0.085631353641801411,0.63000108091249851,0.076066997659295588,-0.12008672621984751,0.069192434785302043,0.05044933790456501,0.076066997659295588,-0.12008672621984751,0.016435801474930851
2,82.403379149010448,-66.413783591363142,1.004733371755546,2.2757639935180123,1.2221143785719377,0.52981502627007526,-9.6820536328876852,0.77753608794531781,2.1388172867582078,0.40000000000000002,-9.6820536328876852,1.388750544814533
2,-88.193543044856625,-13.757829439757813,0.63352958201894105,0.47893277910555909,1.2501897648366782,-0.25986406815328317,12.60731604354655,0.15093196452936644,0.45452849083977159,-0.25986406815328317,11.5,0.13641124854970568
2,-31.678224675791995,-25.823187575030019,-1.1672795004502297,50.799999999999997,-1.2586378303272383,-0.57435781214922355,-8.1212690805251082,15.601367468460944,-48.344982501952032,0,-8.1212690805251082,-46.137625795625802
2,-24.537385878791667,44.476291902384048,-0.559000625977077,30.436721607710702,-0.36136235832841779,-0.19114167367231111,-9.5486582512132543,28.470997340262056,-10.760870442305052,-0.19114167367231111,-9.5486582512132543,-7.3829332917128063
2,-8.9704028009133623,-37.295505886683841,-0.63709236491578747,47.612205769181756,-1.7697052828465956,0.45193443160266222,5.7174184142906803,-9.4081679106930896,-46.673424073782179,0.40000000000000002,1.7677924943876524,-13.662600761100764
2,-51.738977309430176,46.205532208054507,0.4560894411356472,40.345633171212718,-2.6927968817453709,0.19788213731447835,-4.9777979758595432,-36.350215086479267,-17.505198632199374,0.19788213731447835,-4.9777979758595432,7.6749669904352942
2,-29.299277292024001,34.04720266142408,-1.0660000000000001,-3.003519293474799,2.7614598366561278,-0.19115403337546955,-9.2642890712019472,2.7891141585860182,-1.1144372376452443,0,-9.2642890712019472,2.1077776764546035
2,-96.606788696857464,-31.018038206728818,0.40185382018127669,47.074634333083537,-2.0801002148044123,0.54555396332210659,-10.295905590136895,-22.952160666625911,-41.100115794568239,0.40000000000000002,-10.295905590136895,7.7574489457019151
2,99.793491279979378,54.760708637479638,-1.0117062012266982,37.602200610227193,-2.4215014798780268,-0.11055765050835953,0.56073247011693717,-28.267289139876564,-24.796892051512962,-0.11055765050835953,0.56073247011693717,-23.303568382546899
2,-87.995385650148989,-9.3920931380171453,0.93511635728804365,36.500336964783088,1.7507692890733413,0.051792623939500126,4.6694514474497844,-6.5336688128005616,35.910802976087126,0.051792623939500126,2.3059650129040992,19.181909886622673
2,67.378240784593345,14.385071906576187,1.0660000000000001,53.398423030368747,-1.2090077324414694,-0.40837324909650236,-9.3104501720895669,18.900244138990409,-49.941689535064533,-0.40000000000000002,-9.3104501720895669,37.473374739363891
2,71.738911242726914,82.808649892538824,0.32949501893186628,37.968334784175937,-1.332906692921404,-0.19863157919179081,-8.5055987023931863,8.947322376575082,-36.899049697423145,-0.19863157919179081,-8.5055987023931863,5.0345555621890776
2,51.518677004496197,-12.638651747238868,0.10300842180957794,50.997600758121976,-2.1423083255288904,0.41135599863148353,11.094236095478358,-27.584825855188971,-42.893270633325471,0.40000000000000002,0,2.0442108827512708
2,-21.950617376285891,16.713193287983245,0.62867429988257451,1.9107653908360795,2.6256092590082885,-0.30863891779782265,-2.2480046350063851,-1.6619989188585331,0.94275339963853888,-0.30863891779782265,-2.2480046350063851,0.53871197774169932
2,-51.326870080508826,61.802145128088284,1.0660000000000001,-19.766770431770887,1.1018002598579439,-0.027895589971140833,-2.5313265074315332,-8.9344019867085986,-17.632404102737361,-0.027895589971140833,0,-13.87171294095074
2,-85.994795414702338,25.436108247025487,0.62399292312930477,16.57939854381199,3.0985445129411566,-0.51262678043326737,13.918451844466841,-16.564038922681256,0.71349186572485257,-0.40000000000000002,5.0766920028841822,4.6284653263327007
2,95.294828525310606,94.422418088102177,-0.93924829006650679,3.0782093699159212,-1.9814874509776856,0.26438170529866489,3.1541766785808001,-1.2289537808487092,-2.8222412245546686,0.26438170529866489,3.1541766785808001,-1.6317516365191198
2,26.923529381242275,-54.977682402533446,-0.23913279783930194,38.775489114919594,-0.061733103778585541,0.25141168671186309,3.4029222582526764,38.701626345644605,-2.3922111744900647,0.25141168671186309,2.170662496365896,-3.6656444764413361
2,-73.048067577685742,-91.415225695306276,-1.0660000000000001,35.315747401373542,-2.9352487944104175,0.14465634463463128,-1.8352592067643378,-34.566578027604038,-7.2355855311912256,0.14465634463463128,-1.8352592067643378,-24.783507854150358
2,-77.600714618638762,-24.225125235154096,0.78754352620184664,52.863013053600852,-0.50577148957260487,0.055757457725074788,11.465826172546617,46.244614653295805,-25.611203889574444,0.055757457725074788,0,20.586319066630406
2,32.597982633767543,-34.18497501523234,0.23446837234288487,2.8619755523389649,0.34692739303444009,-0.48162129491504102,1.7916307447854951,2.6914643925721813,0.97309993613296553,-0.40000000000000002,1.7916307447854951,0.26507924873038868
2,13.335302002594034,14.551092696358282,-0.050264659543750839,28.40883529148698,1.4907653128686347,-0.4398609860889352,7.0446343313715118,2.2711616288516381,28.317905068603999,-0.40000000000000002,2.9627578581238776,-0.55417315714660342
2,-20.085475750743626,-82.966844797456616,0.29028782437539602,50.799999999999997,2.6518618849183522,0.39232071548985181,13.330348450018345,-44.828944320268064,23.895726629050337,0.39232071548985181,0,5.8843767224967527
2,9.9817001419084619,80.10289543126953,0.90234926955368566,45.363977527650178,1.9770580130091604,-0.47678706031202484,-10.253823112350281,-17.926848872662877,41.671555606022871,-0.40000000000000002,-10.253823112350281,22.273888928374348
2,30.528475814125102,12.869244433410614,-0.21719486688222026,19.966520419545112,2.3628290435923862,0.36085826141327992,-11.130221779399527,-14.211820261008487,14.024482255431057,0.36085826141327992,-11.130221779399527,-1.7085218847502979
2,51.026407962935366,-96.8552114641559,-0.37704492201261092,46.591790207192915,0.79642676102187027,-0.44841188356671713,0.094539799245698219,32.580033378587295,33.306701123966256,-0.40000000000000002,0.094539799245698219,-7.1541366401665725
2,64.713053618452193,-3.2605874575169196,-1.0660000000000001,-14.358850977473903,3.0083391060355726,0.4314686594053162,-12.18307991090235,14.231557975754049,-1.9077104015165933,0.40000000000000002,0,10.076601011223632
2,-44.151743763125872,40.951447437711749,0.33609522054172847,44.52224418608597,-1.5437866337912598,-0.35366884853547464,-4.6979685055171618,1.2023859400522559,-44.506005161288414,-0.35366884853547464,-4.6979685055171618,6.0311559110847854
2,-52.999167610818155,-15.090214837295051,-0.48530977359112965,52.180915189442103,-0.089066142442323137,0.22941090762420868,13.159242248986182,51.974082172759331,-4.6414105945294395,0.22941090762420868,0,-10.670812216446791
2,-73.714698483837509,32.27844536804065,0.26719091072128759,44.545847265130305,-2.0582178986397937,0.44554859106585021,2.675522343262184,-20.863016134136348,-39.358189317536997,0.40000000000000002,1.889480280822621,4.728276232268299
2,4.9992786065063513,-2.8798751213214899,-0.85319034029435992,-13.9,-2.631568337851721,0.48832175639011888,0.38874530855174072,12.130983654267711,6.7859587074995984,0.40000000000000002,0.38874530855174072,6.175084761960373
2,-24.905505778963487,7.3177391950800796,-0.99612244447822151,30.976101599386197,0.78105425983794818,0.3909398743295498,11.851413674189182,21.998350850717472,21.808058834848968,0.3909398743295498,2.7172076424771223,-18.547910288446019
2,-76.637865897469453,-97.838092229196732,-0.78158345618998248,44.468762558882801,-1.248903551985489,-0.2583848539098561,7.591234501455844,14.068257119465581,-42.184771957886689,-0.2583848539098561,1.8927556144282009,-17.112164322640087
2,58.131256753269298,87.160408041167244,0.14153739468927803,9.1134223999088277,0.88778932814046385,0.18366419815192514,10.126578278682061,5.7517391311959978,7.0690851463133964,0.18366419815192514,9.2356632126304206,0.50353506802005099
2,-64.758825526884593,-90.941309416007016,-0.4860155124504093,-13.9,2.0303634571433351,-0.39074907476763693,-4.6062807717507397,6.1654866611912587,-12.457799734731358,-0.39074907476763693,0,2.8473643406487192
2,-15.244407397825313,-29.226165755908013,0.030692455475948614,-11.663071298687443,-2.6029867676989698,0.12358159880173725,-1.370785244678336,10.011867452789614,5.982452860327343,0.12358159880173725,-1.370785244678336,-0.13884949664260263
2,-17.988782657187755,-94.850756117465323,-0.79804867021718717,39.102052871219819,2.3837716251477463,-0.10898115657992358,-11.427224764443539,-28.401206349251872,26.87642120243849,-0.10898115657992358,-11.427224764443539,-15.550779521717395
2,-91.214619196808982,-33.817953738412939,-0.4950974256687446,-0.87220221853854341,-2.0817803457095438,-0.3436800906182253,4.8788816057533317,0.42653811624467419,0.76079034261352307,-0.3436800906182253,4.8788816057533317,0.18261525795164399
2,-64.291129940259736,-40.9082238592366,1.0660000000000001,-18.389360926797178,-2.1046692174574684,0.11671449591687488,10.628553409864832,9.3578143044419395,15.830347650623361,0,10.628553409864832,-12.905089216499434
2,58.097579588889289,26.9394880925162,-0.069180257071064746,38.917159218130017,1.9017764909843704,-0.1456361909277053,6.9414946544947895,-12.646915045948367,36.804902138571798,-0.1456361909277053,2.1627606354368516,-1.0456353348851322
2,47.828531233811958,-86.804182921582068,0.053242306833261463,35.398917711951377,2.0964507324850272,-0.5566879077495005,-2.0327126103285895,-17.76243955630067,30.619913719445229,-0.40000000000000002,-2.0327126103285895,0.73151095267311728
2,-88.490539742058289,34.310517373835722,0.21346704910698594,41.75766200170203,-0.97398353692609652,-0.55082398045799463,-4.6942958070212981,23.468185701919182,-34.539058987016794,-0.40000000000000002,-4.6942958070212981,3.5099270033532721
2,69.655195232983857,-91.405774037532183,0.32970910054460406,-13.9,-1.6393014705659013,-0.20445888208583368,-12.201928208460373,0.95147688443069089,13.867396718144112,-0.20445888208583368,0,-1.8444121915415761
2,80.987607736512075,-60.23070520569631,0.99787208593893617,52.47407116279939,2.0933503612970163,-0.19469179237923512,-5.9143738954364249,-26.189544183772853,45.471264770674061,-0.19469179237923512,-5.9143738954364249,31.541311557351612
2,-98.915935770199908,86.181015913839559,0.44557764694997021,-13.598246852971172,-0.91777664212539412,0.35394271900944707,-2.0781294457490826,-8.2621256927428544,10.800444273809239,0.35394271900944707,-2.0781294457490826,-2.5183833574220138
2,-65.811274830212426,-83.830522391698551,-0.95513963605382168,15.588610752017559,-3.0224798699854198,-0.11902503265452441,-6.7600178663902319,-15.478156960378119,-1.85241525793107,-0.11902503265452441,-6.7600178663902319,-8.545209477887667
2,65.835865965012573,41.181328652531278,1.0660000000000001,52.126999657925353,-1.6081801319848519,0.29986377510322526,5.5404521554293105,-1.948251730173588,-52.090578884604703,0,0,36.581128830512597
2,-16.104279940047732,-44.696233562753918,-0.61236329358115782,-4.4128481324439068,2.4176636710619333,-0.041056796902583681,4.9755110371558722,3.3061465169162223,-2.9227767360331183,-0.041056796902583681,4.9755110371558722,1.2019684148019782
2,-67.843801501329935,-36.125886514643483,0.9312849268290786,26.580760119003727,2.6553622230008944,-0.54479551932476,-7.7930592224744544,-23.500067100574892,12.421097164602514,-0.40000000000000002,-7.7930592224744544,13.857456692536223
2,64.085273117874095,46.171754907465498,0.27682210203925578,44.066757938417638,1.2705929189134872,-0.15168689033243205,-12.281102227719892,13.031180326731022,42.095932042126257,-0.15168689033243205,-11.5,4.8547998966118913
2,59.675549463784336,-73.772769822278491,0.3183686924687516,50.799999999999997,-2.987348117833553,0.59906240100097052,-9.3139206859094887,-50.196896175276706,-7.8045893145309044,0.40000000000000002,-9.3139206859094887,6.4921389478867404
2,96.159861822631427,-96.678704778703988,0.19212473190473348,-15.383851639683829,1.1806117263290483,0.4124295942255819,-5.7041859295859254,-5.85138869166917,-14.227583830391195,0.40000000000000002,0,-1.160384054586159
2,-87.812352351697712,50.887334234834896,-1.15404936081131,-17.221239712580466,0.1789181963584392,0.47580731453311975,3.7098588542759998,-16.946333479294388,-3.064780391268632,0.40000000000000002,3.7098588542759998,15.084862974431543
2,-55.272872660211306,95.712514494266713,0.22061070737613386,-4.8632477426930407,2.8420229333638138,-0.074667310995393921,8.2601649590838768,4.6466559870663788,-1.4351887487954791,-0.074667310995393921,8.2601649590838768,-0.42290519181384723
2,-60.012131415511519,49.75764744815686,0.51625181793912045,50.799999999999997,2.9069793539681399,0.58035823559306088,-3.9984849367423401,-49.408298901643249,11.809318339594309,0.40000000000000002,-3.9984849367423401,11.180623399152058
2,97.539029972233124,-38.570021498783788,-0.42407895493348924,-14.755370541658369,2.1836234793508007,-0.30427526066593086,12.87757277239599,8.4870299958214499,-12.070264357985973,-0.30427526066593086,11.5,2.5831291533316638
2,19.859664093394841,53.209972161887293,-0.025484770627385269,42.53695262534859,-2.6837523612735144,-0.49484209598571044,-3.9966216078399892,-38.156038064955311,-18.801837618616741,-0.40000000000000002,-3.9966216078399892,-0.42044043827173505
2,42.118455903727323,19.746412420682617,0.88552351480549696,48.198733857711403,-2.8329806792507357,0.5136718957205112,4.4777020851536342,-45.921636807158542,-14.639713741665766,0.40000000000000002,1.7462803120197259,22.86408798384651
2,-52.716788259498884,23.985346448430576,1.0660000000000001,43.15164151110271,1.1491010736817744,0.3074301065719941,-11.347124011787786,17.662302730895178,39.37140113515057,0,-11.347124011787786,30.282497894078279
2,25.675845411440818,-66.020818714255626,0.53542139027210411,47.705721502228926,2.6307727039890203,-0.47746455615624123,-7.5495949969353013,-41.615796749111134,23.322978475848632,-0.40000000000000002,-7.5495949969353013,10.973664362518525
2,-32.871622132449076,60.69439376353435,0.83225891214794845,24.157629901934243,0.92590720154480621,-0.45823735930022713,-7.5012361824270597,14.521388920286224,19.30596659855745,-0.40000000000000002,-7.5012361824270597,10.289164557913399
2,-85.140181252115823,4.3075074988313702,0.72834835463317438,40.833697446496721,1.3385684638619155,-0.20947368242281739,-12.241902927985878,9.3977183083222489,39.737560792648786,-0.20947368242281739,-11.5,14.122817408277136
2,46.054406337107679,-57.324585125160318,1.0660000000000001,50.112826082901051,2.1660168876435204,0.20110226891254923,-5.8754737767751788,-28.097830514122315,41.49466542116884,0,-5.8754737767751788,35.167643620957172
2,-27.98341297740356,-42.931927923933166,-0.75741277937661378,10.35341545672777,2.3484124613459523,0.31308127395460583,-0.20224405563228842,-7.2637771732807561,7.3777200269822467,0.31308127395460583,-0.20224405563228842,-3.7960024715841976
2,90.382979106102653,64.954107784378436,1.0851714741723384,30.525143466572764,0.8442292334677628,0.23245647414246262,7.6975726187265749,20.278084685283307,22.816302617894262,0,2.7573498579022431,22.426786716552318
2,-32.00880498825309,-27.319846840914181,0.60325942051327852,45.519527202374846,-1.5900340056299922,0.50627031187822114,11.305917558729021,-0.87563603227272169,-45.51110434022371,0.40000000000000002,1.849063581565688,12.160116923095694
2,-73.494580408519212,95.055855820070803,-1.0660000000000001,10.089230824815822,1.0800531423626518,0.55628521297204114,3.7013571217002514,4.754867778312736,8.8985285888835044,0.40000000000000002,3.7013571217002514,-7.0803126024010954
2,77.395207471510844,68.984729381643035,0.032681166600588681,36.161181313398153,-0.967647183599468,0.0081607744883109845,12.454112209699034,20.512023985670208,-29.780663289989793,0.0081607744883109845,2.3275926544140457,0.45841430195065391
2,4.9702183252184682,66.503076320737932,0.014755077558770563,40.154281238244586,-2.7126324844529681,-0.5985154311040658,-11.460557982332851,-36.516252495207191,-16.701185750308753,-0.40000000000000002,-11.460557982332851,0.22975671547654231
2,91.796564022957028,99.398981624807135,-0.15021132994809186,7.5602827900570517,-2.2960987337599459,0.40120894215494018,0.25671715176303067,-5.0152025262619606,-5.6573509247887817,0.40000000000000002,0.25671715176303067,-0.44369830930417314
2,54.536876885303855,-99.08598326277685,0.80034644850047898,50.799999999999997,-0.20241841077036637,-0.20069306272896892,-6.9441627003524502,49.762829008495665,-10.212778714494045,-0.20069306272896892,-6.9441627003524502,20.296114517115623
2,4.9950618237561031,46.911251422753821,-0.18966016601146324,17.195921456266376,2.0533724248197993,0.55377624003396486,4.735855056991646,-7.9799844784128622,15.232188367216713,0.40000000000000002,4.735855056991646,-1.2800189737614924
2,-12.299092268581902,-52.976240952045409,-0.57055332464089836,23.413852650312791,-1.0529516331080719,-0.32500660294051253,1.0867184810812844,11.590057696279221,-20.344017757745839,-0.32500660294051253,1.0867184810812844,-5.8264194905366882
2,-17.635092640697309,-98.687294458887905,-1.0174830696564032,20.742047215680522,-1.4087608095561521,0.56512658654980907,2.227512541692505,3.3462604095621815,-20.47034596602893,0.40000000000000002,2.227512541692505,-13.021355420589067
2,40.796813884265589,-73.050594871254532,-1.0660000000000001,23.325833297024765,-0.61132411775712781,-0.34335949911109603,1.1918062378724859,19.10126260079986,-13.387914925628777,0,1.1918062378724859,-16.369354049092877
2,-72.110779987568776,-72.176263949211489,0.75602058563340857,-2.0243750486704961,0.7186372067733755,-0.51677380169933618,0.73914588305520468,-1.5237544591520857,-1.3327665534120399,-0.40000000000000002,0.73914588305520468,-0.74015484108173579
2,34.036886902878848,-97.810006341373182,0.72701954216112441,37.484368429238216,-0.42876396288722995,-0.30793972378698797,0.42520902394140236,34.091295505478875,-15.584012554441385,-0.30793972378698797,0.42520902394140236,12.929773327303382
2,90.269909665605098,76.121852493437018,-0.81644075488443557,-9.8574437564174264,-2.5277386910824684,0.393285752681653,-12.15213667703966,8.0578109263378845,5.678105360621859,0.393285752681653,-11.5,4.0673190528997978
2,88.112704918541539,-6.5032753269536698,-0.37773109679554362,50.799999999999997,1.2690518428540383,-0.14078609531813524,9.7637333915058804,15.097065325871624,48.504830878443073,-0.14078609531813524,0,-7.8159444595690628
2,26.145192869590005,11.559961590831676,-0.68879599093968003,-9.165707677626461,2.5305838069930005,-0.42380971211051433,8.5270400367145136,7.5073531211153268,-5.2583121195475471,-0.40000000000000002,8.5270400367145136,2.9261381258435697
2,-76.99802462749112,-69.3066113841397,1.0408665201051404,36.016999363326399,-2.5894988149594758,-0.19939853859654227,7.2519031008313064,-30.665890066318653,-18.889876378057991,-0.19939853859654227,2.3369103892009093,23.839912395003996
2,-91.120324280615534,35.649713055788595,-0.83278935833165957,13.673736272914738,-2.521805734367303,0.35168418928083212,3.1547321379574704,-11.130452032016921,-7.9425500454321734,0.35168418928083212,3.1547321379574704,-5.8300970293017711
2,-30.163644349024651,4.7414853350046542,-1.0660000000000001,32.379341508385821,0.35539700271491004,-0.27405164400068666,-2.3219954268769882,30.355905318000417,11.26679940538887,0,-2.3219954268769882,-22.722828302766882
2,69.729193041312811,13.640270114451411,0.67147047411035443,44.836503781112327,2.3401362130754952,-0.43151951018656715,13.546518122080258,-31.191015320641622,32.209201085733241,-0.40000000000000002,1.8772315613836181,13.81564591929733
2,58.335599630305808,-21.975943990963344,-1.0669296948340894,47.440605519591045,1.8246051024656023,0.54912097173640972,-9.4054630134237556,-11.911981469027932,45.920755106454727,0.40000000000000002,-9.4054630134237556,-33.365603271800644
2,32.870294501198373,-87.702473411586098,0.35033817697925268,-19.666121232468623,1.0541370789499718,-0.56770720302634714,-2.7056997130221099,-9.7146352007879386,-17.099186742233243,-0.40000000000000002,0,-2.7865356135140504
2,93.840135220089508,-5.7335218379460855,-1.0660000000000001,2.9817547898278782,-1.9982119681913013,0.52347829215253106,-9.6479983559775686,-1.2359979480552197,-2.7135162979176632,0.40000000000000002,-9.6479983559775686,-2.0925040156441805
2,11.127066909912315,-57.569703631676219,1.0383184372088037,50.548888707327919,0.0035613794043363178,-0.24959539967262012,-5.1986875843683578,50.548568141191303,0.18002339060165989,-0.24959539967262012,-5.1986875843683578,33.264045414173815
2,-92.24525344595223,50.144786878206673,-0.42799069131326312,-4.8656284767320575,-3.0606493165381292,0.087825252001595411,-3.7190446717978816,4.8496978072341292,0.39341028468305161,0.087825252001595411,-3.7190446717978816,0.86069506001040497
2,-4.1923098994003851,55.477479713741531,0.35184253720839609,23.54356885852895,0.45245588923563895,0.4781508618096314,2.3860555258433394,21.17452457104482,10.292674277684753,0.40000000000000002,2.3860555258433394,3.3515156994748478
2,41.348563717817456,-34.144146800672928,0.88269936169298457,50.799999999999997,-0.084123622223469585,-0.50519442980401263,6.3059875777042791,50.62035567057756,-4.2684413764541613,-0.40000000000000002,0,23.959642753088023
2,-83.118693060209822,-74.297146413102979,0.34279102584663407,41.377411462620231,0.91817201858431741,0.27860022759871128,-11.935656584260945,25.127405009409792,32.874058113352298,0.27860022759871128,-11.5,5.7259714992871391
2,-32.107978910114895,-89.585641056155566,-1.10053441618742,4.3565025871784648,-2.5285650279906209,-0.35526763883776663,-13.604387793940221,-3.5632263150981425,-2.5064981586836983,0,-11.5,-3.323419101099951
2,-26.016094266648196,49.730102724750623,-0.82595031652880291,-18.0786411686755,1.0142364901701022,0.12534033355581087,-0.9012788753538814,-9.5503742016489372,-15.35016674548544,0.12534033355581087,0,7.6031044917998063
2,-62.895059665937183,89.432015972808614,-0.73289993485895144,-13.9,1.972596802946839,0.083929996587337241,3.1722520347392731,5.4359572141995463,-12.792981246190893,0.083929996587337241,3.1722520347392731,4.8517090140626991
2,60.457768106874084,29.660369114668811,0.75497288652671468,-1.8870755684837484,-1.3948505133175393,-0.25480824443120215,-9.2016637357325806,-0.33031262661199912,1.8579418101407115,-0.25480824443120215,-9.2016637357325806,-0.68850841157466414
2,57.950337628125993,-66.706742492288384,0.11109570432605832,52.647327642181821,-2.3888071246065623,-0.26193311524113583,-9.3974551502639461,-38.421351521760691,-35.993622422653431,-0.26193311524113583,-9.3974551502639461,2.277345002614962
2,-37.073500617103996,13.104951253462602,-0.83861242630865329,34.886310278281414,-1.1608764052953706,0.58150456707818854,2.5797795754890842,13.903446542751311,-31.996075057190687,0.40000000000000002,2.4126512471110875,-15.049678041499471
2,-42.055797077110093,-8.9859915266279131,-0.8451999520569754,50.799999999999997,-1.3365081941751911,-0.012416635971500778,-5.3932243775783686,11.793251767131498,-49.412136290156994,-0.012416635971500778,-5.3932243775783686,-22.207236324998757
2,92.019386556020862,-58.523011390347413,-0.42061012500898609,-8.1795719562365434,-1.3651800231428128,-0.10766038330608929,-10.699934822541689,-1.6700274602259813,8.0072720491652127,-0.10766038330608929,-10.699934822541689,1.4187217661748797
2,16.77165747005138,7.2680843689506816,-0.63536720623291998,10.551044239251411,-0.82531225535260111,0.21188702368844248,6.8771692241181874,7.157064158308434,-7.7524813558303487,0.21188702368844248,6.8771692241181874,-3.0167742648976583
2,25.077579550404835,-17.721102395125257,-0.55058806732794041,-2.0284600992101147,2.0750185220809181,-0.58831036983643736,1.1644163704219377,0.98000298880324488,-1.7760192893164803,-0.40000000000000002,1.1644163704219377,0.48287841407758275
2,73.588005668381896,-56.60482461980714,-0.35498250563457251,50.799999999999997,1.8132416414958268,0.42488950950082127,13.088295615747111,-12.195918732868517,49.314293731749487,0.40000000000000002,0,-7.3018404732508264
2,-35.906056888427358,81.347483498744253,-0.80661769691383933,-13.698634831633417,0.90279883073819889,-0.41418127739903143,-11.043840187785229,-8.48514177129824,-10.7542998550073,-0.40000000000000002,-11.043840187785229,5.5421365090159895
2,-99.516490579055869,17.473940233898261,0.58530832836532931,26.745333618380492,-1.9478299148575005,-0.24766115369658814,-11.174851890863886,-9.8466700658664976,-24.866764143580131,-0.24766115369658814,-11.174851890863886,6.8735643732867571
2,23.380553450681035,-59.165963466028181,1.1523956301245804,14.263860884981128,-0.78520146198515883,0.17637282966280399,6.9083505840947161,10.088056507292434,-10.084088617806243,0,5.9008217115061523,12.438746186809444
2,-52.034218358495707,-19.374913312258712,1.0660000000000001,-1.4275296613411541,-1.2042126093092165,0.38341172240357901,-3.6031385791480748,-0.51166693599642632,1.3326807121800852,0,-3.6031385791480748,-1.0017965122410259
2,12.784513934394369,-29.344885227284266,-0.29663521719608305,17.691525087201796,-3.0866486015265484,0.28245308251380852,-10.78791923526318,-17.664827784330694,-0.97155507359533966,0.28245308251380852,-10.78791923526318,-2.0968034554454196
2,-48.874145207883558,7.0635938652318941,0.83085694738133276,-1.4823505645182848,2.559765875133972,-0.14331334092840314,-0.54665261015107447,1.2384448049191281,-0.81462731435700098,-0.14331334092840314,-0.54665261015107447,-0.62958413167318539
2,-42.346963489366395,83.350629511552114,-0.19993804604649493,-11.591748222509034,2.7609087837279365,-0.2940007146929961,11.762955078385101,10.761903743466192,-4.3069774402020862,-0.2940007146929961,11.5,0.91085516292028768
2,-94.869888788770055,-14.790183093064172,1.0660000000000001,33.898095525515295,-0.54823323527286316,-0.078063418623836589,12.35285318625904,28.93021628387546,-17.667016330584723,-0.078063418623836589,2.4829860998133619,23.78864326865903
2,49.85332877319874,-74.299137565346697,-1.130213960356913,-11.724617086855286,-2.7727167232065106,-0.36556711631057903,13.377350888960198,10.93594005302092,4.2275123879311947,0,11.5,9.6424530623309401
2,31.696215910046647,-24.468489765436246,-0.12986040934630411,-8.892528590012148,0.33177773829754775,0.59518924368482018,5.575306042307183,-8.4075726333872698,-2.8965129273837009,0.40000000000000002,5.575306042307183,0.45031488867979585
2,1.1288364615590325,-9.4287400544463367,0.081829154382309283,54.873833712885784,2.2029507710866998,0.54968439403334302,6.1454018884431143,-32.424083504791845,44.269814040988763,0.40000000000000002,0,1.7450487843505837
2,-98.223632919292299,-52.046836297175304,-1.0660000000000001,10.198725085652921,1.7399377735563357,-0.013302199236941314,9.9820596618934374,-1.7168137060846567,10.053185767274275,0,8.2528452618459358,-7.1571523147990579
2,61.166894257008096,-0.43276010220776584,0.39892727168823883,22.458442978178944,1.0507473604985895,-0.012288138408097948,-4.1289600258842594,11.160108576004765,19.48932111634215,-0.012288138408097948,-4.1289600258842594,3.6708848552603484
2,95.435738899727994,92.161734824647311,0.62150638908937172,-14.664231073607697,2.0759397022965098,-0.039003135240201603,-1.4004671693826207,7.0965040739952627,-12.832743389779528,-0.039003135240201603,0,-4.0723793171079228
2,-55.654498232552555,59.821262731461246,-0.22880128126696508,14.445130488439418,2.3942947715733327,0.00086177690852584643,9.8834311670254991,-10.59590859843707,9.8177653160792833,0.00086177690852584643,5.8267732553444835,-1.3044146324582593
3,94.652348740945712,34.085645876194377,1.0229999999999999,44.465864327991227,2.9081081117190575,0.27128307089577608,5.416417350320657,-43.259331489353464,10.288018736839206,0,0,29.485335736593875
3,65.558054429857151,-63.678547853386846,-0.99061846343152127,-10.604306631795268,1.1709806986471882,-0.40787529653372218,7.1451946952796774,-4.1277106405186439,-9.7679744066662195,-0.40000000000000002,7.1451946952796774,6.545231155915439
3,-92.222179262522147,47.404811630045657,1.0256127330162759,26.367669887354154,-0.15174963477236103,0.43893871675832929,-9.8294242182849079,26.064655327513623,-3.9859450505995109,0,-9.8294242182849079,17.587605407624917
3,67.445950010936428,81.823639214457529,-0.49363411785538885,48.940920534303245,0.12966247589289281,0.20924275101591827,12.120142740447896,48.530090473647135,6.3280345577919084,0.20924275101591827,0,-10.652984042805675
3,-69.033197177709482,-99.473255355058356,-1.0229999999999999,-13.444318923070618,-2.4418795202022254,-0.56734096587146599,-3.2256250904432928,10.285266439789375,8.6581178998542807,0,0,8.9149342577164177
3,-18.264493026217892,-67.829547578792557,0.26252651714231823,44.585947477287945,2.5693683966383993,0.50031781624218497,13.36824755027418,-37.483344214187191,24.143438424719854,0.40000000000000002,0,4.8470355049996989
3,26.106404943572258,6.8550756734001794,-1.0723280955495376,24.311837161128253,-1.9612079007857208,0.50486126074491444,1.0260491860346104,-9.2523328068016966,-22.482432336857986,0.40000000000000002,1.0260491860346104,-18.068889998384396
3,45.465543893045606,-59.434677066765659,-1.0417149369025389,5.9670418543486115,1.7370988503704128,-0.34800322211068602,-1.8845700532734373,-0.98776635338380336,5.8847180155612362,0,-1.8845700532734373,-4.1285949260992734
3,76.77053338997078,-31.892504843807302,-0.4672081747961867,41.700000000000003,1.5799869201785457,0.46949065610287677,-6.0812949606661046,-0.38324234882265512,41.698238875305861,0.40000000000000002,-6.0812949606661046,-8.5099267774633205
3,74.78024157301553,-67.043578743511972,0.056724433000980977,-2.3403405093441343,1.3908466514574496,-0.56918834090652459,-6.4102602744174817,-0.41887428852106506,-2.3025503317176659,-0.40000000000000002,-6.4102602744174817,-0.053762511791490893
3,19.825540950585548,31.930777650043581,-0.68238926882614837,43.908462708863631,-2.6244066347033339,-0.2296517197957712,10.988935657418505,-38.165848452283804,-21.709931123174346,-0.2296517197957712,0,-14.434452274090322
3,0.35287190038117444,-58.941209897128921,0.25479758420244181,36.822588892346538,2.6009959788189594,-0.28334180541006165,-9.2398383281266092,-31.571752403496358,18.950659695828126,-0.28334180541006165,-9.2398383281266092,3.8798704588572881
3,52.920727662555919,42.41376734116119,1.0229999999999999,-13.529060886196008,-0.73381262069098874,0.018123609399694707,-0.36553626136226569,-10.04703874979414,9.0604912020559745,0,0,-8.9711266936780714
3,-29.520568049422934,-98.693650594586657,-0.95722735310791585,-14.028449005557654,-1.9757785171573656,-0.16130889620685618,3.5616392157925283,5.5272424562118987,12.893679549755385,-0.16130889620685618,3.5616392157925283,8.0584283879815768
3,51.878820806196586,58.882084695363233,0.035213602588062221,-6.9763357947701898,1.0228177086238945,0.22552107216428285,-6.9033359016396689,-3.6344120201464212,-5.9548560342973058,0.22552107216428285,-6.9033359016396689,-0.099421790062706697
3,-64.506481216139264,36.869984561916993,0.76140620263468084,23.882029094515254,0.80046931980965663,0.082409651369935721,-0.81250654048381143,16.630727721851351,17.139726051279759,0.082409651369935721,-0.81250654048381143,9.2084864289371975
3,17.811286138194006,-86.586372270710399,0.60058702047961676,41.700000000000003,-1.6841549323550937,0.57466170591081644,-2.730514457093852,-4.7169364442497006,-41.432360668696028,0.40000000000000002,-2.730514457093852,11.555536899694216
3,21.751210374748496,52.418459732264211,-0.82912607016335194,22.852344885477045,2.9463174410917539,-0.052779537764136353,-5.2449224784223656,-22.418020198259061,4.4341895714141009,-0.052779537764136353,-5.2449224784223656,-10.090787023650826
3,-11.313662183201629,92.845581124768074,-0.76575371542688497,5.0709898518184389,0.070632416032274659,0.2100473618817924,6.5396358957563692,5.0583456824003177,0.35787851931577491,0.2100473618817924,6.5396358957563692,-1.9723754232324744
3,8.0604975171993232,-88.536180702741547,-1.0945496267806374,-2.5291653509383671,-2.1949613709365448,0.30308212687002067,4.874374205653627,1.4780946896087939,2.0522946817982737,0.30308212687002067,4.874374205653627,1.9834367362264089
3,68.655377620264915,-5.5180615075017414,-0.81345914178574186,41.700000000000003,-1.1554068779751301,0.26305937472608809,4.7318143066321845,16.827880325175645,-38.153799860060687,0.26305937472608809,0,-17.843765166570599
3,53.703552794988241,-7.9715202654913924,1.1124234914398445,-12.237963197712016,-1.5827416240232659,-0.0019434889364532415,-13.427002453824631,0.14618263133896264,12.237090089839517,-0.0019434889364532415,0,-10.033517636237223
3,38.453640210792088,41.672011222334646,-0.84494577476941224,-11.839640409306295,-1.6100074598543446,-0.2313531546638643,7.6333942163354429,0.46412676064338898,11.830539775163819,-0.2313531546638643,7.6333942163354429,5.3969425834385394
3,89.108860157287154,8.8637328758665745,-0.25287105058799297,6.1414585069533203,0.23997623197737461,0.13267264916549459,-12.845790204970676,5.965466564626384,1.4596990302641129,0.13267264916549459,-11.5,-0.64199592759856905
3,30.246274453803437,78.012939630278254,-0.2272587175029574,41.700000000000003,-1.1907889360559005,-0.029311517205476201,-7.4275832037315777,15.467669782796888,-38.725200987087881,-0.029311517205476201,-7.4275832037315777,-3.901115591122053
3,-67.224137872998398,-12.195741278202448,-0.92037294003237735,-5.0850415738797583,-0.5590869168096817,0.316909732073965,7.7896759019417168,-4.3107919994376989,2.6971689130770904,0.316909732073965,7.7896759019417168,2.7036265341231371
3,-6.3216283500386936,-37.935773616379386,0.091771580943111802,29.249012000007689,0.022274697696183399,0.15719051093592873,12.737014373132578,29.241756173571979,0.65145902554106117,0.15719051093592873,3.076206471520349,1.0889431603550257
3,28.01021745293545,-81.818721088234028,0.71250031749211551,-15.006284587339918,0.7673367061800529,0.41915953424195973,5.5771249472698514,-10.800955417713869,-10.417674365269486,0.40000000000000002,5.5771249472698514,-5.2443730632655452
3,-60.974603871077178,32.135769081339248,1.0229999999999999,11.780058301035137,1.323044580673078,0.28426481953039384,-4.0217199188810042,2.8887644989600587,11.420368349809689,0,-4.0217199188810042,7.8113622494912587
3,85.972733099382168,87.659023905723927,0.22044547173011067,-4.3905524281184114,-2.9508518595794611,0.076488569005237594,6.1043805318861786,4.3109256333378658,0.83238861590425184,0.076488569005237594,6.1043805318861786,-0.39801590913495649
3,-99.579041343261807,41.371073693883631,-0.60553472343088599,-17.518705021182917,-3.064622558540802,-0.13634514039355328,8.3564862444842909,17.46683676723211,1.3470853596146386,-0.13634514039355328,8.3564862444842909,4.9063227752463296
3,-13.768791315101311,-22.085756600831942,-1.0069707125202454,33.004949512488608,-0.10064821536848845,-0.17765313730945659,10.129620569606292,32.837919472832098,-3.3162836153918525,-0.17765313730945659,2.7261365743327177,-21.116686415159577
3,-75.941614651444809,0.8553892440322528,0.38256088531255772,-11.199999999999999,3.1354185506252472,0.46992245565694668,-12.09804087102736,11.199786531212578,-0.069149513876266153,0.40000000000000002,0,-1.8231575361052821
3,-77.611809468562228,-62.743183076710316,-0.068384836148956088,10.412754554008504,0.2192965805488698,0.26520434204330057,6.0573973400053553,10.163376525926163,2.2652229458218627,0.26520434204330057,6.0573973400053553,-0.2885143080453681
3,-98.284861928682858,-56.37859956550566,0.38712446774636927,30.531362111270433,-1.0265705233309261,-0.29251038735120494,-3.1300789070470554,15.807792825997696,-26.12044713131564,-0.29251038735120494,-3.1300789070470554,5.0355670664141563
3,-97.920221219099176,73.018384211288492,-0.22644637185704386,5.4816031081484198,2.8704328750499375,0.13882518617509632,-6.362107501333595,-5.2813102577794409,1.4682420087765069,0.13882518617509632,-6.362107501333595,-0.51091717425568706
3,19.934346345599522,39.364078107214198,-1.0229999999999999,48.413164845742813,1.2567822012252874,0.57700818553788225,4.3412459152627108,14.953807764738924,46.045826778507319,0.40000000000000002,0,-32.102792583055546
3,84.440546331875851,-74.099562744500318,-0.88184278295051299,17.912044245294069,-2.8205625131315264,-0.53954178971938083,-12.041763634365694,-16.996933429880507,-5.6520423764850616,-0.40000000000000002,-11.5,-8.7984145236100613
3,19.897740913928615,46.342943278940993,-0.75697046395614653,37.821895305832371,0.35532339501581678,-0.17530634347817275,8.0229927670131929,35.459313958499934,13.157994456522498,-0.17530634347817275,2.3789394812830849,-14.454469981705234
3,-16.932833207067731,36.0596231239345,-0.74320602819950776,6.9893661784014611,1.6398756824721694,0.080103443868809299,3.0249966973469888,-0.48243700367177472,6.9726963302061593,0.080103443868809299,3.0249966973469888,-2.5984285767168949
3,68.673755873837649,-12.141822692279518,-0.49284674470428197,-11.199999999999999,1.5811670115320124,0.0096716497212496755,0.35956337571592911,0.1161495870268941,-11.199397719227292,0.0096716497212496755,0.35956337571592911,2.4333087917427236
3,-64.906991505748778,7.0196815058557007,-0.81027973050511481,-3.8534618739714439,1.0628610832274568,0.24902468613085582,-8.1641173421807007,-1.8742244466811022,-3.3669646772151363,0.24902468613085582,-8.1641173421807007,1.6384607023493349
3,30.781948287321455,-15.893384812849987,-0.37421220966646696,-9.0635122806585606,-1.4271659521149618,-0.33008198208778672,12.574232853060664,-1.2973243403992327,8.9701841908322173,-0.33008198208778672,11.5,1.4399268119284669
3,-35.753532537309511,-56.876996094019702,-0.041010682240140435,54.333922498569407,1.3565437987213373,0.49455369115503223,-9.4129651592600929,11.552321377812524,53.09160955239804,0.40000000000000002,-9.4129651592600929,-0.90193617968763584
3,80.850398824015514,89.244243403072744,0.81462130531111387,41.700000000000003,-0.45976341322006586,0.52931607727020491,-8.9484227612117646,37.369767945995036,-18.503795385338709,0.40000000000000002,-8.9484227612117646,17.885356460815135
3,-50.973165266735052,-3.2117964291315246,-0.12635648045804271,13.244229482514271,1.5875121455615497,-0.46996659841660926,-0.53233358621371885,-0.22137782988381088,13.242379183588429,-0.40000000000000002,-0.53233358621371885,-0.68062572491301176
3,28.415567643880564,-49.449131389870658,0.057426633402980355,-5.2612322899043349,0.44522139973497099,0.086050442616247946,6.9665175176092831,-4.7483428490171313,-2.2657902366547265,0.086050442616247946,6.9665175176092831,-0.12236093659659097
3,0.41932296724745299,-47.442857291629004,0.9786819531287092,49.457018195799392,-1.6196199410549856,0.34381384419987415,7.2865294796234323,-2.4137111666473694,-49.398083436745132,0.34381384419987415,0,29.745473262577718
3,13.000070521807316,79.49862701980922,0.66179499753576776,-11.199999999999999,0.98746434336990863,0.15765647348393741,9.4369460603835016,-6.1690492551605676,-9.3478784377741473,0.15765647348393741,9.4369460603835016,-3.5294852332019402
3,-20.915266299485396,50.216211312359405,0.60284931505178729,49.738866490245925,-1.2660451325703987,-0.016237319050629861,10.459435569484913,14.924437528832678,-47.446980980695493,-0.016237319050629861,0,13.850180857723444
3,51.526609837703518,69.674877057132136,1.0658244860003838,51.067822819504897,2.4159644488614509,0.13190167381195206,-7.1815139069497924,-38.202954240632351,33.888889253153401,0,-7.1815139069497924,37.373391363557268
3,52.059724113175378,46.206484673995874,-1.0854202174935681,37.086148377960384,0.50321416933250829,0.18947332715767518,6.1159803270277315,32.488841006717166,17.884563499072229,0.18947332715767518,2.4261349300287836,-28.443540496088975
3,-55.138506215750851,6.8325419760355572,0.071243868025406873,41.700000000000003,0.80822826861042207,0.082427378677578766,-6.7989750388035617,28.805550704068761,30.151786823260142,0.082427378677578766,-6.7989750388035617,1.2038805034992688
3,-77.485478214350749,58.84820561018833,-0.84003487938087285,29.086924103838243,-1.9975846647091116,0.326355622328248,-4.0409633960884612,-12.040513810588113,-26.47782432526289,0.326355622328248,-4.0409633960884612,-13.128453093241275
3,-68.476816635251112,35.020266471723176,0.90321505168941041,-3.0778298103067208,1.7194119417164053,-0.18062082493962162,-0.78413205707165545,0.455731643191293,-3.0439029239788296,-0.18062082493962162,-0.78413205707165545,-1.5794416462613083
3,-22.19917965902232,13.216705068581703,0.36416326413214473,2.1396465401324853,-1.2384296718042671,-0.42482468217422764,11.440922317643675,0.6981261724798381,-2.0225496691056977,-0.40000000000000002,11.440922317643675,0.32992670463398227
3,68.903619088547856,-10.617980766327875,1.0229999999999999,54.018222395926855,2.2662283595622279,-0.52285528230830891,1.7517591419064491,-34.610404425178004,41.473946717685706,-0.40000000000000002,0,35.81950890439041
3,-92.352502516396243,72.408277869963968,-0.44840899030144349,47.110693178624359,-2.6470345120784708,0.21292663555994829,-6.0021480159802616,-41.46582023086858,-22.360750531942656,0.21292663555994829,-6.0021480159802616,-9.1688295527995098
3,59.481597960946488,-80.167447438114792,0.060567508152368332,49.397123414335724,-1.2239611972218192,-0.014370060665391704,6.0709515543577517,16.791223430738725,-46.455684445610373,-0.014370060665391704,0,1.2118170600541935
3,68.367636940152067,91.239919935844341,-1.112698753692098,44.794688212719194,-1.8694691398126295,-0.34412276695448346,9.3198878800909952,-13.180928236044346,-42.811531424500259,0,0,-36.751233472862445
3,-96.60256843630404,-56.681294066507078,-1.0229999999999999,-1.607316454860733,1.0997644650445446,0.27938578882725285,-4.080677274630597,-0.72940988217990443,-1.432280492726328,0.27938578882725285,-4.080677274630597,1.0658123039494627
3,3.5129265502860818,-21.071891612408081,0.93992744243721771,18.226350375377102,-0.60739967741394407,-0.1692170413973702,9.0902494520151897,14.966292124299761,-10.402401071682057,-0.1692170413973702,4.9365889575761219,10.094285094553223
3,-12.94337525546652,85.11243969589043,-0.13462805354318103,-2.6478785212255005,0.87308410181674301,-0.47396538143479217,-2.2640102689183781,-1.7011724940200887,-2.0291064064648787,-0.40000000000000002,-2.2640102689183781,0.14508842987509621
3,92.286315549802538,83.2346853735514,-0.075085823313293054,-18.956907566171438,-2.5036420718983234,0.062696926921534835,-5.2495425822083526,15.228424614471281,11.289793099686687,0.062696926921534835,0,0.57690840328878457
3,-89.291745119436911,37.642590829822723,-0.64857866807190356,-11.199999999999999,-0.8378064404855543,0.23972555181865052,8.8290169232488225,-7.4938599424209276,8.3235847543819119,0.23972555181865052,8.8290169232488225,3.4342415046139387
3,30.288373821492712,34.94263168429697,-0.35196567685897029,-9.4993084252401072,1.7669259294237989,-0.43476943926179745,-12.707626458802197,1.8511739783777714,-9.317189246742533,-0.40000000000000002,-11.5,1.4113251236837425
3,-81.163452387238323,41.803132668521584,0.85324758694168323,25.480672620387473,-2.7879542219500659,0.15852774383511847,1.5364487345339715,-23.903900253435626,-8.8242976979000449,0.15852774383511847,1.5364487345339715,11.811091572483219
3,81.717345678654283,88.075791385173261,0.4844853694210004,-12.94723623012432,3.0453076561146633,0.31918116440754873,-5.2741439113976654,12.887266958268572,-1.2446992990127821,0.31918116440754873,0,-2.7567380100588448
3,43.689740383247425,32.267724855720786,1.0769809773743766,41.700000000000003,-1.8431861737078989,0.42375793558209673,4.1113636646339167,-11.218715201986518,-40.16255008358803,0,0,31.338389330912491
3,-71.290520679502009,-13.431671461420365,-0.62817181668496314,8.3485921316506477,3.0759028304007829,-0.13950372444368381,-2.9277214868310413,-8.3305858823732404,0.54802320850743391,-0.13950372444368381,-2.9277214868310413,-2.4530390930469799
3,-76.058625326190537,49.154230814456469,0.6820402130578278,-13.790667340567548,-2.3226727156326836,0.13362441324808727,8.869385034981299,9.4191704863306143,10.072821503810871,0.13362441324808727,8.869385034981299,-4.5303066600679038
3,-58.711630666780138,8.075740301702325,0.14192182360315683,-13.986040280737647,2.8532822179147468,0.18461871803793017,5.5130229894194649,13.40877545063741,-3.9766900368019038,0.18461871803793017,5.5130229894194649,-0.80842129935012519
3,21.542574616860733,-98.087105274623141,0.21478563061235845,41.700000000000003,-0.53931182097776453,0.37423121681392746,-8.2752449854717156,35.781197736471803,-21.414852055139338,0.37423121681392746,-8.2752449854717156,3.6800753628991596
3,71.562083593670252,-51.22964604493059,0.49611740660578413,-8.2627213412477154,2.9071015598150503,-0.18654182011573384,3.1245872833925645,8.0365930553907177,-1.9198270820977967,-0.18654182011573384,3.1245872833925645,-1.8092671051269291
3,-2.8523390231198107,-61.108759253374956,1.0096521574075077,41.495863258586553,0.7214666252528894,0.10541258361250716,-12.209241288345426,31.156664782569571,27.407460794497219,0.10541258361250716,-11.5,26.707479214283005
3,5.1506877269024613,-63.789909208100084,-0.26444736164395932,49.052732715870164,0.90417481087615048,-0.055351453609045365,11.586542495243442,30.330988081009089,38.551287253790676,-0.055351453609045365,0,-5.3735203257088164
3,-67.713165398465264,-64.918463367657139,-0.022393902342486612,41.700000000000003,2.8351024464109447,-0.16880265505112912,-4.2326117345863246,-39.756713053811524,12.581485093457488,-0.16880265505112912,-4.2326117345863246,-0.3778353817124232
3,24.400965235178077,89.545436785927819,1.071500144681454,-4.536244597318186,2.575887184541287,-0.407563917875856,-0.81017432079728913,3.8295460953139955,-2.4314793337727068,-0.40000000000000002,-0.81017432079728913,-3.3647615742390515
3,-50.788194563859435,-64.613630802400209,-0.55800794105344709,32.496825620833249,-1.4330906799920926,-0.44314485866938036,6.0598948563971433,4.4608666841722462,-32.18919607347916,-0.40000000000000002,2.768762741623529,-8.2056601764526622
3,-44.932688861737937,-23.959559748795385,-0.49624469525182568,10.003398337954209,-1.2235838012896578,-0.17581962078814428,5.849842260159491,3.4039363917336698,-9.406444352082044,-0.17581962078814428,5.849842260159491,-2.1910847983724593
3,-30.533975985280378,-81.285656321968517,-0.73405902512577792,41.700000000000003,-2.389198281310442,0.4805915192980833,-12.825193835903566,-30.443279992945207,-28.497310456798235,0.40000000000000002,-11.5,-15.220505159656568
3,-57.802570047980574,-46.239435193509593,0.81815326409641609,-14.039855435791086,2.1098206093004421,-0.46109396354776322,12.475624812825295,7.2066418695772363,-12.049143273343912,-0.40000000000000002,11.5,-6.064540626667231
3,54.65196007866362,11.719740552284179,-0.85547583605988098,22.414019328796087,0.046939813945699349,-0.074915890432070142,-6.925108613423868,22.389330940974759,1.0517235792521353,-0.074915890432070142,-6.925108613423868,-10.436452043199512
3,27.911304882936065,16.492386289360567,1.1085655889410273,10.287934258076252,2.9019460788282396,-0.30713465311212557,-9.6605498233402827,-9.9939248939811769,2.4419370409497239,-0.30713465311212557,-9.6605498233402827,8.3533820851248226
3,28.23483946090056,25.02996328177403,-1.0229999999999999,18.172619682628834,1.7740843373607378,0.40531185913119494,5.6401993606607768,-3.6688832782713954,17.798410086855778,0.40000000000000002,4.9511848908612697,-12.050272735133664
3,-91.516571463245384,71.536427994346951,-1.1141454671157025,42.790659791871079,-3.1347155299470608,0.32931219049052562,3.8843319383207415,-42.78964790737755,-0.2942743385208812,0.32931219049052562,0,-35.235479172201607
3,15.908079678928999,-75.791749925244204,-1.0668733143333797,36.529550775727948,2.3674254984245593,0.1093985223365076,-1.0458327192861798,-26.118758160738739,25.538569889822131,0.1093985223365076,-1.0458327192861798,-26.800075697717975
3,-64.734930422080993,78.479159536970599,1.0023140866587281,-4.7649702528790048,-2.1335109820420977,0.38117584276634153,-8.1233694481349907,2.5420365500885138,4.0302595063886262,0.38117584276634153,-8.1233694481349907,-3.0174462349411217
3,23.473681508418238,21.441735091652944,-1.0229999999999999,10.606394645247516,-0.66138325713347035,0.022151187966231389,4.1835057472987032,8.3699660958149931,-6.5145433397624055,0.022151187966231389,4.1835057472987032,-7.0331053223915241
3,-58.373268748472483,-54.950873621816676,0.93601371587966031,41.75111150631664,-0.66256495840086904,0.32597002130670294,0.47070178923122974,32.917286720059209,-25.682825915430328,0.32597002130670294,0,22.934000379208662
3,-60.886040733174298,41.702188565745359,-0.41658697718946225,37.637390174622873,1.5935705387072785,-0.47762480820689091,1.9596665327633573,-0.85708780498011194,37.627630003115435,-0.40000000000000002,1.9596665327633573,-6.7372447429766948
3,-40.23131167923151,-8.0064946201554505,0.21144152983988487,52.840910760046938,2.7391263532465837,-0.44334056950074996,11.117182073840883,-48.618804215678232,20.697191272943122,-0.40000000000000002,0,4.5884417434847151
3,99.004135893468202,-21.916936285494046,1.0229999999999999,5.7659135892090028,-1.5879756025547873,-0.35118028612833418,5.4771871191420409,-0.099049347357663978,-5.7650627702578454,-0.35118028612833418,5.4771871191420409,3.8233800371444793
3,-0.98368606548058324,-42.688969432947111,0.3057477942900228,-2.0743780185144765,2.1191905835913785,-0.17066367684569028,3.2377796299965347,1.0814098120292341,-1.7701968766617293,-0.17066367684569028,3.2377796299965347,-0.26488139482581313
3,90.444335904066207,-2.9301569441031035,0.930807529532657,-2.0914371263995406,0.88139970876578921,-0.27357510462605322,5.4450270144604112,-1.3303039902617662,-1.6138155245182115,-0.27357510462605322,5.4450270144604112,-1.1363938870608734
3,72.507691617485023,-5.6743162377885739,0.50363453391472113,24.417354017271741,-3.0472069587218842,0.49609179939622294,1.9020235620041142,-24.308671792492163,-2.3012285609370098,0.40000000000000002,1.9020235620041142,5.4430074805845559
3,-91.754081736203659,-42.490789894282429,0.25881111149912406,41.700000000000003,-2.5771041614216599,0.17976657594220091,9.9320227010761037,-35.230760383035879,-22.308821637036541,0.17976657594220091,0,4.4661616296036017
3,-93.704807330884975,-18.070685446833082,0.70575537401376875,4.9474944717168263,-2.0811149789377974,-0.23373080432245225,-7.3124347679302861,-2.4166300151766222,-4.3171287816575497,-0.23373080432245225,-7.3124347679302861,1.7056042084223011
3,19.53202918438916,64.551034920831142,-0.71871214886047385,31.579886269790329,3.0424661538503077,-0.31495194931076947,12.266046869836039,-31.4248602981977,3.1252795157632947,-0.31495194931076947,2.8491552892662582,-11.175823087462309
3,94.524580192139069,2.4831150997730589,0.60241948791756239,22.212929695103959,-2.963771213035105,-0.45011496140851515,-5.2412151284361332,-21.862662543792066,-3.9291515796546501,-0.40000000000000002,-5.2412151284361332,6.1796752095629301
3,36.642472901549155,-96.251495505735903,0.44179126617434322,41.700000000000003,-1.5836832547527699,0.065660578666605907,4.3213436391574547,-0.53737002178772364,-41.696537427701166,0.065660578666605907,0,7.978742120546225
3,-38.03953374149598,52.186827558717653,-0.15316753793407265,-3.6346949252512069,1.3672663872750412,-0.30327560099955359,12.616094071257432,-0.73467238587036332,-3.559671850759059,-0.30327560099955359,11.5,0.22699370807496444
3,-12.353955716525221,60.871330971360351,-1.0263429720376243,-2.4193142489619675,0.40989603818513087,0.2106233864891327,12.63610516463104,-2.2189037194126211,-0.96413055091478417,0.2106233864891327,11.5,1.6163773721950137
3,-18.110492123883716,12.680959938549236,-0.29922872928989352,-6.3918399500180119,-2.2968623383037445,-0.55366949957305345,6.3280915640216051,4.2437533119709476,4.7797673346912894,-0.40000000000000002,6.3280915640216051,0.79768808626510701
3,-24.761167178967767,-9.1706891250978231,1.1000001098547576,-11.199999999999999,2.0665411782893086,0.58189508944851365,-4.0268611852100733,5.3276940129754475,-9.8516839425605589,0,0,-8.9020853929181953
3,-9.9186322549935397,-99.388041788125477,0.44712249495428663,-8.9557201257432784,-0.58155545132255071,0.027666294413963621,8.3440018794830486,-7.4834822534726113,4.919595139094648,0.027666294413963621,8.3440018794830486,-1.7372539225783736
3,32.64088850699406,4.8085722783046947,-0.38111011364816072,28.714279756267331,0.71177143464199233,-0.048095447380781753,3.094686160991408,21.742625083938158,18.755482301996054,-0.048095447380781753,3.094686160991408,-4.6545960723119473
3,-77.403907277736337,72.78185616730309,-0.088443495094592844,48.394877615063393,1.5400008798913118,-0.58651136547450622,6.1309239022832962,1.4901063318434451,48.37193155639708,-0.40000000000000002,0,-1.7360568149052296
3,3.5330090329170929,47.039119800859453,-0.30883400437176783,-11.199999999999999,-0.085673682616200342,0.16290331653662993,-7.8608922419031515,-11.15892124825746,0.95837183555660999,0.16290331653662993,0,1.4455414072290036
3,97.707213049969084,-84.488461925583209,-0.9660436816717104,30.118055403593964,2.5805659488251385,-0.13870102771888593,4.2913653818864432,-25.501237401936031,16.024486021837159,-0.13870102771888593,2.987443870272688,-17.628978585018928
3,-12.820748742232652,58.989727125702302,-0.52652343091225684,31.847474683462003,-1.4012719431692306,-0.20053090446864713,3.5107171155591175,5.3731011396429951,-31.390944997832104,-0.20053090446864713,2.825216155889541,-7.4887088168461897
3,21.4680041249472,94.469203701400716,-0.88813924043443471,53.14095529198913,-2.0225783651936995,0.25087136737840998,-8.3564819750803867,-23.199718895594263,-47.809352354017449,0.25087136737840998,-8.3564819750803867,-26.440399402626571
3,-5.7357441380329988,11.619999141294187,-0.93839104359650627,41.700000000000003,-0.21065345309308858,-0.36522338651714126,5.0998089999048126,40.778200114465591,-8.7194263242829528,-0.36522338651714126,0,-23.020339240120336
3,36.35779158174293,45.409897338259242,-0.47200860875916834,38.598291067217197,2.6504072123314906,0.42308241415610459,-7.853816348741999,-34.034982609208647,18.205714270538358,0.40000000000000002,-7.853816348741999,-7.971206639427316
3,11.704948974758153,-44.294604287213815,1.0715168568149489,19.000040574869615,-0.70695511809813816,0.068767254121600785,-13.059182028176135,14.446550022072842,-12.340937335001701,0,-11.5,14.09384940429366
3,38.392549050135244,46.406630520715026,0.49557661132841385,6.1626936914748427,0.74456313792539408,-0.51037096740430077,1.7667408968144116,4.5319464140188304,4.1761531623499746,-0.40000000000000002,1.7667408968144116,1.3476866519731392
3,42.227170096276438,0.50899233608309657,-1.0229999999999999,33.59799866810809,1.4536723067823258,-0.4278351074939869,8.8508818243145413,3.9261417888189607,33.36781271159802,0,2.6780166547660191,-22.278848860319773
3,62.384525044224063,-18.972284289372766,1.0560607600591618,47.549917327022499,2.7178955010899664,0.07463031519907537,-7.9736871386743564,-43.345323053061485,19.549363345961186,0,-7.9736871386743564,34.010286870307695
3,35.612946213283578,66.604827904311406,0.095602718984003285,43.81368347394541,-2.921122703558058,0.56385703279213317,11.833956494887229,-42.753163825850166,-9.581536538316481,0.40000000000000002,0,1.6996917079751874
3,-63.625210340166575,-26.966054992174747,0.0063508168175358242,49.245991345019775,-2.0793260015213919,0.20385968473755844,11.690314135882264,-23.977553153620484,-43.014469755177352,0.20385968473755844,0,0.12652329470383902
3,53.691036412893396,11.773536872194384,1.0229999999999999,-14.001841095031283,-1.7535537730198132,0.47381330804673516,0.80388748841752822,2.5447196000353807,13.768658475236526,0,0.80388748841752822,-9.2846274745084969
3,70.176570582601016,-60.20013967779478,-0.27934555969758529,31.177686372482405,0.5776301583166803,-0.49604476025970801,11.528501377432654,26.119388287437459,17.024267474136732,-0.40000000000000002,2.8859101000968854,-3.6179013513840492
3,13.062145636361592,50.393822955648091,-1.1034289760936877,52.817199254935488,1.0629545917388379,0.0068494416116762213,-1.7312876478402242,25.684607735515947,46.151462193610207,0.0068494416116762213,-1.7312876478402242,-42.339144354839263
3,-81.170221546531877,-46.358979541078192,-0.65730091045856509,1.4911661172839921,0.96855222810875485,0.061921878837881472,1.8899309945418246,0.84473544261691258,1.2288199303895688,0.061921878837881472,1.8899309945418246,-0.46557413335456416
3,70.040665739190729,-47.202225011324742,1.0229999999999999,50.925858841538513,0.35695945158275189,0.5626527151985713,-6.5073720690048615,47.715676172837597,17.794868533293648,0,-6.5073720690048615,33.768961164034231
3,33.900541919162833,11.273956033385375,0.45300324072918247,28.578289862535613,1.5122287072152716,-0.14953887236049507,12.233303688234066,1.6728056925026347,28.529289731471348,-0.14953887236049507,3.1484039259449541,5.6275492050627731
3,27.78371737580558,37.077635747953337,0.15121591075561072,5.3585301104493936,2.6346394595752418,0.16319681248137652,0.6299358419900436,-4.6845761817959115,2.6016515795823305,0.16319681248137652,0.6299358419900436,0.33032036745212578
3,-42.695955762112604,24.04068832402011,-0.33070927587366467,11.916560517114512,2.2698295562354627,0.11133770544768362,-8.3160757692938354,-7.6680440444537785,9.1217057116730871,0.11133770544768362,-8.3160757692938354,-1.6550499728901455
3,-40.95437885305904,37.764626450762137,-1.0229999999999999,45.855662697037104,2.7989213029453062,0.52791237085339671,1.5349195765137509,-43.189634728186832,15.407701107895292,0.40000000000000002,0,-30.406911694619104
3,35.760291718829279,-83.922891906358601,-0.21897511070145906,50.543388570710391,1.9613098849088164,-0.40721269007624467,13.918010640186456,-19.240016094790558,46.738163302402228,-0.40000000000000002,0,-4.5503364249478242
3,-69.49826944958096,8.0181490170698027,-1.0140981269171689,36.776283899454342,-0.80324062541000707,0.45032746396850232,-6.3307056894090898,25.536656170150291,-26.464584808773964,0.40000000000000002,-6.3307056894090898,-23.905111628894996
3,-87.167626578873069,42.814552983556126,0.49531309062223561,50.521284361839946,-2.6145437909170184,0.33457752128833407,9.9951625771867967,-43.665304050750038,-25.411442220492834,0.33457752128833407,0,11.041271836674927
3,-12.361471601927747,-38.314700520447722,-0.81193029963657504,-11.199999999999999,2.9250480051618268,-0.13893288830772976,-8.1269949479148433,10.938431639133363,-2.4063900922348846,-0.13893288830772976,0,4.7779164319657408
3,96.820663705164151,-8.9810504108114912,-0.38322968842945276,47.85869029343624,-0.039161033429591541,0.11771679721236217,9.5090835086640482,47.821997261513516,-1.8737167669746049,0.11771679721236217,0,-7.805578857813491
3,94.50644356037202,-18.926380130163039,-1.1048640171994937,39.674356853967865,-0.39085917111804536,0.54929429762742121,-2.6071420676831032,36.682199050211118,-15.115252714284258,0.40000000000000002,-2.6071420676831032,-31.917416007958678
3,-5.359220682457817,29.395270956638086,-0.27736927928817451,44.446663545945512,-1.3422142132782831,0.21609583860953263,-3.6990014655609293,10.071469348458038,-43.290546375964716,0.21609583860953263,-3.6990014655609293,-5.1192148925705068
3,83.871130914181293,9.4889959243028272,1.0229999999999999,16.940231855103335,2.2462126588764084,-0.071469701143032527,4.7402368327473852,-10.591410653709824,13.220948364967612,-0.071469701143032527,4.7402368327473852,11.233075781887743
3,-61.810587934188213,8.7602315076994017,0.19427302335155375,29.726357306291462,2.6495660224768214,-0.3578842855149913,-0.32891361461958368,-26.200135418466836,14.043120121800118,-0.3578842855149913,-0.32891361461958368,2.3660870768490785
3,-94.018178760760179,5.093243726622589,0.75921138554829259,11.955330254405158,-0.2372476757427382,0.51322903103554884,4.5900833723480154,11.620443875462188,-2.8098408547689409,0.40000000000000002,4.5900833723480154,4.5895468645699342
3,79.257466253503509,65.686635967776397,0.62218708322309735,7.6017769874913697,-2.5696662247320226,0.19291211673355613,11.326525713897851,-6.3920290639219104,-4.1144839060969662,0.19291211673355613,11.326525713897851,2.2056126362203003
3,-47.807461232268068,17.556844925841503,-1.0229999999999999,52.837032062298974,0.20994738404602931,-0.24563811720823203,7.8767478667018374,51.676830260958198,11.011683401393473,0,0,-35.036261033643115
3,56.436539404562552,45.450939097416409,-0.15473524877579303,28.71650499518659,-2.5108656284605742,-0.5336874460620803,8.9683455199234245,-23.191419906606924,-16.935043603546241,-0.40000000000000002,3.1332503734379102,-1.8120518562792705
3,-73.997234145299217,-0.49257651356269605,0.33824879088425236,-8.8901792473985903,-2.0236242732786405,0.51671940046520393,-7.7296971808937869,3.8895441687026446,7.9941687004083057,0.40000000000000002,-7.7296971808937869,-1.26511711700246
3,11.171170161592684,34.228261444785375,0.99862555946029685,33.684200568734298,1.2065902193239353,-0.25765730430205325,-0.33295409747949734,11.9985678448064,31.474747618182704,-0.25765730430205325,-0.33295409747949734,21.158294985306469
3,88.710299930609011,70.102887824408953,1.0229999999999999,-16.40311366149071,1.5936224587886789,-0.47521913163216783,3.4660523759852282,0.37438712427230403,-16.398840570996544,-0.40000000000000002,3.4660523759852282,-10.876912452820694
3,45.256852168470829,-97.938541943751574,-0.15639538806603698,8.3441948104872452,-0.18491135938002801,-0.29220756347177629,-1.5746170944210327,8.2019475825478807,-1.5341586907811213,-0.29220756347177629,-1.5746170944210327,-0.53227220303161382
3,75.360251202202221,76.3908306191218,0.11836183668260437,11.535515638061423,1.6307277726771456,0.35339088647346617,0.017852577227083444,-0.6909263487680718,11.514805331248013,0.35339088647346617,0.017852577227083444,0.55494204892013177
3,-76.692617409235851,18.840518303827025,-0.51524369304701156,41.175304898433872,0.83778205862128452,-0.46901703991011345,-8.2809887946069693,27.550921804094159,30.599876490333767,-0.40000000000000002,-8.2809887946069693,-9.4323408341426589
3,-21.841644220540843,6.2514435416066334,0.38758009303058732,41.700000000000003,1.3083469608580636,0.098133931627458093,-1.0406874757595403,10.818932438042806,40.272083394096526,0.098133931627458093,-1.0406874757595403,6.8865866796991195
3,60.204157881085166,12.214654515933645,0.31087223889593224,33.249442113169046,1.0110871212068089,-0.36564274297034988,-9.4758301440792714,17.653452092933541,28.175894485170822,-0.36564274297034988,-9.4758301440792714,4.3216052693404956
3,-12.606689015576052,76.985880628423217,0.69714716728626325,-3.2280294139075103,-2.2196614176880516,0.21444990554910426,-7.0431408143897523,1.9506417922275876,2.5719973747006839,0.21444990554910426,-7.0431408143897523,-1.0935702784474775
3,64.089670000501542,55.522357282346491,0.28346866259482617,41.239807567650395,0.11247564302473556,0.052311285896723514,-9.1860166152633109,40.979224790072209,4.6287000142119901,0.052311285896723514,-9.1860166152633109,4.8600588228926034
3,-89.553202530272301,86.546925498745708,-0.86271377335130406,41.700000000000003,-1.974210054141005,0.26409002073642462,-1.465774644497575,-16.369765271298409,-38.352585114469044,0.26409002073642462,-1.465774644497575,-19.702664325464784
3,65.053206022737243,51.064623785709983,0.57751003168717219,2.2082876699948457,0.50463092923366526,0.089050584310705672,-3.2460983579351108,1.9330311793769355,1.0676726525522129,0.089050584310705672,-3.2460983579351108,0.58211824466297324
3,-51.793914686088982,11.656233273141822,1.0558385024964889,9.0677726726408885,2.6452731202552267,0.51113477225086401,2.1872880169392985,-7.9736654126186908,4.3180042994769332,0,2.1872880169392985,6.4824015069093921
3,11.807084074033398,64.556490863779544,-0.24275850486374043,36.034721108315168,2.0938029675449794,0.2427658732945871,13.239099452546551,-17.998878653907131,31.217647133568235,0.2427658732945871,2.4969251109102562,-3.6100259933080472
3,30.389676488303451,-56.328520346214802,0.33460621591190381,41.700000000000003,0.80197992714184663,0.3213143050703362,-2.1516014255383666,28.993385830098536,29.971212489771613,0.3213143050703362,-2.1516014255383666,5.865155541388793
3,56.307254728078078,-58.46490341158264,-0.74769392619966668,6.3789363498787779,-3.0699857940317021,0.45483359171660986,13.209334845747588,-6.3625892036313889,-0.4563853433646532,0.40000000000000002,11.5,-2.3929404186047023
3,45.928959846875415,10.286719555863712,0.83026095681294032,40.090674984481609,0.95400661990393498,0.29563912541946169,-4.7992111556501449,23.189223470850859,32.703549280319393,0.29563912541946169,-4.7992111556501449,17.743008872625197
3,20.693959558441264,98.072912589631642,-0.66334424564100936,32.046195894977451,-0.53671636743379292,-0.10311183280241759,-10.581817334121459,27.540253612142628,-16.385759131579309,-0.10311183280241759,-10.581817334121459,-10.131112554995871
3,18.403132058560814,92.764240451631423,-1.0917236035567108,-11.199999999999999,-2.4299453849838306,-0.40794094402389608,5.0928796236919993,8.4816155453554991,7.3145196520881628,0,5.0928796236919993,8.7227379754839376
3,-70.196590303286598,-12.727312653772316,-1.0225605347308522,46.574808512389481,1.5994226511720093,0.33601404679623947,12.762342320842841,-1.3330834893375787,46.555726569093551,0.33601404679623947,0,-30.853272485282435
3,-83.910745379066512,28.61459676728245,0.20824821601100243,-8.8987670365885378,0.22206600570185175,-0.30096632255399586,-9.3802711925664664,-8.6802533915971161,-1.9599121993450419,-0.30096632255399586,-9.3802711925664664,-0.76070747844065401
3,-29.086874304207825,-29.722488139962095,-0.33699756723709368,1.5944265002693392,1.5866594251880377,-0.046082796599894671,9.7400059930196932,-0.025291483707327891,1.5942258954153941,-0.046082796599894671,9.7400059930196932,-0.22598836872246048
3,84.853585764112211,30.28734135890295,-1.0229999999999999,1.7843328114416153,2.1551556324784826,-0.32044725929474721,13.251617850986104,-0.98435416461563208,1.4882508056745678,0,11.5,-1.1831919339990764
3,-49.782675739976789,-80.2328531680905,0.30394972723705493,8.1070813978469793,-2.9350032443761109,-0.36479819499707555,-5.3241799316696881,-7.9346940118331384,-1.662949106225402,-0.36479819499707555,-5.3241799316696881,1.0287282026922919
3,-90.916936082054264,-71.119322843194979,0.068992683683625072,9.8483468011674375,-3.0259193113683116,-0.55148961928516338,-5.6712301920011434,-9.7825332080319889,-1.1366524314038335,-0.40000000000000002,-5.6712301920011434,0.27530899475713555
3,76.716140144557954,97.464115380018256,0.31176124019387103,-8.5006888978158521,0.72285919564272394,-0.54200946428466168,-8.915898915282451,-6.3748140822856341,-5.6234737621636022,-0.40000000000000002,-8.915898915282451,-1.1082530737999001
3,96.381056522895733,47.361950995291323,0.024736439604333058,41.700000000000003,2.4524727717019497,-0.48344550349313659,0.20237985095489464,-32.184307869858614,26.515284779503261,-0.40000000000000002,0,0.41737460542011984
3,12.589909870106595,94.301323901062972,-0.63776337620244372,22.305840984402607,-2.7205462361329396,-0.24099455738303338,-9.2095556169155657,-20.357687931005493,-9.1167474531901096,-0.24099455738303338,-9.2095556169155657,-6.6871927290170605
3,-26.219102518002188,91.490072540978616,-0.62319032259152884,3.876717340065273,-1.0781942782354843,-0.019341418614896355,-9.3553377292349147,1.8333778052920326,-3.4157961235743173,-0.019341418614896355,-9.3553377292349147,-1.1271920664455486
3,13.780086452810323,-39.843370276670754,-0.62883409988817562,-3.7427303714268341,-1.3958741978451401,0.028330803667423909,-13.540089395429566,-0.65135281361936548,3.685616657411753,0.028330803667423909,-11.5,1.1012465220633323
3,-17.725380576035349,97.71149386011524,-1.0229999999999999,-16.141172150310062,-2.086101700586469,-0.54597242061628903,-0.39567922293009694,7.9543791695392656,14.045116247761889,0,0,10.703218912455839
3,-55.979243239388587,38.19829551926162,0.29390987989578587,8.6755458527750129,0.56389254002500966,-0.1835409975908987,3.2385444061979491,7.3324068139995884,4.6369069602067867,-0.1835409975908987,3.2385444061979491,1.062279365908172
3,-22.438504540816083,23.144639689074324,0.76527389679729285,18.604332492892667,0.031367462106461907,-0.4814912133432418,11.28935730245955,18.595180677492785,0.58347500160743715,-0.40000000000000002,4.8362928384758304,7.2292599017551256
3,-13.343903799206032,56.68894800786336,-0.84565976280139055,35.694639126187894,0.14461303761877797,0.38476178035719355,-0.84303900749240412,35.32204937805087,5.1439372161137298,0.38476178035719355,-0.84303900749240412,-16.294345509950602
3,65.510689320253476,0.51688609116202144,-1.0229999999999999,37.77487852209866,2.6959586322159224,0.24905054044595498,12.113632288173815,-34.085691884938164,16.282108465563393,0.24905054044595498,2.3819004460163438,-25.048539873585426
3,88.556119897664246,-30.005646523048895,0.99814628012908047,37.573998657647387,0.35181085821643876,0.47318500039268552,4.8283192437687568,35.272600020012767,12.947936629173112,0.40000000000000002,2.3946346732965376,23.576790755743694
3,89.260195869249344,34.272624855620336,-0.47484753939936747,1.6852461470540412,-2.8092046580616601,-0.28953176542973735,1.5941697808379995,-1.593005603929343,-0.54989791962708912,-0.28953176542973735,1.5941697808379995,-0.35047551399563809
3,33.536181663787573,-83.162780177620803,-0.69871834144690625,14.938138432250646,-1.547067735576132,0.45686663101117453,-12.855162720828885,0.3544277183893102,-14.933933199714037,0.40000000000000002,-11.5,-5.0768174777423711
3,35.283967937650345,-5.7155301828231586,1.0229999999999999,41.499667636442283,2.2561113322860971,-0.34976588644775558,-13.845204801610109,-26.265842086044938,32.129860775392807,-0.34976588644775558,-11.5,27.518449302857356
3,-32.634861036243649,15.867636251206577,0.70288589256683076,27.822533285562344,-2.6299910570730769,-0.22463753819564647,1.9176005985674962,-24.260178571367781,-13.621200171481663,-0.22463753819564647,1.9176005985674962,9.5359524671533382
3,-87.826695749485054,-82.371829437548541,0.77543378282197528,3.7445530146372761,-1.2166955145787512,0.15147993235967039,5.7470486490119832,1.2984129157005015,-3.512235923136604,0.15147993235967039,5.7470486490119832,1.4849390998814367
3,36.358292854648852,34.129476265990775,0.4383639668781506,45.619057360812747,0.59092758192301664,0.19986871986121157,6.452918637161563,37.883171552613462,25.415816091646203,0.19986871986121157,0,8.6513272879142598
3,28.615335057813581,-75.138381123265788,1.0714296956538703,-11.199999999999999,-1.8468271024679099,0.5120376765286544,-2.6665041531126228,3.0524349744241537,10.776021563031145,0,0,-8.3062131673215909
3,-95.122893739461986,16.166932953985707,-0.64893189333153456,18.252087121722873,2.8539728118414933,0.22471147846895134,4.6331876865641028,-17.50232372765656,5.1775813302421563,0.22471147846895134,4.6331876865641028,-5.600721469990563
3,54.760907528098471,-22.29491248985957,0.12351014311141258,4.0257273551848591,-1.0267957585182979,0.056950435092515406,13.294858585485919,2.0835682935911435,-3.4445934309037654,0.056950435092515406,11.5,0.20217498202282344
3,-74.387842639216615,61.631723578926795,0.5268873110806811,30.596913360317771,-0.48488828143251794,0.1541593131372847,1.7043397796119297,27.069916214608543,-14.261512658651103,0.1541593131372847,1.7043397796119297,7.2006751682400854
3,-80.478528377473737,-43.75733048010644,0.64245251371565404,41.700000000000003,-1.8694054133213511,0.21780136369023884,-10.730921717239042,-12.26777015572347,-39.854633550019514,0.21780136369023884,-10.730921717239042,12.624449879504169
3,-86.726915889113116,58.831944508413727,-0.91739229826696744,19.735000520602028,-1.0702923900607564,-0.2371446675109905,2.722264545113962,9.4701897790145058,-17.314322137976163,-0.2371446675109905,2.722264545113962,-10.428102592992539
3,-54.813466983597372,-26.336739713902801,1.071645091584305,1.2310193083713834,1.7542040726431978,0.52011215583063286,-9.6828770493933494,-0.22451479922488191,1.2103725222063537,0,-9.6828770493933494,0.91342409620930942
3,-35.847713735201907,49.491814465437386,-1.0580326562877271,2.9332467294886229,1.1347893836081653,0.29671029544787408,-3.0025256217227785,1.2387785974392731,2.6588275541264594,0.29671029544787408,-3.0025256217227785,-2.1077058550126515
3,-90.330079436552822,-95.733653460110219,1.0229999999999999,50.642692463213606,-3.0355891978670555,0.38031792551347821,0.49815499381916339,-50.358429597668753,-5.3582523625032685,0,0,33.581193404194025
3,5.9763692973205025,-34.282719302961965,0.34550384414657276,40.973100747815515,-2.4375815180726512,-0.10671064827943388,-8.5368213165240832,-31.231827865162568,-26.521084312137301,-0.10671064827943388,-8.5368213165240832,5.9661615489118427
3,-43.084514282883625,2.2827028243636249,0.95946762156529752,37.235486112473048,-0.19186395020344404,0.12537855729025837,12.513834236433709,36.552233777959728,-7.1003965997367393,0.12537855729025837,2.4164046020030359,21.491469085956872
3,0.87605482157042047,90.909902430568849,-0.50492761951279475,26.06755811230515,-1.7711023617661075,0.17742246806989836,-11.457223318883772,-5.186642646832226,-25.546356374098973,0.17742246806989836,-11.457223318883772,-5.8286528593830402
3,43.88074371695896,-93.71988199894821,0.098352845006692044,41.700000000000003,3.0404230133916892,0.047726859409025213,2.2326956930768525,-41.486776037004837,4.2115809448948562,0.047726859409025213,0,1.6645263920175097
3,-55.856118788139362,-14.140370609336614,1.0024877909163206,23.856432125876012,1.565888134137233,-0.12425898937623603,-9.2816678472496275,0.1170914948676697,23.856144771491447,-0.12425898937623603,-9.2816678472496275,15.113015740264746
3,-80.01112280694656,-75.707833388823445,-0.24945779644408581,-12.266869251369467,0.058949019754243714,-0.21429149250565538,-8.9651205060259347,-12.24556181753602,-0.72270118520563664,-0.21429149250565538,0,1.2642609942260388
3,63.965841783268019,-67.845062993157271,0.53734814821794441,25.873574266982587,0.75593816112208412,-0.28417176038988567,-0.13499603774877045,18.826345158888248,17.748537215992439,-0.28417176038988567,-0.13499603774877045,6.2365360534596936
3,14.074541449225777,83.682576555328495,-1.0229999999999999,23.748149333843401,0.78244463135085063,-0.17809744629507551,8.2434734526487112,16.842001239438684,16.742807143166658,0,3.788758388502111,-15.747409092649788
3,-47.978140096241219,50.482201056759664,0.61963510391217513,23.267457577302785,-2.4243699769435239,-0.55722100241328409,-6.3905465557224002,-17.535150653505926,-15.293563145010893,-0.40000000000000002,-6.3905465557224002,6.714610413712319
3,-37.142679723568392,15.756624224139614,0.010743364933364967,27.308398418283929,3.0194467366419753,0.59821301402231308,6.1860597157100621,-27.104936040057517,3.327321210241541,0.40000000000000002,3.2948105788495425,0.11869090763470171
3,61.586157904118096,77.434246124798676,-0.44527318426658652,15.754063301850636,2.8359988447742754,-0.13480958785333413,-4.5349752229535607,-15.024153408747631,4.739760001216716,-0.13480958785333413,-4.5349752229535607,-3.0415310985670354
3,91.450421015841499,12.642869382856233,1.0229999999999999,38.880823823125368,-0.35712697246921632,0.19952646481205039,-2.19492527012296,36.427640315507247,-13.592111028421749,0,-2.19492527012296,25.781892727508328
3,-80.163793327620184,-18.889389119822496,0.15767107470853675,-5.8997505117614111,-1.4555319908456108,-0.41759433613403679,13.017593151618957,-0.67852602511556148,5.8606022330704128,-0.40000000000000002,11.5,-0.37946328193846862
3,98.333710997094926,-78.600101296609722,0.44194371662433313,9.1166884839501741,-0.95068364833971897,0.46073515493983741,13.106562319838275,5.2979525834166612,-7.4192794351782201,0.40000000000000002,9.8693730907227692,1.7450455442899644
3,13.288616717003208,-85.745105600016274,0.65897580193991578,-6.0356045827977223,-2.7429160860714838,0.4358252182255139,-13.932684724990493,5.5622656499651084,2.3430159024443471,0.40000000000000002,-11.5,-1.8909794813270508
3,42.317837763391339,25.687107062175158,-0.90696999136217205,-11.199999999999999,-1.7851472529126833,-0.10778674811749289,12.643469749404744,2.3823884396814408,10.943684266391836,-0.10778674811749289,11.5,5.792076005146428
3,-78.408705868462008,11.282100413782217,-0.97273200457749209,28.506321646739309,-1.5395450721058201,-0.56089778551507763,4.4375233537122831,0.89071331699736367,-28.492402559529474,-0.40000000000000002,3.1563525141901949,-16.926519804729246
3,-68.346823038279695,95.31008201746431,0.56660566784264954,3.5627251958899713,-1.6037867896638172,-0.30443558697355072,-3.755696172594245,-0.11751463400058343,-3.5607865889751023,-0.30443558697355072,-3.755696172594245,0.91692411104691895
3,84.891068234542615,-83.599834398446632,-0.58523204582649613,-1.5572699436167241,2.1018484747566273,0.041682390442285944,-13.012252949887509,0.78866513248955938,-1.3427944690410596,0.041682390442285944,-11.5,0.41747145206448588
3,12.01671383424663,-51.598260394230962,1.0229999999999999,29.184165284750989,-1.3111756053309522,0.51272637623881823,6.6403497686344899,7.4919838779430901,-28.206128428770683,0,3.0830417495960845,19.352033849287928
3,-53.667840217093143,-34.064112753659373,0.36445790461611183,49.306154410460024,2.1251217733086758,-0.071623479140764834,-1.4943313226383097,-25.953274435155492,41.922838749798785,-0.071623479140764834,-1.4943313226383097,7.6095841293510667
3,77.515565616912937,54.224859969166573,0.69584479890246309,54.954750766742194,-0.33625476690976974,0.24733544105206706,-7.6846664985410129,51.87712192623551,-18.132535743388079,0.24733544105206706,-7.6846664985410129,18.567999435473659
3,36.349737686730919,89.583522755646783,-0.55404618911044046,-4.6784456609210263,1.6060625557768313,-0.28000997366279079,4.4904941322648071,0.16495693798170877,-4.6755366548453532,-0.28000997366279079,4.4904941322648071,1.170944266599347
3,-2.9323271452583128,-50.069768987533081,1.0229999999999999,41.808175385299116,-1.3154127422465223,-0.49756366785071471,-3.8847996475475348,10.561437895408089,-40.452188551787515,-0.40000000000000002,-3.8847996475475348,27.723020937522701
3,85.694811192648558,63.490251715050988,-0.094258220096791412,29.314142041896993,0.46249302772418677,-0.16625027163865397,-9.2232094508964213,26.234484438153245,13.079401741547965,-0.16625027163865397,-9.2232094508964213,-1.1211131793222762
3,-89.293613000243624,28.448774473436657,0.20508385851294306,-15.206958950481324,-2.1094212621646609,0.41822271632397923,4.7531152917005919,7.8005023726624154,13.053879241655029,0.40000000000000002,4.7531152917005919,-1.2796382890733797
3,-73.635946941344613,-38.002391724039121,0.055048985568208336,50.216624555685158,0.04891773342046779,0.55840250475294739,-11.79532501360716,50.156553734604394,2.4555038656829886,0.40000000000000002,-11.5,1.1194379478307981
3,-71.035311619250621,40.816464439345737,-1.0229999999999999,48.963409193461572,1.1980409408265249,-0.16760507902031702,0.99677345133656559,17.831640157517658,45.600965440867164,0,0,-32.467659871139219
3,-8.7275983570736599,12.846422755213311,0.97967459955505942,15.098163301561456,-2.9406305088227933,0.37144098746821042,-12.564310430503447,-14.79431239640398,-3.0137776623740322,0.37144098746821042,-11.5,9.1001456488661052
3,63.700656685908484,79.081969471174119,1.0775232662640486,52.796278028287446,0.7260209927800414,-0.23315623439248451,2.9060204670578429,39.482216931888551,35.0514125219444,-0.23315623439248451,0,39.729071554007739
3,54.951146434067795,-39.240568804552424,0.40246874265845595,-9.3768304858902276,0.078838014800017842,-0.28011892688157075,-6.0983235525913102,-9.347705047341174,-0.73848514476103477,-0.28011892688157075,-6.0983235525913102,-1.6148430966196536
3,-87.477310277578923,54.221415108475639,-1.0229999999999999,37.764522184523209,2.6702344253637191,0.24470291037710923,5.3842888661976005,-33.646389525339345,17.148749451038128,0.24470291037710923,2.3825536454655394,-25.041672581224677
3,84.569847825586777,40.895105819043266,0.44785469854105336,8.4292434696183349,-1.1139250512632723,0.46036646415177562,7.674691405391691,3.7184970086279932,-7.5647158219544508,0.40000000000000002,7.674691405391691,1.6381985858032435
3,-97.405872118968489,53.997494719424509,-0.67278297296317702,-3.8921535308460342,-2.6014609874139643,-0.26951924308269865,6.6184024627899269,3.3380703669854905,2.0015357435555843,-0.26951924308269865,6.6184024627899269,1.2545852382555891
3,-86.742254606654015,-89.9269781935526,-0.4372862965919051,1.4384464752332171,0.45115613904036067,-0.43374500830570262,12.986074097941351,1.2945207281478217,0.62717170416601176,-0.40000000000000002,11.5,-0.27202652847350711
3,-63.221040345983951,79.832763759699588,-1.0229999999999999,3.6893729246572633,1.575490433269473,-0.46627676332746104,-12.442783063856302,-0.0173182457323914,3.6893322777379161,0,-11.5,-2.4464249370846085
3,49.454993195691742,26.546508061607497,-0.93830573774161841,35.46809584272804,-0.068393214537901148,-0.044380076056356965,2.6752955283771129,35.385174826712941,-2.4238863818056338,-0.044380076056356965,2.5368150689275759,-19.576535430156891
3,55.511343828780724,36.160838125187382,-0.88110159572781432,39.588750819401888,-1.6614348305337854,-0.34236109577922508,13.446152868097297,-3.5833540215471067,-39.426244627112986,-0.34236109577922508,2.2727668374902104,-19.416690445860386
3,57.050569149968055,-8.3790642139775571,1.0096049608800268,36.104136648412172,2.3691021172483522,0.22856516307722519,-1.7424038313587076,-25.856869044336243,25.197837334804454,0.22856516307722519,-1.7424038313587076,23.234833598825468
3,-21.084865400468431,68.758387730711746,1.0229999999999999,-14.026678471043345,-0.12675204321005706,0.067536614964289976,1.6990332045227188,-13.914152374149117,1.773153303860481,0,1.6990332045227188,-9.3010971503283528
3,-10.167641489659346,-52.911203595130218,-0.67326912137851846,31.109077580759212,-2.8372068336431635,0.13242318450232271,-8.8588213255630723,-29.679030824653957,-9.323617175481612,0.13242318450232271,-8.8588213255630723,-10.037614226956091
3,-18.887690791255324,77.597339691166098,0.18563152712455525,12.244625423789508,-2.5763637412982026,0.073460151311317667,-2.3944630399879259,-10.340170037217062,-6.558333276858602,0.073460151311317667,-2.3944630399879259,0.93023009844959281
3,73.358886779160287,-60.386739271835907,-0.78458067363629025,9.6445074095794858,1.1288242954718264,-0.27789442410034071,0.5400219272034974,4.1251760447463255,8.7177660999412385,-0.27789442410034071,0.5400219272034974,-3.8952395515047225
3,61.611813201364811,-24.292247137340979,0.11478016747316511,-11.199999999999999,-1.823556038261642,-0.35069868337813437,13.585047397908216,2.8008616436225813,10.844130857440065,-0.35069868337813437,11.5,-0.52235065884500842
3,-45.853243682075771,41.623701707571939,0.99719059938253207,15.188786545885911,-2.8095593872238549,0.43077570414720456,-13.840860699343105,-14.359198151824042,-4.9510266786938137,0.40000000000000002,-11.5,9.5106322867244852
3,-8.7719990574803148,-98.951191753293017,-1.01409932033383,5.0642397129633849,-1.346984828598931,0.58052267007277025,7.6668894314164859,1.1239961553728437,-4.9379303876282554,0.40000000000000002,7.6668894314164859,-3.2918371536643556
3,-6.8491845907163906,97.865707515398839,-0.99350484232549818,45.754075471693739,-1.1244812900033305,-0.2285659680884497,5.0156710287321076,19.749493839979593,-41.27218088899658,-0.2285659680884497,0,-28.419086480300653
3,4.9210970097506106,27.425571836886633,1.0229999999999999,0.7311814368321059,-1.1782737432512691,0.38913161820534969,6.9656113049418025,0.27969178890810947,-0.67557293964844711,0,6.9656113049418025,0.48484675773609764
3,41.187674216839383,-65.065884293218645,0.36059509493200598,-2.7398447166740532,-2.2498582499591211,0.0045254433424206653,-9.1731659679843016,1.7207959813808704,2.1320436819986051,0.0045254433424206653,-9.1731659679843016,-0.4179520004628387
3,95.098406897505868,-88.891236429747352,-0.83847367034508269,24.413623743250163,-0.35030372745679594,-0.49160408485606855,1.084983760917801,22.930948290993552,-8.3783431985547079,-0.40000000000000002,1.084983760917801,-10.98459507188814
3,-92.182360517150343,40.161804851152482,0.16797460330188749,16.791480326481462,0.049533410957955049,0.087944814008777072,4.7083059662101121,16.770885095796046,0.83139921711533726,0.087944814008777072,4.7083059662101121,1.151883364170486
3,82.594463935657103,-64.843070467078931,0.91381079936509402,-11.199999999999999,-0.29053646937520794,-0.38772857885937317,-3.5740126019338554,-10.730611729796177,3.208422027159255,-0.38772857885937317,0,-5.8744441153815083
3,-5.5123913404240739,-44.685157104853104,0.90806041413432714,53.133290270152813,-1.1139337037878199,0.48198700461785593,-1.7212543322408322,23.43893658456329,-47.683988787822017,0.40000000000000002,-1.7212543322408322,27.539689348621263
3,1.9998800020098741,-14.559725532846272,-0.67861553484895343,42.624527256368125,2.5342017690332623,0.29537284051150126,-13.601602167149004,-35.000700203069869,24.326966706182134,0.29537284051150126,-11.5,-13.904658922426952
3,-64.016715095203892,82.041925036569609,1.0499555318602736,14.096673794417541,-0.50543137444065556,0.22154493502012451,7.0223953108004515,12.334105925089625,-6.8253969184866623,0,6.382782301143382,9.9405870600870223
3,12.571303417874688,-88.603832532924429,-0.68730460911241109,-11.199999999999999,0.23077885213811866,-0.57792399471569345,13.419004726791748,-10.903071635943078,-2.5618409204112385,-0.40000000000000002,11.5,3.7190099475161187
3,58.81269972899733,40.094600914522488,-0.27150309976688397,39.937669260995364,-1.6638327315144634,-0.48819641031877109,9.9718772472665975,-3.7102991664176708,-39.764948209400877,-0.40000000000000002,2.2529106396269838,-4.4975946577209527
3,-22.693364361478089,-19.363759202356619,0.8740682869874663,5.9138166316570455,-1.4028494283516373,0.5259994798076687,0.88415351654262153,0.98854464822261179,-5.8306094562518869,0.40000000000000002,0.88415351654262153,2.8592809318898018
3,-82.081099308850924,-85.561744527123011,0.47133105344479104,25.393119292756779,-2.2141708707322967,-0.0037255129998203795,3.5793661968533819,-15.233300352444795,-20.316423597384993,-0.0037255129998203795,3.5433220693632963,5.2353419293045631
3,47.805362451213824,-23.313556453714583,1.1158154796291535,41.700000000000003,-0.97617625386427731,0.23661990647792475,-4.319816662012169,23.360093053473122,-34.542670026115196,0,-4.319816662012169,34.482776689530432
3,-76.011015833884613,60.779529211941707,0.59770067641935853,34.639647048113162,-2.5548497059876407,-0.21874580992553322,13.302031576653718,-28.84610945847059,-19.178298066507065,-0.21874580992553322,2.5974860504504198,9.5397255357809279
3,85.35177893677826,-47.066928315852373,0.34042226690346727,44.23411574200253,1.8578454983323782,-0.15322748020253624,-12.184914089477349,-12.523711960256898,42.424210472481327,-0.15322748020253624,-11.5,6.3384762820106264
3,26.282300177655202,28.330133098037663,-0.88491902499896291,-10.53179148671267,2.1833802064775654,-0.24590160136810141,7.3518093222644225,6.0556054587861095,-8.6167438424913936,-0.24590160136810141,7.3518093222644225,5.2057780998596836
3,31.164001630222117,-21.496161752126611,-1.0229999999999999,3.5235867779017447,3.1291826407610861,-0.22013920981344326,-7.3519278595898463,-3.5233154503706032,0.043726634718347465,0,-7.3519278595898463,-2.3364920644993448
3,-32.486590593052213,2.0249444568769945,0.83970488696498591,-7.7809518807512354,-2.7251888730306,-0.15503307003540606,7.5662652027110049,7.1160650983000959,3.1471939386255552,-0.15503307003540606,7.5662652027110049,-3.5096204458665494
3,-39.302112926692189,-46.320287694295168,0.6040342657979445,-8.8422108320024915,1.160059083681598,-0.44173700294902657,13.606855456829152,-3.5305653406131743,-8.106774992143496,-0.40000000000000002,11.5,-2.4684355297416372
3,40.667381953956038,89.651622824107051,-0.86421042668140513,19.655121297462657,0.71719174427903676,0.42656802102715108,0.86663878006607575,14.813170279810668,12.918737534267969,0.40000000000000002,0.86663878006607575,-9.3149518719143689
3,21.395056333363499,6.1955112041856495,-0.62809841018225432,-11.199999999999999,1.7753760135058867,0.047436864577226401,-3.2654547315005296,2.2753430514408262,-10.966440352195416,0.047436864577226401,0,3.2903507692293772
3,-98.004356600196346,-34.354238619078032,0.03418087555486668,18.969579971798069,0.45829296020284671,0.25495972174754922,-2.0290153225132208,17.012090589403368,8.3924810446241587,0.25495972174754922,-2.0290153225132208,0.26240630177205765
3,-26.094048458804011,-51.517888444359386,0.55413156340916492,17.751209323386469,1.8699895095981063,0.50642301890798469,6.4215332538440961,-5.2321570308255962,16.962604907485908,0.40000000000000002,5.0687250857585466,4.4437073061585135
3,1.0141438224942902,84.9521711038023,-0.62903854165952056,32.944749274078745,-3.1037563874715492,0.32758346456681819,-0.94179978799350295,-32.92117051513641,-1.2462089091421018,0.32758346456681819,-0.94179978799350295,-9.6977024485654013
3,-98.479501522529091,38.347193541714688,1.0229999999999999,25.437139441029096,0.20880276256420061,-0.31289140264976939,-10.586684054486943,24.884639423367503,5.2728345044522227,-0.31289140264976939,-10.586684054486943,16.867379234213114
3,-96.591770755211726,-70.419917701487691,0.13706665157819717,15.874295745539172,1.1359980865845536,0.054887214435770049,6.7991461440008116,6.6866886869558702,14.397272652158097,0.054887214435770049,5.6680309755022744,0.88577246355891948
3,59.632333626537672,-56.368884970075307,-0.19232940561537126,-0.73225166559454991,-2.7610015280152966,-0.15770008307398792,-1.3642951169209478,0.67985555345849946,0.27200905903596279,-0.15770008307398792,-1.3642951169209478,0.05768619372554426
3,-53.712135952518423,-75.60688366027685,-0.65466012687670472,51.669711213243261,1.014996818678787,-0.42823908514854869,-6.1625028839189024,27.262109129189664,43.892328061839123,-0.40000000000000002,-6.1625028839189024,-16.044494967790619
3,30.756605798835437,-71.991399019564852,-1.0229999999999999,0.54554022542893321,0.90585557607605871,-0.4610076663520466,2.2425826706726717,0.33660514237465272,0.42931470471903366,0,2.2425826706726717,-0.36174798236100936
3,89.266449730415786,9.207138367657592,1.0775202788236693,39.019627423071704,-2.145526867483444,-0.1557350008836017,7.7375843833931519,-21.211406704571104,-32.750687776726238,-0.1557350008836017,2.305916430837025,29.361964964357032
3,-35.508767418876118,83.515397129200238,-0.82831246651193369,29.808964725196326,-0.93948256328796331,-0.21298290223628713,-6.3776798072755501,17.593424059576179,-24.063370666802374,-0.21298290223628713,-6.3776798072755501,-13.141102879308573
3,8.0769019225561181,48.280311821811864,0.089747313259892172,51.447697061446675,0.12891534913973768,-0.50065685376950309,2.425868470039827,51.020779862882307,6.6140422670022696,-0.40000000000000002,0,1.8729224476625708
3,-40.300492539437791,-46.631512270187429,1.0229999999999999,24.717487794012278,-1.0729296400753379,-0.56294222838809194,-9.4880156696300908,11.803892912715582,-21.716867061164436,-0.40000000000000002,-9.4880156696300908,16.390177885574847
3,40.177216266208063,3.2016577048894703,0.027608299516450285,48.36638185851352,1.361510256850095,-0.066659363966178997,-12.675742305149152,10.048676935058511,47.31100279996577,-0.066659363966178997,-11.5,0.5403284105010826
3,31.060212955804957,70.492253544946294,0.4196520637485151,32.901893210201244,1.7699490151635002,0.39475286898396067,-12.711806377573769,-6.5092723130550043,32.251572841800787,0.39475286898396067,-11.5,5.9384228045870495
3,18.570629289030819,22.641301215918915,1.1249756814596612,24.122401112948104,-1.4446701651720066,-0.23642543375774344,10.552601634234311,3.0344057809638878,-23.930788056610524,-0.23642543375774344,3.7299769446128588,20.419158039582044
3,-58.322101353753951,17.091628827782728,-1.0229999999999999,52.034441636150518,0.6283252784427753,-0.55558896792778756,3.5294536753394183,42.096541195812918,30.585361461574724,0,0,-34.504062941205135
3,-62.885052822962706,18.909009126314572,-0.2603060943658751,12.248519809729373,1.0893611272839694,0.4704179795619351,9.57057078607669,5.6716980942843245,10.856246048087915,0.40000000000000002,7.3458672066260053,-1.3197734623207071
3,40.114188578534794,-43.852693360806995,1.0807229233216911,53.186176102664689,0.25229739543822749,-0.49979562587028803,1.8547801912307822,51.502380510025773,13.276826813067128,-0.40000000000000002,0,40.331355981646475
3,50.015658924378442,-87.873499894625027,-0.43752165279522048,20.234846803423373,2.3628304895190384,-0.55451961072447342,-0.28227992168197957,-14.402830842135822,14.212933859370285,-0.40000000000000002,-0.28227992168197957,-3.8289866895400455
3,-4.0571773682998185,-47.603418799118494,-0.63368720554821201,41.700000000000003,-2.6388990704567239,0.38931132036742533,-7.1249093284578944,-36.54120990472714,-20.090544509760591,0.38931132036742533,-7.1249093284578944,-12.395269917986692
3,-87.884576687517054,71.092369473894735,0.24454982265912775,6.6386915065416048,-2.4580160637077033,0.33151159950564746,0.79982365176261006,-5.1471024348575929,-4.1927987602686922,0.33151159950564746,0.79982365176261006,0.67018470093719074
3,-15.945865172001433,-96.705069887406367,-0.099976367229891866,-13.956091248883489,1.6534733107703214,0.2486063819426797,-10.192675394617069,1.1525334640757521,-13.908420095803399,0.2486063819426797,0,0.56633797522454077
3,42.409205613999887,-62.197280877295391,0.021540451428888517,-6.6466232267855077,-2.0560092518107345,-0.25877335619947028,13.204151268352369,3.0999632607927925,5.8794411384569116,-0.25877335619947028,11.5,-0.057927824875261005
3,58.890832137361798,-27.710221866734756,0.71674054165703904,-11.199999999999999,-1.9628465393501742,0.47649885298374006,-12.973931600383965,4.2793393991647575,10.35022967410657,0.40000000000000002,0,-3.9478319407198543
3,-83.163315853839208,71.85259999266961,0.65973065586729851,51.984198388146055,1.7598728417766134,-0.54915482738630328,-1.5633682416937145,-9.7705313717453866,51.057747686045317,-0.40000000000000002,-1.5633682416937145,16.312271667286279
3,-23.639114813042369,-21.094594380633126,-0.53984321262277002,8.818418884348759,-3.0802617453946133,-0.27448862216226017,-5.8790458143548872,-8.8018389279691043,-0.54050264192369046,-0.27448862216226017,-5.8790458143548872,-2.1376602685901744
3,50.088561559176725,27.399456521564019,0.33617923121092896,32.195426067283975,2.4763202002199201,0.067419463533068491,-5.2254634290975677,-25.329707546567324,19.873383588592027,0.067419463533068491,-5.2254634290975677,4.5513024593878066
3,12.46725215558196,-67.326484402799025,1.0229999999999999,34.513454170156876,0.071957238571725757,0.53318864089178708,2.95412606524566,34.424140074056012,2.4813502206037454,0,2.6069833392045854,22.885887838145933
3,-97.002712039182697,-84.052376975127245,0.69027279446464229,9.6078945929040458,2.8998693470146248,-0.48759885389066815,7.9347508257619914,-9.3285632955451483,2.2999011607811868,-0.40000000000000002,7.9347508257619914,3.2097009438226389
3,-43.593434751815032,-31.190339036696429,-1.0562188630370781,11.783655898261078,-2.5705318851432284,-0.11760101353245045,7.2598929256494067,-9.9139205563672075,-6.3693583295857046,0,7.2598929256494067,-8.431422105524744
3,61.101447871491388,74.262272368975033,0.055775761570796521,-10.088108668535158,-0.27512093416848726,-0.16897921853674913,-13.501956763972169,-9.7087186215555885,2.740569144472357,-0.16897921853674913,-11.5,-0.2278610661398098
3,-77.33529176041354,93.889587027793766,-1.0229999999999999,8.1490024370439826,0.90563526286569829,-0.22458944884716964,2.3792052322979984,5.0294491476006975,6.4117768200903082,0,2.3792052322979984,-5.403607383007957
3,0.15672202311381511,39.922046841229928,-0.74673087326397725,48.798894123362146,-1.9978108823208343,-0.031489800737485196,5.9873798594667775,-20.210319753423846,-44.417058019723399,-0.031489800737485196,0,-18.270677594131939
3,-6.1669119393507543,64.801213941603663,-0.25330496147367559,-15.12050385495448,-0.23814348870769031,0.57567816750208489,1.6688326462062957,-14.693766921039661,3.5669104975950696,0.40000000000000002,1.6688326462062957,1.5834500575989972
3,26.27131127178663,2.070477378862762,0.86132972290400378,-17.558349801223635,-0.89315975258207025,0.48252474510244114,-11.424190659614146,-11.008269461983298,13.678949199207374,0.40000000000000002,0,-8.272869490231443
3,92.005037014119239,56.33298045244112,-0.031392787846205708,41.700000000000003,-1.8804400217379276,-0.44671804342935673,-13.334564244518573,-12.706794635679506,-39.716839880416806,-0.40000000000000002,-11.5,-0.5297522656084962
3,59.986403625118157,-19.936979539416797,0.96548968996929263,45.463135474940927,-0.11415191837306526,0.090262966280394319,8.6859938210060719,45.167249642273333,-5.1784405920500358,0.090262966280394319,0,26.579408651600357
3,16.279572298021549,-71.731846451522756,-1.1157195110914835,-6.4034667107992593,2.75288481679602,-0.54645020639950581,13.261887412002508,5.9257652321341165,-2.426868832455678,0,11.5,5.293900248818642
3,-15.11055221177628,27.57028084690802,-0.64242954974402622,-5.4613975129863945,3.0132485258827026,-0.028446604509937301,11.146853030368007,5.4164785660131312,-0.69901554973713731,-0.028446604509937301,11.146853030368007,1.6533294643487033
3,-28.02201978006336,-5.0938157655863847,1.0229999999999999,53.835214473694862,-3.0057629130808752,-0.13942962227391842,-4.0986913603296173,-53.339355275665973,-7.2899585873315669,-0.13942962227391842,-4.0986913603296173,35.698156264314328
3,-44.163404377327154,-73.848078126068543,-0.84531623756152408,42.433825918186592,-2.4160979738194346,-0.57065596475291835,7.1458438440818313,-31.747770306936033,-28.155082358128436,-0.40000000000000002,0,-19.357334983722495
3,-17.250232717930359,92.761870414566687,0.071970465510546255,19.271315322812889,-0.76645537434812594,-0.030158996736323385,5.3202211402610118,13.882548592388593,-13.366317325697919,-0.030158996736323385,4.6689080891893617,0.56205731615748311
3,76.312301225805442,-63.347360121947659,0.96568618349282442,44.390075365807803,2.7933126098933618,0.38862804788849992,-4.7660881498369694,-41.724943730469469,15.149516879136891,0.38862804788849992,-4.7660881498369694,25.962959765557617
3,48.664280803000281,47.736123639827611,0.68733908417661482,-11.199999999999999,2.1270307180248098,0.45452059395789435,7.8730455755293391,5.9135104910472949,-9.5115925938968591,0.40000000000000002,7.8730455755293391,-3.7192713963708841
3,-6.8058365213106811,-86.871829068412779,-0.65572031830914002,-10.939882722335902,0.31800044151295515,0.50915164853369899,13.482934557758302,-10.391384508426501,-3.420549952346454,0.40000000000000002,11.5,3.4045184073049195
3,-71.397475519050715,72.424886135529817,-1.0409369046490455,31.19179430544672,-2.9457624593953335,-0.47614713802636932,-4.9387635118705049,-30.595608935487537,-6.0693282873818601,0,-4.9387635118705049,-21.543110793350948
3,-58.866770889049704,43.982929129587859,-1.1134153476599116,29.661092193123054,2.824379222034894,-0.035533790812393495,-0.83606449995839327,-28.181249666572107,9.2518947961633771,0,-0.83606449995839327,-24.379095280774703
3,77.171817171668948,42.628979551650531,1.0229999999999999,3.5288570795328233,-3.0846547345220467,-0.24284477363744816,6.1877859651076648,-3.5231384768582843,-0.20081723195387585,-0.24284477363744816,6.1877859651076648,2.3399868040118665
3,82.455333581485945,51.893431199448287,-1.0237539983562174,44.310903376963438,1.9546410061599975,0.11691117065334067,8.6371229737918256,-16.593907653997537,41.08647450017088,0.11691117065334067,0,-29.432472751844113
3,40.592199897121048,-6.9382242773739904,-0.073050195474081467,10.625152605850722,-1.1898310878398832,-0.28232536285839066,-1.7587720483999423,3.9506089639087167,-9.8633947863755562,-0.28232536285839066,-1.7587720483999423,-0.31455328011506173
3,56.819013697914812,59.658592311525069,-0.26551996982084369,36.55994239734342,2.1665080389518732,-0.16529596636471944,-3.6559386765548911,-20.51371113855587,30.262469222139785,-0.16529596636471944,-3.6559386765548911,-4.022019884611356
3,40.388651240840289,4.9499623393146379,0.76087236589922891,-11.199999999999999,1.046018602339041,0.23630058679314603,4.7290352629825527,-5.6114313017708604,-9.6928756695578322,0.23630058679314603,4.7290352629825527,-4.313907424141278
3,79.515221683634621,0.94809944443656491,-1.0724260147977616,51.444951975726639,1.0131479213572989,-0.49069637607636085,-1.1650851528398434,27.224274029360892,43.651139588321016,0,-1.1650851528398434,-38.243509803364056
3,-56.18764921666115,-81.478449427904877,0.19794879822605652,32.488911869464552,2.8976741532544699,0.41825173153902695,-8.9996988064698709,-31.527210258149033,7.8462989874396811,0.40000000000000002,-8.9996988064698709,2.6361922846195966
3,-63.693118872968959,60.919111366528455,0.72606277511314476,40.924679025561197,-0.74055330163817468,-0.19896379719231666,-9.5056240206741709,30.20631574344268,-27.611733783894405,-0.19896379719231666,-9.5056240206741709,14.699075061715661
3,2.2823676029552615,-80.030134543945721,1.0229999999999999,25.976898522535258,1.8582894517546542,-0.21985483511947235,-6.5938939205693643,-7.3657270137022213,24.910747126686342,-0.21985483511947235,-6.5938939205693643,17.225293737295562
3,82.070661122654116,29.628259202451034,0.31761306442082327,-6.1419497821807703,1.8173185944800894,-0.19122161279028088,-2.004781134624503,1.4988375214524552,-5.9562600019741136,-0.19122161279028088,-2.004781134624503,-0.81681969780874963
3,-16.993897743162094,57.42308014202203,-0.55949517901508816,-1.1700330049685412,0.019335933554526452,0.39994105644447497,-10.871405071544512,-1.1698142867922876,-0.022622270716398035,0.39994105644447497,-10.871405071544512,0.29642007550948918
3,82.659419431701195,-87.395913163044042,-0.47443618993218523,-17.250455479355502,0.26399704991551598,0.20801404250132027,-8.2843741485698992,-16.652808228636701,-4.5013545012002742,0.20801404250132027,0,3.5838962498663771
3,-52.347868431150822,-72.089292675887705,1.0229999999999999,53.551921591281911,0.94089322158284272,0.017564348816831554,2.9196636118400612,31.545640959517367,43.274482580061267,0,0,35.51030461955331
3,-37.479399797492022,49.481188757088489,1.0265617889732206,37.63391021278273,-0.31913831415986671,0.57054747615228429,-0.63301792294243953,35.733628186813775,-11.807582924135678,0,-0.63301792294243953,25.156159255944807
3,-44.638742237317764,64.310710374850686,-1.1006696572099277,48.77226151762423,0.70085397329475585,0.29313796306179229,6.6862810786541331,37.276237777970586,31.451797892389674,0.29313796306179229,0,-38.829901649817899
3,29.065710466982466,-34.66916740535666,0.91264019617243031,42.495083168935686,-0.038856616849058501,-0.26544482403489239,-4.5717785422933996,42.463006887574849,-1.6507996851623337,-0.26544482403489239,-4.5717785422933996,22.234967901861292
3,-42.106516000443108,-39.092046340827771,-0.088758758714043234,41.700000000000003,-1.1843289421139531,-0.37021078697083665,2.3198036543516345,15.71750986304337,-38.624472600996569,-0.37021078697083665,0,-1.5012535020201176
3,-65.873386854250583,41.337795590109323,-0.91705071832471485,-1.3770087091444871,-1.3823059802950042,-0.48039284450103287,8.9959104849096185,-0.25801865129865581,1.3526194441311974,-0.40000000000000002,8.9959104849096185,0.72710566550817524
3,-35.845174663226118,-30.697153571644535,-0.14002137739212114,40.323081868478674,0.37085709679675638,-0.51640204721999228,13.353509069227794,37.581800365007929,14.613665272501754,-0.40000000000000002,2.2313770632282934,-2.2991301658298293
3,31.87933498148584,52.836963987898741,-0.82513087650050487,48.487102540082702,-1.8222806113031091,0.47045255280857334,1.0042626825635814,-12.065619225453883,-46.961898869603345,0.40000000000000002,0,-21.239201790778978
3,-65.730408734356431,72.538685539397022,-0.1950329114113383,-11.199999999999999,2.9506970464805375,-0.098074120737138393,6.2585490142141857,10.996548616840469,-2.1250690618104535,-0.098074120737138393,6.2585490142141857,0.89504743575273427
3,10.630786913827478,-30.673788159120406,-0.013875224260964476,16.023956352284983,1.5431598908048354,-0.098451890872611414,0.12859118505536493,0.44278867403884031,16.017837412399878,-0.098451890872611414,0.12859118505536493,-0.089950134960713621
3,-84.449820831663502,43.384800841065044,-0.71617811327097514,53.178316945082557,1.0095687948341014,-0.18658487405000967,13.344860091298777,28.302873883807614,45.020892072780342,-0.18658487405000967,0,-18.723283889515432
3,-32.466086846874845,28.400229369965189,-1.0431344981828452,0.4591690766507277,0.56639257661926834,0.25385095022849535,10.092905124237422,0.38746623195487506,0.24638620100763109,0.25385095022849535,10.092905124237422,-0.31873653525698398
3,-19.786291655238529,37.860688371209477,-1.0817710846061557,41.700000000000003,0.16901401734782517,-0.18209951493265242,-13.807303369635708,41.105820814533999,7.0143777459888268,0,-11.5,-31.701295592050183
3,-32.588521064842709,-24.153154317702416,-0.42601642273002971,13.451208731836701,0.94924947953108596,-0.19742289784916567,9.8259717228677488,7.8325502087117753,10.935546331823073,-0.19742289784916567,6.6890642910805678,-2.4694370680472133
3,-13.325282407832859,80.644997787832665,-0.3120621713251101,12.590226273069064,0.65850463981854102,0.55757648234098089,-13.875126084181588,9.9577129276700855,7.7043981502250105,0.40000000000000002,-11.5,-1.6431069247494894
3,79.468114139941378,-91.206882328179546,1.0252494677100479,-5.3754566131688044,2.2385336699982199,0.15907531432648536,5.1906326746019289,3.328541217294164,-4.2209415021810139,0,5.1906326746019289,-3.5825691508173274
3,-68.663601267203973,-71.898385494730547,-1.0229999999999999,9.1088982495590969,0.78044508292934145,-0.18958684051737085,-13.193838310258908,6.472787194621751,6.4089822323019021,0,-11.5,-6.0401147517929168
3,-9.1663790099694609,82.097291040247114,-0.74267881158788751,-5.5069207768980242,0.51433710832466284,0.2883524449060253,-11.045888860160234,-4.7944300157688788,-2.7091728012302143,0.2883524449060253,-11.045888860160234,2.0451361625475384
3,98.946996427406475,42.453819847074556,0.43323412630791736,44.880563365731732,0.67333585407382257,0.55450220264040528,-10.38564511450603,35.085191461245067,27.987395522864173,0.40000000000000002,-10.38564511450603,8.3979430783789528
3,45.238047514937335,-29.058015923436017,0.65930166531800249,33.956073631602194,-2.6412321843078796,-0.43022899921932933,4.9551916107827161,-29.7933879266247,-16.290149548989515,-0.40000000000000002,2.6497763250301487,10.64573901655174
3,-75.627927779655607,62.860362947211826,1.0229999999999999,51.177197447897697,-0.14276344601914426,-0.24692465360977672,-6.8666815633249172,50.656551136667538,-7.2814397998811762,-0.24692465360977672,-6.8666815633249172,33.935623913180507
3,-54.775736805218145,-56.203105030739934,-0.3298783666812149,7.5956948201397481,2.9602578273968074,-0.094371707272468575,3.4452396442177324,-7.4711546154065189,1.3698279137861324,-0.094371707272468575,3.4452396442177324,-1.05208651778649
3,86.995394910418753,-41.233794055252027,0.45603432474725197,4.8934874082153321,-1.9356195238798359,-0.54660381307832517,-6.6368067204157821,-1.7459186627503447,-4.5714316179313084,-0.40000000000000002,-6.6368067204157821,0.97104366453921698
3,15.088340476992613,-95.492838677708562,-0.98702589471248625,27.065098967210766,2.8273438698756985,0.27432773435933044,1.4060778347823923,-25.739689940279259,8.3658797435296606,0.27432773435933044,1.4060778347823923,-16.575036776863136
3,-64.769663929927887,55.945082763516325,1.0229999999999999,19.735994472840588,2.8600152104986902,-0.52807848130039992,0.10850525460072546,-18.958757606803307,5.4840667244730037,-0.40000000000000002,0.10850525460072546,13.086947300402437
3,61.338104641320228,-58.7702534673465,0.90916564957327894,-12.815745161630492,0.88768072263596665,0.23039339237025913,7.2956397776670734,-8.0894595303453283,-9.9400185389545683,0.23039339237025913,7.2956397776670734,-6.6577286495471757
3,-74.875439564418329,-74.689489207480989,-1.0059260666512881,16.237795177115125,-2.1244672696464626,-0.42246116174328419,12.179016691263641,-8.5380481615779864,-13.81186901923552,-0.40000000000000002,5.5411463821645226,-10.365013451065471
3,-2.8979364642978851,-89.005974901168813,0.13596523440092609,-0.9712483213997487,-1.7843080014055253,0.15245824360860882,5.4472687266049817,0.20580085049126928,0.94919403272402625,0.15245824360860882,5.4472687266049817,-0.053753920638246959
3,95.917611253274657,66.798759150021567,1.0229999999999999,53.846399315360173,-0.2152883815797666,0.30855972939894816,-7.0233540930235687,52.603345931760693,-11.503161131303715,0,-7.0233540930235687,35.705572938130217
3,98.157021153744068,-97.270514979585073,0.82111921241213426,-1.720352521088067,1.8611776316291859,0.00079431334195423364,8.8568058323866694,0.49256718319564285,-1.6483295686399544,0.00079431334195423364,8.8568058323866694,-0.74754091440392989
3,41.678351710349602,27.834279111658461,0.047540424882099218,42.510076387910004,2.8359874487089929,-0.45851047062139827,11.934043413890517,-40.540373656341608,12.790023389741984,-0.40000000000000002,0,0.81817552117237402
3,33.646000966006483,-21.641395817469956,0.049018094701209068,33.059693853902594,0.16801367193435812,0.56729842225350635,-0.32894005896485368,32.594176140065208,5.528384887484652,0.40000000000000002,-0.32894005896485368,0.6560961199409775
3,14.846651603684435,37.810840915609589,1.0229999999999999,-19.36733396704048,-0.65813468213460213,-0.5025131039603814,8.1781348603002328,-15.322166351269281,11.845878747265285,-0.40000000000000002,8.1781348603002328,-12.842488344063293
3,67.893237931278605,55.206993203550354,-0.26724945711271725,-12.681549132894162,2.1001342320056402,0.38260344528772305,-6.6327064813276522,6.4037000375645805,-10.945972512248696,0.38260344528772305,0,1.4046515513162654
3,-21.92752571544807,-17.924142368353799,0.28049394877078904,14.933500512100267,1.0885116254582181,0.59774499340243514,-0.76547644161891526,6.9262245449250859,13.230149322595578,0.40000000000000002,-0.76547644161891526,1.7404148198527116
3,25.843884057657831,-18.565056577064823,-0.30028181583322311,27.092524339508003,0.9171800899921001,0.18800148152504237,6.9050909532181919,16.47391475559791,21.508486876396653,0.18800148152504237,3.3210637322854186,-3.3937340805205545
3,-16.429528502943839,75.881600822141792,-0.74938884648974513,-11.199999999999999,0.74381682979497921,0.37316711553804127,8.688943621379547,-8.2419628896469987,-7.5835379425227174,0.37316711553804127,8.688943621379547,4.2157790162668656
3,51.903483638870313,-88.910175864727961,-0.64602326521054987,-14.18083866677128,2.8159096073367875,0.22836421204467339,-2.1461110175092131,13.435386050328901,-4.5372444249371275,0.22836421204467339,0,4.3252149194026517
3,27.626155242950247,84.021424368065908,0.38312037068930765,-10.101708289120493,-3.1408388264863265,0.52573288065269141,-5.2997534810201259,10.101705418945983,0.0076149407784484452,0.40000000000000002,-5.2997534810201259,-1.6470326705195673
3,59.316383178455425,-23.020494863205627,-0.23197329246208287,50.465907549591066,3.0133441864192045,-0.56088674409823847,4.4937056049011979,-50.051452805000928,6.4544478394853746,-0.40000000000000002,0,-4.8226928413619152
3,-96.260152692080013,-35.679838087723567,0.021203502932458113,41.700000000000003,-0.13620324237470438,-0.51205752722132092,4.0756091893580262,41.313802504333438,-5.6621305736385041,-0.40000000000000002,0,0.35774448234657424
3,1.2778645967190556,97.002556469339737,0.91438802136077424,-9.1890731153418237,-2.6920778308587252,0.24589155330190282,-5.9913950195390999,8.2762125056986697,3.9929151355388011,0.24589155330190282,-5.9913950195390999,-4.8254621156188104
3,79.256575568304953,-89.908636154689646,0.91950509138152015,25.61589949006212,0.66331729906313441,-0.095882177164964277,-10.97958549088794,20.184150378389472,15.772583180554948,-0.095882177164964277,-10.97958549088794,13.595020316868132
3,16.41973724976107,18.773987898257744,-0.20456789813685261,35.615912030719656,-1.3853544062594831,0.010774288326938719,-1.5017162033155849,6.5668937459482253,-35.005272407301554,0.010774288326938719,-1.5017162033155849,-2.9892601879119751
3,-12.521466869005721,0.65749312762035572,0.92278460445366883,-11.199999999999999,-1.3027480820578403,0.080318434760781487,-10.349633873375719,-2.9663187111878213,10.800044134338387,0.080318434760781487,0,-5.9847378707474865
3,-98.17769286274509,-40.60653303835204,1.0480511990956174,11.083089591136911,2.8203719736656883,-0.22768680075298847,-3.1778107150996586,-10.516197603586939,3.4992088888032522,-0.22768680075298847,-3.1778107150996586,7.7811224875292968
3,-27.896497725826961,-67.01004966276335,1.0685506521257957,38.863057613505823,-0.6867946366541875,-0.15222619308711327,11.050044714132962,30.05211777994181,-24.641579982038046,-0.15222619308711327,2.3152064074529028,28.625511271328239
3,97.228372756928565,73.919285843363838,0.08856987672802967,49.361253570703539,-0.58719929441220398,-0.13130986388590854,1.3296527837435654,41.093027472402895,-27.347695464584106,-0.13130986388590854,0,1.7732669203907225
3,63.500587368228167,-37.410554272141525,1.0229999999999999,43.658284890486932,1.4824861150497082,-0.1486515101246646,7.7436251318429612,3.8504630622496272,43.488156707144654,-0.1486515101246646,0,28.949829428358367
3,-70.666763282556389,-49.933146386330066,0.78483818040364139,32.352226057152464,-1.1861889365053457,0.016237894069090264,11.358720467219214,12.138401147182678,-29.98876036856424,0.016237894069090264,2.7811378370394397,13.073201541181524
3,-78.153292904629438,95.670876443597336,1.0590753865802265,25.214483483094654,2.8933697815777952,-0.49425791321583218,4.6418219036760462,-24.441673683897797,6.1947368668177578,-0.40000000000000002,3.5684252687676694,18.162326238983397
3,45.026736715112577,-98.972565103652983,0.37476777586944587,29.563339495133746,-1.2015809821093013,-0.19494134542069297,4.1799266671833841,10.668929266321564,-27.571089757475349,-0.19494134542069297,3.0434991965238041,4.7044201030313912
3,-64.940573294626489,-90.533290600414773,1.0229999999999999,0.72987565862997172,-0.16754524497614165,-0.35497905124118162,-0.49880007139452687,0.71965528148223135,-0.12171586952926637,-0.35497905124118162,-0.49880007139452687,0.48398089559062235
3,-77.673204560356851,54.233947700697541,-0.66126321804243526,39.399252777134421,0.98956943956533827,-0.41008248117997637,-3.403102411085106,21.632150652626063,32.929487963505053,-0.40000000000000002,-3.403102411085106,-12.40237583976981
3,34.945816908143996,-97.020544034943711,-0.2650819400287488,14.108771977574186,-2.1009694983618337,0.23825961118884864,-11.397894057620022,-7.1345625743159973,-12.171912897665349,0.23825961118884864,-11.397894057620022,-1.5494447342165769
3,-92.742735980840578,53.668475056933147,0.77462325502309726,7.7857439984793189,-1.6017770310609212,0.59822259841678871,11.833150999602367,-0.2411692487843474,-7.7820079030605926,0.40000000000000002,11.5,3.0825108351058232
3,-85.281292371601666,-94.660892906582021,0.86723151176130819,41.700000000000003,-0.62203608267945487,-0.095395685180693524,-2.5536871020626926,33.889328742554234,-24.298217987726755,-0.095395685180693524,-2.5536871020626926,19.883794004515728
3,86.036737662996842,35.300282746561663,0.6390044923454874,39.123349351854166,2.3708129862194811,-0.49050394876755821,-13.272722513359254,-28.065827044313252,27.257032428823258,-0.40000000000000002,-11.5,11.759466644995147
3,-22.902510132598138,-77.831117736956656,-0.10913643692368498,46.210746144164901,-2.3482289903991527,-0.32538606839156153,10.183563656471023,-32.414617960183065,-32.935172713921339,-0.32538606839156153,0,-2.0483586606047983
3,88.446592928052212,54.923728701459481,-0.36865195773277804,44.441966538119672,2.6605060611006106,-0.29376465199579177,-8.5517704361031797,-39.397475952707808,20.565195800943847,-0.29376465199579177,-8.5517704361031797,-6.9453945667048576
3,86.159353204530333,-58.786421652539289,-0.58113383922476702,41.700000000000003,0.81686228635485891,-0.25860403986286212,1.1189170206081602,28.544149209648481,30.39936752462663,-0.25860403986286212,0,-11.079671771030604
3,-59.815962881675901,-42.259575586863399,-0.14451608739371785,34.069940043100331,-2.2714378665196131,-0.21019857437638539,9.3439001762193286,-21.965170784966951,-26.044041294078877,-0.21019857437638539,2.6409204091987086,-2.005810806798737
3,69.034565303798331,46.801169919819102,1.0432832063235045,-18.864393745326097,-2.6440450928047734,-0.40746950956849692,10.231284375307013,16.57719322161622,9.0034446892231017,-0.40000000000000002,10.231284375307013,-13.099373856105359
3,7.9936189716815562,96.878735276016897,-0.68826251802264038,48.105403932452916,0.029513410662941553,-0.44266278233615453,2.9697627519603245,48.084454553757233,1.4195484395088525,-0.40000000000000002,0,-16.004839533384565
3,63.70366980274207,79.83145681061896,1.0229999999999999,-14.686670489693958,2.9153341031854021,0.17307975039175361,2.3297212135372121,14.312344629567022,-3.2947050364716062,0,2.3297212135372121,-9.7387381710862808
3,33.701831048922116,38.894661346392866,1.0445966400966533,35.113753083720049,2.1464838742893662,-0.18825234903944282,-10.870562785492339,-19.116336136786757,29.454054870761681,-0.18825234903944282,-10.870562785492339,24.456671424581327
3,-45.681477703432627,-1.6191743406036778,1.1055818950662595,-17.637511063512417,-2.8891794457143196,-0.22771719251657979,10.369566708766023,17.078623557716391,4.4048171232569455,-0.22771719251657979,10.369566708766023,-14.214523798930152
3,-96.349204841047992,-14.556802755572321,0.28223857317326662,23.783613783210157,-2.3753052747877712,-0.13538017237852429,-3.1177006871612143,-17.135860709466623,-16.493106509528829,-0.13538017237852429,-3.1177006871612143,2.7900335307460096
3,56.237696762858462,-7.3475275262741064,1.0229999999999999,3.6988220743701419,2.5635446476264772,-0.18711265161556334,-9.9795080820381461,-3.0978773929331154,2.0209998506189368,-0.18711265161556334,-9.9795080820381461,2.4526906727431905
3,-28.211389396487462,64.11400637450825,-0.32602527040253421,45.369598894119036,1.2127370219548066,-0.28987343318088649,-8.642711722688194,15.90010625010564,42.492200755533936,-0.28987343318088649,-8.642711722688194,-6.2052777099245384
3,38.919567483139986,-41.201170378487028,-0.87150036960972321,13.701732458765591,2.8554581966255004,-0.58290711016144403,7.9935414480421514,-13.144648436556679,3.8672586997663601,-0.40000000000000002,6.5667608290248332,-6.5902135138644962
3,-80.332964729713979,84.2104378784191,-0.74266331532409369,54.849130195572513,-0.61883014715427986,-0.25614876114992863,-12.857434592308069,44.677777237739491,-31.817028527280669,-0.25614876114992863,-11.5,-20.36899656987805
3,87.151043611276492,93.536097533988737,-0.63169223295313548,-11.199999999999999,-2.6412873780420005,0.074360310995778112,-13.088719970683824,9.8272850379914214,5.3725663124869785,0.074360310995778112,0,3.3152864653458294
3,80.047909865433866,80.739319219031131,0.2608397287943528,19.512604650523393,-2.1383912338892972,0.16062538438523211,8.5770915301297883,-10.490086308890557,-16.452958076882531,0.16062538438523211,4.6111732191317953,2.106987719005692
3,2.4558066854861664,14.218360780436285,0.61335335391616308,22.546494542778795,-0.54568586264300079,0.078136284662682409,10.965947194461027,19.272101548029262,-11.70173141419688,0.078136284662682409,3.9906868816916625,6.4204840388388495
3,-12.388207207413757,73.304581212249417,-0.34213682545989399,13.052140320224623,-1.6038867417482625,-0.072696017521042933,7.0359358084469505,-0.43182192341522224,-13.044995084908669,-0.072696017521042933,6.8935820327168793,-1.8804864815006055
3,7.5581182346734437,-80.215401805083133,1.0229999999999999,44.162787059496921,-0.83721743704428242,-0.42433782576866519,-1.6979431140776295,29.56841043186213,-32.803366677757566,-0.40000000000000002,-1.6979431140776295,29.284365056033895
3,65.875058950230567,79.4644289810945,-0.30556681407149522,5.453098994172457,1.6067361158529181,0.31936101009362161,10.998366302052553,-0.19594103939626059,5.4495775753103084,0.31936101009362161,10.998366302052553,-0.69587790160071095
3,79.482546923974837,-67.786399314525923,0.93984754593987196,-6.9210939450789137,-1.4333041672999776,0.34904655991308386,-9.994673756320994,-0.94860080801795088,6.8557784316323769,0.34904655991308386,-9.994673756320994,-3.8324610442851754
3,-99.982783990626217,27.272307543789424,1.045430353049033,49.877622399821547,2.673377090673867,0.04850319427761951,1.0451104044713553,-44.50954405598128,22.509502530883303,0,0,34.806465689531272
