vehicle,step,time,x,y,steering,v,heading
1,0.050000000000000003,0,0,0,0,10,0.29999999999999999
1,0.050000000000000003,0.10000000000000001,0.9696659965820168,0.2999547550232694,9.9973335466585418e-05,10.300000000000001,0.30001070689237846
1,0.050000000000000003,0.20000000000000001,1.967972960324009,0.60883694009105271,0.00059904058861181566,10.600000000000001,0.30015301163519115
1,0.050000000000000003,0.30000000000000004,2.9948485762908676,0.9268800955901414,0.0014940094321350837,10.900000000000002,0.30061308704479411
1,0.050000000000000003,0.40000000000000002,4.0501512179020409,1.2545403419381795,0.0027791551196132049,11.200000000000003,0.30159000219685317
1,0.050000000000000003,0.5,5.1336579144590502,1.5925313562723855,0.0044462571043412244,11.500000000000004,0.3032943081659249
1,0.050000000000000003,0.60000000000000009,6.2450509101150615,1.941859013360123,0.0064846516227778503,11.800000000000004,0.30594649038008825
1,0.050000000000000003,0.70000000000000007,7.383902146855732,2.3038550262851043,0.0088812999062408988,12.100000000000005,0.30977529969962359
1,0.050000000000000003,0.80000000000000004,8.5496548525445952,2.6802088366696766,0.011620871584530696,12.400000000000006,0.31501597533464609
1,0.050000000000000003,0.90000000000000002,9.7416012822006515,3.0729969063916975,0.014685842747982849,12.700000000000006,0.32190837353960949
1,0.050000000000000003,1,10.958855559205835,3.4847084475390444,0.018056608040687913,13.000000000000007,0.33069501666739348
1,0.050000000000000003,1.1000000000000001,12.200320507095313,3.9182664888774621,0.021711606067863869,13.300000000000008,0.34161907764446026
1,0.050000000000000003,1.2000000000000002,13.46464736703733,4.3770430100423345,0.025627457315202207,13.600000000000009,0.3549223152598267
1,0.050000000000000003,1.3,14.750187377018843,4.8648666753892531,0.029779113697974445,13.900000000000009,0.37084297586768411
1,0.050000000000000003,1.4000000000000001,16.054934362707378,5.3860214675936913,0.034140018783295159,14.20000000000001,0.38961367721269174
1,0.050000000000000003,1.5,17.376457773763399,5.9452342613041376,0.038682277660665836,14.500000000000011,0.41145929012548699
1,0.050000000000000003,1.6000000000000001,18.711826009344424,6.5476491008712001,0.043376835374207751,14.800000000000011,0.43659483382983116
1,0.050000000000000003,1.7000000000000002,20.057520427338488,7.1987856734362943,0.048193662775226472,15.100000000000012,0.46522340057489109
1,0.050000000000000003,1.8,21.409341134745073,7.9044792296055304,0.053101948606285913,15.400000000000013,0.49753412527425706
1,0.050000000000000003,1.9000000000000001,22.762306516916578,8.6707990397535841,0.058070296588109228,15.700000000000014,0.53370021580868432
1,0.050000000000000003,2,24.110549477160539,9.5039424370241097,0.063066926248623104,16.000000000000014,0.57387705963579871
1,0.050000000000000003,2.1000000000000001,25.447214508217453,10.410101650553546,0.068059876209524792,16.300000000000011,0.61820042234236783
1,0.050000000000000003,2.2000000000000002,26.764360968143642,11.395301043552102,0.073017208630031735,16.600000000000009,0.66678475375995361
1,0.050000000000000003,2.3000000000000003,28.05287922727403,12.465203111741699,0.077907213500071265,16.900000000000006,0.7197216172214892
1,0.050000000000000003,2.4000000000000004,29.302427605701016,13.624882733795246,0.082698611476131362,17.200000000000003,0.77707825743607195
1,0.050000000000000003,2.5,30.501399118611101,14.878570746767217,0.087360753962315088,17.5,0.83889632226783017
1,0.050000000000000003,2.6000000000000001,31.636927848051247,16.229369968161976,0.091863819156762741,17.799999999999997,0.90519075338414257
1,0.050000000000000003,2.7000000000000002,32.69494509894588,17.678949282930425,0.09617900280941373,18.099999999999994,0.9759488602492854
1,0.050000000000000003,2.8000000000000003,33.660287080012438,19.227210098426337,0.10027870247090942,18.399174573916532,1.05112890809466
1,0.050000000000000003,2.9000000000000004,34.516784107549881,20.871748510612612,0.10413669405407278,18.694013079121813,1.1306493328471903
1,0.050000000000000003,3,35.247638501140578,22.607562876893184,0.10772829957857384,18.984273096518329,1.2143896171300508
1,0.050000000000000003,3.1000000000000001,35.835913877958284,24.426964484979493,0.11103054502578764,19.270161519922677,1.3021987416820369
1,0.050000000000000003,3.2000000000000002,36.264970460101544,26.319391032967616,0.11402230729411213,19.551870115274074,1.3938960571354644
1,0.050000000000000003,3.3000000000000003,36.518960539612273,28.271293905890492,0.1166844493147336,19.829577025370888,1.4892721180635569
1,0.050000000000000003,3.4000000000000004,36.583373401427423,30.266124407557015,0.1189999424635599,20.103448087470625,1.5880897704435368
1,0.050000000000000003,3.5,36.445609032440856,32.284435263104669,0.12095397548630257,20.373637991435977,1.6900854877433655
1,0.050000000000000003,3.6000000000000001,36.095554572880836,34.304109005224916,0.12253404923995942,20.640291301396271,1.7949709481374734
1,0.050000000000000003,3.7000000000000002,35.526133257585926,36.300718393099061,0.12373005664467498,20.903543360082889,1.9024348425907172
1,0.050000000000000003,3.8000000000000003,34.733793157362769,38.24801609574596,0.12453434733456024,21.163521091897749,2.0121449007931074
1,0.050000000000000003,3.9000000000000004,33.718902881567104,40.118542029004885,0.12494177659392652,21.420343718239096,2.1237501192579695
1,0.050000000000000003,4,32.486023884966954,41.884327686711167,0.12494973826590912,21.674123396524749,2.2368831733910906
1,0.050000000000000003,4.1000000000000005,31.044034230085327,43.517668398131434,0.12455818142297739,21.924965792630861,2.3511629930725713
1,0.050000000000000003,4.2000000000000002,29.40608639089038,44.991927556889991,0.12376961069269717,22.172970595034471,2.4661974793334558
1,0.050000000000000003,4.2999999999999998,27.589391439791289,46.282332307699399,0.12258907023666164,22.41823197775582,2.5815863381115483
1,0.050000000000000003,4.4000000000000004,25.614832960326538,47.366718564887208,0.12102411148507089,22.660839018197592,2.6969240058766117
1,0.050000000000000003,4.5,23.506425300480643,48.226184906165876,0.11908474483334866,22.900876075138335,2.8118026411494434
1,0.050000000000000003,4.6000000000000005,21.290641270452216,48.845619825942947,0.11678337560977317,23.13842313142808,2.9258151556094556
1,0.050000000000000003,4.7000000000000002,18.995643085070757,49.214074673232311,0.11413472472371064,23.373556105333137,3.038558258580907
1,0.050000000000000003,4.8000000000000007,16.650456422130883,49.324964643310466,0.11115573450203199,23.60634713396578,3.1496354891813803
1,0.050000000000000003,4.9000000000000004,14.284130363754127,49.176091501293968,0.10786546031603832,23.836864831798295,3.2586602112652208
1,0.050000000000000003,5,11.92492550847985,48.769493227599504,0.10428494869211306,24.065174526887201,3.3652585474448973
1,0.050000000000000003,5.1000000000000005,9.6173947791372054,48.11719063885392,0.1004371026857766,23.915174526887203,3.4682689855490128
1,0.050000000000000003,5.2000000000000002,7.4009955883930498,47.241672732204528,0.096346535380290074,23.765174526887204,3.566638925810016
1,0.050000000000000003,5.3000000000000007,5.2919697550233176,46.164564996761143,0.092039412446917157,23.615174526887206,3.6601922620463769
1,0.050000000000000003,5.4000000000000004,3.3022634434934464,44.908044768955669,0.087543284773921176,23.465174526887207,3.7487842399283173
1,0.050000000000000003,5.5,1.4398066769364934,43.494157362580573,0.082886912234900439,23.315174526887208,3.832301937658332
1,0.050000000000000003,5.6000000000000005,-0.29111367441058111,41.944251512284438,0.078100079723743346,23.16517452688721,3.9106645246770064
1,0.050000000000000003,5.7000000000000002,-1.8894203157350171,40.278538587919797,0.073213406632951616,23.015174526887211,3.9838233034898645
1,0.050000000000000003,5.8000000000000007,-3.3567809732015976,38.515772410742166,0.068258150994020134,22.865174526887213,4.0517615408655043
1,0.050000000000000003,5.9000000000000004,-4.6971379522846064,36.673040663134692,0.063266009532706682,22.715174526887214,4.1144940955684692
1,0.050000000000000003,6,-5.9162517598237399,34.765654862134902,0.058268914918155584,22.565174526887215,4.1720668504908103
1,0.050000000000000003,6.1000000000000005,-7.0212735193243692,32.807123530196748,0.053298831502788704,22.415174526887217,4.2245559575706277
1,0.050000000000000003,6.2000000000000002,-8.0203560140111989,30.809192302836315,0.048387550859531683,22.265174526887218,4.2720669042756763
1,0.050000000000000003,6.3000000000000007,-8.9223089013468968,28.781934965148128,0.043566488424239311,22.11517452688722,4.3147334107294144
1,0.050000000000000003,6.4000000000000004,-9.7363001119796344,26.733880499065179,0.038866482544114546,21.965174526887221,4.3527161668092127
1,0.050000000000000003,6.5,-10.471602728426435,24.67216286269759,0.034317597217525496,21.815174526887223,4.3862014187922282
1,0.050000000000000003,6.6000000000000005,-11.137384708335311,22.602682165110366,0.029948929787012427,21.665174526887224,4.4153994153988778
1,0.050000000000000003,6.7000000000000002,-11.742537593488613,20.530267948197181,0.025788424815593271,21.515174526887225,4.4405427234143859
1,0.050000000000000003,6.8000000000000007,-12.295539716078965,18.458837297667706,0.021862695336924042,21.365174526887227,4.4618844234745678
1,0.050000000000000003,6.9000000000000004,-12.804349251527372,16.391542380985879,0.018196852622703246,21.215174526887228,4.4796961970916511
1,0.050000000000000003,7,-13.276322645605235,14.330903694445999,0.014814345556227838,21.06517452688723,4.4942663165684529
1,0.050000000000000003,7.1000000000000005,-13.718154346103507,12.27892676788009,0.011736810639561928,20.915174526887231,4.5058975500933256
1,0.050000000000000003,7.2000000000000002,-14.135834294973145,10.23720131835673,0.0089839335937603997,20.765174526887233,4.5149049950035058
1,0.050000000000000003,7.3000000000000007,-14.534620204114139,8.2069828714236284,0.006573323437433754,20.615174526887234,4.521613852922405
1,0.050000000000000003,7.4000000000000004,-14.919022185331571,6.1892576945919311,0.0045203998491216328,20.465174526887235,4.5263571611823838
1,0.050000000000000003,7.5,-15.292797790467413,4.1847925299455504,0.0028382945339714433,20.315174526887237,4.5294734955999498
1,0.050000000000000003,7.6000000000000005,-15.658955917274396,2.1941710878997913,0.0015377672256387327,20.165174526887238,4.5313046602348503
1,0.050000000000000003,7.7000000000000002,-16.019768341584161,0.21781958782580735,0.00062713686071052947,20.01517452688724,4.5321933801988568
1,0.050000000000000003,7.8000000000000007,-16.376787850658275,-1.7439761823034061,0.00011222836590041335,19.865174526887241,4.5324810138479954
1,0.050000000000000003,7.9000000000000004,-16.730872089634332,-3.6910597525516744,-3.6646016042488845e-06,19.715174526887242,4.5325053007634759
1,0.050000000000000003,8,-17.08221231220433,-5.623396317314457,0.00028019927769161571,19.565174526887244,4.5325981617787887
1,0.050000000000000003,8.0999999999999996,-17.430366270619736,-7.5410661993709471,0.0009620042436758818,19.415174526887245,4.5330835669300527
1,0.050000000000000003,8.2000000000000011,-17.774294511439599,-9.444257316224892,0.0020373890712974442,19.265174526887247,4.5342754865904533
1,0.050000000000000003,8.3000000000000007,-18.112399382346741,-11.333254825439607,0.0034994749675234262,19.115174526887248,4.536475940204574
1,0.050000000000000003,8.4000000000000004,-18.442566117689694,-13.208426467075455,0.0053389095721399632,18.96517452688725,4.5399731559821142
1,0.050000000000000003,8.5,-18.762205466272732,-15.070202495632548,0.0075439267809416866,18.815174526887251,4.545039853669274
1,0.050000000000000003,8.5999999999999996,-19.068297458013927,-16.919049485802837,0.010100422008645539,18.665174526887252,4.5519316611243674
1,0.050000000000000003,8.7000000000000011,-19.357436073680507,-18.755437692437589,0.012992042410103221,18.515174526887254,4.5608856739217991
1,0.050000000000000003,8.8000000000000007,-19.625874775342552,-20.579802034513424,0.016200291482704337,18.365174526887255,4.572119165639017
1,0.050000000000000003,8.9000000000000004,-19.869573060887294,-22.39249714733953,0.019704647380871829,18.215174526887257,4.5858284548887207
1,0.050000000000000003,9,-20.084244406716731,-24.193747301157348,0.023482694185840727,18.065174526887258,4.6021879335867064
1,0.050000000000000003,9.0999999999999996,-20.267459352565528,-26.006049922323193,0.027510265291041541,18.365375865687049,4.6215957987226632
1,0.050000000000000003,9.2000000000000011,-20.414670651132258,-27.851492599735352,0.031761597985911244,18.660748395734149,4.6445276593212776
1,0.050000000000000003,9.3000000000000007,-20.51766388542806,-29.729265020458399,0.036209498249322895,18.951517899358834,4.6712462254471037
1,0.050000000000000003,9.4000000000000004,-20.567445574064518,-31.638047046179217,0.040825514698518403,19.237893093851184,4.7019977797916246
1,0.050000000000000003,9.5,-20.554281388593939,-33.575835582737326,0.045580120580864837,19.520067384389186,4.7370098298449408
1,0.050000000000000003,9.6000000000000014,-20.467760919787892,-35.539750152589797,0.050442902644308112,19.798220392037042,4.7764888872883446
1,0.050000000000000003,9.7000000000000011,-20.296895300362575,-37.525820382101472,0.05538275567839774,20.072519291115086,4.8206183884269684
1,0.050000000000000003,9.8000000000000007,-20.030254505952961,-39.52876055227857,0.060368081481483891,20.343119984226853,4.8695567690028678
1,0.050000000000000003,9.9000000000000004,-19.656151272864257,-41.541738615004263,0.065366990981375772,20.610168138398727,4.9234357062863188
1,0.050000000000000003,10,-19.162878125453116,-43.556149593098077,0.070347508216578813,20.87380010188469,4.9823585409251034
1,0.050000000000000003,10.100000000000001,-18.539002828403468,-45.561405954339087,0.07527777487332693,21.134143718016603,5.0463988906161141
1,0.050000000000000003,10.200000000000001,-17.773725513211335,-47.544760204955878,0.080126254070070749,21.391319049887699,5.1155994672197309
1,0.050000000000000003,10.300000000000001,-16.857297654463419,-49.491177343520476,0.084861932085896624,21.645439027526514,5.1899711084275504
1,0.050000000000000003,10.4,-15.781498937037783,-51.38327663800419,0.089454516742502876,21.896610027459104,5.2694920344763263
1,0.050000000000000003,10.5,-14.540162906327824,-53.201363065731087,0.093874631170765666,22.144932393097406,5.3541073396325904
1,0.050000000000000003,10.600000000000001,-13.129736307079616,-54.923568286306619,0.098094001722449767,22.390500903174704,5.4437287272121386
1,0.050000000000000003,10.700000000000001,-11.549850525678748,-56.526118811754429,0.10208563882507048,22.633405194430242,5.538234495710463
1,0.050000000000000003,10.800000000000001,-9.8038770565763436,-57.983744776491335,0.10582400962305269,22.873730143888654,5.637469782176125
1,0.050000000000000003,10.9,-7.8994330745458505,-59.270236211311556,0.1092852013008731,23.111556215356959,5.741247067241817
1,0.050000000000000003,11,-5.8487987890009094,-60.359145018868055,0.1124470740434745,23.346959774149528,5.849346944233063
1,0.050000000000000003,11.100000000000001,-3.7347884752148204,-61.202627879425272,0.11528940265552773,22.19695977414953,5.9581984643231456
1,0.050000000000000003,11.200000000000001,-1.6532161928157243,-61.783823398009069,0.11779400593366116,21.046959774149531,6.0640029514246905
1,0.050000000000000003,11.300000000000001,0.364197526414064,-62.126469622105404,0.11994486296411701,19.896959774149533,6.1662012221091045
1,0.050000000000000003,11.4,2.2911461968417397,-62.257841244164453,0.12172821560192633,18.746959774149534,6.2642717724884243
1,0.050000000000000003,11.5,4.1069824717813148,-62.207478670211053,0.12313265647608569,17.596959774149536,6.3577356011524833
1,0.050000000000000003,11.600000000000001,5.7966498329380167,-62.005965279119209,0.12414920195780275,16.446959774149537,6.4461605342318489
1,0.050000000000000003,11.700000000000001,7.3503452009656254,-61.683823240919622,0.12477134962506298,15.296959774149538,6.5291650097145917
1,0.050000000000000003,11.800000000000001,8.7629708539281186,-61.270577820051898,0.12499511985594029,14.14695977414954,6.6064212835451457
1,0.050000000000000003,11.9,10.033440440062575,-60.794018316507305,0.12481908128459653,12.996959774149541,6.6776580261498397
1,0.050000000000000003,12,11.163903337790911,-60.279663315375615,0.12424435995713812,11.846959774149543,6.7426622847621216
1,0.050000000000000003,12.100000000000001,12.158945606325444,-59.750420681427777,0.12327463212876381,10.696959774149544,6.8012807941287052
1,0.050000000000000003,12.200000000000001,13.024816103758967,-59.226419911212268,0.12191610074827693,9.5469597741495456,6.8534206257113501
1,0.050000000000000003,12.300000000000001,13.768714867151322,-58.724986426771252,0.12017745578038128,8.396959774149547,6.8990491731887591
1,0.050000000000000003,12.4,14.398169150788913,-58.260723908277889,0.11806981861956246,7.2469597741495466,6.93819347973439
1,0.050000000000000003,12.5,14.920511804562,-57.845671117912744,0.11560667095111613,6.0969597741495463,6.9709389200270566
1,0.050000000000000003,12.600000000000001,15.342467688477415,-57.489502923756611,0.11280376851436967,4.9469597741495459,6.9974272570821094
1,0.050000000000000003,12.700000000000001,15.669846878002248,-57.199750387529569,0.10967904031971873,3.7969597741495456,7.0178541006310029
1,0.050000000000000003,12.800000000000001,15.907338490292274,-56.982020899480972,0.10625247396414528,2.6469597741495452,7.0324657998112086
1,0.050000000000000003,12.9,16.058395791498764,-56.840205641400559,0.10254598777880668,1.4969597741495451,7.0415558082716885
1,0.050000000000000003,13,16.125201446712826,-56.776667530094734,0.098583290626514927,0.34695977414954515,7.0454605643989154
1,0.050000000000000003,13.100000000000001,16.152084588617647,-56.750960776968029,0.094389730245923634,0.3969597741495452,7.0469646691514773
1,0.050000000000000003,13.200000000000001,16.182535681341189,-56.721750657698152,0.089992131112502441,0.44695977414954524,7.0485945607785876
1,0.050000000000000003,13.300000000000001,16.216540035069272,-56.689022021098772,0.085418622853435419,0.49695977414954529,7.0503284133042587
1,0.050000000000000003,13.4,16.254082518596007,-56.65275935102774,0.080698460314002365,0.54695977414954533,7.0521438583967306
1,0.050000000000000003,13.5,16.295147879898337,-56.612947104472305,0.075861836426404219,0.59695977414954537,7.0540182512167622
1,0.050000000000000003,13.600000000000001,16.339721065469295,-56.569570041894934,0.070939689078033594,0.64695977414954542,7.0559289408594807
1,0.050000000000000003,13.700000000000001,16.387787532714718,-56.522613543797284,0.065963503214574254,0.69695977414954546,7.0578535429588038
1,0.050000000000000003,13.800000000000001,16.439333549541075,-56.472063907709028,0.060965109443794373,0.74695977414954551,7.0597702120400241
1,0.050000000000000003,13.9,16.494346475163869,-56.417908620118979,0.055976480428282176,0.79695977414954555,7.0616579112312765
1,0.050000000000000003,14,16.552815016157712,-56.360136598224685,0.051029526369515431,0.8469597741495456,7.0634966769762935
1,0.050000000000000003,14.100000000000001,16.614729451858814,-56.298738396772421,0.046155890891468911,0.89695977414954564,7.0652678764279448
1,0.050000000000000003,14.200000000000001,16.680081823425233,-56.233706375680399,0.041386748629408152,0.94695977414954569,7.0669544552444776
1,0.050000000000000003,14.300000000000001,16.748866081163595,-56.165034824576296,0.036752605818610472,0.99695977414954573,7.0685411735588257
1,0.050000000000000003,14.4,16.821078185144021,-56.092720040828517,0.032283105158564938,1.0469597741495456,7.0700148279474657
1,0.050000000000000003,14.5,16.896716154645507,-56.016760358105287,0.028006836200854483,1.0969597741495454,7.0713644572912884
1,0.050000000000000003,14.600000000000001,16.975780062596343,-55.937156122955585,0.023951152473590597,1.1469597741495452,7.0725815304996642
1,0.050000000000000003,14.700000000000001,17.058271971888974,-55.853909617371855,0.020141996512180241,1.196959774149545,7.0736601141631432
1,0.050000000000000003,14.800000000000001,17.144195811243641,-55.767024925770905,0.016603733915630851,1.2469597741495448,7.0745970183131419
1,0.050000000000000003,14.9,17.233557189154197,-55.676507745321942,0.013358997489866874,1.2969597741495447,7.0753919186010661
1,0.050000000000000003,15,17.326363145354147,-55.582365139066702,0.010428542475008663,1.3469597741495445,7.0760474533667246
1,0.050000000000000003,15.100000000000001,17.422621840169722,-55.484605231824915,0.0078311137826651799,1.3969597741495443,7.0765692942478626
1,0.050000000000000003,15.200000000000001,17.522342183057116,-55.383236849467238,0.005583326092468666,1.4469597741495441,7.0769661891895028
1,0.050000000000000003,15.300000000000001,17.625533402528436,-55.278269102775241,0.0036995575748243279,1.496959774149544,7.0772499769426203
1,0.050000000000000003,15.4,17.732204560531454,-55.169710917800693,0.0021918579196867774,1.5469597741495438,7.0774355723945197
1,0.050000000000000003,15.5,17.842364015138362,-55.057570515388328,0.001069871259665149,1.5969597741495436,7.0775409223449222
1,0.050000000000000003,15.600000000000001,17.956018836096792,-54.941854843339065,0.00034077448048603167,1.6469597741495434,7.0775869316278923
1,0.050000000000000003,15.700000000000001,18.073174178383852,-54.822568965561857,9.2313134166878327e-06,1.6969597741495432,7.0775973597751731
1,0.050000000000000003,15.800000000000001,18.193832619365889,-54.69971541348594,7.7362503300408114e-05,1.7469597741495431,7.0775986887154456
1,0.050000000000000003,15.9,18.31799346549391,-54.573293505971478,0.00054473224302678774,1.7969597741495429,7.0776199623001972
1,0.050000000000000003,16,18.445652034652525,-54.443298644950644,0.0014083509612100047,1.8469597741495427,7.0776925987340249
1,0.050000000000000003,16.100000000000001,18.576798920332248,-54.309721595035704,0.0026626944452434482,1.8969597741495425,7.0778501772594016
1,0.050000000000000003,16.199999999999999,18.711419243719483,-54.17254775632388,0.0042997391774084529,1.9469597741495424,7.078128200697698
1,0.050000000000000003,16.300000000000001,18.849491899612687,-54.031756440586847,0.0063090136580065802,1.9969597741495422,7.0785638356753093
1,0.050000000000000003,16.400000000000002,18.990988801798981,-53.887320161929345,0.0086776653872226318,2.046959774149542,7.0791956325625938
1,0.050000000000000003,16.5,19.135874133192033,-53.739203953808982,0.011390543077262921,2.0969597741495418,7.080063227322122
1,0.050000000000000003,16.600000000000001,19.284103605672939,-53.587364724999823,0.014430293568891809,2.1469597741495416,7.0812070276007768
1,0.050000000000000003,16.699999999999999,19.435623734227843,-53.431750667628151,0.017777472832431321,2.1969597741495415,7.0826678855082532
1,0.050000000000000003,16.800000000000001,19.590371129678378,-53.272300730782042,0.021410670343196291,2.2469597741495413,7.0844867596045917
1,0.050000000000000003,16.900000000000002,19.748271814092387,-53.108944173371917,0.025306646035786688,2.2969597741495411,7.0867043686744617
1,0.050000000000000003,17,19.909240562879127,-52.941600209872291,0.029440478961196993,2.3469597741495409,7.0893608399000652
1,0.050000000000000003,17.100000000000001,20.073180277647776,-52.770177762283488,0.033785726695844474,2.3969597741495408,7.0924953540620255
1,0.050000000000000003,17.199999999999999,20.239981394165397,-52.59457533109569,0.038314594482842572,2.4469597741495406,7.0961457904031766
1,0.050000000000000003,17.300000000000001,20.40952133020755,-52.414680997198822,0.042998113023592431,2.4969597741495404,7.1003483737880284
1,0.050000000000000003,17.400000000000002,20.581663978756719,-52.230372565544698,0.047806323782433158,2.5469597741495402,7.1051373267849165
1,0.050000000000000003,17.5,20.75625925286424,-52.041517859920837,0.052708470619033401,2.59695977414954,7.1105445292913503
1,0.050000000000000003,17.600000000000001,20.933142689529365,-51.847975176429074,0.057673196522730896,2.6469597741495399,7.1165991883178901
1,0.050000000000000003,17.699999999999999,21.112135121129786,-51.649593901172437,0.062668744190391604,2.6969597741495397,7.1233275205427118
1,0.050000000000000003,17.800000000000001,21.293042424211023,-51.446215295242268,0.067663159164774639,2.7469597741495395,7.1307524502470452
1,0.050000000000000003,17.900000000000002,21.475655356743648,-51.237673447371932,0.072624494234010656,2.7969597741495393,7.1388933252388913
1,0.050000000000000003,18,21.659749496209962,-51.02379639160138,0.077521013784734583,2.8469597741495392,7.1477656533651972
1,0.050000000000000003,18.100000000000001,21.84508529199768,-50.804407384005771,0.082321396801710078,2.896959774149539,7.15738086219634
1,0.050000000000000003,18.199999999999999,22.031408246461147,-50.579326329022422,0.086994937215440715,2.9469597741495388,7.1677460844356506
1,0.050000000000000003,18.300000000000001,22.21844923956083,-50.348371342217717,0.091511740316227122,2.9969597741495386,7.1788639715543985
1,0.050000000000000003,18.400000000000002,22.405925012109694,-50.111360432541694,0.095842913978290187,3.0469597741495384,7.1907325380725924
1,0.050000000000000003,18.5,22.593538822246945,-49.868113283309711,0.099960753470778652,3.0969597741495383,7.2033450387916043
1,0.050000000000000003,18.600000000000001,22.780981288743902,-49.618453107433027,0.1038389186735012,3.1469597741495381,7.2166898811301765
1,0.050000000000000003,18.699999999999999,22.967931433058993,-49.362208548913607,0.10745260256380729,3.1969597741495379,7.230750574516045
1,0.050000000000000003,18.800000000000001,23.154057929659384,-49.099215599455867,0.11077868989687555,3.2469597741495377,7.2455057185378617
1,0.050000000000000003,18.900000000000002,23.339020571003964,-48.829319496371461,0.11379590506439738,3.2969597741495376,7.2609290312649799
1,0.050000000000000003,19,23.522471949759694,-48.552376565908204,0.11648494818586495,3.3469597741495374,7.2769894187966875
1,0.050000000000000003,19.100000000000001,23.704059356360091,-48.268255974862178,0.11882861856194352,3.3969597741495372,7.2936510867107103
1,0.050000000000000003,19.200000000000003,23.883426885008873,-47.976841352963568,0.12081192470024794,3.446959774149537,7.3108736936487837
1,0.050000000000000003,19.300000000000001,24.060217735818657,-47.678032249171849,0.12242218020973403,3.4969597741495368,7.3286125468125558
1,0.050000000000000003,19.400000000000002,24.23407669512299,-47.371745386755244,0.12364908495030744,3.5469597741495367,7.3468188386558699
1,0.050000000000000003,19.5,24.404652770306345,-47.057915684907563,0.12448479091857005,3.5969597741495365,7.3654399235611399
1,0.050000000000000003,19.600000000000001,24.571601949977556,-46.736497018671052,0.12492395244825956,3.6469597741495363,7.3844196327906424
1,0.050000000000000003,19.700000000000003,24.734590055192193,-46.40746269403806,0.12496376040427087,3.6969597741495361,7.403698625521467
1,0.050000000000000003,19.800000000000001,24.893295642930926,-46.070805621194957,0.12460396015153438,3.746959774149536,7.4232147733185556
1,0.050000000000000003,19.900000000000002,25.047412919370416,-45.726538175796399,0.12384685318381135,3.7969597741495358,7.4429035749861612
1,0.050000000000000003,20,25.196654617818727,-45.374691745716049,0.122697282401988,3.8469597741495356,7.4626985983749101
1,0.00050000000000000001,0,0,0,0,10,0.29999999999999999
1,0.00050000000000000001,0.10000000000000001,0.96966599658051422,0.29995475503305541,9.9973335466585202e-05,10.300000000000011,0.30001070689237852
1,0.00050000000000000001,0.20000000000000001,1.9679729603279259,0.6088369401537016,0.00059904058861181674,10.600000000000023,0.30015301163519104
1,0.00050000000000000001,0.29999999999999999,2.9948485763380717,0.92688009575806185,0.0014940094321350883,10.900000000000034,0.30061308704479245
1,0.00050000000000000001,0.40000000000000002,4.0501512180696091,1.2545403422756267,0.0027791551196132132,11.200000000000045,0.30159000219684701
1,0.00050000000000000001,0.5,5.1336579148714963,1.5925313568582631,0.0044462571043412686,11.500000000000057,0.30329430816590841
1,0.00050000000000000001,0.59999999999999998,6.2450509109520702,1.9418590142911658,0.006484651622777891,11.800000000000068,0.30594649038005323
1,0.00050000000000000001,0.70000000000000007,7.3839021483589926,2.3038550276795968,0.0088812999062409838,12.10000000000008,0.30977529969955858
1,0.00050000000000000001,0.80000000000000004,8.549654855023233,2.6802088386718808,0.0116208715845308,12.400000000000091,0.31501597533453612
1,0.00050000000000000001,0.90000000000000002,9.741601286034701,3.072996909177184,0.014685842747982906,12.700000000000102,0.32190837353943647
1,0.00050000000000000001,1,10.958855564847241,3.4847084513211111,0.018056608040688014,13.000000000000114,0.33069501666713674
1,0.00050000000000000001,1.1000000000000001,12.20032051506592,3.9182664939147887,0.021711606067864004,13.300000000000125,0.34161907764409616
1,0.00050000000000000001,1.2,13.464647377923306,4.3770430166478755,0.025627457315202416,13.600000000000136,0.35492231525933027
1,0.00050000000000000001,1.3,14.750187391460964,4.8648666839402752,0.029779113697974664,13.900000000000148,0.37084297586702997
1,0.00050000000000000001,1.4000000000000001,16.054934381386719,5.3860214785426441,0.034140018783295478,14.200000000000159,0.3896136772118543
1,0.00050000000000000001,1.5,17.376457797382081,5.9452342751897493,0.038682277660666148,14.500000000000171,0.41145929012444143
1,0.00050000000000000001,1.6000000000000001,18.711826038601085,6.5476491183289314,0.043376835374207695,14.800000000000182,0.43659483382855518
1,0.00050000000000000001,1.7,20.057520462898367,7.198785695206996,0.04819366277522677,15.100000000000193,0.4652234005733647
1,0.00050000000000000001,1.8,21.409341177204904,7.9044792565407107,0.053101948606286281,15.400000000000205,0.49753412527246482
1,0.00050000000000000001,1.9000000000000001,22.76230656676492,8.6707990728155373,0.058070296588109832,15.700000000000216,0.53370021580661486
1,0.00050000000000000001,2,24.110549534734599,9.5039424772788976,0.063066926248624006,16.000000000000227,0.57387705963344626
1,0.00050000000000000001,2.1000000000000001,25.447214573658052,10.410101699154792,0.068059876209526499,16.300000000000239,0.61820042233973127
1,0.00050000000000000001,2.2000000000000002,26.764361041350714,11.395301101713631,0.073017208630034164,16.60000000000025,0.66678475375703827
1,0.00050000000000000001,2.3000000000000003,28.052879307865886,12.465203180697689,0.077907213500073708,16.900000000000261,0.71972161721830541
1,0.00050000000000000001,2.3999999999999999,29.302427692981261,13.624882814747,0.082698611476132583,17.200000000000273,0.77707825743263348
1,0.00050000000000000001,2.5,30.501399211547557,14.878570840817076,0.087360753962316268,17.500000000000284,0.83889632226415611
1,0.00050000000000000001,2.6000000000000001,31.636927945271694,16.229370076236048,0.091863819156763477,17.800000000000296,0.9051907533802549
1,0.00050000000000000001,2.7000000000000002,32.694945198755448,17.678949405693881,0.096179002809414077,18.100000000000307,0.97594886024520988
1,0.00050000000000000001,2.8000000000000003,33.660287581298924,19.227210938265525,0.10027870247090995,18.399191388482556,1.0511289417946921
1,0.00050000000000000001,2.8999999999999999,34.516785261024104,20.87175090159872,0.10413669405407291,18.694029628467227,1.1306494380496686
1,0.00050000000000000001,3,35.247640039723301,22.60756689591387,0.10772829957857291,18.984289392811363,1.2143897953110512
1,0.00050000000000000001,3.1000000000000001,35.835915514311445,24.426970178892962,0.11103054502578633,19.270177574428587,1.3021989941016903
1,0.00050000000000000001,3.2000000000000002,36.264971890178067,26.31939841267442,0.11402230729411059,19.551885938446198,1.3938963848324342
1,0.00050000000000000001,3.3000000000000003,36.518961447554872,28.271302940827066,0.11668444931473274,19.829592626930324,1.4892725218507941
1,0.00050000000000000001,3.3999999999999999,36.583373465800143,30.266135020932289,0.11899994246356002,20.103463476476133,1.5880902509053532
1,0.00050000000000000001,3.5,36.445607933692933,32.284447328211861,0.12095397548630274,20.373653176345414,1.6900860452338218
1,0.00050000000000000001,3.6000000000000001,36.095552001852134,34.304122343148563,0.12253404923995972,20.640306290121046,1.7949715827801049
1,0.00050000000000000001,3.7000000000000002,35.526128924772088,36.300732772098996,0.12373005664467598,20.90355816003607,1.9024355542795748
1,0.00050000000000000001,3.8000000000000003,34.733786802577747,38.248031232535595,0.12453434733456073,21.163535710036964,2.0121456891951151
1,0.00050000000000000001,3.8999999999999999,33.718894283574393,40.118557592050799,0.12494177659392716,21.420358161104815,2.1237509838165782
1,0.00050000000000000001,4,32.486012870611042,41.884343301572699,0.12494973826590997,21.674137670274458,2.2368841133311896
1,0.00050000000000000001,4.0999999999999996,31.044020682446206,43.517683654737596,0.12455818142297889,21.924979903069673,2.3511640074066267
1,0.00050000000000000001,4.2000000000000002,29.406070256008011,44.991942018526743,0.12376961069269901,22.172984547642859,2.4661985668688322
1,0.00050000000000000001,4.2999999999999998,27.589372731568012,46.282345521366359,0.12258907023666429,22.418245777714407,2.5815874974589388
1,0.00050000000000000001,4.4000000000000004,25.614811763306577,47.366730072584453,0.12102411148507394,22.660852670409593,2.6969252354595348
1,0.00050000000000000001,4.5,23.506401770322967,48.226194256604984,0.11908474483335166,22.900889584249985,2.8118039392147103
1,0.00050000000000000001,4.6000000000000005,21.290615632045476,48.845626586140973,0.11678337560977595,23.138436501847085,2.925816520238548
1,0.00050000000000000001,4.7000000000000002,18.995615628375951,49.214078439452088,0.1141347247237133,23.373569341245428,3.0385596877021839
1,0.00050000000000000001,4.7999999999999998,16.65042749596758,49.324965050852803,0.11115573450203572,23.606360239350956,3.1496369805830082
1,0.00050000000000000001,4.9000000000000004,14.284100367858322,49.176088232721398,0.10786546031604213,23.836877810443422,3.2586617626087442
1,0.00050000000000000001,5,11.924894884247671,48.76948601907354,0.10428494869211671,24.065187382399692,3.3652601562793691
1,0.00050000000000000001,5.1000000000000005,9.6173639693430371,48.117179316843227,0.10043710268577963,23.915187382399687,3.4682706495820907
1,0.00050000000000000001,5.2000000000000002,7.4009650438475498,47.241657199677753,0.096346535380292669,23.765187382399681,3.5666406428865933
1,0.00050000000000000001,5.2999999999999998,5.2919399209048636,46.164545209364569,0.09203941244691885,23.615187382399675,3.6601940298884954
1,0.00050000000000000001,5.4000000000000004,3.3022347513361678,44.908020730132669,0.087543284773922009,23.46518738239967,3.7487860561499486
1,0.00050000000000000001,5.5,1.4397795380393899,43.494129117690811,0.082886912234901439,23.315187382399664,3.8323037997807905
1,0.00050000000000000001,5.6000000000000005,-0.29113887410298567,41.944219142103194,0.078100079723743138,23.165187382399658,3.9106664301449099
1,0.00050000000000000001,5.7000000000000002,-1.889443219314547,40.278502201867958,0.073213406632951922,23.015187382399652,3.9838252496875284
1,0.00050000000000000001,5.7999999999999998,-3.3568012551417623,38.515732140153339,0.068258150994020134,22.865187382399647,4.0517635251336728
1,0.00050000000000000001,5.9000000000000004,-4.6971553195982816,36.67299665481108,0.06326600953270714,22.715187382399641,4.1144961152212769
1,0.00050000000000000001,6,-5.9162659522114565,34.76560727238666,0.05826891491815589,22.565187382399635,4.172068902832863
1,0.00050000000000000001,6.1000000000000005,-7.0212843085039269,32.807072519502356,0.05329883150278894,22.41518738239963,4.2245580399141129
1,0.00050000000000000001,6.2000000000000002,-8.0203632024178333,30.809138031209152,0.048387550859531892,22.265187382399624,4.272069013957414
1,0.00050000000000000001,6.2999999999999998,-8.9223123203809838,28.781877588250484,0.043566488424239547,22.115187382399618,4.3147355451276965
1,0.00050000000000000001,6.4000000000000004,-9.7362996199590377,26.733820165072295,0.038866482544114844,21.965187382399613,4.3527183233603841
1,0.00050000000000000001,6.5,-10.471598208376193,24.672099709886862,0.034317597217525669,21.815187382399607,4.3862035950068838
1,0.00050000000000000001,6.6000000000000005,-11.137376065721206,22.602616320129265,0.029948929787012513,21.665187382399601,4.4154016088775982
1,0.00050000000000000001,6.7000000000000002,-11.742524753975152,20.530199524949314,0.025788424815593392,21.515187382399596,4.4405449318629016
1,0.00050000000000000001,6.7999999999999998,-12.295522623368162,18.458766396748782,0.021862695336924146,21.36518738239959,4.4618866447182572
1,0.00050000000000000001,6.9000000000000004,-12.804327865313399,16.391469089597219,0.0181968526227036,21.215187382399584,4.4796984290893009
1,0.00050000000000000001,7,-13.276296939662444,14.33082808671325,0.014814345556228296,21.065187382399579,4.4942685574251957
1,0.00050000000000000001,7.1000000000000005,-13.718124306511209,12.278848905507012,0.011736810639562358,20.915187382399573,4.5058997980726465
1,0.00050000000000000001,7.2000000000000002,-14.135799918470333,10.23712125154788,0.0089839335937607866,20.765187382399567,4.5149072485382655
1,0.00050000000000000001,7.2999999999999998,-14.534581496570716,8.206900640014581,0.0065733234374341148,20.615187382399561,4.5216161106248149
1,0.00050000000000000001,7.4000000000000004,-14.91897916031904,6.1891733293313402,0.0045203998491220787,20.465187382399556,4.5263594218528178
1,0.00050000000000000001,7.5,-15.292750467910874,4.1847060538793235,0.0028382945339718727,20.31518738239955,4.529475758234593
1,0.00050000000000000001,7.6000000000000005,-15.65890432216897,2.1940825178137167,0.0015377672256391547,20.165187382399544,4.5313069240321298
1,0.00050000000000000001,7.7000000000000002,-16.019712502761646,0.21772893570925303,0.00062713686071094461,20.015187382399539,4.5321956445645135
1,0.00050000000000000001,7.7999999999999998,-16.37672779959356,-1.744068907803809,0.00011222836590082686,19.865187382399533,4.5324832783989191
1,0.00050000000000000001,7.9000000000000004,-16.730807859285363,-3.6911545447131471,-3.6646016038355129e-06,19.715187382399527,4.5325075653301328
1,0.00050000000000000001,8,-17.082143935884226,-5.6234931699725488,0.0002801992776920283,19.565187382399522,4.5326004264063249
1,0.00050000000000000001,8.0999999999999996,-17.430293780903643,-7.5411651056198421,0.00096200424367629033,19.415187382399516,4.5330858318779867
1,0.00050000000000000001,8.1999999999999993,-17.774217939113058,-9.4443582671903332,0.0020373890712978488,19.26518738239951,4.5342777523310449
1,0.00050000000000000001,8.3000000000000007,-18.112318755405891,-11.333357809125781,0.003499474967523866,19.115187382399505,4.5364782074197709
1,0.00050000000000000001,8.4000000000000004,-18.442481460406103,-13.20853146728261,0.0053389095721404038,18.965187382399499,4.5399754255592137
1,0.00050000000000000001,8.5,-18.762116798338077,-15.070309490938111,0.0075439267809421506,18.815187382399493,4.5450421266952628
1,0.00050000000000000001,8.5999999999999996,-19.068204793781021,-16.919158448595919,0.010100422008646047,18.665187382399488,4.5519339388789888
1,0.00050000000000000001,8.7000000000000011,-19.357339421518507,-18.755548587994817,0.012992042410103689,18.515187382399482,4.5608879578693866
1,0.00050000000000000001,8.8000000000000007,-19.625774137124086,-20.579914820103191,0.016200291482704805,18.365187382399476,4.5721214574192066
1,0.00050000000000000001,8.9000000000000004,-19.869468431626132,-22.392611771342668,0.019704647380872346,18.215187382399471,4.585830756306013
1,0.00050000000000000001,9,-20.084135774374246,-24.193863702193696,0.023482694185841389,18.065187382399465,4.6021902465990312
1,0.00050000000000000001,9.0999999999999996,-20.267346643655348,-26.006168024756686,0.027510265291042217,18.36538851103359,4.6215981253074458
1,0.00050000000000000001,9.2000000000000011,-20.414553733183784,-27.85161230563077,0.031761597985911959,18.660760840898316,4.6445300014328037
1,0.00050000000000000001,9.3000000000000007,-20.517542619403585,-29.72938621236133,0.036209498249324172,18.951530153557652,4.6712485850913739
1,0.00050000000000000001,9.4000000000000004,-20.567319815123881,-31.638169584178897,0.040825514698519992,19.237905165615221,4.7020001590112335
1,0.00050000000000000001,9.5,-20.554150987394763,-33.575959301374986,0.045580120580866239,19.520079281632153,4.7370122307042637
1,0.00050000000000000001,9.5999999999999996,-20.467625724418422,-35.539874857662589,0.050442902644309333,19.798232122116477,4.7764913118590773
1,0.00050000000000000001,9.7000000000000011,-20.29675515900772,-37.525945847436482,0.055382755678399558,20.072530860885603,4.8206208387740332
1,0.00050000000000000001,9.8000000000000007,-20.030109270391627,-39.528886516583036,0.060368081481485862,20.343131400086968,4.8695592471707423
1,0.00050000000000000001,9.9000000000000004,-19.656000802887384,-41.541864778931853,0.065366990981377632,20.610179406332303,4.9234382142858095
1,0.00050000000000000001,10,-19.162722294273589,-43.556275616709094,0.070347508216579785,20.873811227497562,4.9823610807206231
1,0.00050000000000000001,10.1,-18.53884152909961,-45.561531455171028,0.075277774873328068,21.134154706569255,5.046401464113468
1,0.00050000000000000001,10.200000000000001,-17.773558666203208,-47.544884756957579,0.080126254070071817,21.391329906324298,5.1156020762545129
1,0.00050000000000000001,10.300000000000001,-16.857125215964697,-49.491300477133834,0.084861932085898789,21.645449756500891,5.1899737547541154
1,0.00050000000000000001,10.4,-15.781320908354566,-51.38339784169829,0.089454516742505735,21.896620633358136,5.2694947197574296
1,0.00050000000000000001,10.5,-14.539979343791931,-53.201481789296821,0.093874631170767858,22.144942880061922,5.3541100654297313
1,0.00050000000000000001,10.6,-13.129547332309285,-54.923683946203482,0.09809400172245139,22.390511275118413,5.4437314949766016
1,0.00050000000000000001,10.700000000000001,-11.549656335761254,-56.526230798755698,0.10208563882507107,22.633415455056824,5.5382373067751427
1,0.00050000000000000001,10.800000000000001,-9.8036779336710058,-57.983852465798776,0.10582400962305263,22.873740296707162,5.6374726377481705
1,0.00050000000000000001,10.9,-7.8992293943228304,-59.270338975201668,0.10928520130087252,23.11156626369587,5.7412499683960556
1,0.00050000000000000001,11,-5.8485910272720583,-60.359242241791293,0.11244707404347307,23.346969721169504,5.8493498919063578
1,0.00050000000000000001,11.1,-3.734577275373347,-61.202719212311408,0.11528940265552604,22.196969721169697,5.958201459549108
1,0.00050000000000000001,11.200000000000001,-1.6530022661674282,-61.783908736224916,0.11779400593365943,21.046969721169891,6.0640059953300298
1,0.00050000000000000001,11.300000000000001,0.36441350488714203,-62.126548957903118,0.11994486296411513,19.896969721170084,6.1662043156753885
1,0.00050000000000000001,11.4,2.2913636024015003,-62.25791465698947,0.12172821560192401,18.746969721170277,6.2642749165455918
1,0.00050000000000000001,11.5,4.1072007412470333,-62.207546315206017,0.12313265647608271,17.596969721170471,6.3577387963733045
1,0.00050000000000000001,11.6,5.7968684731745546,-62.00602737457104,0.12414920195780035,16.446969721170664,6.4461637811274421
1,0.00050000000000000001,11.700000000000001,7.350563794516189,-61.683880055382254,0.12477134962506084,15.296969721170639,6.5291683086310108
1,0.00050000000000000001,11.800000000000001,8.7631890619252033,-61.270629659814759,0.12499511985593773,14.146969721170477,6.6064246346610549
1,0.00050000000000000001,11.9,10.033658002680127,-60.794065513981032,0.12481908128459404,12.996969721170315,6.677661429475318
1,0.00050000000000000001,12,11.164120072589617,-60.279706218842364,0.12424435995713615,11.846969721170153,6.742665740138599
1,0.00050000000000000001,12.1,12.159161404890682,-59.75045964646943,0.12327463212876152,10.696969721169991,6.8012843012300097
1,0.00050000000000000001,12.200000000000001,13.025030927040348,-59.226455293996487,0.12191610074827477,9.5469697211698286,6.8534241840458936
1,0.00050000000000000001,12.300000000000001,13.768928739890171,-58.725018579250211,0.12017745578037928,8.3969697211696666,6.8990527821028218
1,0.00050000000000000001,12.4,14.398382155373479,-58.260753175248219,0.11806981861956092,7.2469697211696209,6.9381971384164673
1,0.00050000000000000001,12.5,14.920724074589272,-57.845697835797715,0.11560667095111424,6.0969697211696365,6.97094262751326
1,0.00050000000000000001,12.6,15.342679402233594,-57.489527420904892,0.11280376851436771,4.9469697211696522,6.9974310122625774
1,0.00050000000000000001,12.700000000000001,15.670058252009305,-57.199772985780342,0.10967904031971712,3.7969697211696678,7.0178579022572309
1,0.00050000000000000001,12.800000000000001,15.907549773011789,-56.982041916718082,0.10625247396414414,2.6469697211696834,7.0324696465043006
1,0.00050000000000000001,12.9,16.058607257240375,-56.84022539480744,0.10254598777880577,1.4969697211696991,7.0415596985314055
1,0.00050000000000000001,13,16.125413389765789,-56.776686339823556,0.098583290626513914,0.34696972116970354,7.0454644966135076
1,0.00050000000000000001,13.1,16.152297148984594,-56.75097879299198,0.094389730245922426,0.39696972116969803,7.0469686416088644
1,0.00050000000000000001,13.200000000000001,16.182748842947166,-56.721767863590799,0.089992131112501345,0.44696972116969252,7.0485985716762789
1,0.00050000000000000001,13.300000000000001,16.216753781481778,-56.689038400194008,0.085418622853433795,0.49696972116968702,7.0503324607615578
1,0.00050000000000000001,13.4,16.254296833058778,-56.652774886461863,0.080698460314000769,0.54696972116968157,7.0521479404668987
1,0.00050000000000000001,13.5,16.295362745367417,-56.612961779225337,0.0758618364264039,0.59696972116967606,7.0540223658994963
1,0.00050000000000000001,13.6,16.339936464651373,-56.569583838830781,0.070939689078032636,0.64696972116967055,7.055933086113753
1,0.00050000000000000001,13.700000000000001,16.388003448106868,-56.522626445702087,0.065963503214572311,0.69696972116966505,7.0578577167158949
1,0.00050000000000000001,13.800000000000001,16.439549963471798,-56.472075897327485,0.060965109443792895,0.74696972116965954,7.0597744122166972
1,0.00050000000000000001,13.9,16.494563369834804,-56.417919680188305,0.055976480428280781,0.79696972116965403,7.0616621357430089
1,0.00050000000000000001,14,16.553032373685372,-56.360146711505799,0.051029526369513953,0.84696972116964853,7.063500923750512
1,0.00050000000000000001,14.1,16.61494725431584,-56.298747546077642,0.046155890891467696,0.89696972116964302,7.0652721434171513
1,0.00050000000000000001,14.200000000000001,16.680300052880739,-56.233714543898415,0.04138674862940693,0.94696972116963751,7.0669587404391905
1,0.00050000000000000001,14.300000000000001,16.749084719721694,-56.165041994693269,0.036752605818609133,0.99696972116963201,7.0685454750002972
1,0.00050000000000000001,14.4,16.821297214980024,-56.092726195945858,0.032283105158563766,1.0469697211696474,7.0700191437400388
1,0.00050000000000000001,14.5,16.896935558039296,-56.016765481453589,0.0280068362008534,1.0969697211696641,7.0713687856143981
1,0.00050000000000000001,14.6,16.975999821962123,-55.93716019790515,0.023951152473589674,1.1469697211696808,7.0725858696193384
1,0.00050000000000000001,14.700000000000001,17.058492069800941,-55.853912627439342,0.020141996512179464,1.1969697211696975,7.0736644624429541
1,0.00050000000000000001,14.800000000000001,17.144416230456923,-55.767026854622578,0.016603733915629946,1.2469697211697142,7.0746013742245903
1,0.00050000000000000001,14.9,17.233777912620646,-55.676508576773358,0.013358997489865909,1.2969697211697309,7.0753962807332407
1,0.00050000000000000001,15,17.326584156232322,-55.582364857079263,0.010428542475007706,1.3469697211697476,7.0760518204352891
1,0.00050000000000000001,15.1,17.422843121828844,-55.484603820498982,0.0078311137826642604,1.3969697211697643,7.0765736651031794
1,0.00050000000000000001,15.200000000000001,17.522563719074473,-55.383234293032281,0.0055833260924676728,1.446969721169781,7.0769705628239592
1,0.00050000000000000001,15.300000000000001,17.625755176679988,-55.278265385577406,0.0036995575748233521,1.4969697211697977,7.0772543524970413
1,0.00050000000000000001,15.4,17.732426556775319,-55.169706024287571,0.0021918579196857661,1.5469697211698143,7.0774399491636482
1,0.00050000000000000001,15.5,17.842586217591119,-55.057564430091418,0.0010698712596641264,1.596969721169831,7.0775452997819164
1,0.00050000000000000001,15.6,17.956241229002359,-54.941847550854298,0.00034077448048501214,1.6469697211698477,7.0775913093478264
1,0.00050000000000000001,15.700000000000001,18.073396746075002,-54.822560450527874,9.2313134156673884e-06,1.6969697211698644,7.0776017375574831
1,0.00050000000000000001,15.800000000000001,18.194055346218232,-54.699705660561321,7.7362503299387473e-05,1.7469697211698811,7.0776030665053673
1,0.00050000000000000001,15.9,18.318216335872677,-54.573282499810375,0.00054473224302576653,1.7969697211698978,7.0776243402090824
1,0.00050000000000000001,16,18.445875032852172,-54.44328637017766,0.0014083509612089784,1.8469697211699145,7.0776969770386504
1,0.00050000000000000001,16.100000000000001,18.577022030508932,-54.309708036220364,0.0026626944452424169,1.8969697211699312,7.0778545564001893
1,0.00050000000000000001,16.199999999999999,18.711642449816921,-54.172532897954923,0.0042997391774074068,1.9469697211699479,7.0781325812759111
1,0.00050000000000000001,16.300000000000001,18.849715185281681,-54.031740267046736,0.0063090136580055047,1.9969697211699646,7.0785682184491945
1,0.00050000000000000001,16.399999999999999,18.991212150310638,-53.887302657469839,0.0086776653872216343,2.0469697211699396,7.0792000184425676
1,0.00050000000000000001,16.5,19.136097527345616,-53.739185102528104,0.011390543077261926,2.0969697211699119,7.0800676173649535
1,0.00050000000000000001,16.600000000000001,19.284327027698311,-53.587344510820763,0.014430293568890657,2.1469697211698842,7.0812114230028573
1,0.00050000000000000001,16.699999999999999,19.43584716568331,-53.431729074280675,0.01777747283243003,2.1969697211698564,7.0826722875980135
1,0.00050000000000000001,16.800000000000001,19.590594551344338,-53.272277741787427,0.021410670343194826,2.2469697211698287,7.0844911698340276
1,0.00050000000000000001,16.899999999999999,19.748495205861275,-53.10891977203174,0.025306646035785377,2.296969721169801,7.0867087886099718
1,0.00050000000000000001,17,19.909463903642525,-52.941574379261958,0.029440478961195532,2.3469697211697733,7.0893652712124871
1,0.00050000000000000001,17.100000000000001,20.073403545181083,-52.770150485251499,0.033785726695842955,2.3969697211697456,7.0924997985161022
1,0.00050000000000000001,17.199999999999999,20.240204565011055,-52.594546590269097,0.038314594482840941,2.4469697211697179,7.0961502498463691
1,0.00050000000000000001,17.300000000000001,20.409744379557303,-52.414650774995984,0.042998113023591328,2.4969697211696902,7.1003528501388464
1,0.00050000000000000001,17.400000000000002,20.581886880333997,-52.230340844195709,0.047806323782432159,2.5469697211696625,7.1051418220207951
1,0.00050000000000000001,17.5,20.756481978807496,-52.041484621496828,0.05270847061903236,2.5969697211696348,7.1105490454361551
1,0.00050000000000000001,17.600000000000001,20.933365210277305,-51.847940402880816,0.057673196522729592,2.646969721169607,7.1166037274291307
1,0.00050000000000000001,17.699999999999999,21.112357405309698,-51.649557574378846,0.06266874419039016,2.6969697211695793,7.1233320846985153
1,0.00050000000000000001,17.800000000000001,21.293264438531192,-51.44617739706964,0.067663159164774014,2.7469697211695516,7.1307570415329709
1,0.00050000000000000001,17.900000000000002,21.475877065891208,-51.237633959743768,0.072624494234010809,2.7969697211695239,7.1388979457347226
1,0.00050000000000000001,18,21.65997086275544,-51.023755296579402,0.07752101378473554,2.8469697211694962,7.1477703051316981
1,0.00050000000000000001,18.100000000000001,21.845306276307692,-50.804364663882296,0.082321396801711258,2.8969697211694685,7.1573855472621162
1,0.00050000000000000001,18.199999999999999,22.03162880662066,-50.579281966423594,0.086994937215442561,2.9469697211694408,7.1677508047841885
1,0.00050000000000000001,18.300000000000001,22.218669331306362,-50.348325320217398,0.091511740316230064,2.9969697211694131,7.1788687291113371
1,0.00050000000000000001,18.400000000000002,22.406144588775241,-50.111312734785258,0.095842913978294433,3.0469697211693854,7.1907373346933241
1,0.00050000000000000001,18.5,22.59375783472397,-49.868063894147205,0.099960753470783162,3.0969697211693576,7.2033498762493009
1,0.00050000000000000001,18.600000000000001,22.781199685456752,-49.618402012059946,0.10383891867350571,3.1469697211693299,7.2166947611043
1,0.00050000000000000001,18.699999999999999,22.968149159957424,-49.36215573351825,0.10745260256381213,3.1969697211693022,7.2307554985813951
1,0.00050000000000000001,18.800000000000001,23.154274930229327,-49.099161051371361,0.11077868989688001,3.2469697211692745,7.2455106881543161
1,0.00050000000000000001,18.900000000000002,23.339236786297569,-48.829263204230102,0.11379590506440231,3.2969697211692468,7.2609340477679103
1,0.00050000000000000001,19,23.522687318445726,-48.552318519796664,0.11648494818586998,3.3469697211692191,7.2769944833881715
1,0.00050000000000000001,19.100000000000001,23.704273814795275,-48.268196166473849,0.11882861856194872,3.3969697211691914,7.2936562004515988
1,0.00050000000000000001,19.199999999999999,23.883640367330507,-47.976779775746294,0.12081192470025216,3.4469697211691637,7.3108788574516632
1,0.00050000000000000001,19.300000000000001,24.060430174058546,-47.677968898467682,0.12242218020973845,3.496969721169136,7.3286177614356873
1,0.00050000000000000001,19.400000000000002,24.234288019342507,-47.371680259929647,0.12364908495031258,3.5469697211691082,7.3468241046981557
1,0.00050000000000000001,19.5,24.404862908751578,-47.057848781464543,0.12448479091857602,3.5969697211690805,7.3654452414581089
1,0.00050000000000000001,19.600000000000001,24.571810829253639,-46.736428340351878,0.12492395244826494,3.6469697211690528,7.3844250028115361
1,0.00050000000000000001,19.699999999999999,24.734797600455238,-46.407392244900478,0.12496376040427705,3.6969697211690251,7.4037040477674472
1,0.00050000000000000001,19.800000000000001,24.893501778095619,-46.070733407670524,0.12460396015154097,3.7469697211689974,7.4232202477220461
1,0.00050000000000000001,19.900000000000002,25.047617567331024,-45.726464206723499,0.12384685318381757,3.7969697211689697,7.4429091013112672
1,0.00050000000000000001,20,25.196857700680674,-45.374616032347063,0.12269728240199408,3.846969721168942,7.4627041762190087
2,0.050000000000000003,0,0,0,0,10,0.29999999999999999
2,0.050000000000000003,0.10000000000000001,0.9696660355692448,0.29995462899161107,9.9973335466585418e-05,10.300000000000001,0.30000993370821072
2,0.050000000000000003,0.20000000000000001,1.9679744197598188,0.60883222355974853,0.00059904058861181566,10.600000000000001,0.30014196210096333
2,0.050000000000000003,0.30000000000000004,2.9948580641930267,0.92684946065030016,0.0014940094321350837,10.900000000000002,0.30056881376925115
2,0.050000000000000003,0.40000000000000002,4.0501856021872751,1.2544295326366293,0.0027791551196132049,11.200000000000003,0.3014751822769528
2,0.050000000000000003,0.5,5.1337502992894883,1.5922346213881564,0.0044462571043412244,11.500000000000004,0.30305641402937128
2,0.050000000000000003,0.60000000000000009,6.2452577491450976,1.9411980903865682,0.0064846516227778503,11.800000000000004,0.30551707238904302
2,0.050000000000000003,0.70000000000000007,7.3843117881358431,2.3025557972233965,0.0088812999062408988,12.100000000000005,0.30906938927337729
2,0.050000000000000003,0.80000000000000004,8.5503979315061809,2.6778758557678883,0.011620871584530696,12.400000000000006,0.3139316164019586
2,0.050000000000000003,0.90000000000000002,9.7428635184826291,3.0690860954126928,0.014685842747982849,12.700000000000006,0.32032628912491834
2,0.050000000000000003,1,10.960893664898919,3.4784983699316934,0.018056608040687913,13.000000000000007,0.32847841636201852
2,0.050000000000000003,1.1000000000000001,12.203482070746096,3.9088287560959873,0.021711606067863869,13.300000000000008,0.33861361062628687
2,0.050000000000000003,1.2000000000000002,13.46939572930683,4.3632125481181481,0.025627457315202207,13.600000000000009,0.35095617241338378
2,0.050000000000000003,1.3,14.7571326471109,4.8452127953736301,0.029779113697974445,13.900000000000009,0.36572714343001078
2,0.050000000000000003,1.4000000000000001,16.064871823186341,5.3588209473150901,0.034140018783295159,14.20000000000001,0.38314234323598056
2,0.050000000000000003,1.5,17.390414965249956,5.9084479645091603,0.038682277660665836,14.500000000000011,0.40341040391030308
2,0.050000000000000003,1.6000000000000001,18.731119752229041,6.4989040369707256,0.043376835374207751,14.800000000000011,0.42673081734596097
2,0.050000000000000003,1.7000000000000002,20.08382489796227,7.1353648357046664,0.048193662775226472,15.100000000000012,0.45329200975214468
2,0.050000000000000003,1.8,21.444767838382539,7.8233220335482709,0.053101948606285913,15.400000000000013,0.48326945791312126
2,0.050000000000000003,1.9000000000000001,22.809496557542317,8.5685156984051591,0.058070296588109228,15.700000000000014,0.516823861730076
2,0.050000000000000003,2,24.172777883005775,9.3768461255808973,0.063066926248623104,16.000000000000014,0.55409938755951071
2,0.050000000000000003,2.1000000000000001,25.528505504856327,10.254262783498495,0.068059876209524792,16.300000000000011,0.59522199685469657
2,0.050000000000000003,2.2000000000000002,26.869611977953081,11.206628351258624,0.073017208630031735,16.600000000000009,0.64029787460295906
2,0.050000000000000003,2.3000000000000003,28.187990010517556,12.239556381616456,0.077907213500071265,16.900000000000006,0.6894119720114279
2,0.050000000000000003,2.4000000000000004,29.474429360489804,13.358221979464515,0.082698611476131362,17.200000000000003,0.74262667780087055
2,0.050000000000000003,2.5,30.718576569974001,14.567146083298429,0.087360753962315088,17.5,0.79998063228961913
2,0.050000000000000003,2.6000000000000001,31.908925462232169,15.869955495046899,0.091863819156762741,17.799999999999997,0.86148769815217119
2,0.050000000000000003,2.7000000000000002,33.032846682236681,17.269122712116115,0.09617900280941373,18.099999999999994,0.9271361012831687
2,0.050000000000000003,2.8000000000000003,34.076664447408,18.765691825171103,0.10027870247090942,18.399999999999991,0.99688775455155187
2,0.050000000000000003,2.9000000000000004,35.02578795739376,20.358999158885648,0.10413669405407278,18.699999999999989,1.0706777763596624
2,0.050000000000000003,3,35.864903474808273,22.046399800508187,0.10772829957857384,18.999999999999986,1.1484142148019505
2,0.050000000000000003,3.1000000000000001,36.578230853054414,23.823013479648541,0.11103054502578764,19.299999999999983,1.2299779868301151
2,0.050000000000000003,3.2000000000000002,37.149845230499125,25.681505183776505,0.11402230729411213,19.59999999999998,1.3152230401688758
2,0.050000000000000003,3.3000000000000003,37.56406078840925,27.611917139788858,0.1166844493147336,19.899999999999977,1.4039767437940494
2,0.050000000000000003,3.4000000000000004,37.805869033974631,29.601569080875265,0.1189999424635599,20.199999999999974,1.4960405106001013
2,0.050000000000000003,3.5,37.861419273269611,31.635042797522949,0.12095397548630257,20.499999999999972,1.591190653479007
2,0.050000000000000003,3.6000000000000001,37.718524135066367,33.694264658000428,0.12253404923995942,20.799999999999969,1.6891794734498664
2,0.050000000000000003,3.7000000000000002,37.367168628027223,35.758696001311492,0.12373005664467498,21.099999999999966,1.7897365757743477
2,0.050000000000000003,3.8000000000000003,36.799997738820323,37.805636121022786,0.12453434733456024,21.399999999999963,1.8925704072308069
2,0.050000000000000003,3.9000000000000004,36.012755479922539,39.810636202415246,0.12494177659392652,21.69999999999996,1.9973700049702239
2,0.050000000000000003,4,35.00464798113331,41.748015446372492,0.12494973826590912,21.999999999999957,2.1038069447131367
2,0.050000000000000003,4.1000000000000005,33.778604968614282,43.591463256820049,0.12455818142297739,22.299999999999955,2.2115374735408615
2,0.050000000000000003,4.2000000000000002,32.341417887492575,45.314704432374981,0.12376961069269717,22.599999999999952,2.3202048102542001
2,0.050000000000000003,4.2999999999999998,30.703738876102271,46.892198471216652,0.12258907023666164,22.899999999999949,2.4294415942779555
2,0.050000000000000003,4.4000000000000004,28.879932436853426,48.29984001040841,0.12102411148507089,23.199999999999946,2.5388724624279755
2,0.050000000000000003,4.5,26.887780403009721,49.515625587600596,0.11908474483334866,23.499999999999943,2.6481167315631482
2,0.050000000000000003,4.6000000000000005,24.748049944039234,50.520252641813784,0.11678337560977317,23.79999999999994,2.756791164236303
2,0.050000000000000003,4.7000000000000002,22.483943074219543,51.297620013618008,0.11413472472371064,24.099999999999937,2.8645127939374424
2,0.050000000000000003,4.8000000000000007,20.120453632230127,51.835204942063413,0.11115573450203199,24.399999999999935,2.9709017863762663
2,0.050000000000000003,4.9000000000000004,17.683663296247637,52.124299208353236,0.10786546031603832,24.699999999999932,3.0755843134498888
2,0.050000000000000003,5,15.200011397296958,52.160095963820886,0.10428494869211306,24.999999999999929,3.1781954170446602
2,0.050000000000000003,5.1000000000000005,12.717864226232754,51.944693411695333,0.1004371026857766,24.84999999999993,3.2774911610501278
2,0.050000000000000003,5.2000000000000002,10.282940424873365,51.492419279584645,0.096346535380290074,24.699999999999932,3.372336117752504
2,0.050000000000000003,5.3000000000000007,7.9145764440364053,50.821117949083984,0.092039412446917157,24.549999999999933,3.462558610126198
2,0.050000000000000003,5.4000000000000004,5.6281788214610939,49.94991366664339,0.087543284773921176,24.399999999999935,3.5480170456846678
2,0.050000000000000003,5.5,3.4353596127226798,48.898534362849688,0.082886912234900439,24.249999999999936,3.6286004058370946
2,0.050000000000000003,5.6000000000000005,1.3441777247427491,47.686726181296862,0.078100079723743346,24.099999999999937,3.704228522416058
2,0.050000000000000003,5.7000000000000002,-0.64054217715243855,46.33376864791677,0.073213406632951616,23.949999999999939,3.774852146027087
2,0.050000000000000003,5.8000000000000007,-2.5168400693234019,44.858093135317496,0.068258150994020134,23.79999999999994,3.8404528119822228
2,0.050000000000000003,5.9000000000000004,-4.28522430073747,43.277001305921509,0.063266009532706682,23.649999999999942,3.9010425104600426
2,0.050000000000000003,6,-5.948268943912681,41.606475699219004,0.058268914918155584,23.499999999999943,3.9566631682111679
2,0.050000000000000003,6.1000000000000005,-7.5102209240300413,39.86107155238809,0.053298831502788704,23.349999999999945,4.007385949636042
2,0.050000000000000003,6.2000000000000002,-8.9766289536872161,38.053877184627424,0.048387550859531683,23.199999999999946,4.0533103854406152
2,0.050000000000000003,6.3000000000000007,-10.354002467648924,36.19652963566319,0.043566488424239311,23.049999999999947,4.094563337367882
2,0.050000000000000003,6.4000000000000004,-11.649505412618257,34.299272495366552,0.038866482544114546,22.899999999999949,4.1312978077508431
2,0.050000000000000003,6.5,-12.870687006169053,32.371043757894626,0.034317597217525496,22.74999999999995,4.1636916028745983
2,0.050000000000000003,6.6000000000000005,-14.025249465359664,30.419582862187141,0.029948929787012427,22.599999999999952,4.1919458594057817
2,0.050000000000000003,6.7000000000000002,-15.120851190628157,28.451547654554659,0.025788424815593271,22.449999999999953,4.2162834434733751
2,0.050000000000000003,6.8000000000000007,-16.164942906819757,26.472633679482431,0.021862695336924042,22.299999999999955,4.2369472323844937
2,0.050000000000000003,6.9000000000000004,-17.164633720670054,24.487689860248171,0.018196852622703246,22.149999999999956,4.2541982894409722
2,0.050000000000000003,7,-18.126583854061273,22.500826194030878,0.014814345556227838,21.999999999999957,4.2683139428866728
2,0.050000000000000003,7.1000000000000005,-19.0569208578952,20.515510507521796,0.011736810639561928,21.849999999999959,4.2795857806507733
2,0.050000000000000003,7.2000000000000002,-19.961176314575095,18.534652570945223,0.0089839335937603997,21.69999999999996,4.2883175732393779
2,0.050000000000000003,7.3000000000000007,-20.844240323668309,16.560674938684379,0.006573323437433754,21.549999999999962,4.2948231378393036
2,0.050000000000000003,7.4000000000000004,-21.710331377234162,14.595570771569466,0.0045203998491216328,21.399999999999963,4.2994241574005256
2,0.050000000000000003,7.5,-22.562979527139241,12.640949603966313,0.0028382945339714433,21.249999999999964,4.3024479691200659
2,0.050000000000000003,7.6000000000000005,-23.405021000954992,10.698072556605235,0.0015377672256387327,21.099999999999966,4.3042253373211397
2,0.050000000000000003,7.7000000000000002,-24.238602624406713,8.7678788744789156,0.00062713686071052947,20.949999999999967,4.3050882261686709
2,0.050000000000000003,7.8000000000000007,-25.065194557186789,6.8510059006897688,0.00011222836590041335,20.799999999999969,4.3053675879508484
2,0.050000000000000003,7.9000000000000004,-25.885609954453994,4.9478046959574717,-3.6646016042488845e-06,20.64999999999997,4.3053911827562867
2,0.050000000000000003,8,-26.700030243485788,3.0583534952769096,0.00028019927769161571,20.499999999999972,4.3054814452653494
2,0.050000000000000003,8.0999999999999996,-27.508034771473081,1.1824710751130554,0.0009620042436758818,20.349999999999973,4.3059534140385178
2,0.050000000000000003,8.2000000000000011,-28.308633654105222,-0.68026809509821451,0.0020373890712974442,20.199999999999974,4.3071127381207219
2,0.050000000000000003,8.3000000000000007,-29.100302750838168,-2.5305153055222345,0.0034994749675234262,20.049999999999976,4.3092537749944713
2,0.050000000000000003,8.4000000000000004,-29.881019822942669,-4.3691243568771378,0.0053389095721399632,19.899999999999977,4.3126577929227476
2,0.050000000000000003,8.5,-30.648301100744781,-6.1971226362574896,0.0075439267809416866,19.749999999999979,4.3175912895499815
2,0.050000000000000003,8.5999999999999996,-31.399237697325095,-8.0156758874627325,0.010100422008645539,19.59999999999998,4.3243044373087995
2,0.050000000000000003,8.7000000000000011,-32.130531552119692,-9.8260463872865351,0.012992042410103221,19.449999999999982,4.3330296647498798
2,0.050000000000000003,8.8000000000000007,-32.83853085907112,-11.629544570986788,0.016200291482704337,19.299999999999983,4.3439803814140685
2,0.050000000000000003,8.9000000000000004,-33.519265215765977,-13.427474466719662,0.019704647380871829,19.149999999999984,4.3573498523427716
2,0.050000000000000003,9,-34.168481004917112,-15.221073598159576,0.023482694185840727,18.999999999999986,4.3733102268163666
2,0.050000000000000003,9.0999999999999996,-34.79096470410456,-17.039427670118467,0.027510265291041541,19.437944850369764,4.3923107338306062
2,0.050000000000000003,9.2000000000000011,-35.388710871663854,-18.911562250400319,0.031761597985911244,19.866237691396091,4.4148976052005189
2,0.050000000000000003,9.3000000000000007,-35.95229163590718,-20.838434692058041,0.036209498249322895,20.285489888471623,4.4413624088300683
2,0.050000000000000003,9.4000000000000004,-36.471190071447232,-22.820720026491085,0.040825514698518403,20.69625086866894,4.4719813941470283
2,0.050000000000000003,9.5,-36.933780476429668,-24.858597518973838,0.045580120580864837,21.099016565279772,4.5070126943274333
2,0.050000000000000003,9.6000000000000014,-37.327333620113649,-26.951500756015147,0.050442902644308112,21.49423643734729,4.5466936710520711
2,0.050000000000000003,9.7000000000000011,-37.638055775118488,-29.097832218634966,0.05538275567839774,21.882319347520422,4.5912384163843081
2,0.050000000000000003,9.8000000000000007,-37.851171888384101,-31.294645569630887,0.060368081481483891,22.263638517296432,4.6408354261468592
2,0.050000000000000003,9.9000000000000004,-37.951064452920882,-33.537301754689146,0.065366990981375772,22.638535730708636,4.6956454589222822
2,0.050000000000000003,10,-37.921480272764455,-35.819108501268488,0.070347508216578813,23.007324921252465,4.7557995945169438
2,0.050000000000000003,10.100000000000001,-37.74581708239262,-38.130956842876799,0.07527777487332693,23.37029524917083,4.8213975054032279
2,0.050000000000000003,10.200000000000001,-37.407500585227517,-40.460972753887461,0.080126254070070749,23.727713754902588,4.8925059542682927
2,0.050000000000000003,10.300000000000001,-36.890459618786728,-42.794206588755891,0.084861932085896624,24.079827657930554,4.9691575303175863
2,0.050000000000000003,10.4,-36.179702592486187,-45.11238738355469,0.089454516742502876,24.426866357283046,5.0513496363685499
2,0.050000000000000003,10.5,-35.261991938436729,-47.393772665701107,0.093874631170765666,24.769043179690975,5.1390437379818721
2,0.050000000000000003,10.600000000000001,-34.12660509226184,-49.613126581016672,0.098094001722449767,25.106556913247569,5.2321648848721036
2,0.050000000000000003,10.700000000000001,-32.766160734626048,-51.741859165631844,0.10208563882507048,25.439593157886918,5.3306015135782241
2,0.050000000000000003,10.800000000000001,-31.177478209186908,-53.748356748093222,0.10582400962305269,25.76832551873343,5.4342055388272827
2,0.050000000000000003,10.9,-29.362427030071565,-55.598527159093827,0.1092852013008731,26.092916664105449,5.5427927391709089
2,0.050000000000000003,11,-27.328713336234919,-57.256573285476229,0.1124470740434745,26.413519266474957,5.6561434403090685
2,0.050000000000000003,11.100000000000001,-25.154536835789301,-58.650109883712545,0.11528940265552773,25.263519266474958,5.7707356607870901
2,0.050000000000000003,11.200000000000001,-22.939771329086597,-59.738073229029794,0.11779400593366116,24.11351926647496,5.8828231705862848
2,0.050000000000000003,11.300000000000001,-20.726526297477402,-60.535994950413517,0.11994486296411701,22.963519266474961,5.9918456528232396
2,0.050000000000000003,11.4,-18.552191259654467,-61.065223959268664,0.12172821560192633,21.813519266474962,6.0972758862808325
2,0.050000000000000003,11.5,-16.448659508118901,-61.35165204304905,0.12313265647608569,20.663519266474964,6.1986245036750631
2,0.050000000000000003,11.600000000000001,-14.441909104750934,-61.424364265537861,0.12414920195780275,19.513519266474965,6.2954443005762686
2,0.050000000000000003,11.700000000000001,-12.551925093078797,-61.314308938744048,0.12477134962506298,18.363519266474967,6.3873340529894795
2,0.050000000000000003,11.800000000000001,-10.792922828878034,-61.053066785595831,0.12499511985594029,17.213519266474968,6.4739418064392513
2,0.050000000000000003,11.9,-9.1738156471728196,-60.671778650407113,0.12481908128459653,16.06351926647497,6.554967604944439
2,0.050000000000000003,12,-7.6988613146421523,-60.200268797393669,0.12424435995713812,14.913519266474971,6.6301656344170627
2,0.050000000000000003,12.100000000000001,-6.3684203119369709,-59.666379229600452,0.12327463212876381,13.763519266474972,6.6993457616577361
2,0.050000000000000003,12.200000000000001,-5.1797636058305372,-59.095511697550528,0.12191610074827693,12.613519266474974,6.7623744571067643
2,0.050000000000000003,12.300000000000001,-4.1278764272672195,-58.510359498293248,0.12017745578038128,11.463519266474975,6.8191750966883848
2,0.050000000000000003,12.4,-3.2062158001975885,-57.930801352734996,0.11806981861956246,10.313519266474977,6.8697276452916656
2,0.050000000000000003,12.5,-2.4073914859249608,-57.3739244825694,0.11560667095111613,9.1635192664749781,6.9140677315023451
2,0.050000000000000003,12.600000000000001,-1.7237512997852023,-56.854142891772533,0.11280376851436967,8.0135192664749795,6.9522851299816448
2,0.050000000000000003,12.700000000000001,-1.147861540764705,-56.38337891188921,0.10967904031971873,6.8635192664749791,6.9845216742436635
2,0.050000000000000003,12.800000000000001,-0.67288109797442597,-55.971280314979147,0.10625247396414528,5.7135192664749788,7.0109686283982242
2,0.050000000000000003,12.9,-0.29283356835314772,-55.625450792804408,0.10254598777880668,4.5635192664749784,7.0318635516140029
2,0.050000000000000003,13,-0.0027856054838290845,-55.351677535728271,0.098583290626514927,3.4135192664749781,7.0474866935606197
2,0.050000000000000003,13.100000000000001,0.24387573779659408,-55.112113999442734,0.094389730245923634,3.4635192664749779,7.0603926829127754
2,0.050000000000000003,13.200000000000001,0.49101478275019284,-54.865906012901611,0.089992131112502441,3.5135192664749777,7.0728998120331568
2,0.050000000000000003,13.300000000000001,0.73860822556119154,-54.613107369875344,0.085418622853435419,3.5635192664749775,7.0849654664880291
2,0.050000000000000003,13.4,0.98665061333842508,-54.3537847159294,0.080698460314002365,3.6135192664749773,7.0965499985053233
2,0.050000000000000003,13.5,1.2351545907755279,-54.088016684837271,0.075861836426404219,3.6635192664749772,7.1076170828860405
2,0.050000000000000003,13.600000000000001,1.4841509119711154,-53.815892959886533,0.070939689078033594,3.713519266474977,7.1181340542732343
2,0.050000000000000003,13.700000000000001,1.7336882091555339,-53.537513273303787,0.065963503214574254,3.7635192664749768,7.1280722234552334
2,0.050000000000000003,13.800000000000001,1.9838325136394248,-53.252986355645056,0.060965109443794373,3.8135192664749766,7.1374071704935487
2,0.050000000000000003,13.9,2.2346665278936686,-52.962428845189407,0.055976480428282176,3.8635192664749765,7.1461190125681417
2,0.050000000000000003,14,2.4862886512269728,-52.665964165237263,0.051029526369515431,3.9135192664749763,7.1541926445251782
2,0.050000000000000003,14.100000000000001,2.7388117649910222,-52.363721374868327,0.046155890891468911,3.9635192664749761,7.1616179501987656
2,0.050000000000000003,14.200000000000001,2.9923617865655912,-52.055833996285791,0.041386748629408152,4.0135192664749759,7.168389982663169
2,0.050000000000000003,14.300000000000001,3.2470760045154496,-51.742438819498837,0.036752605818610472,4.0635192664749766,7.1745091116615578
2,0.050000000000000003,14.4,3.5031012102298105,-51.423674682909066,0.032283105158564938,4.1135192664749773,7.1799811365577728
2,0.050000000000000003,14.5,3.7605916440186822,-51.099681226499513,0.028006836200854483,4.1635192664749781,7.1848173632754735
2,0.050000000000000003,14.600000000000001,4.0197067760146075,-50.770597612897198,0.023951152473590597,4.2135192664749788,7.1890346438305537
2,0.050000000000000003,14.700000000000001,4.2806089442780397,-50.436561210697235,0.020141996512180241,4.2635192664749795,7.1926553772332715
2,0.050000000000000003,14.800000000000001,4.5434608741934328,-50.09770623418234,0.016603733915630851,4.3135192664749802,7.1957074707404249
2,0.050000000000000003,14.9,4.8084231045327961,-49.754162334007368,0.013358997489866874,4.3635192664749809,7.1982242606777378
2,0.050000000000000003,15,5.0756513464151682,-49.406053134576496,0.010428542475008663,4.4135192664749816,7.2002443923293535
2,0.050000000000000003,15.100000000000001,5.3452938017666414,-49.053494715723907,0.0078311137826651799,4.4635192664749823,7.2018116587036722
2,0.050000000000000003,15.200000000000001,5.6174884677532688,-48.696594038888762,0.005583326092468666,4.513519266474983,7.2029747983296089
2,0.050000000000000003,15.300000000000001,5.8923604529936373,-48.335447321191857,0.0036995575748243279,4.5635192664749837,7.2037872526093052
2,0.050000000000000003,15.4,6.1700193301470732,-47.970138364586212,0.0021918579196867774,4.6135192664749844,7.204306883645363
2,0.050000000000000003,15.5,6.450556547722698,-47.60073685145008,0.001069871259665149,4.6635192664749852,7.2045956538640459
2,0.050000000000000003,15.600000000000001,6.7340429216907918,-47.227296622481127,0.00034077448048603167,4.7135192664749859,7.2047192691608863
2,0.050000000000000003,15.700000000000001,7.0205262247533406,-46.849853957379459,9.2313134166878327e-06,4.7635192664749866,7.2047467876912625
2,0.050000000000000003,15.800000000000001,7.3100288880250837,-46.46842588340963,7.7362503300408114e-05,4.8135192664749873,7.2047501968052501
2,0.050000000000000003,15.9,7.6025458264982158,-46.083008541338991,0.00054473224302678774,4.863519266474988,7.2048039609734236
2,0.050000000000000003,16,7.8980423961489468,-45.693575642296956,0.0014083509612100047,4.9135192664749887,7.204984543859279
2,0.050000000000000003,16.100000000000001,8.1964524870524453,-45.300077052631494,0.0026626944452434482,4.9635192664749894,7.2053699079571123
2,0.050000000000000003,16.199999999999999,8.4976767535837148,-44.902437546716925,0.0042997391774084529,5.0135192664749901,7.2060389954261765
2,0.050000000000000003,16.300000000000001,8.8015809798866886,-44.500555769770969,0.0063090136580065802,5.0635192664749908,7.2070711939094672
2,0.050000000000000003,16.400000000000002,9.1079945764866999,-44.094303453972834,0.0086776653872226318,5.1135192664749916,7.2085457912279072
2,0.050000000000000003,16.5,9.4167092023897254,-43.683524931463616,0.011390543077262921,5.1635192664749923,7.2105414228896185
2,0.050000000000000003,16.600000000000001,9.7274775064246803,-43.268036987104423,0.014430293568891809,5.213519266474993,7.2131355163534936
2,0.050000000000000003,16.699999999999999,10.04001198208284,-42.847629092132578,0.017777472832431321,5.2635192664749937,7.2164037359422748
2,0.050000000000000003,16.800000000000001,10.353983931791758,-42.422064057074756,0.021410670343196291,5.3135192664749944,7.2204194322205293
2,0.050000000000000003,16.900000000000002,10.669022539480579,-41.991079138439439,0.025306646035786688,5.3635192664749951,7.2252530995458741
2,0.050000000000000003,17,10.984714054442337,-41.554387628816961,0.029440478961196993,5.4135192664749958,7.23097184537676
2,0.050000000000000003,17.100000000000001,11.300601094804687,-41.111680954062329,0.033785726695844474,5.4635192664749965,7.2376388747862395
2,0.050000000000000003,17.199999999999999,11.616182085242579,-40.662631294221512,0.038314594482842572,5.5135192664749972,7.2453129934967269
2,0.050000000000000003,17.300000000000001,11.930910850692367,-40.206894736782971,0.042998113023592431,5.5635192664749979,7.2540481326231934
2,0.050000000000000003,17.400000000000002,12.244196395474294,-39.744114961691913,0.047806323782433158,5.6135192664749987,7.26389289819687
2,0.050000000000000003,17.5,12.555402905049926,-39.273927447361757,0.052708470619033401,5.6635192664749994,7.2748901484419894
2,0.050000000000000003,17.600000000000001,12.863850015224266,-38.795964175680545,0.057673196522730896,5.7135192664750001,7.2870766016953574
2,0.050000000000000003,17.699999999999999,13.168813400491073,-38.309858801792686,0.062668744190391604,5.7635192664750008,7.3004824777915118
2,0.050000000000000003,17.800000000000001,13.469525738921631,-37.815252241335834,0.067663159164774639,5.8135192664750015,7.3151311756810209
2,0.050000000000000003,17.900000000000002,13.765178115002794,-37.311798613984166,0.072624494234010656,5.8635192664750022,7.3310389900003194
2,0.050000000000000003,18,14.054921923635554,-36.799171467821289,0.077521013784734583,5.9135192664750029,7.3482148692603806
2,0.050000000000000003,18.100000000000001,14.337871337638443,-36.277070194552024,0.082321396801710078,5.9635192664750036,7.3666602182591818
2,0.050000000000000003,18.199999999999999,14.61310639714879,-35.74522653126968,0.086994937215440715,6.0135192664750043,7.3863687472388282
2,0.050000000000000003,18.300000000000001,14.879676771959131,-35.2034110309271,0.091511740316227122,6.0635192664750051,7.4073263701916963
2,0.050000000000000003,18.400000000000002,15.13660623687001,-34.651439371408166,0.095842913978290187,6.1135192664750058,7.4295111545605108
2,0.050000000000000003,18.5,15.382897885543183,-34.089178362829557,0.099960753470778652,6.1635192664750065,7.4528933243653821
2,0.050000000000000003,18.600000000000001,15.617540090242771,-33.516551505137905,0.1038389186735012,6.2135192664750072,7.4774353185187703
2,0.050000000000000003,18.699999999999999,15.839513193601812,-32.933543943936137,0.10745260256380729,6.2635192664750079,7.5030919057515737
2,0.050000000000000003,18.800000000000001,16.047796894708942,-32.34020667247654,0.11077868989687555,6.3135192664750086,7.5298103571674888
2,0.050000000000000003,18.900000000000002,16.241378266150214,-31.736659832515592,0.11379590506439738,6.3635192664750093,7.5575306769691544
2,0.050000000000000003,19,16.419260312139052,-31.123094976718136,0.11648494818586495,6.41351926647501,7.5861858913626214
2,0.050000000000000003,19.100000000000001,16.580470951664882,-30.499776170813163,0.11882861856194352,6.4635192664750107,7.6157023950542522
2,0.050000000000000003,19.200000000000003,16.724072285949092,-29.867039834784929,0.12081192470024794,6.5135192664750114,7.6460003541175983
2,0.050000000000000003,19.300000000000001,16.849169987730818,-29.225293248792049,0.12242218020973403,6.5635192664750122,7.6769941633416368
2,0.050000000000000003,19.400000000000002,16.954922632308811,-28.575011680698111,0.12364908495030744,6.6135192664750129,7.7085929554929038
2,0.050000000000000003,19.5,17.040550778027335,-27.916734127214809,0.12448479091857005,6.6635192664750136,7.7407011592513841
2,0.050000000000000003,19.600000000000001,17.105345598009169,-27.251057698556828,0.12492395244825956,6.7135192664750143,7.7732191019331509
2,0.050000000000000003,19.700000000000003,17.148676866131044,-26.578630715794429,0.12496376040427087,6.763519266475015,7.8060436525111863
2,0.050000000000000003,19.800000000000001,17.170000108887187,-25.900144629193399,0.12460396015153438,6.8135192664750157,7.8390688999079625
2,0.050000000000000003,19.900000000000002,17.168862750888355,-25.216324903087042,0.12384685318381135,6.8635192664750164,7.8721868610753516
2,0.050000000000000003,20,17.144909104875481,-24.527921046571421,0.122697282401988,6.9135192664750171,7.9052882130124704
2,0.00050000000000000001,0,0,0,0,10,0.29999999999999999
2,0.00050000000000000001,0.10000000000000001,0.96966603556775677,0.29995462900066178,9.9973335466585202e-05,10.300000000000011,0.30000993370821066
2,0.00050000000000000001,0.20000000000000001,1.9679744197620266,0.60883222361743305,0.00059904058861181674,10.600000000000023,0.30014196210096344
2,0.00050000000000000001,0.29999999999999999,2.9948580642307583,0.92684946080421482,0.0014940094321350883,10.900000000000034,0.30056881376924938
2,0.00050000000000000001,0.40000000000000002,4.0501856023261258,1.2544295329445281,0.0027791551196132132,11.200000000000045,0.30147518227694653
2,0.00050000000000000001,0.5,5.1337502996359081,1.5922346219203194,0.0044462571043412686,11.500000000000057,0.3030564140293554
2,0.00050000000000000001,0.59999999999999998,6.245257749853061,1.9411980912284839,0.006484651622777891,11.800000000000068,0.30551707238901049
2,0.00050000000000000001,0.70000000000000007,7.3843117894127994,2.3025557984788461,0.0088812999062409838,12.10000000000008,0.30906938927331695
2,0.00050000000000000001,0.80000000000000004,8.5503979336177665,2.6778758575625901,0.0116208715845308,12.400000000000091,0.31393161640185691
2,0.00050000000000000001,0.90000000000000002,9.742863521755746,3.069086097898631,0.014685842747982906,12.700000000000102,0.32032628912475819
2,0.00050000000000000001,1,10.960893669722799,3.4784983732922932,0.018056608040688014,13.000000000000114,0.32847841636178066
2,0.00050000000000000001,1.1000000000000001,12.20348207757074,3.908828760552236,0.021711606067864004,13.300000000000125,0.33861361062594997
2,0.00050000000000000001,1.2,13.469395738638562,4.3632125539356741,0.025627457315202416,13.600000000000136,0.35095617241292398
2,0.00050000000000000001,1.3,14.757132659504503,4.8452128028706829,0.029779113697974664,13.900000000000148,0.36572714342940443
2,0.00050000000000000001,1.4000000000000001,16.06487183923338,5.3588209568711367,0.034140018783295478,14.200000000000159,0.38314234323520407
2,0.00050000000000000001,1.5,17.390414985563101,5.9084479765736946,0.038682277660666148,14.500000000000171,0.40341040390933364
2,0.00050000000000000001,1.6000000000000001,18.731119777422116,6.4989040520716008,0.043376835374207695,14.800000000000182,0.42673081734477752
2,0.00050000000000000001,1.7,20.083824928625901,7.1353648544550277,0.04819366277522677,15.100000000000193,0.45329200975072931
2,0.00050000000000000001,1.8,21.444767875055803,7.8233220566509667,0.053101948606286281,15.400000000000205,0.48326945791145892
2,0.00050000000000000001,1.9000000000000001,22.80949660068061,8.5685157266532297,0.058070296588109832,15.700000000000216,0.51682386172815642
2,0.00050000000000000001,2,24.172777932945927,9.3768461598526684,0.063066926248624006,16.000000000000227,0.55409938755732857
2,0.00050000000000000001,2.1000000000000001,25.528505561780158,10.254262824745602,0.068059876209526499,16.300000000000239,0.59522199685225086
2,0.00050000000000000001,2.2000000000000002,26.869612041851223,11.206628400485666,0.073017208630034164,16.60000000000025,0.64029787460025467
2,0.00050000000000000001,2.3000000000000003,28.187990081156023,12.239556439851036,0.077907213500073708,16.900000000000261,0.68941197200847482
2,0.00050000000000000001,2.3999999999999999,29.474429437382078,13.358222047716978,0.082698611476132583,17.200000000000273,0.74262667779768099
2,0.00050000000000000001,2.5,30.718576652362042,14.567146162511738,0.087360753962316268,17.500000000000284,0.79998063228621163
2,0.00050000000000000001,2.6000000000000001,31.908925549079981,15.869955586037618,0.091863819156763477,17.800000000000296,0.86148769814856574
2,0.00050000000000000001,2.7000000000000002,33.032846772239921,17.269122815509061,0.096179002809414077,18.100000000000307,0.92713610127938861
2,0.00050000000000000001,2.8000000000000003,34.076664539022559,18.765691941331667,0.10027870247090995,18.400000000000318,0.9968877545476218
2,0.00050000000000000001,2.8999999999999999,35.025788048885687,20.358999287854751,0.10413669405407291,18.70000000000033,1.0706777763556072
2,0.00050000000000000001,3,35.864903564325139,22.046399941946468,0.10772829957857291,19.000000000000341,1.148414214797794
2,0.00050000000000000001,3.1000000000000001,36.578230938717248,23.823013632796783,0.11103054502578633,19.300000000000352,1.2299779868258782
2,0.00050000000000000001,3.2000000000000002,37.1498453105105,25.681505347439391,0.11402230729411059,19.600000000000364,1.3152230401645799
2,0.00050000000000000001,3.3000000000000003,37.564060861171136,27.611917312348449,0.11668444931473274,19.900000000000375,1.4039767437897117
2,0.00050000000000000001,3.3999999999999999,37.805869098207303,29.601569260338767,0.11899994246356002,20.200000000000387,1.4960405105957377
2,0.00050000000000000001,3.5,37.861419328120306,31.635042981606354,0.12095397548630274,20.500000000000398,1.5911906534746298
2,0.00050000000000000001,3.6000000000000001,37.718524180196013,33.694264844246327,0.12253404923995972,20.800000000000409,1.6891794734454837
2,0.00050000000000000001,3.7000000000000002,37.367168663663499,35.758696187235017,0.12373005664467598,21.100000000000421,1.789736575769965
2,0.00050000000000000001,3.8000000000000003,36.79999776576684,37.805636304275154,0.12453434733456073,21.400000000000432,1.8925704072264251
2,0.00050000000000000001,3.8999999999999999,36.012755499518335,39.810636380951671,0.12494177659392716,21.700000000000443,1.9973700049658452
2,0.00050000000000000001,4,35.004647995160084,41.748015618607617,0.12494973826590997,22.000000000000455,2.1038069447087602
2,0.00050000000000000001,4.0999999999999996,33.778604979155872,43.591463421754682,0.12455818142297889,22.300000000000466,2.2115374735364859
2,0.00050000000000000001,4.2000000000000002,32.341417896755608,45.314704589678058,0.12376961069269901,22.600000000000477,2.3202048102498289
2,0.00050000000000000001,4.2999999999999998,30.70373888621398,46.892198621251232,0.12258907023666429,22.900000000000489,2.429441594273591
2,0.00050000000000000001,4.4000000000000004,28.87993244965439,48.299840154194648,0.12102411148507394,23.2000000000005,2.5388724624236216
2,0.00050000000000000001,4.5,26.887780419862608,49.515625726716188,0.11908474483335166,23.500000000000512,2.6481167315588152
2,0.00050000000000000001,4.6000000000000005,24.748049965672955,50.520252778239104,0.11678337560977595,23.800000000000523,2.7567911642319967
2,0.00050000000000000001,4.7000000000000002,22.483943100625698,51.297620149539227,0.1141347247237133,24.100000000000534,2.8645127939331769
2,0.00050000000000000001,4.7999999999999998,20.120453662622332,51.835205079652816,0.11115573450203572,24.400000000000546,2.9709017863720608
2,0.00050000000000000001,4.9000000000000004,17.683663329088414,52.124299349547371,0.10786546031604213,24.700000000000557,3.0755843134457579
2,0.00050000000000000001,5,15.20001143038894,52.160096110118729,0.10428494869211671,25.000000000000568,3.1781954170406261
2,0.00050000000000000001,5.1000000000000005,12.717864244648368,51.944693572138462,0.10043710268577963,24.850000000000563,3.2774911610460311
2,0.00050000000000000001,5.2000000000000002,10.282940425130754,51.492419451357151,0.096346535380292669,24.700000000000557,3.3723361177483322
2,0.00050000000000000001,5.2999999999999998,7.9145764234655234,50.821118128877089,0.09203941244691885,24.550000000000551,3.4625586101219361
2,0.00050000000000000001,5.4000000000000004,5.6281787782489197,49.949913850897019,0.087543284773922009,24.400000000000546,3.5480170456803011
2,0.00050000000000000001,5.5,3.435359545895698,48.898534547978059,0.082886912234901439,24.25000000000054,3.6286004058326125
2,0.00050000000000000001,5.6000000000000005,1.3441776340994334,47.686726363883402,0.078100079723743138,24.100000000000534,3.7042285224114533
2,0.00050000000000000001,5.7000000000000002,-0.64054229114474914,46.333768824870155,0.073213406632951922,23.950000000000529,3.7748521460223485
2,0.00050000000000000001,5.7999999999999998,-2.5168402056526267,44.85809330398483,0.068258150994020134,23.800000000000523,3.8404528119773471
2,0.00050000000000000001,5.9000000000000004,-4.2852244579787531,43.2770014641589,0.06326600953270714,23.650000000000517,3.9010425104550261
2,0.00050000000000000001,6,-5.948269120357315,41.606475845423269,0.05826891491815589,23.500000000000512,3.9566631682060072
2,0.00050000000000000001,6.1000000000000005,-7.5102211178031943,39.861071685495652,0.05329883150278894,23.350000000000506,4.0073859496307476
2,0.00050000000000000001,6.2000000000000002,-8.9766291628491093,38.053877304086562,0.048387550859531892,23.2000000000005,4.053310385435192
2,0.00050000000000000001,6.2999999999999998,-10.354002690276721,36.196529741386804,0.043566488424239547,23.050000000000495,4.0945633373623425
2,0.00050000000000000001,6.4000000000000004,-11.64950564686807,34.299272587671759,0.038866482544114844,22.900000000000489,4.1312978077451925
2,0.00050000000000000001,6.5,-12.870687250319065,32.371043837434911,0.034317597217525669,22.750000000000483,4.1636916028688509
2,0.00050000000000000001,6.6000000000000005,-14.025249717836651,30.419582929881422,0.029948929787012513,22.600000000000477,4.1919458593999428
2,0.00050000000000000001,6.7000000000000002,-15.120851450020252,28.451547711517243,0.025788424815593392,22.450000000000472,4.2162834434674599
2,0.00050000000000000001,6.7999999999999998,-16.164943171878555,26.472633726956165,0.021862695336924146,22.300000000000466,4.2369472323785118
2,0.00050000000000000001,6.9000000000000004,-17.164633990305298,24.487689899542691,0.0181968526227036,22.15000000000046,4.2541982894349344
2,0.00050000000000000001,7,-18.126584127330741,22.500826226467314,0.014814345556228296,22.000000000000455,4.268313942880595
2,0.00050000000000000001,7.1000000000000005,-19.05692113399245,20.51551053438434,0.011736810639562358,21.850000000000449,4.2795857806446742
2,0.00050000000000000001,7.2000000000000002,-19.961176592816688,18.534652593440306,0.0089839335937607866,21.700000000000443,4.2883175732332539
2,0.00050000000000000001,7.2999999999999998,-20.8442406034819,16.560674957907199,0.0065733234374341148,21.550000000000438,4.2948231378331636
2,0.00050000000000000001,7.4000000000000004,-21.710331658148235,14.595570788478064,0.0045203998491220787,21.400000000000432,4.2994241573943794
2,0.00050000000000000001,7.5,-22.562979808774831,12.640949619362841,0.0028382945339718727,21.250000000000426,4.3024479691139206
2,0.00050000000000000001,7.6000000000000005,-23.405021283019256,10.698072571124143,0.0015377672256391547,21.100000000000421,4.3042253373149961
2,0.00050000000000000001,7.7000000000000002,-24.238602906687827,8.7678788885815901,0.00062713686071094461,20.950000000000415,4.3050882261625256
2,0.00050000000000000001,7.7999999999999998,-25.065194839549633,6.8510059146650502,0.00011222836590082686,20.800000000000409,4.3053675879446951
2,0.00050000000000000001,7.9000000000000004,-25.885610236835912,4.9478047099274116,-3.6646016038355129e-06,20.650000000000404,4.305391182750129
2,0.00050000000000000001,8,-26.70003052589167,3.0583535092069658,0.0002801992776920283,20.500000000000398,4.3054814452592005
2,0.00050000000000000001,8.0999999999999996,-27.508035053969163,1.1824710888259797,0.00096200424367629033,20.350000000000392,4.3059534140323708
2,0.00050000000000000001,8.1999999999999993,-28.308633936811209,-0.68026808190568655,0.0020373890712978488,20.200000000000387,4.3071127381145757
2,0.00050000000000000001,8.3000000000000007,-29.100303033917356,-2.5305152932606694,0.003499474967523866,20.050000000000381,4.3092537749883224
2,0.00050000000000000001,8.4000000000000004,-29.881020106590093,-4.3691243460444138,0.0053389095721404038,19.900000000000375,4.3126577929166015
2,0.00050000000000000001,8.5,-30.648301385173536,-6.1971226274181825,0.0075439267809421506,19.750000000000369,4.3175912895438415
2,0.00050000000000000001,8.5999999999999996,-31.39923798275132,-8.0156758812273949,0.010100422008646047,19.600000000000364,4.3243044373026809
2,0.00050000000000000001,8.7000000000000011,-32.130531838746784,-9.8260463842912511,0.012992042410103689,19.450000000000358,4.3330296647437887
2,0.00050000000000000001,8.8000000000000007,-32.838531147074022,-11.629544571873295,0.016200291482704805,19.300000000000352,4.3439803814080138
2,0.00050000000000000001,8.9000000000000004,-33.519265505276245,-13.427474472116129,0.019704647380872346,19.150000000000347,4.3573498523367595
2,0.00050000000000000001,9,-34.168481296009517,-15.221073608662266,0.023482694185841389,19.000000000000341,4.3733102268104114
2,0.00050000000000000001,9.0999999999999996,-34.790964994688132,-17.039427689182947,0.027510265291042217,19.437944850215342,4.3923107338081984
2,0.00050000000000000001,9.2000000000000011,-35.388711161910649,-18.911562279852816,0.031761597985911959,19.866237691118375,4.414897605162035
2,0.00050000000000000001,9.3000000000000007,-35.952291925836562,-20.838434733836568,0.036209498249324172,20.285489888095174,4.441362408775932
2,0.00050000000000000001,9.4000000000000004,-36.471190360862934,-22.820720082609025,0.040825514698519992,20.696250868213117,4.4719813940776936
2,0.00050000000000000001,9.5,-36.933780764853992,-24.858597591468186,0.045580120580866239,21.099016564759893,4.5070126942433681
2,0.00050000000000000001,9.5999999999999996,-37.327333906724448,-26.951500846877178,0.050442902644309333,21.494236436775573,4.5466936709537542
2,0.00050000000000000001,9.7000000000000011,-37.638056058693884,-29.097832329722412,0.055382755678399558,21.882319346906765,4.5912384162722111
2,0.00050000000000000001,9.8000000000000007,-37.851172167263378,-31.294645702561073,0.060368081481485862,22.263638516648864,4.6408354260214599
2,0.00050000000000000001,9.9000000000000004,-37.951064724988811,-33.537301910714746,0.065366990981377632,22.638535730033659,4.6956454587840577
2,0.00050000000000000001,10,-37.921480535468611,-35.819108681139895,0.070347508216579785,23.007324920555448,4.755799594366362
2,0.00050000000000000001,10.1,-37.745817332801579,-38.130957046698313,0.075277774873328068,23.370295248456138,4.8213975052407463
2,0.00050000000000000001,10.200000000000001,-37.407500820137301,-40.460972980977523,0.080126254070071817,23.727713754173848,4.8925059540943732
2,0.00050000000000000001,10.300000000000001,-36.8904598348796,-42.794206837526097,0.084861932085898789,24.079827657190798,4.9691575301326738
2,0.00050000000000000001,10.4,-36.179702786541576,-45.112387651423774,0.089454516742505735,24.426866356534777,5.0513496361730796
2,0.00050000000000000001,10.5,-35.261992107588057,-47.3937729490641,0.093874631170767858,24.769043178936286,5.1390437377762668
2,0.00050000000000000001,10.6,-34.126605234285549,-49.613126875286966,0.09809400172245139,25.106556912488227,5.2321648846567816
2,0.00050000000000000001,10.700000000000001,-32.766160848241675,-51.741859465372769,0.10208563882507107,25.439593157124396,5.3306015133535807
2,0.00050000000000000001,10.800000000000001,-31.177478294339178,-53.748357047248753,0.10582400962305263,25.76832551796895,5.434205538593698
2,0.00050000000000000001,10.9,-29.36242708815961,-55.598527451318766,0.10928520130087252,26.092916663340045,5.5427927389287595
2,0.00050000000000000001,11,-27.328713370251421,-57.256573564554095,0.11244707404347307,26.413519265709539,5.6561434400587176
2,0.00050000000000000001,11.1,-25.154536870980955,-58.650110187454843,0.11528940265552604,25.263519265709732,5.7707356605335276
2,0.00050000000000000001,11.200000000000001,-22.939771359663915,-59.738073559974438,0.11779400593365943,24.113519265709925,5.8828231703293712
2,0.00050000000000000001,11.300000000000001,-20.726526316919564,-60.535995309421644,0.11994486296411513,22.963519265710119,5.9918456525628647
2,0.00050000000000000001,11.4,-18.552191261361273,-61.065224345439269,0.12172821560192401,21.813519265710312,6.0972758860169041
2,0.00050000000000000001,11.5,-16.448659486017096,-61.351652453861824,0.12313265647608271,20.663519265710505,6.1986245034075003
2,0.00050000000000000001,11.6,-14.441909053783126,-61.424364697177253,0.12414920195780035,19.513519265710698,6.2954443003050278
2,0.00050000000000000001,11.700000000000001,-12.551925009530596,-61.314309386538319,0.12477134962506084,18.363519265710892,6.387334052714535
2,0.00050000000000000001,11.800000000000001,-10.792922710529309,-61.05306724450034,0.12499511985593773,17.213519265711085,6.4739418061605853
2,0.00050000000000000001,11.9,-9.1738154932845006,-60.671779115466379,0.12481908128459404,16.063519265711278,6.5549676046620515
2,0.00050000000000000001,12,-7.6988611258098869,-60.200269264132253,0.12424435995713615,14.913519265711136,6.6301656341309654
2,0.00050000000000000001,12.1,-6.3684200898536973,-59.666379694310784,0.12327463212876152,13.763519265710974,6.699345761367951
2,0.00050000000000000001,12.200000000000001,-5.1797633530020359,-59.095512157464988,0.12191610074827477,12.613519265710812,6.7623744568133057
2,0.00050000000000000001,12.300000000000001,-4.1278761467205145,-58.510359951644688,0.12017745578037928,11.46351926571065,6.8191750963912758
2,0.00050000000000000001,12.4,-3.2062154952130384,-57.930801798720822,0.11806981861956092,10.313519265710488,6.8697276449909328
2,0.00050000000000000001,12.5,-2.4073911598120339,-57.373924921242256,0.11560667095111424,9.1635192657103257,6.9140677311980134
2,0.00050000000000000001,12.6,-1.7237509557115114,-56.85414332388244,0.11280376851436771,8.0135192657101637,6.9522851296737285
2,0.00050000000000000001,12.700000000000001,-1.1478611816389432,-56.383379338700841,0.10967904031971712,6.8635192657101776,6.9845216739321812
2,0.00050000000000000001,12.800000000000001,-0.67288072637763829,-55.971280738085667,0.10625247396414414,5.7135192657101932,7.0109686280831971
2,0.00050000000000000001,12.9,-0.29283318650906409,-55.625451213952999,0.10254598777880577,4.5635192657102088,7.0318635512954444
2,0.00050000000000000001,13,-0.0027852152577779237,-55.35167795666932,0.098583290626513914,3.4135192657102245,7.0474866932385707
2,0.00050000000000000001,13.1,0.24387612806930664,-55.112114420510565,0.094389730245922426,3.4635192657101967,7.0603926825878816
2,0.00050000000000000001,13.200000000000001,0.49101517307697429,-54.865906434094704,0.089992131112501345,3.513519265710169,7.0728998117055539
2,0.00050000000000000001,13.300000000000001,0.73860861594948357,-54.613107791191631,0.085418622853433795,3.5635192657101413,7.0849654661578523
2,0.00050000000000000001,13.4,0.9866510037955829,-54.353785137366543,0.080698460314000769,3.6135192657101136,7.0965499981727111
2,0.00050000000000000001,13.5,1.2351549813086979,-54.088017106392577,0.0758618364264039,3.6635192657100859,7.1076170825511449
2,0.00050000000000000001,13.6,1.4841513025871171,-53.81589338155721,0.070939689078032636,3.7135192657100582,7.1181340539361946
2,0.00050000000000000001,13.700000000000001,1.7336885998607467,-53.537513695087121,0.065963503214572311,3.7635192657100305,7.1280722231161961
2,0.00050000000000000001,13.800000000000001,1.9838329044396805,-53.252986777538425,0.060965109443792895,3.8135192657100028,7.1374071701526649
2,0.00050000000000000001,13.9,2.2346669187941584,-52.962429267190586,0.055976480428280781,3.8635192657099751,7.1461190122255651
2,0.00050000000000000001,14,2.4862890422321668,-52.665964587344426,0.051029526369513953,3.9135192657099473,7.1541926441810491
2,0.00050000000000000001,14.1,2.7388121561046099,-52.363721797080196,0.046155890891467696,3.9635192657099196,7.1616179498532366
2,0.00050000000000000001,14.200000000000001,2.9923621777904352,-52.055834418601933,0.04138674862940693,4.0135192657099159,7.1683899823163779
2,0.00050000000000000001,14.300000000000001,3.2470763958535502,-51.742439241919456,0.036752605818609133,4.063519265709977,7.174509111313645
2,0.00050000000000000001,14.4,3.5031016016823227,-51.423675105435244,0.032283105158563766,4.1135192657100381,7.1799811362088608
2,0.00050000000000000001,14.5,3.760592035585911,-51.099681649133181,0.0280068362008534,4.1635192657100992,7.1848173629256973
2,0.00050000000000000001,14.6,4.019707167696053,-50.770598035641179,0.023951152473589674,4.2135192657101603,7.1890346434800287
2,0.00050000000000000001,14.700000000000001,4.280609336072458,-50.436561633555193,0.020141996512179464,4.2635192657102214,7.1926553768821071
2,0.00050000000000000001,14.800000000000001,4.5434612660989355,-50.097706657158668,0.016603733915629946,4.3135192657102825,7.1957074703887356
2,0.00050000000000000001,14.9,4.808423496546923,-49.754162757107117,0.013358997489865909,4.3635192657103437,7.1982242603256177
2,0.00050000000000000001,15,5.0756517385350435,-49.406053557805102,0.010428542475007706,4.4135192657104048,7.2002443919768906
2,0.00050000000000000001,15.1,5.3452941939891199,-49.053495139087175,0.0078311137826642604,4.4635192657104659,7.2018116583509464
2,0.00050000000000000001,15.200000000000001,5.6174888600750954,-48.696594462392596,0.0055833260924676728,4.513519265710527,7.2029747979766903
2,0.00050000000000000001,15.300000000000001,5.8923608454116341,-48.335447744841879,0.0036995575748233521,4.5635192657105881,7.2037872522562525
2,0.00050000000000000001,15.4,6.1700197226583287,-47.970138788387636,0.0021918579196857661,4.6135192657106492,7.2043068832922232
2,0.00050000000000000001,15.5,6.4505569403247875,-47.600737275407468,0.0010698712596641264,4.6635192657107103,7.2045956535108573
2,0.00050000000000000001,15.6,6.7340433143819691,-47.227297046598068,0.00034077448048501214,4.7135192657107714,7.2047192688076773
2,0.00050000000000000001,15.700000000000001,7.0205266175327434,-46.849854381658346,9.2313134156673884e-06,4.7635192657108325,7.2047467873380464
2,0.00050000000000000001,15.800000000000001,7.3100292808929375,-46.468426307851466,7.7362503299387473e-05,4.8135192657108936,7.2047501964520331
2,0.00050000000000000001,15.9,7.6025462194559994,-46.083008965943044,0.00054473224302576653,4.8635192657109547,7.2048039606201941
2,0.00050000000000000001,16,7.8980427891995628,-45.693576067060725,0.0014083509612089784,4.9135192657110158,7.2049845435060202
2,0.00050000000000000001,16.100000000000001,8.1964528802003116,-45.300077477550452,0.0026626944452424169,4.9635192657110769,7.2053699076037878
2,0.00050000000000000001,16.199999999999999,8.4976771468348993,-44.902437971784444,0.0042997391774074068,5.013519265711138,7.2060389950727517
2,0.00050000000000000001,16.300000000000001,8.8015813732488883,-44.500556194978238,0.0063090136580055047,5.0635192657111991,7.2070711935558842
2,0.00050000000000000001,16.399999999999999,9.1079949699692637,-44.094303879308882,0.0086776653872216343,5.1135192657112603,7.2085457908740889
2,0.00050000000000000001,16.5,9.4167095960035727,-43.683525356915347,0.011390543077261926,5.1635192657113214,7.2105414225354956
2,0.00050000000000000001,16.600000000000001,9.7274779001821692,-43.268037412656696,0.014430293568890657,5.2135192657113825,7.2131355159989843
2,0.00050000000000000001,16.699999999999999,10.040012375997591,-42.847629517768361,0.01777747283243003,5.2635192657114436,7.2164037355872752
2,0.00050000000000000001,16.800000000000001,10.353984325878388,-42.42206448277522,0.021410670343194826,5.3135192657115047,7.2204194318649337
2,0.00050000000000000001,16.899999999999999,10.6690229337544,-41.991079564184282,0.025306646035785377,5.3635192657115658,7.2252530991895698
2,0.00050000000000000001,17,10.984714448919025,-41.554388054584642,0.029440478961195532,5.4135192657116269,7.2309718450196154
2,0.00050000000000000001,17.100000000000001,11.300601489499899,-41.111681379830486,0.033785726695842955,5.463519265711688,7.2376388744281321
2,0.00050000000000000001,17.199999999999999,11.616182480171513,-40.662631719967194,0.038314594482840941,5.5135192657117491,7.2453129931375235
2,0.00050000000000000001,17.300000000000001,11.930911245869378,-40.206895162483185,0.042998113023591328,5.5635192657118102,7.2540481322627501
2,0.00050000000000000001,17.400000000000002,12.244196790912452,-39.744115387323902,0.047806323782432159,5.6135192657118713,7.2638928978350457
2,0.00050000000000000001,17.5,12.555403300760592,-39.273927872903535,0.05270847061903236,5.6635192657119324,7.2748901480786419
2,0.00050000000000000001,17.600000000000001,12.863850411216781,-38.795964601111457,0.057673196522729592,5.7135192657119935,7.2870766013303241
2,0.00050000000000000001,17.699999999999999,13.168813796772444,-38.309859227093717,0.06266874419039016,5.7635192657120546,7.3004824774246488
2,0.00050000000000000001,17.800000000000001,13.469526135496276,-37.815252666490167,0.067663159164774014,5.8135192657121157,7.3151311753121879
2,0.00050000000000000001,17.900000000000002,13.765178511872426,-37.311799038977703,0.072624494234010809,5.8635192657121769,7.3310389896293628
2,0.00050000000000000001,18,14.054922320799145,-36.799171892643045,0.07752101378473554,5.913519265712238,7.3482148688871582
2,0.00050000000000000001,18.100000000000001,14.337871735092312,-36.277070619194532,0.082321396801711258,5.9635192657122991,7.3666602178835499
2,0.00050000000000000001,18.199999999999999,14.613106794886795,-35.745226955729322,0.086994937215442561,6.0135192657123602,7.3863687468606418
2,0.00050000000000000001,18.300000000000001,14.879677169972952,-35.203411455204446,0.091511740316230064,6.0635192657124213,7.4073263698108347
2,0.00050000000000000001,18.400000000000002,15.136606635149633,-34.651439795507905,0.095842913978294433,6.1135192657124824,7.4295111541768382
2,0.00050000000000000001,18.5,15.382898284077406,-34.089178786760769,0.099960753470783162,6.1635192657125435,7.4528933239787802
2,0.00050000000000000001,18.600000000000001,15.617540489019827,-33.516551928913728,0.10383891867350571,6.2135192657126046,7.4774353181291229
2,0.00050000000000000001,18.699999999999999,15.839513592610055,-32.933544367573731,0.10745260256381213,6.2635192657126657,7.5030919053587732
2,0.00050000000000000001,18.800000000000001,16.047797293937524,-32.34020709599632,0.11077868989688001,6.3135192657127268,7.5298103567714323
2,0.00050000000000000001,18.900000000000002,16.241378665589789,-31.736660255940976,0.11379590506440231,6.3635192657127879,7.5575306765697539
2,0.00050000000000000001,19,16.419260711782432,-31.12309540007465,0.11648494818586998,6.413519265712849,7.5861858909597988
2,0.00050000000000000001,19.100000000000001,16.580471351507619,-30.499776594127468,0.11882861856194872,6.4635192657129101,7.6157023946479327
2,0.00050000000000000001,19.199999999999999,16.724072685989913,-29.867040258083875,0.12081192470025216,6.5135192657129712,7.6460003537077181
2,0.00050000000000000001,19.300000000000001,16.849170387971917,-29.225293672101543,0.12242218020973845,6.5635192657130323,7.676994162928148
2,0.00050000000000000001,19.400000000000002,16.954923032755989,-28.575012104041953,0.12364908495031258,6.6135192657130935,7.7085929550757601
2,0.00050000000000000001,19.5,17.040551178689878,-27.916734550613455,0.12448479091857602,6.6635192657131546,7.7407011588305608
2,0.00050000000000000001,19.600000000000001,17.105345998899615,-27.251058122026322,0.12492395244826494,6.7135192657132157,7.7732191015086309
2,0.00050000000000000001,19.699999999999999,17.148677267264645,-26.57863113934528,0.12496376040427705,6.7635192657132768,7.8060436520829573
2,0.00050000000000000001,19.800000000000001,17.170000510281252,-25.90014505282975,0.12460396015154097,6.8135192657133379,7.8390688994760325
2,0.00050000000000000001,19.900000000000002,17.168863152561503,-25.216325326805947,0.12384685318381757,6.863519265713399,7.8721868606397294
2,0.00050000000000000001,20,17.144909506846659,-24.527921470362429,0.12269728240199408,6.9135192657134601,7.905288212573188
3,0.050000000000000003,0,0,0,0,10,0.29999999999999999
3,0.050000000000000003,0.10000000000000001,0.96966601389036255,0.29995469907165684,9.9973335466585418e-05,10.300000000000001,0.30001036363812217
3,0.050000000000000003,0.20000000000000001,1.9679736082426507,0.60883484619334927,0.00059904058861181566,10.600000000000001,0.30014810620668936
3,0.050000000000000003,0.30000000000000004,2.9948527885307787,0.92686649527228926,0.0014940094321350837,10.900000000000002,0.30059343197307448
3,0.050000000000000003,0.40000000000000002,4.0501664836697735,1.2544911485514774,0.0027791551196132049,11.200000000000003,0.30153902802038196
3,0.050000000000000003,0.5,5.1336989336117878,1.5923996227105224,0.0044462571043412244,11.500000000000004,0.30318869532706666
3,0.050000000000000003,0.60000000000000009,6.2451427562325073,1.9415656036618665,0.0064846516227778503,11.800000000000004,0.30575585073781669
3,0.050000000000000003,0.70000000000000007,7.3840840718585925,2.3032782556262585,0.0088812999062408988,12.100000000000005,0.30946191154649144
3,0.050000000000000003,0.80000000000000004,8.5499849216873596,2.6791731700940913,0.011620871584530696,12.400000000000006,0.31453457538556995
3,0.050000000000000003,0.90000000000000002,9.7421620914430846,3.0712608497703666,0.014685842747982849,12.700000000000006,0.32120600891318557
3,0.050000000000000003,1,10.959761355746039,3.4819518167364878,0.018056608040687913,13.000000000000007,0.32971095941295187
3,0.050000000000000003,1.1000000000000001,12.201726104777645,3.9140773076137294,0.021711606067863869,13.300000000000008,0.34028480388520516
3,0.050000000000000003,1.2000000000000002,13.46675931676617,4.3709043666782552,0.025627457315202207,13.600000000000009,0.35316155052893228
3,0.050000000000000003,1.3,14.753277912183426,4.8561439673899303,0.029779113697974445,13.900000000000009,0.36857180771409637
3,0.050000000000000003,1.4000000000000001,16.059358683405616,5.3739505832879209,0.034140018783295159,14.20000000000001,0.38674073564976963
3,0.050000000000000003,1.5,17.382675252108363,5.9289113947484591,0.038682277660665836,14.500000000000011,0.40788599599076136
3,0.050000000000000003,1.6000000000000001,18.720425880434561,6.5260230688394847,0.043376835374207751,14.800000000000011,0.43221571461950387
3,0.050000000000000003,1.7000000000000002,20.069252464000165,7.1706538032342557,0.048193662775226472,15.100000000000012,0.45992647281293425
3,0.050000000000000003,1.8,21.425151674947429,7.8684881086256757,0.053101948606285913,15.400000000000013,0.49120134197323295
3,0.050000000000000003,1.9000000000000001,22.783380006034996,8.6254516538922328,0.058070296588109228,15.700000000000014,0.52620797707745659
3,0.050000000000000003,2,24.13835538845127,9.4476134608475615,0.063066926248623104,16.000000000000014,0.56509678398779539
3,0.050000000000000003,2.1000000000000001,25.483559101151897,10.341062865989576,0.068059876209524792,16.300000000000011,0.60799917575679263
3,0.050000000000000003,2.2000000000000002,26.811442826778901,11.311759026694515,0.073017208630031735,16.600000000000009,0.65502593304755075
3,0.050000000000000003,2.3000000000000003,28.11334688752515,12.365351402009843,0.077907213500071265,16.900000000000006,0.70626568374706433
3,0.050000000000000003,2.4000000000000004,29.379436839293525,13.506970642096256,0.082698611476131362,17.200000000000003,0.7617835167537812
3,0.050000000000000003,2.5,30.598666614502644,14.740990720563772,0.087360753962315088,17.5,0.82161974473519939
3,0.050000000000000003,2.6000000000000001,31.758777158433261,16.070764961579162,0.091863819156762741,17.799999999999997,0.88578883034100109
3,0.050000000000000003,2.7000000000000002,32.84633985589614,17.498340834070792,0.09617900280941373,18.099999999999994,0.95427848988371011
3,0.050000000000000003,2.8000000000000003,33.846853837060905,19.024160946456458,0.10027870247090942,18.399999999999991,1.0270489878249913
3,0.050000000000000003,2.9000000000000004,34.744905328423563,20.646760457364664,0.10413669405407278,18.699999999999989,1.1040326344980398
3,0.050000000000000003,3,35.524395443490604,22.362473937635883,0.10772829957857384,18.999999999999986,1.185133498327904
3,0.050000000000000003,3.1000000000000001,36.168840099475624,24.165167330521385,0.11103054502578764,19.299999999999983,1.2702273423636994
3,0.050000000000000003,3.2000000000000002,36.661742084142801,26.046012761439506,0.11402230729411213,19.59999999999998,1.3591617932020785
3,0.050000000000000003,3.3000000000000003,36.987030760206274,27.993325214412906,0.1166844493147336,19.899999999999977,1.4517567483651603
3,0.050000000000000003,3.4000000000000004,37.129559678402032,29.992480187295559,0.1189999424635599,20.199999999999974,1.5478050259170724
3,0.050000000000000003,3.5,37.075646793880807,32.025930071182181,0.12095397548630257,20.499999999999972,1.6470732575938198
3,0.050000000000000003,3.6000000000000001,36.813636480916479,34.073333969224549,0.12253404923995942,20.799999999999969,1.7493030240270429
3,0.050000000000000003,3.7000000000000002,36.334457646859398,36.111810912026947,0.12373005664467498,21.099999999999966,1.8542122278208082
3,0.050000000000000003,3.8000000000000003,35.632148532458139,38.116320054138697,0.12453434733456024,21.399999999999963,1.9614966973587984
3,0.050000000000000003,3.9000000000000004,34.704316809129963,40.060163763840926,0.12494177659392652,21.69999999999996,2.0708320113505625
3,0.050000000000000003,4,33.552503808905072,41.915601062610001,0.12494973826590912,21.999999999999957,2.1818755313462197
3,0.050000000000000003,4.1000000000000005,32.182424445149749,43.654550318701943,0.12455818142297739,22.299999999999955,2.2942686268346759
3,0.050000000000000003,4.2000000000000002,30.604059663168982,45.249352249250173,0.12376961069269717,22.599999999999952,2.407639075161625
3,0.050000000000000003,4.2999999999999998,28.831585885131428,46.673557959271101,0.12258907023666164,22.899999999999949,2.5216036164224134
3,0.050000000000000003,4.4000000000000004,26.883135386481992,47.902702688152907,0.12102411148507089,23.199999999999946,2.6357706417513063
3,0.050000000000000003,4.5,24.780392114732315,48.915024707413899,0.11908474483334866,23.499999999999943,2.7497429920783958
3,0.050000000000000003,4.6000000000000005,22.548038213335836,49.692090711878009,0.11678337560977317,23.79999999999994,2.8631208434776023
3,0.050000000000000003,4.7000000000000002,20.2130764482221,50.219294039429194,0.11413472472371064,24.099999999999937,2.9755046546861519
3,0.050000000000000003,4.8000000000000007,17.804061906717656,50.486199774205083,0.11115573450203199,24.399999999999935,3.0864981522231298
3,0.050000000000000003,4.9000000000000004,15.35028197132427,50.486720563691236,0.10786546031603832,24.699999999999932,3.1957113287422318
3,0.050000000000000003,5,12.880926155529458,50.219117916438186,0.10428494869211306,24.999999999999929,3.3027634307786511
3,0.050000000000000003,5.1000000000000005,10.445998191896267,49.691739964284771,0.1004371026857766,24.84999999999993,3.406356684789781
3,0.050000000000000003,5.2000000000000002,8.091042173394797,48.925462426955242,0.096346535380290074,24.699999999999932,3.5053065218623836
3,0.050000000000000003,5.3000000000000007,5.834584295552947,47.941680099823877,0.092039412446917157,24.549999999999933,3.5994338348061352
3,0.050000000000000003,5.4000000000000004,3.6906978551387346,46.762680673804716,0.087543284773921176,24.399999999999935,3.6885909030256436
3,0.050000000000000003,5.5,1.6692434429684959,45.410906464945228,0.082886912234900439,24.249999999999936,3.7726619030564308
3,0.050000000000000003,5.6000000000000005,-0.22378342306832655,43.908334082476038,0.078100079723743346,24.099999999999937,3.8515631970606985
3,0.050000000000000003,5.7000000000000002,-1.9858314396689791,42.275979389059614,0.073213406632951616,23.949999999999939,3.9252434041350406
3,0.050000000000000003,5.8000000000000007,-3.6173308274210041,40.533526808382149,0.068258150994020134,23.79999999999994,3.993683260441625
3,0.050000000000000003,5.9000000000000004,-5.1212159115024454,38.699075514906056,0.063266009532706682,23.649999999999942,4.056895275092776
3,0.050000000000000003,6,-6.5024549852003384,36.788990385255872,0.058268914918155584,23.499999999999943,4.1149231894247453
3,0.050000000000000003,6.1000000000000005,-7.7676041477325368,34.817842704876,0.053298831502788704,23.349999999999945,4.1678412478262077
3,0.050000000000000003,6.2000000000000002,-8.9243967133070132,32.79842428658575,0.048387550859531683,23.199999999999946,4.2157532886822491
3,0.050000000000000003,6.3000000000000007,-9.9813752382115037,30.741818578827814,0.043566488424239311,23.049999999999947,4.2587916642995864
3,0.050000000000000003,6.4000000000000004,-10.947569397991861,28.657513207429101,0.038866482544114546,22.899999999999949,4.2971159989370999
3,0.050000000000000003,6.5,-11.832219947890604,26.553539905429041,0.034317597217525496,22.74999999999995,4.3309117943183688
3,0.050000000000000003,6.6000000000000005,-12.644546810052645,24.436629677719104,0.029948929787012427,22.599999999999952,4.3603888922851182
3,0.050000000000000003,6.7000000000000002,-13.393557881890802,22.312373106954908,0.025788424815593271,22.449999999999953,4.3857798045904088
3,0.050000000000000003,6.8000000000000007,-14.087894344088678,20.185377773210082,0.021862695336924042,22.299999999999955,4.4073379202472482
3,0.050000000000000003,6.9000000000000004,-14.735707937801749,18.059416720348345,0.018196852622703246,22.149999999999956,4.4253356013514233
3,0.050000000000000003,7,-15.34456574913537,15.937563687472855,0.014814345556227838,21.999999999999957,4.4400621788858343
3,0.050000000000000003,7.1000000000000005,-15.921378363137286,13.822312397462705,0.011736810639561928,21.849999999999959,4.4518218606764695
3,0.050000000000000003,7.2000000000000002,-16.472347722565548,11.71567854361184,0.0089839335937603997,21.69999999999996,4.4609315643869731
3,0.050000000000000003,7.3000000000000007,-17.002931560877812,9.6192842421892948,0.006573323437433754,21.549999999999962,4.4677186891810514
3,0.050000000000000003,7.4000000000000004,-17.517821807202523,7.5344256344532825,0.0045203998491216328,21.399999999999963,4.4725188404150211
3,0.050000000000000003,7.5,-18.020934836921811,5.4621250412663072,0.0028382945339714433,21.249999999999964,4.4756735224075035
3,0.050000000000000003,7.6000000000000005,-18.515411837310324,3.4031696128843993,0.0015377672256387327,21.099999999999966,4.477527814928993
3,0.050000000000000003,7.7000000000000002,-19.003627862408994,1.358138791146043,0.00062713686071052947,20.949999999999967,4.4784280495207271
3,0.050000000000000003,7.8000000000000007,-19.487208367567046,-0.67257687419096945,0.00011222836590041335,20.799999999999969,4.4787195020532797
3,0.050000000000000003,7.9000000000000004,-19.967052154768044,-2.6887629245423792,-3.6646016042488845e-06,20.64999999999997,4.47874411803957
3,0.050000000000000003,8,-20.443359744730568,-4.6903716091791461,0.00028019927769161571,20.499999999999972,4.4788382871011212
3,0.050000000000000003,8.0999999999999996,-20.915666244057594,-6.677513459999485,0.0009620042436758818,20.349999999999973,4.4793306826362365
3,0.050000000000000003,8.2000000000000011,-21.382877818916011,-8.6504475923249675,0.0020373890712974442,20.199999999999974,4.4805401821503583
3,0.050000000000000003,8.3000000000000007,-21.843310941942722,-10.609568798481311,0.0034994749675234262,20.049999999999976,4.4827738828888037
3,0.050000000000000003,8.4000000000000004,-22.294733662798851,-12.555389852992423,0.0053389095721399632,19.899999999999977,4.4863252263772306
3,0.050000000000000003,8.5,-22.734408275470841,-14.488517835782009,0.0075439267809416866,19.749999999999979,4.4914722442518338
3,0.050000000000000003,8.5999999999999996,-23.159134920671065,-16.409623686502599,0.010100422008645539,19.59999999999998,4.4984759363834437
3,0.050000000000000003,8.7000000000000011,-23.56529586625415,-18.319404614983309,0.012992042410103221,19.449999999999982,4.5075787908074858
3,0.050000000000000003,8.8000000000000007,-23.948900442811105,-20.218539398768158,0.016200291482704337,19.299999999999983,4.5190034534086827
3,0.050000000000000003,8.9000000000000004,-24.305630860554537,-22.107636990990859,0.019704647380871829,19.149999999999984,4.5329515537203662
3,0.050000000000000003,9,-24.630889378277374,-23.987179235565964,0.023482694185840727,18.999999999999986,4.549602691626788
3,0.050000000000000003,9.0999999999999996,-24.92427470036079,-25.888125655143885,0.027510265291041541,19.467799054036842,4.5694414552437985
3,0.050000000000000003,9.2000000000000011,-25.18238564430742,-27.840803923549352,0.031761597985911244,19.924617939003575,4.5930593034962888
3,0.050000000000000003,9.3000000000000007,-25.395109384448311,-29.844351416894067,0.036209498249322895,20.371195350813807,4.6207690962055219
3,0.050000000000000003,9.4000000000000004,-25.551216687013827,-31.897383134685001,0.040825514698518403,20.808190695633595,4.6528678353619277
3,0.050000000000000003,9.5,-25.638381142738638,-33.997748750140012,0.045580120580864837,21.236195516851488,4.6896336247895549
3,0.050000000000000003,9.6000000000000014,-25.643234553086664,-36.142253222866366,0.050442902644308112,21.655742888052309,4.7313227837797776
3,0.050000000000000003,9.7000000000000011,-25.551468752199284,-38.32634380870271,0.05538275567839774,22.067315197740193,4.7781671299871151
3,0.050000000000000003,9.8000000000000007,-25.347995545723037,-40.543769364697859,0.060368081481483891,22.471350650083103,4.8303714467661889
3,0.050000000000000003,9.9000000000000004,-25.017177315082623,-42.786221592468316,0.065366990981375772,22.868248731400971,4.8881111499406167
3,0.050000000000000003,10,-24.543140856461715,-45.042972261329979,0.070347508216578813,23.258374836672616,4.9515301687503364
3,0.050000000000000003,10.100000000000001,-23.91018584581775,-47.300525378822435,0.07527777487332693,23.642064208627524,5.020739055421422
3,0.050000000000000003,10.200000000000001,-23.103296584402194,-49.542308478976963,0.080126254070070749,24.019625310282446,5.0958133374232082
3,0.050000000000000003,10.300000000000001,-22.108761058761928,-51.748432273615542,0.084861932085896624,24.391342727444915,5.176792125990473
3,0.050000000000000003,10.4,-20.914894615829418,-53.895552288741655,0.089454516742502876,24.757479678853581,5.2636769938539132
3,0.050000000000000003,10.5,-19.512856647135017,-55.956869058573226,0.093874631170765666,25.118280196898159,5.3564311342963293
3,0.050000000000000003,10.600000000000001,-17.897537785029073,-57.902304127101033,0.098094001722449767,25.473971030265623,5.4549788125906016
3,0.050000000000000003,10.700000000000001,-16.068482750572748,-59.698886622509946,0.10208563882507048,25.824763310660579,5.5592051195385617
3,0.050000000000000003,10.800000000000001,-14.030801046738965,-61.31137871028222,0.10582400962305269,26.170854018399634,5.6689560351847961
3,0.050000000000000003,10.9,-11.796005438783496,-62.703157212124303,0.1092852013008731,26.512427275771138,5.7840388088052785
3,0.050000000000000003,11,-9.3827082195540363,-63.837352919092659,0.1124470740434745,26.849655492271353,5.9042226589608253
3,0.050000000000000003,11.100000000000001,-6.8888691330045235,-64.659449589536393,0.11528940265552773,25.699655492271354,6.0257925583972831
3,0.050000000000000003,11.200000000000001,-4.4269978715416762,-65.153641985555382,0.11779400593366116,24.549655492271356,6.1447971637322203
3,0.050000000000000003,11.300000000000001,-2.0386594851271207,-65.346656741178663,0.11994486296411701,23.399655492271357,6.2606457478063007
3,0.050000000000000003,11.4,0.24133876332737403,-65.270501190639962,0.12172821560192633,22.249655492271359,6.3727818350895635
3,0.050000000000000003,11.5,2.3855022603127791,-64.960803546481159,0.12313265647608569,21.09965549227136,6.4806882079675177
3,0.050000000000000003,11.600000000000001,4.3737689608510557,-64.455163140826897,0.12414920195780275,19.949655492271361,6.5838914460998925
3,0.050000000000000003,11.700000000000001,6.193239584066581,-63.79161877663762,0.12477134962506298,18.799655492271363,6.6819659547099608
3,0.050000000000000003,11.800000000000001,7.8375879741412886,-63.007318139171339,0.12499511985594029,17.649655492271364,6.7745374426872553
3,0.050000000000000003,11.9,9.3062356327431992,-62.137441993946183,0.12481908128459653,16.499655492271366,6.8612858171464479
3,0.050000000000000003,12,10.603378237713363,-61.214407516879255,0.12424435995713812,15.349655492271367,6.9419474674860533
3,0.050000000000000003,12.100000000000001,11.736946996824649,-60.267348821491595,0.12327463212876381,14.199655492271368,7.0163169189088777
3,0.050000000000000003,12.200000000000001,12.717576284318879,-59.321851782632457,0.12191610074827693,13.04965549227137,7.0842478426547668
3,0.050000000000000003,12.300000000000001,13.557633805577357,-58.399905694312601,0.12017745578038128,11.899655492271371,7.1456534176917632
3,0.050000000000000003,12.4,14.27035301954909,-57.520026215203096,0.11806981861956246,10.749655492271373,7.2005060461428423
3,0.050000000000000003,12.5,14.869091751727099,-56.697501752125419,0.11560667095111613,9.5996554922713742,7.2488364321214922
3,0.050000000000000003,12.600000000000001,15.366727269433548,-55.944717736353944,0.11280376851436967,8.4496554922713756,7.2907320407492335
3,0.050000000000000003,12.700000000000001,15.775187343130849,-55.271518793173009,0.10967904031971873,7.2996554922713752,7.3263349607877961
3,0.050000000000000003,12.800000000000001,16.105109196115862,-54.685576258001156,0.10625247396414528,6.1496554922713749,7.3558392004177691
3,0.050000000000000003,12.9,16.365613535356896,-54.19273670167852,0.10254598777880668,4.9996554922713745,7.3794874511422508
3,0.050000000000000003,13,16.564178569708691,-53.797335200358525,0.098583290626514927,3.8496554922713742,7.3975673595278515
3,0.050000000000000003,13.100000000000001,16.732282810575338,-53.448239746704523,0.094389730245923634,3.899655492271374,7.4127398322611535
3,0.050000000000000003,13.200000000000001,16.897258558203301,-53.092136610376791,0.089992131112502441,3.9496554922713738,7.4274196834705357
3,0.050000000000000003,13.300000000000001,17.059121220330503,-52.729125991778652,0.085418622853435419,3.9996554922713736,7.4415591359443498
3,0.050000000000000003,13.4,17.217913710635187,-52.359313900283325,0.080698460314002365,4.0496554922713743,7.4551140223816121
3,0.050000000000000003,13.5,17.373706131042503,-51.982810803140836,0.075861836426404219,4.099655492271375,7.4680441729192175
3,0.050000000000000003,13.600000000000001,17.526595132970879,-51.599730331341156,0.070939689078033594,4.1496554922713758,7.4803137798114028
3,0.050000000000000003,13.700000000000001,17.676702959256929,-51.210188063723038,0.065963503214574254,4.1996554922713765,7.4918917368274531
3,0.050000000000000003,13.800000000000001,17.824176172171981,-50.814300406221363,0.060965109443794373,4.2496554922713772,7.5027519510670295
3,0.050000000000000003,13.9,17.969184076276939,-50.41218357825916,0.055976480428282176,4.2996554922713779,7.5128736250107941
3,0.050000000000000003,14,18.111916847843052,-50.003952713101988,0.051029526369515431,4.3496554922713786,7.5222415067298707
3,0.050000000000000003,14.100000000000001,18.252583385204542,-49.589721073699977,0.046155890891468911,4.3996554922713793,7.5308461062754546
3,0.050000000000000003,14.200000000000001,18.391408896733346,-49.169599380348785,0.041386748629408152,4.44965549227138,7.5386838763653614
3,0.050000000000000003,14.300000000000001,18.528632245177132,-48.743695241605892,0.036752605818610472,4.4996554922713807,7.5457573555843469
3,0.050000000000000003,14.4,18.664503068925644,-48.312112675495122,0.032283105158564938,4.5496554922713814,7.5520752724269862
3,0.050000000000000003,14.5,18.799278702413467,-47.874951704298923,0.028006836200854483,4.5996554922713822,7.5576526086432985
3,0.050000000000000003,14.600000000000001,18.93322091936788,-47.432308003334839,0.023951152473590597,4.6496554922713829,7.5625106205050905
3,0.050000000000000003,14.700000000000001,19.066592523995396,-46.984272582175116,0.020141996512180241,4.6996554922713836,7.5666768168012926
3,0.050000000000000003,14.800000000000001,19.199653816479984,-46.530931475904168,0.016603733915630851,4.7496554922713843,7.5701848925979522
3,0.050000000000000003,14.9,19.332658960331603,-46.072365424291071,0.013358997489866874,4.799655492271385,7.5730746180659159
3,0.050000000000000003,15,19.465852280148749,-45.608649518220993,0.010428542475008663,4.8496554922713857,7.5753916819873064
3,0.050000000000000003,15.100000000000001,19.599464519199394,-45.139852795377259,0.0078311137826651799,4.8996554922713864,7.577187489899071
3,0.050000000000000003,15.200000000000001,19.733709086825058,-44.66603777095024,0.005583326092468666,4.9496554922713871,7.5785189172143239
3,0.050000000000000003,15.300000000000001,19.86877832596949,-44.18725989398218,0.0036995575748243279,4.9996554922713878,7.5794480180736716
3,0.050000000000000003,15.4,20.004839831064363,-43.703566925708948,0.0021918579196867774,5.0496554922713885,7.5800416911110826
3,0.050000000000000003,15.5,20.142032846016246,-43.214998242760366,0.001069871259665149,5.0996554922713893,7.5803713037621394
3,0.050000000000000003,15.600000000000001,20.280464771095865,-42.721584075124781,0.00034077448048603167,5.14965549227139,7.580512277185762
3,0.050000000000000003,15.700000000000001,20.420207806122285,-42.223344696135598,9.2313134166878327e-06,5.1996554922713907,7.5805436343018382
3,0.050000000000000003,15.800000000000001,20.561295755482849,-41.7202895891403,7.7362503300408114e-05,5.2496554922713914,7.5805475138550067
3,0.050000000000000003,15.9,20.703721018293333,-41.212416622695237,0.00054473224302678774,5.2996554922713921,7.5806086537880191
3,0.050000000000000003,16,20.847431784479252,-40.699711272818519,0.0014083509612100047,5.3496554922713928,7.5808138475367626
3,0.050000000000000003,16.100000000000001,20.99232945488313,-40.182145936760456,0.0026626944452434482,5.3996554922713935,7.5812513771352039
3,0.050000000000000003,16.199999999999999,21.138266300841231,-39.659679387664831,0.0042997391774084529,5.4496554922713942,7.5820104272364297
3,0.050000000000000003,16.300000000000001,21.285043376218521,-39.132256423167064,0.0063090136580065802,5.4996554922713949,7.5831804843124413
3,0.050000000000000003,16.400000000000002,21.432408692847488,-38.599807763209789,0.0086776653872226318,5.5496554922713957,7.5848507253900364
3,0.050000000000000003,16.5,21.580055668889116,-38.062250252991369,0.011390543077262921,5.5996554922713964,7.5871094007151578
3,0.050000000000000003,16.600000000000001,21.727621859011414,-37.519487425874139,0.014430293568891809,5.6496554922713971,7.5900432147185235
3,0.050000000000000003,16.699999999999999,21.87468797561792,-36.971410478180857,0.017777472832431321,5.6996554922713978,7.5937367095880512
3,0.050000000000000003,16.800000000000001,22.020777211762251,-36.417899703049983,0.021410670343196291,5.7496554922713985,7.5982716556474408
3,0.050000000000000003,16.900000000000002,22.165354878898086,-35.858826423887017,0.025306646035786688,5.7996554922713992,7.60372645260514
3,0.050000000000000003,17,22.30782837620211,-35.294055459454498,0.029440478961196993,5.8496554922713999,7.6101755455842328
3,0.050000000000000003,17.100000000000001,22.447547512749708,-34.723448142330476,0.033785726695844474,5.8996554922714006,7.6176888596817971
3,0.050000000000000003,17.199999999999999,22.583805209104881,-34.146865900404094,0.038314594482842572,5.9496554922714013,7.6263312566453774
3,0.050000000000000003,17.300000000000001,22.715838610598908,-33.564174397367204,0.042998113023592431,5.999655492271402,7.6361620171024622
3,0.050000000000000003,17.400000000000002,22.842830650317829,-32.975248212934758,0.047806323782433158,6.0496554922714028,7.6472343516422017
3,0.050000000000000003,17.5,22.963912105117295,-32.379976026958481,0.052708470619033401,6.0996554922714035,7.6595949439308342
3,0.050000000000000003,17.600000000000001,23.078164192289627,-31.778266253912459,0.057673196522730896,6.1496554922714042,7.6732835289444621
3,0.050000000000000003,17.699999999999999,23.184621757233352,-31.170053055715719,0.062668744190391604,6.1996554922714049,7.6883325093233061
3,0.050000000000000003,17.800000000000001,23.282277103014774,-30.555302641880889,0.067663159164774639,6.2496554922714056,7.7047666127861127
3,0.050000000000000003,17.900000000000002,23.370084510476204,-29.934019746996064,0.072624494234010656,6.2996554922714063,7.7226025934851563
3,0.050000000000000003,18,23.446965492003418,-29.30625415711263,0.077521013784734583,6.349655492271407,7.7418489801224144
3,0.050000000000000003,18.100000000000001,23.511814812779985,-28.672107139381119,0.082321396801710078,6.3996554922714077,7.7625058735754076
3,0.050000000000000003,18.199999999999999,23.563507300033741,-28.031737614003156,0.086994937215440715,6.4496554922714084,7.7845647966853129
3,0.050000000000000003,18.300000000000001,23.600905443310381,-27.385367895084904,0.091511740316227122,6.4996554922714092,7.8080085987283141
3,0.050000000000000003,18.400000000000002,23.6228677673056,-26.733288818176224,0.095842913978290187,6.5496554922714099,7.832811416912147
3,0.050000000000000003,18.5,23.628257933620883,-26.075864068063616,0.099960753470778652,6.5996554922714106,7.8589386970030795
3,0.050000000000000003,18.600000000000001,23.615954499628714,-25.413533521621229,0.1038389186735012,6.6496554922714113,7.8863472748855941
3,0.050000000000000003,18.699999999999999,23.584861232373701,-24.746815427977644,0.10745260256380729,6.699655492271412,7.9149855204819897
3,0.050000000000000003,18.800000000000001,23.533917844302163,-24.076307262521439,0.11077868989687555,6.7496554922714127,7.9447935450093237
3,0.050000000000000003,18.900000000000002,23.462110987044767,-23.402685112696176,0.11379590506439738,6.7996554922714134,7.9757034720275986
3,0.050000000000000003,19,23.368485311094844,-22.726701482163755,0.11648494818586495,6.8496554922714141,8.0076397721408608
3,0.050000000000000003,19.100000000000001,23.252154374746258,-22.049181435413921,0.11882861856194352,6.8996554922714148,8.0405196605607916
3,0.050000000000000003,19.200000000000003,23.112311166794363,-21.371017046529229,0.12081192470024794,6.9496554922714155,8.0742535560433328
3,0.050000000000000003,19.300000000000001,22.948237995859927,-20.693160162422462,0.12242218020973403,6.9996554922714163,8.1087455989789614
3,0.050000000000000003,19.400000000000002,22.759315496129265,-20.016613540889757,0.12364908495030744,7.049655492271417,8.143894225675341
3,0.050000000000000003,19.5,22.545030505819039,-19.342420475362733,0.12448479091857005,7.0996554922714177,8.1795927951381415
3,0.050000000000000003,19.600000000000001,22.3049825913163,-18.671653069130528,0.12492395244825956,7.1496554922714184,8.2157302639532812
3,0.050000000000000003,19.700000000000003,22.038889016719679,-18.005399369728725,0.12496376040427087,7.1996554922714191,8.2521919042234515
3,0.050000000000000003,19.800000000000001,21.746587994838116,-17.344749616842634,0.12460396015153438,7.2496554922714198,8.2888600589333148
3,0.050000000000000003,19.900000000000002,21.428040100424059,-16.690781892283223,0.12384685318381135,7.2996554922714205,8.3256149286290313
3,0.050000000000000003,20,21.083327777816148,-16.0445474865009,0.122697282401988,7.3496554922714212,8.3623353829128124
3,0.00050000000000000001,0,0,0,0,10,0.29999999999999999
3,0.00050000000000000001,0.10000000000000001,0.96966601388886453,0.29995469908111599,9.9973335466585202e-05,10.300000000000011,0.30001036363812217
3,0.00050000000000000001,0.20000000000000001,1.9679736082457824,0.60883484625378548,0.00059904058861181674,10.600000000000023,0.30014810620668925
3,0.00050000000000000001,0.29999999999999999,2.9948527885736604,0.92686649543395605,0.0014940094321350883,10.900000000000034,0.30059343197307259
3,0.00050000000000000001,0.40000000000000002,4.0501664838242739,1.2544911488757071,0.0027791551196132132,11.200000000000045,0.3015390280203753
3,0.00050000000000000001,0.5,5.1336989339942285,1.5923996232723332,0.0044462571043412686,11.500000000000057,0.30318869532705028
3,0.00050000000000000001,0.59999999999999998,6.2451427570109104,1.9415656045529142,0.006484651622777891,11.800000000000068,0.30575585073778222
3,0.00050000000000000001,0.70000000000000007,7.3840840732591309,2.3032782569582682,0.0088812999062409838,12.10000000000008,0.30946191154642777
3,0.00050000000000000001,0.80000000000000004,8.5499849239994479,2.6791731720029217,0.0116208715845308,12.400000000000091,0.31453457538546248
3,0.00050000000000000001,0.90000000000000002,9.7421620950226888,3.0712608524208771,0.014685842747982906,12.700000000000102,0.32120600891301693
3,0.00050000000000000001,1,10.959761361016694,3.4819518203283963,0.018056608040688014,13.000000000000114,0.32971095941270206
3,0.00050000000000000001,1.1000000000000001,12.20172611222868,3.9140773123885433,0.021711606067864004,13.300000000000125,0.34028480388485149
3,0.00050000000000000001,1.2,13.466759326947642,4.3709043729273382,0.025627457315202416,13.600000000000136,0.35316155052845077
3,0.00050000000000000001,1.3,14.753277925697239,4.8561439754635831,0.029779113697974664,13.900000000000148,0.3685718077134621
3,0.00050000000000000001,1.4000000000000001,16.059358700892481,5.3739505936051906,0.034140018783295478,14.200000000000159,0.38674073564895767
3,0.00050000000000000001,1.5,17.382675274230156,5.9289114078071901,0.038682277660666148,14.500000000000171,0.40788599598974856
3,0.00050000000000000001,1.6000000000000001,18.720425907851912,6.5260230852258054,0.043376835374207695,14.800000000000182,0.43221571461826813
3,0.00050000000000000001,1.7,20.06925249734514,7.1706538236304356,0.04819366277522677,15.100000000000193,0.45992647281145638
3,0.00050000000000000001,1.8,21.425151714791557,7.868488133815025,0.053101948606286281,15.400000000000205,0.49120134197149778
3,0.00050000000000000001,1.9000000000000001,22.78338005285303,8.6254516847594331,0.058070296588109832,15.700000000000216,0.52620797707545253
3,0.00050000000000000001,2,24.13835544258189,9.4476134983726414,0.063066926248624006,16.000000000000227,0.5650967839855171
3,0.00050000000000000001,2.1000000000000001,25.483559162756638,10.341062911233719,0.068059876209526499,16.300000000000239,0.60799917575423978
3,0.00050000000000000001,2.2000000000000002,26.811442895801495,11.311759080776083,0.073017208630034164,16.60000000000025,0.65502593304472856
3,0.00050000000000000001,2.3000000000000003,28.113346963654141,12.3653514660691,0.077907213500073708,16.900000000000261,0.70626568374398224
3,0.00050000000000000001,2.3999999999999999,29.379436921931525,13.506970717248375,0.082698611476132583,17.200000000000273,0.76178351675045342
3,0.00050000000000000001,2.5,30.598666702746041,14.740990807840152,0.087360753962316268,17.500000000000284,0.82161974473164423
3,0.00050000000000000001,2.6000000000000001,31.758777251066896,16.070765061858761,0.091863819156763477,17.800000000000296,0.88578883033723976
3,0.00050000000000000001,2.7000000000000002,32.846339951406783,17.498340948004454,0.096179002809414077,18.100000000000307,0.9542784898797666
3,0.00050000000000000001,2.8000000000000003,33.846853933673295,19.024161074388942,0.10027870247090995,18.400000000000318,1.0270489878208917
3,0.00050000000000000001,2.8999999999999999,34.744905424160997,20.646760599260624,0.10413669405407291,18.70000000000033,1.1040326344938096
3,0.00050000000000000001,3,35.524395536261011,22.362474093017553,0.10772829957857291,19.000000000000341,1.1851334983235684
3,0.00050000000000000001,3.1000000000000001,36.168840187180692,24.165167498426193,0.11103054502578633,19.300000000000352,1.270227342359282
3,0.00050000000000000001,3.2000000000000002,36.661742164805482,26.046012940406314,0.11402230729411059,19.600000000000364,1.3591617931976001
3,0.00050000000000000001,3.3000000000000003,36.98703083210831,27.993325402503935,0.11668444931473274,19.900000000000375,1.4517567483606379
3,0.00050000000000000001,3.3999999999999999,37.129559740220614,29.992480382159162,0.11899994246356002,20.200000000000387,1.5478050259125231
3,0.00050000000000000001,3.5,37.075646844811075,32.025930270157772,0.12095397548630274,20.500000000000398,1.6470732575892553
3,0.00050000000000000001,3.6000000000000001,36.813636520765485,34.07333416948682,0.12253404923995972,20.800000000000409,1.7493030240224712
3,0.00050000000000000001,3.7000000000000002,36.334457676098133,36.111811110761252,0.12373005664467598,21.100000000000421,1.8542122278162354
3,0.00050000000000000001,3.8000000000000003,35.632148552219867,38.116320248734375,0.12453434733456073,21.400000000000432,1.9614966973542269
3,0.00050000000000000001,3.8999999999999999,34.704316821148709,40.060163952085652,0.12494177659392716,21.700000000000443,2.0708320113459946
3,0.00050000000000000001,4,33.552503815393017,41.91560124286498,0.12494973826590997,22.000000000000455,2.1818755313416553
3,0.00050000000000000001,4.0999999999999996,32.182424448619784,43.654550490038311,0.12455818142297889,22.300000000000466,2.2942686268301156
3,0.00050000000000000001,4.2000000000000002,30.604059666215878,45.249352411528491,0.12376961069269901,22.600000000000477,2.4076390751570735
3,0.00050000000000000001,4.2999999999999998,28.831585890190599,46.673558113151095,0.12258907023666429,22.900000000000489,2.521603616417869
3,0.00050000000000000001,4.4000000000000004,26.883135395589559,47.902702835027846,0.12102411148507394,23.2000000000005,2.6357706417467766
3,0.00050000000000000001,4.5,24.780392129311178,48.915024849271802,0.11908474483335166,23.500000000000512,2.7497429920738852
3,0.00050000000000000001,4.6000000000000005,22.548038234030788,49.692090851100836,0.11678337560977595,23.800000000000523,2.8631208434731241
3,0.00050000000000000001,4.7000000000000002,20.213076474802254,50.219294178548928,0.1141347247237133,24.100000000000534,2.975504654681719
3,0.00050000000000000001,4.7999999999999998,17.804061938057213,50.486199915640178,0.11115573450203572,24.400000000000546,3.0864981522187591
3,0.00050000000000000001,4.9000000000000004,15.350282005463864,50.486720709489873,0.10786546031604213,24.700000000000557,3.1957113287379451
3,0.00050000000000000001,5,12.880926189811095,50.219118068054094,0.10428494869211671,25.000000000000568,3.3027634307744638
3,0.00050000000000000001,5.1000000000000005,10.445998208731352,49.691740129955122,0.10043710268577963,24.850000000000563,3.4063566847855271
3,0.00050000000000000001,5.2000000000000002,8.0910421692184382,48.925462603034099,0.096346535380292669,24.700000000000557,3.5053065218580519
3,0.00050000000000000001,5.2999999999999998,5.8345842678058428,47.941680282204132,0.09203941244691885,24.550000000000551,3.5994338348017076
3,0.00050000000000000001,5.4000000000000004,3.6906978022839385,46.762680858207602,0.087543284773922009,24.400000000000546,3.6885909030211077
3,0.00050000000000000001,5.5,1.6692433644361435,45.410906647180745,0.082886912234901439,24.25000000000054,3.7726619030517723
3,0.00050000000000000001,5.6000000000000005,-0.22378352699078885,43.90833425865948,0.078100079723743138,24.100000000000534,3.8515631970559072
3,0.00050000000000000001,5.7000000000000002,-1.9858315679822054,42.275979555776075,0.073213406632951922,23.950000000000529,3.9252434041301116
3,0.00050000000000000001,5.7999999999999998,-3.61733097857674,40.533526962797211,0.068258150994020134,23.800000000000523,3.9936832604365513
3,0.00050000000000000001,5.9000000000000004,-5.1212160835684468,38.699075654825194,0.06326600953270714,23.650000000000517,4.0568952750875598
3,0.00050000000000000001,6,-6.5024551760149096,36.78899050913919,0.05826891491815589,23.500000000000512,4.1149231894193887
3,0.00050000000000000001,6.1000000000000005,-7.7676043550400724,34.817842811816604,0.05329883150278894,23.350000000000506,4.1678412478207116
3,0.00050000000000000001,6.2000000000000002,-8.9243969348694474,32.798424376260698,0.048387550859531892,23.2000000000005,4.2157532886766189
3,0.00050000000000000001,6.2999999999999998,-9.9813754718937293,30.741818651430155,0.043566488424239547,23.050000000000495,4.2587916642938319
3,0.00050000000000000001,6.4000000000000004,-10.947569641821547,28.65751326358853,0.038866482544114844,22.900000000000489,4.2971159989312309
3,0.00050000000000000001,6.5,-11.832220200094877,26.553539946128026,0.034317597217525669,22.750000000000483,4.3309117943123976
3,0.00050000000000000001,6.6000000000000005,-12.64454706907491,24.436629704208805,0.029948929787012513,22.600000000000477,4.3603888922790563
3,0.00050000000000000001,6.7000000000000002,-13.393558146391927,22.312373120674714,0.025788424815593392,22.450000000000472,4.3857798045842653
3,0.00050000000000000001,6.7999999999999998,-14.087894612936601,20.185377775713242,0.021862695336924146,22.300000000000466,4.4073379202410354
3,0.00050000000000000001,6.9000000000000004,-14.735708210053387,18.059416713234871,0.0181968526227036,22.15000000000046,4.4253356013451564
3,0.00050000000000000001,7,-15.344566024014426,15.937563672330539,0.014814345556228296,22.000000000000455,4.44006217887953
3,0.00050000000000000001,7.1000000000000005,-15.921378640010856,13.822312375816534,0.011736810639562358,21.850000000000449,4.4518218606701332
3,0.00050000000000000001,7.2000000000000002,-16.472348000921535,11.715678516881709,0.0089839335937607866,21.700000000000443,4.4609315643806173
3,0.00050000000000000001,7.2999999999999998,-17.002931840304949,9.6192842116559234,0.0065733234374341148,21.550000000000438,4.4677186891746778
3,0.00050000000000000001,7.4000000000000004,-17.517822087373663,7.5344256012318853,0.0045203998491220787,21.400000000000432,4.4725188404086325
3,0.00050000000000000001,7.5,-18.020935117580798,5.4621250062878968,0.0028382945339718727,21.250000000000426,4.4756735224011104
3,0.00050000000000000001,7.6000000000000005,-18.515412118262315,3.4031695768841708,0.0015377672256391547,21.100000000000421,4.4775278149226008
3,0.00050000000000000001,7.7000000000000002,-19.003628143513819,1.3581387546584924,0.00062713686071094461,20.950000000000415,4.4784280495143314
3,0.00050000000000000001,7.7999999999999998,-19.487208648734448,-0.6725769108307077,0.00011222836590082686,20.800000000000409,4.478719502046884
3,0.00050000000000000001,7.9000000000000004,-19.967052435954137,-2.6887629611915984,-3.6646016038355129e-06,20.650000000000404,4.4787441180331804
3,0.00050000000000000001,8,-20.443360025934503,-4.6903716458756923,0.0002801992776920283,20.500000000000398,4.4788382870947325
3,0.00050000000000000001,8.0999999999999996,-20.915666525317533,-6.6775134969457319,0.00096200424367629033,20.350000000000392,4.4793306826298487
3,0.00050000000000000001,8.1999999999999993,-21.382878100303746,-8.6504476298684416,0.0020373890712978488,20.200000000000387,4.4805401821439759
3,0.00050000000000000001,8.3000000000000007,-21.843311223556459,-10.60956883709278,0.003499474967523866,20.050000000000381,4.4827738828824222
3,0.00050000000000000001,8.4000000000000004,-22.294733944754242,-12.555389893242291,0.0053389095721404038,19.900000000000375,4.4863252263708544
3,0.00050000000000000001,8.5,-22.73440855788991,-14.488517878315637,0.0075439267809421506,19.750000000000369,4.4914722442454691
3,0.00050000000000000001,8.5999999999999996,-23.159135203669763,-16.409623732015373,0.010100422008646047,19.600000000000364,4.4984759363771003
3,0.00050000000000000001,8.7000000000000011,-23.56529614992899,-18.319404664195751,0.012992042410103689,19.450000000000358,4.50757879080117
3,0.00050000000000000001,8.8000000000000007,-23.948900727225656,-20.218539452401643,0.016200291482704805,19.300000000000352,4.5190034534024033
3,0.00050000000000000001,8.9000000000000004,-24.305631145726707,-22.107637049744213,0.019704647380872346,19.150000000000347,4.53295155371414
3,0.00050000000000000001,9,-24.630889664168254,-23.987179300093167,0.023482694185841389,19.000000000000341,4.5496026916206205
3,0.00050000000000000001,9.0999999999999996,-24.924274983711229,-25.888125728813762,0.027510265291042217,19.467799053822528,4.5694414552161575
3,0.00050000000000000001,9.2000000000000011,-25.182385924949546,-27.840804008447687,0.031761597985911959,19.924617938620877,4.5930593034478147
3,0.00050000000000000001,9.3000000000000007,-25.395109662011588,-29.844351515204604,0.036209498249324172,20.371195350298233,4.620769096136895
3,0.00050000000000000001,9.4000000000000004,-25.551216960857605,-31.89738324863627,0.040825514698519992,20.808190695012687,4.6528678352738178
3,0.00050000000000000001,9.5,-25.63838141188447,-33.997748881932417,0.045580120580866239,21.236195516146775,4.6896336246826449
3,0.00050000000000000001,9.5999999999999996,-25.643234816156706,-36.142253374577919,0.050442902644309333,21.65574288728078,4.7313227836547496
3,0.00050000000000000001,9.7000000000000011,-25.551469007368478,-38.326343982172837,0.055382755678399558,22.067315196915384,4.77816712984463
3,0.00050000000000000001,9.8000000000000007,-25.347995790694462,-40.543769561390512,0.060368081481485862,22.471350649215811,4.8303714466068941
3,0.00050000000000000001,9.9000000000000004,-25.017177547095944,-42.786221813317908,0.065366990981377632,22.868248730499911,4.8881111497651597
3,0.00050000000000000001,10,-24.543141072345307,-45.042972506576831,0.070347508216579785,23.258374835744863,4.9515301685593256
3,0.00050000000000000001,10.1,-23.910186042093883,-47.300525647849049,0.075277774873328068,23.642064207678857,5.0207390552154614
3,0.00050000000000000001,10.200000000000001,-23.103296757451925,-49.542308770159856,0.080126254070071817,24.019625309317583,5.0958133372028778
3,0.00050000000000000001,10.300000000000001,-22.108761205052335,-51.748432584212352,0.084861932085898789,24.391342726467691,5.1767921257563385
3,0.00050000000000000001,10.4,-20.914894732198579,-53.895552614835566,0.089454516742505735,24.757479677867199,5.2636769936065075
3,0.00050000000000000001,10.5,-19.512856731122444,-55.956869395098401,0.093874631170767858,25.118280195905314,5.356431134036189
3,0.00050000000000000001,10.6,-17.897537835228952,-57.902304467970517,0.09809400172245139,25.473971029268462,5.4549788123182292
3,0.00050000000000000001,10.700000000000001,-16.068482766977784,-59.698886960861671,0.10208563882507107,25.824763309660888,5.5592051192544405
3,0.00050000000000000001,10.800000000000001,-14.030801031033878,-61.311379038848777,0.10582400962305263,26.170854017398941,5.668956034889403
3,0.00050000000000000001,10.9,-11.796005394541842,-62.703157523717543,0.10928520130087252,26.512427274770726,5.7840388084990639
3,0.00050000000000000001,11,-9.3827081522921745,-63.8373532071762,0.11244707404347307,26.849655491272273,5.9042226586442252
3,0.00050000000000000001,11.1,-6.8888690628092757,-64.659449905882425,0.11528940265552604,25.699655491272466,6.0257925580762528
3,0.00050000000000000001,11.200000000000001,-4.4269977909646201,-65.15364233167422,0.11779400593365943,24.549655491272659,6.1447971634065901
3,0.00050000000000000001,11.300000000000001,-2.0386593863005009,-65.346657116349789,0.11994486296411513,23.399655491272853,6.2606457474759214
3,0.00050000000000000001,11.4,0.24133888787901547,-65.270501591989799,0.12172821560192401,22.249655491273046,6.3727818347543241
3,0.00050000000000000001,11.5,2.3855024169823875,-64.960803969328467,0.12313265647608271,21.099655491273239,6.4806882076273276
3,0.00050000000000000001,11.6,4.3737691544556734,-64.455163579215707,0.12414920195780035,19.949655491273433,6.5838914457546922
3,0.00050000000000000001,11.700000000000001,6.1932398175861696,-63.79161922396387,0.12477134962506084,18.799655491273626,6.6819659543597147
3,0.00050000000000000001,11.800000000000001,7.8375882486861705,-63.007318588809724,0.12499511985593773,17.649655491273819,6.7745374423319413
3,0.00050000000000000001,11.9,9.3062359477151908,-62.137442439801582,0.12481908128459404,16.499655491274012,6.8612858167860598
3,0.00050000000000000001,12,10.603378591105935,-61.214407953810294,0.12424435995713615,15.349655491274003,6.9419474671206096
3,0.00050000000000000001,12.1,11.736947385600018,-60.26734924558118,0.12327463212876152,14.199655491273841,7.0163169185384033
3,0.00050000000000000001,12.200000000000001,12.717576704803639,-59.321852191304991,0.12191610074827477,13.049655491273679,7.0842478422792956
3,0.00050000000000000001,12.300000000000001,13.557634253828908,-58.399906086315511,0.12017745578037928,11.899655491273517,7.1456534173113333
3,0.00050000000000000001,12.4,14.270353491660511,-57.520026590482338,0.11806981861956092,10.749655491273355,7.2005060457574981
3,0.00050000000000000001,12.5,14.86909224405386,-56.697502111629284,0.11560667095111424,9.5996554912731931,7.2488364317312852
3,0.00050000000000000001,12.6,15.366727778738905,-55.944718081797831,0.11280376851436771,8.4496554912730311,7.2907320403542091
3,0.00050000000000000001,12.700000000000001,15.775187866657673,-55.27151912679409,0.10967904031971712,7.2996554912729774,7.3263349603880004
3,0.00050000000000000001,12.800000000000001,16.105109731598869,-54.68557658232519,0.10625247396414414,6.149655491272993,7.355839200013258
3,0.00050000000000000001,12.9,16.365614080992145,-54.192737019313249,0.10254598777880577,4.9996554912730087,7.3794874507330723
3,0.00050000000000000001,13,16.564179124097365,-53.797335513823349,0.098583290626513914,3.8496554912730243,7.397567359114074
3,0.00050000000000000001,13.1,16.732283365094744,-53.448240060303249,0.094389730245922426,3.8996554912729966,7.4127398318434947
3,0.00050000000000000001,13.200000000000001,16.897259112862756,-53.092136924102519,0.089992131112501345,3.9496554912729689,7.4274196830491697
3,0.00050000000000000001,13.300000000000001,17.059121775139001,-52.729126305623893,0.085418622853433795,3.9996554912729412,7.4415591355194666
3,0.00050000000000000001,13.4,17.217914265601376,-52.359314214240221,0.080698460314000769,4.0496554912730014,7.4551140219533965
3,0.00050000000000000001,13.5,17.373706686174497,-51.982811117201322,0.0758618364264039,4.0996554912730625,7.468044172487871
3,0.00050000000000000001,13.6,17.526595688276199,-51.599730645497417,0.070939689078032636,4.1496554912731236,7.4803137793771279
3,0.00050000000000000001,13.700000000000001,17.676703514742435,-51.210188377967569,0.065963503214572311,4.1996554912731847,7.4918917363904596
3,0.00050000000000000001,13.800000000000001,17.82417672784382,-50.814300720547358,0.060965109443792895,4.2496554912732458,7.5027519506275082
3,0.00050000000000000001,13.9,17.9691846321405,-50.412183892660671,0.055976480428280781,4.2996554912733069,7.5128736245689476
3,0.00050000000000000001,14,18.111917403902961,-50.003953027574269,0.051029526369513953,4.349655491273368,7.5222415062858996
3,0.00050000000000000001,14.1,18.2525839414647,-49.589721388239504,0.046155890891467696,4.3996554912734291,7.5308461058295633
3,0.00050000000000000001,14.200000000000001,18.391409453196868,-49.16959969495354,0.04138674862940693,4.4496554912734902,7.5386838759177399
3,0.00050000000000000001,14.300000000000001,18.528632801846417,-48.743695556275505,0.036752605818609133,4.4996554912735514,7.5457573551351755
3,0.00050000000000000001,14.4,18.664503625802432,-48.312112990230816,0.032283105158563766,4.5496554912736125,7.5520752719764506
3,0.00050000000000000001,14.5,18.799279259498867,-47.874952019103659,0.0280068362008534,4.5996554912736736,7.5576526081915683
3,0.00050000000000000001,14.6,18.933221476662425,-47.432308318213117,0.023951152473589674,4.6496554912737347,7.5625106200523389
3,0.00050000000000000001,14.700000000000001,19.066593081499114,-46.984272897132975,0.020141996512179464,4.6996554912737958,7.5666768163476661
3,0.00050000000000000001,14.800000000000001,19.199654374192487,-46.530931790948955,0.016603733915629946,4.7496554912738569,7.570184892143601
3,0.00050000000000000001,14.9,19.332659518252118,-46.072365739431227,0.013358997489865909,4.799655491273918,7.5730746176109767
3,0.00050000000000000001,15,19.465852838276291,-45.608649833465755,0.010428542475007706,4.8496554912739791,7.5753916815318885
3,0.00050000000000000001,15.1,19.59946507753277,-45.13985311073634,0.0078311137826642604,4.8996554912740402,7.5771874894432933
3,0.00050000000000000001,15.200000000000001,19.733709645363017,-44.666038086433396,0.0055833260924676728,4.9496554912741013,7.5785189167582763
3,0.00050000000000000001,15.300000000000001,19.868778884710867,-44.187260209598833,0.0036995575748233521,4.9996554912741624,7.579448017617441
3,0.00050000000000000001,15.4,20.004840390008113,-43.703567241467731,0.0021918579196857661,5.0496554912742235,7.5800416906547339
3,0.00050000000000000001,15.5,20.142033405161666,-43.214998558668725,0.0010698712596641264,5.0996554912742846,7.5803713033057267
3,0.00050000000000000001,15.6,20.280465330442645,-42.721584391188458,0.00034077448048501214,5.1496554912743457,7.5805122767293245
3,0.00050000000000000001,15.700000000000001,20.420208365670664,-42.223345012358266,9.2313134156673884e-06,5.1996554912744068,7.5805436338453944
3,0.00050000000000000001,15.800000000000001,20.561296315233804,-41.72028990552316,7.7362503299387473e-05,5.249655491274468,7.5805475133985638
3,0.00050000000000000001,15.9,20.703721578248587,-41.212416939236682,0.00054473224302576653,5.2996554912745291,7.5806086533315629
3,0.00050000000000000001,16,20.84743234464144,-40.699711589513726,0.0014083509612089784,5.3496554912745902,7.5808138470802637
3,0.00050000000000000001,16.100000000000001,20.992330015255835,-40.182146253601346,0.0026626944452424169,5.3996554912746513,7.5812513766786225
3,0.00050000000000000001,16.199999999999999,21.138266861429095,-39.659679704639828,0.0042997391774074068,5.4496554912747124,7.5820104267797106
3,0.00050000000000000001,16.300000000000001,21.285043937027165,-39.132256740260935,0.0063090136580055047,5.4996554912747735,7.583180483855509
3,0.00050000000000000001,16.399999999999999,21.432409253883506,-38.599808080403797,0.0086776653872216343,5.5496554912748346,7.5848507249327932
3,0.00050000000000000001,16.5,21.580056230160022,-38.062250570263181,0.011390543077261926,5.5996554912748957,7.5871094002575035
3,0.00050000000000000001,16.600000000000001,21.727622420525456,-37.519487743198304,0.014430293568890657,5.6496554912749568,7.5900432142603371
3,0.00050000000000000001,16.699999999999999,21.874688537383896,-36.971410795528925,0.01777747283243003,5.6996554912750179,7.5937367091292014
3,0.00050000000000000001,16.800000000000001,22.020777773789284,-36.417900020390917,0.021410670343194826,5.749655491275079,7.5982716551877836
3,0.00050000000000000001,16.899999999999999,22.165355441195349,-35.85882674118767,0.025306646035785377,5.7996554912751401,7.6037264521445147
3,0.00050000000000000001,17,22.307828938778457,-35.294055776679997,0.029440478961195532,5.8496554912752012,7.6101755451224768
3,0.00050000000000000001,17.100000000000001,22.44754807561339,-34.723448459445066,0.033785726695842955,5.8996554912752623,7.6176888592187399
3,0.00050000000000000001,17.199999999999999,22.583805772263169,-34.146866217371645,0.038314594482840941,5.9496554912753234,7.6263312561808254
3,0.00050000000000000001,17.300000000000001,22.715839174057713,-33.564174714152031,0.042998113023591328,5.9996554912753846,7.6361620166362352
3,0.00050000000000000001,17.400000000000002,22.842831214081404,-32.975248529502238,0.047806323782432159,6.0496554912754457,7.6472343511740961
3,0.00050000000000000001,17.5,22.963912669188051,-32.379976343275921,0.05270847061903236,6.0996554912755068,7.6595949434606512
3,0.00050000000000000001,17.600000000000001,23.0781647566678,-31.778266569949821,0.057673196522729592,6.1496554912755679,7.6732835284720071
3,0.00050000000000000001,17.699999999999999,23.184622321916919,-31.170053371446446,0.06266874419039016,6.199655491275629,7.6883325088483803
3,0.00050000000000000001,17.800000000000001,23.282277667999519,-30.555302957282517,0.067663159164774014,6.2496554912756901,7.7047666123085126
3,0.00050000000000000001,17.900000000000002,23.370085075755703,-29.934020062050877,0.072624494234010809,6.2996554912757512,7.7226025930046838
3,0.00050000000000000001,18,23.446966057569345,-29.306254471808231,0.07752101378473554,6.3496554912758123,7.7418489796388661
3,0.00050000000000000001,18.100000000000001,23.511815378622444,-28.672107453710851,0.082321396801711258,6.3996554912758734,7.7625058730885863
3,0.00050000000000000001,18.199999999999999,23.563507866141805,-28.031737927966411,0.086994937215442561,6.4496554912759345,7.7845647961950331
3,0.00050000000000000001,18.300000000000001,23.600906009672649,-27.385368208687215,0.091511740316230064,6.4996554912759956,7.8080085982343945
3,0.00050000000000000001,18.400000000000002,23.622868333910827,-26.733289131429231,0.095842913978294433,6.5496554912760567,7.8328114164144127
3,0.00050000000000000001,18.5,23.628258500458784,-26.075864380984715,0.099960753470783162,6.5996554912761178,7.8589386965013572
3,0.00050000000000000001,18.600000000000001,23.615955066690709,-25.413533834233068,0.10383891867350571,6.6496554912761789,7.8863472743797338
3,0.00050000000000000001,18.699999999999999,23.584861799653694,-24.746815740307401,0.10745260256381213,6.69965549127624,7.9149855199718484
3,0.00050000000000000001,18.800000000000001,23.533918411797224,-24.076307574599838,0.11077868989688001,6.7496554912763012,7.9447935444947575
3,0.00050000000000000001,18.900000000000002,23.462111554755651,-23.402685424556356,0.11379590506440231,6.7996554912763623,7.9757034715084876
3,0.00050000000000000001,19,23.368485879026451,-22.726701793839936,0.11648494818586998,6.8496554912764234,8.007639771617086
3,0.00050000000000000001,19.100000000000001,23.252154942907822,-22.049181746939915,0.11882861856194872,6.8996554912764845,8.0405196600322544
3,0.00050000000000000001,19.199999999999999,23.112311735199395,-21.371017357936896,0.12081192470025216,6.9496554912765456,8.0742535555099497
3,0.00050000000000000001,19.300000000000001,22.948238564525941,-20.693160473740146,0.12242218020973845,6.9996554912766067,8.1087455984406596
3,0.00050000000000000001,19.400000000000002,22.759316065077147,-20.016613852140761,0.12364908495031258,7.0496554912766678,8.143894225132069
3,0.00050000000000000001,19.5,22.545031075072224,-19.342420786563959,0.12448479091857602,7.0996554912767289,8.1795927945898441
3,0.00050000000000000001,19.600000000000001,22.304983160899731,-18.671653380291225,0.12492395244826494,7.14965549127679,8.2157302633999461
3,0.00050000000000000001,19.699999999999999,22.038889586658424,-18.005399680849667,0.12496376040427705,7.1996554912768511,8.2521919036650626
3,0.00050000000000000001,19.800000000000001,21.746588565155957,-17.344749927915366,0.12460396015154097,7.2496554912769122,8.288860058369881
3,0.00050000000000000001,19.900000000000002,21.428040671141996,-16.690782203289817,0.12384685318381757,7.2996554912769733,8.3256149280605776
3,0.00050000000000000001,20,21.083328348950914,-16.04454779741409,0.12269728240199408,7.3496554912770344,8.3623353823393849
