v0,T,s0,a,b,gap,speed,leader_speed,acceleration
30.000000000000000,1.5000000000000000,2.0000000000000000,1.2000000000000000,2.0000000000000000,8.3357951967115511,6.7419872618280348,19.611291132867336,1.1278599297522496
15.000000000000000,1.2000000000000000,1.5000000000000000,1.5000000000000000,2.5000000000000000,55.591646208472085,11.330633782792138,12.099667619448155,0.93152987485169181
40.000000000000000,0.80000000000000004,3.0000000000000000,0.80000000000000004,1.0000000000000000,105.02278393977323,34.707522659646351,37.955925084650517,0.34588147780393630
33.329999999999998,1.0000000000000000,2.0000000000000000,1.0000000000000000,1.5000000000000000,111.52630825311878,15.967499152307104,23.745874987070447,0.94700318861313193
30.000000000000000,1.5000000000000000,2.0000000000000000,1.2000000000000000,2.0000000000000000,45.825638141941745,7.0402424877695733,33.945937849581242,1.1940747321716660
15.000000000000000,1.2000000000000000,1.5000000000000000,1.5000000000000000,2.5000000000000000,83.517005273103720,0.99933717006817457,5.0861170515418053,1.4993887263370365
40.000000000000000,0.80000000000000004,3.0000000000000000,0.80000000000000004,1.0000000000000000,12.025131363410038,5.2602079426590356,25.479960311204195,0.74996951660116840
33.329999999999998,1.0000000000000000,2.0000000000000000,1.0000000000000000,1.5000000000000000,58.368869914663954,18.468668413770761,24.243652808723038,0.90454993509199322
30.000000000000000,1.5000000000000000,2.0000000000000000,1.2000000000000000,2.0000000000000000,67.781137214689522,0.064959642752073707,31.705549604259431,1.1989552231373890
15.000000000000000,1.2000000000000000,1.5000000000000000,1.5000000000000000,2.5000000000000000,120.81584773906508,12.294722656948725,4.1458120825700462,0.64064696025679480
40.000000000000000,0.80000000000000004,3.0000000000000000,0.80000000000000004,1.0000000000000000,63.636928896973842,16.717558326311408,47.040836155414581,0.77381355447559952
33.329999999999998,1.0000000000000000,2.0000000000000000,1.0000000000000000,1.5000000000000000,41.379049504031428,12.272432594091379,17.174758929639122,0.97928234172302475
30.000000000000000,1.5000000000000000,2.0000000000000000,1.2000000000000000,2.0000000000000000,103.51045786768199,27.419284425512888,12.256187260150909,-3.1586940820784326
15.000000000000000,1.2000000000000000,1.5000000000000000,1.5000000000000000,2.5000000000000000,85.296945292593449,9.4330285247135901,8.5059804632328451,1.2185294649430174
40.000000000000000,0.80000000000000004,3.0000000000000000,0.80000000000000004,1.0000000000000000,19.642632115620657,26.402818282647058,26.881673298776150,0.045063615549613911
33.329999999999998,1.0000000000000000,2.0000000000000000,1.0000000000000000,1.5000000000000000,65.541282654181131,29.528530370003690,36.931832356475290,0.38300448002003501
30.000000000000000,1.5000000000000000,2.0000000000000000,1.2000000000000000,2.0000000000000000,101.95494325582172,15.310465367089490,31.812735688872635,1.1181334724913452
15.000000000000000,1.2000000000000000,1.5000000000000000,1.5000000000000000,2.5000000000000000,119.05677606496728,9.0983340090187266,0.36985830869525671,1.1822604993971229
40.000000000000000,0.80000000000000004,3.0000000000000000,0.80000000000000004,1.0000000000000000,84.080425802047841,0.85535529990680514,33.853497639298439,0.79898137573670036
33.329999999999998,1.0000000000000000,2.0000000000000000,1.0000000000000000,1.5000000000000000,104.30629171261100,30.613878610676334,0.47876427689194673,-15.105513558353966
30.000000000000000,1.5000000000000000,2.0000000000000000,1.2000000000000000,2.0000000000000000,93.969132795003247,26.837884544015395,13.227763404138386,-3.0539118703765658
15.000000000000000,1.2000000000000000,1.5000000000000000,1.5000000000000000,2.5000000000000000,31.231909934685103,13.941544117532903,12.628845258615911,-0.42967687210046202
40.000000000000000,0.80000000000000004,3.0000000000000000,0.80000000000000004,1.0000000000000000,97.600981927500115,13.794610149655492,23.890943180769682,0.78792830527854740
33.329999999999998,1.0000000000000000,2.0000000000000000,1.0000000000000000,1.5000000000000000,89.124404713860727,8.7773601192310036,26.579764312237497,0.99468676164060776
30.000000000000000,1.5000000000000000,2.0000000000000000,1.2000000000000000,2.0000000000000000,63.421656154054219,1.3055922628473491,15.026335716247559,1.1988023502918361
15.000000000000000,1.2000000000000000,1.5000000000000000,1.5000000000000000,2.5000000000000000,11.974680103689899,5.0216175354178993,2.4135294263251126,0.23659894409474802
40.000000000000000,0.80000000000000004,3.0000000000000000,0.80000000000000004,1.0000000000000000,88.742221804403243,8.8557366532087336,17.003557305783033,0.79716375571439402
33.329999999999998,1.0000000000000000,2.0000000000000000,1.0000000000000000,1.5000000000000000,135.94659988843370,10.508289959876748,23.881522011615331,0.98990288475221877
30.000000000000000,1.5000000000000000,2.0000000000000000,1.2000000000000000,2.0000000000000000,70.864595364136633,18.487282545380292,17.319056684151292,0.70506726204900627
15.000000000000000,1.2000000000000000,1.5000000000000000,1.5000000000000000,2.5000000000000000,89.472653937283908,10.548761928352759,8.8213036581873894,1.0664389288595626
40.000000000000000,0.80000000000000004,3.0000000000000000,0.80000000000000004,1.0000000000000000,143.27643759807339,7.3008341546729207,43.389390684664249,0.79876141117223132
33.329999999999998,1.0000000000000000,2.0000000000000000,1.0000000000000000,1.5000000000000000,146.47644287420204,23.080643177901582,19.159440933681090,0.59071236349250300
30.000000000000000,1.5000000000000000,2.0000000000000000,1.2000000000000000,2.0000000000000000,121.55246552321363,8.5144605265371496,35.890122435986996,1.1918889409683298
15.000000000000000,1.2000000000000000,1.5000000000000000,1.5000000000000000,2.5000000000000000,3.5488067338382825,4.2046444031666033,3.3521354338154197,-5.1573077506744127
40.000000000000000,0.80000000000000004,3.0000000000000000,0.80000000000000004,1.0000000000000000,144.34066572470590,29.130759030058982,20.068104565143585,-0.58606720802197632
33.329999999999998,1.0000000000000000,2.0000000000000000,1.0000000000000000,1.5000000000000000,60.335238733375448,9.7964116113158806,35.685657214860427,0.99143797155407976
30.000000000000000,1.5000000000000000,2.0000000000000000,1.2000000000000000,2.0000000000000000,98.899280355332891,1.9004774630977772,11.402697153389454,1.1994899297980512
15.000000000000000,1.2000000000000000,1.5000000000000000,1.5000000000000000,2.5000000000000000,22.838130701412449,11.051278993429150,14.308134710881859,0.97205037218447188
40.000000000000000,0.80000000000000004,3.0000000000000000,0.80000000000000004,1.0000000000000000,80.172969126838737,26.191809212425724,17.178144246339798,-2.3731792115670927
33.329999999999998,1.0000000000000000,2.0000000000000000,1.0000000000000000,1.5000000000000000,5.9763402373739520,16.677697924969404,22.820369178858584,0.82531668506104638
30.000000000000000,1.5000000000000000,2.0000000000000000,1.2000000000000000,2.0000000000000000,41.019175053150391,3.6844377475767396,26.877651706337929,1.1968742142182591
15.000000000000000,1.2000000000000000,1.5000000000000000,1.5000000000000000,2.5000000000000000,60.644011258764657,8.8320644166728020,2.1281300322152674,1.0138061084550720
40.000000000000000,0.80000000000000004,3.0000000000000000,0.80000000000000004,1.0000000000000000,74.241436970699581,0.89190277090296155,20.478528052568436,0.79869351177986003
33.329999999999998,1.0000000000000000,2.0000000000000000,1.0000000000000000,1.5000000000000000,129.09267587255454,17.647363652638351,37.152149862913411,0.92116802096234918
30.000000000000000,1.5000000000000000,2.0000000000000000,1.2000000000000000,2.0000000000000000,75.552562009328980,29.523815481760536,7.7372289206832647,-13.476167194940347
15.000000000000000,1.2000000000000000,1.5000000000000000,1.5000000000000000,2.5000000000000000,109.36765244849958,5.7926045065128706,15.770994286984205,1.4663581705516586
40.000000000000000,0.80000000000000004,3.0000000000000000,0.80000000000000004,1.0000000000000000,99.273979780797390,5.6494264978822324,32.947708491235971,0.79895110774278877
33.329999999999998,1.0000000000000000,2.0000000000000000,1.0000000000000000,1.5000000000000000,20.990192976642867,10.850278025541986,29.206668794324617,0.97969012973161462
30.000000000000000,1.5000000000000000,2.0000000000000000,1.2000000000000000,2.0000000000000000,9.4890467709023518,16.050343851875514,34.625669972039759,1.0483734233623632
15.000000000000000,1.2000000000000000,1.5000000000000000,1.5000000000000000,2.5000000000000000,18.438300607446585,5.6717232160794078,2.6857122229412198,0.76006956032022566
40.000000000000000,0.80000000000000004,3.0000000000000000,0.80000000000000004,1.0000000000000000,26.388917051590980,20.730034758970142,25.290241722017527,0.73195086606272441
33.329999999999998,1.0000000000000000,2.0000000000000000,1.0000000000000000,1.5000000000000000,17.005142422670033,33.254304669027960,37.024191403887230,-0.0047790127088090158
30.000000000000000,1.5000000000000000,2.0000000000000000,1.2000000000000000,2.0000000000000000,21.832575147778265,24.970718637183307,31.734069800935686,0.61393273133709569
15.000000000000000,1.2000000000000000,1.5000000000000000,1.5000000000000000,2.5000000000000000,135.39482408224606,6.9784658088558347,17.364031939767301,1.4295465260320812
40.000000000000000,0.80000000000000004,3.0000000000000000,0.80000000000000004,1.0000000000000000,105.79547617765145,27.680900941640139,1.1326336674392223,-12.967837011129216
33.329999999999998,1.0000000000000000,2.0000000000000000,1.0000000000000000,1.5000000000000000,35.761025437829083,14.056257221992292,8.3389404355930150,-0.89874964662335577
30.000000000000000,1.5000000000000000,2.0000000000000000,1.2000000000000000,2.0000000000000000,136.91667011318262,20.057829844958615,7.5818619132041931,0.14497178455240622
15.000000000000000,1.2000000000000000,1.5000000000000000,1.5000000000000000,2.5000000000000000,101.78189563730966,3.6928587397327646,16.753441910259426,1.4941638914560411
40.000000000000000,0.80000000000000004,3.0000000000000000,0.80000000000000004,1.0000000000000000,24.256453194119970,26.748983708387243,45.379253525286913,0.62777795363134781
33.329999999999998,1.0000000000000000,2.0000000000000000,1.0000000000000000,1.5000000000000000,30.739013565634380,26.217440081034699,37.355315491930575,0.61292442009091186
30.000000000000000,1.5000000000000000,2.0000000000000000,1.2000000000000000,2.0000000000000000,62.963052360308360,20.904464348084293,8.7397159477695823,-3.1161492173001086
15.000000000000000,1.2000000000000000,1.5000000000000000,1.5000000000000000,2.5000000000000000,87.886772291830283,2.5612905363645404,17.808712568599731,1.4982879040669559
40.000000000000000,0.80000000000000004,3.0000000000000000,0.80000000000000004,1.0000000000000000,81.143374173890351,7.4447091042716060,27.317073717713356,0.79794654783841834
33.329999999999998,1.0000000000000000,2.0000000000000000,1.0000000000000000,1.5000000000000000,20.357021847367285,10.119187437377446,17.951880226621402,0.98185116020823737
30.000000000000000,1.5000000000000000,2.0000000000000000,1.2000000000000000,2.0000000000000000,142.46200968984513,12.682333936861250,24.047484154812992,1.1614375403197981
15.000000000000000,1.2000000000000000,1.5000000000000000,1.5000000000000000,2.5000000000000000,80.310952009253683,3.1582557227869983,13.608583456836641,1.4965288139983457
40.000000000000000,0.80000000000000004,3.0000000000000000,0.80000000000000004,1.0000000000000000,116.95011270094199,10.805853204019368,24.713963482528925,0.79521282923816494
33.329999999999998,1.0000000000000000,2.0000000000000000,1.0000000000000000,1.5000000000000000,12.895820738968906,12.603783498197892,30.405183166089465,0.95549885232481535
30.000000000000000,1.5000000000000000,2.0000000000000000,1.2000000000000000,2.0000000000000000,56.075527708504815,16.383013573370409,21.099907346069813,1.0917472233716796
15.000000000000000,1.2000000000000000,1.5000000000000000,1.5000000000000000,2.5000000000000000,136.05179755774560,10.931072982129407,12.624061534646899,1.0691190617214181
40.000000000000000,0.80000000000000004,3.0000000000000000,0.80000000000000004,1.0000000000000000,96.988137449580250,27.511931246593594,0.34628904238343239,-16.054662416934224
33.329999999999998,1.0000000000000000,2.0000000000000000,1.0000000000000000,1.5000000000000000,140.63054768727395,0.042087156301410869,1.4366940974425522,0.99979406185495123
30.000000000000000,1.5000000000000000,2.0000000000000000,1.2000000000000000,2.0000000000000000,14.943603594135494,6.3621629066183232,32.397743211127818,1.1760780861777915
15.000000000000000,1.2000000000000000,1.5000000000000000,1.5000000000000000,2.5000000000000000,44.325509099629706,0.78295375874382445,7.3925184966064990,1.4982710903644532
40.000000000000000,0.80000000000000004,3.0000000000000000,0.80000000000000004,1.0000000000000000,74.802897665523929,22.129055999564006,24.502528779208660,0.72377533625238522
33.329999999999998,1.0000000000000000,2.0000000000000000,1.0000000000000000,1.5000000000000000,65.926254642892175,9.5956977639856831,4.9314421205576506,0.78787982681984703
30.000000000000000,1.5000000000000000,2.0000000000000000,1.2000000000000000,2.0000000000000000,9.2480577787128269,1.8566477034729905,15.139121364802122,1.1438594875320729
15.000000000000000,1.2000000000000000,1.5000000000000000,1.5000000000000000,2.5000000000000000,51.028522751780692,11.872897092376370,11.427848227322102,0.74254262169725060
40.000000000000000,0.80000000000000004,3.0000000000000000,0.80000000000000004,1.0000000000000000,17.293499275739308,16.875925738541408,26.829627703875303,0.75057833279930319
33.329999999999998,1.0000000000000000,2.0000000000000000,1.0000000000000000,1.5000000000000000,8.8997982365568173,8.5078328263200653,29.683432529630135,0.94525348026473333
30.000000000000000,1.5000000000000000,2.0000000000000000,1.2000000000000000,2.0000000000000000,138.03733197384048,16.077893336950801,15.831512365490198,1.0537399028404311
15.000000000000000,1.2000000000000000,1.5000000000000000,1.5000000000000000,2.5000000000000000,57.463689174181781,0.35979166853008793,7.4338108277879655,1.4989774190661858
40.000000000000000,0.80000000000000004,3.0000000000000000,0.80000000000000004,1.0000000000000000,129.74586543957471,1.1662926331814378,42.361532013863325,0.79957171569954999
33.329999999999998,1.0000000000000000,2.0000000000000000,1.0000000000000000,1.5000000000000000,119.53999379885384,0.86886444318620715,24.099390896796248,0.99971961844155754
30.000000000000000,1.5000000000000000,2.0000000000000000,1.2000000000000000,2.0000000000000000,47.398509098030630,12.066925459275954,5.8063870752230287,0.11169411115876993
15.000000000000000,1.2000000000000000,1.5000000000000000,1.5000000000000000,2.5000000000000000,87.714472622228797,14.355727354158880,0.58335730992257595,-0.70763079144431018
40.000000000000000,0.80000000000000004,3.0000000000000000,0.80000000000000004,1.0000000000000000,112.42517768272432,0.23846480442211032,26.545810025185347,0.79943035262347717
33.329999999999998,1.0000000000000000,2.0000000000000000,1.0000000000000000,1.5000000000000000,117.42735795851566,25.613174164312490,8.7803025617301458,-2.3557301205240173
30.000000000000000,1.5000000000000000,2.0000000000000000,1.2000000000000000,2.0000000000000000,67.158969940671241,9.0456743223709051,0.10055060964077711,0.72780250656151657
15.000000000000000,1.2000000000000000,1.5000000000000000,1.5000000000000000,2.5000000000000000,127.25946124970682,4.5247290885366960,17.312200102955103,1.4873723182337319
40.000000000000000,0.80000000000000004,3.0000000000000000,0.80000000000000004,1.0000000000000000,146.23125978518510,35.649791770214215,17.491987299174070,-5.4942710964265657
33.329999999999998,1.0000000000000000,2.0000000000000000,1.0000000000000000,1.5000000000000000,132.52835045753048,12.200988474481610,3.2549379195543002,0.78544934852489945
30.000000000000000,1.5000000000000000,2.0000000000000000,1.2000000000000000,2.0000000000000000,86.521858737026349,24.471354366845915,33.936531728133559,0.66807295333852568
15.000000000000000,1.2000000000000000,1.5000000000000000,1.5000000000000000,2.5000000000000000,132.13519663594198,2.4667638993007128,1.3670162223279476,1.4966149643407911
40.000000000000000,0.80000000000000004,3.0000000000000000,0.80000000000000004,1.0000000000000000,115.75032830319601,33.007371339965616,33.846910234540701,0.41750701833157405
33.329999999999998,1.0000000000000000,2.0000000000000000,1.0000000000000000,1.5000000000000000,138.60781981602776,11.426924349630880,0.61195590082928530,0.77379096774080447
30.000000000000000,1.5000000000000000,2.0000000000000000,1.2000000000000000,2.0000000000000000,115.15685965580867,24.691935372047592,22.812899043783545,0.38530638240594989
15.000000000000000,1.2000000000000000,1.5000000000000000,1.5000000000000000,2.5000000000000000,94.705370817785166,3.1886283266020472,14.062653007451445,1.4965607448629630
40.000000000000000,0.80000000000000004,3.0000000000000000,0.80000000000000004,1.0000000000000000,133.76832286714577,31.001951626036316,17.937178306281567,-2.3780899250172332
33.329999999999998,1.0000000000000000,2.0000000000000000,1.0000000000000000,1.5000000000000000,5.0534174358565362,4.9398481670025429,22.960149735339915,0.84288218271012572
30.000000000000000,1.5000000000000000,2.0000000000000000,1.2000000000000000,2.0000000000000000,126.08702446292389,6.6017396983830254,2.4875150145962834,1.1649403318393614
15.000000000000000,1.2000000000000000,1.5000000000000000,1.5000000000000000,2.5000000000000000,96.585031188346917,10.877539166151546,1.9457584689371288,0.83254724284822346
40.000000000000000,0.80000000000000004,3.0000000000000000,0.80000000000000004,1.0000000000000000,121.42229159685785,11.087116499142722,2.9059851095080376,0.58280653486024425
33.329999999999998,1.0000000000000000,2.0000000000000000,1.0000000000000000,1.5000000000000000,90.604514762714984,19.151190295182317,34.721471162108699,0.89050889187485727
30.000000000000000,1.5000000000000000,2.0000000000000000,1.2000000000000000,2.0000000000000000,126.13887176734397,11.698403955213726,7.2836383664980531,1.0733327790286105
15.000000000000000,1.2000000000000000,1.5000000000000000,1.5000000000000000,2.5000000000000000,141.92502299590967,3.8613016135257201,3.7331317453645170,1.4904939015592316
40.000000000000000,0.80000000000000004,3.0000000000000000,0.80000000000000004,1.0000000000000000,114.01779179116014,23.988586448226126,27.695042800158262,0.69596324179649416
33.329999999999998,1.0000000000000000,2.0000000000000000,1.0000000000000000,1.5000000000000000,98.868529728739531,10.553980083631931,26.769943285508077,0.98953714076583721
30.000000000000000,1.5000000000000000,2.0000000000000000,1.2000000000000000,2.0000000000000000,115.19796090930468,23.488065908574498,23.972516119480133,0.64725314339965589
15.000000000000000,1.2000000000000000,1.5000000000000000,1.5000000000000000,2.5000000000000000,71.221943248715263,12.082017105503473,1.4411285030655563,0.15301995829114501
40.000000000000000,0.80000000000000004,3.0000000000000000,0.80000000000000004,1.0000000000000000,104.32221519610613,16.496644078223035,4.8413098454475403,-0.34761201664284314
33.329999999999998,1.0000000000000000,2.0000000000000000,1.0000000000000000,1.5000000000000000,43.274954285868446,21.741927970861838,26.997728153223168,0.81679221414860315
30.000000000000000,1.5000000000000000,2.0000000000000000,1.2000000000000000,2.0000000000000000,78.842493519843572,5.9927931718295442,17.248812220059335,1.1973170246013993
15.000000000000000,1.2000000000000000,1.5000000000000000,1.5000000000000000,2.5000000000000000,36.244079248369673,0.018632072199834510,14.914894307032228,1.4974307898143029
40.000000000000000,0.80000000000000004,3.0000000000000000,0.80000000000000004,1.0000000000000000,56.124895966905171,8.3080814739502973,46.606866482645273,0.79622543150358427
33.329999999999998,1.0000000000000000,2.0000000000000000,1.0000000000000000,1.5000000000000000,70.002023240786514,33.156874637971605,34.456663628948846,-0.042328666076846738
30.000000000000000,1.5000000000000000,2.0000000000000000,1.2000000000000000,2.0000000000000000,134.72688286323566,3.3973797687236220,14.515083770267665,1.1995381904872815
15.000000000000000,1.2000000000000000,1.5000000000000000,1.5000000000000000,2.5000000000000000,131.66671832031804,0.65294284249423074,16.893887973390520,1.4997999343024599
40.000000000000000,0.80000000000000004,3.0000000000000000,0.80000000000000004,1.0000000000000000,69.168846649888451,26.622830125652253,8.4299329183995724,-13.914200951991333
33.329999999999998,1.0000000000000000,2.0000000000000000,1.0000000000000000,1.5000000000000000,101.07662914919203,29.583809457311162,27.747916590582577,0.096452679061835411
30.000000000000000,1.5000000000000000,2.0000000000000000,1.2000000000000000,2.0000000000000000,36.345853430698625,22.462121693249792,34.183826152235270,0.81922928353262614
15.000000000000000,1.2000000000000000,1.5000000000000000,1.5000000000000000,2.5000000000000000,28.803297526063400,14.530959740668768,1.5532994479872286,-8.0900716425683132
40.000000000000000,0.80000000000000004,3.0000000000000000,0.80000000000000004,1.0000000000000000,99.688771367878658,38.136100791636856,24.937018733471632,-7.8433859085785613
33.329999999999998,1.0000000000000000,2.0000000000000000,1.0000000000000000,1.5000000000000000,103.06292146717665,28.367543876515622,31.045012216846455,0.47488159080005010
30.000000000000000,1.5000000000000000,2.0000000000000000,1.2000000000000000,2.0000000000000000,43.063655587106481,23.952138152285478,7.8591230325400829,-16.340063440458053
15.000000000000000,1.2000000000000000,1.5000000000000000,1.5000000000000000,2.5000000000000000,119.64966640386965,10.354104943766725,17.327203487511724,1.1592177101173928
40.000000000000000,0.80000000000000004,3.0000000000000000,0.80000000000000004,1.0000000000000000,43.727774793088905,19.057958748936652,24.373192269355059,0.75501002785735560
33.329999999999998,1.0000000000000000,2.0000000000000000,1.0000000000000000,1.5000000000000000,29.666627926651856,27.931021519041380,29.949875730056313,0.45255983617480539
30.000000000000000,1.5000000000000000,2.0000000000000000,1.2000000000000000,2.0000000000000000,31.059419248143676,11.555474966964685,35.441343999467790,1.1686094891886447
15.000000000000000,1.2000000000000000,1.5000000000000000,1.5000000000000000,2.5000000000000000,56.348312722356063,9.5417940695327701,5.7421412668190897,1.0192216336425162
40.000000000000000,0.80000000000000004,3.0000000000000000,0.80000000000000004,1.0000000000000000,125.51219806415263,5.5438371203932908,30.982186529785395,0.79924776989055313
33.329999999999998,1.0000000000000000,2.0000000000000000,1.0000000000000000,1.5000000000000000,103.00192231566646,9.7397465192158936,20.489087450285439,0.99233093032928721
30.000000000000000,1.5000000000000000,2.0000000000000000,1.2000000000000000,2.0000000000000000,115.56575235139580,25.443090254631823,28.006632288917899,0.54634072183438631
15.000000000000000,1.2000000000000000,1.5000000000000000,1.5000000000000000,2.5000000000000000,20.202102804463358,1.8107599172357003,3.0245940182358027,1.4642382213453757
40.000000000000000,0.80000000000000004,3.0000000000000000,0.80000000000000004,1.0000000000000000,27.149168536094948,4.1806948088575160,15.923183027654886,0.79013622516009763
33.329999999999998,1.0000000000000000,2.0000000000000000,1.0000000000000000,1.5000000000000000,80.902187438271952,4.2548987731866887,13.846867936832828,0.99912326933554363
30.000000000000000,1.5000000000000000,2.0000000000000000,1.2000000000000000,2.0000000000000000,110.23318008299685,27.888934376409743,6.0911804409697652,-5.3862713124909742
15.000000000000000,1.2000000000000000,1.5000000000000000,1.5000000000000000,2.5000000000000000,119.20602921962740,12.454485657219774,1.9513618466444314,0.52086728909459223
40.000000000000000,0.80000000000000004,3.0000000000000000,0.80000000000000004,1.0000000000000000,105.03549834646286,5.8209070304967465,37.814601916819811,0.79898861297258050
33.329999999999998,1.0000000000000000,2.0000000000000000,1.0000000000000000,1.5000000000000000,62.379259512824937,0.71359525267523016,5.7794578311759972,0.99897182196170498
30.000000000000000,1.5000000000000000,2.0000000000000000,1.2000000000000000,2.0000000000000000,67.694288372076130,0.17530602465150877,23.192897778935730,1.1989525392379374
15.000000000000000,1.2000000000000000,1.5000000000000000,1.5000000000000000,2.5000000000000000,12.198666891043541,2.8675383616250474,9.5701544797047973,1.4753163083327587
40.000000000000000,0.80000000000000004,3.0000000000000000,0.80000000000000004,1.0000000000000000,9.3138043630984626,12.060990712121129,21.379417117685080,0.71038721761777279
33.329999999999998,1.0000000000000000,2.0000000000000000,1.0000000000000000,1.5000000000000000,139.38936381692068,9.7341720250268864,3.8330292519712814,0.92900729768133350
30.000000000000000,1.5000000000000000,2.0000000000000000,1.2000000000000000,2.0000000000000000,110.53135370802369,8.7690523328538976,4.7099318811669946,1.1215236803794189
15.000000000000000,1.2000000000000000,1.5000000000000000,1.5000000000000000,2.5000000000000000,61.096155377149117,10.732182767355116,8.3256567036733031,0.92890917819555185
40.000000000000000,0.80000000000000004,3.0000000000000000,0.80000000000000004,1.0000000000000000,30.510063289916147,27.913239277834073,42.742156337946653,0.60255492177674708
33.329999999999998,1.0000000000000000,2.0000000000000000,1.0000000000000000,1.5000000000000000,19.250208786176522,11.497972007152244,30.451789327908305,0.97504320948472545
30.000000000000000,1.5000000000000000,2.0000000000000000,1.2000000000000000,2.0000000000000000,71.093472548872242,14.941781214354560,12.968303670175374,0.85283190869832071
15.000000000000000,1.2000000000000000,1.5000000000000000,1.5000000000000000,2.5000000000000000,89.372407695970040,1.8226133936969562,13.856935698073357,1.4992504935416775
40.000000000000000,0.80000000000000004,3.0000000000000000,0.80000000000000004,1.0000000000000000,107.98234656481306,1.1205478166788816,32.337986402213573,0.79938202151266291
33.329999999999998,1.0000000000000000,2.0000000000000000,1.0000000000000000,1.5000000000000000,96.061020520550670,24.273934610190004,39.909759353519412,0.71823431455265352
30.000000000000000,1.5000000000000000,2.0000000000000000,1.2000000000000000,2.0000000000000000,79.833962055556484,25.982825162024238,33.515912429429591,0.52403245324289738
15.000000000000000,1.2000000000000000,1.5000000000000000,1.5000000000000000,2.5000000000000000,142.25765401912619,12.629765797223662,5.0370974228717387,0.61897674193721675
40.000000000000000,0.80000000000000004,3.0000000000000000,0.80000000000000004,1.0000000000000000,122.38139571340523,17.285543196396901,37.655672986060381,0.77162068627994174
33.329999999999998,1.0000000000000000,2.0000000000000000,1.0000000000000000,1.5000000000000000,65.402232017575301,14.025087743170740,27.961692349872550,0.96771172012327888
30.000000000000000,1.5000000000000000,2.0000000000000000,1.2000000000000000,2.0000000000000000,131.29318550173659,3.9088315938203593,14.816966713406146,1.1993756967735838
15.000000000000000,1.2000000000000000,1.5000000000000000,1.5000000000000000,2.5000000000000000,33.857534982096404,1.2868301079946105,12.241468877065927,1.4969745807922690
40.000000000000000,0.80000000000000004,3.0000000000000000,0.80000000000000004,1.0000000000000000,17.188430092143825,9.4792264603637157,41.331719376146793,0.77310660351779059
33.329999999999998,1.0000000000000000,2.0000000000000000,1.0000000000000000,1.5000000000000000,136.25459151013288,2.6765431886738353,14.106750141598283,0.99974295761805199
30.000000000000000,1.5000000000000000,2.0000000000000000,1.2000000000000000,2.0000000000000000,69.357071397593259,29.889117422718552,16.483694546855986,-7.7229076922336395
15.000000000000000,1.2000000000000000,1.5000000000000000,1.5000000000000000,2.5000000000000000,112.15492207120407,1.4478009154403115,1.0815724167041481,1.4985120863481909
40.000000000000000,0.80000000000000004,3.0000000000000000,0.80000000000000004,1.0000000000000000,51.930729366086894,19.314836210226641,36.759895943105221,0.75383769294284164
33.329999999999998,1.0000000000000000,2.0000000000000000,1.0000000000000000,1.5000000000000000,149.09421388184185,13.743026123802995,38.753736208288927,0.97091403991608838
30.000000000000000,1.5000000000000000,2.0000000000000000,1.2000000000000000,2.0000000000000000,87.760961256036552,23.994136036662383,1.3564554853364825,-6.3795744561256740
15.000000000000000,1.2000000000000000,1.5000000000000000,1.5000000000000000,2.5000000000000000,148.86264492474496,5.7468154824699740,16.103904076851904,1.4675303868369531
40.000000000000000,0.80000000000000004,3.0000000000000000,0.80000000000000004,1.0000000000000000,48.260728989676572,28.671326721953228,47.871798980981112,0.58573431741670545
33.329999999999998,1.0000000000000000,2.0000000000000000,1.0000000000000000,1.5000000000000000,123.66929245848210,5.3132099662144618,32.300421820728104,0.99909267805565039
30.000000000000000,1.5000000000000000,2.0000000000000000,1.2000000000000000,2.0000000000000000,135.99897293176269,29.790202662767840,26.939931736327708,-0.32292920528473129
15.000000000000000,1.2000000000000000,1.5000000000000000,1.5000000000000000,2.5000000000000000,76.719121622894903,8.1882895228103738,5.7539132558740675,1.2976480020700105
40.000000000000000,0.80000000000000004,3.0000000000000000,0.80000000000000004,1.0000000000000000,84.487655816872149,27.936605198169129,15.701095383614302,-4.6401756837914565
33.329999999999998,1.0000000000000000,2.0000000000000000,1.0000000000000000,1.5000000000000000,62.786904672500683,32.054136518864574,39.288234111003575,0.14353446285944735
30.000000000000000,1.5000000000000000,2.0000000000000000,1.2000000000000000,2.0000000000000000,78.116360015552502,24.905773459689225,6.2756898337975144,-6.4030134983739462
15.000000000000000,1.2000000000000000,1.5000000000000000,1.5000000000000000,2.5000000000000000,78.129599840245220,1.5589851448999252,9.6872268179431558,1.4992720825087487
40.000000000000000,0.80000000000000004,3.0000000000000000,0.80000000000000004,1.0000000000000000,6.4268091488722714,10.383229816155508,7.8135941661894321,-12.521159231392430
33.329999999999998,1.0000000000000000,2.0000000000000000,1.0000000000000000,1.5000000000000000,121.14841914939463,17.543905134112606,30.446716502082531,0.92296236245969654
30.000000000000000,1.5000000000000000,2.0000000000000000,1.2000000000000000,2.0000000000000000,8.9683582702442077,11.732802834149915,18.518496768549085,1.1122479149922289
15.000000000000000,1.2000000000000000,1.5000000000000000,1.5000000000000000,2.5000000000000000,93.728936946478214,14.089901254900033,1.6625470658764243,-0.35882513658148646
40.000000000000000,0.80000000000000004,3.0000000000000000,0.80000000000000004,1.0000000000000000,131.31964322643819,36.437189488112928,37.176601465791464,0.23560776666907551
33.329999999999998,1.0000000000000000,2.0000000000000000,1.0000000000000000,1.5000000000000000,75.277068205391998,18.222038341457218,23.914534682021472,0.90995398606473743
30.000000000000000,1.5000000000000000,2.0000000000000000,1.2000000000000000,2.0000000000000000,59.507142684962602,15.151069988824892,11.375757750123739,0.48986165820480088
15.000000000000000,1.2000000000000000,1.5000000000000000,1.5000000000000000,2.5000000000000000,64.693922815758270,14.844602644726400,11.097896331455559,-0.34520332437299317
40.000000000000000,0.80000000000000004,3.0000000000000000,0.80000000000000004,1.0000000000000000,33.931423961471303,17.641271229945122,14.545733615756035,-0.80729138542274670
33.329999999999998,1.0000000000000000,2.0000000000000000,1.0000000000000000,1.5000000000000000,93.755788407486406,25.780050553833771,15.277312898042609,-1.5344332529778515
30.000000000000000,1.5000000000000000,2.0000000000000000,1.2000000000000000,2.0000000000000000,26.672706648639867,24.583500797634478,23.475291850045323,-3.1737742462592404
15.000000000000000,1.2000000000000000,1.5000000000000000,1.5000000000000000,2.5000000000000000,46.796801731386225,12.827794669732684,5.6675549726933241,-0.43183701886129544
40.000000000000000,0.80000000000000004,3.0000000000000000,0.80000000000000004,1.0000000000000000,130.31553795840591,37.099555396009237,37.213123630732298,0.16467659449228395
33.329999999999998,1.0000000000000000,2.0000000000000000,1.0000000000000000,1.5000000000000000,59.167700278416746,26.192892596684928,29.803843504398127,0.61744695416058437
30.000000000000000,1.5000000000000000,2.0000000000000000,1.2000000000000000,2.0000000000000000,15.010557846568991,23.498919750577770,29.546780685894191,0.72695742323696144
15.000000000000000,1.2000000000000000,1.5000000000000000,1.5000000000000000,2.5000000000000000,9.8641388085484500,3.9572192878543864,13.537768063601106,1.4580480491597156
40.000000000000000,0.80000000000000004,3.0000000000000000,0.80000000000000004,1.0000000000000000,136.48625953959998,13.335394501760602,22.643004700541496,0.78973084363879453
33.329999999999998,1.0000000000000000,2.0000000000000000,1.0000000000000000,1.5000000000000000,145.55084358682623,22.300646153722834,35.980859993208192,0.79939696776457814
30.000000000000000,1.5000000000000000,2.0000000000000000,1.2000000000000000,2.0000000000000000,9.5952682894701145,1.8371368616167456,32.545909040607512,1.1478484106191309
15.000000000000000,1.2000000000000000,1.5000000000000000,1.5000000000000000,2.5000000000000000,16.674210140570068,1.3668915184680372,12.246123808901757,1.4877575571374069
40.000000000000000,0.80000000000000004,3.0000000000000000,0.80000000000000004,1.0000000000000000,26.598255951367321,1.2835666455421597,14.106733281165361,0.78982200177080586
33.329999999999998,1.0000000000000000,2.0000000000000000,1.0000000000000000,1.5000000000000000,135.37890096401330,6.2338062076024148,31.201896887990642,0.99855805663211805
30.000000000000000,1.5000000000000000,2.0000000000000000,1.2000000000000000,2.0000000000000000,119.55696009429172,3.8608544500451534,0.37650778144598007,1.1873121081459681
15.000000000000000,1.2000000000000000,1.5000000000000000,1.5000000000000000,2.5000000000000000,56.763092772949022,3.5800586160505188,0.95736656337976456,1.4636736987616825
40.000000000000000,0.80000000000000004,3.0000000000000000,0.80000000000000004,1.0000000000000000,96.119500257989870,0.66368449559435250,18.589264456182718,0.79922063073424920
33.329999999999998,1.0000000000000000,2.0000000000000000,1.0000000000000000,1.5000000000000000,111.58875272146427,1.5996600880548264,0.35106559363100676,0.99842926480165295
30.000000000000000,1.5000000000000000,2.0000000000000000,1.2000000000000000,2.0000000000000000,54.695368902711202,20.700017625088801,4.1464862097054720,-7.3484989260022431
15.000000000000000,1.2000000000000000,1.5000000000000000,1.5000000000000000,2.5000000000000000,144.28823987600859,9.7541496671014460,14.989220028743148,1.2316223821888523
40.000000000000000,0.80000000000000004,3.0000000000000000,0.80000000000000004,1.0000000000000000,134.44403974185465,9.1513943105097866,43.233817063271999,0.79740987337662583
33.329999999999998,1.0000000000000000,2.0000000000000000,1.0000000000000000,1.5000000000000000,140.18142710980726,26.655653139223638,5.1130968150710681,-2.9312497200478096
30.000000000000000,1.5000000000000000,2.0000000000000000,1.2000000000000000,2.0000000000000000,146.12312282800906,2.0772622376494110,17.242137065157294,1.1997476120833734
15.000000000000000,1.2000000000000000,1.5000000000000000,1.5000000000000000,2.5000000000000000,119.42268687198872,6.0891199205839071,4.4296687999740243,1.4455602412265438
40.000000000000000,0.80000000000000004,3.0000000000000000,0.80000000000000004,1.0000000000000000,98.656192054850990,12.479861469212921,11.502480983734131,0.76018796292567381
33.329999999999998,1.0000000000000000,2.0000000000000000,1.0000000000000000,1.5000000000000000,59.450737357204780,26.959476775041985,23.239756841724734,-0.81045219933023560
30.000000000000000,1.5000000000000000,2.0000000000000000,1.2000000000000000,2.0000000000000000,106.21029179859907,20.696401247789616,17.878003897145391,0.64196820327844839
15.000000000000000,1.2000000000000000,1.5000000000000000,1.5000000000000000,2.5000000000000000,93.110050149508766,11.686133121518651,14.183504657819867,0.93636178390268088
40.000000000000000,0.80000000000000004,3.0000000000000000,0.80000000000000004,1.0000000000000000,103.29371457006783,34.644475505892188,19.335820063948631,-7.6772715477325315
33.329999999999998,1.0000000000000000,2.0000000000000000,1.0000000000000000,1.5000000000000000,111.70723948275672,27.946189256154458,13.304662182837722,-2.6040404456359827
30.000000000000000,1.5000000000000000,2.0000000000000000,1.2000000000000000,2.0000000000000000,116.76421027032194,13.906659270823001,16.155571293085814,1.1302458818312342
15.000000000000000,1.2000000000000000,1.5000000000000000,1.5000000000000000,2.5000000000000000,21.898580920628742,7.4831524079362861,2.1996302730403841,0.068310956612245066
40.000000000000000,0.80000000000000004,3.0000000000000000,0.80000000000000004,1.0000000000000000,89.046593833819514,0.61189320590347052,3.0915503315627575,0.79909193105152765
33.329999999999998,1.0000000000000000,2.0000000000000000,1.0000000000000000,1.5000000000000000,74.077708178039188,21.901986173770716,31.346671907340173,0.81280803721035866
30.000000000000000,1.5000000000000000,2.0000000000000000,1.2000000000000000,2.0000000000000000,106.18738649347333,14.142496643371414,15.452378500252962,1.1091228884731017
15.000000000000000,1.2000000000000000,1.5000000000000000,1.5000000000000000,2.5000000000000000,56.460412497222428,5.4903088018647397,12.378499432001263,1.4720188974908668
40.000000000000000,0.80000000000000004,3.0000000000000000,0.80000000000000004,1.0000000000000000,123.00405225066470,29.075174432890492,33.314311858266592,0.57619809846470782
33.329999999999998,1.0000000000000000,2.0000000000000000,1.0000000000000000,1.5000000000000000,103.54236399658957,21.442286010005574,36.148243075028986,0.82833253331686507
30.000000000000000,1.5000000000000000,2.0000000000000000,1.2000000000000000,2.0000000000000000,36.293788774001875,17.165395179872867,21.879534806124866,1.0677351419974377
15.000000000000000,1.2000000000000000,1.5000000000000000,1.5000000000000000,2.5000000000000000,121.63293963293546,14.756345461907330,8.5625441232696176,-0.090670779130458845
40.000000000000000,0.80000000000000004,3.0000000000000000,0.80000000000000004,1.0000000000000000,113.17378996891902,19.028083848617971,40.521987799555063,0.75847123402897965
33.329999999999998,1.0000000000000000,2.0000000000000000,1.0000000000000000,1.5000000000000000,10.307098580561579,20.837586527801239,37.112487571740516,0.80957444523075850
30.000000000000000,1.5000000000000000,2.0000000000000000,1.2000000000000000,2.0000000000000000,76.128973459100820,22.493602979192509,17.341518240049481,-0.28697999570346167
15.000000000000000,1.2000000000000000,1.5000000000000000,1.5000000000000000,2.5000000000000000,27.531849255259154,12.049083812594180,4.5347383953630924,-2.1865586790589346
40.000000000000000,0.80000000000000004,3.0000000000000000,0.80000000000000004,1.0000000000000000,64.323017766226556,14.360046110562980,46.192317768931389,0.78497137755382951
33.329999999999998,1.0000000000000000,2.0000000000000000,1.0000000000000000,1.5000000000000000,134.44294109177542,12.077937185620685,3.6763451862735668,0.81231295150080951
30.000000000000000,1.5000000000000000,2.0000000000000000,1.2000000000000000,2.0000000000000000,102.75106029960328,3.2523129297816191,1.2628655685111880,1.1906956618537252
15.000000000000000,1.2000000000000000,1.5000000000000000,1.5000000000000000,2.5000000000000000,94.852195943663844,0.24992831669398582,0.15582543471828103,1.4994561015448338
40.000000000000000,0.80000000000000004,3.0000000000000000,0.80000000000000004,1.0000000000000000,141.66981959950411,28.595615175515412,35.860603932291269,0.59068865300312001
33.329999999999998,1.0000000000000000,2.0000000000000000,1.0000000000000000,1.5000000000000000,125.07363029233414,4.1962289969726605,24.617067955532107,0.99949305745741779
30.000000000000000,1.5000000000000000,2.0000000000000000,1.2000000000000000,2.0000000000000000,107.78378593688133,21.143684993055647,1.4642921397462487,-2.0117840469273593
15.000000000000000,1.2000000000000000,1.5000000000000000,1.5000000000000000,2.5000000000000000,124.49712174934336,1.7435438477515708,12.275132716633379,1.4995084362045406
40.000000000000000,0.80000000000000004,3.0000000000000000,0.80000000000000004,1.0000000000000000,60.025467263229658,28.709250483512879,25.527712114155293,-0.72968166847565430
33.329999999999998,1.0000000000000000,2.0000000000000000,1.0000000000000000,1.5000000000000000,65.615011144455067,33.002637667595252,38.169879317776292,0.037783295655416195
30.000000000000000,1.5000000000000000,2.0000000000000000,1.2000000000000000,2.0000000000000000,99.024287753838593,26.535938430391251,11.014296239241958,-3.2711378445126638
15.000000000000000,1.2000000000000000,1.5000000000000000,1.5000000000000000,2.5000000000000000,67.100440919618137,8.9490978647454167,10.239190350752324,1.2814064458122381
40.000000000000000,0.80000000000000004,3.0000000000000000,0.80000000000000004,1.0000000000000000,57.123473171021324,39.313550760447981,37.815069962292910,-1.0596471412318635
33.329999999999998,1.0000000000000000,2.0000000000000000,1.0000000000000000,1.5000000000000000,81.954269693889671,25.140772483996709,11.120322574898600,-3.6794744033867097
30.000000000000000,1.5000000000000000,2.0000000000000000,1.2000000000000000,2.0000000000000000,61.378009194333572,19.768858425782526,35.417915825732052,0.97245814890039584
15.000000000000000,1.2000000000000000,1.5000000000000000,1.5000000000000000,2.5000000000000000,65.912295170505544,11.641045289168833,6.2047739499248564,0.60653075746396001
40.000000000000000,0.80000000000000004,3.0000000000000000,0.80000000000000004,1.0000000000000000,13.672157580011991,17.940747361807151,45.640303440392017,0.72910729741679503
33.329999999999998,1.0000000000000000,2.0000000000000000,1.0000000000000000,1.5000000000000000,30.026092343910136,8.4741678457998226,17.702384061075744,0.99138452074762873
30.000000000000000,1.5000000000000000,2.0000000000000000,1.2000000000000000,2.0000000000000000,60.670737822451628,17.462200153798332,33.181482682004571,1.0609458365735376
15.000000000000000,1.2000000000000000,1.5000000000000000,1.5000000000000000,2.5000000000000000,17.061603517297190,6.7554043956950771,8.4441431821323931,1.2096701440305959
40.000000000000000,0.80000000000000004,3.0000000000000000,0.80000000000000004,1.0000000000000000,58.861584736218212,21.096182448836043,42.880486596375704,0.73602547226708726
33.329999999999998,1.0000000000000000,2.0000000000000000,1.0000000000000000,1.5000000000000000,89.035722538561103,6.9299966117945129,33.875871386594135,0.99762649786318280
30.000000000000000,1.5000000000000000,2.0000000000000000,1.2000000000000000,2.0000000000000000,98.795059215081864,21.313992960553151,15.897180830128491,0.27040759893218180
15.000000000000000,1.2000000000000000,1.5000000000000000,1.5000000000000000,2.5000000000000000,85.845358752112375,8.5104182754352227,17.105690582189709,1.3441138168162048
40.000000000000000,0.80000000000000004,3.0000000000000000,0.80000000000000004,1.0000000000000000,119.01399679934374,27.487210388174280,10.445888835936785,-4.0255149232887195
33.329999999999998,1.0000000000000000,2.0000000000000000,1.0000000000000000,1.5000000000000000,72.387684206999850,30.033212646316588,37.965711332011963,0.33996269708954591
30.000000000000000,1.5000000000000000,2.0000000000000000,1.2000000000000000,2.0000000000000000,73.498527485223036,13.028464442691766,31.474118971265852,1.1564270482580488
15.000000000000000,1.2000000000000000,1.5000000000000000,1.5000000000000000,2.5000000000000000,105.82365034658463,3.1251088283280839,1.2337784660048783,1.4910234970485010
40.000000000000000,0.80000000000000004,3.0000000000000000,0.80000000000000004,1.0000000000000000,86.905223717696515,26.476307263942434,26.288879413157701,0.56947671820216550
33.329999999999998,1.0000000000000000,2.0000000000000000,1.0000000000000000,1.5000000000000000,148.49071984911336,20.987390185301397,11.622145405816845,0.35949487087288812
30.000000000000000,1.5000000000000000,2.0000000000000000,1.2000000000000000,2.0000000000000000,141.01238512399374,5.5547734787967054,14.424531337805092,1.1983481430486034
15.000000000000000,1.2000000000000000,1.5000000000000000,1.5000000000000000,2.5000000000000000,139.84028264839435,10.116663406903390,15.314890582580119,1.1894604929626456
40.000000000000000,0.80000000000000004,3.0000000000000000,0.80000000000000004,1.0000000000000000,53.914134269515053,23.490343148158864,27.632439605891705,0.70237328375556751
33.329999999999998,1.0000000000000000,2.0000000000000000,1.0000000000000000,1.5000000000000000,132.46428180810298,16.008238794904564,3.2728379746461282,0.36267780483351109
30.000000000000000,1.5000000000000000,2.0000000000000000,1.2000000000000000,2.0000000000000000,126.05215034526309,28.467533810476304,31.092179423198104,0.19503176025306002
15.000000000000000,1.2000000000000000,1.5000000000000000,1.5000000000000000,2.5000000000000000,17.622819781841248,0.28647036699810996,8.0386020010337234,1.4891324673986066
40.000000000000000,0.80000000000000004,3.0000000000000000,0.80000000000000004,1.0000000000000000,139.29943276782055,22.563311390066520,46.847428221255541,0.71863335949840845
33.329999999999998,1.0000000000000000,2.0000000000000000,1.0000000000000000,1.5000000000000000,132.71293246804504,30.168955373497511,38.150231922383412,0.32849887673546319
30.000000000000000,1.5000000000000000,2.0000000000000000,1.2000000000000000,2.0000000000000000,130.57021232297876,20.499136884750332,1.3284154878929257,-0.85414108911282827
15.000000000000000,1.2000000000000000,1.5000000000000000,1.5000000000000000,2.5000000000000000,51.982552371181086,1.8612759266153442,14.971308718901128,1.4983954049525849
40.000000000000000,0.80000000000000004,3.0000000000000000,0.80000000000000004,1.0000000000000000,103.44668910058216,34.416591883013027,29.226876161992550,-0.90926762652464033
33.329999999999998,1.0000000000000000,2.0000000000000000,1.0000000000000000,1.5000000000000000,55.683285168986771,1.9650778149946500,22.531417296767231,0.99869785578072490
30.000000000000000,1.5000000000000000,2.0000000000000000,1.2000000000000000,2.0000000000000000,127.75517906672556,2.1832738918159156,11.963668093085289,1.1996722461625202
15.000000000000000,1.2000000000000000,1.5000000000000000,1.5000000000000000,2.5000000000000000,50.578150120484644,1.2599583303742110,0.47642824798822403,1.4936675072454080
40.000000000000000,0.80000000000000004,3.0000000000000000,0.80000000000000004,1.0000000000000000,67.718034138386145,4.2539368084911260,43.293270807713270,0.79832758002234427
33.329999999999998,1.0000000000000000,2.0000000000000000,1.0000000000000000,1.5000000000000000,70.329081288117465,20.763703755466075,34.399460113325155,0.84857289106748945
30.000000000000000,1.5000000000000000,2.0000000000000000,1.2000000000000000,2.0000000000000000,33.391534681606572,23.596277300734073,35.102112703956664,0.73642281013624578
15.000000000000000,1.2000000000000000,1.5000000000000000,1.5000000000000000,2.5000000000000000,101.68514604232276,10.947407070508925,3.3912436128593981,0.88646969801857889
40.000000000000000,0.80000000000000004,3.0000000000000000,0.80000000000000004,1.0000000000000000,115.14186470821035,15.415303535051644,39.026180103421211,0.78181042688759561
33.329999999999998,1.0000000000000000,2.0000000000000000,1.0000000000000000,1.5000000000000000,96.751749895652765,22.077739546364487,30.930207057075570,0.80705210786105019
30.000000000000000,1.5000000000000000,2.0000000000000000,1.2000000000000000,2.0000000000000000,22.381026990576650,18.280252653874921,20.221361006610096,0.26113792985826956
15.000000000000000,1.2000000000000000,1.5000000000000000,1.5000000000000000,2.5000000000000000,71.176228101965975,10.920824297997168,10.291612948291004,0.99911411874930722
40.000000000000000,0.80000000000000004,3.0000000000000000,0.80000000000000004,1.0000000000000000,67.465510685171481,23.606173323551193,16.021647043526173,-1.9119007014869400
33.329999999999998,1.0000000000000000,2.0000000000000000,1.0000000000000000,1.5000000000000000,25.871357127896047,25.875703436213985,32.212698247234336,0.63075562932321327
30.000000000000000,1.5000000000000000,2.0000000000000000,1.2000000000000000,2.0000000000000000,90.705475825555638,27.521833621656988,16.614014793187380,-2.5157511640603234
15.000000000000000,1.2000000000000000,1.5000000000000000,1.5000000000000000,2.5000000000000000,111.94450989702484,1.1287211328686679,16.129281139466912,1.4996825882638547
40.000000000000000,0.80000000000000004,3.0000000000000000,0.80000000000000004,1.0000000000000000,73.128347969313623,35.229368980955336,31.578309193253517,-1.2710936872032850
33.329999999999998,1.0000000000000000,2.0000000000000000,1.0000000000000000,1.5000000000000000,50.806612401993483,16.645878942945536,11.881828644099643,-0.070659154177314165
30.000000000000000,1.5000000000000000,2.0000000000000000,1.2000000000000000,2.0000000000000000,133.67389519135699,9.9327715084841479,1.5440864246338606,1.0567938351890609
15.000000000000000,1.2000000000000000,1.5000000000000000,1.5000000000000000,2.5000000000000000,109.16160224882188,7.5562256543675899,12.975031840614974,1.4031237191878461
40.000000000000000,0.80000000000000004,3.0000000000000000,0.80000000000000004,1.0000000000000000,24.560121137786190,14.057262279633433,9.1307473182678223,-2.9319905798329837
33.329999999999998,1.0000000000000000,2.0000000000000000,1.0000000000000000,1.5000000000000000,71.716351007258069,26.663066391087931,19.293493050872346,-1.7145679933588673
30.000000000000000,1.5000000000000000,2.0000000000000000,1.2000000000000000,2.0000000000000000,129.39787985138130,27.815810948163271,31.949130065739155,0.30998576455729043
15.000000000000000,1.2000000000000000,1.5000000000000000,1.5000000000000000,2.5000000000000000,113.79800796273166,2.5718459146691020,16.701495769433677,1.4984430805268116
40.000000000000000,0.80000000000000004,3.0000000000000000,0.80000000000000004,1.0000000000000000,74.562647611417347,26.794815404824913,26.132752049714327,0.46910307914734961
33.329999999999998,1.0000000000000000,2.0000000000000000,1.0000000000000000,1.5000000000000000,107.51529240612641,1.8818220710947759,28.624776192636226,0.99964380355776505
30.000000000000000,1.5000000000000000,2.0000000000000000,1.2000000000000000,2.0000000000000000,109.09812166619116,20.176915196506307,0.063017805106937885,-1.7323967162755585
15.000000000000000,1.2000000000000000,1.5000000000000000,1.5000000000000000,2.5000000000000000,108.58450261924882,9.6444473171455325,17.370010105893016,1.2433624082194594
40.000000000000000,0.80000000000000004,3.0000000000000000,0.80000000000000004,1.0000000000000000,43.136971008917314,12.577059294451029,29.081368803977966,0.78831141844965558
33.329999999999998,1.0000000000000000,2.0000000000000000,1.0000000000000000,1.5000000000000000,120.40867359698285,21.903521972080476,27.795958205337634,0.81320876458352065
30.000000000000000,1.5000000000000000,2.0000000000000000,1.2000000000000000,2.0000000000000000,65.527471205675980,20.183071583791168,4.3796031894162297,-4.1557304652768554
15.000000000000000,1.2000000000000000,1.5000000000000000,1.5000000000000000,2.5000000000000000,28.051365372703881,11.249880482212173,7.1252960977144539,-0.36225635086097951
40.000000000000000,0.80000000000000004,3.0000000000000000,0.80000000000000004,1.0000000000000000,99.471491491061187,16.878531010821462,5.0658588297665119,-0.54921845974389116
33.329999999999998,1.0000000000000000,2.0000000000000000,1.0000000000000000,1.5000000000000000,112.34556749119891,19.035328591237846,14.916942683318627,0.67071877270818325
30.000000000000000,1.5000000000000000,2.0000000000000000,1.2000000000000000,2.0000000000000000,80.896766587039465,10.116603019859175,14.680649274028838,1.1835348688292746
15.000000000000000,1.2000000000000000,1.5000000000000000,1.5000000000000000,2.5000000000000000,143.49914901860990,5.5205268200102724,11.781517518684268,1.4723161084294483
40.000000000000000,0.80000000000000004,3.0000000000000000,0.80000000000000004,1.0000000000000000,72.402280801106258,4.6602429201453921,1.8079773969948292,0.76925850630108727
33.329999999999998,1.0000000000000000,2.0000000000000000,1.0000000000000000,1.5000000000000000,41.904735384222583,18.109708848034938,9.3062558383243150,-3.2205936856111883
30.000000000000000,1.5000000000000000,2.0000000000000000,1.2000000000000000,2.0000000000000000,117.04339430795052,10.036631523559334,26.692672306671739,1.1846165272569686
15.000000000000000,1.2000000000000000,1.5000000000000000,1.5000000000000000,2.5000000000000000,8.9046299874316901,1.8324674686614888,9.8645385531708598,1.4571019444821722
40.000000000000000,0.80000000000000004,3.0000000000000000,0.80000000000000004,1.0000000000000000,105.43073607627770,15.736294331951067,19.175787493586540,0.78018942277209524
33.329999999999998,1.0000000000000000,2.0000000000000000,1.0000000000000000,1.5000000000000000,54.045727136288768,8.7528022620561572,39.806869199965142,0.99387451932821447
30.000000000000000,1.5000000000000000,2.0000000000000000,1.2000000000000000,2.0000000000000000,89.510403509458996,2.2918225763901137,13.453165831044316,1.1993600355873493
15.000000000000000,1.2000000000000000,1.5000000000000000,1.5000000000000000,2.5000000000000000,8.1890718687977646,3.4413599237683230,6.9250926850363612,1.3522014267427158
40.000000000000000,0.80000000000000004,3.0000000000000000,0.80000000000000004,1.0000000000000000,73.492287371216818,6.9089843878615653,38.849027384072542,0.79795489818153165
33.329999999999998,1.0000000000000000,2.0000000000000000,1.0000000000000000,1.5000000000000000,65.669313068641358,26.973751875514800,28.581863445094783,0.54160500047476556
30.000000000000000,1.5000000000000000,2.0000000000000000,1.2000000000000000,2.0000000000000000,91.653860715804626,1.0001443426287733,12.975341577082872,1.1994271183542675
15.000000000000000,1.2000000000000000,1.5000000000000000,1.5000000000000000,2.5000000000000000,116.01885241106386,8.9420266458392135,4.6233686772175133,1.2556323670987870
40.000000000000000,0.80000000000000004,3.0000000000000000,0.80000000000000004,1.0000000000000000,142.73314723013434,26.284165625832976,27.127387907356024,0.64553053522312742
33.329999999999998,1.0000000000000000,2.0000000000000000,1.0000000000000000,1.5000000000000000,83.843333908917856,10.480497618617783,19.024973329849537,0.98965441952383926
30.000000000000000,1.5000000000000000,2.0000000000000000,1.2000000000000000,2.0000000000000000,74.763828671851670,26.522573795013596,30.897145268507302,0.46286922807106196
15.000000000000000,1.2000000000000000,1.5000000000000000,1.5000000000000000,2.5000000000000000,53.191674126076975,14.175076402723789,16.329542772844434,0.24388666323378361
40.000000000000000,0.80000000000000004,3.0000000000000000,0.80000000000000004,1.0000000000000000,110.71942353442080,15.526603681957349,1.0758720561861992,-0.51279256870672851
33.329999999999998,1.0000000000000000,2.0000000000000000,1.0000000000000000,1.5000000000000000,93.099068116927526,28.837109666769091,14.630018562650307,-4.0877421289195865
30.000000000000000,1.5000000000000000,2.0000000000000000,1.2000000000000000,2.0000000000000000,84.535649149355024,15.197235570119227,31.327599632553756,1.1203051220758573
15.000000000000000,1.2000000000000000,1.5000000000000000,1.5000000000000000,2.5000000000000000,55.227290738003795,2.2689213829964863,6.0958436625078321,1.4972852287480878
40.000000000000000,0.80000000000000004,3.0000000000000000,0.80000000000000004,1.0000000000000000,132.67081995529588,1.6144632808864117,29.059294827282429,0.79958882197137937
33.329999999999998,1.0000000000000000,2.0000000000000000,1.0000000000000000,1.5000000000000000,118.00723725903781,29.238032116470048,36.172764432200225,0.40753608172781713
30.000000000000000,1.5000000000000000,2.0000000000000000,1.2000000000000000,2.0000000000000000,68.335126957814225,17.342879108560737,18.857806728221476,0.96791335527183731
15.000000000000000,1.2000000000000000,1.5000000000000000,1.5000000000000000,2.5000000000000000,27.234487416695341,7.4576583118143027,2.0126506243832409,0.52210776722688301
40.000000000000000,0.80000000000000004,3.0000000000000000,0.80000000000000004,1.0000000000000000,67.119005696291580,24.837534739030527,28.847363770008087,0.67947380126616719
33.329999999999998,1.0000000000000000,2.0000000000000000,1.0000000000000000,1.5000000000000000,147.58314281435219,13.714090918941947,22.614976933683266,0.97115300874895916
30.000000000000000,1.5000000000000000,2.0000000000000000,1.2000000000000000,2.0000000000000000,131.32387958503793,25.181492406805045,11.336132797412574,-1.0096030373035858
15.000000000000000,1.2000000000000000,1.5000000000000000,1.5000000000000000,2.5000000000000000,137.08677956307540,3.9609386036416980,15.557347705587745,1.4925272006950403
40.000000000000000,0.80000000000000004,3.0000000000000000,0.80000000000000004,1.0000000000000000,64.612703072724400,5.9947175512276587,16.175942692905664,0.79787179144102982
33.329999999999998,1.0000000000000000,2.0000000000000000,1.0000000000000000,1.5000000000000000,16.060988528102172,24.557706117673089,21.051207387596367,-14.058692492077869
30.000000000000000,1.5000000000000000,2.0000000000000000,1.2000000000000000,2.0000000000000000,17.847229335140440,19.578559848549776,19.612439294345677,-2.6741375646366334
15.000000000000000,1.2000000000000000,1.5000000000000000,1.5000000000000000,2.5000000000000000,58.525315985465426,13.132835246053292,3.5268016601912677,-0.46886660956000459
40.000000000000000,0.80000000000000004,3.0000000000000000,0.80000000000000004,1.0000000000000000,97.489891789162073,2.4825247108284385,41.889349278062582,0.79923057720219659
33.329999999999998,1.0000000000000000,2.0000000000000000,1.0000000000000000,1.5000000000000000,92.746011973887221,28.282853876355926,32.762295653552741,0.48103151567910829
30.000000000000000,1.5000000000000000,2.0000000000000000,1.2000000000000000,2.0000000000000000,140.90901974803302,20.487839762486981,27.629294657148421,0.93873397402805947
15.000000000000000,1.2000000000000000,1.5000000000000000,1.5000000000000000,2.5000000000000000,16.635549134993926,10.420410200919722,8.6658968953415751,-0.74983785124887259
40.000000000000000,0.80000000000000004,3.0000000000000000,0.80000000000000004,1.0000000000000000,101.60670293596574,22.787356032561512,29.874409116804600,0.71504175280284110
33.329999999999998,1.0000000000000000,2.0000000000000000,1.0000000000000000,1.5000000000000000,148.92822668937967,2.9495392147589055,31.115363435036500,0.99975832388230768
30.000000000000000,1.5000000000000000,2.0000000000000000,1.2000000000000000,2.0000000000000000,34.529447311449331,17.323642401834949,0.19579264149069786,-14.346710368460919
15.000000000000000,1.2000000000000000,1.5000000000000000,1.5000000000000000,2.5000000000000000,15.247070457751398,5.5927086737018543,4.7537608318962157,0.89812284812471377
40.000000000000000,0.80000000000000004,3.0000000000000000,0.80000000000000004,1.0000000000000000,134.69227279979970,16.956176729025319,41.521822337061167,0.77377090932983661
33.329999999999998,1.0000000000000000,2.0000000000000000,1.0000000000000000,1.5000000000000000,87.660606043715973,14.257409433592899,13.556268951977602,0.91268698900255074
30.000000000000000,1.5000000000000000,2.0000000000000000,1.2000000000000000,2.0000000000000000,25.411237415727228,9.6079996085143637,12.086832012981176,1.0458992800835250
15.000000000000000,1.2000000000000000,1.5000000000000000,1.5000000000000000,2.5000000000000000,15.765318713323214,2.3726809611730277,4.3388441945426166,1.4394547697518085
40.000000000000000,0.80000000000000004,3.0000000000000000,0.80000000000000004,1.0000000000000000,120.87668455305278,24.773612831421197,6.1408722773194313,-3.6367632434233572
33.329999999999998,1.0000000000000000,2.0000000000000000,1.0000000000000000,1.5000000000000000,64.294088276680569,3.1704311295449359,26.998078137184489,0.99895047951125149
30.000000000000000,1.5000000000000000,2.0000000000000000,1.2000000000000000,2.0000000000000000,110.52764238688863,27.715864549458491,35.053145122714341,0.32540880349914048
15.000000000000000,1.2000000000000000,1.5000000000000000,1.5000000000000000,2.5000000000000000,65.845466728501492,4.1921536808030213,17.450683459639549,1.4900704297389473
40.000000000000000,0.80000000000000004,3.0000000000000000,0.80000000000000004,1.0000000000000000,148.66433447905584,7.9838788920175290,20.546467501670122,0.79840451049330108
33.329999999999998,1.0000000000000000,2.0000000000000000,1.0000000000000000,1.5000000000000000,121.01884008273484,2.2986027329949241,18.881539523016659,0.99970425853937561
30.000000000000000,1.5000000000000000,2.0000000000000000,1.2000000000000000,2.0000000000000000,56.453407218153593,5.0741874648956582,34.383952438831329,1.1975117605288936
15.000000000000000,1.2000000000000000,1.5000000000000000,1.5000000000000000,2.5000000000000000,63.944196939815306,4.4660727674339427,3.2844796492718160,1.4634137970533383
40.000000000000000,0.80000000000000004,3.0000000000000000,0.80000000000000004,1.0000000000000000,80.104440977224158,24.731433013686910,19.593442551791668,-0.41430067173334117
33.329999999999998,1.0000000000000000,2.0000000000000000,1.0000000000000000,1.5000000000000000,117.18831607472852,1.7161454716737241,29.996523881010706,0.99970170424342220
30.000000000000000,1.5000000000000000,2.0000000000000000,1.2000000000000000,2.0000000000000000,42.594730041094593,10.732780172741041,28.562422994524240,1.1776961035648330
15.000000000000000,1.2000000000000000,1.5000000000000000,1.5000000000000000,2.5000000000000000,14.700172921540217,7.8765225561673287,5.0094923749566078,-0.56910777802572521
40.000000000000000,0.80000000000000004,3.0000000000000000,0.80000000000000004,1.0000000000000000,43.056874435762879,8.2823443770781164,46.796696998178959,0.79464579005250136
33.329999999999998,1.0000000000000000,2.0000000000000000,1.0000000000000000,1.5000000000000000,33.031716739560942,1.7278243966762419,24.542615910183635,0.99632673377766678
30.000000000000000,1.5000000000000000,2.0000000000000000,1.2000000000000000,2.0000000000000000,72.247573306141433,13.525697065719868,26.055386904627085,1.1494971746815668
15.000000000000000,1.2000000000000000,1.5000000000000000,1.5000000000000000,2.5000000000000000,14.025342445462011,3.9798770943854467,9.0262304074130952,1.4754090864156175
40.000000000000000,0.80000000000000004,3.0000000000000000,0.80000000000000004,1.0000000000000000,91.363160697114665,21.833281847974288,38.584468189626932,0.72812635999622100
33.329999999999998,1.0000000000000000,2.0000000000000000,1.0000000000000000,1.5000000000000000,116.25205181282480,23.648241188997105,5.1874849315183234,-2.3290028885832479
30.000000000000000,1.5000000000000000,2.0000000000000000,1.2000000000000000,2.0000000000000000,93.704138608337388,12.286828907048330,14.398793983273208,1.1463746000164325
15.000000000000000,1.2000000000000000,1.5000000000000000,1.5000000000000000,2.5000000000000000,148.28623727421277,10.240625661219237,2.6377787548117340,1.0957829952421070
40.000000000000000,0.80000000000000004,3.0000000000000000,0.80000000000000004,1.0000000000000000,77.362945752318495,16.972162869684400,24.059773609042168,0.77286722041440414
33.329999999999998,1.0000000000000000,2.0000000000000000,1.0000000000000000,1.5000000000000000,117.89355009635446,22.304882018555823,21.739602596028707,0.73702296793775002
30.000000000000000,1.5000000000000000,2.0000000000000000,1.2000000000000000,2.0000000000000000,103.93608961738414,15.275219953064806,4.2081940658390522,0.41772958777716451
15.000000000000000,1.2000000000000000,1.5000000000000000,1.5000000000000000,2.5000000000000000,17.314573491539342,11.708777338522486,12.875329483766109,0.21974929834540657
40.000000000000000,0.80000000000000004,3.0000000000000000,0.80000000000000004,1.0000000000000000,69.437944643746604,25.865498242964968,15.540183093398809,-4.3050181333761213
33.329999999999998,1.0000000000000000,2.0000000000000000,1.0000000000000000,1.5000000000000000,123.50171950405465,11.155490247730384,21.388341053098436,0.98718862754391723
30.000000000000000,1.5000000000000000,2.0000000000000000,1.2000000000000000,2.0000000000000000,145.13120676988504,26.289135854984632,27.304722153581679,0.43102293114702883
15.000000000000000,1.2000000000000000,1.5000000000000000,1.5000000000000000,2.5000000000000000,35.974435638955327,7.0668412292841820,9.1629196177236736,1.3821847357524641
40.000000000000000,0.80000000000000004,3.0000000000000000,0.80000000000000004,1.0000000000000000,56.768416447588244,15.818262098981068,13.513712726533413,0.45812224170690030
33.329999999999998,1.0000000000000000,2.0000000000000000,1.0000000000000000,1.5000000000000000,149.17374669092706,1.0670106364388159,1.1501224284935740,0.99958615726063293
30.000000000000000,1.5000000000000000,2.0000000000000000,1.2000000000000000,2.0000000000000000,125.61564054137563,5.5520717761153353,3.0948077123612165,1.1820887005408760
15.000000000000000,1.2000000000000000,1.5000000000000000,1.5000000000000000,2.5000000000000000,52.614871271327139,4.4704217022412918,6.1989507568068802,1.4753189460205303
40.000000000000000,0.80000000000000004,3.0000000000000000,0.80000000000000004,1.0000000000000000,137.60686658059944,0.37776110328733919,3.3976166993379593,0.79961975846585764
33.329999999999998,1.0000000000000000,2.0000000000000000,1.0000000000000000,1.5000000000000000,58.880854504122404,27.766844413042332,32.455351049727753,0.51715933081640764
30.000000000000000,1.5000000000000000,2.0000000000000000,1.2000000000000000,2.0000000000000000,109.52811799983961,20.753742563200650,28.911978632211685,0.92475862187129931
15.000000000000000,1.2000000000000000,1.5000000000000000,1.5000000000000000,2.5000000000000000,141.20321386741008,6.5632919079065317,15.284736178815365,1.4448496687675854
40.000000000000000,0.80000000000000004,3.0000000000000000,0.80000000000000004,1.0000000000000000,53.382388710710224,6.0494761656504128,17.058969005942345,0.79705487530429608
33.329999999999998,1.0000000000000000,2.0000000000000000,1.0000000000000000,1.5000000000000000,126.56942746954971,6.9932714649447796,35.045687185278155,0.99781219095394924
30.000000000000000,1.5000000000000000,2.0000000000000000,1.2000000000000000,2.0000000000000000,92.158663376849162,25.043178959302605,19.415487477555871,-0.40476229127187280
15.000000000000000,1.2000000000000000,1.5000000000000000,1.5000000000000000,2.5000000000000000,86.170278297283232,2.5140620691259392,8.0109077403321862,1.4983618051280370
40.000000000000000,0.80000000000000004,3.0000000000000000,0.80000000000000004,1.0000000000000000,18.140124179315755,7.2724808999430390,35.032677143812180,0.77724562609373915
33.329999999999998,1.0000000000000000,2.0000000000000000,1.0000000000000000,1.5000000000000000,26.069103664120192,23.787243409779109,18.062123675158244,-9.0055374572038467
30.000000000000000,1.5000000000000000,2.0000000000000000,1.2000000000000000,2.0000000000000000,110.32943089321024,25.413974167462438,22.597796299494803,0.18799042977059238
15.000000000000000,1.2000000000000000,1.5000000000000000,1.5000000000000000,2.5000000000000000,125.90415891378653,8.2417160809587227,1.8851357214152813,1.3045423926656512
40.000000000000000,0.80000000000000004,3.0000000000000000,0.80000000000000004,1.0000000000000000,144.49218102184591,18.551735473796725,36.766244262456894,0.76263924936417438
33.329999999999998,1.0000000000000000,2.0000000000000000,1.0000000000000000,1.5000000000000000,32.238833069319369,27.995934146690516,20.293325216394848,-12.901823142849381
30.000000000000000,1.5000000000000000,2.0000000000000000,1.2000000000000000,2.0000000000000000,59.541136953164823,5.9682275840803047,14.688708985224366,1.1967663831901652
15.000000000000000,1.2000000000000000,1.5000000000000000,1.5000000000000000,2.5000000000000000,142.72361884145764,4.1129219397506676,9.3822815925814211,1.4913556384259206
40.000000000000000,0.80000000000000004,3.0000000000000000,0.80000000000000004,1.0000000000000000,105.53620444600006,27.560319797750562,35.782462298870087,0.61905716757078777
33.329999999999998,1.0000000000000000,2.0000000000000000,1.0000000000000000,1.5000000000000000,34.345622622699011,4.8627261428049158,31.956667104578575,0.99615599941969668
30.000000000000000,1.5000000000000000,2.0000000000000000,1.2000000000000000,2.0000000000000000,13.575997364711949,7.1001790784066543,0.17635178938508034,-4.0984121601987278
15.000000000000000,1.2000000000000000,1.5000000000000000,1.5000000000000000,2.5000000000000000,29.240025257230741,7.9714045270951459,10.410100973211229,1.3162241311599916
40.000000000000000,0.80000000000000004,3.0000000000000000,0.80000000000000004,1.0000000000000000,113.30645679504612,38.860111186131839,44.949261590838432,0.086805773924983273
33.329999999999998,1.0000000000000000,2.0000000000000000,1.0000000000000000,1.5000000000000000,99.857479865506775,24.474009474440173,9.4384256521314374,-2.4219885887473964
30.000000000000000,1.5000000000000000,2.0000000000000000,1.2000000000000000,2.0000000000000000,42.377842859707307,13.836620466385503,32.792053249664605,1.1430251534394138
15.000000000000000,1.2000000000000000,1.5000000000000000,1.5000000000000000,2.5000000000000000,111.37285033250694,5.4865419209876558,12.716342734638602,1.4728793463992451
40.000000000000000,0.80000000000000004,3.0000000000000000,0.80000000000000004,1.0000000000000000,57.679398375370077,10.298224861314521,14.979167651385069,0.79432104061271680
33.329999999999998,1.0000000000000000,2.0000000000000000,1.0000000000000000,1.5000000000000000,145.39225443461677,1.3363123552905767,10.951376629329285,0.99980819147447997
30.000000000000000,1.5000000000000000,2.0000000000000000,1.2000000000000000,2.0000000000000000,82.571899997557054,7.3487052175635466,14.765932867303491,1.1949754385218325
15.000000000000000,1.2000000000000000,1.5000000000000000,1.5000000000000000,2.5000000000000000,60.133761713907589,11.225767633313080,4.7473004842177033,0.55700462894156488
40.000000000000000,0.80000000000000004,3.0000000000000000,0.80000000000000004,1.0000000000000000,37.337922787044661,20.243546738382431,16.560113847255707,-1.3792258036669289
33.329999999999998,1.0000000000000000,2.0000000000000000,1.0000000000000000,1.5000000000000000,55.907126451702787,29.075018487930983,17.634593463107940,-8.4880353212811794
30.000000000000000,1.5000000000000000,2.0000000000000000,1.2000000000000000,2.0000000000000000,24.812656757324007,5.6893838690989647,12.736047042533755,1.1906513554867779
15.000000000000000,1.2000000000000000,1.5000000000000000,1.5000000000000000,2.5000000000000000,29.508496564605743,13.392992565615568,2.1540943728759885,-4.9400583800995612
40.000000000000000,0.80000000000000004,3.0000000000000000,0.80000000000000004,1.0000000000000000,125.44446773921140,14.075528502222150,8.0170844569802284,0.59274767598454692
33.329999999999998,1.0000000000000000,2.0000000000000000,1.0000000000000000,1.5000000000000000,106.79858622949804,2.6996825736485373,7.9695697765611104,0.99960626178017065
30.000000000000000,1.5000000000000000,2.0000000000000000,1.2000000000000000,2.0000000000000000,93.936224013289916,11.082020171738694,26.020107323303819,1.1771114613768410
15.000000000000000,1.2000000000000000,1.5000000000000000,1.5000000000000000,2.5000000000000000,37.880074869915845,3.6343618609418624,9.9974727756343782,1.4924785347163214
40.000000000000000,0.80000000000000004,3.0000000000000000,0.80000000000000004,1.0000000000000000,75.254436519062153,7.5108781672641634,19.317687325179577,0.79773412221370832
33.329999999999998,1.0000000000000000,2.0000000000000000,1.0000000000000000,1.5000000000000000,30.424126832317562,14.963867771735501,29.063240481745449,0.95504978869650836
30.000000000000000,1.5000000000000000,2.0000000000000000,1.2000000000000000,2.0000000000000000,96.446026931412064,5.7622682123794222,27.903080304153264,1.1978506572702734
15.000000000000000,1.2000000000000000,1.5000000000000000,1.5000000000000000,2.5000000000000000,82.937182119127840,4.8312364685337519,6.6147683104500175,1.4782465904561575
40.000000000000000,0.80000000000000004,3.0000000000000000,0.80000000000000004,1.0000000000000000,60.142130983106327,9.0433366422448316,16.024845264852047,0.79591935267317793
33.329999999999998,1.0000000000000000,2.0000000000000000,1.0000000000000000,1.5000000000000000,14.837747625710909,12.013586241022569,33.363575949367132,0.96495218710553121
30.000000000000000,1.5000000000000000,2.0000000000000000,1.2000000000000000,2.0000000000000000,81.284952722503817,11.085298091308214,9.1060946686193347,1.0575868510061439
15.000000000000000,1.2000000000000000,1.5000000000000000,1.5000000000000000,2.5000000000000000,142.08178800398483,9.5558645159960722,14.232560827396810,1.2527706987076441
40.000000000000000,0.80000000000000004,3.0000000000000000,0.80000000000000004,1.0000000000000000,50.222269759818445,7.3342165741883223,41.770255900919437,0.79624123482725695
33.329999999999998,1.0000000000000000,2.0000000000000000,1.0000000000000000,1.5000000000000000,79.560474866582084,20.278482930143117,32.954487004335967,0.86234282908314686
30.000000000000000,1.5000000000000000,2.0000000000000000,1.2000000000000000,2.0000000000000000,65.741148168363154,15.027496995090040,22.665979167446494,1.1233379230676461
15.000000000000000,1.2000000000000000,1.5000000000000000,1.5000000000000000,2.5000000000000000,131.16789163287496,14.263014693941223,0.83586817793548107,-0.13012274513102384
40.000000000000000,0.80000000000000004,3.0000000000000000,0.80000000000000004,1.0000000000000000,26.155306238969786,15.643898469954729,25.917519528418779,0.77075849356200710
33.329999999999998,1.0000000000000000,2.0000000000000000,1.0000000000000000,1.5000000000000000,109.74967611886562,2.1661433925741793,38.273072288520630,0.99965007123791083
30.000000000000000,1.5000000000000000,2.0000000000000000,1.2000000000000000,2.0000000000000000,10.037069146551659,7.1630582849099298,0.30828259326517582,-8.5415464517847006
15.000000000000000,1.2000000000000000,1.5000000000000000,1.5000000000000000,2.5000000000000000,109.82981683135732,8.4532428708812226,11.540204072836787,1.3457134496017309
40.000000000000000,0.80000000000000004,3.0000000000000000,0.80000000000000004,1.0000000000000000,101.30888044751715,0.72318245792761449,42.038974307477474,0.79929839871256270
33.329999999999998,1.0000000000000000,2.0000000000000000,1.0000000000000000,1.5000000000000000,91.215709261335448,16.783904319594036,27.390258097370150,0.93521632385368614
30.000000000000000,1.5000000000000000,2.0000000000000000,1.2000000000000000,2.0000000000000000,140.66427998189349,3.9499696640996262,11.254584540612996,1.1993967717966094
15.000000000000000,1.2000000000000000,1.5000000000000000,1.5000000000000000,2.5000000000000000,34.072526387649120,7.8676499486085953,10.528194705024362,1.3468658321494613
40.000000000000000,0.80000000000000004,3.0000000000000000,0.80000000000000004,1.0000000000000000,103.80599200216589,7.2177132793329655,4.8052745349705219,0.77372102937766174
33.329999999999998,1.0000000000000000,2.0000000000000000,1.0000000000000000,1.5000000000000000,2.3725082105468025,5.1483267871292657,34.324402210101482,0.28879907840577324
30.000000000000000,1.5000000000000000,2.0000000000000000,1.2000000000000000,2.0000000000000000,18.555503084175292,14.111551981517113,5.5819475864991546,-12.262707616815284
15.000000000000000,1.2000000000000000,1.5000000000000000,1.5000000000000000,2.5000000000000000,60.663655822887087,6.5955315662256906,7.1785482228733599,1.4150210435797625
40.000000000000000,0.80000000000000004,3.0000000000000000,0.80000000000000004,1.0000000000000000,78.800235594206029,11.878840750353412,44.790599707514048,0.79261824918907209
33.329999999999998,1.0000000000000000,2.0000000000000000,1.0000000000000000,1.5000000000000000,13.966563280192204,6.7048601571446582,35.335861147703596,0.97785636623619521
30.000000000000000,1.5000000000000000,2.0000000000000000,1.2000000000000000,2.0000000000000000,61.995313021650077,4.1177343070926140,21.395582836121321,1.1983251904647043
15.000000000000000,1.2000000000000000,1.5000000000000000,1.5000000000000000,2.5000000000000000,123.71833061015700,14.389745949626667,2.0956364027224481,-0.17740706709236015
40.000000000000000,0.80000000000000004,3.0000000000000000,0.80000000000000004,1.0000000000000000,141.89577684635762,11.825221120901405,15.197568073868752,0.79353175756174776
33.329999999999998,1.0000000000000000,2.0000000000000000,1.0000000000000000,1.5000000000000000,36.346865352331662,29.570805027909913,22.158448236797934,-10.712059306983093
30.000000000000000,1.5000000000000000,2.0000000000000000,1.2000000000000000,2.0000000000000000,89.555393294419645,23.198773609085475,27.133415104821324,0.76284545007290927
15.000000000000000,1.2000000000000000,1.5000000000000000,1.5000000000000000,2.5000000000000000,146.86102140721866,0.47034487640485168,3.3852486661635339,1.4997950875990127
40.000000000000000,0.80000000000000004,3.0000000000000000,0.80000000000000004,1.0000000000000000,14.158648115359247,21.893267809823154,19.722193915396929,-8.1193949828820173
33.329999999999998,1.0000000000000000,2.0000000000000000,1.0000000000000000,1.5000000000000000,130.69761242272799,32.512524155891050,29.067895315923725,-0.28230241404973710
30.000000000000000,1.5000000000000000,2.0000000000000000,1.2000000000000000,2.0000000000000000,21.616673976655584,22.699368531787766,33.796452968381345,0.79640299940883352
15.000000000000000,1.2000000000000000,1.5000000000000000,1.5000000000000000,2.5000000000000000,26.035780300737827,9.8899065355130009,9.8789588883519173,0.81944679103498508
40.000000000000000,0.80000000000000004,3.0000000000000000,0.80000000000000004,1.0000000000000000,131.00942368837772,17.091901069795714,34.032537471503019,0.77291121135393737
33.329999999999998,1.0000000000000000,2.0000000000000000,1.0000000000000000,1.5000000000000000,61.941264215698467,3.0050294875131964,6.4216248731324441,0.99889136535923706
30.000000000000000,1.5000000000000000,2.0000000000000000,1.2000000000000000,2.0000000000000000,107.02014617472423,24.038184603375846,31.533610668964684,0.70492535132318468
15.000000000000000,1.2000000000000000,1.5000000000000000,1.5000000000000000,2.5000000000000000,148.11040621239692,10.702607256474439,5.7732043275609612,1.0577622569370271
40.000000000000000,0.80000000000000004,3.0000000000000000,0.80000000000000004,1.0000000000000000,111.46661279599650,14.759775677220896,6.4992334395647049,0.34197590647199672
33.329999999999998,1.0000000000000000,2.0000000000000000,1.0000000000000000,1.5000000000000000,38.277751067311037,5.5178268952019165,13.573326775224878,0.99651881406499698
30.000000000000000,1.5000000000000000,2.0000000000000000,1.2000000000000000,2.0000000000000000,93.572650783478764,15.932402867611962,24.423046474345028,1.1039918131995980
15.000000000000000,1.2000000000000000,1.5000000000000000,1.5000000000000000,2.5000000000000000,105.81201562569012,5.9845458465046244,3.8123655617237091,1.4425797078103519
40.000000000000000,0.80000000000000004,3.0000000000000000,0.80000000000000004,1.0000000000000000,61.000152780655775,16.304287091754379,32.993478085845709,0.77598208639718813
33.329999999999998,1.0000000000000000,2.0000000000000000,1.0000000000000000,1.5000000000000000,124.36857193049045,32.946676718212622,7.8373820179626339,-8.9341299717899307
30.000000000000000,1.5000000000000000,2.0000000000000000,1.2000000000000000,2.0000000000000000,3.7028827668051232,11.155776533524040,30.692607862874866,0.82697943638104721
15.000000000000000,1.2000000000000000,1.5000000000000000,1.5000000000000000,2.5000000000000000,61.855907118394974,12.013603636433835,16.377772168256342,0.88059022374391105
40.000000000000000,0.80000000000000004,3.0000000000000000,0.80000000000000004,1.0000000000000000,128.08872842428974,3.8337103876098992,7.2121007032692432,0.79949365184621612
33.329999999999998,1.0000000000000000,2.0000000000000000,1.0000000000000000,1.5000000000000000,91.190430309469818,22.517223500447063,10.058857370537705,-1.5331635365136433
30.000000000000000,1.5000000000000000,2.0000000000000000,1.2000000000000000,2.0000000000000000,55.620226339339283,14.117436536389867,6.8605075310915709,-0.085804032385694118
15.000000000000000,1.2000000000000000,1.5000000000000000,1.5000000000000000,2.5000000000000000,110.88862276060740,11.152888844468398,10.624310587998480,1.0087348706252861
40.000000000000000,0.80000000000000004,3.0000000000000000,0.80000000000000004,1.0000000000000000,143.69428988591767,21.361173870842904,2.8067754171788692,-1.5275785897097847
33.329999999999998,1.0000000000000000,2.0000000000000000,1.0000000000000000,1.5000000000000000,62.372211482785644,12.015219030673514,14.743317710230125,0.98208351612351186
30.000000000000000,1.5000000000000000,2.0000000000000000,1.2000000000000000,2.0000000000000000,51.985006858909038,2.9522032619523815,12.688321986235678,1.1981112946219075
15.000000000000000,1.2000000000000000,1.5000000000000000,1.5000000000000000,2.5000000000000000,128.91803115328310,10.154369784872978,3.2626541960053146,1.0939744008362586
40.000000000000000,0.80000000000000004,3.0000000000000000,0.80000000000000004,1.0000000000000000,133.94238311115419,37.205526150176304,12.271279837936163,-13.354569443035222
33.329999999999998,1.0000000000000000,2.0000000000000000,1.0000000000000000,1.5000000000000000,103.71573675601279,15.828127339550081,39.713784817940549,0.94876808524549006
30.000000000000000,1.5000000000000000,2.0000000000000000,1.2000000000000000,2.0000000000000000,39.283590351173189,1.0708179367356934,29.240842770785093,1.1968876331777492
15.000000000000000,1.2000000000000000,1.5000000000000000,1.5000000000000000,2.5000000000000000,81.107027654342829,8.9080608210002534,4.3220156379975379,1.1955340932215490
40.000000000000000,0.80000000000000004,3.0000000000000000,0.80000000000000004,1.0000000000000000,80.455362270646745,12.907713618697599,26.043705571442842,0.79021314151136690
33.329999999999998,1.0000000000000000,2.0000000000000000,1.0000000000000000,1.5000000000000000,43.377712536414620,13.032932746175732,15.234780455293132,0.97077139859724670
30.000000000000000,1.5000000000000000,2.0000000000000000,1.2000000000000000,2.0000000000000000,85.682316617262558,7.1879592182300982,14.620058465749025,1.1953914325929753
15.000000000000000,1.2000000000000000,1.5000000000000000,1.5000000000000000,2.5000000000000000,74.263244272018795,1.3786497949704062,9.9063550969585776,1.4992809969006859
40.000000000000000,0.80000000000000004,3.0000000000000000,0.80000000000000004,1.0000000000000000,103.02354869171745,1.9393471697252245,23.823418434709311,0.79931722065578015
33.329999999999998,1.0000000000000000,2.0000000000000000,1.0000000000000000,1.5000000000000000,133.10271390995476,28.394675147864493,33.712010344896463,0.47302201349827938
30.000000000000000,1.5000000000000000,2.0000000000000000,1.2000000000000000,2.0000000000000000,135.18253207184839,0.99003040589857838,7.7189157279208302,1.1997359130042140
15.000000000000000,1.2000000000000000,1.5000000000000000,1.5000000000000000,2.5000000000000000,147.76803050626768,0.63290142990765164,8.9170361529104412,1.4998406802888387
40.000000000000000,0.80000000000000004,3.0000000000000000,0.80000000000000004,1.0000000000000000,55.092693320759572,13.279332316154614,7.6677517108619213,-0.015175796431943334
33.329999999999998,1.0000000000000000,2.0000000000000000,1.0000000000000000,1.5000000000000000,104.05993420877495,4.6554414674046498,1.6949457194544373,0.98568852875284152
30.000000000000000,1.5000000000000000,2.0000000000000000,1.2000000000000000,2.0000000000000000,58.861531342312226,18.394811000707559,0.81856180261820555,-5.1832146953542768
15.000000000000000,1.2000000000000000,1.5000000000000000,1.5000000000000000,2.5000000000000000,65.860034417167782,12.809507101642666,4.5864597419276834,0.030686061700266554
40.000000000000000,0.80000000000000004,3.0000000000000000,0.80000000000000004,1.0000000000000000,15.857929041716270,39.904860474094747,47.910905957221985,-0.021047149833475984
33.329999999999998,1.0000000000000000,2.0000000000000000,1.0000000000000000,1.5000000000000000,100.07322294971674,12.390025660534940,22.299353327329268,0.98050435813587145
30.000000000000000,1.5000000000000000,2.0000000000000000,1.2000000000000000,2.0000000000000000,102.01067068429433,22.891258650252130,25.131620641797781,0.74806640333095520
15.000000000000000,1.2000000000000000,1.5000000000000000,1.5000000000000000,2.5000000000000000,123.94428370357959,6.7762260181037703,14.236748765688390,1.4373094056791533
40.000000000000000,0.80000000000000004,3.0000000000000000,0.80000000000000004,1.0000000000000000,61.685769567138053,23.207394356243313,28.796653825789690,0.70746037827422037
33.329999999999998,1.0000000000000000,2.0000000000000000,1.0000000000000000,1.5000000000000000,45.257812520577573,16.357230951775080,20.050140560830009,0.94003779693646972
30.000000000000000,1.5000000000000000,2.0000000000000000,1.2000000000000000,2.0000000000000000,90.499099080814062,19.480650008842350,11.879989382810891,0.072010363647205589
15.000000000000000,1.2000000000000000,1.5000000000000000,1.5000000000000000,2.5000000000000000,141.87731170657324,1.3999029886652714,3.8938868874683976,1.4994993634061515
40.000000000000000,0.80000000000000004,3.0000000000000000,0.80000000000000004,1.0000000000000000,27.975218926724047,12.418281430816279,29.132277835160494,0.78336821490239417
33.329999999999998,1.0000000000000000,2.0000000000000000,1.0000000000000000,1.5000000000000000,9.1976923495880332,12.826421319145071,26.090333798498843,0.93078517683510054
30.000000000000000,1.5000000000000000,2.0000000000000000,1.2000000000000000,2.0000000000000000,3.3006537722633218,0.42979425051016734,12.350975831039250,0.75940319259911826
15.000000000000000,1.2000000000000000,1.5000000000000000,1.5000000000000000,2.5000000000000000,26.216137040315665,4.9528251924226057,14.822967996820807,1.4772599180576098
40.000000000000000,0.80000000000000004,3.0000000000000000,0.80000000000000004,1.0000000000000000,84.555721055688352,5.7722698322776704,42.003516510128975,0.79864603477180995
33.329999999999998,1.0000000000000000,2.0000000000000000,1.0000000000000000,1.5000000000000000,46.688098729255145,30.939166637289510,30.292988410066808,-0.51747610237804020
30.000000000000000,1.5000000000000000,2.0000000000000000,1.2000000000000000,2.0000000000000000,90.711020617203332,1.1459248498105443,11.060738839209080,1.1994141062542159
15.000000000000000,1.2000000000000000,1.5000000000000000,1.5000000000000000,2.5000000000000000,96.270706822436779,7.4170862741279411,15.141308932565153,1.4099632903941965
40.000000000000000,0.80000000000000004,3.0000000000000000,0.80000000000000004,1.0000000000000000,51.829618607130833,26.878520361185075,22.350454330444336,-1.9133887295699292
33.329999999999998,1.0000000000000000,2.0000000000000000,1.0000000000000000,1.5000000000000000,96.258927417823585,29.686796663504790,8.3034143117358905,-8.7587246278020920
30.000000000000000,1.5000000000000000,2.0000000000000000,1.2000000000000000,2.0000000000000000,89.179759046193226,7.7343254171661098,6.5382484830915928,1.1531847004784896
15.000000000000000,1.2000000000000000,1.5000000000000000,1.5000000000000000,2.5000000000000000,22.185237672294026,14.105007432675920,10.976953519508243,-2.3824919678369403
40.000000000000000,0.80000000000000004,3.0000000000000000,0.80000000000000004,1.0000000000000000,129.66140827818541,37.441383309820665,37.343334082514048,0.12756477042781819
33.329999999999998,1.0000000000000000,2.0000000000000000,1.0000000000000000,1.5000000000000000,4.5488822269951923,9.6979606399907361,9.6628347944933903,-5.7785309847143980
30.000000000000000,1.5000000000000000,2.0000000000000000,1.2000000000000000,2.0000000000000000,147.79715855439892,15.268365304819307,7.3954606242477894,0.89658481112066313
15.000000000000000,1.2000000000000000,1.5000000000000000,1.5000000000000000,2.5000000000000000,56.841203360166404,9.5080449723580376,4.6321647721342742,0.97046551467519349
40.000000000000000,0.80000000000000004,3.0000000000000000,0.80000000000000004,1.0000000000000000,87.097786909472205,33.102649628492074,38.567762464284897,0.42381786436701957
33.329999999999998,1.0000000000000000,2.0000000000000000,1.0000000000000000,1.5000000000000000,146.32507093397203,0.28634552635094618,12.984739928254855,0.99981317492346855
30.000000000000000,1.5000000000000000,2.0000000000000000,1.2000000000000000,2.0000000000000000,145.17887390211922,5.1483465442084704,20.733853340148926,1.1987314625040191
15.000000000000000,1.2000000000000000,1.5000000000000000,1.5000000000000000,2.5000000000000000,108.17048839567231,2.2029302794276737,6.0090561378747225,1.4988003273679109
40.000000000000000,0.80000000000000004,3.0000000000000000,0.80000000000000004,1.0000000000000000,56.125960394795989,11.933322610594333,7.4840584024786949,0.34081647920250813
33.329999999999998,1.0000000000000000,2.0000000000000000,1.0000000000000000,1.5000000000000000,65.102191602496902,20.207465522818641,25.214907330620100,0.86394042608998023
30.000000000000000,1.5000000000000000,2.0000000000000000,1.2000000000000000,2.0000000000000000,147.17825342518742,29.526000866142567,26.610817464999855,-0.22986543085053535
15.000000000000000,1.2000000000000000,1.5000000000000000,1.5000000000000000,2.5000000000000000,60.135084788897075,2.0470120023807974,9.1716926121152937,1.4985464623487590
40.000000000000000,0.80000000000000004,3.0000000000000000,0.80000000000000004,1.0000000000000000,92.329315904071564,12.153731032870709,1.7248509451746941,0.13764391515159757
33.329999999999998,1.0000000000000000,2.0000000000000000,1.0000000000000000,1.5000000000000000,83.454861955898821,3.5120476728663594,7.2931118400413535,0.99930239414966349
30.000000000000000,1.5000000000000000,2.0000000000000000,1.2000000000000000,2.0000000000000000,126.17263779498172,3.6315980023099108,15.965078495442867,1.1994407997367631
15.000000000000000,1.2000000000000000,1.5000000000000000,1.5000000000000000,2.5000000000000000,89.181938451095490,2.4384741181880236,1.7632045447826385,1.4945136651481725
40.000000000000000,0.80000000000000004,3.0000000000000000,0.80000000000000004,1.0000000000000000,118.04665820264957,4.2257704321481286,26.925435338169336,0.79938366673860617
33.329999999999998,1.0000000000000000,2.0000000000000000,1.0000000000000000,1.5000000000000000,148.78193475562614,18.576437748155517,35.325079121788029,0.90332348151761510
30.000000000000000,1.5000000000000000,2.0000000000000000,1.2000000000000000,2.0000000000000000,72.850401533853741,7.9880991374328731,9.9300222136080265,1.1757523098241032
15.000000000000000,1.2000000000000000,1.5000000000000000,1.5000000000000000,2.5000000000000000,44.072877560702622,2.3887590291397647,12.583267964422703,1.4972977236133347
40.000000000000000,0.80000000000000004,3.0000000000000000,0.80000000000000004,1.0000000000000000,37.180701188561507,27.428725072983653,25.932549420744181,-0.70377122622524113
33.329999999999998,1.0000000000000000,2.0000000000000000,1.0000000000000000,1.5000000000000000,54.132581664242316,12.123420922717333,7.7639094583662214,0.54755971594561925
30.000000000000000,1.5000000000000000,2.0000000000000000,1.2000000000000000,2.0000000000000000,89.812807613317858,18.478927683108484,30.217987373471260,1.0266608077727439
15.000000000000000,1.2000000000000000,1.5000000000000000,1.5000000000000000,2.5000000000000000,134.16676875743084,14.535853467236738,4.1619187016040087,-0.10192503608935849
40.000000000000000,0.80000000000000004,3.0000000000000000,0.80000000000000004,1.0000000000000000,27.230234737279829,1.5231081173289567,40.894277997314930,0.79028808352812674
33.329999999999998,1.0000000000000000,2.0000000000000000,1.0000000000000000,1.5000000000000000,91.915022673101646,6.8879983687448014,3.0071368802748615,0.95176692019109765
30.000000000000000,1.5000000000000000,2.0000000000000000,1.2000000000000000,2.0000000000000000,13.328293813525233,4.8244449461717158,15.560069829225540,1.1721770033322536
15.000000000000000,1.2000000000000000,1.5000000000000000,1.5000000000000000,2.5000000000000000,78.762188617403169,2.1722281182382721,8.2353592193685472,1.4987962485151209
40.000000000000000,0.80000000000000004,3.0000000000000000,0.80000000000000004,1.0000000000000000,120.89603823545157,2.4246313849836589,1.7143982313573360,0.79808234516201060
33.329999999999998,1.0000000000000000,2.0000000000000000,1.0000000000000000,1.5000000000000000,55.766385063850322,12.820304817712248,35.069635566285804,0.97682345874755250
30.000000000000000,1.5000000000000000,2.0000000000000000,1.2000000000000000,2.0000000000000000,46.603027571907731,28.764537662509827,28.598307807929814,-1.0186902325293314
15.000000000000000,1.2000000000000000,1.5000000000000000,1.5000000000000000,2.5000000000000000,85.887313598666822,12.341575048413359,15.952431645244360,0.80790940316732229
40.000000000000000,0.80000000000000004,3.0000000000000000,0.80000000000000004,1.0000000000000000,77.551799326308540,2.0038302242103962,8.9986971281468868,0.79879781112069881
33.329999999999998,1.0000000000000000,2.0000000000000000,1.0000000000000000,1.5000000000000000,143.82270809316310,19.678912871957760,12.317053353600203,0.56267181725210247
30.000000000000000,1.5000000000000000,2.0000000000000000,1.2000000000000000,2.0000000000000000,40.090411856754216,20.743340305199379,33.117975876666605,0.92272287071186943
15.000000000000000,1.2000000000000000,1.5000000000000000,1.5000000000000000,2.5000000000000000,8.4198405347741208,12.926521580200642,10.511670038569719,-12.627228972897504
40.000000000000000,0.80000000000000004,3.0000000000000000,0.80000000000000004,1.0000000000000000,82.651401275929544,30.453812038572504,20.490043736994267,-4.0131241925849572
33.329999999999998,1.0000000000000000,2.0000000000000000,1.0000000000000000,1.5000000000000000,117.28893415650354,23.949152999161512,28.304023951875973,0.73313425613672822
30.000000000000000,1.5000000000000000,2.0000000000000000,1.2000000000000000,2.0000000000000000,133.23728508428670,22.452678726778831,21.091112039051950,0.68327189575838221
15.000000000000000,1.2000000000000000,1.5000000000000000,1.5000000000000000,2.5000000000000000,79.665184860329617,13.225079393800115,6.7607646225951612,0.22588593045351441
40.000000000000000,0.80000000000000004,3.0000000000000000,0.80000000000000004,1.0000000000000000,44.096036521045029,4.1403215039055796,32.852680809795856,0.79620534295174161
33.329999999999998,1.0000000000000000,2.0000000000000000,1.0000000000000000,1.5000000000000000,133.06596745472868,17.674434687177936,19.699461315670050,0.91947713431571887
30.000000000000000,1.5000000000000000,2.0000000000000000,1.2000000000000000,2.0000000000000000,27.270337855238466,5.3644689772976557,21.858078642748296,1.1923186526524696
15.000000000000000,1.2000000000000000,1.5000000000000000,1.5000000000000000,2.5000000000000000,103.61397505882896,6.6327267511887475,17.377083103638142,1.4423407530700612
40.000000000000000,0.80000000000000004,3.0000000000000000,0.80000000000000004,1.0000000000000000,84.660809267703456,37.332194546302780,20.984058368951082,-15.422721625970087
33.329999999999998,1.0000000000000000,2.0000000000000000,1.0000000000000000,1.5000000000000000,35.638846409905234,3.7506564038887387,23.737260528054087,0.99669035257640204
30.000000000000000,1.5000000000000000,2.0000000000000000,1.2000000000000000,2.0000000000000000,91.659095949295448,11.812886235583573,33.972860195674002,1.1705803601548648
15.000000000000000,1.2000000000000000,1.5000000000000000,1.5000000000000000,2.5000000000000000,96.743555410087581,13.214157220374327,7.9305631080642343,0.39593175680666692
40.000000000000000,0.80000000000000004,3.0000000000000000,0.80000000000000004,1.0000000000000000,13.547304623820819,10.630252498872578,32.752878818660975,0.75677876893685136
33.329999999999998,1.0000000000000000,2.0000000000000000,1.0000000000000000,1.5000000000000000,119.88986501434354,31.657439088269935,18.006233900782650,-2.8845522788107298
30.000000000000000,1.5000000000000000,2.0000000000000000,1.2000000000000000,2.0000000000000000,59.904767243117092,15.073376425250899,25.362693694420159,1.1221840921368438
15.000000000000000,1.2000000000000000,1.5000000000000000,1.5000000000000000,2.5000000000000000,26.505109354720918,13.604872205257415,0.48603715281933546,-8.2359400138230416
40.000000000000000,0.80000000000000004,3.0000000000000000,0.80000000000000004,1.0000000000000000,79.625902473197797,4.0887547362316399,25.850126624107361,0.79877706402682658
33.329999999999998,1.0000000000000000,2.0000000000000000,1.0000000000000000,1.5000000000000000,55.121396765566899,10.846250842103125,37.950805449633854,0.98746907090326952
30.000000000000000,1.5000000000000000,2.0000000000000000,1.2000000000000000,2.0000000000000000,140.80065110045950,20.072000669008119,31.025466791354120,0.95928900059870259
15.000000000000000,1.2000000000000000,1.5000000000000000,1.5000000000000000,2.5000000000000000,113.58962764507160,9.3418457766110077,7.8467611838132143,1.2433884564684370
40.000000000000000,0.80000000000000004,3.0000000000000000,0.80000000000000004,1.0000000000000000,7.2285655865445735,20.772988010952250,28.193956352770329,0.60401698319547403
33.329999999999998,1.0000000000000000,2.0000000000000000,1.0000000000000000,1.5000000000000000,101.70178022754612,0.32104052530004407,9.2941203635372212,0.99961326582832544
30.000000000000000,1.5000000000000000,2.0000000000000000,1.2000000000000000,2.0000000000000000,148.50781628715572,29.439536339091134,19.924547430127859,-0.92758744588411468
15.000000000000000,1.2000000000000000,1.5000000000000000,1.5000000000000000,2.5000000000000000,136.75652149381582,6.5393401167111005,14.791942080482841,1.4456366811634376
40.000000000000000,0.80000000000000004,3.0000000000000000,0.80000000000000004,1.0000000000000000,25.257041181989479,20.332869425034151,23.313481327146292,0.73530056349265982
33.329999999999998,1.0000000000000000,2.0000000000000000,1.0000000000000000,1.5000000000000000,86.607710164238242,1.8444487823531195,12.367922544121742,0.99945735201409525
30.000000000000000,1.5000000000000000,2.0000000000000000,1.2000000000000000,2.0000000000000000,15.979165353896096,4.7915233657252969,14.042256169952452,1.1804201818016673
15.000000000000000,1.2000000000000000,1.5000000000000000,1.5000000000000000,2.5000000000000000,137.70538545423886,0.94775404262705698,13.522989578079432,1.4997981135991270
40.000000000000000,0.80000000000000004,3.0000000000000000,0.80000000000000004,1.0000000000000000,69.058752936797688,12.890723651004956,29.946224201470613,0.78986130970801882
33.329999999999998,1.0000000000000000,2.0000000000000000,1.0000000000000000,1.5000000000000000,143.57774256733478,27.016326097198071,3.3671581353899089,-3.5071504240998355
30.000000000000000,1.5000000000000000,2.0000000000000000,1.2000000000000000,2.0000000000000000,115.58198261925253,20.609144083214922,10.415037201717496,0.021489394407568696
15.000000000000000,1.2000000000000000,1.5000000000000000,1.5000000000000000,2.5000000000000000,6.4932876331894658,8.2699481196643312,6.3332744264043868,-7.2513471118687782
40.000000000000000,0.80000000000000004,3.0000000000000000,0.80000000000000004,1.0000000000000000,105.07538783471800,4.3938032045960425,15.943193133920431,0.79923140597766495
33.329999999999998,1.0000000000000000,2.0000000000000000,1.0000000000000000,1.5000000000000000,17.540028010178357,24.336177940929307,23.027600658056322,-4.3139675111156039
30.000000000000000,1.5000000000000000,2.0000000000000000,1.2000000000000000,2.0000000000000000,112.48136483834593,18.067581583892458,26.970216164365411,1.0417518088307396
15.000000000000000,1.2000000000000000,1.5000000000000000,1.5000000000000000,2.5000000000000000,57.715449887823780,10.660753954898100,15.447293656412512,1.1162696810173287
40.000000000000000,0.80000000000000004,3.0000000000000000,0.80000000000000004,1.0000000000000000,15.248152656895108,0.31381662438623609,34.659050378948450,0.76903307541714816
33.329999999999998,1.0000000000000000,2.0000000000000000,1.0000000000000000,1.5000000000000000,24.261504963717890,6.1892804993579142,1.5504463440198450,0.32532338066303623
30.000000000000000,1.5000000000000000,2.0000000000000000,1.2000000000000000,2.0000000000000000,95.169287253886012,21.863346755120435,29.433243180625141,0.86096681909940043
15.000000000000000,1.2000000000000000,1.5000000000000000,1.5000000000000000,2.5000000000000000,17.908103846230080,1.1068169606965965,3.9956987304612994,1.4811978166713944
40.000000000000000,0.80000000000000004,3.0000000000000000,0.80000000000000004,1.0000000000000000,119.33497721671827,38.406170065803451,42.376083534210920,0.11958034811892360
33.329999999999998,1.0000000000000000,2.0000000000000000,1.0000000000000000,1.5000000000000000,61.881961845341138,11.852742719124771,19.106039739618076,0.98296228764864424
30.000000000000000,1.5000000000000000,2.0000000000000000,1.2000000000000000,2.0000000000000000,94.912596316994183,3.8287459315359591,6.6941640358418226,1.1973293038475445
15.000000000000000,1.2000000000000000,1.5000000000000000,1.5000000000000000,2.5000000000000000,148.69198733540949,4.3882517135096712,16.454503718297929,1.4888600148360562
40.000000000000000,0.80000000000000004,3.0000000000000000,0.80000000000000004,1.0000000000000000,20.371751189080534,17.349661825932564,36.166420541703701,0.75433610936348539
33.329999999999998,1.0000000000000000,2.0000000000000000,1.0000000000000000,1.5000000000000000,54.761080546528099,15.375660965371475,2.7679811237063254,-2.1516157848605855
30.000000000000000,1.5000000000000000,2.0000000000000000,1.2000000000000000,2.0000000000000000,127.49273956181250,18.018988044282885,0.81554985791444778,-0.18618287625443641
15.000000000000000,1.2000000000000000,1.5000000000000000,1.5000000000000000,2.5000000000000000,84.042859904733490,2.0081379019806627,4.9732134444639087,1.4983229176790176
40.000000000000000,0.80000000000000004,3.0000000000000000,0.80000000000000004,1.0000000000000000,62.228498220236510,32.015809477502479,41.760158065706491,0.46981264497839875
33.329999999999998,1.0000000000000000,2.0000000000000000,1.0000000000000000,1.5000000000000000,36.795240461106879,15.990657507612866,1.6276837804410604,-8.2775526853596304
30.000000000000000,1.5000000000000000,2.0000000000000000,1.2000000000000000,2.0000000000000000,60.029524624482733,26.275104484953918,30.229670388624072,0.47322558406787996
15.000000000000000,1.2000000000000000,1.5000000000000000,1.5000000000000000,2.5000000000000000,52.587253303942269,3.1913394180941395,13.844889193307608,1.4957061764197290
40.000000000000000,0.80000000000000004,3.0000000000000000,0.80000000000000004,1.0000000000000000,75.677195983072750,34.496383585855362,18.066771660000086,-16.503657447762720
33.329999999999998,1.0000000000000000,2.0000000000000000,1.0000000000000000,1.5000000000000000,99.124678973313436,25.646727888918953,26.270078150309619,0.60402328317784992
30.000000000000000,1.5000000000000000,2.0000000000000000,1.2000000000000000,2.0000000000000000,117.35786470208551,24.305493967258371,24.090095764026046,0.54253439805906201
15.000000000000000,1.2000000000000000,1.5000000000000000,1.5000000000000000,2.5000000000000000,102.46954070781359,6.5496985916630361,15.611783313564956,1.4451515869559091
40.000000000000000,0.80000000000000004,3.0000000000000000,0.80000000000000004,1.0000000000000000,15.253029510795605,22.396338593764231,32.593211229890585,0.69042833691168770
33.329999999999998,1.0000000000000000,2.0000000000000000,1.0000000000000000,1.5000000000000000,131.75622334394836,11.078685726560339,0.22843824622873213,0.76526793087770817
30.000000000000000,1.5000000000000000,2.0000000000000000,1.2000000000000000,2.0000000000000000,127.09266786097550,27.257117990877013,8.1057913200929761,-2.9366931053610927
15.000000000000000,1.2000000000000000,1.5000000000000000,1.5000000000000000,2.5000000000000000,17.494148949959783,12.794400529613485,14.976539713796228,0.25012336879946939
40.000000000000000,0.80000000000000004,3.0000000000000000,0.80000000000000004,1.0000000000000000,19.850420233421026,11.875910762222484,33.358713805675507,0.77551160935435393
33.329999999999998,1.0000000000000000,2.0000000000000000,1.0000000000000000,1.5000000000000000,110.06561057423009,7.5276767381503920,7.8912139801410950,0.99155904730729871
30.000000000000000,1.5000000000000000,2.0000000000000000,1.2000000000000000,2.0000000000000000,3.1274371012696065,15.667267611769493,34.396965041756630,0.61998320307545307
15.000000000000000,1.2000000000000000,1.5000000000000000,1.5000000000000000,2.5000000000000000,48.853646351855716,13.363368121969978,11.126291180960834,0.15423592124125329
40.000000000000000,0.80000000000000004,3.0000000000000000,0.80000000000000004,1.0000000000000000,108.34825065104292,10.919406563155354,23.497603554278612,0.79494398618778339
33.329999999999998,1.0000000000000000,2.0000000000000000,1.0000000000000000,1.5000000000000000,99.261220755453692,25.468701332641924,9.6039778716824937,-3.0989292976507876
30.000000000000000,1.5000000000000000,2.0000000000000000,1.2000000000000000,2.0000000000000000,63.056596672958698,23.694225002713502,22.336884032003582,0.039983947624604332
15.000000000000000,1.2000000000000000,1.5000000000000000,1.5000000000000000,2.5000000000000000,92.112623055053419,12.171234284624225,6.7124118581414223,0.65420121057199432
40.000000000000000,0.80000000000000004,3.0000000000000000,0.80000000000000004,1.0000000000000000,113.50916620711331,9.6978569979965688,29.823778811842203,0.79667708567146234
33.329999999999998,1.0000000000000000,2.0000000000000000,1.0000000000000000,1.5000000000000000,70.495286453075252,32.146742279220753,25.556518440403973,-2.7937953941236748
30.000000000000000,1.5000000000000000,2.0000000000000000,1.2000000000000000,2.0000000000000000,56.000440111826173,29.805265538971870,27.384572530165315,-1.8437945425648063
15.000000000000000,1.2000000000000000,1.5000000000000000,1.5000000000000000,2.5000000000000000,43.806499649826435,0.90096438279259017,2.8564950842410326,1.4964466828056444
40.000000000000000,0.80000000000000004,3.0000000000000000,0.80000000000000004,1.0000000000000000,77.069389565601028,15.235298822913320,0.52826404944062233,-1.8735125594945643
33.329999999999998,1.0000000000000000,2.0000000000000000,1.0000000000000000,1.5000000000000000,70.446991383635918,10.428756765513432,39.631267794820474,0.98960907094215789
30.000000000000000,1.5000000000000000,2.0000000000000000,1.2000000000000000,2.0000000000000000,67.196750817694706,12.098049712227658,13.099089774303138,1.0981874289082867
15.000000000000000,1.2000000000000000,1.5000000000000000,1.5000000000000000,2.5000000000000000,88.261614209404229,14.677586053744889,7.9263180722482502,-0.25984537329594798
40.000000000000000,0.80000000000000004,3.0000000000000000,0.80000000000000004,1.0000000000000000,59.700672777104195,26.938892026031390,40.430988337844610,0.63340297087242914
33.329999999999998,1.0000000000000000,2.0000000000000000,1.0000000000000000,1.5000000000000000,3.1440487693087196,7.1041527398815587,36.676270674518307,0.59328423954607201
30.000000000000000,1.5000000000000000,2.0000000000000000,1.2000000000000000,2.0000000000000000,17.357355757104234,14.325206884425134,10.321312344633043,-5.8883206270010238
15.000000000000000,1.2000000000000000,1.5000000000000000,1.5000000000000000,2.5000000000000000,44.139768891034180,3.2452617445250507,1.3420425932854414,1.4591065090692861
40.000000000000000,0.80000000000000004,3.0000000000000000,0.80000000000000004,1.0000000000000000,58.077124481736682,5.0098061905615037,2.1734673678874969,0.74678409937502255
33.329999999999998,1.0000000000000000,2.0000000000000000,1.0000000000000000,1.5000000000000000,84.652539811700123,2.2596921109514545,11.999735505647957,0.99942068475428536
30.000000000000000,1.5000000000000000,2.0000000000000000,1.2000000000000000,2.0000000000000000,45.537707742573694,0.81384274714859195,8.1442846572026610,1.1976846277253794
15.000000000000000,1.2000000000000000,1.5000000000000000,1.5000000000000000,2.5000000000000000,92.360725216905138,10.138324275948106,0.73829407012090087,0.92939957654979222
40.000000000000000,0.80000000000000004,3.0000000000000000,0.80000000000000004,1.0000000000000000,69.730769126126546,8.9801227902900429,46.897174023091793,0.79648698440149657
33.329999999999998,1.0000000000000000,2.0000000000000000,1.0000000000000000,1.5000000000000000,62.460613181304652,24.554898121052194,12.770122086117043,-4.6608554807431055
30.000000000000000,1.5000000000000000,2.0000000000000000,1.2000000000000000,2.0000000000000000,36.591747286431492,24.852412755796685,14.361829153262079,-13.017820622576105
15.000000000000000,1.2000000000000000,1.5000000000000000,1.5000000000000000,2.5000000000000000,17.120463845711203,12.951184067035792,13.179145130328834,-0.68980761497619092
40.000000000000000,0.80000000000000004,3.0000000000000000,0.80000000000000004,1.0000000000000000,17.635215673837813,37.453494659336286,41.031615458428860,0.16192781924225153
33.329999999999998,1.0000000000000000,2.0000000000000000,1.0000000000000000,1.5000000000000000,65.895270848439552,28.975462647933270,36.084314695299597,0.42788924452240656
30.000000000000000,1.5000000000000000,2.0000000000000000,1.2000000000000000,2.0000000000000000,23.985194159173410,18.433241471950897,32.027721497230232,1.0206142531205800
15.000000000000000,1.2000000000000000,1.5000000000000000,1.5000000000000000,2.5000000000000000,46.728048470939974,10.520378831323468,8.9790635062381625,0.90670558832523351
40.000000000000000,0.80000000000000004,3.0000000000000000,0.80000000000000004,1.0000000000000000,135.31312331415947,16.597078241519629,7.1423118039965630,0.30371094578874430
33.329999999999998,1.0000000000000000,2.0000000000000000,1.0000000000000000,1.5000000000000000,91.676426588895282,10.219480174342095,2.6244992933711035,0.76178976597076564
30.000000000000000,1.5000000000000000,2.0000000000000000,1.2000000000000000,2.0000000000000000,96.522686851979245,8.8437751873978403,2.3104200772941113,1.0427954120665368
15.000000000000000,1.2000000000000000,1.5000000000000000,1.5000000000000000,2.5000000000000000,50.997829825221565,6.1607739493623370,12.136121346149594,1.4560180947421231
40.000000000000000,0.80000000000000004,3.0000000000000000,0.80000000000000004,1.0000000000000000,60.765033760436346,4.8457026929687705,2.8503493554890156,0.76714673582283444
33.329999999999998,1.0000000000000000,2.0000000000000000,1.0000000000000000,1.5000000000000000,26.191241068462844,12.006680133476564,21.893919131929053,0.97732860907359476
30.000000000000000,1.5000000000000000,2.0000000000000000,1.2000000000000000,2.0000000000000000,9.1308524586330169,6.5130457631614984,11.461821178905666,1.1397612044217260
15.000000000000000,1.2000000000000000,1.5000000000000000,1.5000000000000000,2.5000000000000000,37.188344962256963,9.5710441993328281,1.2864018562249839,0.037161049936216051
40.000000000000000,0.80000000000000004,3.0000000000000000,0.80000000000000004,1.0000000000000000,109.89872858298013,9.9845741163846107,13.104232426732779,0.79629809929735718
33.329999999999998,1.0000000000000000,2.0000000000000000,1.0000000000000000,1.5000000000000000,16.983070278300438,10.021632932420207,12.506791985716669,0.97795797367718462
30.000000000000000,1.5000000000000000,2.0000000000000000,1.2000000000000000,2.0000000000000000,39.935891788629817,17.097665164587088,20.250866663642228,0.99440337367395581
15.000000000000000,1.2000000000000000,1.5000000000000000,1.5000000000000000,2.5000000000000000,139.45331628306536,8.7879670567531143,16.982224004343152,1.3231088131400501
40.000000000000000,0.80000000000000004,3.0000000000000000,0.80000000000000004,1.0000000000000000,93.644410882026435,29.066886451793835,13.815075673162937,-6.2759952816572744
33.329999999999998,1.0000000000000000,2.0000000000000000,1.0000000000000000,1.5000000000000000,3.1812927779392339,12.002180552357670,33.771895093579772,0.58795234622025094
30.000000000000000,1.5000000000000000,2.0000000000000000,1.2000000000000000,2.0000000000000000,48.483001238149591,10.037236391846090,34.741968484595418,1.1829212589374818
15.000000000000000,1.2000000000000000,1.5000000000000000,1.5000000000000000,2.5000000000000000,135.86433889707783,12.732565413988194,3.9568881676532328,0.55207641983413391
40.000000000000000,0.80000000000000004,3.0000000000000000,0.80000000000000004,1.0000000000000000,112.20292108702708,32.529899582834915,14.916775155812502,-7.3037340342197110
33.329999999999998,1.0000000000000000,2.0000000000000000,1.0000000000000000,1.5000000000000000,10.483422272717581,11.214448672222424,23.436496521974910,0.95078745534700881
30.000000000000000,1.5000000000000000,2.0000000000000000,1.2000000000000000,2.0000000000000000,127.37272850914161,10.231272406561766,20.333056982606649,1.1834705394055041
15.000000000000000,1.2000000000000000,1.5000000000000000,1.5000000000000000,2.5000000000000000,99.784813804854650,0.28393187820212912,12.295932212378830,1.4996608502238691
40.000000000000000,0.80000000000000004,3.0000000000000000,0.80000000000000004,1.0000000000000000,10.425189362661914,21.630942637939008,40.829697277396917,0.66533817322737476
33.329999999999998,1.0000000000000000,2.0000000000000000,1.0000000000000000,1.5000000000000000,31.516496510831644,23.053922276599401,15.016977817774748,-9.4369658965060612
30.000000000000000,1.5000000000000000,2.0000000000000000,1.2000000000000000,2.0000000000000000,104.18135550145527,18.537476697536185,10.615721018984914,0.36610332301307558
15.000000000000000,1.2000000000000000,1.5000000000000000,1.5000000000000000,2.5000000000000000,129.12745125458810,7.6370241021830587,9.7370424717664719,1.3953804011345561
40.000000000000000,0.80000000000000004,3.0000000000000000,0.80000000000000004,1.0000000000000000,97.087423978587623,8.3918369040358822,4.6027364619076252,0.73431797988958958
33.329999999999998,1.0000000000000000,2.0000000000000000,1.0000000000000000,1.5000000000000000,86.659950618543675,28.254154765676347,39.502681063226419,0.48306524382391297
30.000000000000000,1.5000000000000000,2.0000000000000000,1.2000000000000000,2.0000000000000000,35.569155923856890,18.964194593089633,26.406294769607484,1.0045891150743904
15.000000000000000,1.2000000000000000,1.5000000000000000,1.5000000000000000,2.5000000000000000,131.54985026879237,13.458381843277019,9.0031287046149373,0.43278168920328774
40.000000000000000,0.80000000000000004,3.0000000000000000,0.80000000000000004,1.0000000000000000,74.935256032755149,6.4033948952425277,46.526780940592289,0.79819238588296793
33.329999999999998,1.0000000000000000,2.0000000000000000,1.0000000000000000,1.5000000000000000,27.942195829104165,19.975469111166628,12.150161811928264,-8.5556587514015021
30.000000000000000,1.5000000000000000,2.0000000000000000,1.2000000000000000,2.0000000000000000,27.941393265814988,5.6564295481843869,0.85041257366538048,0.62840908853517163
15.000000000000000,1.2000000000000000,1.5000000000000000,1.5000000000000000,2.5000000000000000,113.13097795565847,4.3995547774841546,14.193025292828679,1.4886353242591013
40.000000000000000,0.80000000000000004,3.0000000000000000,0.80000000000000004,1.0000000000000000,74.446665423822139,24.198181863371282,34.305865634232759,0.69155366702271104
33.329999999999998,1.0000000000000000,2.0000000000000000,1.0000000000000000,1.5000000000000000,68.168201064008770,4.4761967088752614,6.0045564185678950,0.99675522106690873
30.000000000000000,1.5000000000000000,2.0000000000000000,1.2000000000000000,2.0000000000000000,51.197829685171598,7.9224284292105587,8.1864570630714297,1.1142931301847705
15.000000000000000,1.2000000000000000,1.5000000000000000,1.5000000000000000,2.5000000000000000,51.019570240527393,7.7158213412167971,6.1170361982658505,1.2829373653418583
40.000000000000000,0.80000000000000004,3.0000000000000000,0.80000000000000004,1.0000000000000000,102.15857248592657,15.266829670798034,13.455041538923979,0.71088987886666688
33.329999999999998,1.0000000000000000,2.0000000000000000,1.0000000000000000,1.5000000000000000,91.993360630427503,28.006369038160297,30.010066452797499,0.49552448836752427
30.000000000000000,1.5000000000000000,2.0000000000000000,1.2000000000000000,2.0000000000000000,119.68249371409883,24.200858850209041,1.5197485880926251,-3.1972747853291592
15.000000000000000,1.2000000000000000,1.5000000000000000,1.5000000000000000,2.5000000000000000,145.57953568914905,11.829838994604069,17.246708387508988,0.91955546657806098
40.000000000000000,0.80000000000000004,3.0000000000000000,0.80000000000000004,1.0000000000000000,13.393410671555904,3.2761586086917669,1.9419632814824581,0.50992739165527556
33.329999999999998,1.0000000000000000,2.0000000000000000,1.0000000000000000,1.5000000000000000,90.997216505433911,30.350513442573074,4.6822699017981062,-14.514713738412066
30.000000000000000,1.5000000000000000,2.0000000000000000,1.2000000000000000,2.0000000000000000,65.789582201298330,27.534179534437133,21.340731175616384,-2.3326934515576236
15.000000000000000,1.2000000000000000,1.5000000000000000,1.5000000000000000,2.5000000000000000,25.877258983131036,12.072451404144521,6.7474932870827615,-1.5078506235275908
40.000000000000000,0.80000000000000004,3.0000000000000000,0.80000000000000004,1.0000000000000000,5.6550648069265304,30.091019106963650,45.124046377837658,0.31864667992812834
33.329999999999998,1.0000000000000000,2.0000000000000000,1.0000000000000000,1.5000000000000000,110.28463985395852,31.390919922382945,36.773811548162250,0.21285198279617032
30.000000000000000,1.5000000000000000,2.0000000000000000,1.2000000000000000,2.0000000000000000,69.629461901681509,11.769127036831341,5.8583096545189619,0.73276530868780365
15.000000000000000,1.2000000000000000,1.5000000000000000,1.5000000000000000,2.5000000000000000,133.32796901604161,8.1873198236909221,3.0147540871985257,1.3250552608314343
40.000000000000000,0.80000000000000004,3.0000000000000000,0.80000000000000004,1.0000000000000000,142.69144788591657,36.025859812628475,8.6200701333582401,-13.115278466600222
33.329999999999998,1.0000000000000000,2.0000000000000000,1.0000000000000000,1.5000000000000000,100.14443166278070,3.8690811646871315,17.744288864493367,0.99941956371663299
30.000000000000000,1.5000000000000000,2.0000000000000000,1.2000000000000000,2.0000000000000000,111.35553376305617,12.753915799842215,6.2315186625346541,0.93802903117414038
15.000000000000000,1.2000000000000000,1.5000000000000000,1.5000000000000000,2.5000000000000000,26.268315613579475,12.586210546048823,12.409099204000086,0.11491710206756056
40.000000000000000,0.80000000000000004,3.0000000000000000,0.80000000000000004,1.0000000000000000,94.985976684677894,16.039575829161333,30.043963406234980,0.77851859920242816
33.329999999999998,1.0000000000000000,2.0000000000000000,1.0000000000000000,1.5000000000000000,37.979364741649476,4.6708011250390529,16.425234226064756,0.99684122849888912
30.000000000000000,1.5000000000000000,2.0000000000000000,1.2000000000000000,2.0000000000000000,54.228189755366188,23.373405997906811,24.979099122807384,0.50386994215357717
15.000000000000000,1.2000000000000000,1.5000000000000000,1.5000000000000000,2.5000000000000000,91.879403991550220,8.5888467934378419,11.695099635981023,1.3344648276614255
40.000000000000000,0.80000000000000004,3.0000000000000000,0.80000000000000004,1.0000000000000000,117.06527543443723,27.074595302743838,36.015999522060156,0.63155636002098337
33.329999999999998,1.0000000000000000,2.0000000000000000,1.0000000000000000,1.5000000000000000,16.667527043251322,20.903025673228942,16.471159789533353,-12.427507674687577
30.000000000000000,1.5000000000000000,2.0000000000000000,1.2000000000000000,2.0000000000000000,125.42576709864430,25.201285122320986,5.1281769471243024,-2.5431417958119047
15.000000000000000,1.2000000000000000,1.5000000000000000,1.5000000000000000,2.5000000000000000,60.553693905426194,2.0034325342846566,14.068109693471342,1.4986022293215233
40.000000000000000,0.80000000000000004,3.0000000000000000,0.80000000000000004,1.0000000000000000,143.95798551979010,21.383667679633945,5.5485410168766975,-0.95796612198051834
33.329999999999998,1.0000000000000000,2.0000000000000000,1.0000000000000000,1.5000000000000000,31.218496030254755,14.081912567473884,36.850214509880168,0.96403136015772639
30.000000000000000,1.5000000000000000,2.0000000000000000,1.2000000000000000,2.0000000000000000,81.866796945494144,27.401412302702663,20.540603089146316,-1.5634847737305759
15.000000000000000,1.2000000000000000,1.5000000000000000,1.5000000000000000,2.5000000000000000,138.14042882233392,0.16234973450540563,9.1179634896107018,1.4998231183746353
40.000000000000000,0.80000000000000004,3.0000000000000000,0.80000000000000004,1.0000000000000000,138.79023123184220,18.485566810872406,17.731400918215513,0.73633030815685285
33.329999999999998,1.0000000000000000,2.0000000000000000,1.0000000000000000,1.5000000000000000,105.63308863936925,27.380055728258192,11.277223942986689,-3.3841207815156862
30.000000000000000,1.5000000000000000,2.0000000000000000,1.2000000000000000,2.0000000000000000,47.098500899879731,1.3479831654229202,24.104522058740258,1.1978312590020050
15.000000000000000,1.2000000000000000,1.5000000000000000,1.5000000000000000,2.5000000000000000,18.753850552423394,10.951435320385498,17.901436747983098,1.0642069372213645
40.000000000000000,0.80000000000000004,3.0000000000000000,0.80000000000000004,1.0000000000000000,90.673093005851854,20.466537629049270,29.524200651794672,0.74429308634702918
33.329999999999998,1.0000000000000000,2.0000000000000000,1.0000000000000000,1.5000000000000000,75.971670572028970,10.440783056116167,21.596314256547018,0.98967774434705380
30.000000000000000,1.5000000000000000,2.0000000000000000,1.2000000000000000,2.0000000000000000,49.389442893255037,27.934463395639323,27.213832123205066,-0.95165371464882187
15.000000000000000,1.2000000000000000,1.5000000000000000,1.5000000000000000,2.5000000000000000,44.606772010370626,6.3420704678865150,6.4206306212581694,1.3912488921963346
40.000000000000000,0.80000000000000004,3.0000000000000000,0.80000000000000004,1.0000000000000000,19.712344065657817,13.621122465385124,18.823448784649372,0.77071357179811650
33.329999999999998,1.0000000000000000,2.0000000000000000,1.0000000000000000,1.5000000000000000,39.723742287328932,15.968668544913225,4.0679988155784077,-4.8386163637441140
30.000000000000000,1.5000000000000000,2.0000000000000000,1.2000000000000000,2.0000000000000000,128.36355498044054,25.294752453120889,31.518954567611217,0.59322662480846544
15.000000000000000,1.2000000000000000,1.5000000000000000,1.5000000000000000,2.5000000000000000,104.59146942302119,7.6829972111131060,5.3654127353802323,1.3645897863016987
40.000000000000000,0.80000000000000004,3.0000000000000000,0.80000000000000004,1.0000000000000000,59.818551954396533,4.6641535964794461,3.9780961051583290,0.78362248447482752
33.329999999999998,1.0000000000000000,2.0000000000000000,1.0000000000000000,1.5000000000000000,137.87588822957127,20.026911935485987,36.712839002430435,0.86943848258208523
30.000000000000000,1.5000000000000000,2.0000000000000000,1.2000000000000000,2.0000000000000000,64.969382986980492,0.51901148196542635,33.655176049098372,1.1988627267983025
15.000000000000000,1.2000000000000000,1.5000000000000000,1.5000000000000000,2.5000000000000000,137.50607042503077,1.9845876036852133,1.4314164337702096,1.4981642101891106
40.000000000000000,0.80000000000000004,3.0000000000000000,0.80000000000000004,1.0000000000000000,62.993122955772563,6.2570140205416829,27.214200530201197,0.79770656366157899
33.329999999999998,1.0000000000000000,2.0000000000000000,1.0000000000000000,1.5000000000000000,136.82921369721879,29.160083406022970,4.7660082230195400,-5.1087998424143306
30.000000000000000,1.5000000000000000,2.0000000000000000,1.2000000000000000,2.0000000000000000,39.645119304950349,10.944744929226580,2.1619975101202726,-0.68755862639835397
15.000000000000000,1.2000000000000000,1.5000000000000000,1.5000000000000000,2.5000000000000000,30.898067265329885,8.4274683385540268,5.3797010011039674,0.82753783778735190
40.000000000000000,0.80000000000000004,3.0000000000000000,0.80000000000000004,1.0000000000000000,14.087815233976581,11.974904391439631,22.951437335461378,0.75729588085317989
33.329999999999998,1.0000000000000000,2.0000000000000000,1.0000000000000000,1.5000000000000000,48.170519059149086,17.282851687296080,22.155336868858893,0.92597914494971334
30.000000000000000,1.5000000000000000,2.0000000000000000,1.2000000000000000,2.0000000000000000,51.343770058164374,3.4369283004384488,22.982290484011173,1.1979724674818821
15.000000000000000,1.2000000000000000,1.5000000000000000,1.5000000000000000,2.5000000000000000,93.750382142746830,10.506999884202378,15.423417495097965,1.1385046582228082
40.000000000000000,0.80000000000000004,3.0000000000000000,0.80000000000000004,1.0000000000000000,22.679888941613029,34.232482005553322,46.232468672096729,0.35685796976971246
33.329999999999998,1.0000000000000000,2.0000000000000000,1.0000000000000000,1.5000000000000000,94.339647204915536,27.527757601768332,18.177810187722553,-1.5010725724793588
30.000000000000000,1.5000000000000000,2.0000000000000000,1.2000000000000000,2.0000000000000000,120.91350602853579,24.477473854813724,30.357303606346250,0.66785420336642709
15.000000000000000,1.2000000000000000,1.5000000000000000,1.5000000000000000,2.5000000000000000,144.59937650554582,8.5905440887541040,7.1897164257243276,1.3226745084553038
40.000000000000000,0.80000000000000004,3.0000000000000000,0.80000000000000004,1.0000000000000000,147.04986783919389,20.806586476620286,39.429093081504107,0.74109997934352134
33.329999999999998,1.0000000000000000,2.0000000000000000,1.0000000000000000,1.5000000000000000,119.78713977322683,4.6034902738743577,39.012018281503579,0.99935731267084049
30.000000000000000,1.5000000000000000,2.0000000000000000,1.2000000000000000,2.0000000000000000,2.9286613117391243,18.890164668364449,35.416321462020278,0.45172513602372266
15.000000000000000,1.2000000000000000,1.5000000000000000,1.5000000000000000,2.5000000000000000,61.183250905114690,10.090914794113486,12.056543792132288,1.1639133154980885
40.000000000000000,0.80000000000000004,3.0000000000000000,0.80000000000000004,1.0000000000000000,141.10015149554005,35.519068291727457,36.553087357431650,0.29785080708303646
33.329999999999998,1.0000000000000000,2.0000000000000000,1.0000000000000000,1.5000000000000000,57.760779646220620,21.559976137562685,11.818861926390788,-2.7558081354623267
30.000000000000000,1.5000000000000000,2.0000000000000000,1.2000000000000000,2.0000000000000000,52.105383013787218,17.068821000542957,29.518902014940977,1.0724813507758713
15.000000000000000,1.2000000000000000,1.5000000000000000,1.5000000000000000,2.5000000000000000,118.55734466079159,8.9640544042072730,13.522221623919904,1.3083762046046628
40.000000000000000,0.80000000000000004,3.0000000000000000,0.80000000000000004,1.0000000000000000,137.85704269344453,35.872028160095219,44.669606287032366,0.28216475996616247
33.329999999999998,1.0000000000000000,2.0000000000000000,1.0000000000000000,1.5000000000000000,25.919160915033430,23.077355170660280,26.840227352743035,0.76421790236170384
30.000000000000000,1.5000000000000000,2.0000000000000000,1.2000000000000000,2.0000000000000000,103.58063929146623,10.937520520237740,16.762605375610292,1.1783508602627752
15.000000000000000,1.2000000000000000,1.5000000000000000,1.5000000000000000,2.5000000000000000,64.688338823211382,6.1862533255317249,7.8405066244304180,1.4424628570300237
40.000000000000000,0.80000000000000004,3.0000000000000000,0.80000000000000004,1.0000000000000000,58.263153635915373,0.57172647572122515,41.327709820121527,0.79787894780077828
33.329999999999998,1.0000000000000000,2.0000000000000000,1.0000000000000000,1.5000000000000000,69.151962380334737,20.587998711864465,38.181532695081081,0.85357898333531768
30.000000000000000,1.5000000000000000,2.0000000000000000,1.2000000000000000,2.0000000000000000,94.794115241041879,28.767149426594841,26.382957212626934,-0.41918931540961762
15.000000000000000,1.2000000000000000,1.5000000000000000,1.5000000000000000,2.5000000000000000,81.736290126454563,5.9282039248128422,9.9456502050161362,1.4620415316185598
40.000000000000000,0.80000000000000004,3.0000000000000000,0.80000000000000004,1.0000000000000000,42.416722704053392,24.661454100860283,26.301699142903090,0.68040698136530908
33.329999999999998,1.0000000000000000,2.0000000000000000,1.0000000000000000,1.5000000000000000,84.641750035341843,19.738879111761307,39.309188617290921,0.87642932620219205
30.000000000000000,1.5000000000000000,2.0000000000000000,1.2000000000000000,2.0000000000000000,102.03743330319878,27.184359480687416,5.9204995036125183,-5.6711043477481446
15.000000000000000,1.2000000000000000,1.5000000000000000,1.5000000000000000,2.5000000000000000,87.497699910849349,4.4904837241570927,8.1370487404055893,1.4865654964989126
40.000000000000000,0.80000000000000004,3.0000000000000000,0.80000000000000004,1.0000000000000000,18.288267407775855,11.721631758967415,5.9519267231225967,-5.2297247360242869
33.329999999999998,1.0000000000000000,2.0000000000000000,1.0000000000000000,1.5000000000000000,52.550346884017344,12.053754176605764,26.720436045982872,0.98144554810113793
30.000000000000000,1.5000000000000000,2.0000000000000000,1.2000000000000000,2.0000000000000000,112.70353587149644,9.1885706678428676,10.232007776387036,1.1742296423012830
15.000000000000000,1.2000000000000000,1.5000000000000000,1.5000000000000000,2.5000000000000000,37.349684292336462,14.034445391317130,8.4313461156561971,-1.2553554178029591
40.000000000000000,0.80000000000000004,3.0000000000000000,0.80000000000000004,1.0000000000000000,127.86648274597714,10.968428543284535,35.639538075774908,0.79503661745259735
33.329999999999998,1.0000000000000000,2.0000000000000000,1.0000000000000000,1.5000000000000000,59.234630411225375,0.92827083727770709,30.088311749531883,0.99885938842484279
30.000000000000000,1.5000000000000000,2.0000000000000000,1.2000000000000000,2.0000000000000000,17.612494354939557,8.2204602286708539,3.6999066732823849,-1.4875083353783649
15.000000000000000,1.2000000000000000,1.5000000000000000,1.5000000000000000,2.5000000000000000,53.389458953319121,7.5552539037354292,2.2836557384580374,1.1746919740505755
40.000000000000000,0.80000000000000004,3.0000000000000000,0.80000000000000004,1.0000000000000000,55.657423173368443,6.2726217245589941,30.332200594246387,0.79719195311942337
33.329999999999998,1.0000000000000000,2.0000000000000000,1.0000000000000000,1.5000000000000000,62.994581465022641,11.912780181009003,32.979553251790811,0.98267235040297596
30.000000000000000,1.5000000000000000,2.0000000000000000,1.2000000000000000,2.0000000000000000,34.854671715984587,27.290091152214444,21.888893385417759,-7.7132858881395236
15.000000000000000,1.2000000000000000,1.5000000000000000,1.5000000000000000,2.5000000000000000,11.698907665470616,3.9372108320519326,14.649637560825795,1.4682205483740580
40.000000000000000,0.80000000000000004,3.0000000000000000,0.80000000000000004,1.0000000000000000,22.761383966715073,12.130796748949216,41.359823115170002,0.77933537478750992
33.329999999999998,1.0000000000000000,2.0000000000000000,1.0000000000000000,1.5000000000000000,139.29922781400381,29.942071547466824,34.165734756063664,0.34848629796482655
30.000000000000000,1.5000000000000000,2.0000000000000000,1.2000000000000000,2.0000000000000000,100.98795128096828,29.567778303616212,24.846974219195545,-0.91532710440183440
15.000000000000000,1.2000000000000000,1.5000000000000000,1.5000000000000000,2.5000000000000000,86.520916852017407,1.1582240592758171,17.354787966236472,1.4994958297556444
40.000000000000000,0.80000000000000004,3.0000000000000000,0.80000000000000004,1.0000000000000000,127.67146803665675,22.769076440250501,31.048137467354536,0.71556748922377211
33.329999999999998,1.0000000000000000,2.0000000000000000,1.0000000000000000,1.5000000000000000,120.38576122825268,17.740814736218180,14.711956966356373,0.79987421320598684
30.000000000000000,1.5000000000000000,2.0000000000000000,1.2000000000000000,2.0000000000000000,34.662583437014838,25.398976988510693,19.007534642703831,-7.9607073380471967
15.000000000000000,1.2000000000000000,1.5000000000000000,1.5000000000000000,2.5000000000000000,78.045536642917440,1.2675473817915190,8.6880693845450878,1.4993694272251055
40.000000000000000,0.80000000000000004,3.0000000000000000,0.80000000000000004,1.0000000000000000,29.738931690461470,35.899742980347945,43.986016765236855,0.27280153436711829
33.329999999999998,1.0000000000000000,2.0000000000000000,1.0000000000000000,1.5000000000000000,5.8803774154814885,7.5308046100593122,3.2966642156001176,-13.706126957395684
30.000000000000000,1.5000000000000000,2.0000000000000000,1.2000000000000000,2.0000000000000000,96.032987176438340,15.590465465357992,24.780751895159483,1.1119544369408800
15.000000000000000,1.2000000000000000,1.5000000000000000,1.5000000000000000,2.5000000000000000,96.676666983889888,0.77398871099925592,5.4104757118038833,1.4996271961878513
40.000000000000000,0.80000000000000004,3.0000000000000000,0.80000000000000004,1.0000000000000000,48.823651416210922,10.025645168256014,41.865549858659506,0.79382236769845627
33.329999999999998,1.0000000000000000,2.0000000000000000,1.0000000000000000,1.5000000000000000,77.496009776245344,9.1679082011134145,34.872899555079634,0.99360942934514351
30.000000000000000,1.5000000000000000,2.0000000000000000,1.2000000000000000,2.0000000000000000,68.264925893764016,4.7119033968262372,23.626600926741958,1.1982397121021764
15.000000000000000,1.2000000000000000,1.5000000000000000,1.5000000000000000,2.5000000000000000,55.621923982179723,9.6631258972780767,14.352739410940558,1.2405660629653161
40.000000000000000,0.80000000000000004,3.0000000000000000,0.80000000000000004,1.0000000000000000,107.28101524696221,16.743252401892097,5.0152623206377029,-0.33099815184750414
33.329999999999998,1.0000000000000000,2.0000000000000000,1.0000000000000000,1.5000000000000000,109.29682974848897,24.680829667447703,22.941699305023064,0.53575198077035713
30.000000000000000,1.5000000000000000,2.0000000000000000,1.2000000000000000,2.0000000000000000,136.06310825472465,4.9337574982456864,0.73601232748478651,1.1823518662081622
15.000000000000000,1.2000000000000000,1.5000000000000000,1.5000000000000000,2.5000000000000000,96.619944478308327,3.4740961109648922,7.3936944650486112,1.4949390656892849
40.000000000000000,0.80000000000000004,3.0000000000000000,0.80000000000000004,1.0000000000000000,116.05817510684487,26.817671684743836,8.1329925432801247,-4.8710023343212452
33.329999999999998,1.0000000000000000,2.0000000000000000,1.0000000000000000,1.5000000000000000,110.11431688327343,8.0656720709220711,11.011481231971642,0.99624068505721919
30.000000000000000,1.5000000000000000,2.0000000000000000,1.2000000000000000,2.0000000000000000,135.47824266969693,20.350423907618968,8.2803621394559741,0.12867458116026176
15.000000000000000,1.2000000000000000,1.5000000000000000,1.5000000000000000,2.5000000000000000,90.323547321865348,4.3839982647565190,3.3165285391733050,1.4773787940066019
40.000000000000000,0.80000000000000004,3.0000000000000000,0.80000000000000004,1.0000000000000000,128.90034952324584,7.5752119683846830,14.668822791427374,0.79853763175138814
33.329999999999998,1.0000000000000000,2.0000000000000000,1.0000000000000000,1.5000000000000000,98.738934570844293,6.4721359654481967,25.000085698231121,0.99816788214046848
30.000000000000000,1.5000000000000000,2.0000000000000000,1.2000000000000000,2.0000000000000000,125.47173221232138,24.679145739397498,29.157382266595960,0.64958314049082200
15.000000000000000,1.2000000000000000,1.5000000000000000,1.5000000000000000,2.5000000000000000,55.493672002463136,5.9260579378483813,6.9884701911360025,1.4396886830893303
40.000000000000000,0.80000000000000004,3.0000000000000000,0.80000000000000004,1.0000000000000000,68.159877772557095,21.164965036679060,4.2175230681896210,-7.6310683482802402
33.329999999999998,1.0000000000000000,2.0000000000000000,1.0000000000000000,1.5000000000000000,57.209528617586479,9.0759392763988878,26.138667260561135,0.99327959609310146
30.000000000000000,1.5000000000000000,2.0000000000000000,1.2000000000000000,2.0000000000000000,68.209544788647918,5.9483938103984109,14.543258314020932,1.1971135145035368
15.000000000000000,1.2000000000000000,1.5000000000000000,1.5000000000000000,2.5000000000000000,26.040928431192881,13.682022833201335,7.4269396872259676,-3.0802263028824064
40.000000000000000,0.80000000000000004,3.0000000000000000,0.80000000000000004,1.0000000000000000,140.00300759110368,34.373431339859962,39.786711998283863,0.36337650786886438
33.329999999999998,1.0000000000000000,2.0000000000000000,1.0000000000000000,1.5000000000000000,96.065586572277837,2.6321311628709525,27.635715548761187,0.99952767010575294
30.000000000000000,1.5000000000000000,2.0000000000000000,1.2000000000000000,2.0000000000000000,72.028559187320070,29.904640305291394,17.622754527255893,-6.3123023058279566
15.000000000000000,1.2000000000000000,1.5000000000000000,1.5000000000000000,2.5000000000000000,97.778567770530941,4.1397912402043584,3.4887695373035967,1.4832462262142720
40.000000000000000,0.80000000000000004,3.0000000000000000,0.80000000000000004,1.0000000000000000,25.328073759106921,18.023821810623630,38.368147049099207,0.75579749754438452
33.329999999999998,1.0000000000000000,2.0000000000000000,1.0000000000000000,1.5000000000000000,46.465928798716050,19.905879626321642,14.037677883236666,-1.3704653823428381
30.000000000000000,1.5000000000000000,2.0000000000000000,1.2000000000000000,2.0000000000000000,122.30917130670046,15.785135634751059,12.540496545843780,0.96511447486063451
15.000000000000000,1.2000000000000000,1.5000000000000000,1.5000000000000000,2.5000000000000000,121.99865548268427,6.6889413744234476,3.6526982649229467,1.4186987459008757
40.000000000000000,0.80000000000000004,3.0000000000000000,0.80000000000000004,1.0000000000000000,63.607160782548604,25.998684448488056,6.6802093796432018,-17.684767648585328
33.329999999999998,1.0000000000000000,2.0000000000000000,1.0000000000000000,1.5000000000000000,90.376060153807060,12.130982285809605,24.311533205145967,0.98196166812960317
30.000000000000000,1.5000000000000000,2.0000000000000000,1.2000000000000000,2.0000000000000000,62.453777335050987,14.327174194401595,3.0043208179995418,-0.63235873036262991
15.000000000000000,1.2000000000000000,1.5000000000000000,1.5000000000000000,2.5000000000000000,124.05093636049425,4.1731458189245316,14.436719052493572,1.4907943916000796
40.000000000000000,0.80000000000000004,3.0000000000000000,0.80000000000000004,1.0000000000000000,130.18124926751946,37.857148588383573,33.178839236497879,-0.66801198222696123
33.329999999999998,1.0000000000000000,2.0000000000000000,1.0000000000000000,1.5000000000000000,90.190647773521491,11.568313498557639,18.485011801561338,0.98499586830081753
30.000000000000000,1.5000000000000000,2.0000000000000000,1.2000000000000000,2.0000000000000000,128.35024532350246,13.716224442443345,28.885350474156439,1.1472720237731626
15.000000000000000,1.2000000000000000,1.5000000000000000,1.5000000000000000,2.5000000000000000,123.18513975606534,5.0795165378123057,9.6151155238039792,1.4800069613931399
40.000000000000000,0.80000000000000004,3.0000000000000000,0.80000000000000004,1.0000000000000000,26.858667848126501,8.0628408161178236,8.5321682542562485,0.73901587769376786
33.329999999999998,1.0000000000000000,2.0000000000000000,1.0000000000000000,1.5000000000000000,107.45540620302084,20.723034451165997,38.054312840687103,0.85021176191467274
30.000000000000000,1.5000000000000000,2.0000000000000000,1.2000000000000000,2.0000000000000000,59.279811258071568,20.974980422300284,8.9129847055301070,-3.6121122626513973
15.000000000000000,1.2000000000000000,1.5000000000000000,1.5000000000000000,2.5000000000000000,111.75895821511979,5.7922119314130391,14.723198773339391,1.4663791585936981
40.000000000000000,0.80000000000000004,3.0000000000000000,0.80000000000000004,1.0000000000000000,45.232211102293803,31.379360045911746,30.797880403697491,-0.076672764083655365
33.329999999999998,1.0000000000000000,2.0000000000000000,1.0000000000000000,1.5000000000000000,72.625251072356491,30.671165731171413,37.348562681629318,0.28214137008781365
30.000000000000000,1.5000000000000000,2.0000000000000000,1.2000000000000000,2.0000000000000000,119.86935726884288,2.8289850822254081,20.265800775960088,1.1995710500341683
15.000000000000000,1.2000000000000000,1.5000000000000000,1.5000000000000000,2.5000000000000000,4.5426672061695719,2.8684254489792509,9.0922188889235258,1.3344436189387920
40.000000000000000,0.80000000000000004,3.0000000000000000,0.80000000000000004,1.0000000000000000,53.554999680463226,1.7457536932826043,42.215743001550436,0.79748675796663560
33.329999999999998,1.0000000000000000,2.0000000000000000,1.0000000000000000,1.5000000000000000,26.625635029943659,28.224090008230149,23.276837178208861,-10.247101286309006
30.000000000000000,1.5000000000000000,2.0000000000000000,1.2000000000000000,2.0000000000000000,122.11330324131764,27.370284295622259,6.3712332705035806,-3.8351622297045780
15.000000000000000,1.2000000000000000,1.5000000000000000,1.5000000000000000,2.5000000000000000,101.32701558280738,2.0955982605158350,2.3660593307577074,1.4972423341717238
40.000000000000000,0.80000000000000004,3.0000000000000000,0.80000000000000004,1.0000000000000000,145.44349358235951,6.5472772507555783,0.24496249482035637,0.76236485082156058
33.329999999999998,1.0000000000000000,2.0000000000000000,1.0000000000000000,1.5000000000000000,32.349046523629227,21.718771003250911,17.851930783898567,-2.3954670230597199
30.000000000000000,1.5000000000000000,2.0000000000000000,1.2000000000000000,2.0000000000000000,52.824309195145034,27.508428556127473,17.901902689598501,-6.7551095768911189
15.000000000000000,1.2000000000000000,1.5000000000000000,1.5000000000000000,2.5000000000000000,89.013576060989877,8.6577687271416650,0.49408923229202628,1.1615652726379642
40.000000000000000,0.80000000000000004,3.0000000000000000,0.80000000000000004,1.0000000000000000,81.340334436446440,23.906536388089879,47.503311552107334,0.69683741166449764
33.329999999999998,1.0000000000000000,2.0000000000000000,1.0000000000000000,1.5000000000000000,5.5129528673412285,6.2187823953753592,22.449662829500621,0.86717729191159387
30.000000000000000,1.5000000000000000,2.0000000000000000,1.2000000000000000,2.0000000000000000,82.962449098213114,0.77936197517439720,5.6495993183925748,1.1993020595775896
15.000000000000000,1.2000000000000000,1.5000000000000000,1.5000000000000000,2.5000000000000000,87.811501601808715,10.241608709127176,12.244372892193496,1.1599793961456815
40.000000000000000,0.80000000000000004,3.0000000000000000,0.80000000000000004,1.0000000000000000,74.576800101187558,13.948000489706175,1.3383493982255459,-1.0316020336957070
33.329999999999998,1.0000000000000000,2.0000000000000000,1.0000000000000000,1.5000000000000000,98.099503813153149,1.1366893523873900,23.723398833249693,0.99958299857814248
30.000000000000000,1.5000000000000000,2.0000000000000000,1.2000000000000000,2.0000000000000000,49.587467701036950,8.6900910879392175,17.374900787137449,1.1895991500029020
15.000000000000000,1.2000000000000000,1.5000000000000000,1.5000000000000000,2.5000000000000000,132.33669304999057,5.8522420821944250,16.444849157240242,1.4650524411985559
40.000000000000000,0.80000000000000004,3.0000000000000000,0.80000000000000004,1.0000000000000000,89.962884485335096,20.696705818343908,14.935298010706902,0.0079154909860422729
33.329999999999998,1.0000000000000000,2.0000000000000000,1.0000000000000000,1.5000000000000000,137.52144355418395,13.829448005878280,25.377642823227678,0.97014850054120005
30.000000000000000,1.5000000000000000,2.0000000000000000,1.2000000000000000,2.0000000000000000,112.00369854702150,0.29262809404637663,5.0784956635907292,1.1996173613467667
15.000000000000000,1.2000000000000000,1.5000000000000000,1.5000000000000000,2.5000000000000000,74.853937529928530,11.127008742971810,12.137306287419051,1.0075790888012632
40.000000000000000,0.80000000000000004,3.0000000000000000,0.80000000000000004,1.0000000000000000,108.93498820567970,30.180710470452905,27.632447641342878,0.20908767211464357
33.329999999999998,1.0000000000000000,2.0000000000000000,1.0000000000000000,1.5000000000000000,7.3633278947300278,28.569663644772575,32.122716358532195,0.38636693275347567
30.000000000000000,1.5000000000000000,2.0000000000000000,1.2000000000000000,2.0000000000000000,58.646973358641844,25.444930705761070,6.5481639392673969,-12.735761962852330
15.000000000000000,1.2000000000000000,1.5000000000000000,1.5000000000000000,2.5000000000000000,99.473083625670995,1.3995133966323918,4.2503124419599771,1.4991860673780828
40.000000000000000,0.80000000000000004,3.0000000000000000,0.80000000000000004,1.0000000000000000,125.39288929127623,29.593484039325268,11.639160621911287,-4.7708665472034939
33.329999999999998,1.0000000000000000,2.0000000000000000,1.0000000000000000,1.5000000000000000,114.84397578168429,21.545547638667042,16.849284200881605,0.50648442039877528
30.000000000000000,1.5000000000000000,2.0000000000000000,1.2000000000000000,2.0000000000000000,80.625403131034702,24.626998651809988,17.270862928591669,-1.0965521801325973
15.000000000000000,1.2000000000000000,1.5000000000000000,1.5000000000000000,2.5000000000000000,95.225342365652338,5.5001009302167221,6.3329017334617674,1.4649695625695254
40.000000000000000,0.80000000000000004,3.0000000000000000,0.80000000000000004,1.0000000000000000,97.339354847115473,11.481283284416422,38.797811385244131,0.79380995245774255
33.329999999999998,1.0000000000000000,2.0000000000000000,1.0000000000000000,1.5000000000000000,100.54707055311884,17.982678611697494,31.652340726829131,0.91486671821863086
30.000000000000000,1.5000000000000000,2.0000000000000000,1.2000000000000000,2.0000000000000000,45.054339985409754,17.807568773862439,25.454529002308846,1.0486598794430744
15.000000000000000,1.2000000000000000,1.5000000000000000,1.5000000000000000,2.5000000000000000,74.503111001672238,11.397847308819182,6.2015933655202389,0.74906063488496910
40.000000000000000,0.80000000000000004,3.0000000000000000,0.80000000000000004,1.0000000000000000,7.7620243875915182,0.85755739644169804,39.334863647818565,0.68049581764947387
33.329999999999998,1.0000000000000000,2.0000000000000000,1.0000000000000000,1.5000000000000000,4.2384407060849476,8.7249628709650739,32.191517275258896,0.77264131013541815
30.000000000000000,1.5000000000000000,2.0000000000000000,1.2000000000000000,2.0000000000000000,124.07021282554838,29.891502641185653,35.209467164240777,0.016953809256179155
15.000000000000000,1.2000000000000000,1.5000000000000000,1.5000000000000000,2.5000000000000000,25.620243308395150,1.2751914542214944,6.1265131509862840,1.4947799455799304
40.000000000000000,0.80000000000000004,3.0000000000000000,0.80000000000000004,1.0000000000000000,56.448511854622048,8.0771589420363306,44.083780914545059,0.79641032039639204
33.329999999999998,1.0000000000000000,2.0000000000000000,1.0000000000000000,1.5000000000000000,12.197088300052565,26.737640940926706,34.836161249857390,0.55896893931709157
30.000000000000000,1.5000000000000000,2.0000000000000000,1.2000000000000000,2.0000000000000000,65.858008853460206,2.0141482515656390,7.9971006754785776,1.1988689333586342
15.000000000000000,1.2000000000000000,1.5000000000000000,1.5000000000000000,2.5000000000000000,145.25232599240960,6.1278413577354511,8.4114549667574465,1.4562688419750489
40.000000000000000,0.80000000000000004,3.0000000000000000,0.80000000000000004,1.0000000000000000,111.26495213733055,18.655284931249916,12.490753557533026,0.32539215285023804
33.329999999999998,1.0000000000000000,2.0000000000000000,1.0000000000000000,1.5000000000000000,147.24180367496331,31.998257970646151,4.2947723401822149,-7.0788405741930438
30.000000000000000,1.5000000000000000,2.0000000000000000,1.2000000000000000,2.0000000000000000,124.80343694824494,25.601276140550617,4.3050615079700947,-3.0431456092319404
15.000000000000000,1.2000000000000000,1.5000000000000000,1.5000000000000000,2.5000000000000000,136.87737941040425,8.8570391172263765,6.9092575055547059,1.2956443954036891
40.000000000000000,0.80000000000000004,3.0000000000000000,0.80000000000000004,1.0000000000000000,30.723741045829378,25.281684152008967,31.065967865288258,0.66470682326383335
33.329999999999998,1.0000000000000000,2.0000000000000000,1.0000000000000000,1.5000000000000000,61.859517466246615,11.669523121935969,21.781296233857979,0.98392772385091698
30.000000000000000,1.5000000000000000,2.0000000000000000,1.2000000000000000,2.0000000000000000,82.140393844305081,14.451466578282416,0.54915377218276262,-0.25826375482600006
15.000000000000000,1.2000000000000000,1.5000000000000000,1.5000000000000000,2.5000000000000000,53.307358570185023,1.8455341392627451,5.6818425385281444,1.4977775232960542
40.000000000000000,0.80000000000000004,3.0000000000000000,0.80000000000000004,1.0000000000000000,140.47511678228852,4.1760629304405299,47.199894547462463,0.79954009118276992
33.329999999999998,1.0000000000000000,2.0000000000000000,1.0000000000000000,1.5000000000000000,97.750051486634192,25.739486474014058,28.785323947914872,0.64390234684978476
30.000000000000000,1.5000000000000000,2.0000000000000000,1.2000000000000000,2.0000000000000000,30.105913382512519,12.715184223752003,13.494112718850374,0.73818985006775062
15.000000000000000,1.2000000000000000,1.5000000000000000,1.5000000000000000,2.5000000000000000,25.313890202220065,6.3124889071367214,14.854367544874549,1.4476864355779639
40.000000000000000,0.80000000000000004,3.0000000000000000,0.80000000000000004,1.0000000000000000,104.26863869566239,35.865675839390605,19.888775009661913,-8.8355526348115436
33.329999999999998,1.0000000000000000,2.0000000000000000,1.0000000000000000,1.5000000000000000,45.517440952125469,2.0092871908368193,26.578411384854462,0.99805613890218181
30.000000000000000,1.5000000000000000,2.0000000000000000,1.2000000000000000,2.0000000000000000,88.845290209664967,8.2090202052891250,2.0071236519142985,1.0495694899346906
15.000000000000000,1.2000000000000000,1.5000000000000000,1.5000000000000000,2.5000000000000000,70.361305872681555,3.0577733698755036,15.215740794315934,1.4967279959671009
40.000000000000000,0.80000000000000004,3.0000000000000000,0.80000000000000004,1.0000000000000000,44.149594437978230,23.727067562704907,44.962579485028982,0.69726258090528748
33.329999999999998,1.0000000000000000,2.0000000000000000,1.0000000000000000,1.5000000000000000,25.748348247050309,7.3023298733022317,28.110599616061894,0.99166249513085014
30.000000000000000,1.5000000000000000,2.0000000000000000,1.2000000000000000,2.0000000000000000,59.228836153743323,6.1452567049604836,30.141900639049709,1.1965189303813311
15.000000000000000,1.2000000000000000,1.5000000000000000,1.5000000000000000,2.5000000000000000,70.586815705385533,6.4201929371757434,4.7701223152689636,1.4067434393289031
40.000000000000000,0.80000000000000004,3.0000000000000000,0.80000000000000004,1.0000000000000000,40.573544864282013,12.228181564221160,25.212309267371893,0.78863921489657984
33.329999999999998,1.0000000000000000,2.0000000000000000,1.0000000000000000,1.5000000000000000,74.402173262326983,10.913604386203307,27.372354633978563,0.98778181721219815
30.000000000000000,1.5000000000000000,2.0000000000000000,1.2000000000000000,2.0000000000000000,41.923620430275335,1.1260213386523537,31.397087403573096,1.1972666058939760
15.000000000000000,1.2000000000000000,1.5000000000000000,1.5000000000000000,2.5000000000000000,37.601433700600175,2.2805969988880679,0.99871667521074414,1.4727650673315995
40.000000000000000,0.80000000000000004,3.0000000000000000,0.80000000000000004,1.0000000000000000,87.959888660290758,10.845327937100082,30.761270653456450,0.79474604598490750
33.329999999999998,1.0000000000000000,2.0000000000000000,1.0000000000000000,1.5000000000000000,41.354962475113574,0.14589409476534929,13.908337712525388,0.99766113692585201
30.000000000000000,1.5000000000000000,2.0000000000000000,1.2000000000000000,2.0000000000000000,10.095285927050282,23.001433528480121,25.548666793853045,-2.8587754221473358
15.000000000000000,1.2000000000000000,1.5000000000000000,1.5000000000000000,2.5000000000000000,8.1586286977515563,12.411003381282789,10.302870766259730,-11.278668623290690
40.000000000000000,0.80000000000000004,3.0000000000000000,0.80000000000000004,1.0000000000000000,106.17783077755944,24.744240798270329,39.284332126379013,0.68221019752342971
33.329999999999998,1.0000000000000000,2.0000000000000000,1.0000000000000000,1.5000000000000000,105.23169266775717,6.1837791111034708,19.515065873223353,0.99845390340666496
30.000000000000000,1.5000000000000000,2.0000000000000000,1.2000000000000000,2.0000000000000000,46.957091777441093,11.892440632833168,26.121186730451882,1.1681897859884025
15.000000000000000,1.2000000000000000,1.5000000000000000,1.5000000000000000,2.5000000000000000,25.836423714756968,12.020903567606583,4.3666123878210783,-2.6572088588608933
40.000000000000000,0.80000000000000004,3.0000000000000000,0.80000000000000004,1.0000000000000000,130.30818532230333,28.970504970448093,33.890476081520319,0.57944848676574012
33.329999999999998,1.0000000000000000,2.0000000000000000,1.0000000000000000,1.5000000000000000,144.18342879831093,31.715996554232209,37.517456394539209,0.17988624275852830
30.000000000000000,1.5000000000000000,2.0000000000000000,1.2000000000000000,2.0000000000000000,56.595367026084567,14.853738829800859,14.039824831299484,0.83031934095525606
15.000000000000000,1.2000000000000000,1.5000000000000000,1.5000000000000000,2.5000000000000000,27.298778233437336,6.4444566734391264,7.0905035384930670,1.3149232102353139
40.000000000000000,0.80000000000000004,3.0000000000000000,0.80000000000000004,1.0000000000000000,145.74055705589709,32.733321433346717,14.561799198389053,-4.4862038464769647
33.329999999999998,1.0000000000000000,2.0000000000000000,1.0000000000000000,1.5000000000000000,78.838898903236270,3.6224904749979356,23.384732224401084,0.99921691856631123
30.000000000000000,1.5000000000000000,2.0000000000000000,1.2000000000000000,2.0000000000000000,10.108770003332756,10.860090282973832,11.717929140664637,-1.5635792574975731
15.000000000000000,1.2000000000000000,1.5000000000000000,1.5000000000000000,2.5000000000000000,15.917261407105253,5.1693844197818546,6.0825661956332624,1.2299011354920677
40.000000000000000,0.80000000000000004,3.0000000000000000,0.80000000000000004,1.0000000000000000,68.768089001416243,2.4369289430044594,38.589227277785540,0.79846647448869401
33.329999999999998,1.0000000000000000,2.0000000000000000,1.0000000000000000,1.5000000000000000,31.574257499333470,28.123820745790404,32.328870256268416,0.48904831632884238
30.000000000000000,1.5000000000000000,2.0000000000000000,1.2000000000000000,2.0000000000000000,86.571722098931218,9.2049516479414883,2.5784525955095887,0.98764855788717754
15.000000000000000,1.2000000000000000,1.5000000000000000,1.5000000000000000,2.5000000000000000,55.541154383819084,10.258974275768269,3.2809590194374323,0.66466747343902755
40.000000000000000,0.80000000000000004,3.0000000000000000,0.80000000000000004,1.0000000000000000,97.834102552973206,6.3429801904968919,29.250393725931644,0.79874191575541786
33.329999999999998,1.0000000000000000,2.0000000000000000,1.0000000000000000,1.5000000000000000,27.054979616871570,21.253775930919684,12.636591764719224,-12.292368000275177
30.000000000000000,1.5000000000000000,2.0000000000000000,1.2000000000000000,2.0000000000000000,4.5959243508358485,6.0811335979169234,19.150086826644838,0.97072841762073414
15.000000000000000,1.2000000000000000,1.5000000000000000,1.5000000000000000,2.5000000000000000,88.404626518667214,4.6926248643617141,12.371364823076874,1.4852003822877520
40.000000000000000,0.80000000000000004,3.0000000000000000,0.80000000000000004,1.0000000000000000,134.32136153552915,9.7931270153447993,9.3031211681663990,0.78902420947927199
33.329999999999998,1.0000000000000000,2.0000000000000000,1.0000000000000000,1.5000000000000000,119.72791479240871,27.095820428353541,16.582790304324586,-0.91138044061007739
30.000000000000000,1.5000000000000000,2.0000000000000000,1.2000000000000000,2.0000000000000000,80.067773254124930,4.6329382512462320,10.443314759060740,1.1985687383033643
15.000000000000000,1.2000000000000000,1.5000000000000000,1.5000000000000000,2.5000000000000000,80.820862461908263,9.7291231693408911,2.5461756759323180,1.0107171262254966
40.000000000000000,0.80000000000000004,3.0000000000000000,0.80000000000000004,1.0000000000000000,147.54822297064121,25.111243229275569,27.382052265107632,0.67541169999178707
33.329999999999998,1.0000000000000000,2.0000000000000000,1.0000000000000000,1.5000000000000000,60.328484032431156,31.493316218656702,34.404357225467450,0.20176514334386561
30.000000000000000,1.5000000000000000,2.0000000000000000,1.2000000000000000,2.0000000000000000,18.719991414234975,1.6566882528341376,27.934871295467019,1.1862916984773582
15.000000000000000,1.2000000000000000,1.5000000000000000,1.5000000000000000,2.5000000000000000,24.867962589825041,9.1294740460580215,15.135307515040040,1.2887122288936856
40.000000000000000,0.80000000000000004,3.0000000000000000,0.80000000000000004,1.0000000000000000,133.92893973802916,23.643598172105850,35.317746620625257,0.70194138683674179
33.329999999999998,1.0000000000000000,2.0000000000000000,1.0000000000000000,1.5000000000000000,41.648618942338508,17.296343709248173,28.732917679388073,0.92517096735576132
30.000000000000000,1.5000000000000000,2.0000000000000000,1.2000000000000000,2.0000000000000000,110.85369440466633,17.713107792183290,22.933064865879714,1.0537698510704476
15.000000000000000,1.2000000000000000,1.5000000000000000,1.5000000000000000,2.5000000000000000,30.028185132285582,10.255897090437356,14.399381240364164,1.1588219468832994
40.000000000000000,0.80000000000000004,3.0000000000000000,0.80000000000000004,1.0000000000000000,44.472586802714503,19.059810078665613,1.9003544412553310,-15.595579042379946
33.329999999999998,1.0000000000000000,2.0000000000000000,1.0000000000000000,1.5000000000000000,133.47547323672333,27.892255356805403,16.030745692217721,-1.0178327148486150
30.000000000000000,1.5000000000000000,2.0000000000000000,1.2000000000000000,2.0000000000000000,40.885924359366761,15.128849726691842,28.548005140386522,1.1195182110664279
15.000000000000000,1.2000000000000000,1.5000000000000000,1.5000000000000000,2.5000000000000000,122.23703128532507,11.416379631446906,14.647618804592639,0.99345202724579373
40.000000000000000,0.80000000000000004,3.0000000000000000,0.80000000000000004,1.0000000000000000,145.61471575126984,12.991561324987561,40.640472996979952,0.79075827540417465
33.329999999999998,1.0000000000000000,2.0000000000000000,1.0000000000000000,1.5000000000000000,18.999173970229457,4.2668690985994315,1.2300146976197137,0.62972199213523861
30.000000000000000,1.5000000000000000,2.0000000000000000,1.2000000000000000,2.0000000000000000,116.48868256108371,21.517647862443699,23.335265812464058,0.84093985130038618
15.000000000000000,1.2000000000000000,1.5000000000000000,1.5000000000000000,2.5000000000000000,30.795082806078721,3.1264563930616713,14.149892220273614,1.4936101660224459
40.000000000000000,0.80000000000000004,3.0000000000000000,0.80000000000000004,1.0000000000000000,87.279799321696643,13.857511855345219,42.872382536530495,0.78753116421428382
33.329999999999998,1.0000000000000000,2.0000000000000000,1.0000000000000000,1.5000000000000000,120.83383301551687,29.015491062041985,32.960694030373354,0.42537363570917736
30.000000000000000,1.5000000000000000,2.0000000000000000,1.2000000000000000,2.0000000000000000,42.045337464013137,25.441551948061676,34.850002021528780,0.57660066694516687
15.000000000000000,1.2000000000000000,1.5000000000000000,1.5000000000000000,2.5000000000000000,109.50885686528171,12.457481333299073,4.4120733202435076,0.56231881973441045
40.000000000000000,0.80000000000000004,3.0000000000000000,0.80000000000000004,1.0000000000000000,64.484298715265467,0.71975782728753990,30.150371868163347,0.79826840800557541
33.329999999999998,1.0000000000000000,2.0000000000000000,1.0000000000000000,1.5000000000000000,27.231009531996683,26.593411211684142,36.283755574168630,0.58932594750623668
30.000000000000000,1.5000000000000000,2.0000000000000000,1.2000000000000000,2.0000000000000000,43.583920719434971,12.906864557596855,20.809668056666851,1.1563600899774498
15.000000000000000,1.2000000000000000,1.5000000000000000,1.5000000000000000,2.5000000000000000,126.38653084786145,9.9832604330114556,10.768452274147421,1.1933586714798128
40.000000000000000,0.80000000000000004,3.0000000000000000,0.80000000000000004,1.0000000000000000,91.214565269898173,14.618358467761427,46.979470096528530,0.78486395258783692
33.329999999999998,1.0000000000000000,2.0000000000000000,1.0000000000000000,1.5000000000000000,143.52877225176897,24.804846016664765,25.531831762069832,0.67488512292222491
30.000000000000000,1.5000000000000000,2.0000000000000000,1.2000000000000000,2.0000000000000000,91.403673256735800,0.96631681696046146,13.995996211655438,1.1994241766375611
15.000000000000000,1.2000000000000000,1.5000000000000000,1.5000000000000000,2.5000000000000000,69.653649867738139,0.97440239725518041,6.6091015152633190,1.4992776472881881
40.000000000000000,0.80000000000000004,3.0000000000000000,0.80000000000000004,1.0000000000000000,118.60610270636390,2.3274014333356172,39.472054906189442,0.79947900933839311
33.329999999999998,1.0000000000000000,2.0000000000000000,1.0000000000000000,1.5000000000000000,27.217840699211230,0.65949855889140163,32.662812570534641,0.99460035777498124
30.000000000000000,1.5000000000000000,2.0000000000000000,1.2000000000000000,2.0000000000000000,91.565923802456823,20.248501595144624,26.472273414954543,0.95038825848144992
15.000000000000000,1.2000000000000000,1.5000000000000000,1.5000000000000000,2.5000000000000000,133.88873984176666,7.4902927153708880,2.8667406071908772,1.3751437289676305
40.000000000000000,0.80000000000000004,3.0000000000000000,0.80000000000000004,1.0000000000000000,67.737813256548264,19.725935613876210,3.7207799926400185,-5.8955507357658457
33.329999999999998,1.0000000000000000,2.0000000000000000,1.0000000000000000,1.5000000000000000,2.5734211711236274,5.4756183427362046,6.8845324916979287,-1.8267428912959498
30.000000000000000,1.5000000000000000,2.0000000000000000,1.2000000000000000,2.0000000000000000,42.405711776891259,17.458818556079642,6.9283095253631473,-4.0497879531346737
15.000000000000000,1.2000000000000000,1.5000000000000000,1.5000000000000000,2.5000000000000000,133.52726496094138,9.7911025642266036,16.144478757865727,1.2275075840807079
40.000000000000000,0.80000000000000004,3.0000000000000000,0.80000000000000004,1.0000000000000000,130.12341967572226,24.205658078100534,12.142950050532818,-0.93464877360001453
33.329999999999998,1.0000000000000000,2.0000000000000000,1.0000000000000000,1.5000000000000000,85.023462842514277,23.398265128606141,17.588664211970752,-0.14808770576249997
30.000000000000000,1.5000000000000000,2.0000000000000000,1.2000000000000000,2.0000000000000000,75.923016878224459,6.2782147901784624,13.088724344037473,1.1968656303588949
15.000000000000000,1.2000000000000000,1.5000000000000000,1.5000000000000000,2.5000000000000000,108.56688538257966,8.8158672004763492,10.937197213992476,1.3143376128199711
40.000000000000000,0.80000000000000004,3.0000000000000000,0.80000000000000004,1.0000000000000000,32.456496350467205,1.5609554751589894,15.891988143324852,0.79316329099537275
33.329999999999998,1.0000000000000000,2.0000000000000000,1.0000000000000000,1.5000000000000000,79.839491755210332,11.196993572130825,36.586390252576209,0.98663556332071567
30.000000000000000,1.5000000000000000,2.0000000000000000,1.2000000000000000,2.0000000000000000,76.109695366532549,6.8310657370579424,27.978606398217380,1.1959454748729017
15.000000000000000,1.2000000000000000,1.5000000000000000,1.5000000000000000,2.5000000000000000,43.935121076859069,12.718059157143580,16.493377979379147,0.71000611662267510
40.000000000000000,0.80000000000000004,3.0000000000000000,0.80000000000000004,1.0000000000000000,123.00298806234031,20.196818851875143,24.419197317212820,0.74752668308309156
33.329999999999998,1.0000000000000000,2.0000000000000000,1.0000000000000000,1.5000000000000000,29.111004905900920,13.574341234555808,13.343923132745548,0.63740624385818223
30.000000000000000,1.5000000000000000,2.0000000000000000,1.2000000000000000,2.0000000000000000,90.257398042841828,10.113424912663175,3.3419849490746856,0.95730675111205066
15.000000000000000,1.2000000000000000,1.5000000000000000,1.5000000000000000,2.5000000000000000,111.94038364138920,9.5429674301343042,5.7807732950896025,1.1951582633619988
40.000000000000000,0.80000000000000004,3.0000000000000000,0.80000000000000004,1.0000000000000000,65.486725443964829,30.069569113422187,26.481288827955723,-0.87955628413417997
33.329999999999998,1.0000000000000000,2.0000000000000000,1.0000000000000000,1.5000000000000000,70.432134177109702,10.433993197084350,34.770850981509305,0.98958946542800785
30.000000000000000,1.5000000000000000,2.0000000000000000,1.2000000000000000,2.0000000000000000,121.60190189884511,22.336189676213543,27.269550036638975,0.83092492071732060
15.000000000000000,1.2000000000000000,1.5000000000000000,1.5000000000000000,2.5000000000000000,61.490631763522984,2.9831759716139641,5.3906504698097706,1.4935262070354582
40.000000000000000,0.80000000000000004,3.0000000000000000,0.80000000000000004,1.0000000000000000,81.167506932860718,19.864138777451590,13.220800202339888,-0.29127171201278457
33.329999999999998,1.0000000000000000,2.0000000000000000,1.0000000000000000,1.5000000000000000,148.36849843956298,30.758084547542101,31.546955213611941,0.25101303939922864
30.000000000000000,1.5000000000000000,2.0000000000000000,1.2000000000000000,2.0000000000000000,48.015816371007823,26.889341423178557,14.588016076013446,-11.144020697461936
15.000000000000000,1.2000000000000000,1.5000000000000000,1.5000000000000000,2.5000000000000000,106.70029340700015,13.888280044075799,0.74833377962931991,-0.16389898837218109
40.000000000000000,0.80000000000000004,3.0000000000000000,0.80000000000000004,1.0000000000000000,101.49548439001899,18.798791418001056,34.538956526666880,0.76027365067328367
33.329999999999998,1.0000000000000000,2.0000000000000000,1.0000000000000000,1.5000000000000000,127.86949458009332,26.814396342351106,3.0861998616456980,-4.5116940167309334
30.000000000000000,1.5000000000000000,2.0000000000000000,1.2000000000000000,2.0000000000000000,117.73102344984190,18.324602939493488,29.230559022165835,1.0326082950365871
15.000000000000000,1.2000000000000000,1.5000000000000000,1.5000000000000000,2.5000000000000000,117.71072920369451,14.357125393780880,9.1274782740511000,0.083815243186809218
40.000000000000000,0.80000000000000004,3.0000000000000000,0.80000000000000004,1.0000000000000000,34.526683818213641,34.115891970321535,39.369679067283869,0.37063224688064694
33.329999999999998,1.0000000000000000,2.0000000000000000,1.0000000000000000,1.5000000000000000,108.52075166807046,13.035053329942134,13.076498453736304,0.95796988357753809
30.000000000000000,1.5000000000000000,2.0000000000000000,1.2000000000000000,2.0000000000000000,116.66859149764991,3.0337787830084562,17.703069965355098,1.1995218620021246
15.000000000000000,1.2000000000000000,1.5000000000000000,1.5000000000000000,2.5000000000000000,74.202307695325004,5.6857715738913974,10.107510442379862,1.4681202010037462
40.000000000000000,0.80000000000000004,3.0000000000000000,0.80000000000000004,1.0000000000000000,138.50564150339923,9.9407779485359793,11.057444326579571,0.79600856979377932
33.329999999999998,1.0000000000000000,2.0000000000000000,1.0000000000000000,1.5000000000000000,23.649473307374869,1.8497188674618910,3.0005537492902947,0.98410557777524599
30.000000000000000,1.5000000000000000,2.0000000000000000,1.2000000000000000,2.0000000000000000,78.194441029960302,15.436376485212239,26.362182925455272,1.1150991454947554
15.000000000000000,1.2000000000000000,1.5000000000000000,1.5000000000000000,2.5000000000000000,79.866734240248348,6.2200830318045330,15.992071563843638,1.4551191254509452
40.000000000000000,0.80000000000000004,3.0000000000000000,0.80000000000000004,1.0000000000000000,119.00214387355140,4.2182816757448016,7.0112227052450180,0.79939263499730240
33.329999999999998,1.0000000000000000,2.0000000000000000,1.0000000000000000,1.5000000000000000,77.643499077090539,1.4321108836085117,30.982494863905007,0.99933307793872239
30.000000000000000,1.5000000000000000,2.0000000000000000,1.2000000000000000,2.0000000000000000,146.27246778942180,9.5602738936711091,27.296538792550564,1.1873997331124857
15.000000000000000,1.2000000000000000,1.5000000000000000,1.5000000000000000,2.5000000000000000,103.40118408785203,13.681890332694165,17.272609365172684,0.45788657037849373
40.000000000000000,0.80000000000000004,3.0000000000000000,0.80000000000000004,1.0000000000000000,29.785971449629869,4.4773967838194224,4.9469267874956131,0.77351517256654123
33.329999999999998,1.0000000000000000,2.0000000000000000,1.0000000000000000,1.5000000000000000,113.19856684554836,12.326109444291719,6.7198304380662730,0.84008561834767925
30.000000000000000,1.5000000000000000,2.0000000000000000,1.2000000000000000,2.0000000000000000,64.767403697788254,5.5135747144441121,10.589446384459734,1.1974866492187766
15.000000000000000,1.2000000000000000,1.5000000000000000,1.5000000000000000,2.5000000000000000,68.672611042729116,8.4112973489239806,0.61181668331846595,1.0927469031313624
40.000000000000000,0.80000000000000004,3.0000000000000000,0.80000000000000004,1.0000000000000000,52.906530202159196,17.935765628367662,35.100186020135880,0.76508851344326312
33.329999999999998,1.0000000000000000,2.0000000000000000,1.0000000000000000,1.5000000000000000,59.366422798032872,32.139383883941079,35.654738944656209,0.13427758360733294
30.000000000000000,1.5000000000000000,2.0000000000000000,1.2000000000000000,2.0000000000000000,143.57537660441827,18.375088127336930,3.0947317723184824,0.19027334346492153
15.000000000000000,1.2000000000000000,1.5000000000000000,1.5000000000000000,2.5000000000000000,118.17797087688466,14.487663545308168,12.178142596967518,0.11330391477228156
40.000000000000000,0.80000000000000004,3.0000000000000000,0.80000000000000004,1.0000000000000000,65.766662997598772,13.413020123513416,41.115294635295868,0.78822058053713573
33.329999999999998,1.0000000000000000,2.0000000000000000,1.0000000000000000,1.5000000000000000,134.18679922091542,26.755648769949023,15.456900104884987,-0.70127506457224165
30.000000000000000,1.5000000000000000,2.0000000000000000,1.2000000000000000,2.0000000000000000,97.064291512300272,5.7394718310493040,26.279787710867822,1.1978829037205885
15.000000000000000,1.2000000000000000,1.5000000000000000,1.5000000000000000,2.5000000000000000,62.191267785439273,4.9069910699897443,2.0707679162733257,1.4360498885685580
40.000000000000000,0.80000000000000004,3.0000000000000000,0.80000000000000004,1.0000000000000000,57.411785967194014,21.795319558912890,3.1362817212939262,-14.171341499773179
33.329999999999998,1.0000000000000000,2.0000000000000000,1.0000000000000000,1.5000000000000000,22.965993671289183,0.32901950701257909,39.639058097155761,0.99241614443039516
30.000000000000000,1.5000000000000000,2.0000000000000000,1.2000000000000000,2.0000000000000000,142.81960242421366,27.937523464097175,13.544916096143425,-1.4771514511831709
15.000000000000000,1.2000000000000000,1.5000000000000000,1.5000000000000000,2.5000000000000000,40.548291460659819,10.855385330464923,8.5526948170736432,0.68697194557799646
40.000000000000000,0.80000000000000004,3.0000000000000000,0.80000000000000004,1.0000000000000000,79.690471274130985,29.876873241243885,31.834095742553473,0.54987125891824229
33.329999999999998,1.0000000000000000,2.0000000000000000,1.0000000000000000,1.5000000000000000,11.078410244083498,15.067019741495121,27.183828658154230,0.92564770438515920
30.000000000000000,1.5000000000000000,2.0000000000000000,1.2000000000000000,2.0000000000000000,19.106898210339715,0.73200142959365622,13.652114636264741,1.1868515394722119
15.000000000000000,1.2000000000000000,1.5000000000000000,1.5000000000000000,2.5000000000000000,69.328980838686704,1.0250301198754459,15.571484837215394,1.4992651175572222
40.000000000000000,0.80000000000000004,3.0000000000000000,0.80000000000000004,1.0000000000000000,93.702045945879078,9.2380946801137185,42.846684504300356,0.79690392251828268
33.329999999999998,1.0000000000000000,2.0000000000000000,1.0000000000000000,1.5000000000000000,142.22220628058770,12.750888368334865,10.509668132401071,0.94407727974009092
