permutation,time,ttc,gap
0,0.05,,20.450353342171169
0,0.10,,20.353405492410563
0,0.15,,20.256460534630104
0,0.20,,20.159520244449791
0,0.25,,20.062581670198913
0,0.30,,19.965647175654251
0,0.35,,19.868716397392774
0,0.40,,19.771788547397733
0,0.45,,19.674864732377216
0,0.50,,19.577942852904151
0,0.55,,19.481027921423046
0,0.60,,19.384113113375786
0,0.65,,19.287203589881745
0,0.70,,19.19029710715148
0,0.75,,19.093394773342627
0,0.80,,18.996496631927922
0,0.85,,18.899601659945986
0,0.90,,18.802710329969152
0,0.95,,18.705824084000739
0,1.00,,18.608941331737203
0,1.05,,18.512061050419824
0,1.10,,18.415185277971656
0,1.15,,18.318314885440248
0,1.20,,18.221447291780667
0,1.25,,18.124586181886205
0,1.30,,18.027727729821521
0,1.35,,17.930873167680183
0,1.40,,17.834023471385102
0,1.45,,17.737178412742644
0,1.50,,17.640337339082947
0,1.55,,17.5435002385546
0,1.60,,17.446669212349516
0,1.65,,17.349841207984998
0,1.70,,17.253018368120017
0,1.75,,17.156201629275539
0,1.80,,17.059387435157785
0,1.85,,16.96258115794377
0,1.90,,16.865776670444998
0,1.95,,16.768978479239415
0,2.00,,16.672184901662177
0,2.05,,16.57539683368217
0,2.10,,16.478613571552977
0,2.15,,16.38183688495284
0,2.20,,16.285065049102769
0,2.25,,16.188299262790373
0,2.30,,16.091537321168829
0,2.35,,15.994782577972975
0,2.40,,15.898032876641894
0,2.45,,15.801288568351529
0,2.50,,15.704550467818839
0,2.55,,15.607817863887231
0,2.60,,15.511091774539324
0,2.65,,15.414373092487841
0,2.70,,15.317658323359256
0,2.75,,15.220952174775618
0,2.80,,15.124250158932339
0,2.85,,15.027555985344879
0,2.90,,14.930868069206628
0,2.95,,14.834187332682994
0,3.00,,14.737513799118856
0,3.05,,14.640846779105077
0,3.10,,14.544187211270513
0,3.15,,14.447534631660092
0,3.20,,14.350889652538328
0,3.25,,14.254250753344474
0,3.30,,14.157620934708389
0,3.35,,14.060999130276258
0,3.40,,13.964383822546973
0,3.45,,13.867779056335193
0,3.50,,13.771179096018249
0,3.55,,13.674590454792975
0,3.60,,13.578009260024427
0,3.65,,13.481435159665226
0,3.70,,13.384871333616553
0,3.75,,13.288316810544949
0,3.80,,13.191770823869133
0,3.85,,13.095234820628665
0,3.90,,12.998707623426299
0,3.95,,12.902190860291141
0,4.00,,12.805684306840172
0,4.05,,12.709186563067803
0,4.10,,12.612701325944411
0,4.15,,12.516225084172541
0,4.20,,12.419760310834176
0,4.25,,12.323304886144491
0,4.30,,12.22686212214944
0,4.35,,12.130431230739999
0,4.40,,12.034010782354253
0,4.45,,11.937603694050711
0,4.50,,11.841208038983835
0,4.55,,11.744824973476662
0,4.60,,11.648454725296215
0,4.65,,11.55209820154106
0,4.70,,11.455754561690894
0,4.75,,11.359425188492224
0,4.80,,11.263109212450168
0,4.85,,11.166807212383986
0,4.90,,11.070521297847677
0,4.95,,10.97424999606762
0,5.00,,10.877994637776215
0,5.05,,10.781754677906413
0,5.10,,10.685530341517961
0,5.15,,10.58932360738426
0,5.20,,10.493134887870514
0,5.25,,10.396961506970188
0,5.30,,10.300809467454075
0,5.35,,10.204676100992931
0,5.40,,10.108559558015608
0,5.45,,10.012464165138912
0,5.50,,9.9163899978331074
0,5.55,,9.8203339310510227
0,5.60,,9.724299984916998
0,5.65,,9.6282884849784303
0,5.70,,9.5322987610930792
0,5.75,,9.4363316515132656
0,5.80,,9.3403884412397282
0,5.85,,9.2444706799815233
0,5.90,,9.1485767792238661
0,5.95,,9.0527106610024042
0,6.00,,8.9568697430366218
0,6.05,,8.8610537405956666
0,6.10,,8.7652674009977698
0,6.15,,8.6695105686224672
0,6.20,,8.5737835574749326
0,6.25,,8.4780873747134979
0,6.30,,8.3824245049772887
0,6.35,,8.2867942674337307
0,6.40,,8.1911986843973956
0,6.45,,8.0956385416050143
0,6.50,,8.0001152277299692
0,6.55,,7.9046311273057626
0,6.60,,7.8091854150516005
0,6.65,,7.7137823454441223
0,6.70,,7.6184202033583057
0,6.75,,7.5231030172860498
0,6.80,,7.427831673301327
0,6.85,,7.3326073926746806
0,6.90,,7.2374330953043735
0,6.95,,7.142310476179178
0,7.00,,7.0472398913205527
0,7.05,,6.9522266456355659
0,7.10,,6.8572696167717213
0,7.15,,6.76237393315769
0,7.20,,6.6675394914327342
0,7.25,,6.5727716108110119
0,7.30,,6.4780723805001026
0,7.35,,6.3834433981965262
0,7.40,,6.288890563591055
0,7.45,,6.194413385642493
0,7.50,,6.1000191744576977
0,7.55,,6.0057097106929351
0,7.60,,5.9114885818714269
0,7.65,,5.8173618126654043
0,7.70,,5.7233325860764337
0,7.75,,5.6294071043501557
0,7.80,,5.5355891792879133
0,7.85,,5.4418851808549773
0,7.90,,5.3483005371506502
0,7.95,,5.2548418717025678
0,8.00,,5.1615159922854748
0,8.05,,5.0683302989999817
0,8.10,,4.9752921925265019
0,8.15,,4.8824111464643538
0,8.20,,4.7896946056547307
0,8.25,,4.6971531123753625
0,8.30,,4.604797068325821
0,8.35,,4.5126384833137312
0,8.40,,4.4206880877466821
0,8.45,,4.3289612943051345
0,8.50,,4.2374709768508518
0,8.55,,4.1462331453977015
0,8.60,,4.055263551338105
0,8.65,,3.9645833342910755
0,8.70,,3.8742087841462931
0,8.75,,3.784166291997741
0,8.80,,3.6944778865931376
0,8.85,,3.6051687482258372
0,8.90,,3.5162693587661265
0,8.95,,3.4278106793567034
0,9.00,,3.3398282208532706
0,9.05,,3.2523604518243467
0,9.10,,3.1654500976946913
0,9.15,,3.0791433702550814
0,9.20,,2.9934947802253808
0,9.25,,2.9085584988058679
0,9.30,,2.8244022544072656
0,9.35,,2.7410950338969955
0,9.40,,2.6587200066000114
0,9.45,,2.5773632832746869
0,9.50,,2.4971241747157582
0,9.55,,2.4181153199059704
0,9.60,,2.3404635216426226
0,9.65,,2.2643043710299473
0,9.70,,2.1897940140368997
0,9.75,,2.1171064373978505
0,9.80,,2.0464402681032419
0,9.85,,1.9780051983029543
0,9.90,,1.9120421652622193
0,9.95,,1.8488217634897837
0,10.00,,1.7886270388557224
0,10.05,,1.7317782726175803
0,10.10,,1.6786127157338508
0,10.15,,1.6294917491731178
0,10.20,,1.5847941522445033
0,10.25,,1.5448990147169135
0,10.30,,1.5101842699876318
0,10.35,,1.4810237000316744
0,10.40,,1.4577433903652977
0,10.45,,1.4406307495673183
0,10.50,,1.4299025310209055
0,10.55,,1.4257137496170542
0,10.60,,1.4256298948208934
0,10.65,,1.4256031056979757
0,10.70,,1.4255761190601224
0,10.75,,1.4255538399204752
0,10.80,,1.4255295691940291
0,10.85,,1.4255067493290683
0,10.90,,1.425479414470286
0,10.95,,1.4254604806632565
0,11.00,,1.4254372377694766
0,11.05,,1.4254119386387873
0,11.10,,1.4253919819124099
0,11.15,,1.4253711506268949
0,11.20,,1.425349145872272
0,11.25,,1.4253299043971388
0,11.30,,1.42530929849553
0,11.35,,1.425287725461901
0,11.40,,1.4252690974262225
0,11.45,,1.4252514766459887
0,11.50,,1.4252330737738392
0,11.55,,1.4252185150269847
0,11.60,,1.425199759166919
0,11.65,,1.4251828973637977
0,11.70,,1.4251668225526277
0,11.75,,1.4251535240386082
0,11.80,,1.4251389849414806
0,11.85,,1.425126073845054
0,11.90,,1.4251137262149385
0,11.95,,1.4251013063407119
0,12.00,,1.4250890046706974
0,12.05,,1.4250781892973476
0,12.10,,1.4250661239947677
0,12.15,,1.425055113071529
0,12.20,,1.4250443973951634
0,12.25,,1.4250333539950821
0,12.30,,1.4250242013816037
0,12.35,,1.4250152524534963
0,12.40,,1.4250067620234961
0,12.45,,1.4250000692803033
0,12.50,,1.4249913716328275
0,12.55,,1.4249860547031421
0,12.60,,1.4249800526908698
0,12.65,,1.4249742586066341
0,12.70,,1.4249696676692007
0,12.75,,1.4249669725570542
0,12.80,,1.4249627135022147
0,12.85,,1.424961652805288
0,12.90,,1.4249597581523803
0,12.95,,1.4249585647598544
0,13.00,,1.424959125092176
0,13.05,,1.4249599635237411
0,13.10,,1.4249621003882267
0,13.15,,1.4249658475243785
0,13.20,,1.424968595540304
0,13.25,,1.4249741524721349
0,13.30,,1.4249797520940346
0,13.35,,1.4249871739155968
0,13.40,,1.4249947247547512
0,13.45,,1.4249856452608298
0,13.50,,1.4249512759509906
0,13.55,,1.4249178910435907
0,13.60,,1.4248857974867113
0,13.65,,1.4248532861730334
0,13.70,,1.4248190806084515
0,13.75,,1.4247899675610125
0,13.80,,1.4247608149545863
0,13.85,,1.4247263065475644
0,13.90,,1.4246973827095679
0,13.95,,1.4246677592870567
0,14.00,,1.4246406623984798
0,14.05,,1.4246109220325227
0,14.10,,1.4245820626325461
0,14.15,,1.4245548740243412
0,14.20,,1.424527989386893
0,14.25,,1.4245045316521527
0,14.30,,1.4244807655300957
0,14.35,,1.4244556691242014
0,14.40,,1.4244316148520244
0,14.45,,1.4244111470350578
0,14.50,,1.424387960019009
0,14.55,,1.4243669835666657
0,14.60,,1.4243488768726273
0,14.65,,1.4243284185957308
0,14.70,,1.4243108892761198
0,14.75,,1.4242927762243831
0,14.80,,1.4242767325446268
0,14.85,,1.4242630093273252
0,14.90,,1.4242463865899262
0,14.95,,1.4242327041084366
0,15.00,,1.4242227824944
0,15.05,,1.4242128118675337
0,15.10,,1.4242001032784144
0,15.15,,1.4241932452799311
0,15.20,,1.4241848928038685
0,15.25,,1.4241817723674504
0,15.30,,1.4241770542861385
0,15.35,,1.4241708822954329
0,15.40,,1.424168863205223
0,15.45,,1.4241671165805756
0,15.50,,1.4241660250917494
0,15.55,,1.4241687399216378
0,15.60,,1.4241724751885947
0,15.65,,1.4241787475900525
0,15.70,,1.4241829210858952
0,15.75,,1.4241903831190714
0,15.80,,1.4241986827655357
0,15.85,,1.4242089322570328
0,15.90,,1.4242236524431349
0,15.95,,1.4242352416074455
0,16.00,,1.4242558663938265
0,16.05,,1.4278577004681317
0,16.10,,1.4379686422297451
0,16.15,,1.4544471803919443
0,16.20,,1.4770852138626795
0,16.25,,1.5056011666945388
0,16.30,,1.5396684172164723
0,16.35,,1.578926715746849
0,16.40,,1.6230033497647485
0,16.45,,1.6715132320365966
0,16.50,,1.7240799457172959
0,16.55,,1.7803452803700046
0,16.60,,1.8399687667216982
0,16.65,,1.9026299315044868
0,16.70,,1.9680397013132538
0,16.75,,2.0359324309601767
0,16.80,,2.1060690596388127
0,16.85,,2.1782306669842124
0,16.90,,2.252224200787555
0,16.95,,2.3278736603484496
0,17.00,,2.4050218848230269
0,17.05,,2.4835244700829873
0,17.10,,2.5632643753025861
0,17.15,,2.6441229152865602
0,17.20,,2.7260033971173101
0,17.25,,2.8088143675140302
0,17.30,,2.8924755464890901
0,17.35,,2.976914755622583
0,17.40,,3.0620673775068337
0,17.45,,3.1478756989869003
0,17.50,,3.2332066644990158
0,17.55,,3.3146777284220903
0,17.60,,3.3946016791794498
0,17.65,,3.4731070525172099
0,17.70,,3.5503393228711304
0,17.75,,3.6264495943826853
0,17.80,,3.7016017332011795
0,17.85,,3.775962273113695
0,17.90,,3.8497079093416695
0,17.95,,3.923019039609331
0,18.00,,3.9960793915267061
0,18.05,,4.0690711244175679
0,18.10,,4.1421793773131226
0,18.15,,4.2155859785203447
0,18.20,,4.2894711928894447
0,18.25,,4.3640051723273645
0,18.30,,4.4393551235789017
0,18.35,,4.5156760334751045
0,18.40,,4.5931169306036654
0,18.45,,4.6718111811993035
0,18.50,,4.7518812691076429
0,18.55,,4.8334323196482458
0,18.60,,4.9165589829404279
0,18.65,,5.0013383469511572
0,18.70,,5.0878245507658626
0,18.75,,5.1760687542881438
0,18.80,,5.2660942866869949
0,18.85,,5.3576131485318843
0,18.90,,5.4494728981205931
0,18.95,,5.5415805428060523
0,19.00,,5.6339593004013571
0,19.05,,5.7266327875301055
0,19.10,,5.8196221117702676
0,19.15,,5.9129519060543583
0,19.20,,6.0066424367365832
0,19.25,,6.100712810983155
0,19.30,,6.1951791098230684
0,19.35,,6.2900593561848677
0,19.40,,6.3853677572916592
0,19.45,,6.481113469715071
0,19.50,,6.5773100921666465
0,19.55,,6.6739592312795528
0,19.60,,6.7710691041181361
0,19.65,,6.868638675202642
0,19.70,,6.9666660065197439
0,19.75,,7.0651475291800159
0,19.80,,7.164076528010745
0,19.85,,7.2634396372845558
0,19.90,,7.3632258804152011
0,19.95,,7.463626604927426
0,20.00,,7.5647476031650545
0,20.05,,7.666469545987507
0,20.10,,7.7686808493802753
0,20.15,,7.871272566765497
0,20.20,,7.974110576444434
0,20.25,,8.0767658789732355
0,20.30,,8.1791517239579044
0,20.35,,8.281276618927544
0,20.40,,8.3831605419450028
0,20.45,,8.4891004708729234
0,20.50,,8.5870440818343319
0,20.55,,8.6842258382411011
0,20.60,,8.7714108749361941
0,20.65,,8.8485977266487428
0,20.70,,8.9157872323689293
0,20.75,,8.9729790719765958
0,20.80,,9.0201729655732894
0,20.85,,9.0573683651760408
0,20.90,,9.0845669974274301
0,20.95,,9.1017674621082207
0,21.00,,9.1089724765740065
0,21.05,,9.1061786999261152
0,21.10,,9.0933875977242007
0,21.15,,9.0705990108485075
0,21.20,,9.0378143779036417
0,21.25,,8.9950305529939403
0,21.30,,8.9422499448308361
0,21.35,,8.8794721109437642
0,21.40,,8.8066978123279629
0,21.45,,8.7239256824221876
0,21.50,,8.6311571894198504
0,21.55,,8.5283918910720704
0,21.60,,8.4156286523860402
0,21.65,,8.292868767327743
0,21.70,,8.1601109792358582
0,21.75,2.9000000000000004,8.0173569109063596
0,21.80,2.6000000000000001,7.8646049093667365
0,21.85,2.4000000000000004,7.7018567502094699
0,21.90,2.2000000000000002,7.5291129683101872
0,21.95,2.1000000000000001,7.3463702640194883
0,22.00,1.9000000000000001,7.1536319087193103
0,22.05,1.8000000000000003,6.9508968061949252
0,22.10,1.6000000000000001,6.7381652431198029
0,22.15,1.5000000000000002,6.5154340463472042
0,22.20,1.4000000000000001,6.2827095671177622
0,22.25,1.3000000000000003,6.0399873625732416
0,22.30,1.2000000000000002,5.7872662102960737
0,22.35,1.1000000000000001,5.5245515021514393
0,22.40,1,5.2518378408128914
0,22.45,0.90000000000000002,4.9691267838076927
0,22.50,0.80000000000000004,4.6764217586774866
0,22.55,0.80000000000000004,4.3737186596982998
0,22.60,0.70000000000000007,4.0610196884449756
0,22.65,0.59999999999999998,3.7383245758891741
0,22.70,0.59999999999999998,3.4056309335055883
0,22.75,0.5,3.0629421685142004
0,22.80,0.40000000000000002,2.7102569940773011
0,22.85,0.40000000000000002,2.3475738715176684
0,22.90,0.30000000000000004,1.9748962972019075
0,22.95,0.30000000000000004,1.5922200422439134
0,23.00,0.20000000000000001,1.1995494362486967
0,23.05,0.10000000000000001,0.79688023840394939
0,23.10,0.10000000000000001,0.38421689298967976
0,23.15,0.10000000000000001,0
0,23.20,0.10000000000000001,0
0,23.25,0.10000000000000001,0
0,23.30,0.10000000000000001,0
0,23.35,0.10000000000000001,0
0,23.40,0.10000000000000001,0
0,23.45,0.10000000000000001,0
0,23.50,0.10000000000000001,0
0,23.55,0.10000000000000001,0
0,23.60,0.10000000000000001,0
0,23.65,0.10000000000000001,0
0,23.70,0.10000000000000001,0
0,23.75,0.10000000000000001,0
0,23.80,0.10000000000000001,0
0,23.85,,0
0,23.90,,0
0,23.95,,0
0,24.00,,0
0,24.05,,0
0,24.10,,0
0,24.15,,0.050939293877792953
0,24.20,,0.68353518607551522
0,24.25,,1.3261285692649993
0,24.30,,1.9787177150450186
0,24.35,,2.6413037611619878
0,24.40,,3.3138869252723535
0,24.45,,3.996466446935286
0,24.50,,4.6890444713598587
0,24.55,,5.3916172837136793
0,24.60,,6.1041888509212932
0,24.65,,6.8267557192671688
0,24.70,,7.5593207517164656
0,24.75,,8.3018810867483541
0,24.80,,9.0544371776659709
0,24.85,,9.8169917466975871
0,24.90,,10.589541342525042
0,24.95,,11.372086732092168
0,25.00,,12.164627339916933
0,25.05,,12.967165883649667
0,25.10,,13.779700653374759
0,25.15,,14.602230604798322
0,25.20,,15.43475604772066
0,25.25,,16.277276773358604
0,25.30,,17.129794008912569
0,25.35,,17.992305627676384
0,25.40,,18.864812709159636
0,25.45,,19.747315360735289
0,25.50,,20.639812366615228
0,25.55,,21.542304771599184
0,25.60,,22.454790651707228
0,25.65,,23.377272838904339
0,25.70,,24.309748282612475
0,25.75,,25.252216999693658
0,25.80,,26.204681863254379
0,25.85,,27.167138825591614
0,25.90,,28.139034539142823
0,25.95,,29.110927107914229
0,26.00,,30.082816313972646
0,26.05,,31.054703203717878
0,26.10,,32.026584843313046
0,26.15,,32.998464993847257
0,26.20,,33.970340831223595
0,26.25,,34.942212294851814
0,26.30,,35.914081330444823
0,26.35,,36.885945931121626
0,26.40,,37.857807095070562
0,26.45,,38.829663711997796
0,26.50,,39.801516005949033
0,26.55,,40.773364637726417
0,26.60,,41.745209339144303
0,26.65,,42.717051899791663
0,26.70,,43.688893911306984
0,26.75,,44.660737516512896
0,26.80,,45.632581461565053
0,26.85,,46.604425795784692
0,26.90,,47.576272321586046
0,26.95,,48.548119103749343
0,27.00,,49.519965134578271
0,27.05,,50.491814188256697
0,27.10,,51.463662446318061
0,27.15,,52.435510745344338
0,27.20,,53.407359151932454
0,27.25,,54.379208459759695
0,27.30,,55.35105779048628
0,27.35,,56.322907122377302
0,27.40,,57.294757351360261
0,27.45,,58.266607443849814
0,27.50,,59.238457544271206
0,27.55,,60.210308326112809
0,27.60,,61.182158053643157
0,27.65,,62.154007648074518
0,27.70,,63.125858010993355
0,27.75,,64.097707297875274
0,27.80,,65.069557250411265
0,27.85,,66.041407001568146
0,27.90,,67.01325554885139
0,27.95,,67.985104861564835
0,28.00,,68.95695296325097
0,28.05,,69.928801665260906
0,28.10,,70.900650170771655
0,28.15,,71.87249741263814
0,28.20,,72.844345222761291
0,28.25,,73.816191788390782
0,28.30,,74.788038126724487
0,28.35,,75.759884099501079
0,28.40,,76.731730565659575
0,28.45,,77.703575802422492
0,28.50,,78.675419714752024
0,28.55,,79.647264186320839
0,28.60,,80.619107283164595
0,28.65,,81.590951074053194
0,28.70,,82.562793325533775
0,28.75,,83.534635223243939
0,28.80,,84.50647667040144
0,28.85,,85.478317755201232
0,28.90,,86.450157339969238
0,28.95,,87.421996467850832
0,29.00,,88.393835112453246
0,29.05,,89.365672364054888
0,29.10,,90.337511031749713
0,29.15,,91.309347254944555
0,29.20,,92.281182959296515
0,29.25,,93.253018043549844
0,29.30,,94.224853623542828
0,29.35,,95.196686720307881
0,29.40,,96.168519258744894
0,29.45,,97.140351209906726
0,29.50,,98.112182544400838
0,29.55,,99.084014155033145
0,29.60,,100.0558433586971
0,29.65,,101.02767273730359
0,29.70,,101.99950049558585
0,29.75,,102.97132863164742
0,29.80,,103.94315423831931
0,29.85,,104.9149798935014
0,29.90,,105.88680502523762
0,29.95,,106.85862833704073
0,30.00,,107.83045186575657
0,30.05,,108.80227365999785
0,30.10,,109.77409568046896
0,30.15,,110.74591593828303
0,30.20,,111.71773535662656
0,30.25,,112.68955390054609
0,30.30,,113.66137161176104
0,30.35,,114.63318937450137
0,30.40,,115.60500443255525
0,30.45,,116.57681946955987
0,30.50,,117.54863360673866
0,30.55,,118.52044672915135
0,30.60,,119.49225979579938
0,30.65,,120.46407104758306
0,30.70,,121.43588025164448
0,30.75,,122.40769035977442
0,30.80,,123.37949842058171
0,30.85,,124.35130630941235
0,30.90,,125.3231132640902
1,0.05,,20.450353342171169
1,0.10,,20.159446898509923
1,0.15,,19.868561298455312
1,0.20,,19.57770015446836
1,0.25,,19.286862418652607
1,0.30,,18.996050744731154
1,0.35,,18.705265610447348
1,0.40,,18.414506587529544
1,0.45,,18.123778688121348
1,0.50,,17.833079401557903
1,0.55,,17.542413074040411
1,0.60,,17.251779311595552
1,0.65,,16.961180051738001
1,0.70,,16.670617680575578
1,0.75,,16.3800948179919
1,0.80,,16.089611282125944
1,0.85,,15.799172322109589
1,0.90,,15.508775275158385
1,0.95,,15.218427851446341
1,1.00,,14.928131857616263
1,1.05,,14.637886542898288
1,1.10,,14.347698890622709
1,1.15,,14.057571124034729
1,1.20,,13.767506401250776
1,1.25,,13.477509217778397
1,1.30,,13.187584109134345
1,1.35,,12.897734206994269
1,1.40,,12.607968349523079
1,1.45,,12.318288900347152
1,1.50,,12.028702963704784
1,1.55,,11.739218243632006
1,1.60,,11.449840620854722
1,1.65,,11.160578304294214
1,1.70,,10.871444625996579
1,1.75,,10.582445299053857
1,1.80,,10.293592430743887
1,1.85,,10.004901178384205
1,1.90,,9.7163806406357569
1,1.95,,9.4280515985294553
1,2.00,,9.1399296346745516
1,2.05,,8.8520371828373108
1,2.10,,8.5643930062674425
1,2.15,,8.2770266083214299
1,2.20,,7.989966194824083
1,2.25,,7.703245830551964
1,2.30,,7.4169049198379779
1,2.35,,7.1309895929400815
1,2.40,,6.8455513114055657
1,2.45,,6.5606544233881552
1,2.50,,6.2763712932167639
1,2.55,,5.9927897979135425
1,2.60,,5.7100133629774996
1,2.65,,5.4281684259189502
1,2.70,,5.1474064425930131
1,2.75,,4.8679169582064894
1,2.80,,4.589928649342558
1,2.85,,4.3137343992115333
1,2.90,,4.0397014055156397
1,2.95,,3.7683009148167841
1,3.00,,3.5001455602764366
1,3.05,,3.2360392325281402
1,3.10,,2.9770623478311449
1,3.15,,2.7246750174474217
1,3.20,,2.4808912297111121
1,3.25,,2.2485083221680382
1,3.30,,2.0314462168427205
1,3.35,,1.83514244717494
1,3.40,,1.6669507684216625
1,3.45,,1.5361300895543955
1,3.50,,1.4528139115428158
1,3.55,,1.4253157777754513
1,3.60,,1.425278189974917
1,3.65,,1.4252433522541881
1,3.70,,1.4252095642178089
1,3.75,,1.42517810409891
1,3.80,,1.425145875375093
1,3.85,,1.4251205075628219
1,3.90,,1.4250935267128322
1,3.95,,1.4250733172674832
1,4.00,,1.4250500972931204
1,4.05,,1.4250339098300004
1,4.10,,1.4250178386352113
1,4.15,,1.425004900158354
1,4.20,,1.4249953436421494
1,4.25,,1.4249886199622821
1,4.30,,1.4249843027441276
1,4.35,,1.4249832401839957
1,4.40,,1.4249857614440629
1,4.45,,1.4249901590099703
1,4.50,,1.4249983122004015
1,4.55,,1.4249658687568783
1,4.60,,1.4249283529354053
1,4.65,,1.4248963795127481
1,4.70,,1.4248693923689817
1,4.75,,1.4248412783110951
1,4.80,,1.4248203018513823
1,4.85,,1.4247978145455107
1,4.90,,1.4247790293587939
1,4.95,,1.4247679587445339
1,5.00,,1.4247558282397037
1,5.05,,1.4247496376599829
1,5.10,,1.4247448442890585
1,5.15,,1.4247432301251099
1,5.20,,1.4247475630560871
1,5.25,,1.4247514792105636
1,5.30,,1.4247618327964429
1,5.35,,1.4247790351965837
1,5.40,,1.4476592272119431
1,5.45,,1.5264839791514981
1,5.50,,1.6536375317364975
1,5.55,,1.8190152012097653
1,5.60,,2.0132176256572545
1,5.65,,2.2287240688834977
1,5.70,,2.4599389056992917
1,5.75,,2.7028355416475667
1,5.80,,2.9545322888754213
1,5.85,,3.2129635628039255
1,5.90,,3.4756224085989342
1,5.95,,3.7383069389396053
1,6.00,,4.0025624774726642
1,6.05,,4.2681241500189797
1,6.10,,4.5348003351349266
1,6.15,,4.8024625305544175
1,6.20,,5.0710236822572927
1,6.25,,5.3404301738571789
1,6.30,,5.6106452624545557
1,6.35,,5.8816564778968443
1,6.40,,6.1534602708634942
1,6.45,,6.4260658836267694
1,6.50,,6.6994878366645416
1,6.55,,6.9737387231246988
1,6.60,,7.2488454125634219
1,6.65,,7.524827092882556
1,6.70,,7.8017053800830416
1,6.75,,8.0795033138909904
1,6.80,,8.3582370879334462
1,6.85,,8.6379278303369329
1,6.90,,8.9185846577867114
1,6.95,,9.1896460042731114
1,7.00,,9.4516160620688332
1,7.05,,9.7044917155354593
1,7.10,,9.9482730756279967
1,7.15,,10.182957435389666
1,7.20,,10.408552595931852
1,7.25,,10.624843382547079
1,7.30,,10.831303171964651
1,7.35,,11.027929244179278
1,7.40,,11.214747477932642
1,7.45,,11.391785729705006
1,7.50,,11.559066342031056
1,7.55,,11.71662002174514
1,7.60,,11.864470795421829
1,7.65,,12.002641805438492
1,7.70,,12.131158529589928
1,7.75,,12.250043482739841
1,7.80,,12.359319611541808
1,7.85,,12.459007984460792
1,7.90,,12.54912531385197
1,7.95,,12.629691373853589
1,8.00,,12.700717898200308
1,8.05,,12.762218344592796
1,8.10,,12.8142004945507
1,8.15,,12.856673685813572
1,8.20,,12.889643847502045
1,8.25,,12.9131098795245
1,8.30,,12.927068932980424
1,8.35,,12.931587483690755
1,8.40,,12.926779770136438
1,8.45,,12.91259577634896
1,8.50,,12.888977506878216
1,8.55,,12.855864212693509
1,8.60,,12.813199815927383
1,8.65,,12.760923991674911
1,8.70,,12.698968030332525
1,8.75,,12.626883836914843
1,8.80,,12.544471326785045
1,8.85,,12.457031201033805
1,8.90,,12.338953180862672
1,8.95,,12.210622588641415
1,9.00,,12.072293201064435
1,9.05,,11.92396583869535
1,9.10,,11.765636970337285
1,9.15,,11.597310164418621
1,9.20,,11.418983500695507
1,9.25,,11.230658084327693
1,9.30,2.8000000000000003,11.032331869053472
1,9.35,2.6000000000000001,10.824007654394094
1,9.40,2.5000000000000004,10.605682611270485
1,9.45,2.3000000000000003,10.377359615348652
1,9.50,2.2000000000000002,10.139035768755598
1,9.55,2,9.8907148355431485
1,9.60,1.9000000000000001,9.6323929969845068
1,9.65,1.8000000000000003,9.3640721292627784
1,9.70,1.7000000000000002,9.0857512370691396
1,9.75,1.6000000000000001,8.7974332648180482
1,9.80,1.5000000000000002,8.4991124287700597
1,9.85,1.4000000000000001,8.1907952903000254
1,9.90,1.3000000000000003,7.8724782183089923
1,9.95,1.2000000000000002,7.544160929892862
1,10.00,1.1000000000000001,7.2058455696081074
1,10.05,1,6.8575290327051004
1,10.10,1,6.4992153089912108
1,10.15,0.90000000000000002,6.1308994580809628
1,10.20,0.80000000000000004,5.7525872797040778
1,10.25,0.70000000000000007,5.3642730428786356
1,10.30,0.70000000000000007,4.9659623581748962
1,10.35,0.59999999999999998,4.5576505610361187
1,10.40,0.5,4.1393403509650106
1,10.45,0.5,3.7110299357704442
1,10.50,0.40000000000000002,3.2727220616911969
1,10.55,0.40000000000000002,2.8244120169348768
1,10.60,0.30000000000000004,2.3661054947560411
1,10.65,0.30000000000000004,1.8977985801295456
1,10.70,0.20000000000000001,1.4194913357721803
1,10.75,0.10000000000000001,0.93118756772010836
1,10.80,0.10000000000000001,0.4328815259769736
1,10.85,0.10000000000000001,0
1,10.90,0.10000000000000001,0
1,10.95,0.10000000000000001,0
1,11.00,0.10000000000000001,0
1,11.05,0.10000000000000001,0
1,11.10,0.10000000000000001,0
1,11.15,0.10000000000000001,0
1,11.20,0.10000000000000001,0
1,11.25,0.10000000000000001,0
1,11.30,0.10000000000000001,0
1,11.35,0.10000000000000001,0
1,11.40,0.10000000000000001,0
1,11.45,,0
1,11.50,,0
1,11.55,,0
1,11.60,,0
1,11.65,,0
1,11.70,,0
1,11.75,,0.39476489808143322
1,11.80,,1.0930525757301088
1,11.85,,1.8013399421861518
1,11.90,,2.5196252349072195
1,11.95,,3.2479094993202873
1,12.00,,3.9861915953620777
1,12.05,,4.734473703773677
1,12.10,,5.4927536901869374
1,12.15,,6.2610327189672477
1,12.20,,7.0393105687675348
1,12.25,,7.8275856723973432
1,12.30,,8.6258606389489891
1,12.35,,9.4341356114528612
1,12.40,,10.252406662221356
1,12.45,,11.080676847855171
1,12.50,,11.918946941789939
1,12.55,,12.767214291520252
1,12.60,,13.625480703752743
1,12.65,,14.493745280100985
1,12.70,,15.372008845362528
1,12.75,,16.260271599471423
1,12.80,,17.15853065495434
1,12.85,,18.066789730074209
1,12.90,,18.985047034267168
1,12.95,,19.91330257063899
1,13.00,,20.85155815771045
1,13.05,,21.799811084499968
1,13.10,,22.758063170935056
1,13.15,,23.726312424187586
1,13.20,,24.698450425506596
1,13.25,,25.670587649719362
1,13.30,,26.642723186041056
1,13.35,,27.614858074689533
1,13.40,,28.586992302591167
1,13.45,,29.559125780621507
1,13.50,,30.53125762505341
1,13.55,,31.503388862767448
1,13.60,,32.475518480787997
1,13.65,,33.447647492655648
1,13.70,,34.419775822132998
1,13.75,,35.391902572621319
1,13.80,,36.364027847820168
1,13.85,,37.336153364306959
1,13.90,,38.308276446219168
1,13.95,,39.280399873126505
1,14.00,,40.252520892946627
1,14.05,,41.224641284945186
1,14.10,,42.196761075815274
1,14.15,,43.168879460523172
1,14.20,,44.140996271293936
1,14.25,,45.113111716766802
1,14.30,,46.085225588720846
1,14.35,,47.057339004944467
1,14.40,,48.029451887811291
1,14.45,,49.00156243364215
1,14.50,,49.973672473238217
1,14.55,,50.945780085047986
1,14.60,,51.917887309258731
1,14.65,,52.889993041109065
1,14.70,,53.862097491183761
1,14.75,,54.834200476035804
1,14.80,,55.806302101183192
1,14.85,,56.77840239365748
1,14.90,,57.750502234621095
1,14.95,,58.722599756804449
1,15.00,,59.694695066528411
1,15.05,,60.666789978820944
1,15.10,,61.638883480426905
1,15.15,,62.610974810782174
1,15.20,,63.583065770873169
1,15.25,,64.555153574100359
1,15.30,,65.527241020890713
1,15.35,,66.499327124681145
1,15.40,,67.471410099509839
1,15.45,,68.443492758430878
1,15.50,,69.415574208710851
1,15.55,,70.387652464245875
1,15.60,,71.359729538578932
1,15.65,,72.331805432088188
1,15.70,,73.303879064256677
1,15.75,,74.275951529456648
1,15.80,,75.248021854853235
1,15.85,,76.220091054090332
1,15.90,,77.192157141082063
1,15.95,,78.164221994372909
1,16.00,,79.136285749111622
1,16.05,,80.108346419218435
1,16.10,,81.08040601825995
1,16.15,,82.052463554895752
1,16.20,,83.024518981735483
1,16.25,,83.996575257942439
1,16.30,,84.968629489789279
1,16.35,,85.940682606695219
1,16.40,,86.912734824140898
1,16.45,,87.884785977778918
1,16.50,,88.856836174917063
1,16.55,,89.828885456386601
1,16.60,,90.800932835379953
1,16.65,,91.772982339137059
1,16.70,,92.745031996023855
1,16.75,,93.71707983492152
1,16.80,,94.689126899637984
1,16.85,,95.661172205380623
1,16.90,,96.633215921567739
1,16.95,,97.605256940105932
1,17.00,,98.577296431728982
1,17.05,,99.549336194086848
1,17.10,,100.52137250962714
1,17.15,,101.49340727099499
1,17.20,,102.46543963668485
1,17.25,,103.43747143647686
1,17.30,,104.4095009246824
1,17.35,,105.38152812061271
1,17.40,,106.35355487110876
1,17.45,,107.3255784165105
1,17.50,,108.29760069889538
1,17.55,,109.26962173890006
1,17.60,,110.24163960633071
1,17.65,,111.21365643279907
1,17.70,,112.18567114625337
1,17.75,,113.15768380168477
1,17.80,,114.12969354889482
1,17.85,,115.10170231664925
1,17.90,,116.07370914493784
1,17.95,,117.04571409095044
1,18.00,,118.01771619572941
1,18.05,,118.98971661139674
1,18.10,,119.96171526879083
1,18.15,,120.9337103387394
1,18.20,,121.9057046412624
2,0.05,,20.450353342171169
2,0.10,,19.965496710521613
2,0.15,,19.480701198703706
2,0.20,,18.995972292094635
2,0.25,,18.51131496508102
2,0.30,,18.026735363806498
2,0.35,,17.542239189595961
2,0.40,,17.05783263655108
2,0.45,,16.573525593121584
2,0.50,,16.089324622621628
2,0.55,,15.605241746241516
2,0.60,,15.121284844438787
2,0.65,,14.637468781863552
2,0.70,,14.153808573742767
2,0.75,,13.670319117115429
2,0.80,,13.187018528524336
2,0.85,,12.703929994032254
2,0.90,,12.221076018662792
2,0.95,,11.738487648258612
2,1.00,,11.256198205468269
2,1.05,,10.774245494774192
2,1.10,,10.292681507216754
2,1.15,,9.8115594254043881
2,1.20,,9.3309473113816743
2,1.25,,8.8509290302173724
2,1.30,,8.3716062904264739
2,1.35,,7.893105503374052
2,1.40,,7.4155869757442572
2,1.45,,6.9392489618988691
2,1.50,,6.4643569141538206
2,1.55,,5.9912518283205785
2,1.60,,5.520393357008091
2,1.65,,5.0524071822522645
2,1.70,,4.5881765959394398
2,1.75,,4.1289634994849962
2,1.80,,3.6766487435556119
2,1.85,,3.2341296381992444
2,1.90,,2.8060403951933073
2,1.95,,2.4001156078870594
2,2.00,,2.0296972420945987
2,2.05,,1.7179061939932685
2,2.10,,1.5017128568907268
2,2.15,,1.4252396696257961
2,2.20,,1.4251929192659014
2,2.25,,1.425149539966134
2,2.30,,1.425112234542085
2,2.35,,1.4250772854481086
2,2.40,,1.425048159617079
2,2.45,,1.4250250015918831
2,2.50,,1.4250078568174578
2,2.55,,1.4249942417639756
2,2.60,,1.4249885384114109
2,2.65,,1.4249877920877478
2,2.70,,1.4249947011040784
2,2.75,,1.4249759890398708
2,2.80,,1.4249333763741514
2,2.85,,1.4248943114141788
2,2.90,,1.4248656240340682
2,2.95,,1.4248414330909336
2,3.00,,1.4248267464478956
2,3.05,,1.4248132764007126
2,3.10,,1.4248111328599857
2,3.15,,1.4248143633109329
2,3.20,,1.4248254409821741
2,3.25,,1.4343208833522147
2,3.30,,1.5663595441120428
2,3.35,,1.8226395305500405
2,3.40,,2.15937051725304
2,3.45,,2.5448120975969779
2,3.50,,2.9599950201526934
2,3.55,,3.3940227891553723
2,3.60,,3.8396014134879923
2,3.65,,4.289950694354264
2,3.70,,4.7450228555907978
2,3.75,,5.2036000192630816
2,3.80,,5.6648669804214418
2,3.85,,6.1282621638864629
2,3.90,,6.5933873690951632
2,3.95,,7.0599618197558769
2,4.00,,7.5277829441654713
2,4.05,,7.9967041899796385
2,4.10,,8.4666136165424426
2,4.15,,8.9374346855078901
2,4.20,,9.4091109631652046
2,4.25,,9.8713578779167737
2,4.30,,10.324351547510235
2,4.35,,10.76804876833484
2,4.40,,11.202418272358738
2,4.45,,11.627442048210073
2,4.50,,12.043108430870671
2,4.55,,12.449409135465634
2,4.60,,12.84634586482732
2,4.65,,13.233914538030547
2,4.70,,13.612122667244098
2,4.75,,13.980973324693652
2,4.80,,14.340473177217968
2,4.85,,14.690626242504287
2,4.90,,15.031437631936376
2,4.95,,15.362705617443035
2,5.00,,15.684114110488668
2,5.05,,15.995679286389812
2,5.10,,16.297426490962625
2,5.15,,16.589377033677465
2,5.20,,16.871555156592812
2,5.25,,17.143986250473329
2,5.30,,17.406689119659202
2,5.35,,17.659687957437939
2,5.40,,17.903005950669129
2,5.45,,18.136660852136309
2,5.50,,18.360673936199792
2,5.55,,18.57506459628426
2,5.60,,18.779843850616704
2,5.65,,18.97502996880046
2,5.70,,19.160633755113334
2,5.75,,19.336665959062636
2,5.80,,19.503133000540309
2,5.85,,19.660041654694627
2,5.90,,19.807392640835197
2,5.95,,19.94518453270878
2,6.00,,20.073418266774066
2,6.05,,20.192162420431934
2,6.10,,20.3014561814778
2,6.15,,20.401250688561909
2,6.20,,20.491504969325472
2,6.25,,20.572175070220808
2,6.30,,20.64321457917065
2,6.35,,20.704581464393126
2,6.40,,20.75622809408107
2,6.45,,20.798115715556147
2,6.50,,20.829872503151527
2,6.55,,20.855997744113829
2,6.60,,20.852385504229865
2,6.65,,20.838491853716899
2,6.70,,20.814599808003926
2,6.75,,20.780708350846243
2,6.80,,20.73681564680054
2,6.85,,20.682924496053367
2,6.90,,20.619033897930183
2,6.95,,20.545142921845905
2,7.00,,20.461253471125172
2,7.05,,20.367363510258151
2,7.10,,20.263475134505093
2,7.15,,20.149587237316879
2,7.20,,20.025699896784136
2,7.25,,19.891811103396417
2,7.30,,19.747924635380347
2,7.35,,19.594038684986074
2,7.40,,19.430153144197106
2,7.45,,19.256269071471138
2,7.50,,19.072383371509446
2,7.55,,18.878500039736601
2,7.60,,18.674618055333209
2,7.65,,18.460734575878966
2,7.70,,18.236853342362508
2,7.75,,18.0029714677462
2,7.80,,17.759090906121187
2,7.85,,17.50520959570197
2,7.90,,17.24133064494433
2,7.95,,16.967451931748659
2,8.00,,16.683573430588076
2,8.05,2.8000000000000003,16.389695234239433
2,8.10,2.7000000000000002,16.085818229247213
2,8.15,2.6000000000000001,15.77194050521987
2,8.20,2.4000000000000004,15.448065843710751
2,8.25,2.3000000000000003,15.114191325833817
2,8.30,2.2000000000000002,14.770316124056128
2,8.35,2.1000000000000001,14.416441958485231
2,8.40,2,14.052568980784365
2,8.45,1.9000000000000001,13.678696074878957
2,8.50,1.8000000000000003,13.29482324882961
2,8.55,1.7000000000000002,12.900951572892977
2,8.60,1.6000000000000001,12.497080939920901
2,8.65,1.5000000000000002,12.083211222186607
2,8.70,1.4000000000000001,11.659341718956926
2,8.75,1.3000000000000003,11.225473104294599
2,8.80,1.3000000000000003,10.781605471256716
2,8.85,1.2000000000000002,10.327737002830323
2,8.90,1.1000000000000001,9.8638713829364661
2,8.95,1,9.3900037932089653
2,9.00,1,8.906138121310395
2,9.05,0.90000000000000002,8.4122742460554161
2,9.10,0.80000000000000004,7.9084103809611745
2,9.15,0.80000000000000004,7.3945473825322576
2,9.20,0.70000000000000007,6.8706843402397162
2,9.25,0.59999999999999998,6.3368221642080469
2,9.30,0.59999999999999998,5.7929608071857475
2,9.35,0.5,5.2391002739065353
2,9.40,0.5,4.6752396450670446
2,9.45,0.40000000000000002,4.1013808127332192
2,9.50,0.40000000000000002,3.5175217772414227
2,9.55,0.30000000000000004,2.9236653891659152
2,9.60,0.20000000000000001,2.3198069603779565
2,9.65,0.20000000000000001,1.7059511850189779
2,9.70,0.10000000000000001,1.0820942399550366
2,9.75,0.10000000000000001,0.44824090988589105
2,9.80,0.10000000000000001,0
2,9.85,0.10000000000000001,0
2,9.90,0.10000000000000001,0
2,9.95,0.10000000000000001,0
2,10.00,0.10000000000000001,0
2,10.05,0.10000000000000001,0
2,10.10,0.10000000000000001,0
2,10.15,0.10000000000000001,0
2,10.20,0.10000000000000001,0
2,10.25,0.10000000000000001,0
2,10.30,,0
2,10.35,,0
2,10.40,,0
2,10.45,,0
2,10.50,,0
2,10.55,,0.51334107131209283
2,10.60,,1.317183463883268
2,10.65,,2.1310244204906676
2,10.70,,2.9548657523525979
2,10.75,,3.7887055514819141
2,10.80,,4.6325457385594015
2,10.85,,5.4863844179661427
2,10.90,,6.3502216872683537
2,10.95,,7.2240593676410949
2,11.00,,8.1078965416834574
2,11.05,,9.001730227139964
2,11.10,,9.9055664221826287
2,11.15,,10.819400044727425
2,11.20,,11.743233264425843
2,11.25,,12.677064911895934
2,11.30,,13.620897085578825
2,11.35,,14.574726874217747
2,11.40,,15.53855699683934
2,11.45,,16.510719633347914
2,11.50,,17.482881030021375
2,11.55,,18.455043186724751
2,11.60,,19.427205103525928
2,11.65,,20.399366882001004
2,11.70,,21.371527444024615
2,11.75,,22.343686993010344
2,11.80,,23.315846337367361
2,11.85,,24.288004579004756
2,11.90,,25.260161627842905
2,11.95,,26.232317711092076
2,12.00,,27.204473613376216
2,12.05,,28.17662847176295
2,12.10,,29.1487822632097
2,12.15,,30.120935022812333
2,12.20,,31.0930876483852
2,12.25,,32.065238344880648
2,12.30,,33.037388930894615
2,12.35,,34.009538520680479
2,12.40,,34.98168700020301
2,12.45,,35.953834609764151
2,12.50,,36.925981120994656
2,12.55,,37.898126683269211
2,12.60,,38.870271273568697
2,12.65,,39.842414927011824
2,12.70,,40.814557529106331
2,12.75,,41.786700206225234
2,12.80,,42.758840062084253
2,12.85,,43.730979798546585
2,12.90,,44.703118737363674
2,12.95,,45.675255775586194
2,13.00,,46.64739283298286
2,13.05,,47.619529013312238
2,13.10,,48.591663328526991
2,13.15,,49.563796686582819
2,13.20,,50.535929295384754
2,13.25,,51.508060970634077
2,13.30,,52.48019080490333
2,13.35,,53.452319833275681
2,13.40,,54.424448044396804
2,13.45,,55.396575345763388
2,13.50,,56.368700853568576
2,13.55,,57.340825591277067
2,13.60,,58.312948547611121
2,13.65,,59.285070734414383
2,13.70,,60.257192070350968
2,13.75,,61.229311660462052
2,13.80,,62.201429610109145
2,13.85,,63.173547627490812
2,13.90,,64.145663039946271
2,13.95,,65.117778625505451
2,14.00,,66.089891630189371
2,14.05,,67.062003831701745
2,14.10,,68.034115253297998
2,14.15,,69.00622509496705
2,14.20,,69.978333180452779
2,14.25,,70.950439721720329
2,14.30,,71.92254450722352
2,14.35,,72.894648654716633
2,14.40,,73.866752081472598
2,14.45,,74.838852988815532
2,14.50,,75.810953199106265
2,14.55,,76.78305079585212
2,14.60,,77.755147814127213
2,14.65,,78.727243147484884
2,14.70,,79.69933700983897
2,14.75,,80.671429210976328
2,14.80,,81.643519858079898
2,14.85,,82.615608974743992
2,14.90,,83.587697442206718
2,14.95,,84.559783391383206
2,15.00,,85.531866930260577
2,15.05,,86.503949867141387
2,15.10,,87.476031190467893
2,15.15,,88.4481101395493
2,15.20,,89.420188510364298
2,15.25,,90.392263643418872
2,15.30,,91.364338906356934
2,15.35,,92.336413390539335
2,15.40,,93.308485322139603
2,15.45,,94.2805575181644
2,15.50,,95.252629097222197
2,15.55,,96.224698082053379
2,15.60,,97.196766495534476
2,15.65,,98.168834348713887
2,15.70,,99.140900569230453
2,15.75,,100.11296626456578
2,15.80,,101.08503047159896
2,15.85,,102.05709421505185
2,15.90,,103.02915552027906
2,15.95,,104.00121627812439
2,16.00,,104.97327663567604
2,16.05,,105.94533461917797
2,16.10,,106.91739225490763
2,16.15,,107.88944844756756
2,16.20,,108.86150242867767
2,16.25,,109.83355703389951
2,16.30,,110.80560937333583
2,16.35,,111.77766037906819
2,16.40,,112.74971027038063
2,16.45,,113.72175888459292
3,0.05,,21.004605097094725
3,0.10,,20.85223951295723
3,0.15,,20.699883068211893
3,0.20,,20.547532484269436
3,0.25,,20.395192101882888
3,0.30,,20.242859696311712
3,0.35,,20.090535104162583
3,0.40,,19.938217578854609
3,0.45,,19.7859102502882
3,0.50,,19.633610229911536
3,0.55,,19.481319428768295
3,0.60,,19.329038423427242
3,0.65,,19.176764992609822
3,0.70,,19.024502478074091
3,0.75,,18.872247006855275
3,0.80,,18.720002809949822
3,0.85,,18.567767882548576
3,0.90,,18.415543563667885
3,0.95,,18.26332811043989
3,1.00,,18.111124414502811
3,1.05,,17.958929029336957
3,1.10,,17.806746788256262
3,1.15,,17.654574298039275
3,1.20,,17.502413480375782
3,1.25,,17.350262652530404
3,1.30,,17.198124239338551
3,1.35,,17.045996895832282
3,1.40,,16.893883420189638
3,1.45,,16.741780172970685
3,1.50,,16.589691026930542
3,1.55,,16.437614384886487
3,1.60,,16.285550536900764
3,1.65,,16.133500677377757
3,1.70,,15.98146356414345
3,1.75,,15.829442914782895
3,1.80,,15.677433659676531
3,1.85,,15.525441619050962
3,1.90,,15.373462658912022
3,1.95,,15.22150060636681
3,2.00,,15.069554175226653
3,2.05,,14.917624612255871
3,2.10,,14.765710677793656
3,2.15,,14.613814635260749
3,2.20,,14.461935789823867
3,2.25,,14.310075649712765
3,2.30,,14.158234160351503
3,2.35,,14.006411157476757
3,2.40,,13.854608725057343
3,2.45,,13.702825952092208
3,2.50,,13.551064029601909
3,2.55,,13.399325155102176
3,2.60,,13.247607999010263
3,2.65,,13.095910775545969
3,2.70,,12.944241042267965
3,2.75,,12.792593659412869
3,2.80,,12.640970341816686
3,2.85,,12.489374296905838
3,2.90,,12.337804627540915
3,2.95,,12.186264920068362
3,3.00,,12.034751295771237
3,3.05,,11.88326750842756
3,3.10,,11.731815749446065
3,3.15,,11.580394802369133
3,3.20,,11.429006422984049
3,3.25,,11.277651904728183
3,3.30,,11.12633441333748
3,3.35,,10.975053390412828
3,3.40,,10.82381324892212
3,3.45,,10.672611583554033
3,3.50,,10.521452937569114
3,3.55,,10.370335720332216
3,3.60,,10.219264348276493
3,3.65,,10.068238957523484
3,3.70,,9.917262247518865
3,3.75,,9.7663369058183278
3,3.80,,9.6154641060191324
3,3.85,,9.4646446540638092
3,3.90,,9.31388423383404
3,3.95,,9.163181799011074
3,4.00,,9.012543655611351
3,4.05,,8.8619722277495807
3,4.10,,8.7114715741691171
3,4.15,,8.5610440623713853
3,4.20,,8.4106927424726656
3,4.25,,8.2604259065639773
3,4.30,,8.1102425635078177
3,4.35,,7.9601516665726137
3,4.40,,7.8101552017823224
3,4.45,,7.6602597201405169
3,4.50,,7.5104718144892262
3,4.55,,7.3607994632107134
3,4.60,,7.2112466712228631
3,4.65,,7.061822266567968
3,4.70,,6.9125327488973767
3,4.75,,6.7633898286221221
3,4.80,,6.6144013990162867
3,4.85,,6.4655791820341122
3,4.90,,6.3169329990726766
3,4.95,,6.1684775343659339
3,5.00,,6.0202255014419315
3,5.05,,5.8721910468539908
3,5.10,,5.724393192463344
3,5.15,,5.5768491758084213
3,5.20,,5.4295797193124482
3,5.25,,5.2826090388745452
3,5.30,,5.1359594199246619
3,5.35,,4.9896614165886195
3,5.40,,4.8437464103671743
3,5.45,,4.6982490707687186
3,5.50,,4.5532114524955389
3,5.55,,4.4086746865536783
3,5.60,,4.2646932713270447
3,5.65,,4.1213229797760826
3,5.70,,3.9786306779916734
3,5.75,,3.8366905696375211
3,5.80,,3.6955904329818092
3,5.85,,3.5554296607485272
3,5.90,,3.4163226799688444
3,5.95,,3.2784042328555754
3,6.00,,3.141830519798972
3,6.05,,3.0067850904089757
3,6.10,,2.8734811611713069
3,6.15,,2.7421759902990579
3,6.20,,2.6131654500744945
3,6.25,,2.4868091337325708
3,6.30,,2.3635312604200882
3,6.35,,2.2438418023072093
3,6.40,,2.1283424589767006
3,6.45,,2.0177550403408908
3,6.50,,1.9129268544940126
3,6.55,,1.8148610879975182
3,6.60,,1.7247063030049574
3,6.65,,1.6437685304417253
3,6.70,,1.5734644660917707
3,6.75,,1.5152823360468128
3,6.80,,1.4706535663832225
3,6.85,,1.4408387231255912
3,6.90,,1.4267714279205772
3,6.95,,1.4256390706707891
3,7.00,,1.4256003820618159
3,7.05,,1.42555749746009
3,7.10,,1.4255165505946079
3,7.15,,1.4254814664113773
3,7.20,,1.4254465085930428
3,7.25,,1.4254092099873863
3,7.30,,1.4253738637690985
3,7.35,,1.4253414333216223
3,7.40,,1.4253086019427219
3,7.45,,1.4252789676624391
3,7.50,,1.4252516418701295
3,7.55,,1.4252262113011827
3,7.60,,1.4252008812249739
3,7.65,,1.4251775536769824
3,7.70,,1.4251550156271748
3,7.75,,1.4251331593972778
3,7.80,,1.4251113256599859
3,7.85,,1.4250895611776313
3,7.90,,1.4250699013145931
3,7.95,,1.4250522741760905
3,8.00,,1.4250353054854499
3,8.05,,1.4250194519450896
3,8.10,,1.4250046433821373
3,8.15,,1.4249930141449501
3,8.20,,1.4249818321181773
3,8.25,,1.4249726420416045
3,8.30,,1.4249660648193891
3,8.35,,1.4249604863608427
3,8.40,,1.4249574728647285
3,8.45,,1.4249556203286546
3,8.50,,1.4249571591231516
3,8.55,,1.4249612301661798
3,8.60,,1.4249677354211685
3,8.65,,1.4249752422838844
3,8.70,,1.4249873296936688
3,8.75,,1.4249962946089705
3,8.80,,1.4249412945250022
3,8.85,,1.4248879198293836
3,8.90,,1.4248313979684948
3,8.95,,1.4247791299368273
3,9.00,,1.4247305311105012
3,9.05,,1.424679265917471
3,9.10,,1.4246323509968286
3,9.15,,1.4245832030579084
3,9.20,,1.4245405169642464
3,9.25,,1.4244970875118603
3,9.30,,1.4244553584721646
3,9.35,,1.4244190955831495
3,9.40,,1.4243795878737144
3,9.45,,1.424343086849529
3,9.50,,1.4243131520955199
3,9.55,,1.4242835376625238
3,9.60,,1.4242547509089267
3,9.65,,1.4242291799010336
3,9.70,,1.424210024042273
3,9.75,,1.4241896631185009
3,9.80,,1.4241730151236229
3,9.85,,1.4241586009731886
3,9.90,,1.4241483745066867
3,9.95,,1.4241402268387677
3,10.00,,1.4241373302548859
3,10.05,,1.4241360756588557
3,10.10,,1.4241392204396912
3,10.15,,1.4241457441507777
3,10.20,,1.4241544681669382
3,10.25,,1.4241693694017716
3,10.30,,1.4241841171141301
3,10.35,,1.4242060000570766
3,10.40,,1.425358450862771
3,10.45,,1.4394528063985976
3,10.50,,1.4691989753272745
3,10.55,,1.5136773735974856
3,10.60,,1.5716264468494792
3,10.65,,1.6416197671817039
3,10.70,,1.7221835010177009
3,10.75,,1.811909554386437
3,10.80,,1.9095031617481393
3,10.85,,2.0138172234314067
3,10.90,,2.1238604361339721
3,10.95,,2.2387821347997821
3,11.00,,2.3578694074565827
3,11.05,,2.4805198687081034
3,11.10,,2.6062288965345446
3,11.15,,2.7345710470082936
3,11.20,,2.8651909075287247
3,11.25,,2.9977895335929663
3,11.30,,3.1321146078347093
3,11.35,,3.2679501172282888
3,11.40,,3.405113284594298
3,11.45,,3.543449552736059
3,11.50,,3.6828247043920106
3,11.55,,3.8231241519540444
3,11.60,,3.9642466908883196
3,11.65,,4.1061077851874357
3,11.70,,4.2486317032380851
3,11.75,,4.3917536683558263
3,11.80,,4.5354139093314885
3,11.85,,4.6795622589691925
3,11.90,,4.8241535620071323
3,11.95,,4.9691485412730163
3,12.00,,5.1145117222125478
3,12.05,,5.2602120667597987
3,12.10,,5.4062203854649749
3,12.15,,5.5525114811022727
3,12.20,,5.6990616986549201
3,12.25,,5.8458517211859053
3,12.30,,5.9928641247211072
3,12.35,,6.1400809578217501
3,12.40,,6.2874848066075817
3,12.45,,6.4350654519490593
3,12.50,,6.5828076097093531
3,12.55,,6.7307017633179251
3,12.60,,6.8787355384709068
3,12.65,,7.0269016777799926
3,12.70,,7.1751873179246797
3,12.75,,7.3235871578705511
3,12.80,,7.4720934925520677
3,12.85,,7.6202406791877664
3,12.90,,7.764779848048061
3,12.95,,7.9085554775687266
3,13.00,,8.0516179288385121
3,13.05,,8.194034796766557
3,13.10,,8.3358745575902145
3,13.15,,8.4772089739777368
3,13.20,,8.618121458816244
3,13.25,,8.7586887557771451
3,13.30,,8.899001630420754
3,13.35,,9.0391434404505624
3,13.40,,9.1792040751177311
3,13.45,,9.3192722575799092
3,13.50,,9.4594377132124219
3,13.55,,9.5997866290005422
3,13.60,,9.7404030108562818
3,13.65,,9.881373754475737
3,13.70,,10.022771466728262
3,13.75,,10.164673865406835
3,13.80,,10.307150237409555
3,13.85,,10.450265788590119
3,13.90,,10.594077183814534
3,13.95,,10.738636475808869
3,14.00,,10.883989558397442
3,14.05,,11.030172645392787
3,14.10,,11.17721532523804
3,14.15,,11.325083178411612
3,14.20,,11.473233240606433
3,14.25,,11.621552060429117
3,14.30,,11.770052819390783
3,14.35,,11.918752239023663
3,14.40,,12.067666165276124
3,14.45,,12.216814506651074
3,14.50,,12.366207524054229
3,14.55,,12.515860432854403
3,14.60,,12.665790074508896
3,14.65,,12.816027106869162
3,14.70,,12.966564326259384
3,14.75,,13.117414133099606
3,14.80,,13.268585127821781
3,14.85,,13.420082596004086
3,14.90,,13.571911383635502
3,14.95,,13.724072793997578
3,15.00,,13.876569761909938
3,15.05,,14.02940293552242
3,15.10,,14.182563515703158
3,15.15,,14.336050064663688
3,15.20,,14.489850594776497
3,15.25,,14.644101964046449
3,15.30,,14.798830291110157
3,15.35,,14.953972067578649
3,15.40,,15.109464869110241
3,15.45,,15.265249544814303
3,15.50,,15.421269695953201
3,15.55,,15.577471100672103
3,15.60,,15.73379310851246
3,15.65,,15.890015496281569
3,15.70,,16.046066455951436
3,15.75,,16.201950872095992
3,15.80,,16.360524634201759
3,15.85,,16.513068511300244
3,15.90,,16.655815666769129
3,15.95,,16.788564639007497
3,16.00,,16.911317416712951
3,16.05,,17.024071552072911
3,16.10,,17.126830334363039
3,16.15,,17.21959125395912
3,16.20,,17.302355526575326
3,16.25,,17.375119517163128
3,16.30,,17.437885347898728
3,16.35,,17.490658343185874
3,16.40,,17.533434376152538
3,16.45,,17.566213232200226
3,16.50,,17.588996192255074
3,16.55,,17.6017852396945
3,16.60,,17.604576002657225
3,16.65,,17.597372973998787
3,16.70,,17.580173895466594
3,16.75,,17.552975580118652
3,16.80,,17.515783545141201
3,16.85,,17.468593493715272
3,16.90,,17.411409040580747
3,16.95,,17.344229885772123
3,17.00,,17.26705483414813
3,17.05,,17.179882767525417
3,17.10,,17.082714430392429
3,17.15,,16.975546810792235
3,17.20,,16.85838075630447
3,17.25,,16.731218889766517
3,17.30,,16.594059336377267
3,17.35,,16.446900923985183
3,17.40,,16.289744306217791
3,17.45,,16.122590643188516
3,17.50,,15.945438754626744
3,17.55,,15.75828925218126
3,17.60,,15.561141561917635
3,17.65,,15.353996189653667
3,17.70,,15.136853194270552
3,17.75,,14.90971057678035
3,17.80,,14.672571201598489
3,17.85,,14.425433082853024
3,17.90,2.8000000000000003,14.168297168483219
3,17.95,2.7000000000000002,13.901162351841748
3,18.00,2.5000000000000004,13.62402877150455
3,18.05,2.4000000000000004,13.336898183014673
3,18.10,2.2000000000000002,13.039768928615395
3,18.15,2.1000000000000001,12.732640737683489
3,18.20,2,12.415515700390152
3,18.25,1.9000000000000001,12.08839108121821
3,18.30,1.8000000000000003,11.751267646139533
3,18.35,1.7000000000000002,11.40414541962134
3,18.40,1.6000000000000001,11.047025866374243
3,18.45,1.5000000000000002,10.679907580446613
3,18.50,1.4000000000000001,10.302788022035102
3,18.55,1.3000000000000003,9.9156731209635218
3,18.60,1.2000000000000002,9.5185570453903896
3,18.65,1.2000000000000002,9.1114448995472728
3,18.70,1.1000000000000001,8.6943327709337446
3,18.75,1,8.2672217641019401
3,18.80,0.90000000000000002,7.8301124115958807
3,18.85,0.90000000000000002,7.3830044503848855
3,18.90,0.80000000000000004,6.9258954239110206
3,18.95,0.70000000000000007,6.4587893463064727
3,19.00,0.70000000000000007,5.981685334339736
3,19.05,0.59999999999999998,5.4945798523276155
3,19.10,0.59999999999999998,4.9974777917347053
3,19.15,0.5,4.4903766855280844
3,19.20,0.40000000000000002,3.9732757681133406
3,19.25,0.40000000000000002,3.4461762535824692
3,19.30,0.30000000000000004,2.9090775707883045
3,19.35,0.30000000000000004,2.3619797377524101
3,19.40,0.20000000000000001,1.8048833841530147
3,19.45,0.20000000000000001,1.2377875302883441
3,19.50,0.10000000000000001,0.66069270425202686
3,19.55,0.10000000000000001,0.073598225462685476
3,19.60,0.10000000000000001,0
3,19.65,0.10000000000000001,0
3,19.70,0.10000000000000001,0
3,19.75,0.10000000000000001,0
3,19.80,0.10000000000000001,0
3,19.85,0.10000000000000001,0
3,19.90,0.10000000000000001,0
3,19.95,0.10000000000000001,0
3,20.00,0.10000000000000001,0
3,20.05,0.10000000000000001,0
3,20.10,,0
3,20.15,,0
3,20.20,,0
3,20.25,,0
3,20.30,,0
3,20.35,,0.13969673101236962
3,20.40,,0.89676230936794565
3,20.45,,1.6638249116103874
3,20.50,,2.4408869756278206
3,20.55,,3.2279462811070911
3,20.60,,4.0250039771115889
3,20.65,,4.8320610175369172
3,20.70,,5.6491128678078644
3,20.75,,6.4761669733831324
3,20.80,,7.3132169101562985
3,20.85,,8.1602642777513985
3,20.90,,9.0173113819035802
3,20.95,,9.8843550110837946
3,21.00,,10.761397475809595
3,21.05,,11.648437230520193
3,21.10,,12.54547570308293
3,21.15,,13.45250964528716
3,21.20,,14.36954402361275
3,21.25,,15.296573811917325
3,21.30,,16.233603057607219
3,21.35,,17.180628149366822
3,21.40,,18.13765174026501
3,21.45,,19.104671233323831
3,21.50,,20.081689633044935
3,21.55,,21.068705639334954
3,21.60,,22.065717678222917
3,21.65,,23.072727740002826
3,21.70,,24.089734433195705
3,21.75,,25.116737041756068
3,21.80,,26.153736969291423
3,21.85,,27.200733275132627
3,21.90,,28.257727356338368
3,21.95,,29.324717471402618
3,22.00,,30.401704031337164
3,22.05,,31.488687198989602
3,22.10,,32.585667089264916
3,22.15,,33.69264212593869
3,22.20,,34.809613276067189
3,22.25,,35.936580089168459
3,22.30,,37.073543703743155
3,22.35,,38.220502066867475
3,22.40,,39.377456395260616
3,22.45,,40.544406946820899
3,22.50,,41.721351926524655
3,22.55,,42.908292260054644
3,22.60,,44.105226233864755
3,22.65,,45.312156889314615
3,22.70,,46.52908234865486
3,22.75,,47.75600183430879
3,22.80,,48.992915120033899
3,22.85,,50.239823611134824
3,22.90,,51.496724776713201
3,22.95,,52.763623202602105
3,23.00,,54.040520661247157
3,23.05,,55.327416611354259
3,23.10,,56.624309788186082
3,23.15,,57.931202000125474
3,23.20,,59.248093397726358
3,23.25,,60.574981675242711
3,23.30,,61.911867348418404
3,23.35,,63.258750096307786
3,23.40,,64.61563120996351
3,23.45,,65.982510628195314
3,23.50,,67.359387385702192
3,23.55,,68.74626052902191
3,23.60,,70.143132210684783
3,23.65,,71.550002150032284
3,23.70,,72.966866276910778
3,23.75,,74.393729860122548
3,23.80,,75.830589829518374
3,23.85,,77.277446882227252
3,23.90,,78.734301645076599
3,23.95,,80.201151350085624
3,24.00,,81.677998925825605
3,24.05,,83.164841760741822
3,24.10,,84.661682652261504
3,24.15,,86.168520412415035
3,24.20,,87.685354085871964
3,24.25,,89.212184243138452
3,24.30,,90.739556892628926
3,24.35,,92.266927169006735
3,24.40,,93.794293379113157
3,24.45,,95.32165697867768
3,24.50,,96.849016412068849
3,24.55,,98.376372893539099
3,24.60,,99.90372610425085
3,24.65,,101.43107613990938
3,24.70,,102.95842071552612
3,24.75,,104.48576304303415
3,24.80,,106.01309970596732
3,24.85,,107.54043393427621
3,24.90,,109.06776420950162
3,24.95,,110.59508910939613
3,25.00,,112.12241087867477
3,25.05,,113.64972788628667
3,25.10,,115.17704082371191
3,25.15,,116.70434896465913
3,25.20,,118.23165277775549
3,25.25,,119.75895163390975
3,25.30,,121.28624603452222
3,25.35,,122.81353457763491
3,25.40,,124.34081841079816
3,25.45,,125.86809914258193
3,25.50,,127.39537227816528
3,25.55,,128.92264120045971
3,25.60,,130.44990528045147
3,25.65,,131.97716404322676
3,25.70,,133.50441622625812
3,25.75,,135.03166385868772
3,25.80,,136.55890645702826
3,25.85,,138.08614276558473
3,25.90,,139.61337295680801
3,25.95,,141.14059678716364
3,26.00,,142.66781551875468
3,26.05,,144.19502770213643
3,26.10,,145.72223371960752
3,26.15,,147.24943422002457
3,26.20,,148.77662662852319
3,26.25,,150.30381421471623
3,26.30,,151.83099476764164
3,26.35,,153.35816757690503
3,26.40,,154.88533429474785
3,26.45,,156.41249410339876
3,26.50,,157.93964691192272
3,26.55,,159.46679288259855
3,26.60,,160.99393158124582
3,26.65,,162.5210635368864
3,26.70,,164.048154771398
3,26.75,,165.57522391882657
3,26.80,,167.10227543730414
3,26.85,,168.62931155973072
3,26.90,,170.15632995555595
3,26.95,,171.68332890173699
3,27.00,,173.21031081433944
3,27.05,,174.73727401185357
3,27.10,,176.26421794597249
3,27.15,,177.7911430738194
3,27.20,,179.31804700498537
3,27.25,,180.84493198066713
3,27.30,,182.3717946317025
3,27.35,,183.89863548669456
3,27.40,,185.4254541966761
3,27.45,,186.95225081482795
3,27.50,,188.47902440410181
3,27.55,,190.005773178163
3,27.60,,191.53249884490896
3,27.65,,193.0591981569132
3,27.70,,194.58587335083084
3,27.75,,196.11252132698226
3,27.80,,197.63914373990747
3,27.85,,199.16573615321093
3,27.90,,200.69230324015118
3,27.95,,202.21883972384978
3,28.00,,203.74534719133263
3,28.05,,205.271824523237
3,28.10,,206.79827332692608
3,28.15,,208.32474520789069
3,28.20,,209.85119722754354
3,28.25,,211.37762847925785
3,28.30,,212.90403818946189
3,28.35,,214.43042768941905
3,28.40,,215.95679482581573
3,28.45,,217.48314092966737
3,28.50,,219.00946583733523
3,28.55,,220.53576716286591
3,28.60,,222.0620485799879
3,28.65,,223.5883065883605
3,28.70,,225.11454298952191
3,28.75,,226.64075627550409
3,28.80,,228.1669481181203
3,28.85,,229.69311514320472
3,28.90,,231.21926100920973
3,28.95,,232.74538433289234
3,29.00,,234.27148379538531
3,29.05,,235.79755986701002
3,29.10,,237.32361248843057
3,29.15,,238.84964271605708
3,29.20,,240.37564790904744
3,29.25,,241.90163097298461
3,29.30,,243.42759012543121
4,0.05,,21.004605097094725
4,0.10,,20.547414574832342
4,0.15,,20.090277322452931
4,0.20,,19.633195509737245
4,0.25,,19.176173178551018
4,0.30,,18.71921495762777
4,0.35,,18.262326119261676
4,0.40,,17.805506841539284
4,0.45,,17.348768619842392
4,0.50,,16.892115560982255
4,0.55,,16.435553319128537
4,0.60,,15.979089742328961
4,0.65,,15.522734086602792
4,0.70,,15.066496991394649
4,0.75,,14.610386952499764
4,0.80,,14.154416338009172
4,0.85,,13.698599760594348
4,0.90,,13.242953538984425
4,0.95,,12.787493544307912
4,1.00,,12.332240773578683
4,1.05,,11.877217623864258
4,1.10,,11.422454358577133
4,1.15,,10.967979505037949
4,1.20,,10.513833565057872
4,1.25,,10.060056201238138
4,1.30,,9.6067015994801466
4,1.35,,9.1538326500596732
4,1.40,,8.7015250440922944
4,1.45,,8.24986852476008
4,1.50,,7.7989770837401693
4,1.55,,7.3489917421634248
4,1.60,,6.9000867323024586
4,1.65,,6.4524888047397742
4,1.70,,6.0064878246944176
4,1.75,,5.5624710077861037
4,1.80,,5.12094909549762
4,1.85,,4.6826279500632166
4,1.90,,4.2484992157369161
4,1.95,,3.8199901670910696
4,2.00,,3.3992259273921941
4,2.05,,2.9894774082257665
4,2.10,,2.5959630764804258
4,2.15,,2.227303385182585
4,2.20,,1.89803264326369
4,2.25,,1.6321685594240798
4,2.30,,1.4646485701263132
4,2.35,,1.4253052623740607
4,2.40,,1.4252474425784367
4,2.45,,1.4251938270768261
4,2.50,,1.4251457848587881
4,2.55,,1.4251036955367875
4,2.60,,1.425066883402768
4,2.65,,1.4250377228190276
4,2.70,,1.4250126770582059
4,2.75,,1.4249960427107151
4,2.80,,1.4249858014101444
4,2.85,,1.4249845812172401
4,2.90,,1.4249884862117739
4,2.95,,1.4249957444839167
4,3.00,,1.4249372308163542
4,3.05,,1.4248827792460812
4,3.10,,1.424841857730335
4,3.15,,1.4248064223727215
4,3.20,,1.4247760318490694
4,3.25,,1.4247573066372461
4,3.30,,1.4247419780664921
4,3.35,,1.4247400440422615
4,3.40,,1.4247457852831726
4,3.45,,1.4247574967971235
4,3.50,,1.4295894982933823
4,3.55,,1.5365249467262461
4,3.60,,1.7600367271945141
4,3.65,,2.062565440466869
4,3.70,,2.4145884530963926
4,3.75,,2.797483887380225
4,3.80,,3.2001874143254008
4,3.85,,3.6160849851885839
4,3.90,,4.0411051306122969
4,3.95,,4.4726479594073512
4,4.00,,4.9089918867114593
4,4.05,,5.3489613320322063
4,4.10,,5.7917302373246651
4,4.15,,6.2367010967961534
4,4.20,,6.6834332607977194
4,4.25,,7.1315965510875978
4,4.30,,7.5809357724245245
4,4.35,,8.030818713879901
4,4.40,,8.4782980109273254
4,4.45,,8.9257574857984778
4,4.50,,9.3732130759846779
4,4.55,,9.8206851911317106
4,4.60,,10.268203300342561
4,4.65,,10.715792929732167
4,4.70,,11.163489040976661
4,4.75,,11.611321516062064
4,4.80,,12.059327848171057
4,4.85,,12.507538252398948
4,4.90,,12.955990145768709
4,4.95,,13.404714449537053
4,5.00,,13.85374723303795
4,5.05,,14.303118815942968
4,5.10,,14.752858093883965
4,5.15,,15.202992612211643
4,5.20,,15.653551340757677
4,5.25,,16.10455606536722
4,5.30,,16.556028548783413
4,5.35,,17.007988749368465
4,5.40,,17.450202378156547
4,5.45,,17.882903730587618
4,5.50,,18.306102313601805
4,5.55,,18.719809617933205
4,5.60,,19.12403016130877
4,5.65,,19.518748519598169
4,5.70,,19.903658792256191
4,5.75,,20.278679436205035
4,5.80,,20.643825229128307
4,5.85,,20.999110619809443
4,5.90,,21.344552666016163
4,5.95,,21.68016725777397
4,6.00,,22.005968232283028
4,6.05,,22.321969365532368
4,6.10,,22.628187806716017
4,6.15,,22.924633498654789
4,6.20,,23.21132099246902
4,6.25,,23.488260610869894
4,6.30,,23.755463782684327
4,6.35,,24.012936506497976
4,6.40,,24.26068950386539
4,6.45,,24.498727163044176
4,6.50,,24.727046921739127
4,6.55,,24.945657788938114
4,6.60,,25.154557580095524
4,6.65,,25.353745194826669
4,6.70,,25.543218984459159
4,6.75,,25.72300921743021
4,6.80,,25.893180444945049
4,6.85,,26.053697581350594
4,6.90,,26.204525066113575
4,6.95,,26.345631371936253
4,7.00,,26.476977613216295
4,7.05,,26.598530708493502
4,7.10,,26.710256277259997
4,7.15,,26.812123134305949
4,7.20,,26.904051450811984
4,7.25,,26.985789049338962
4,7.30,,27.060300951221372
4,7.35,,27.109706137677783
4,7.40,,27.14799660992508
4,7.45,,27.176288497637895
4,7.50,,27.194580607021219
4,7.55,,27.202876679371993
4,7.60,,27.201171038134682
4,7.65,,27.189468360912169
4,7.70,,27.167765733695724
4,7.75,,27.136063093165703
4,7.80,,27.094363198304883
4,7.85,,27.042664270799186
4,7.90,,26.980965085993081
4,7.95,,26.909268555201226
4,8.00,,26.827573544363194
4,8.05,,26.735879208563112
4,8.10,,26.634185386850508
4,8.15,,26.522494819454995
4,8.20,,26.400803646879432
4,8.25,,26.269115697527681
4,8.30,,26.127428822501912
4,8.35,,25.975742021784534
4,8.40,,25.814059138934645
4,8.45,,25.642375152692267
4,8.50,,25.460694882968564
4,8.55,,25.269014338104569
4,8.60,,25.067337206973392
4,8.65,,24.855660532710871
4,8.70,,24.633987165280168
4,8.75,,24.402313084348616
4,8.80,,24.160641929029257
4,8.85,,23.908973734283798
4,8.90,,23.647306451191483
4,8.95,,23.375641753322807
4,9.00,,23.093978606981253
4,9.05,,22.802315954144134
4,9.10,,22.500658481851058
4,9.15,,22.188999261861845
4,9.20,,21.867343912069469
4,9.25,,21.53568949728615
4,9.30,,21.194037720624291
4,9.35,,20.842389325218758
4,9.40,2.9000000000000004,20.480741411715023
4,9.45,2.8000000000000003,20.109094742764935
4,9.50,2.6000000000000001,19.72745289513125
4,9.55,2.5000000000000004,19.335812029619955
4,9.60,2.4000000000000004,18.934172855281091
4,9.65,2.3000000000000003,18.522535117788429
4,9.70,2.2000000000000002,18.100901614111311
4,9.75,2.1000000000000001,17.669269329304715
4,9.80,2,17.227638962720849
4,9.85,1.9000000000000001,16.776011315379947
4,9.90,1.8000000000000003,16.314388241000927
4,9.95,1.7000000000000002,15.842769588977911
4,10.00,1.6000000000000001,15.361152110042561
4,10.05,1.6000000000000001,14.869537591893689
4,10.10,1.5000000000000002,14.36792298903362
4,10.15,1.4000000000000001,13.856312928262385
4,10.20,1.3000000000000003,13.334702304497588
4,10.25,1.3000000000000003,12.803094901720353
4,10.30,1.2000000000000002,12.261489576636359
4,10.35,1.1000000000000001,11.709885923894751
4,10.40,1,11.148284906267838
4,10.45,1,10.576685210212878
4,10.50,0.90000000000000002,9.9950877504357827
4,10.55,0.80000000000000004,9.4034920666722535
4,10.60,0.80000000000000004,8.8018970707372954
4,10.65,0.70000000000000007,8.190302378762425
4,10.70,0.70000000000000007,7.5687088703602798
4,10.75,0.59999999999999998,6.9371199661852279
4,10.80,0.5,6.2955344718966648
4,10.85,0.5,5.6439531357094204
4,10.90,0.40000000000000002,4.982374586099068
4,10.95,0.40000000000000002,4.3107997354523251
4,11.00,0.30000000000000004,3.6292271075829277
4,11.05,0.30000000000000004,2.9376593047770538
4,11.10,0.20000000000000001,2.2360942097368861
4,11.15,0.20000000000000001,1.5245334285317547
4,11.20,0.10000000000000001,0.80297468033747621
4,11.25,0.10000000000000001,0.071421478666737676
4,11.30,0.10000000000000001,0
4,11.35,0.10000000000000001,0
4,11.40,0.10000000000000001,0
4,11.45,0.10000000000000001,0
4,11.50,0.10000000000000001,0
4,11.55,0.10000000000000001,0
4,11.60,0.10000000000000001,0
4,11.65,0.10000000000000001,0
4,11.70,,0
4,11.75,,0
4,11.80,,0
4,11.85,,0
4,11.90,,0
4,11.95,,0.67993472108797381
4,12.00,,1.5614293772002155
4,12.05,,2.4529200448032085
4,12.10,,3.3544060135001734
4,12.15,,4.2658896399394903
4,12.20,,5.1873674061350847
4,12.25,,6.1188406050574597
4,12.30,,7.0603076722308176
4,12.35,,8.0117727030830501
4,12.40,,8.9732315235881366
4,12.45,,9.9446851636023368
4,12.50,,10.926134918205104
4,12.55,,11.917577471980676
4,12.60,,12.919016038210771
4,12.65,,13.930448812553127
4,12.70,,14.951877319263348
4,12.75,,15.983298933196968
4,12.80,,17.02471486416762
4,12.85,,18.076124611629186
4,12.90,,19.137528457456391
4,12.95,,20.208926756487273
4,13.00,,21.290317797129745
4,13.05,,22.381702939742031
4,13.10,,23.483081563378239
4,13.15,,24.59445305524088
4,13.20,,25.715816514296783
4,13.25,,26.847174493429726
4,13.30,,27.988523194084575
4,13.35,,29.139863951597068
4,13.40,,30.301197065663352
4,13.45,,31.472522799222766
4,13.50,,32.653838588649307
4,13.55,,33.845147505194078
4,13.60,,35.046445986445583
4,13.65,,36.257734130573205
4,13.70,,37.479014485416897
4,13.75,,38.710285127988406
4,13.80,,39.951544288803497
4,13.85,,41.202794328430691
4,13.90,,42.464031457495871
4,13.95,,43.73525870953226
4,14.00,,45.016473589964342
4,14.05,,46.307678115922343
4,14.10,,47.608868715699693
4,14.15,,48.920046557413094
4,14.20,,50.241219477595109
4,14.25,,51.572384074516734
4,14.30,,52.913540993795287
4,14.35,,54.264692232632001
4,14.40,,55.625836913006182
4,14.45,,56.996974627721286
4,14.50,,58.378104378082973
4,14.55,,59.769227441802933
4,14.60,,61.170342178879807
4,14.65,,62.581448871018203
4,14.70,,64.002546200793688
4,14.75,,65.433637505333536
4,14.80,,66.874718086628491
4,14.85,,68.325791633460142
4,14.90,,69.786854423772297
4,14.95,,71.25790773600805
4,15.00,,72.738954450722275
4,15.05,,74.229988559285133
4,15.10,,75.731012836971615
4,15.15,,77.242028535608242
4,15.20,,78.763042948086664
4,15.25,,80.290171093348206
4,15.30,,81.817294793547319
4,15.35,,83.344415337647348
4,15.40,,84.871530048525443
4,15.45,,86.398640099883153
4,15.50,,87.925745650834386
4,15.55,,89.452846035685852
4,15.60,,90.979941528121927
4,15.65,,92.507032300718095
4,15.70,,94.034117553625066
4,15.75,,95.561197529713183
4,15.80,,97.088271543885696
4,15.85,,98.6153416924314
4,15.90,,100.14240536258036
4,15.95,,101.66946379331785
4,16.00,,103.19651598885225
4,16.05,,104.72356346940428
4,16.10,,106.25060421490741
4,16.15,,107.77763960251491
4,16.20,,109.30466872574348
4,16.25,,110.83169103492116
4,16.30,,112.35870947412565
4,16.35,,113.88571859188606
4,16.40,,115.41272330459104
4,16.45,,116.93972191529164
4,16.50,,118.46671382431637
4,16.55,,119.99369904109874
4,16.60,,121.52067784271972
4,16.65,,123.04764857907314
4,16.70,,124.57461330229305
4,16.75,,126.10157223647543
4,16.80,,127.62852360748356
4,16.85,,129.15546863638428
4,16.90,,130.68240561693617
4,16.95,,132.20933370141964
4,17.00,,133.73625393366353
4,17.05,,135.26316737115039
4,17.10,,136.79007429717504
4,17.15,,138.31697557125565
4,17.20,,139.84387136432852
4,17.25,,141.37075995474027
4,17.30,,142.89764219169646
4,17.35,,144.42451918082369
4,17.40,,145.95138930150375
4,17.45,,147.4782532284469
4,17.50,,149.00511127819684
4,17.55,,150.5319626020499
4,17.60,,152.05880802803566
4,17.65,,153.58564675608784
4,17.70,,155.1124789823553
4,17.75,,156.63930652324936
4,17.80,,158.16612570015437
4,17.85,,159.69293926415159
4,17.90,,161.21974745636592
4,17.95,,162.74654846240219
4,18.00,,164.27334408219969
4,18.05,,165.80013156473407
4,18.10,,167.32691469927039
4,18.15,,168.85369071973662
4,18.20,,170.38045973592546
4,18.25,,171.90722353079531
4,18.30,,173.43398039650427
4,18.35,,174.96073216935309
4,18.40,,176.48747689041798
4,18.45,,178.0142148340131
4,18.50,,179.54094770747832
4,18.55,,181.06767372987341
4,18.60,,182.5943937241116
4,18.65,,184.1211069632871
4,18.70,,185.64781420388178
4,18.75,,187.17451571219243
4,18.80,,188.70121117843257
4,18.85,,190.22789986519936
4,18.90,,191.75458357655401
4,18.95,,193.28126038162097
4,19.00,,194.80793046855717
4,19.05,,196.33459650533078
4,19.10,,197.8612547484899
4,19.15,,199.38790711743485
4,19.20,,200.91455440327607
4,19.25,,202.4411947872741
4,19.30,,203.96783011523681
4,19.35,,205.4944595618957
4,19.40,,207.02108277819963
4,19.45,,208.54770012577711
4,19.50,,210.0743121824836
4,19.55,,211.60091824266399
4,19.60,,213.12751814108455
4,19.65,,214.65411370504108
4,19.70,,216.18070209497108
4,19.75,,217.70728606616296
4,19.80,,219.23386377182891
4,19.85,,220.76043509970643
4,19.90,,222.28700279397373
4,19.95,,223.81356307176813
4,20.00,,225.34010576887326
4,20.05,,226.86664120267881
4,20.10,,228.39317118283799
4,20.15,,229.91969405324937
4,20.20,,231.44620968951023
4,20.25,,232.97272009229431
5,0.05,,21.004605097094725
5,0.10,,20.24261149560299
5,0.15,,19.480766331246201
5,0.20,,18.719084750811337
5,0.25,,17.95758754063862
5,0.30,,17.196300056368898
5,0.35,,16.435249842842339
5,0.40,,15.67446969752098
5,0.45,,14.914002721153274
5,0.50,,14.153895684029195
5,0.55,,13.394214049640592
5,0.60,,12.635029897331915
5,0.65,,11.876438064508168
5,0.70,,11.11856261848259
5,0.75,,10.361555351418446
5,0.80,,9.6056224566521937
5,0.85,,8.8510388361198498
5,0.90,,8.0981808973838216
5,0.95,,7.3475768845800804
5,1.00,,6.5999943843086655
5,1.05,,5.8565883601224833
5,1.10,,5.1191815734318542
5,1.15,,4.3907890145281803
5,1.20,,3.6767762058490812
5,1.25,,2.9874609370262957
5,1.30,,2.3447307789637697
5,1.35,,1.7992137398730987
5,1.40,,1.4639453153309845
5,1.45,,1.4252030500774182
5,1.50,,1.4251348468513341
5,1.55,,1.4250795713458604
5,1.60,,1.4250336243063508
5,1.65,,1.4250036644562738
5,1.70,,1.4249899827721777
5,1.75,,1.4249893666875133
5,1.80,,1.4249826429779369
5,1.85,,1.424913516848463
5,1.90,,1.4248629474985137
5,1.95,,1.4248271624459217
5,2.00,,1.4248110284012425
5,2.05,,1.4248103016779319
5,2.10,,1.4248300502158964
5,2.15,,1.5387414515702749
5,2.20,,1.9591563729933243
5,2.25,,2.5446419885576854
5,2.30,,3.2060005937322007
5,2.35,,3.9048665928321848
5,2.40,,4.624264812702914
5,2.45,,5.3559255950201408
5,2.50,,6.0954337872575959
5,2.55,,6.8402432561773585
5,2.60,,7.5887922355727273
5,2.65,,8.3396547819739038
5,2.70,,9.0897092043502923
5,2.75,,9.8407350597385186
5,2.80,,10.592536882746712
5,2.85,,11.34497840311554
5,2.90,,12.097968013338438
5,2.95,,12.851432666554015
5,3.00,,13.605328568987085
5,3.05,,14.359623003660094
5,3.10,,15.114295066348292
5,3.15,,15.869331703785747
5,3.20,,16.62472738876232
5,3.25,,17.3804774486192
5,3.30,,18.126468440657039
5,3.35,,18.862802039982917
5,3.40,,19.589477074332287
5,3.45,,20.306494888800497
5,3.50,,21.013858239834097
5,3.55,,21.711573105763787
5,3.60,,22.399643718293646
5,3.65,,23.078078100494931
5,3.70,,23.746882246894501
5,3.75,,24.406060496367637
5,3.80,,25.055621811242816
5,3.85,,25.695569214139475
5,3.90,,26.325907017050937
5,3.95,,26.946606192926975
5,4.00,,27.557434723033076
5,4.05,,28.158359402252263
5,4.10,,28.749395960927071
5,4.15,,29.330558635429369
5,4.20,,29.901862477098042
5,4.25,,30.463318136434385
5,4.30,,31.014940650941242
5,4.35,,31.556742850361289
5,4.40,,32.088737042519405
5,4.45,,32.610935275524476
5,4.50,,33.123346345624107
5,4.55,,33.625981911852016
5,4.60,,34.118852626447442
5,4.65,,34.601961174907743
5,4.70,,35.075318138266397
5,4.75,,35.538925748390866
5,4.80,,35.992789650209147
5,4.85,,36.436909720842053
5,4.90,,36.871288106337019
5,4.95,,37.295921573598555
5,5.00,,37.71081205501644
5,5.05,,38.116009154086882
5,5.10,,38.511520115438728
5,5.15,,38.897315550168294
5,5.20,,39.273369719681568
5,5.25,,39.639656688883122
5,5.30,,39.996146575322769
5,5.35,,40.342815617861724
5,5.40,,40.67963538070088
5,5.45,,41.006582740146975
5,5.50,,41.32362979801136
5,5.55,,41.630711234031978
5,5.60,,41.930308155516194
5,5.65,,42.205125531302549
5,5.70,,42.468980525111661
5,5.75,,42.722837068635506
5,5.80,,42.96669416367822
5,5.85,,43.200549828010423
5,5.90,,43.424403119419686
5,5.95,,43.638256001736288
5,6.00,,43.842105652960441
5,6.05,,44.035955813861065
5,6.10,,44.219803708545506
5,6.15,,44.393650298074768
5,6.20,,44.557497544792703
5,6.25,,44.711343437827914
5,6.30,,44.855187041509268
5,6.35,,44.989029428859673
5,6.40,,45.112872458850006
5,6.45,,45.226714144517324
5,6.50,,45.33055358854817
5,6.55,,45.424395689308966
5,6.60,,45.508234570460772
5,6.65,,45.582072100093285
5,6.70,,45.645911306862658
5,6.75,,45.699748369810678
5,6.80,,45.743584985011559
5,6.85,,45.777421364126077
5,6.90,,45.801256519693787
5,6.95,,45.81509229810208
5,7.00,,45.818928714919245
5,7.05,,45.812762889483032
5,7.10,,45.796597689083434
5,7.15,,45.770431199618542
5,7.20,,45.73426543927949
5,7.25,,45.688101179564534
5,7.30,,45.631932718147098
5,7.35,,45.56576869904255
5,7.40,,45.489601351806918
5,7.45,,45.403438526094895
5,7.50,,45.307274072441295
5,7.55,,45.201113775940463
5,7.60,,45.084954853702193
5,7.65,,44.958797948420177
5,7.70,,44.822640254146691
5,7.75,,44.676485588264256
5,7.80,,44.520333753710659
5,7.85,,44.354181908626771
5,7.90,,44.178031861820877
5,7.95,,43.991883481129989
5,8.00,,43.795738625608337
5,8.05,,43.589593390626966
5,8.10,,43.373450620972243
5,8.15,,43.147310161398075
5,8.20,,42.911170934863215
5,8.25,,42.665033825826065
5,8.30,,42.40889976385121
5,8.35,,42.142766587096979
5,8.40,,41.866635215595913
5,8.45,,41.580506548866026
5,8.50,,41.284380416970706
5,8.55,,40.978254833292269
5,8.60,,40.662132425199701
5,8.65,,40.336012234073841
5,8.70,,39.99989504755478
5,8.75,,39.6537778953954
5,8.80,,39.297664352161
5,8.85,,38.931553464011728
5,8.90,,38.555444133753873
5,8.95,,38.16933699519474
5,9.00,,37.773233018206554
5,9.05,,37.367130154625464
5,9.10,,36.951031992066909
5,9.15,,36.524932600552987
5,9.20,,36.088838612551619
5,9.25,,35.64274604289109
5,9.30,,35.186660634840415
5,9.35,,34.720578042215713
5,9.40,,34.244495425644601
5,9.45,,33.758415439008999
5,9.50,,33.26233878048162
5,9.55,,32.756262546197306
5,9.60,,32.240188397057295
5,9.65,,31.714116117281613
5,9.70,,31.178048502980047
5,9.75,2.9000000000000004,30.631980539214908
5,9.80,2.8000000000000003,30.075915850621389
5,9.85,2.7000000000000002,29.509852300655886
5,9.90,2.6000000000000001,28.933790704034621
5,9.95,2.5000000000000004,28.34773278967155
5,10.00,2.4000000000000004,27.751676361215424
5,10.05,2.3000000000000003,27.145622253801559
5,10.10,2.2000000000000002,26.529571154317534
5,10.15,2.1000000000000001,25.903521951000833
5,10.20,2,25.267474320551205
5,10.25,2,24.621430051533149
5,10.30,1.9000000000000001,23.965388047375736
5,10.35,1.8000000000000003,23.299347853975146
5,10.40,1.7000000000000002,22.623311324246046
5,10.45,1.6000000000000001,21.937276238199889
5,10.50,1.6000000000000001,21.241243403330362
5,10.55,1.5000000000000002,20.53521339047979
5,10.60,1.4000000000000001,19.819183063622869
5,10.65,1.4000000000000001,19.093153985287675
5,10.70,1.3000000000000003,18.357128008465416
5,10.75,1.2000000000000002,17.611104554020645
5,10.80,1.2000000000000002,16.855086437413327
5,10.85,1.1000000000000001,16.08907138801715
5,10.90,1,15.31305990209607
5,10.95,1,14.527051985625947
5,11.00,0.90000000000000002,13.731047048979434
5,11.05,0.90000000000000002,12.925046712163518
5,11.10,0.80000000000000004,12.10905080077011
5,11.15,0.70000000000000007,11.283057047510177
5,11.20,0.70000000000000007,10.447066881428956
5,11.25,0.59999999999999998,9.6010810817995953
5,11.30,0.59999999999999998,8.7450983823611743
5,11.35,0.5,7.8791211911354431
5,11.40,0.40000000000000002,7.0031464834882495
5,11.45,0.40000000000000002,6.1171767504740409
5,11.50,0.30000000000000004,5.2212095809164927
5,11.55,0.30000000000000004,4.3152467426934056
5,11.60,0.20000000000000001,3.399287803354814
5,11.65,0.20000000000000001,2.4733325009520306
5,11.70,0.10000000000000001,1.537381299082841
5,11.75,0.10000000000000001,0.59143604776971581
5,11.80,0.10000000000000001,0
5,11.85,0.10000000000000001,0
5,11.90,0.10000000000000001,0
5,11.95,0.10000000000000001,0
5,12.00,0.10000000000000001,0
5,12.05,0.10000000000000001,0
5,12.10,0.10000000000000001,0
5,12.15,,0
5,12.20,,0
5,12.25,,0
5,12.30,,0
5,12.35,,0.99959028485764989
5,12.40,,2.0754800463986185
5,12.45,,3.1613641306714397
5,12.50,,4.2572447089949748
5,12.55,,5.3631174352967728
5,12.60,,6.4789875905104433
5,12.65,,7.6048513595053304
5,12.70,,8.7407112493534562
5,12.75,,9.886563493969172
5,12.80,,11.042411358954363
5,12.85,,12.208253338548301
5,12.90,,13.384088778664129
5,12.95,,14.569917797687689
5,13.00,,15.765739827849995
5,13.05,,16.971558102264421
5,13.10,,18.187368027019339
5,13.15,,19.413169924121121
5,13.20,,20.648965856761144
5,13.25,,21.894755388278831
5,13.30,,23.150535606136891
5,13.35,,24.416307864901675
5,13.40,,25.692073370303195
5,13.45,,26.977829390920633
5,13.50,,28.273577268146223
5,13.55,,29.579317074099773
5,13.60,,30.89504511753513
5,13.65,,32.220765600781839
5,13.70,,33.55647688279695
5,13.75,,34.902176942038473
5,13.80,,36.257867116726324
5,13.85,,37.623545416244596
5,13.90,,38.999211438152571
5,13.95,,40.384867783913919
5,14.00,,41.780512043167633
5,14.05,,43.186144129052941
5,14.10,,44.601761225289557
5,14.15,,46.027367727667666
5,14.20,,47.462959289203951
5,14.25,,48.908537478387807
5,14.30,,50.36410841348556
5,14.35,,51.829674430693949
5,14.40,,53.305232383903849
5,14.45,,54.790784010842636
5,14.50,,56.286327186221293
5,14.55,,57.791865171615228
5,14.60,,59.307394205271393
5,14.65,,60.832914483888899
5,14.70,,62.360096054816438
5,14.75,,63.88727313172739
5,14.80,,65.414443281887557
5,14.85,,66.941607704033373
5,14.90,,68.46876510609863
5,14.95,,69.995916742635345
5,15.00,,71.523062113662775
5,15.05,,73.050199648632585
5,15.10,,74.577329939415577
5,15.15,,76.104453242754417
5,15.20,,77.631580158589927
5,15.25,,79.158710558102442
5,15.30,,80.685836609922674
5,15.35,,82.212959601592814
5,15.40,,83.740076854405842
5,15.45,,85.267189540946958
5,15.50,,86.79429781891001
5,15.55,,88.321401021669644
5,15.60,,89.848499421524323
5,15.65,,91.375593190254321
5,15.70,,92.90268152696072
5,15.75,,94.429764673619601
5,15.80,,95.956841944064024
5,15.85,,97.483915434232131
5,15.90,,99.010982530147899
5,15.95,,100.53804447006345
5,16.00,,102.06510025774635
5,16.05,,103.59215141263529
5,16.10,,105.11919591380529
5,16.15,,106.64623513817391
5,16.20,,108.17326817831812
5,16.25,,109.70029448414259
5,16.30,,111.22731699931073
5,16.35,,112.75433027135857
5,16.40,,114.2813392166743
5,16.45,,115.80834213758745
5,16.50,,117.33533843397221
5,16.55,,118.86232811468851
5,16.60,,120.38931145652101
5,16.65,,121.916286808824
5,16.70,,123.44325622331607
5,16.75,,124.97021992370017
5,16.80,,126.49717613547173
5,16.85,,128.02412607931919
5,16.90,,129.55106804837115
5,16.95,,131.07800119484264
5,17.00,,132.60492656221535
5,17.05,,134.13184520720336
5,17.10,,135.65875741247845
5,17.15,,137.18566403722778
5,17.20,,138.71256525148496
5,17.25,,140.23945933299487
5,17.30,,141.76634713064246
5,17.35,,143.29322974900006
5,17.40,,144.82010556714442
5,17.45,,146.34697525903633
5,17.50,,147.87383914075915
5,17.55,,149.40069636271761
5,17.60,,150.92754775263765
5,17.65,,152.45439250971197
5,17.70,,153.98123082933978
5,17.75,,155.50806452762905
5,17.80,,157.03488992509747
5,17.85,,158.56170977236962
5,17.90,,160.08852430997683
5,17.95,,161.61533172279809
5,18.00,,163.14213381048279
5,18.05,,164.66892782098421
5,18.10,,166.19571754326384
5,18.15,,167.72250021069124
5,18.20,,169.24927593216921
5,18.25,,170.77604649037784
5,18.30,,172.30281017659973
5,18.35,,173.82956882701623
5,18.40,,175.35632048168256
5,18.45,,176.8830654144902
5,18.50,,178.40980533235847
5,18.55,,179.93653845332145
5,18.60,,181.46326560019469
5,18.65,,182.98998604519485
5,18.70,,184.51670054455587
5,18.75,,186.04340936368939
5,18.80,,187.57011219241855
5,18.85,,189.09680829246628
5,18.90,,190.62349946780131
5,18.95,,192.15018378669333
5,19.00,,193.67686143673942
5,19.05,,195.20353508549749
5,19.10,,196.73020098867696
5,19.15,,198.25686106543216
5,19.20,,199.7835161063243
5,19.25,,201.3101642916005
5,19.30,,202.83680746715208
5,19.35,,204.36344480668944
5,19.40,,205.89007596079404
5,19.45,,207.41670129054094
5,19.50,,208.94332137325296
5,19.55,,210.46993550257565
5,19.60,,211.99654351290772
5,19.65,,213.52314723115862
5,19.70,,215.04974381677292
6,0.05,,21.366449078305838
6,0.10,,21.269565640465494
6,0.15,,21.172685249810041
6,0.20,,21.075810147649843
6,0.25,,20.978937389837757
6,0.30,,20.882068893738833
6,0.35,,20.785204744203476
6,0.40,,20.688344081913698
6,0.45,,20.591487733688528
6,0.50,,20.494634273404671
6,0.55,,20.397787739485668
6,0.60,,20.300942208584846
6,0.65,,20.204102276077993
6,0.70,,20.107265963343071
6,0.75,,20.010434488166261
6,0.80,,19.913607513653055
6,0.85,,19.816784402272972
6,0.90,,19.71996548878829
6,0.95,,19.62315205586691
6,1.00,,19.526342754284418
6,1.05,,19.429536559769119
6,1.10,,19.332735610328314
6,1.15,,19.235940380807584
6,1.20,,19.139148626436054
6,1.25,,19.042363710696744
6,1.30,,18.945582210894251
6,1.35,,18.848805289699325
6,1.40,,18.752033920322262
6,1.45,,18.655267567209844
6,1.50,,18.558505996020596
6,1.55,,18.461749098701485
6,1.60,,18.364998706643636
6,1.65,,18.268252044937217
6,1.70,,18.17151136600938
6,1.75,,18.074777225687551
6,1.80,,17.978046676483263
6,1.85,,17.881324279053029
6,1.90,,17.784604650805612
6,1.95,,17.687891876063016
6,2.00,,17.591184490871775
6,2.05,,17.494483473003232
6,2.10,,17.397787689372404
6,2.15,,17.301099346308305
6,2.20,,17.204416748960103
6,2.25,,17.107740657551311
6,2.30,,17.011069305773756
6,2.35,,16.914405989592233
6,2.40,,16.817748266112563
6,2.45,,16.721096794231222
6,2.50,,16.624452460104315
6,2.55,,16.527814489640562
6,2.60,,16.431183633884284
6,2.65,,16.334561133129935
6,2.70,,16.237943453939327
6,2.75,,16.141335004513866
6,2.80,,16.044731617149438
6,2.85,,15.948136704126517
6,2.90,,15.851549340549122
6,2.95,,15.754969820622186
6,3.00,,15.658398521761857
6,3.05,,15.561834341950048
6,3.10,,15.465278653456744
6,3.15,,15.368730952514207
6,3.20,,15.272191551264706
6,3.25,,15.17565958005906
6,3.30,,15.079137429599525
6,3.35,,14.982624026153189
6,3.40,,14.886118152814475
6,3.45,,14.789623940804638
6,3.50,,14.69313549960923
6,3.55,,14.596659302453205
6,3.60,,14.500191567675543
6,3.65,,14.403731992100699
6,3.70,,14.307283852696051
6,3.75,,14.210845838607948
6,3.80,,14.114417535595024
6,3.85,,14.018000002584008
6,3.90,,13.92159246064228
6,3.95,,13.825196498211435
6,4.00,,13.728811947654002
6,4.05,,13.632437039692261
6,4.10,,13.536075847061692
6,4.15,,13.439724893588766
6,4.20,,13.343386270335717
6,4.25,,13.247058247547818
6,4.30,,13.150744062463895
6,4.35,,13.054442698052741
6,4.40,,12.958152996652075
6,4.45,,12.861877934377743
6,4.50,,12.765615259127953
6,4.55,,12.669366669152044
6,4.60,,12.573131619247047
6,4.65,,12.47691184330094
6,4.70,,12.380705954217252
6,4.75,,12.284515569722737
6,4.80,,12.188339890458176
6,4.85,,12.092179128347674
6,4.90,,11.996035762391475
6,4.95,,11.899908333513483
6,5.00,,11.803797784424477
6,5.05,,11.707703957857698
6,5.10,,11.611626978362724
6,5.15,,11.515568862208459
6,5.20,,11.419529806547827
6,5.25,,11.323507248504937
6,5.30,,11.227507095988349
6,5.35,,11.131526870137609
6,5.40,,11.035564597665385
6,5.45,,10.939624731622963
6,5.50,,10.843707015419536
6,5.55,,10.747808533703457
6,5.60,,10.651933311312925
6,5.65,,10.556081441273939
6,5.70,,10.460252578849829
6,5.75,,10.364446981746358
6,5.80,,10.26866650831076
6,5.85,,10.172912285933052
6,5.90,,10.077182765781266
6,5.95,,9.9814817335775032
6,6.00,,9.8858069507109132
6,6.05,,9.7901573974606269
6,6.10,,9.694538487053169
6,6.15,,9.5989496706425452
6,6.20,,9.503391034568974
6,6.25,,9.4078636771264854
6,6.30,,9.3123697888921182
6,6.35,,9.2169090670632325
6,6.40,,9.1214828803845105
6,6.45,,9.0260922371365933
6,6.50,,8.9307381173155207
6,6.55,,8.8354232027023336
6,6.60,,8.7401460462495706
6,6.65,,8.6449108182081282
6,6.70,,8.5497159335716191
6,6.75,,8.4545649129519589
6,6.80,,8.3594584863666803
6,6.85,,8.2643977434458353
6,6.90,,8.1693852716831596
6,6.95,,8.074422335571569
6,7.00,,7.9795091266824008
6,7.05,,7.8846505128243436
6,7.10,,7.7898452435468242
6,7.15,,7.6950977455073222
6,7.20,,7.6004076092819268
6,7.25,,7.5057796843966003
6,7.30,,7.4112154351859969
6,7.35,,7.3167159787519918
6,7.40,,7.2222865718596099
6,7.45,,7.1279260374404334
6,7.50,,7.0336408707837039
6,7.55,,6.9394320898122199
6,7.60,,6.8453023875484345
6,7.65,,6.75125679244473
6,7.70,,6.6572973172724526
6,7.75,,6.5634291310670356
6,7.80,,6.46965468532008
6,7.85,,6.3759788651758731
6,7.90,,6.2824056525277605
6,7.95,,6.1889398326505933
6,8.00,,6.0955863912960142
6,8.05,,6.00235066436744
6,8.10,,5.90923768809217
6,8.15,,5.8162544313623687
6,8.20,,5.7234055875384726
6,8.25,,5.630698552327754
6,8.30,,5.5381403075548885
6,8.35,,5.445739074093086
6,8.40,,5.3535013577717017
6,8.45,,5.2614380188864898
6,8.50,,5.1695566535425561
6,8.55,,5.0778674811576714
6,8.60,,4.9863798225145901
6,8.65,,4.8951077994997885
6,8.70,,4.8040595323533415
6,8.75,,4.7132525094840965
6,8.80,,4.6226987811177986
6,8.85,,4.5324123390817439
6,8.90,,4.4424110045152236
6,8.95,,4.3527114151716555
6,9.00,,4.2633334816946959
6,9.05,,4.1742975168304852
6,9.10,,4.0856258124865779
6,9.15,,3.9973416369458774
6,9.20,,3.9094736193678683
6,9.25,,3.8220468831655565
6,9.30,,3.7350954533174181
6,9.35,,3.6486510114569217
6,9.40,,3.5627527086979351
6,9.45,,3.4774390548150431
6,9.50,,3.3927532848473989
6,9.55,,3.3087457229300545
6,9.60,,3.2254698619369435
6,9.65,,3.1429817378612821
6,9.70,,3.0613447082770757
6,9.75,,2.9806293739661047
6,9.80,,2.9009150050073598
6,9.85,,2.822281831979796
6,9.90,,2.7448239876323437
6,9.95,,2.6686475560692275
6,10.00,,2.5938600540721186
6,10.05,,2.5205889814218954
6,10.10,,2.448967433128725
6,10.15,,2.3791469008876609
6,10.20,,2.3112899203698989
6,10.25,,2.2455728270242168
6,10.30,,2.1821870811886068
6,10.35,,2.1213470018215022
6,10.40,,2.0632740373708431
6,10.45,,2.0082094675714233
6,10.50,,1.9564040283454063
6,10.55,,1.908130391436125
6,10.60,,1.863655593928232
6,10.65,,1.8232593533450787
6,10.70,,1.7872191599109468
6,10.75,,1.7558053491108916
6,10.80,,1.7292657152289916
6,10.85,,1.7078300275565763
6,10.90,,1.6916869136806405
6,10.95,,1.6810003029443568
6,11.00,,1.6758626840850546
6,11.05,,1.6753599233214014
6,11.10,,1.6753408164432337
6,11.15,,1.6753210049788707
6,11.20,,1.6752998500779634
6,11.25,,1.67528162843059
6,11.30,,1.6752620423603384
6,11.35,,1.6752413191889288
6,11.40,,1.6752237109912116
6,11.45,,1.6752069400786971
6,11.50,,1.6751895570511128
6,11.55,,1.6751758481774819
6,11.60,,1.6751582821441302
6,11.65,,1.6751422702202341
6,11.70,,1.6751272152674361
6,11.75,,1.6751144266839533
6,11.80,,1.6751007374730507
6,11.85,,1.6750885062874115
6,11.90,,1.6750770085480238
6,11.95,,1.6750652685881837
6,12.00,,1.6750538168133988
6,12.05,,1.6750438513377817
6,12.10,,1.6750326359354348
6,12.15,,1.6750224749149292
6,12.20,,1.6750127791251475
6,12.25,,1.6750025856333026
6,12.30,,1.6749944529130061
6,12.35,,1.6749865238816828
6,12.40,,1.6749792233358174
6,12.45,,1.6749733805128644
6,12.50,,1.674965872757922
6,12.55,,1.6749617457256747
6,12.60,,1.6749567636293936
6,12.65,,1.6749521594516954
6,12.70,,1.6749489284134518
6,12.75,,1.6749474232183474
6,12.80,,1.6749443540854503
6,12.85,,1.6749446533053141
6,12.90,,1.6749441185756027
6,12.95,,1.6749441151211191
6,13.00,,1.674946035388639
6,13.05,,1.6749484037549507
6,13.10,,1.6749519005682316
6,13.15,,1.6749571776544327
6,13.20,,1.6749612856327556
6,13.25,,1.6749685425265832
6,13.30,,1.6749756721228355
6,13.35,,1.6749848590045673
6,13.40,,1.6749943799759015
6,13.45,,1.6749854876622099
6,13.50,,1.67494936832236
6,13.55,,1.6749122962961769
6,13.60,,1.6748745786249886
6,13.65,,1.6748370062698374
6,13.70,,1.6747987307597119
6,13.75,,1.6747659177722769
6,13.80,,1.6747330652358616
6,13.85,,1.6746941169260556
6,13.90,,1.674661123189829
6,13.95,,1.674627429881187
6,14.00,,1.6745962631185833
6,14.05,,1.6745620829038641
6,14.10,,1.6745287836695288
6,14.15,,1.6744971552413772
6,14.20,,1.6744658307983875
6,14.25,,1.6744379332725108
6,14.30,,1.6744097273737353
6,14.35,,1.6743798212259799
6,14.40,,1.6743509572288628
6,14.45,,1.6743260496808094
6,14.50,,1.674297682996704
6,14.55,,1.6742718968701613
6,14.60,,1.6742489805188392
6,14.65,,1.6742233426299427
6,14.70,,1.6742006337179525
6,14.75,,1.6741773410934562
6,14.80,,1.6741561178605648
6,14.85,,1.6741372151097507
6,14.90,,1.6741150428939349
6,14.95,,1.6740958109565589
6,15.00,,1.6740807098706914
6,15.05,,1.6740651898315015
6,15.10,,1.674046561894071
6,15.15,,1.67403452448685
6,15.20,,1.674020252710551
6,15.25,,1.674011582953453
6,15.30,,1.6740009456215907
6,15.35,,1.6739888544059782
6,15.40,,1.6739809161165049
6,15.45,,1.6739728803707479
6,15.50,,1.6739658697355637
6,15.55,,1.6739622955005495
6,15.60,,1.6739601116740588
6,15.65,,1.673960095066831
6,15.70,,1.6739579795829549
6,15.75,,1.6739587827279989
6,15.80,,1.673960793454379
6,15.85,,1.6739647540547611
6,15.90,,1.6739728154465525
6,15.95,,1.6739965065302655
6,16.00,,1.677250053969463
6,16.05,,1.6860539102739811
6,16.10,,1.7003208581967246
6,16.15,,1.7199101081779713
6,16.20,,1.7446475001255002
6,16.25,,1.7743135037749684
6,16.30,,1.8086659520980608
6,16.35,,1.8474422352874513
6,16.40,,1.8903747188901494
6,16.45,,1.9371823672384387
6,16.50,,1.9875896264279911
6,16.55,,2.0413312675645745
6,16.60,,2.0981498899507471
6,16.65,,2.1577977357196869
6,16.70,,2.2200479955379309
6,16.75,,2.2846872541285541
6,16.80,,2.35151969558409
6,16.85,,2.4203614349146676
6,16.90,,2.4910480418450613
6,16.95,,2.5634250754289503
6,17.00,,2.6373531133170913
6,17.05,,2.712699842852027
6,17.10,,2.7893585707798518
6,17.15,,2.8672167668578687
6,17.20,,2.9461827819239748
6,17.25,,3.0261671347363479
6,17.30,,3.1070915418381446
6,17.35,,3.1888838170552423
6,17.40,,3.2714783400005678
6,17.45,,3.3548163271914806
6,17.50,,3.4376492600370776
6,17.55,,3.5172977800991054
6,17.60,,3.5953065018083761
6,17.65,,3.6718082265275696
6,17.70,,3.7469510283891116
6,17.75,,3.8208893448498995
6,17.80,,3.893789660036084
6,17.85,,3.965820949298795
6,17.90,,4.0371624489050175
6,17.95,,4.1079965343838278
6,18.00,,4.1785092982839931
6,18.05,,4.2488852744295285
6,18.10,,4.319311688024225
6,18.15,,4.3899731756511269
6,18.20,,4.4610516911422522
6,18.25,,4.5327207245135073
6,18.30,,4.6051498972980109
6,18.35,,4.6784974577123242
6,18.40,,4.752914857770536
6,18.45,,4.8285398026963762
6,18.50,,4.905497328685084
6,18.55,,4.9838968263016667
6,18.60,,5.0638363175510772
6,18.65,,5.1453972323246902
6,18.70,,5.228638015151934
6,18.75,,5.3136133850842748
6,18.80,,5.400351184700364
6,18.85,,5.4888650063654438
6,18.90,,5.579152974721822
6,18.95,,5.6710846537052744
6,19.00,,5.7635112073601986
6,19.05,,5.8561586532714331
6,19.10,,5.949048068320443
6,19.15,,6.0422048882345187
6,19.20,,6.1356488711222461
6,19.25,,6.2294003757169127
6,19.30,,6.3234754286536488
6,19.35,,6.4178934657851219
6,19.40,,6.512668807624288
6,19.45,,6.6078118997331252
6,19.50,,6.7033369574344643
6,19.55,,6.7992477190281164
6,19.60,,6.8955529400743396
6,19.65,,6.9922536639156077
6,19.70,,7.0893493914735703
6,19.75,,7.1868379838207836
6,19.80,,7.2847154350803667
6,19.85,,7.3829704755999153
6,19.90,,7.4815938533179924
6,19.95,,7.5805707655395418
6,20.00,,7.6798848973602194
6,20.05,,7.7795168046501422
6,20.10,,7.8794456179856285
6,20.15,,7.979645339727397
6,20.20,,8.0800920853465605
6,20.25,,8.180756558706868
6,20.30,,8.2816114133501575
6,20.35,,8.3826217993707992
6,20.40,,8.4837587611227718
6,20.45,,8.5890855068251781
6,20.50,,8.6870287337490275
6,20.55,,8.7842101142006719
6,20.60,,8.8713947889863096
6,20.65,,8.9485813076630283
6,20.70,,9.0157704955526299
6,20.75,,9.0729620328930238
6,20.80,,9.120155636338005
6,20.85,,9.1573507522369066
6,20.90,,9.1845491536033865
6,20.95,,9.2017493946378952
6,21.00,,9.2089542399045801
6,21.05,,9.2061602686279844
6,21.10,,9.1933690167010589
6,21.15,,9.1705803060948021
6,21.20,,9.1377955953831353
6,21.25,,9.0950116896009057
6,21.30,,9.0422310469699561
6,21.35,,8.979453178537403
6,21.40,,8.9066789351692908
6,21.45,,8.8239068205184346
6,21.50,,8.731138394580114
6,21.55,,8.6283732188505322
6,21.60,,8.5156101067416596
6,21.65,,8.3928503841103819
6,21.70,,8.2600927793735917
6,21.75,2.9000000000000004,8.1173389355568712
6,21.80,2.7000000000000002,7.9645871992014978
6,21.85,2.4000000000000004,7.801839327881086
6,21.90,2.3000000000000003,7.6290958397156521
6,21.95,2.1000000000000001,7.4463534674554133
6,22.00,1.9000000000000001,7.2536154876376076
6,22.05,1.8000000000000003,7.0508807948252077
6,22.10,1.7000000000000002,6.8381496393433343
6,22.15,1.5000000000000002,6.6154188854498122
6,22.20,1.4000000000000001,6.3826948840644615
6,22.25,1.3000000000000003,6.1399731713624384
6,22.30,1.2000000000000002,5.8872525425488424
6,22.35,1.1000000000000001,5.6245383866328762
6,22.40,1,5.3518252665115709
6,22.45,0.90000000000000002,5.0691147892990305
6,22.50,0.90000000000000002,4.776410373531113
6,22.55,0.80000000000000004,4.4737078731472417
6,22.60,0.70000000000000007,4.1610095275147128
6,22.65,0.59999999999999998,3.838315041684909
6,22.70,0.59999999999999998,3.5056220329725969
6,22.75,0.5,3.1629339163767138
6,22.80,0.40000000000000002,2.8102493906900574
6,22.85,0.40000000000000002,2.4475669112870664
6,22.90,0.30000000000000004,2.0748899845320348
6,22.95,0.30000000000000004,1.6922143518190937
6,23.00,0.20000000000000001,1.2995443671360469
6,23.05,0.20000000000000001,0.89687577449610167
6,23.10,0.10000000000000001,0.48421302036929242
6,23.15,0.10000000000000001,0.061552744970246952
6,23.20,0.10000000000000001,0
6,23.25,0.10000000000000001,0
6,23.30,0.10000000000000001,0
6,23.35,0.10000000000000001,0
6,23.40,0.10000000000000001,0
6,23.45,0.10000000000000001,0
6,23.50,0.10000000000000001,0
6,23.55,0.10000000000000001,0
6,23.60,0.10000000000000001,0
6,23.65,0.10000000000000001,0
6,23.70,0.10000000000000001,0
6,23.75,0.10000000000000001,0
6,23.80,,0
6,23.85,,0
6,23.90,,0
6,23.95,,0
6,24.00,,0
6,24.05,,0
6,24.10,,0.32834609363376033
6,24.15,,0.95094399822966924
6,24.20,,1.5835410024325842
6,24.25,,2.2261356314728706
6,24.30,,2.8787261734613323
6,24.35,,3.5413137562840609
6,24.40,,4.213898626206058
6,24.45,,4.8964800067023626
6,24.50,,5.5890600775245378
6,24.55,,6.2916350870946296
6,24.60,,7.0042090408657858
6,24.65,,7.7267784899682725
6,24.70,,8.4593462955817902
6,24.75,,9.2019095750607622
6,24.80,,9.954468848202831
6,24.85,,10.717026804023799
6,24.90,,11.489580050782868
6,24.95,,12.272129281898405
6,25.00,,13.064674013494336
6,25.05,,13.867216925277466
6,25.10,,14.67975628290491
6,25.15,,15.502291089705292
6,25.20,,16.334821716550824
6,25.25,,17.177347944018621
6,25.30,,18.029870834959031
6,25.35,,18.892388636454182
6,25.40,,19.76490204960086
6,25.45,,20.64741142357467
6,25.50,,21.539915506321709
6,25.55,,22.442415401722361
6,25.60,,23.354909069961344
6,25.65,,24.277399844262895
6,25.70,,25.209886535151732
6,25.75,,26.152369300352373
6,25.80,,27.104851215586862
6,25.85,,28.067328294671622
6,25.90,,29.039247472927752
6,25.95,,30.011166400163301
6,26.00,,30.983085113816973
6,26.05,,31.955004581446882
6,26.10,,32.926921925373435
6,26.15,,33.898841042025289
6,26.20,,34.870759059925717
6,26.25,,35.84267596145542
6,26.30,,36.814593865499155
6,26.35,,37.786510693438146
6,26.40,,38.75842750064912
6,26.45,,39.730343346574195
6,26.50,,40.702258296004288
6,26.55,,41.674173400298685
6,26.60,,42.646087589523809
6,26.65,,43.617999068330235
6,26.70,,44.589908683163642
6,26.75,,45.561818567141195
6,26.80,,46.533727640148001
6,26.85,,47.505636037713906
6,26.90,,48.477545603508503
6,26.95,,49.44945447860399
6,27.00,,50.421361590663658
6,27.05,,51.393270984279802
6,27.10,,52.365178671611808
6,27.15,,53.337085637252144
6,27.20,,54.30899187833834
6,27.25,,55.280898445505699
6,27.30,,56.252804271104083
6,27.35,,57.224709486295254
6,27.40,,58.196615006358506
6,27.45,,59.168519824267797
6,27.50,,60.140424009934442
6,27.55,,61.112328463982145
6,27.60,,62.084231267941504
6,27.65,,63.056133475277321
6,27.70,,64.028035998335696
6,27.75,,64.999936912224356
6,27.80,,65.971838184662445
6,27.85,,66.94373874686859
6,27.90,,67.915637729620045
6,27.95,,68.887537114376101
6,28.00,,69.859434826879124
6,28.05,,70.831332905407621
6,28.10,,71.803230355134147
6,28.15,,72.775126230581037
6,28.20,,73.747022360563491
6,28.25,,74.718916960330517
6,28.30,,75.690810945164486
6,28.35,,76.662704289357748
6,28.40,,77.634597963166485
6,28.45,,78.606490049638154
6,28.50,,79.578380455390544
6,28.55,,80.550271288369345
6,28.60,,81.522160403367565
6,28.65,,82.494049994005465
6,28.70,,83.46593781724944
6,28.75,,84.437825079338126
6,28.80,,85.409711683179523
6,28.85,,86.381597618603294
6,28.90,,87.353481856106043
6,28.95,,88.325365447689222
6,29.00,,89.297248370936344
6,29.05,,90.269129617516683
6,29.10,,91.241012209465978
6,29.15,,92.21289208080168
6,29.20,,93.184771267230047
6,29.25,,94.15664966597997
6,29.30,,95.128528404715794
6,29.35,,96.100404401372344
6,29.40,,97.072279689790406
6,29.45,,98.044154243500728
6,29.50,,99.016028035494628
6,29.55,,99.987901956236371
6,29.60,,100.95977323675399
6,29.65,,101.93164465543812
6,29.70,,102.90351421581987
6,29.75,,103.87538402759563
6,29.80,,104.8472510844953
6,29.85,,105.81911816047989
6,29.90,,106.79098449435331
6,29.95,,107.76284888509554
6,30.00,,108.73471337443182
6,30.05,,109.70657601690129
6,30.10,,110.67843877383925
6,30.15,,111.65029955302539
6,30.20,,112.62215938384215
6,30.25,,113.59401823246543
6,30.30,,114.56587614544021
6,30.35,,115.53773400396672
6,30.40,,116.50958896003272
6,30.45,,117.4814437910854
6,30.50,,118.45329762681939
6,30.55,,119.42515034948217
6,30.60,,120.39700291862137
6,30.65,,121.36885348274808
6,30.70,,122.34070190701175
6,30.75,,123.31255114304066
6,30.80,,124.28439824436755
6,30.85,,125.25624508294722
6,30.90,,126.22809080370052
7,0.05,,21.366449078305838
7,0.10,,21.075734254297352
7,0.15,,20.785044664693054
7,0.20,,20.494383928052105
7,0.25,,20.203751435754949
7,0.30,,19.913149871254955
7,0.35,,19.622579703563652
7,0.40,,19.332040910074582
7,0.45,,19.041538360522836
7,0.50,,18.751070124975499
7,0.55,,18.460640347325352
7,0.60,,18.170249120676385
7,0.65,,17.879898615799405
7,0.70,,17.589591109459615
7,0.75,,17.299329507574587
7,0.80,,17.009114393744877
7,0.85,,16.718950424495951
7,0.90,,16.428835912621981
7,0.95,,16.13877837272609
7,1.00,,15.84877978742994
7,1.05,,15.558839965288664
7,1.10,,15.268966220721357
7,1.15,,14.979160676849769
7,1.20,,14.689427064636188
7,1.25,,14.399769846014227
7,1.30,,14.110194182143875
7,1.35,,13.820703412782841
7,1.40,,13.531306352584931
7,1.45,,13.242005588931995
7,1.50,,12.952809088482843
7,1.55,,12.66372386511771
7,1.60,,12.374756778599403
7,1.65,,12.085915605533776
7,1.70,,11.797213840980064
7,1.75,,11.508657365807375
7,1.80,,11.220258150287833
7,1.85,,10.932030949063503
7,1.90,,10.64398458671195
7,1.95,,10.356139125739123
7,2.00,,10.068509465727709
7,2.05,,9.7811167032639172
7,2.10,,9.4939781068194335
7,2.15,,9.207121173653869
7,2.20,,8.9205711369190901
7,2.25,,8.6343585045762481
7,2.30,,8.3485179086908516
7,2.35,,8.0630894644199849
7,2.40,,7.7781167060166938
7,2.45,,7.4936535444450358
7,2.50,,7.2097590796450897
7,2.55,,6.9265038623601329
7,2.60,,6.6439685609733479
7,2.65,,6.3622496958631283
7,2.70,,6.0814592442682489
7,2.75,,5.8017341528883115
7,2.80,,5.5232325723954476
7,2.85,,5.2461520698092645
7,2.90,,4.970729601433316
7,2.95,,4.697256482494482
7,3.00,,4.4260946010710667
7,3.05,,4.1576930411256319
7,3.10,,3.8926254693168074
7,3.15,,3.6316201336046383
7,3.20,,3.3756199540282674
7,3.25,,3.1258537142363321
7,3.30,,2.8839441501248033
7,3.35,,2.6520369375972992
7,3.40,,2.4329961232149517
7,3.45,,2.2306147590221794
7,3.50,,2.0498336576818863
7,3.55,,1.8968373624640016
7,3.60,,1.7788076979893803
7,3.65,,1.7030314550311965
7,3.70,,1.6752511249495752
7,3.75,,1.6751537951214417
7,3.80,,1.6751229262864107
7,3.85,,1.6750990883566788
7,3.90,,1.6750736373973283
7,3.95,,1.6750547878615696
7,4.00,,1.6750330977931485
7,4.05,,1.67501861023502
7,4.10,,1.6750040689632737
7,4.15,,1.6749924904248161
7,4.20,,1.6749848038343544
7,4.25,,1.6749796101027357
7,4.30,,1.6749769928365792
7,4.35,,1.6749776302384467
7,4.40,,1.6749820214682638
7,4.45,,1.6749881190171709
7,4.50,,1.6749982915268367
7,4.55,,1.674963160314658
7,4.60,,1.6749202129596072
7,4.65,,1.6748841695672001
7,4.70,,1.6748531124657873
7,4.75,,1.6748205584679048
7,4.80,,1.6747955120758522
7,4.85,,1.6747682148655427
7,4.90,,1.6747449897820406
7,4.95,,1.6747298492750529
7,5.00,,1.6747129089125996
7,5.05,,1.6747019084921655
7,5.10,,1.6746926752832823
7,5.15,,1.674685881326589
7,5.20,,1.6746857744508266
7,5.25,,1.6746845108489776
7,5.30,,1.6746900546786927
7,5.35,,1.6759561006650208
7,5.40,,1.7121950668036396
7,5.45,,1.7956488045642796
7,5.50,,1.9201635153282237
7,5.55,,2.07837411110726
7,5.60,,2.2632238327780096
7,5.65,,2.4687380869802964
7,5.70,,2.6901815252995931
7,5.75,,2.92393966730338
7,5.80,,3.1672847938817377
7,5.85,,3.4181721919913119
7,5.90,,3.6739391548278175
7,5.95,,3.9310060492579901
7,6.00,,4.190163366869168
7,6.05,,4.4510745923429509
7,6.10,,4.7134884937004831
7,6.15,,4.977224526084961
7,6.20,,5.2421523022317631
7,6.25,,5.5081808767952554
7,6.30,,5.7752425150634341
7,6.35,,6.0432975563161824
7,6.40,,6.3123189074307655
7,6.45,,6.5822957832676803
7,6.50,,6.8532246416414759
7,6.55,,7.1251035216256424
7,6.60,,7.3979447723770893
7,6.65,,7.671755949393031
7,6.70,,7.9465477657833485
7,6.75,,8.2223334651755096
7,6.80,,8.4991210790200746
7,6.85,,8.776923247238404
7,6.90,,9.05574258247111
7,6.95,,9.3251917002900324
7,7.00,,9.5856086853212368
7,7.05,,9.8369776249378784
7,7.10,,10.079287137574905
7,7.15,,10.312524525175515
7,7.20,,10.536687995182998
7,7.25,,10.751765537242516
7,7.30,,10.957751323478721
7,7.35,,11.154565785067392
7,7.40,,11.34163611707597
7,7.45,,11.518860978063485
7,7.50,,11.686261347880237
7,7.55,,11.843866506741902
7,7.60,,11.991699295285747
7,7.65,,12.129781905778691
7,7.70,,12.258138477533061
7,7.75,,12.376790415106331
7,7.80,,12.485759780977938
7,7.85,,12.585066361359116
7,7.90,,12.674727058736288
7,7.95,,12.754759878700765
7,8.00,,12.825176261191373
7,8.05,,12.885989289690604
7,8.10,,12.937206609558046
7,8.15,,12.978836714490907
7,8.20,,13.010885248431512
7,8.25,,13.033351080011789
7,8.30,,13.046232239550244
7,8.35,,13.049526103442057
7,8.40,,13.043223152761113
7,8.45,,13.027314246264908
7,8.50,,13.001786178461311
7,8.55,,12.966620899014721
7,8.60,,12.921801172456991
7,8.65,,12.867302913601083
7,8.70,,12.803102499113844
7,8.75,,12.729173907965341
7,8.80,,12.645485609786926
7,8.85,,12.557029927161651
7,8.90,,12.438951916085429
7,8.95,,12.310621323919236
7,9.00,,12.172291951145644
7,9.05,,12.023964603228613
7,9.10,,11.865635745411351
7,9.15,,11.697308957616309
7,9.20,,11.518982309210406
7,9.25,,11.330656908653163
7,9.30,2.9000000000000004,11.132330711996946
7,9.35,2.7000000000000002,10.924006522025401
7,9.40,2.5000000000000004,10.705681491124642
7,9.45,2.3000000000000003,10.477358519599726
7,9.50,2.2000000000000002,10.239034697948124
7,9.55,2.1000000000000001,9.9907137961835595
7,9.60,1.9000000000000001,9.7323919778279819
7,9.65,1.8000000000000003,9.4640711412350189
7,9.70,1.7000000000000002,9.1857502765007197
7,9.75,1.6000000000000001,8.8974323425950175
7,9.80,1.5000000000000002,8.5991115368872233
7,9.85,1.4000000000000001,8.29079443122124
7,9.90,1.3000000000000003,7.9724773972414198
7,9.95,1.2000000000000002,7.6441601404049759
7,10.00,1.1000000000000001,7.3058448138720085
7,10.05,1,6.9575283179052123
7,10.10,1,6.5992146325283789
7,10.15,0.90000000000000002,6.2308988210175187
7,10.20,0.80000000000000004,5.8525866780340836
7,10.25,0.80000000000000004,5.4642724791640145
7,10.30,0.70000000000000007,5.0659618328633647
7,10.35,0.59999999999999998,4.6576500764616329
7,10.40,0.59999999999999998,4.239339904239932
7,10.45,0.5,3.8110295254871023
7,10.50,0.40000000000000002,3.3727216905808732
7,10.55,0.40000000000000002,2.9244116808824514
7,10.60,0.30000000000000004,2.4661051951536135
7,10.65,0.30000000000000004,1.9977983179746284
7,10.70,0.20000000000000001,1.5194911066670134
7,10.75,0.20000000000000001,1.0311873716265052
7,10.80,0.10000000000000001,0.53288135948369419
7,10.85,0.10000000000000001,0.024577804222920559
7,10.90,0.10000000000000001,0
7,10.95,0.10000000000000001,0
7,11.00,0.10000000000000001,0
7,11.05,0.10000000000000001,0
7,11.10,0.10000000000000001,0
7,11.15,0.10000000000000001,0
7,11.20,0.10000000000000001,0
7,11.25,0.10000000000000001,0
7,11.30,0.10000000000000001,0
7,11.35,0.10000000000000001,0
7,11.40,,0
7,11.45,,0
7,11.50,,0
7,11.55,,0
7,11.60,,0
7,11.65,,0
7,11.70,,0.60647528924189564
7,11.75,,1.294765118286872
7,11.80,,1.9930528540709869
7,11.85,,2.7013402804959248
7,11.90,,3.4196256454298037
7,11.95,,4.147909987400749
7,12.00,,4.8861921695068125
7,12.05,,5.6344743752217807
7,12.10,,6.392754461219778
7,12.15,,7.1610336000599633
7,12.20,,7.9393115634436793
7,12.25,,8.7275867947100814
7,12.30,,9.5258618925070913
7,12.35,,10.33413699520289
7,12.40,,11.152408200598414
7,12.45,,11.980678531293226
7,12.50,,12.818948766993268
7,12.55,,13.667216281501886
7,12.60,,14.525482847111686
7,12.65,,15.393747579195599
7,12.70,,16.272011294091214
7,12.75,,17.160274197066446
7,12.80,,18.058533382519414
7,12.85,,18.966792618770253
7,12.90,,19.885050031487246
7,12.95,,20.813305664182774
7,13.00,,21.751561322094151
7,13.05,,22.699814338684121
7,13.10,,23.658066456829498
7,13.15,,24.626315748212253
7,13.20,,25.598453704408293
7,13.25,,26.570590872197151
7,13.30,,27.542726299580952
7,13.35,,28.514861026493438
7,13.40,,29.486995028583134
7,13.45,,30.459128258056285
7,13.50,,31.431259783359312
7,13.55,,32.403390627979263
7,13.60,,33.375519765938186
7,13.65,,34.347648203348818
7,13.70,,35.319775924745805
7,13.75,,36.291901965060617
7,13.80,,37.264026343695683
7,13.85,,38.236150990730025
7,13.90,,39.20827300370734
7,13.95,,40.18039530350395
7,14.00,,41.152514970293382
7,14.05,,42.124633941119342
7,14.10,,43.096752250954246
7,14.15,,44.068868882262606
7,14.20,,45.040984140531869
7,14.25,,46.013098294784115
7,14.30,,46.985211345586627
7,14.35,,47.95732431180555
7,14.40,,48.929437230461495
7,14.45,,49.901548087386736
7,14.50,,50.8736589376662
7,14.55,,51.845767750052076
7,14.60,,52.817876581655632
7,14.65,,53.789984436129004
7,14.70,,54.762091320271296
7,14.75,,55.734197272933507
7,14.80,,56.706302300809291
7,14.85,,57.67840644571514
7,14.90,,58.650510694408638
7,14.95,,59.622613091086421
7,15.00,,60.594713644536498
7,15.05,,61.566814394266729
7,15.10,,62.538914329718445
7,15.15,,63.511012498823298
7,15.20,,64.483110923407466
7,15.25,,65.455206616680798
7,15.30,,66.427302600405952
7,15.35,,67.399397901489152
7,15.40,,68.371490534331343
7,15.45,,69.343583539093103
7,15.50,,70.31567592810724
7,15.55,,71.287765729827143
7,15.60,,72.259854972318792
7,15.65,,73.231943665865515
7,15.70,,74.204030854657645
7,15.75,,75.176117533863078
7,15.80,,76.14820275144055
7,15.85,,77.120287536884547
7,15.90,,78.092369920477296
7,15.95,,79.06445189103168
7,16.00,,80.036533501028245
7,16.05,,81.008612781439723
7,16.10,,81.980691762810551
7,16.15,,82.952769453460803
7,16.20,,83.924844874343222
7,16.25,,84.896921085607858
7,16.30,,85.868995086096618
7,16.35,,86.841067921938915
7,16.40,,87.813139596627295
7,16.45,,88.785210171282301
7,16.50,,89.757279645209636
7,16.55,,90.729348070479546
7,16.60,,91.701414461365147
7,16.65,,92.673482850561854
7,16.70,,93.645551272140651
7,16.75,,94.617617760451751
7,16.80,,95.589683368982861
7,16.85,,96.561747113129698
7,16.90,,97.533809072606658
7,16.95,,98.505868238218397
7,17.00,,99.477925690491432
7,17.05,,100.44998343325953
7,17.10,,101.42203755515823
7,17.15,,102.39409004683779
7,17.20,,103.36613997157232
7,17.25,,104.33818937299317
7,17.30,,105.31023630232355
7,17.35,,106.28228077780332
7,17.40,,107.25432486345883
7,17.45,,108.22636559239513
7,17.50,,109.19840501625876
7,17.55,,110.1704431540747
7,17.60,,111.14247808625105
7,17.65,,112.11451183975277
7,17.70,,113.08654344756394
7,17.75,,114.05857297067215
7,17.80,,115.03059945835308
7,17.85,,116.00262494371094
7,17.90,,116.97464846859994
7,17.95,,117.94667009570635
7,18.00,,118.9186888677206
7,18.05,,119.89070583595256
7,18.10,,120.86272103507939
7,18.15,,121.83473253896776
7,18.20,,122.8067433730951
8,0.05,,21.366449078305838
8,0.10,,20.881913532706296
8,0.15,,20.39745130654487
8,0.20,,19.913069053948835
8,0.25,,19.428772186073868
8,0.30,,18.944567793329995
8,0.35,,18.460462261196319
8,0.40,,17.97646261333815
8,0.45,,17.492579978737364
8,0.50,,17.008821727725369
8,0.55,,16.525201145309659
8,0.60,,16.041726941919102
8,0.65,,15.558415449739748
8,0.70,,15.075282608150786
8,0.75,,14.592344616396472
8,0.80,,14.10962105311356
8,0.85,,13.627136147062396
8,0.90,,13.144913700871918
8,0.95,,12.662985653926709
8,1.00,,12.18138633432647
8,1.05,,11.700153777302141
8,1.10,,11.219339947171754
8,1.15,,10.738997280848583
8,1.20,,10.259191454802005
8,1.25,,9.7800024928704428
8,1.30,,9.3015251990026933
8,1.35,,8.8238750285024903
8,1.40,,8.3471954103757078
8,1.45,,7.8716581848943932
8,1.50,,7.3974880160605734
8,1.55,,6.92496296875479
8,1.60,,6.4544447594464813
8,1.65,,5.9864041129753174
8,1.70,,5.5214755530262911
8,1.75,,5.0605120626607665
8,1.80,,4.6047050408148635
8,1.85,,4.155753232921187
8,1.90,,3.716138380093807
8,1.95,,3.2896068629230557
8,2.00,,2.8819741566777335
8,2.05,,2.5024898335944266
8,2.10,,2.1659992252282585
8,2.15,,1.8955356693340242
8,2.20,,1.7224906235758111
8,2.25,,1.6751303306046221
8,2.30,,1.6750947250725661
8,2.35,,1.6750616458713317
8,2.40,,1.6750345599370935
8,2.45,,1.6750134418230931
8,2.50,,1.6749981669799134
8,2.55,,1.6749867618607772
8,2.60,,1.6749832684594614
8,2.65,,1.6749845621057979
8,2.70,,1.6749936811058774
8,2.75,,1.6749740646519649
8,2.80,,1.6749256063962006
8,2.85,,1.674880991478982
8,2.90,,1.6748471241590766
8,2.95,,1.6748173833022018
8,3.00,,1.6747971467679279
8,3.05,,1.6747777568615669
8,3.10,,1.6747700634761213
8,3.15,,1.6747673741175095
8,3.20,,1.6747721620191585
8,3.25,,1.6955612887922287
8,3.30,,1.8353028586497591
8,3.35,,2.0818448756423753
8,3.40,,2.4025320207484264
8,3.45,,2.7717453592018755
8,3.50,,3.1725861940989732
8,3.55,,3.5944907995824988
8,3.60,,4.0298304417884516
8,3.65,,4.4721648000499234
8,3.70,,4.9204900385852639
8,3.75,,5.3733281321330235
8,3.80,,5.829663623726403
8,3.85,,6.2887792735697081
8,3.90,,6.7501573402311736
8,3.95,,7.2134228183958697
8,4.00,,7.6782982699020002
8,4.05,,8.1445775190251943
8,4.10,,8.612100504318061
8,4.15,,9.0807513273310825
8,4.20,,9.5504407709741344
8,4.25,,10.010966198649804
8,4.30,,10.462400029375154
8,4.35,,10.904671947216382
8,4.40,,11.337727730835413
8,4.45,,11.761529999918862
8,4.50,,12.176050501897809
8,4.55,,12.581267587392764
8,4.60,,12.977170161466674
8,4.65,,13.363744012689972
8,4.70,,13.740986545654181
8,4.75,,14.108892900959653
8,4.80,,14.467462323017003
8,4.85,,14.816692196160435
8,4.90,,15.156581342553265
8,4.95,,15.487128331571915
8,5.00,,15.808333163917869
8,5.05,,16.12011437494737
8,5.10,,16.422077864398194
8,5.15,,16.714184188180948
8,5.20,,16.996455846830731
8,5.25,,17.268917691182317
8,5.30,,17.531587299444727
8,5.35,,17.784487576950106
8,5.40,,18.027641299393032
8,5.45,,18.261065113628376
8,5.50,,18.484779747934283
8,5.55,,18.698803665360867
8,5.60,,18.903148146765663
8,5.65,,19.097830077391933
8,5.70,,19.282860708139015
8,5.75,,19.458249903383276
8,5.80,,19.624004408290183
8,5.85,,19.780130629455456
8,5.90,,19.926630149753013
8,5.95,,20.063501400329098
8,6.00,,20.190745376107554
8,6.05,,20.308355208207065
8,6.10,,20.416325320561235
8,6.15,,20.514640741344351
8,6.20,,20.60329051533806
8,6.25,,20.682259233075811
8,6.30,,20.751526486792045
8,6.35,,20.811073880787557
8,6.40,,20.860874521567016
8,6.45,,20.900907773621711
8,6.50,,20.931144773309207
8,6.55,,20.955996025932979
8,6.60,,20.952383754785256
8,6.65,,20.938490093950985
8,6.70,,20.914598025358043
8,6.75,,20.88070656441236
8,6.80,,20.836813840624004
8,6.85,,20.782922690758586
8,6.90,,20.719032081260856
8,6.95,,20.645141096032312
8,7.00,,20.561251624207983
8,7.05,,20.467361664537464
8,7.10,,20.363473291847171
8,7.15,,20.249585386890566
8,7.20,,20.125698040775848
8,7.25,,19.991809243406376
8,7.30,,19.84792278133618
8,7.35,,19.694036838681413
8,7.40,,19.530151295355498
8,7.45,,19.356267224963471
8,7.50,,19.172381547655394
8,7.55,,18.978498228314592
8,7.60,,18.774616247389737
8,7.65,,18.560732787506087
8,7.70,,18.336851550959278
8,7.75,,18.102969708334381
8,7.80,,17.859089167039908
8,7.85,,17.605207871687806
8,7.90,,17.341328937913982
8,7.95,,17.067450235108421
8,8.00,,16.783571764163366
8,8.05,2.9000000000000004,16.489693600652508
8,8.10,2.7000000000000002,16.185816622209046
8,8.15,2.6000000000000001,15.871938926832494
8,8.20,2.5000000000000004,15.548064302432993
8,8.25,2.3000000000000003,15.214189816278655
8,8.30,2.2000000000000002,14.870314657857959
8,8.35,2.1000000000000001,14.516440520687709
8,8.40,2,14.152567575433512
8,8.45,1.9000000000000001,13.77869471809835
8,8.50,1.8000000000000003,13.394821934681479
8,8.55,1.7000000000000002,13.000950303682288
8,8.60,1.6000000000000001,12.597079711113407
8,8.65,1.5000000000000002,12.183210041700253
8,8.70,1.4000000000000001,11.759340577570228
8,8.75,1.4000000000000001,11.325472009402008
8,8.80,1.3000000000000003,10.881604433460618
8,8.85,1.2000000000000002,10.427736013567145
8,8.90,1.1000000000000001,9.9638704476562001
8,8.95,1.1000000000000001,9.4900029008780322
8,9.00,1,9.0061372811466551
8,9.05,0.90000000000000002,8.5122734629865278
8,9.10,0.80000000000000004,8.0084096436918539
8,9.15,0.80000000000000004,7.4945466988016101
8,9.20,0.70000000000000007,6.9706837099761856
8,9.25,0.70000000000000007,6.436821583441783
8,9.30,0.59999999999999998,5.8929602744937437
8,9.35,0.5,5.3390997932159561
8,9.40,0.5,4.7752392093635212
8,9.45,0.40000000000000002,4.2013804249231832
8,9.50,0.40000000000000002,3.6175214338185864
8,9.55,0.30000000000000004,3.0236650916994443
8,9.60,0.30000000000000004,2.4198067034124175
8,9.65,0.20000000000000001,1.805950968056286
8,9.70,0.10000000000000001,1.1820940601993866
8,9.75,0.10000000000000001,0.54824076604119543
8,9.80,0.10000000000000001,0
8,9.85,0.10000000000000001,0
8,9.90,0.10000000000000001,0
8,9.95,0.10000000000000001,0
8,10.00,0.10000000000000001,0
8,10.05,0.10000000000000001,0
8,10.10,0.10000000000000001,0
8,10.15,0.10000000000000001,0
8,10.20,0.10000000000000001,0
8,10.25,,0
8,10.30,,0
8,10.35,,0
8,10.40,,0
8,10.45,,0
8,10.50,,0.61949729000905696
8,10.55,,1.4133412673778487
8,10.60,,2.2171837147030216
8,10.65,,3.0310247341204928
8,10.70,,3.8548661390520182
8,10.75,,4.6887060158018778
8,10.80,,5.5325462923539908
8,10.85,,6.3863850653317753
8,10.90,,7.2502224361357941
8,10.95,,8.1240602332051708
8,11.00,,9.0078975244198958
8,11.05,,9.9017313394125033
8,11.10,,10.805567677497439
8,11.15,,11.719401447574961
8,11.20,,12.643234820782682
8,11.25,,13.577066645575878
8,11.30,,14.520898990713679
8,11.35,,15.474728956006889
8,11.40,,16.438559264323118
8,11.45,,17.410722093395393
8,11.50,,18.382883690114561
8,11.55,,19.355046054282202
8,11.60,,20.3272081859579
8,11.65,,21.299370168377934
8,11.70,,22.271530942095108
8,11.75,,23.24369066738462
8,11.80,,24.215850190954107
8,11.85,,25.188008589344371
8,11.90,,26.16016579601488
8,11.95,,27.1323219836009
8,12.00,,28.104477985223408
8,12.05,,29.076632910773068
8,12.10,,30.048786725889624
8,12.15,,31.020939465467936
8,12.20,,31.99309206120812
8,12.25,,32.965242630212934
8,12.30,,33.937393073399768
8,12.35,,34.909542458213359
8,12.40,,35.881690711818848
8,12.45,,36.853837971687817
8,12.50,,37.825984102766149
8,12.55,,38.798129204113607
8,12.60,,39.770273236759323
8,12.65,,40.742416234852911
8,12.70,,41.714558142882176
8,12.75,,42.686700017231566
8,12.80,,43.658838870002256
8,12.85,,44.630977636348774
8,12.90,,45.603115387869103
8,12.95,,46.57525108961589
8,13.00,,47.547386753102856
8,13.05,,48.519521380412328
8,13.10,,49.491654043922331
8,13.15,,50.463786068279013
8,13.20,,51.435917492097296
8,13.25,,52.408048347151208
8,13.30,,53.380177619136475
8,13.35,,54.352306356345551
8,13.40,,55.324434545083967
8,13.45,,56.29656220261603
8,13.50,,57.268688347756765
8,13.55,,58.24081401463566
8,13.60,,59.212938190957459
8,13.65,,60.185061895778524
8,13.70,,61.157185163165252
8,13.75,,62.129306998255238
8,13.80,,63.10142740666187
8,13.85,,64.07354842024499
8,13.90,,65.045667063893603
8,13.95,,66.01778632358932
8,14.00,,66.989903255433077
8,14.05,,67.962019845581651
8,14.10,,68.93413613111197
8,14.15,,69.906251105819493
8,14.20,,70.878364819602666
8,14.25,,71.850477282831974
8,14.30,,72.822588497778568
8,14.35,,73.794699488980797
8,14.40,,74.76681029286361
8,14.45,,75.738918905507873
8,14.50,,76.711027377067452
8,14.55,,77.683133685519493
8,14.60,,78.655239886462212
8,14.65,,79.627344984931781
8,14.70,,80.599448994557392
8,14.75,,81.571551949918089
8,14.80,,82.543653862218136
8,14.85,,83.515754772455239
8,14.90,,84.487855669464608
8,14.95,,85.459954598114734
8,15.00,,86.4320515709407
8,15.05,,87.404148622560413
8,15.10,,88.376244745684389
8,15.15,,89.34833899022496
8,15.20,,90.320433374452463
8,15.25,,91.292524916397525
8,15.30,,92.264616634144772
8,15.35,,93.236707554272428
8,15.40,,94.208795695716589
8,15.45,,95.180884093282501
8,15.50,,96.152971761992362
8,15.55,,97.125056729661168
8,15.60,,98.097141023771528
8,15.65,,99.069224655406586
8,15.70,,100.0413066648228
8,15.75,,101.01338805109006
8,15.80,,101.98546785983628
8,15.85,,102.95754711972376
8,15.90,,103.92962386008936
8,15.95,,104.90170007012306
8,16.00,,105.87377580154599
8,16.05,,106.84584908428205
8,16.10,,107.81792194790356
8,16.15,,108.78999339944666
8,16.20,,109.76206246350934
8,16.25,,110.73413219301524
8,16.30,,111.70619959013868
8,16.35,,112.67826569679332
8,16.40,,113.65033052146407
8,16.45,,114.62239411790888
9,0.05,,21.920350643188357
9,0.10,,21.768082012271908
9,0.15,,21.615823937992442
9,0.20,,21.463572641181912
9,0.25,,21.311332681866183
9,0.30,,21.159101737987289
9,0.35,,21.00687972994729
9,0.40,,20.854666143449805
9,0.45,,20.702463929841624
9,0.50,,20.550270122827985
9,0.55,,20.398087113867842
9,0.60,,20.24591467645914
9,0.65,,20.093751443394904
9,0.70,,19.941600314604703
9,0.75,,19.78945782394516
9,0.80,,19.637327557857549
9,0.85,,19.48520818983814
9,0.90,,19.333100813329537
9,0.95,,19.181003909794377
9,1.00,,19.028919886412481
9,1.05,,18.876845839792548
9,1.10,,18.724786492187196
9,1.15,,18.572738238642678
9,1.20,,18.420703561530953
9,1.25,,18.268680345509637
9,1.30,,18.11667106542814
9,1.35,,17.964674531272152
9,1.40,,17.812693442235243
9,1.45,,17.660724479028914
9,1.50,,17.508771317183992
9,1.55,,17.356832406093591
9,1.60,,17.204908341351626
9,1.65,,17.052999699129849
9,1.70,,16.901105864519256
9,1.75,,16.749230436129999
9,1.80,,16.597368527779555
9,1.85,,16.445525399165476
9,1.90,,16.293697635301097
9,1.95,,16.141888771984192
9,2.00,,15.990097857702185
9,2.05,,15.838325539874429
9,2.10,,15.686571269060527
9,2.15,,15.534836972851085
9,2.20,,15.383122070888932
9,2.25,,15.231428369286849
9,2.30,,15.07975554714996
9,2.35,,14.928103501855986
9,2.40,,14.776474319361872
9,2.45,,14.62486717172432
9,2.50,,14.473283596242382
9,2.55,,14.321725534512849
9,2.60,,14.170191610830642
9,2.65,,14.018680375471993
9,2.70,,13.867198995508096
9,2.75,,13.715742789286905
9,2.80,,13.564313496083621
9,2.85,,13.412913906816611
9,2.90,,13.261543659778859
9,2.95,,13.11020586952908
9,3.00,,12.958897412900633
9,3.05,,12.807621257882088
9,3.10,,12.656380039474087
9,3.15,,12.505172681239129
9,3.20,,12.354000693564016
9,3.25,,12.202865781974092
9,3.30,,12.051770414277058
9,3.35,,11.900714739403208
9,3.40,,11.749702778110382
9,3.45,,11.598732129279405
9,3.50,,11.447807689588849
9,3.55,,11.296927158879798
9,3.60,,11.146095548802389
9,3.65,,10.99531268512777
9,3.70,,10.844581382303732
9,3.75,,10.693904098471853
9,3.80,,10.543281915345707
9,3.85,,10.392715407710444
9,3.90,,10.242210306418537
9,3.95,,10.091765532751923
9,4.00,,9.941386983474418
9,4.05,,9.7910771535642649
9,4.10,,9.6408396591782726
9,4.15,,9.4906765063405381
9,4.20,,9.3405904414686454
9,4.25,,9.1905897046064631
9,4.30,,9.0406726855202653
9,4.35,,8.8908476411572028
9,4.40,,8.7411161992705058
9,4.45,,8.5914844146695941
9,4.50,,8.4419578049153721
9,4.55,,8.2925436421152661
9,4.60,,8.1432448748347319
9,4.65,,7.9940693585792149
9,4.70,,7.8450222221001074
9,4.75,,7.6961136453581576
9,4.80,,7.5473500657664001
9,4.85,,7.3987412376162656
9,4.90,,7.2502944841850701
9,4.95,,7.1020222516860469
9,5.00,,6.9539341722034607
9,5.05,,6.8060411752337489
9,5.10,,6.6583582664753767
9,5.15,,6.5108982632234476
9,5.20,,6.3636767432479262
9,5.25,,6.2167119068772516
9,5.30,,6.0700190461066228
9,5.35,,5.9236207056605554
9,5.40,,5.7775387559013414
9,5.45,,5.6317968928336715
9,5.50,,5.4864243032360065
9,5.55,,5.3414468704314482
9,5.60,,5.1969012666269849
9,5.65,,5.0528221974638727
9,5.70,,4.9092516026105892
9,5.75,,4.7662339835849821
9,5.80,,4.6238218878223636
9,5.85,,4.4820725009235218
9,5.90,,4.3410497325571766
9,5.95,,4.2008270655849005
9,6.00,,4.0614870349976426
9,6.05,,3.9231248891542871
9,6.10,,3.7858448704667054
9,6.15,,3.6497723532870574
9,6.20,,3.5150427950758871
9,6.25,,3.3818193347333967
9,6.30,,3.2502856601500842
9,6.35,,3.1206573289762329
9,6.40,,2.9931790909443499
9,6.45,,2.8681393064546716
9,6.50,,2.7458684224378898
9,6.55,,2.6267545159341368
9,6.60,,2.5112457705697069
9,6.65,,2.3998643139555349
9,6.70,,2.2932065192322471
9,6.75,,2.1919679787317263
9,6.80,,2.0969284218916746
9,6.85,,2.0089674403909625
9,6.90,,1.9290572780494293
9,6.95,,1.8582323821485538
9,7.00,,1.7975685795187086
9,7.05,,1.7481194206320405
9,7.10,,1.7108598210044343
9,7.15,,1.686602108683817
9,7.20,,1.675905216266282
9,7.25,,1.6753565147932288
9,7.30,,1.6753228682698629
9,7.35,,1.6752917975855273
9,7.40,,1.6752604959478137
9,7.45,,1.6752322214442772
9,7.50,,1.6752060854618775
9,7.55,,1.6751815047601464
9,7.60,,1.6751573645022515
9,7.65,,1.6751350568024237
9,7.70,,1.6751137085800321
9,7.75,,1.6750932121588955
9,7.80,,1.6750725682595209
9,7.85,,1.6750523335759777
9,7.90,,1.6750342035198558
9,7.95,,1.6750181061963694
9,8.00,,1.6750026673288503
9,8.05,,1.6749885136014613
9,8.10,,1.6749755748443285
9,8.15,,1.6749656454411179
9,8.20,,1.6749565032283191
9,8.25,,1.6749491829938783
9,8.30,,1.6749446456132469
9,8.35,,1.6749412769993328
9,8.40,,1.6749403033748087
9,8.45,,1.6749408307071196
9,8.50,,1.6749445793969624
9,8.55,,1.6749512003402354
9,8.60,,1.674960085522422
9,8.65,,1.6749701423288856
9,8.70,,1.6749851905627451
9,8.75,,1.6749962850306639
9,8.80,,1.6749385446991967
9,8.85,,1.674877560292046
9,8.90,,1.6748125280985526
9,8.95,,1.6747539701680449
9,9.00,,1.6746990814717884
9,9.05,,1.6746407864583417
9,9.10,,1.6745872117411413
9,9.15,,1.6745306640662865
9,9.20,,1.6744809482605536
9,9.25,,1.6744301191502748
9,9.30,,1.6743809904927147
9,9.35,,1.674337328025864
9,9.40,,1.6742896808270518
9,9.45,,1.6742450403619269
9,9.50,,1.6742073361867638
9,9.55,,1.6741695824075273
9,9.60,,1.6741322863892125
9,9.65,,1.6740978362050409
9,9.70,,1.6740705411520269
9,9.75,,1.6740413011625259
9,9.80,,1.6740154042021886
9,9.85,,1.6739917411488976
9,9.90,,1.6739722658421377
9,9.95,,1.6739548693965707
9,10.00,,1.6739423541503617
9,10.05,,1.6739311110151405
9,10.10,,1.6739242673298338
9,10.15,,1.6739208026478403
9,10.20,,1.6739195383439773
9,10.25,,1.6739240813981926
9,10.30,,1.6739281010777638
9,10.35,,1.6739462567539451
9,10.40,,1.6812766750372947
9,10.45,,1.7021902800983233
9,10.50,,1.7361895264275342
9,10.55,,1.7825290736883588
9,10.60,,1.8402666457196253
9,10.65,,1.9083682982463106
9,10.70,,1.9857618096897742
9,10.75,,2.0714087617916421
9,10.80,,2.1643258189135843
9,10.85,,2.2636146478354258
9,10.90,,2.3684734723789367
9,10.95,,2.4781888252380622
9,11.00,,2.5921450576917211
9,11.05,,2.7098052192925994
9,11.10,,2.8307056890554767
9,11.15,,2.9544450577710295
9,11.20,,3.0806802237388178
9,11.25,,3.2091155016378847
9,11.30,,3.3394959317275972
9,11.35,,3.4715998837725577
9,11.40,,3.6052352866801964
9,11.45,,3.7402379790633278
9,11.50,,3.8764633996447984
9,11.55,,4.0137861995811761
9,11.60,,4.1520939712095091
9,11.65,,4.2912924297304826
9,11.70,,4.4312958694910627
9,11.75,,4.5720298208362706
9,11.80,,4.7134262036481989
9,11.85,,4.8554262473581051
9,11.90,,4.9979775631988224
9,11.95,,5.1410333597941271
9,12.00,,5.2845516244621882
9,12.05,,5.4284953210824201
9,12.10,,5.5728295953356275
9,12.15,,5.7175237820944425
9,12.20,,5.8625498377424696
9,12.25,,6.0078835025557886
9,12.30,,6.1535035641644358
9,12.35,,6.2993876524769776
9,12.40,,6.4455156885374336
9,12.45,,6.5918734110018784
9,12.50,,6.7384426291377837
9,12.55,,6.8852112218312884
9,12.60,,7.0321639153126823
9,12.65,,7.1792910227961517
9,12.70,,7.326577513239708
9,12.75,,7.4740160197313807
9,12.80,,7.6215967096263642
9,12.85,,7.768782269322414
9,12.90,,7.9130983777609378
9,12.95,,8.0565567014716315
9,13.00,,8.1992127806672439
9,13.05,,8.341138055213996
9,13.10,,8.4824057005774733
9,13.15,,8.6230910585658425
9,13.20,,8.7632810631693605
9,13.25,,8.903056462135563
9,13.30,,9.0425108990596499
9,13.35,,9.1817312340163753
9,13.40,,9.3208103678948362
9,13.45,,9.4598399124487731
9,13.50,,9.5989119520359267
9,13.55,,9.7381156985487074
9,13.60,,9.8775380972171245
9,13.65,,10.017267558021739
9,13.70,,10.157380200563829
9,13.75,,10.29795516629015
9,13.80,,10.439064729211619
9,13.85,,10.580775811916897
9,13.90,,10.72314775892875
9,13.95,,10.866234709868595
9,14.00,,11.010084288196115
9,14.05,,11.154735563653619
9,14.10,,11.300220203989143
9,14.15,,11.446565662655988
9,14.20,,11.593785761619118
9,14.25,,11.741894041782805
9,14.30,,11.890494571081337
9,14.35,,12.039245301025629
9,14.40,,12.188161792464173
9,14.45,,12.337263955688808
9,14.50,,12.486562019401667
9,14.55,,12.636071774953075
9,14.60,,12.785810286806438
9,14.65,,12.935807439058859
9,14.70,,13.08605650697365
9,14.75,,13.236570663383251
9,14.80,,13.387358609248393
9,14.85,,13.538427645833801
9,14.90,,13.689782352094756
9,14.95,,13.841426014733662
9,15.00,,13.993362243353324
9,15.05,,14.145593001585102
9,15.10,,14.298111129886287
9,15.15,,14.450916833108685
9,15.20,,14.603993704998404
9,15.25,,14.757332296953699
9,15.30,,14.910931262826665
9,15.35,,15.064778321068117
9,15.40,,15.218860002511269
9,15.45,,15.373161348512465
9,15.50,,15.527665650793606
9,15.55,,15.682354966280446
9,15.60,,15.83720904524179
9,15.65,,15.992207805617085
9,15.70,,16.147331366538047
9,15.75,,16.302555272884188
9,15.80,,16.460458702739739
9,15.85,,16.61300177062753
9,15.90,,16.755748199338171
9,15.95,,16.888496643132289
9,16.00,,17.011248786304282
9,16.05,,17.124002442610657
9,16.10,,17.226760776397562
9,16.15,,17.319521311969456
9,16.20,,17.402285229686019
9,16.25,,17.475048960131812
9,16.30,,17.537814421671186
9,16.35,,17.590587251731254
9,16.40,,17.633362984082698
9,16.45,,17.666141628185567
9,16.50,,17.68892446915498
9,16.55,,17.701713384672093
9,16.60,,17.704504150011982
9,16.65,,17.697301307870099
9,16.70,,17.680102447474091
9,16.75,,17.652904509298846
9,16.80,,17.615712903295357
9,16.85,,17.56852346664288
9,16.90,,17.511339784909833
9,16.95,,17.444161602079358
9,17.00,,17.366987568449591
9,17.05,,17.279816556985327
9,17.10,,17.182649398724635
9,17.15,,17.075482957873859
9,17.20,,16.958318101193896
9,17.25,,16.831157546357147
9,17.30,,16.693999290421711
9,17.35,,16.54684218297481
9,17.40,,16.389687022062226
9,17.45,,16.22253473445971
9,17.50,,16.045384272294584
9,17.55,,15.858236281837943
9,17.60,,15.661090055911412
9,17.65,,15.453946147539167
9,17.70,,15.236804719166297
9,17.75,,15.00966362616675
9,17.80,,14.772525865794458
9,17.85,,14.525389270274246
9,17.90,2.8000000000000003,14.268254895601977
9,17.95,2.7000000000000002,14.001121693370784
9,18.00,2.5000000000000004,13.72398966995447
9,18.05,2.4000000000000004,13.436860705724534
9,18.10,2.3000000000000003,13.139732971344674
9,18.15,2.1000000000000001,12.832606339430813
9,18.20,2,12.515482870817944
9,18.25,1.9000000000000001,12.188359782476713
9,18.30,1.8000000000000003,11.851237913582887
9,18.35,1.7000000000000002,11.504117165090886
9,18.40,1.6000000000000001,11.146999087117022
9,18.45,1.5000000000000002,10.779882303389945
9,18.50,1.4000000000000001,10.40276419744362
9,18.55,1.3000000000000003,10.015650733012032
9,18.60,1.3000000000000003,9.618536047080477
9,18.65,1.2000000000000002,9.2114252896268063
9,18.70,1.1000000000000001,8.7943144816286551
9,18.75,1,8.3672047907741511
9,18.80,1,7.9300966922492728
9,18.85,0.90000000000000002,7.4829899746990636
9,18.90,0.80000000000000004,7.0258821298708511
9,18.95,0.80000000000000004,6.5587771891643953
9,19.00,0.70000000000000007,6.0816743026385423
9,19.05,0.59999999999999998,5.5945698716055183
9,19.10,0.59999999999999998,5.0974688361960245
9,19.15,0.5,4.590368708750038
9,19.20,0.40000000000000002,4.0732687077296346
9,19.25,0.40000000000000002,3.5461700693692899
9,19.30,0.30000000000000004,3.009072198340593
9,19.35,0.30000000000000004,2.4619751394237608
9,19.40,0.20000000000000001,1.9048794901437465
9,19.45,0.20000000000000001,1.3377842970104057
9,19.50,0.10000000000000001,0.76069006538869588
9,19.55,0.10000000000000001,0.1735961311430832
9,19.60,0.10000000000000001,0
9,19.65,0.10000000000000001,0
9,19.70,0.10000000000000001,0
9,19.75,0.10000000000000001,0
9,19.80,0.10000000000000001,0
9,19.85,0.10000000000000001,0
9,19.90,0.10000000000000001,0
9,19.95,0.10000000000000001,0
9,20.00,0.10000000000000001,0
9,20.05,,0
9,20.10,,0
9,20.15,,0
9,20.20,,0
9,20.25,,0
9,20.30,,0.29263193902564066
9,20.35,,1.0396991697415878
9,20.40,,1.796765429389932
9,20.45,,2.5638288001445702
9,20.50,,3.3408917302973387
9,20.55,,4.1279520091814641
9,20.60,,4.9250107690162892
9,20.65,,5.7320689888646772
9,20.70,,6.5491221300758005
9,20.75,,7.376177640327966
9,20.80,,8.2132290745820846
9,20.85,,9.0602781012603533
9,20.90,,9.9173269448605748
9,20.95,,10.784372498146235
9,21.00,,11.661416947161031
9,21.05,,12.548458909060273
9,21.10,,13.445499641174116
9,21.15,,14.352536073390972
9,21.20,,15.269573106290006
9,21.25,,16.196605622787995
9,21.30,,17.133637835768486
9,21.35,,18.080666040086378
9,21.40,,19.037692922733054
9,21.45,,20.004715871086226
9,21.50,,20.981738025660107
9,21.55,,21.968757902413213
9,21.60,,22.965773918176762
9,21.65,,23.972788302512466
9,21.70,,24.989799633820347
9,21.75,,26.016806998960792
9,21.80,,27.05381189329275
9,21.85,,28.100813506973136
9,21.90,,29.157813162310333
9,21.95,,30.224810417762946
9,22.00,,31.301806091764252
9,22.05,,32.388800266125941
9,22.10,,33.485793511552878
9,22.15,,34.592783917880119
9,22.20,,35.709772814511702
9,22.25,,36.836759648306405
9,22.30,,37.973745503504418
9,22.35,,39.120728854207776
9,22.40,,40.277710542925441
9,22.45,,41.444691142857323
9,22.50,,42.621668994605471
9,22.55,,43.80864495368769
9,22.60,,45.005617600128019
9,22.65,,46.212590012499255
9,22.70,,47.429560295907088
9,22.75,,48.656527666265475
9,22.80,,49.893492461530435
9,22.85,,51.140455881537662
9,22.90,,52.39741580096333
9,22.95,,53.664373654015755
9,23.00,,54.941329528870391
9,23.05,,56.228283524838254
9,23.10,,57.525233853506684
9,23.15,,58.832182470820399
9,23.20,,60.149129581374268
9,23.25,,61.476073290243384
9,23.30,,62.813013794383757
9,23.35,,64.159951062183922
9,23.40,,65.516886162211236
9,23.45,,66.883819174572722
9,23.50,,68.260748942708659
9,23.55,,69.647675039879857
9,23.60,,71.044599159327632
9,23.65,,72.451521255037818
9,23.70,,73.868437436918455
9,23.75,,75.295352852646658
9,23.80,,76.732264231972223
9,23.85,,78.179172766116508
9,23.90,,79.636078382861058
9,23.95,,81.102978939833108
9,24.00,,82.579877599708354
9,24.05,,84.066771197075212
9,24.10,,85.563662648350956
9,24.15,,87.070550776978735
9,24.20,,88.587434648769317
9,24.25,,90.11431520313316
9,24.30,,91.641737609506819
9,24.35,,93.169157067772289
9,24.40,,94.696571701258577
9,24.45,,96.223983216151552
9,24.50,,97.751389982028968
9,24.55,,99.278793341756895
9,24.60,,100.80619290667184
9,24.65,,102.33358878647886
9,24.70,,103.86097873184556
9,24.75,,105.3883660756337
9,24.80,,106.915747216293
9,24.85,,108.44312560922515
9,24.90,,109.97049975696278
9,24.95,,111.49786804835966
9,25.00,,113.02523295031045
9,25.05,,114.55259284590662
9,25.10,,116.07994823852037
9,25.15,,117.60729862228617
9,25.20,,119.13464437471703
9,25.25,,120.66198487771857
9,25.30,,122.18932075157997
9,25.35,,123.71665040072696
9,25.40,,125.24397518457469
9,25.45,,126.7712967261635
9,25.50,,128.29861033387206
9,25.55,,129.82591960645433
9,25.60,,131.35322381728105
9,25.65,,132.88052260620714
9,25.70,,134.40781451816082
9,25.75,,135.9351017864397
9,25.80,,137.46238393638464
9,25.85,,138.98965951916668
9,25.90,,140.51692891406464
9,25.95,,142.0441917875153
9,26.00,,143.5714494024387
9,26.05,,145.09870042084944
9,26.10,,146.62594512501798
9,26.15,,148.15318417324002
9,26.20,,149.68041499506774
9,26.25,,151.20764096259705
9,26.30,,152.73485977404044
9,26.35,,154.26207071931682
9,26.40,,155.78927545848853
9,26.45,,157.31647327399142
9,26.50,,158.84366398541434
9,26.55,,160.37084775178059
9,26.60,,161.89802424659135
9,26.65,,163.42519390068125
9,26.70,,164.9523223475843
9,26.75,,166.47942775538041
9,26.80,,168.00651462437514
9,26.85,,169.5335852237599
9,26.90,,171.06063726704559
9,26.95,,172.58766896407496
9,27.00,,174.11468286779629
9,27.05,,175.64167732911491
9,27.10,,177.16865183311367
9,27.15,,178.69560686886479
9,27.20,,180.22253997867301
9,27.25,,181.74945363119826
9,27.30,,183.27634428695609
9,27.35,,184.80321260386572
9,27.40,,186.33005816148511
9,27.45,,187.85688123221175
9,27.50,,189.38368071200367
9,27.55,,190.91045493392227
9,27.60,,192.4372056315602
9,27.65,,193.96392948333985
9,27.70,,195.49062894219151
9,27.75,,197.01730073470122
9,27.80,,198.54394663653736
9,27.85,,200.07056213088578
9,27.90,,201.59715210979226
9,27.95,,203.12371111725349
9,28.00,,204.6502408565766
9,28.05,,206.1767402290524
9,28.10,,207.7032108572613
9,28.15,,209.2297051323861
9,28.20,,210.7561805754992
9,28.25,,212.282636253704
9,28.30,,213.80907136985715
9,28.35,,215.33548713486078
9,28.40,,216.86188146670025
9,28.45,,218.38825557758489
9,28.50,,219.91460947434439
9,28.55,,221.44094046130229
9,28.60,,222.96725247918059
9,28.65,,224.49354181623153
9,28.70,,226.01981034744
9,28.75,,227.54605645265764
9,28.80,,229.07228197411698
9,28.85,,230.59848323309797
9,28.90,,232.12466415660379
9,28.95,,233.65082315537711
9,29.00,,235.17695898549971
9,29.05,,236.70307200791282
9,29.10,,238.22916224221007
9,29.15,,239.75523072813269
9,29.20,,241.28127471589445
9,29.25,,242.80729719025237
9,29.30,,244.33329635567935
10,0.05,,21.920350643188357
10,0.10,,21.463450527880582
10,0.15,,21.006614116269883
10,0.20,,20.549843912164448
10,0.25,,20.093144737732402
10,0.30,,19.636521694610959
10,0.35,,19.179980481162573
10,0.40,,18.723522460885267
10,0.45,,18.267159657191939
10,0.50,,17.81089657327102
10,0.55,,17.354740406244641
10,0.60,,16.898699058952538
10,0.65,,16.44278349022289
10,0.70,,15.987004574562039
10,0.75,,15.531372135831514
10,0.80,,15.075899498806491
10,0.85,,14.620602650605839
10,0.90,,14.165498426519157
10,0.95,,13.710603910919977
10,1.00,,13.25594090668203
10,1.05,,12.801533184007916
10,1.10,,12.347411590294756
10,1.15,,11.893604968771392
10,1.20,,11.440154134911161
10,1.25,,10.987097938268679
10,1.30,,10.534489806601311
10,1.35,,10.082389837438679
10,1.40,,9.6308698626336557
10,1.45,,9.1800125145351981
10,1.50,,8.7299216944997671
10,1.55,,8.2807226590871057
10,1.60,,7.8325660601077169
10,1.65,,7.3856425865114916
10,1.70,,6.9401884735959714
10,1.75,,6.496509226601888
10,1.80,,6.0549897512757704
10,1.85,,5.616139651616586
10,1.90,,5.1806384021600742
10,1.95,,4.7494052291822326
10,2.00,,4.3237168171978224
10,2.05,,3.9053863513667277
10,2.10,,3.4970521316281324
10,2.15,,3.1026641927307019
10,2.20,,2.7282734483896953
10,2.25,,2.3833239954719416
10,2.30,,2.0824934742974763
10,2.35,,1.8474585171266729
10,2.40,,1.7056397147280744
10,2.45,,1.6751684981869701
10,2.50,,1.67512266578366
10,2.55,,1.67508278629329
10,2.60,,1.6750483539968546
10,2.65,,1.6750217432608523
10,2.70,,1.6749990773782202
10,2.75,,1.6749849929219727
10,2.80,,1.6749776415253477
10,2.85,,1.6749791412684409
10,2.90,,1.6749859362230231
10,2.95,,1.6749956960647403
10,3.00,,1.6749302008344049
10,3.05,,1.6748687193182836
10,3.10,,1.6748211378871447
10,3.15,,1.6747790426465481
10,3.20,,1.6747412522909222
10,3.25,,1.6747154972757861
10,3.30,,1.67469239896444
10,3.35,,1.6746830652282856
10,3.40,,1.6746810368147536
10,3.45,,1.6746849787183888
10,3.50,,1.6887218823145462
10,3.55,,1.8057089678550593
10,3.60,,2.0221360127408392
10,3.65,,2.3102206474828564
10,3.70,,2.6466632190913026
10,3.75,,3.0153209669872889
10,3.80,,3.4057465592740441
10,3.85,,3.8112532894787514
10,3.90,,4.2275046702271757
10,3.95,,4.6516166696751871
10,4.00,,5.0816197620318091
10,4.05,,5.5161362185763378
10,4.10,,5.9541777650637062
10,4.15,,6.3950188636868752
10,4.20,,6.8381174851666069
10,4.25,,7.2830622758080201
10,4.30,,7.7295329105113915
10,4.35,,8.1767778955346468
10,4.40,,8.6224789591043169
10,4.45,,9.0682860689796154
10,4.50,,9.5141971443035267
10,4.55,,9.9602174499454676
10,4.60,,10.406364257438666
10,4.65,,10.852652060589095
10,4.70,,11.299106998801307
10,4.75,,11.745751185078225
10,4.80,,12.192615164210414
10,4.85,,12.639723281410818
10,4.90,,13.087108013787157
10,4.95,,13.534795632629343
10,5.00,,13.98281799045901
10,5.05,,14.431201510915065
10,5.10,,14.879972195042663
10,5.15,,15.329154561401216
10,5.20,,15.778774497195336
10,5.25,,16.228851789850488
10,5.30,,16.679406034547597
10,5.35,,17.130454824975583
10,5.40,,17.571836411605346
10,5.45,,18.003715719675444
10,5.50,,18.426098497234182
10,5.55,,18.838992447200368
10,5.60,,19.242398908625894
10,5.65,,19.636321997902026
10,5.70,,20.020760135657977
10,5.75,,20.395715122656263
10,5.80,,20.761018618458934
10,5.85,,21.116421859557988
10,5.90,,21.461938099219353
10,5.95,,21.797582296202975
10,6.00,,22.123368956601297
10,6.05,,22.439310220618662
10,6.10,,22.745423199788906
10,6.15,,23.041718096441578
10,6.20,,23.328208715480887
10,6.25,,23.604905581735718
10,6.30,,23.871819972069872
10,6.35,,24.128958359451705
10,6.40,,24.376331260083997
10,6.45,,24.613943486593051
10,6.50,,24.841793867099291
10,6.55,,25.059891469602867
10,6.60,,25.26823480914614
10,6.65,,25.466823471578035
10,6.70,,25.655656815680207
10,6.75,,25.834728854375683
10,6.80,,26.004036702056439
10,6.85,,26.163570727899344
10,6.90,,26.313321504676413
10,6.95,,26.453281318220888
10,7.00,,26.583434261657445
10,7.05,,26.70376734690857
10,7.10,,26.81426457574096
10,7.15,,26.914910055873214
10,7.20,,27.005685143611121
10,7.25,,27.086572863094769
10,7.30,,27.160298133263748
10,7.35,,27.209703267275035
10,7.40,,27.247993554989257
10,7.45,,27.27628524116675
10,7.50,,27.294577138767508
10,7.55,,27.302873007790961
10,7.60,,27.301167149595251
10,7.65,,27.28946430321577
10,7.70,,27.26776141602263
10,7.75,,27.236058564261334
10,7.80,,27.194358470302753
10,7.85,,27.142659293282119
10,7.90,,27.080959872649995
10,7.95,,27.009263072044448
10,8.00,,26.927567861033321
10,8.05,,26.835873285284052
10,8.10,,26.73417923717054
10,8.15,,26.622488381597311
10,8.20,,26.500796986776095
10,8.25,,26.369108789240229
10,8.30,,26.227421653100304
10,8.35,,26.075734619919668
10,8.40,,25.914051491712492
10,8.45,,25.742367291316789
10,8.50,,25.560686800132082
10,8.55,,25.369005970810267
10,8.60,,25.167328607823364
10,8.65,,24.95565174575415
10,8.70,,24.733978188926535
10,8.75,,24.502303864515365
10,8.80,,24.260632532382218
10,8.85,,24.008964164362446
10,8.90,,23.747296662994486
10,8.95,,23.475631813238262
10,9.00,,23.19396852867008
10,9.05,,22.902305703512205
10,9.10,,22.600648129601524
10,9.15,,22.288988772037541
10,9.20,,21.967333361153866
10,9.25,,21.635678857242524
10,9.30,,21.294026976703694
10,9.35,,20.942378561807882
10,9.40,2.9000000000000004,20.5807306054447
10,9.45,2.8000000000000003,20.209083917637724
10,9.50,2.6000000000000001,19.827442102237544
10,9.55,2.5000000000000004,19.435801251928552
10,9.60,2.4000000000000004,19.034162126416675
10,9.65,2.3000000000000003,18.622524441641435
10,9.70,2.2000000000000002,18.200891069010474
10,9.75,2.1000000000000001,17.769258872185947
10,9.80,2,17.327628636100691
10,9.85,1.9000000000000001,16.876001125645594
10,9.90,1.8000000000000003,16.414378225712831
10,9.95,1.7000000000000002,15.942759778708034
10,10.00,1.7000000000000002,15.461142540044076
10,10.05,1.6000000000000001,14.969528265279086
10,10.10,1.5000000000000002,14.467913952266327
10,10.15,1.4000000000000001,13.956304183666536
10,10.20,1.3000000000000003,13.434693871327628
10,10.25,1.3000000000000003,12.903086797512554
10,10.30,1.2000000000000002,12.361481766013322
10,10.35,1.1000000000000001,11.809878452672336
10,10.40,1.1000000000000001,11.248277779900597
10,10.45,1,10.676678418970598
10,10.50,0.90000000000000002,10.09508127903853
10,10.55,0.90000000000000002,9.5034859277845491
10,10.60,0.80000000000000004,8.9018912676027639
10,10.65,0.70000000000000007,8.2902969184455824
10,10.70,0.70000000000000007,7.6687037530358237
10,10.75,0.59999999999999998,7.0371152182603982
10,10.80,0.5,6.3955301002720022
10,10.85,0.5,5.7439491430625376
10,10.90,0.40000000000000002,5.0823709946971416
10,10.95,0.40000000000000002,4.4107965265590945
10,11.00,0.30000000000000004,3.7292242782365994
10,11.05,0.30000000000000004,3.0376568573028622
10,11.10,0.20000000000000001,2.3360921335807192
10,11.15,0.20000000000000001,1.6245316987913112
10,11.20,0.10000000000000001,0.90297328340705252
10,11.25,0.10000000000000001,0.17142039069762974
10,11.30,0.10000000000000001,0
10,11.35,0.10000000000000001,0
10,11.40,0.10000000000000001,0
10,11.45,0.10000000000000001,0
10,11.50,0.10000000000000001,0
10,11.55,0.10000000000000001,0
10,11.60,0.10000000000000001,0
10,11.65,0.10000000000000001,0
10,11.70,,0
10,11.75,,0
10,11.80,,0
10,11.85,,0
10,11.90,,0.70843634384893095
10,11.95,,1.5799367863347884
10,12.00,,2.4614320909879464
10,12.05,,3.3529235134799773
10,12.10,,4.25441033842782
10,12.15,,5.1658949220160659
10,12.20,,6.0873737649389001
10,12.25,,7.0188481610245699
10,12.30,,7.9603165217384655
10,12.35,,8.911782950348595
10,12.40,,9.8732433129355659
10,12.45,,10.844698588787967
10,12.50,,11.82615008744982
10,12.55,,12.817594525886676
10,12.60,,13.81903502509928
10,12.65,,14.830469822223908
10,12.70,,15.851900506832839
10,12.75,,16.883324302977265
10,12.80,,17.924742545745808
10,12.85,,18.97615463048318
10,12.90,,20.037560876509264
10,12.95,,21.108961544657465
10,13.00,,22.190355061577225
10,13.05,,23.28174259675156
10,13.10,,24.383123603782405
10,13.15,,25.494497346006725
10,13.20,,26.615863070653987
10,13.25,,27.747223176746392
10,13.30,,28.88857579190595
10,13.35,,30.039923182338164
10,13.40,,31.201265756477667
10,13.45,,32.372603891276967
10,13.50,,33.553935058168278
10,13.55,,34.74526268809209
10,13.60,,35.946583145571537
10,13.65,,37.157897170884368
10,13.70,,38.379206799116446
10,13.75,,39.610510618228119
10,13.80,,40.851807351168915
10,13.85,,42.103098999982144
10,13.90,,43.364382474578207
10,13.95,,44.635660948489942
10,14.00,,45.916931958993601
10,14.05,,47.208197986419052
10,14.10,,48.509455493378631
10,14.15,,49.820706017336384
10,14.20,,51.141951751207671
10,14.25,,52.47318855497992
10,14.30,,53.814416636371746
10,14.35,,55.165638670999947
10,14.40,,56.526852877247372
10,14.45,,57.898059850527211
10,14.50,,59.279258081938778
10,14.55,,60.670448999146913
10,14.60,,62.071630996049016
10,14.65,,63.482804784055112
10,14.70,,64.903968588906565
10,14.75,,66.335126017512636
10,14.80,,67.776272539939953
10,14.85,,69.227411352487948
10,14.90,,70.688539298082901
10,14.95,,72.159657775225071
10,15.00,,73.640768955112463
10,15.05,,75.131867582344668
10,15.10,,76.632955982560929
10,15.15,,78.144035640255026
10,15.20,,79.665114116347752
10,15.25,,81.192306333216962
10,15.30,,82.71949407457096
10,15.35,,84.24667863287668
10,15.40,,85.773857221941356
10,15.45,,87.301031122289629
10,15.50,,88.828200481742186
10,15.55,,90.35536464364894
10,15.60,,91.882523768423027
10,15.65,,93.409678135318629
10,15.70,,94.936826939194788
10,15.75,,96.463970422277299
10,15.80,,97.991107792663598
10,15.85,,99.518241358666145
10,15.90,,101.04536829497027
10,15.95,,102.57248984038822
10,16.00,,104.09960520241356
10,16.05,,105.62671570173285
10,16.10,,107.15381940775818
10,16.15,,108.68091770947916
10,16.20,,110.20800968844399
10,16.25,,111.73509470202458
10,16.30,,113.262175891764
10,16.35,,114.78924750088922
10,16.40,,116.31631475128988
10,16.45,,117.84337584181969
10,16.50,,119.37043007619684
10,16.55,,120.89747755739097
10,16.60,,122.42451856622178
10,16.65,,123.95155135280916
10,16.70,,125.47857806599544
10,16.75,,127.00559893008878
10,16.80,,128.53261217151174
10,16.85,,130.05961901134495
10,16.90,,131.586617640848
10,16.95,,133.11360731592885
10,17.00,,134.64058917686509
10,17.05,,136.16756427161633
10,17.10,,137.69453278128515
10,17.15,,139.22149575858168
10,17.20,,140.74845326649302
10,17.25,,142.27540348241345
10,17.30,,143.80234744901881
10,17.35,,145.32928616194579
10,17.40,,146.85621790626635
10,17.45,,148.38314354169802
10,17.50,,149.9100632874455
10,17.55,,151.43697618946968
10,17.60,,152.96388326966471
10,17.65,,154.49078362576952
10,17.70,,156.01767735200369
10,17.75,,157.54456645853691
10,17.80,,159.07144706719961
10,17.85,,160.598322120061
10,17.90,,162.12519175959756
10,17.95,,163.6520540707715
10,18.00,,165.17891104726164
10,18.05,,166.70575973704359
10,18.10,,168.23260412286214
10,18.15,,169.7594413411714
10,18.20,,171.28627139919146
10,18.25,,172.81309627358189
10,18.30,,174.33991405900042
10,18.35,,175.86672678775506
10,18.40,,177.39353239677683
10,18.45,,178.920331065737
10,18.50,,180.44712469312117
10,18.55,,181.97391129913382
10,18.60,,183.50069190259063
10,18.65,,185.02746558021551
10,18.70,,186.55423328197108
10,18.75,,188.080995077973
10,18.80,,189.60775084977158
10,18.85,,191.13449966429329
10,18.90,,192.6612435209484
10,18.95,,194.18798038859816
10,19.00,,195.71471035940368
10,19.05,,197.24143629208959
10,19.10,,198.76815424866311
10,19.15,,200.29486624654757
10,19.20,,201.82157317070832
10,19.25,,203.34827300596734
10,19.30,,204.87496779496178
10,19.35,,206.40165651608936
10,19.40,,207.92833901123214
10,19.45,,209.45501545180977
10,19.50,,210.98168660440251
10,19.55,,212.50835157152119
10,19.60,,214.03501028404565
10,19.65,,215.56166466498411
10,19.70,,217.08831167967395
10,19.75,,218.61495427743205
10,19.80,,220.14159041648676
10,19.85,,221.66822008248573
10,19.90,,223.19484611328758
10,19.95,,224.72146453350402
10,20.00,,226.24806527616502
10,20.05,,227.77465846827153
10,20.10,,229.30124611493619
10,20.15,,230.82782637115088
10,20.20,,232.35439921006775
10,20.25,,233.88096663344999
11,0.05,,21.920350643188357
11,0.10,,21.15884553630827
11,0.15,,20.397518572316049
11,0.20,,19.636387640920034
11,0.25,,18.87547667911894
11,0.30,,18.114813847265207
11,0.35,,17.354430647327533
11,0.40,,16.594363398607598
11,0.45,,15.834659835661423
11,0.50,,15.075371192583743
11,0.55,,14.316567579964063
11,0.60,,13.558325697965662
11,0.65,,12.800745659932424
11,0.70,,12.043954247382809
11,0.75,,11.288105761521969
11,0.80,,10.53340354789276
11,0.85,,9.780112846942691
11,0.90,,9.0285868235245097
11,0.95,,8.279303246727725
11,1.00,,7.5329307615444394
11,1.05,,6.7904269015642305
11,1.10,,6.0532188231393942
11,1.15,,5.3234990211670699
11,1.20,,4.604833477655883
11,1.25,,3.903323551163806
11,1.30,,3.2301693448366118
11,1.35,,2.6074200952261397
11,1.40,,2.0808315007850586
11,1.45,,1.7400122867235737
11,1.50,,1.6751161474563705
11,1.55,,1.6750637617783346
11,1.60,,1.6750208745876141
11,1.65,,1.6749941446130767
11,1.70,,1.6749838628369795
11,1.75,,1.6749866467003129
11,1.80,,1.6749816164146969
11,1.85,,1.6749031568876636
11,1.90,,1.674844077628572
11,1.95,,1.6747994127271983
11,2.00,,1.6747743988913535
11,2.05,,1.6747644224468492
11,2.10,,1.6747745513411043
11,2.15,,1.807940660503295
11,2.20,,2.2117813194545146
11,2.25,,2.7715812504064208
11,2.30,,3.4114065812696386
11,2.35,,4.0939043652136284
11,2.40,,4.8009090929090981
11,2.45,,5.5230153393729688
11,2.50,,6.2549940644157127
11,2.55,,6.9937447200856813
11,2.60,,7.7373269870937262
11,2.65,,8.483986703171901
11,2.70,,9.2310073452476598
11,2.75,,9.9794324189865566
11,2.80,,10.728978186485643
11,2.85,,11.479442791419968
11,2.90,,12.230682994058393
11,2.95,,12.982586612994119
11,3.00,,13.735077921962688
11,3.05,,14.488099288687177
11,3.10,,15.241608707717168
11,3.15,,15.995576476086066
11,3.20,,16.749982651685659
11,3.25,,17.504810580936713
11,3.30,,18.249981127137737
11,3.35,,18.985553019377953
11,3.40,,19.711514840129954
11,3.45,,20.427859414979867
11,3.50,,21.134582002535321
11,3.55,,21.831682591515619
11,3.60,,22.519159267177635
11,3.65,,23.197015294865356
11,3.70,,23.865252456293305
11,3.75,,24.523871264007305
11,3.80,,25.172876841716995
11,3.85,,25.812269494930852
11,3.90,,26.442050448063988
11,3.95,,27.062223370178994
11,4.00,,27.672786651286806
11,4.05,,28.2737373286548
11,4.10,,28.864915357513517
11,4.15,,29.446180713693224
11,4.20,,30.017548174436691
11,4.25,,30.579027112473728
11,4.30,,31.130633561660201
11,4.35,,31.672378375416773
11,4.40,,32.204275141867704
11,4.45,,32.726334543111754
11,4.50,,33.238566612103604
11,4.55,,33.740981595532688
11,4.60,,34.233591010558044
11,4.65,,34.716398060245901
11,4.70,,35.189412834705067
11,4.75,,35.65263870554179
11,4.80,,36.106081120347568
11,4.85,,36.549740735277794
11,4.90,,36.983620797157336
11,4.95,,37.407718166705763
11,5.00,,37.822034157109314
11,5.05,,38.226562126403643
11,5.10,,38.62129918079021
11,5.15,,39.006236014855126
11,5.20,,39.381365957390095
11,5.25,,39.746679604617626
11,5.30,,40.102163564191216
11,5.35,,40.447807724689412
11,5.40,,40.783596670541321
11,5.45,,41.109517458538555
11,5.50,,41.425551654256559
11,5.55,,41.73168290899234
11,5.60,,42.030302888702892
11,5.65,,42.305120150143381
11,5.70,,42.568974983943157
11,5.75,,42.82283139740553
11,5.80,,43.066688464575499
11,5.85,,43.300543990902412
11,5.90,,43.524397376544563
11,5.95,,43.738250519893896
11,6.00,,43.942100363937215
11,6.05,,44.135950959162543
11,6.10,,44.319799361885309
11,6.15,,44.493646457466873
11,6.20,,44.657494357491814
11,6.25,,44.811341054349633
11,6.30,,44.955185447213502
11,6.35,,45.089028672625133
11,6.40,,45.212872597355997
11,6.45,,45.326715317162254
11,6.50,,45.430555749807773
11,6.55,,45.524398879458708
11,6.60,,45.608238817699913
11,6.65,,45.682077435927454
11,6.70,,45.745917749838767
11,6.75,,45.7997557407801
11,6.80,,45.843593488298033
11,6.85,,45.877430800523584
11,6.90,,45.901266873702923
11,6.95,,45.915103559933222
11,7.00,,45.918940759010347
11,7.05,,45.912775675963609
11,7.10,,45.896611177424198
11,7.15,,45.87044512829592
11,7.20,,45.834279632015317
11,7.25,,45.788115673309868
11,7.30,,45.731947206994981
11,7.35,,45.665783117633595
11,7.40,,45.589615513719998
11,7.45,,45.503452356381871
11,7.50,,45.407287606658095
11,7.55,,45.301127063733205
11,7.60,,45.184967699520136
11,7.65,,45.058810517602666
11,7.70,,44.922652473325762
11,7.75,,44.776497385734082
11,7.80,,44.620345176239489
11,7.85,,44.45419288592624
11,7.90,,44.27804220872266
11,7.95,,44.091893374064362
11,8.00,,43.895747996214048
11,8.05,,43.689602183700252
11,8.10,,43.473458771043767
11,8.15,,43.247317620277201
11,8.20,,43.011177652140752
11,8.25,,42.765039874451965
11,8.30,,42.508904979006395
11,8.35,,42.242770937596809
11,8.40,,41.966638783154089
11,8.45,,41.680509184551958
11,8.50,,41.384382105602896
11,8.55,,41.078255558147667
11,8.60,,40.762132183772358
11,8.65,,40.436010901816381
11,8.70,,40.099892753477732
11,8.75,,39.753774532084023
11,8.80,,39.397659955885402
11,8.85,,39.031548057601405
11,8.90,,38.655437536092734
11,8.95,,38.269329486596121
11,9.00,,37.873224549843776
11,9.05,,37.467120573663472
11,9.10,,37.051021505605483
11,9.15,,36.624921189135073
11,9.20,,36.18882639348687
11,9.25,,35.742733024450963
11,9.30,,35.286646845610804
11,9.35,,34.820563713489811
11,9.40,,34.344480612060501
11,9.45,,33.858400127082739
11,9.50,,33.362323168650555
11,9.55,,32.856246596289616
11,9.60,,32.340172190930581
11,9.65,,31.814099649777223
11,9.70,,31.27803194321525
11,9.75,2.9000000000000004,30.731963854337479
11,9.80,2.8000000000000003,30.175899038085465
11,9.85,2.7000000000000002,29.609835430532737
11,9.90,2.6000000000000001,29.03377383948893
11,9.95,2.5000000000000004,28.447715922812886
11,10.00,2.4000000000000004,27.851659482899056
11,10.05,2.3000000000000003,27.245605423494158
11,10.10,2.2000000000000002,26.629554371049711
11,10.15,2.1000000000000001,26.003505267298966
11,10.20,2,25.367457732414788
11,10.25,2,24.721413553422835
11,10.30,1.9000000000000001,24.065371555360809
11,10.35,1.8000000000000003,23.399331502531968
11,10.40,1.7000000000000002,22.723295106933914
11,10.45,1.7000000000000002,22.037260146483931
11,10.50,1.6000000000000001,21.341227373866626
11,10.55,1.5000000000000002,20.635197488689254
11,10.60,1.4000000000000001,19.91916733935383
11,10.65,1.4000000000000001,19.193138452366593
11,10.70,1.3000000000000003,18.457112672786831
11,10.75,1.2000000000000002,17.711089541079488
11,10.80,1.2000000000000002,16.955071811002565
11,10.85,1.1000000000000001,16.189057203928705
11,10.90,1,15.41304626793883
11,10.95,1,14.627038900074828
11,11.00,0.90000000000000002,13.831034539920218
11,11.05,0.90000000000000002,13.02503486980415
11,11.10,0.80000000000000004,12.20903966257446
11,11.15,0.70000000000000007,11.383046617851223
11,11.20,0.70000000000000007,10.547057201941982
11,11.25,0.59999999999999998,9.7010721795799579
11,11.30,0.59999999999999998,8.8450902700265619
11,11.35,0.5,7.9791138902074028
11,11.40,0.5,7.1031399727357032
11,11.45,0.40000000000000002,6.2171710147867438
11,11.50,0.30000000000000004,5.3212046244848645
11,11.55,0.30000000000000004,4.4152425401614375
11,11.60,0.20000000000000001,3.4992843028074798
11,11.65,0.20000000000000001,2.5733296763555646
11,11.70,0.10000000000000001,1.6373790959067029
11,11.75,0.10000000000000001,0.69143440690282876
11,11.80,0.10000000000000001,0
11,11.85,0.10000000000000001,0
11,11.90,0.10000000000000001,0
11,11.95,0.10000000000000001,0
11,12.00,0.10000000000000001,0
11,12.05,0.10000000000000001,0
11,12.10,,0
11,12.15,,0
11,12.20,,0
11,12.25,,0
11,12.30,,0.8336965670475992
11,12.35,,1.8995929407124597
11,12.40,,2.9754836685326076
11,12.45,,4.0613688834103572
11,12.50,,5.1572507504140601
11,12.55,,6.2631249419819905
11,12.60,,7.3789967060749948
11,12.65,,8.5048622576062751
11,12.70,,9.6407241250085516
11,12.75,,10.786578457629799
11,12.80,,11.942428582201947
11,12.85,,13.108272939555709
11,12.90,,14.284110944400561
11,12.95,,15.469942594736359
11,13.00,,16.665767419113209
11,13.05,,17.871588512613236
11,13.10,,19.087401401158814
11,13.15,,20.313206252173668
11,13.20,,21.549005120829243
11,13.25,,22.794797596193309
11,13.30,,24.050580691916299
11,13.35,,25.316355864164109
11,13.40,,26.592124021765834
11,13.45,,27.877883338500997
11,13.50,,29.173637409169331
11,13.55,,30.4793872158941
11,13.60,,31.79512899368866
11,13.65,,33.120866983199321
11,13.70,,34.456599655125004
11,13.75,,35.80232548850671
11,13.80,,37.158045842095241
11,13.85,,38.523759169407668
11,13.90,,39.899464719462316
11,13.95,,41.285166034272642
11,14.00,,42.680860507670189
11,14.05,,44.086548522862927
11,14.10,,45.502227657252007
11,14.15,,46.92790204145448
11,14.20,,48.363568297935984
11,14.25,,49.809226965370932
11,14.30,,51.264877151505544
11,14.35,,52.730521519908585
11,14.40,,54.206156457379159
11,14.45,,55.691784367738904
11,14.50,,57.187402642541429
11,14.55,,58.693014740715213
11,14.60,,60.208616955436334
11,14.65,,61.734209940531642
11,14.70,,63.261462997173346
11,14.75,,64.78871072669827
11,14.80,,66.315950548076259
11,14.85,,67.8431839397375
11,14.90,,69.370409469305159
11,14.95,,70.897628540885918
11,15.00,,72.42484071378685
11,15.05,,73.952044460083442
11,15.10,,75.479240311965953
11,15.15,,77.006428775343579
11,15.20,,78.533620380907877
11,15.25,,80.060815427001359
11,15.30,,81.588006072641434
11,15.35,,83.1151936101693
11,15.40,,84.642375252779743
11,15.45,,86.169552281107713
11,15.50,,87.69672484239949
11,15.55,,89.223892280126819
11,15.60,,90.751054753952218
11,15.65,,92.27821254329352
11,15.70,,93.805364842652622
11,15.75,,95.332511894064965
11,15.80,,96.859652905083692
11,15.85,,98.386790184559743
11,15.90,,99.91392090629185
11,15.95,,101.4410463089107
11,16.00,,102.96816560014767
11,16.05,,104.49528010028136
11,16.10,,106.02238787827039
11,16.15,,107.54949032343582
11,16.20,,109.07658651666678
11,16.25,,110.60367581531789
11,16.30,,112.13076136097673
11,16.35,,113.65783739599274
11,16.40,,115.18490914282063
11,16.45,,116.71197479980282
11,16.50,,118.23903367047389
11,16.55,,119.76608585750745
11,16.60,,121.2931316417317
11,16.65,,122.82016927292334
11,16.70,,124.34720089977883
11,16.75,,125.87422674644579
11,16.80,,127.40124503920445
11,16.85,,128.92825699896531
11,16.90,,130.45526081647412
11,16.95,,131.98225574785758
11,17.00,,133.50924293325585
11,17.05,,135.03622341994989
11,17.10,,136.56319738850738
11,17.15,,138.09016589153256
11,17.20,,139.61712899113769
11,17.25,,141.14408486419848
11,17.30,,142.67103455328325
11,17.35,,144.19797905297165
11,17.40,,145.7249166481534
11,17.45,,147.25184819792847
11,17.50,,148.77877392112927
11,17.55,,150.30569286284458
11,17.60,,151.83260604485807
11,17.65,,153.359512564205
11,17.70,,154.88641251439023
11,17.75,,156.41330790546203
11,17.80,,157.94019485837066
11,17.85,,159.46707631488346
11,17.90,,160.99395241693014
11,17.95,,162.52082124877586
11,18.00,,164.04768480397712
11,18.05,,165.57454012944703
11,18.10,,167.10139120778723
11,18.15,,168.62823517493445
11,18.20,,170.15507203721984
11,18.25,,171.68190377118057
11,18.30,,173.20872847057024
11,18.35,,174.73554816774501
11,18.40,,176.26236079859746
11,18.45,,177.78916654242002
11,18.50,,179.31596729740664
11,18.55,,180.84276108268722
11,18.60,,182.36954891713771
11,18.65,,183.89632987656734
11,18.70,,185.42310491082955
11,18.75,,186.94987408911464
11,18.80,,188.47663729270516
11,18.85,,190.00339358761366
11,18.90,,191.53014497330247
11,18.95,,193.05688941776751
11,19.00,,194.58362701262345
11,19.05,,196.1103606162967
11,19.10,,197.63708628991586
11,19.15,,199.1638060507517
11,19.20,,200.69052078328812
11,19.25,,202.21722847127754
11,19.30,,203.74393115758414
11,19.35,,205.27062781952591
11,19.40,,206.7973182987252
11,19.45,,208.32400276602274
11,19.50,,209.85068198755889
11,19.55,,211.37735506510808
11,19.60,,212.904021929256
11,19.65,,214.4306845026945
11,19.70,,215.95733974970969
