ax,ay,ah,al,aw,bx,by,bh,bl,bw,intersects,distance
0,0,1.9163898891237885,10.367496712760197,2.115325561042142,0.60788206352147334,-0.3940041264660834,-1.3458496214483335,3.9584109702440795,1.9833688807855183,1,0
0,0,-2.8352389219371381,11.992996978053107,2.2523691115879876,-10.810941655584138,8.0982348696620399,-1.6681216000742336,7.1970541939137078,2.5741861932592554,0,6.3947248277347919
0,0,-0.67604143217277768,7.6906956592198119,2.2766893518310662,-0.74742165880710321,0.70496476332671643,-2.7595579408950774,8.222566993826149,1.8714516045301015,1,0
0,0,1.1258307755977546,10.895752269783777,1.8273185251609081,0.0050655423259733951,0.018514478181178129,2.4846745676368718,10.913661478206848,1.618517217670211,1,0
0,0,0.021136418940642887,7.2116699434930478,1.8032528361145648,-3.4101919574591673,-4.6345918888390818,-1.0999178035162664,10.352830313729871,1.9164520874044904,0,0.54417231554782786
0,0,1.878292217355308,5.5018898871024575,1.9197846543182864,-0.020149866884825212,-0.23170598880750135,1.8841986320324606,7.8100791808488257,2.1063850014215708,1,0
0,0,2.7220260446154798,4.2295192242380546,2.4449268014736099,-8.1983766896229753,3.4599025724804466,-0.83012980006658177,11.583695340164295,1.9994252615788066,0,1.1288891741415725
0,0,-1.6327778870630456,9.8020841952364091,2.2743897148867629,1.0843649513946214,1.3266505414083396,1.1573954839608032,7.4425070607086212,1.8218885591644547,1,0
0,0,1.2077681717610345,8.9007877990710416,1.9765125255876923,-1.6906391368405287,5.4426684746996186,1.8756775002190125,5.1492165460598791,1.9904589137977218,0,0.14897869093855706
0,0,1.3399386785072585,8.7064013354051504,2.5410009752426017,-6.5372300378846209,-9.3470332301811219,3.0892959240750972,9.6512481645317685,2.40884380903467,0,4.1992922946392488
0,0,2.1841883984326973,6.9104188579373673,2.1532500397935408,0.012018271857500392,-0.0084935396465093509,-0.12888225675337139,11.647445498294658,1.9172778402767157,1,0
0,0,-0.50149535890182495,8.8672069021244653,2.5349610941866505,-5.0273391325001393,-12.174904346980913,2.6620384923458245,6.2824734132548317,2.5888610256190194,0,10.462780794620892
0,0,-2.1535021549287263,6.9433385493198561,1.6734733118072778,4.0705049086245086,0.70005006320461149,2.2496249519016649,10.54478360330044,1.7397892985427164,1,0
0,0,-0.051674800803485965,8.2022510505686164,1.7062620511987574,-0.041111293115600939,-0.015463443460744389,2.2894391843723243,5.8689187117916521,2.0471233215743734,1,0
0,0,-1.915369214935412,6.4042390650058953,2.5281134210145737,6.8456231237934633,11.913320257874611,2.4487350561554351,7.5842586414922444,2.0547598185825815,0,9.0703088853284708
0,0,-1.0222899213212457,10.246063485948577,1.9989872530880439,4.0565589803872921,10.393427200137348,0.59095797190164001,9.7684693537169291,2.101357204417126,0,3.0688339053201439
0,0,-3.1056987641702247,3.8320570326744225,1.7490383108155496,-0.79185524306109745,-3.7891103696817163,-1.7992835163493583,5.227324160303521,1.6489655817529498,0,0.14543788994642706
0,0,-0.9455954644165403,6.6144407907042488,2.016741733144769,8.0313312328888085,-7.9609887144575158,1.1331208415060168,10.174828593774901,2.5409580823095945,0,5.9978182270575564
0,0,-0.99504286168724443,10.504015288464164,1.8306489037388385,4.9361783983198952,1.1031391269215141,2.331147903002889,7.7933946513531627,2.3253440316687977,0,1.9675144976772918
0,0,-0.03580222298377933,3.9288285160931782,1.6429925649046138,-8.8390188561447811,-1.1235469669308191,0.18826513220785657,7.5559830451739325,2.433137326183112,0,3.0172813410131782
0,0,-0.058828808390270826,8.5829756691805894,2.3295786241277248,2.9745503440954928,2.6293025029487462,0.15544982972354981,8.2858248730291599,2.0917838796084669,1,0
0,0,0.33057992475390074,9.215287956495871,1.7911127809027381,1.9345354797994312,-6.8270909591514588,3.0810672357238706,9.8449055743012348,2.5553312668018795,0,3.1321330033988821
0,0,-1.4989257693632594,3.8968787306613608,1.6166768382705712,1.4776506225207831,3.7064171938871184,-1.5912302434365819,10.820731524127339,1.7636941606002523,1,0
0,0,-2.7295229095827165,5.1361357805253682,2.2779263430704466,1.1906819335903924,-7.7223104819407959,0.01040624156153136,8.166763849439441,2.0531642783386008,0,4.6553991254476923
0,0,2.6543073000573889,5.2127068886925949,2.3327341053629871,-3.7409921963885129,-2.4667767664161984,-1.5636983427237769,5.1440364075436094,1.9238453816532881,0,0.044465226085162714
0,0,-0.84738808162856305,4.9946202217226379,1.6000013601257419,12.607084661113358,9.3510005264536087,-2.761915420355586,5.324537394726919,2.0176536525414943,0,11.993008207612586
0,0,2.4534406667617672,5.5591596974797106,2.2115452373176545,9.9338134321415161,-7.5989719083913396,2.6486254356831864,4.3636199572670433,2.454038935386547,0,7.342225728783859
0,0,-1.1146548442662341,8.8186441809802112,2.1070158292768579,6.1727205962763776,-0.66244719079800007,-2.4854948679986681,9.9583178130735455,2.4229442452144774,1,0
0,0,2.8116730864961186,6.6816319036908851,2.4796188144638109,-3.5302770221546189,-1.3976710560194456,-0.51161431664452772,6.6748876312589571,1.9614276352955227,0,0.14329018410132047
0,0,-2.7498714837666296,8.10333344823235,2.0422011158319409,-3.9893005410799112,-4.4458086762631144,-2.9838323048678563,4.8253124105435914,2.518707393289783,0,0.57191070012714962
0,0,2.8323128356736769,4.4635250898334,2.0098284900483745,-9.9036846468686122,4.6657568966023941,1.8919540112327455,3.6622094204070796,1.6678240445223287,0,6.8691094177322878
0,0,-1.50144297491137,7.5820332994660271,1.8489478884043749,2.910960816868521,0.4438952057830568,2.4657643811386629,11.573367037444608,1.6710268943378057,1,0
0,0,-0.60078409299561031,9.8001537623724921,2.313327917911487,5.0092507510893229,-4.3448616475491066,-1.9489508074312414,6.3243595948012974,2.0252674914977771,0,0.21232047358418218
0,0,1.8117780396732126,6.3511569356178263,2.0412165418123944,8.9142124731962031,0.12199805328957741,-2.7187093086357437,6.6178608847586204,2.546957893278222,0,4.180425561664376
0,0,0.66674954565931799,8.3210224031965723,2.404456625295516,15.357399636099943,-0.0066523004654817745,-1.5106257820934379,6.1909420634321091,2.4868231001722565,0,9.9821648900630873
0,0,-2.2685924346601292,10.156847974607711,2.0730159918621718,3.9767808406199427,0.36198401110795514,-0.16430448804657072,10.989140605925742,1.7306450660223414,1,0
0,0,-0.98753495248197698,10.447245056618605,1.9981608154465376,-5.2088740061541383,1.5038678781351191,1.7870160510420368,3.6146592020062758,2.5993380546122822,0,0.66970122693706369
0,0,0.98539586737844242,5.116917914516204,1.973413799060878,-5.5700247081675274,-12.20417355698236,-2.9218223954641087,4.0969635750502427,1.7577368338240702,0,8.8125706539248849
0,0,-1.6081690826609654,10.516113836142232,1.6061919018183839,-0.10224797239148845,0.2273385594130943,-2.7779500468806351,4.0175815350111383,2.5316419669378845,1,0
0,0,2.7114671381678068,5.4256310803166654,1.8645333486747309,6.0963421795008701,-6.8057783379222334,0.53021757177705409,5.240371298641004,2.5749289845896968,0,4.9096482506766215
0,0,0.45550304413449272,5.8940963274189535,2.3345873954837639,-1.3834973269114412,3.6229947056409606,3.0930669818668219,8.5631828312827558,1.6837518255559882,0,0.26431349729474385
0,0,-0.063986386904231196,9.0615836347197423,1.8613524453745494,2.4835145708301249,1.5323372939429176,-1.232637902590686,7.8802119316670405,1.6684174421291873,1,0
0,0,-1.5464655190928602,11.149470246278893,2.1878916774728081,-10.225116266698587,7.6682652133189286,-1.6092259830311182,9.4417036022894898,2.5966207078450902,0,7.7724372752510362
0,0,-1.0520392066147748,8.4564300674509276,2.1849875066002489,11.68440486658465,1.6211733698953867,-2.5856923789210411,9.38786148947875,2.1211126440767663,0,5.1283679825306363
0,0,-2.6552051854864533,5.3069981868588183,2.587777576672508,1.6327936470633797,-3.9457341521918998,-1.2582194365956123,5.6697477462629067,1.6718174892566928,0,0.020753237646395153
0,0,-1.325580231754673,5.6791060812880021,1.7539868756716652,0.98878778171543158,-0.38568418297024121,1.8340320510011567,11.679166624084232,2.5155364931294004,1,0
0,0,-0.94885257838038761,7.9586783536057775,1.9802512249571418,3.7437193656881194,-0.73475751649959908,1.4523933215902076,9.8166026176395427,2.4966663231782906,1,0
0,0,2.5833375929951661,11.016596627862402,1.7267938695629743,-0.32764454110806301,0.083730203888474034,-1.8132266965817183,9.1105963739287947,2.4207803796823977,1,0
0,0,-1.9529097568928593,7.0955644255470478,2.150851146589043,-0.5361900295275398,-7.9363835440266177,1.7494204493423817,8.2320721258891894,2.1186334391689976,0,0.02239543502185468
0,0,0.51752753816947461,11.538095540854018,1.7897546744029005,2.6258664704685981,-0.79808868675842015,-2.3576803269837376,6.5048707594141124,1.9256209645352602,1,0
0,0,1.2994917310160199,10.492531969918915,1.606288126017779,6.7584617969803507,-0.58098874786332733,2.577776643654432,4.2698527169694582,1.9062732562477334,0,3.5447208000767585
0,0,-1.7885623323935238,9.6995121950208727,2.4391402479240885,-8.943659336673246,-12.083758959705513,-1.7119042623397838,4.9005486390948292,2.1190158903814456,0,7.5283305519224015
0,0,2.2069469781645168,10.595999196211345,2.0116241843509144,-0.47038058168324093,-0.37039477895446632,1.8021777638449681,6.8297731951421108,2.0578582194969499,1,0
0,0,1.0707152042621182,5.1426475221554639,2.5564231974647624,0.050747361147172633,-0.16482683043901639,0.40842555482336484,8.4000233812593574,2.4945011225525513,1,0
0,0,-1.7610138924007734,7.391431751807116,1.7519049062744187,2.0330459514421113,-3.1360310541751768,-1.3777306119545853,9.7700795929056632,1.9769314383284111,1,0
0,0,0.19828174201696402,11.960980834190766,1.7690732196362449,8.0191768656807234,2.2180470462843411,2.1585951628563018,10.086297053217315,2.2010122972762103,0,0.93433106532876731
0,0,-2.4956751980058725,8.3360167417456097,2.5890313347510423,-0.068592681499494754,0.073244124187717835,1.4397111737709283,7.4658851192757671,2.0428096208460458,1,0
0,0,-1.885252392131564,11.638654735227634,2.2535439616905504,9.8171310333929878,2.2739757473193514,2.0589038041843555,8.0372976108086345,1.6412098501795125,0,4.3437310837780796
0,0,-2.5859639663391478,7.5854575538504037,2.5427074903390388,5.9147433619665062,13.004914848063233,-2.7506794761844877,3.89222947131453,1.7030999589670393,0,8.6051359565876879
0,0,-2.1598850547913817,10.680146242771555,1.8220106948180499,13.72576658747621,-1.96610062459824,0.24038287725560759,9.9921213144829863,1.7176703925533596,0,7.5864962749462714
0,0,-0.91128334345488327,10.278039247455478,2.0543743441653137,-3.5276846473068009,-1.8155335944951603,2.7852091933207301,6.9047763669325875,2.4226951418435814,0,0.024637139908892151
0,0,-0.60474923726042817,6.9451643355155461,1.8405303965635751,-0.47016105746370046,-11.371816230625187,-0.50851558078977499,9.2938954695533731,2.1775602796708275,0,7.8233813987939245
0,0,1.3121106764782686,7.0854996170425135,2.059420458126366,3.9639701089902402,-14.320220397787534,-2.0535372672983638,10.595046410782693,1.9566480131502884,0,7.7449937630962538
0,0,-1.222482045679357,5.1827767845285839,1.9824215824385925,0.14769243381427705,0.33664583064297005,0.09852968891370395,8.7203091366490071,1.9984275899638342,1,0
0,0,2.6802476423369539,7.4205263673756958,2.0486417615525259,1.4630307198786336,-0.44640490105286196,-0.33482420410309244,5.8442017507389377,2.4148759940111928,1,0
0,0,-0.9415573046505874,7.6226759845860865,1.9595484209778515,0.89171965211819315,6.7312105842960559,-2.4974760387374104,11.055147407824794,1.75098359331714,0,0.1482491672503507
0,0,-0.028606206375067611,9.2558435464600244,1.6169765483466025,-0.18043494001467458,-0.0013346739587418877,-0.065315881704279377,7.4030581702773244,2.0289381246614604,1,0
0,0,-0.063643847714984325,7.3733794215935884,1.9347313378320175,-5.17889844785695,11.07919975285893,-2.4105116929979253,6.5932181776355101,2.2728706864978023,0,7.5686732013103608
0,0,-3.1309455655607636,6.3783981782688102,2.0891993772703472,0.43199063988448144,1.0754851187654524,1.9747237606557348,8.2992017581348314,2.4018880616496072,1,0
0,0,3.0225703202269294,8.2390470361391941,2.2036640911597005,4.3134313280382415,-6.5293081129990318,-1.5135793276447684,11.175919611950711,2.5983188756171218,1,0
0,0,-2.7439696382648542,9.9880504072522349,2.2433722134950287,-11.836994814293659,5.6669918589966448,-1.6741915691703337,10.553523239458018,2.1471430933581557,0,6.3900947449216652
0,0,-2.5098053417757757,5.5172446775852695,2.4484099193220596,-1.5170608834393966,3.7878061566593768,-2.9431660807435196,4.608493847719247,2.5194580615487858,0,0.61752515427210219
0,0,-1.0137436942216396,3.824053609229749,1.7267969591924937,-3.1441563844253859,-3.9965377004231186,-3.071157705063829,8.4901985648282619,2.2105690012887869,0,0.56623160834450892
0,0,-0.078689453462017056,8.5947521351503156,2.2624492745803417,2.0179102867000878,-0.024916866460488699,-1.8517992920949597,10.331301405023172,2.0108432500836257,1,0
0,0,-1.5400283101011716,7.3704058753900608,2.3243080118104422,0.20774777788213869,-0.14566121507952975,-0.26656877352169328,8.2631968679822663,2.3569511897947968,1,0
0,0,0.38647572738307101,11.524629663596306,1.6379139726958831,-6.5432519396065993,-4.9764918619388343,-0.23374498225354934,9.0629634904466094,2.0890367588855723,0,1.296635745793576
0,0,-2.6402104004178684,4.0973789619040337,1.9381230405868934,-1.3394154906286504,-5.9988707069068647,-2.0273823779731805,7.7870659431429203,2.5445535933018815,0,0.3674399028943055
0,0,2.1087869477199348,7.9432953670053896,2.3805841177259737,-1.4862987832068537,1.2105010802738909,2.2953492618760034,10.656086950125882,1.7476265926645329,1,0
0,0,1.472707395931657,3.8890737188783122,1.9002072093900475,3.1962043253353394,1.4146061444638123,-2.3128469226618922,8.7838227446299335,1.9149011937865517,1,0
0,0,-0.63330367964444578,11.162129072976935,2.1974235234773252,0.88319961711892736,-1.5167234727229832,-0.083421895920430256,9.6698418387099068,2.5925038206408466,1,0
0,0,-1.6279831748833509,4.8301714246693486,2.0053009742282439,-2.5499973713020303,-4.1369305594929147,1.5215157999742992,10.013523150887526,1.7079360867866402,0,0.4674325278738351
0,0,2.1635960293795167,7.6126092777081373,2.1391406678851737,4.965484336052767,-8.2442247718911066,-1.3124090563409387,8.1742136356919399,2.2051901866894141,0,1.5828493731242783
0,0,1.596848470626349,6.5091927095817841,2.0559787938134497,-1.2644430564419098,-0.46713290980680389,-2.322845897643961,5.7049122539068664,1.6406470181004438,1,0
0,0,2.4980146593710355,9.7247893707322497,2.1854485899758789,11.910530572454531,6.7325406680981654,1.8742712032859457,4.9957201194749477,1.9518706116876727,0,9.4220810126315726
0,0,0.25368641416401383,4.5674013116201042,1.6443283092948908,-3.8133882397940497,-4.9365189542848027,-2.9213101683678988,9.927357575803736,2.4943644856487794,0,1.8388281030241098
0,0,2.1055557470337343,9.4692151043689332,2.0733747339234982,0.58729038884975515,-4.1940976077941263,-0.14320978251276184,5.3655996054857127,2.5306923965832309,1,0
0,0,1.7042834958841029,8.4036330149635887,2.1166988596331358,-11.145723420252278,1.4882644137085499,0.44560745444242267,4.4391930992156645,1.7090785696661404,0,7.4153793786947295
0,0,0.72032478803363675,8.2660103360537409,1.834764515943814,-5.4088229880033909,-0.95055979243764954,-2.1567151441667605,8.4652865754581121,1.6101190140914392,0,1.2098146506484597
0,0,0.53872351521362649,11.402316583405,2.0525662527054092,7.510938885571969,-0.8912782448475578,-1.2206303568790671,11.614670825693297,1.8973816341288012,0,0.0082187170735096345
0,0,-2.865157562240042,4.3998697803332458,1.608213641188462,7.4784875470278873,-2.6287024795469591,1.8475098291365608,6.7273868502011274,2.2807894319626167,0,3.1615777185660292
0,0,2.2868766526730644,6.8527742368211966,1.7017103965189286,4.6299879462794395,-5.0144088825830204,1.0607488793973188,3.7509096247043958,2.1155233427191233,0,1.91869189718833
0,0,1.4323249222810075,10.631922012067559,2.5625261098267869,4.114720260792784,-3.6367393942941191,1.7578421804084501,10.467774254726161,2.536790709703614,0,0.42047074409099416
0,0,-2.9673430135095078,7.3570500086835189,1.6565269929220929,-0.41832284672996789,4.4520231059908859,-1.7963377612843339,7.0082942777738619,2.0116470873526429,0,0.0095556489648318064
0,0,-2.9983590551969304,9.6296473632543531,2.3615196388483688,-8.3760426247662689,-9.8059629555210677,-3.0626884423151242,6.4830262851233602,2.2363420480637837,0,6.6104551088574066
0,0,2.969476598532788,10.15975052001448,2.21961490668689,5.1379625204155053,-8.992570555861132,1.7821319598525225,11.476688932028665,2.5554237820678347,0,1.2022120892679071
0,0,-2.5491540811461433,11.280249566402235,1.6579939889920459,4.936193444608965,-2.6695011949351541,-1.3361288388235606,8.3719599710800416,1.823186852683724,1,0
0,0,1.0464079320515101,7.9017136080928561,2.4297537687017274,3.9672382171703839,7.8756454786047723,0.76132816575641415,9.6278910429824229,1.6162328840121225,0,0.005951395675482629
0,0,-2.2876368954044217,10.158079789925544,2.3847178962454065,10.873336942099661,-11.609186971383785,-2.6174829400180526,8.7263536352232585,1.911360373572476,0,12.319715851327384
0,0,0.44318808112068231,7.5538221037233004,2.3971951860244194,-7.6190741459985389,-12.240214702108066,-0.68477049639905463,4.6009533890777794,2.580396045389918,0,9.0837826126988634
0,0,2.9955662745679295,7.4840743844840656,1.7202295042280797,-3.9173083932133776,0.020795822480992671,-0.24862422239743287,8.1174695305745956,2.386658791865881,1,0
0,0,-2.9265494285961964,11.844342035736672,1.6022859789189789,2.623436324884254,-1.8445341534054407,2.9069276126397252,11.091016391780901,2.4995648359608156,1,0
0,0,0.61546894376399353,7.1763150545061123,2.3097092726028112,12.583767372559718,7.8854202787543199,-1.9354036642275856,7.4978768570859753,2.5131098076631102,0,7.4600696626246368
0,0,1.5730757780616624,4.6425460771540763,2.2453266736085951,-0.84009347077212504,-0.046472881733288528,-1.9817248239353309,4.1073679549433804,2.2036365167614154,1,0
0,0,-0.68739494493448028,5.0376742846631082,2.2647229784310823,13.368877899397274,2.0945803860048908,-1.3945490710030204,5.5555088802459327,2.1515022204731684,0,9.9560229580358914
0,0,2.01503524206238,11.437760697046714,1.7111682560138759,-5.5927462708578428,-1.9432012755570052,-2.7876062941652688,9.8879717714921824,2.0003858102697922,0,0.015438922873596836
0,0,-1.796715325817805,9.1507614464308684,2.3342018372023188,-4.795880639565886,4.1994773905595038,-1.5063553620944765,9.1600877535005552,1.8258774391010499,0,2.261624367086327
0,0,-0.16849095917132217,4.9272812130636794,2.0644475694517479,6.3230152139866798,1.3648812744314771,-1.4010204939337152,10.162458764423764,1.7352783246867962,0,2.9285048953533428
0,0,2.5930970876287853,9.0645047306202802,2.1628246553772739,-1.1479044110331198,0.62701440897157934,-2.2213561802066546,4.3839580087176113,2.2051876315184464,1,0
0,0,-0.49065162451276612,6.6445451439419241,1.6222681021611496,-2.3288600192973212,4.2413326199210299,0.78055259358959894,7.436954053108435,2.0823566192518386,0,0.19746884208893489
0,0,-1.6333438930888207,11.665852343480919,2.5242737288009369,-4.5807734079262952,-0.045656920442107056,1.2105317910136435,4.5408840617713633,2.2330638640893241,0,1.5734031531112516
0,0,-0.40779921895661753,7.4199232431841162,2.3884878011009123,0.35282673432342937,2.9742118034977301,0.36909652603869469,9.0044215090055033,2.049794429028597,1,0
0,0,2.5002240770888333,10.637754341518441,2.5125836090536406,-11.148938234748773,6.6385149659294278,2.8361845842336253,10.155456478767826,1.8904532779947321,0,2.4808209840331568
0,0,-0.17357198993883616,4.3343462965192145,2.5745535782934628,-2.6705027589919625,3.2432662925788298,-1.7996176362281513,4.9710772562975425,2.1542192520568415,0,0.024502786840956584
0,0,1.7882950054930689,8.3130074899675925,2.1677523782746042,0.53974419338875201,-5.7793999847689612,0.5979349122481179,10.375557269885913,2.3803666876407257,1,0
0,0,3.1312505533084662,10.622044693433512,2.140481503829414,9.2379544148487938,-2.1972802398458122,-1.1300118955869212,11.151040946299071,1.88286724579497,0,1.2297719019508588
0,0,1.6796342780723128,9.5096701364356484,2.2867470543393082,12.903573642167441,6.8299343959776708,-1.8391794957231706,6.3775940877434962,2.349893713039982,0,10.158844112297333
0,0,-2.6990707130891272,11.863567793530835,2.093553752711971,-7.2179920866957614,0.38535118480505198,-1.2827998551394153,4.3515348601569803,1.6685228153677656,0,0.1140979333730392
0,0,3.0084331049558735,10.702118318567425,2.0306802590796909,-4.788751230025917,-7.4860841637081048,-1.9324595319623865,8.0641820357755911,1.8393723061936871,0,2.9046473635789418
0,0,0.44312126724604672,11.867097905824179,2.404025166888708,4.1812088916675707,15.261665938683221,-3.0257791548817217,4.9590437649072534,2.1586303658666885,0,10.551150874481046
0,0,0.3125135268639041,7.4879085079582088,1.6105863729600052,15.022668145990906,2.3882668900194437,-0.40754778162098315,10.833111467252589,1.6585610340950478,0,6.6665169982714012
0,0,2.907064493032693,3.6407010187956765,1.90694832910753,0.71108889124764796,-6.1401244979282588,-1.9184480955985119,11.844346671649012,2.3983989737300839,1,0
0,0,1.1002072924226365,3.7126518900563754,1.7667850288186102,-9.7496010665834945,6.1532320803911924,1.8164082224854585,6.0975005867809875,1.8370058719462001,0,7.9019769732175433
0,0,2.2468911314986117,10.154190227772233,2.1135627060726425,1.3934948933183418,10.703230159936068,-1.9803983738678201,9.4087625964982564,2.1479033890955739,0,2.3661324910144175
0,0,1.8189367665980356,3.9708353505299874,1.7647600372054102,-7.8261723348449816,-2.8929183752749026,2.40565735831398,9.3235373175639467,2.46725089646357,0,4.3452674968469731
0,0,-3.0637255254510745,4.8413487910023179,1.6472134769755609,2.926684396243139,3.9903982938726439,-1.9505272438658592,5.6842677787459603,1.6723912879186829,0,0.14053004708676403
0,0,2.9988293542943554,5.8955867157974975,1.8434598785262863,-0.0075705648268842851,3.7740202175840416,-1.2266049254488873,10.420718471143385,2.2540246864242004,1,0
0,0,-2.3006600987935566,7.5175133477002429,2.5038546905592169,7.4762308468233778,-8.3358893329063939,-1.5118600598143699,9.9813433011945545,2.3023724330409361,0,5.5257928228447515
0,0,2.6436633837129992,5.2950155536174277,1.860582161217144,1.5345388057238634,13.614480685123826,-0.69163157467176761,5.1806602128288564,2.0007268043195294,0,10.284864503416612
0,0,1.0331424592050489,8.1055908855888354,2.5209509111106558,-2.5882358080837959,1.097360608924514,-1.9664458608304864,9.4229888185050257,1.9796838542688062,0,4.4115932748600614e-06
0,0,-1.5399386963518995,4.4753425699686229,2.0547855339134875,-1.3518752518122494,4.1183269714898989,1.183934573845991,5.9799947122231565,2.4969715143153728,1,0
0,0,0.65077524361145134,9.0784988214812863,1.7366071086450716,0.64656602029726828,-2.1046206664933962,0.93473470657987434,8.8191823612540077,2.471042067771418,1,0
0,0,0.27526932931379067,10.79238278528107,1.7202533833734823,-0.096392011879462156,1.4799049951081404,-1.8407113622486684,4.3921823069455277,2.5872876470342656,1,0
0,0,2.1865141198377529,7.2126409693077456,1.6241919789357311,-0.49704557003694316,-0.8849630541856951,-2.7568034190128476,5.6113188775045924,1.6386470948332708,1,0
0,0,-2.2548974836356783,4.3394344756833911,2.0248726814959808,-14.024961827469898,-5.7720663282801592,2.0487150364296767,10.16070138668919,2.129868756873007,0,11.649966682089719
0,0,-2.7265216667395777,3.606797239560608,2.3486502246622636,-10.908390037460306,8.6920843762995119,0.79035721328576658,9.9413139429943342,1.8747998961560719,0,11.176218655492738
0,0,-2.8642549394253702,11.631514145826168,2.369004810286234,-12.18638399673093,7.5842260883009729,2.2216067292940416,7.5718888677629073,2.3949654161492568,0,6.4061727703830078
0,0,-1.4020012641093023,4.9532907629527649,2.2483513551251146,-2.1054102441965603,-3.2658668382365796,-0.34761297215711418,10.801876437948689,2.051358661193742,0,0.053309314044210077
0,0,1.245870055269573,4.928135631959492,1.7878738394168159,0.42027451941731503,-3.3551288825169419,-0.71263616460849821,11.494321217194511,2.1165837259110196,1,0
0,0,-1.5860003520763777,8.0551318615886718,1.8129695141596163,3.373676122145195,2.3051806197595455,-2.4758479853412676,10.490528405036498,2.2551138652911966,1,0
0,0,-0.50298541346356984,10.974196606243181,1.8619822625099556,-10.622662075038999,-6.2582015802049247,-0.42465872892990264,4.332280058082544,1.9895016759429973,0,8.511505183469005
0,0,3.1304744314345125,4.1408937559159691,1.9603683177967586,-3.0197192187442652,-2.5109787005224615,2.8403738100885372,4.5276115492060072,2.4104339768699878,0,0.55713415095888874
0,0,1.7799797138878697,10.207618825969254,2.4037133071131871,-11.727744753679119,0.47430776257744423,-1.1063910617900463,8.0859430373633074,1.7290012338713117,0,8.3145514502885245
0,0,-0.67197923304501428,7.6990731750409305,2.183267700629282,-8.211189349286963,-12.79835554413131,-0.88881649126883833,6.3096953148234256,2.5074566594100647,0,12.132897007296553
0,0,0.30740992643436638,7.4161287160541072,2.0704487433212262,-0.18618106264505116,-0.056567865378078085,-3.0494844285880536,6.2655735693879855,2.0606358808911303,1,0
0,0,-3.1018805432088263,8.7575904659432968,1.6072033305254303,-6.9339681702396501,-1.8651965654929969,2.8455235590253789,8.8183930930379262,2.3184273562456856,0,0.44633608291658533
0,0,2.6406647329641935,6.5214869975659848,1.7988850110431245,-0.64353288854471324,3.4170745807398806,-0.43828035136122745,6.2445359948003718,1.744149404610468,0,0.84710100951363387
0,0,2.5668721003916293,9.7606378794981872,2.4617146528047229,-4.1253452475946935,-0.27741318346106802,1.4367653868149395,11.022571721145376,2.5569329206459472,1,0
0,0,2.5467720634961815,8.1350969461824612,2.5214863286300453,0.53865739368247167,-6.4944207658527358,-0.23741498551333695,6.4038714504215069,2.4326896302762595,0,2.3651297449826481
0,0,2.0511457266669391,6.8180114254316084,2.2555798017242621,-0.91851338461034915,-2.4689612740381608,-2.1887468920074342,5.2842257811770548,2.5802353802472706,1,0
0,0,-3.0400662209875038,4.1532142901264635,1.9994662703743833,4.8738130832322382,-6.2751752077651446,0.72871679043743276,10.993983372460114,2.5877084180086265,0,4.6049801529179524
0,0,-0.61281897294008392,7.4354773350584029,2.4548369596751045,4.5732406421917204,-2.9632127833790669,-0.54333475439154499,9.8191325816207922,2.4564008451838073,1,0
0,0,-2.5706740979881788,9.2254798174467467,2.3991678609351226,-2.1186777828035348,-12.694831240532732,0.84197857908777252,5.8460921826586008,2.303383590512651,0,6.6220285136960797
0,0,2.7755774041585726,6.2673870686062028,2.2041026245072657,2.1208236455483798,-4.8515630107626944,-0.28456753991714123,6.32690009395718,2.4914243005260697,0,1.4619831074938527
0,0,1.5905919084458446,4.4488679024806981,2.4285255606668565,5.4520173551089144,-3.9656016924567759,-0.78367247080770408,6.6318420148473578,2.0451844929917984,0,1.133254119790521
0,0,1.5998278118198206,6.1435211131712215,1.7586428987049916,-5.0365903560286416,-9.5528259730215392,1.6093578827479824,7.1489235217573874,2.1380823088772067,0,4.3687007292468145
0,0,0.71394046959185919,8.9057235086860764,2.5311685594295934,6.9154492223617892,-7.621607232428631,-2.6722473894785943,7.9177105690827592,1.6463737395519984,0,7.2657089564471384
0,0,1.9694659373008907,5.8548423725162735,2.4960743968139361,2.9178376112586366,2.9323993491223423,2.6459147436418586,11.327396818491273,2.0377065940806909,0,0.1425596846959194
0,0,-1.4207477366586376,10.618987506699035,1.7813247241910235,7.8262449835857728,4.5308667788314976,-0.34619138129461646,9.2335308097861599,2.0123543372176829,0,2.9859973502975068
0,0,-2.332567843727837,3.832596420337012,2.123357542427148,-0.79425669789602293,-1.1328753051705445,0.84272716296008232,8.2360784847047217,2.5751250423414138,1,0
0,0,2.1051781302217387,11.080663153673957,2.5692488757213812,5.9366684857346712,6.9381687681521136,2.4679965143113538,6.87900048751328,2.167531125676915,0,5.1296397012877533
0,0,-0.5018926211378707,10.52989210961853,2.3712631848125554,0.69786174554908253,5.724147826880106,-2.9439066735195962,11.276471897019803,2.0211203888713785,0,0.16782460240598412
0,0,0.94641984579068339,5.7441880230229998,2.2065190243338613,-0.71954495179344169,6.8423604424862612,-0.4356297899363808,5.0483786488475451,1.7528795434408715,0,2.049929103057857
0,0,-0.38245749765853931,6.5359737745174389,2.2102662730057174,6.5050576815074166,4.869445860514741,0.79562857838147982,10.245989080887478,1.9033635133410725,0,0.74298366990322029
0,0,-2.5432934841456176,10.820343226773609,2.2095914125581473,6.9431546292163295,-4.3791356062925049,-0.10387451389074043,7.9043633101270441,2.1236848850882559,0,3.0610260771986204
0,0,2.0418828172588421,6.705363607330538,2.3587315573956324,0.86677913994427491,1.2693369612501233,-3.0642222646223964,6.2054786440144021,2.3438873141189176,1,0
0,0,-0.89161596506802399,7.2555296833105176,2.4145685385320941,9.3776173948059238,-6.3057924419259175,-2.4547467184997749,4.7997459314916684,1.9019950202000195,0,6.2344037716009764
0,0,-0.66560561808812624,9.6082156500351807,1.8288759736551801,6.7813177668872502,0.37814270951805562,-0.86673997480861686,10.076724449415529,2.0338644342541525,0,2.5409470366642686
0,0,-2.5497007168370449,7.8150341725495638,1.6456720008122931,-11.777526924145048,2.2333261285152171,-2.14783782273993,9.7423762956980955,2.3433124218800474,0,7.6315966034980196
0,0,-0.63921807125316699,5.2458894721471081,1.8084032853487166,3.6615413483959758,0.61160319399108232,-1.5426701246442742,11.263481826418229,2.0291024267404874,0,0.042890038037841499
0,0,0.65997457412406613,3.5429798963914703,2.2372629180475432,1.8875211653474153,-0.045030472249936039,-1.6893195345649721,11.65751555280756,2.2301591228481406,1,0
0,0,-1.4197374812525412,5.8755155251820961,2.5315128835369087,6.4867494334836175,-8.4993880986104795,0.10168337712392406,7.8440788290226369,2.0729586066222594,0,5.2122106990179145
0,0,-0.20652648920026628,8.2723545794709423,2.3123435665583099,-4.308845235862294,-7.9314360179585757,0.91376913069571142,5.0028919203222575,2.5093019535548349,0,4.6921219024908227
0,0,2.6229892334176057,11.861188394455578,1.9559254680043183,7.096712618648148,-4.2336145724362622,0.34258494475247581,9.0143625025062875,1.8341998987780226,0,0.31821558207114869
0,0,-1.8331240402199263,9.9324030247645965,2.5968717167833137,-2.0596829507244778,7.6589794244050164,-3.1150533822631421,11.971462048039681,2.0903117435102327,0,1.5354637569809311
0,0,-0.20730317733884229,4.1710264408687303,1.8704858968371614,11.759769041451209,-8.2645704914539557,-2.8963477900763581,8.098970156127244,2.2600235454897186,0,8.88403800906908
0,0,2.8539657722031606,5.5700818381788189,1.9290562611894906,-1.4754027084859567,15.438677702105755,-1.8874053737654966,5.3390193707942029,2.2787642539698689,0,10.895501638221857
0,0,0.11936301977576358,6.9442840404462451,2.5474184302799707,0.35925588903303335,3.1213208233404761,-2.8207420528032867,7.9541964799994114,1.8983666826037002,0,0.056716110096507316
0,0,2.8415893002667278,11.663347765213757,2.5299774457437683,6.9954319709137298,-4.6645875682823981,-2.1252676334630642,6.2354834766840579,1.9788498292962302,0,1.4515057868309038
0,0,2.0147369600212572,11.980901221460375,2.3552804256964111,-6.2102385134066278,1.1009389856710328,1.6657182598876608,7.4925816725490639,1.8978906450692667,0,1.9737619688053818
0,0,2.9187048681441077,9.8281760150364903,1.9297427472719699,7.6837064061050038,4.0084376304891958,-1.8501169466589464,9.6131650684664756,2.2684186979098859,0,0.28998634697429526
0,0,-1.4098170452796095,11.271928727698286,2.1092726072885095,-1.1371514242666505,-1.9441444615097809,2.6154050896997694,10.343966294924176,2.3469243980789987,1,0
0,0,-0.83520011507567338,11.591853268652079,1.7302594671453631,1.6492095308030836,1.0666702408966067,-2.768022907547417,5.1982645322199108,1.853210321385236,1,0
0,0,1.6340640481162856,8.4538005670504752,2.1991457805982555,10.199099326288577,-2.5950943589285402,2.040662473953371,6.3834068888945517,2.5477480576333837,0,6.4827492567658673
0,0,1.8130235017544472,6.680512101773509,2.42291888921359,-7.7332567122764786,-4.833571303253537,-2.874567073503083,8.0376650968953882,2.1240080028038508,0,3.4218496066376076
0,0,3.0270824316608405,9.3771281268889517,1.9200614945431433,0.070108340599079999,5.4086938302000958,0.66057229591004019,10.124779839517505,2.3525725780385276,0,0.038421626866306124
0,0,-0.60443133503048019,9.8559808885493965,2.0887566182026411,0.97613634555736084,7.8436849805839906,-0.93674467336895262,7.2686135824288751,2.5742308012269737,0,3.5620176757184203
0,0,3.0454840523173932,9.0210669707206641,2.1670429768022728,3.6360645428122016,-1.6112606555542648,0.95112230116856544,7.1574699497684104,1.6421969715374436,1,0
0,0,2.7766616696497755,9.6830489254213248,1.718458846414989,0.32853192109354457,5.2942500458816228,-2.0103703806688746,3.8424132260334409,2.3913787362105317,0,2.1986097296918268
0,0,-2.0705950808510467,5.7178624275321894,2.1929661690917097,-2.2119164354967236,0.0085994568849607558,-2.2982199102791276,3.7967118088179164,1.8875537569404344,1,0
0,0,1.0693695775572269,11.44254918668145,2.4873309914848853,-4.3120809438019077,4.3675740911024343,0.91499900945507751,7.4706483335272083,2.3364418437966732,0,2.9083154838730989
0,0,0.35930868598453269,8.0370055019465347,1.6114934273890087,-1.8383961448536923,-3.3145257217140824,2.3077785227484977,10.6782801601149,2.4742750701068594,1,0
0,0,-0.023383809895399121,6.0414095584372891,1.7587116031654433,14.290845465550426,0.2992032634666425,-3.0969570510995053,4.9587205183662313,1.7693240029806585,0,8.738025553549992
0,0,-2.7899078209299359,3.8783306055649693,2.574390040014702,4.0929318906542571,2.781541848862918,-3.0787476795594624,5.1659819318430067,2.3461586356338571,0,0.051307929049837463
0,0,-2.4500972931277425,8.4663957477565592,2.4405847688423066,-0.33758736268069645,-5.7458291486076245,2.4852077337295491,4.3123441414856263,2.1718531643095087,0,0.6475129229638531
0,0,-2.4101728635220931,4.2470459739705726,2.5813071656186164,-10.977970308388031,7.5774334201817064,-0.94135455837280935,7.4879853411158646,2.2834361121825588,0,7.8437830751344055
0,0,0.75087269440665416,11.586660987314337,1.8670622261813068,-0.44171715787387078,11.249941970769273,2.0198746425906666,4.2033870894788627,2.3333773979355614,0,5.6112405096955245
0,0,0.96927502160370516,11.789664179929638,1.7886616509988675,-0.52558526135416561,6.4498262412110856,-0.018687943114100936,6.0871917491597891,2.0717538364972357,0,0.077685169541687082
0,0,-0.29503100725622522,4.258342031998728,1.7879677956483793,7.0382838362390636,-6.4439149099672584,0.83201510872574547,9.096288087200822,2.3903580318075655,0,6.0406334901084309
0,0,-1.3164985368908479,9.8551042952497312,1.7220838671174323,7.8011454929570547,0.61390574911948848,-0.58523144355951828,11.03959639698526,2.2814975823486137,0,2.308371014693833
0,0,-2.4282868292662774,3.9408362693944463,2.4819613314684634,-8.5824816185107426,2.6537261196240225,-1.7406017602803763,8.5312589186393186,1.8153452552919047,0,5.7901770328756959
0,0,-1.4177149930054913,8.815763654235937,1.9459174939688206,-3.1262118610748306,0.40491574476875813,-1.8766412205612126,4.6133361767661256,1.9182468817921032,0,0.17324905752866007
0,0,-0.33208901222119813,4.1688501090694272,2.4758736636365364,-6.2663836809522033,7.2917286231569429,0.87807627129504784,6.588858083638744,2.0116921837555628,0,6.0857784815104585
0,0,-1.0813603481991203,4.718128618071006,2.5839075259779039,2.454193591698568,-2.740971709562106,0.35618987031684091,9.3416197856712841,2.0129332403557596,1,0
0,0,-0.0066686865165843656,10.613490791406701,1.6408563234475504,-8.410609434476763,-2.5830983014558542,0.31758341719609984,8.2772299217756249,1.7603538096586222,1,0
0,0,-0.43778193377011831,9.8465716741463716,2.180517330698966,0.98893768252412184,-3.7250874783369206,-0.72157817088244158,8.7397760114418936,2.2227485963645002,1,0
0,0,2.3903828954662947,8.083719490782574,1.8834153555207933,-0.98228105017141232,-4.4287640123807508,2.397893401254148,6.6885464216975254,1.767348939030785,0,2.0687410519832925
0,0,1.4951502508558718,5.8259357991578344,2.5238230897151701,-13.071152469379838,1.973515232768672,-2.3747102921057723,7.0416612977087603,2.3107866855212364,0,8.7153164385362452
0,0,-0.87759690871725526,6.2105459072881466,1.6238220900332161,-0.68197115959411259,-0.2315292539702154,-2.0334066047636923,4.4493841702607604,2.2622677410755627,1,0
0,0,1.6652126565930851,3.9018501966177115,2.1884353926423215,1.1260065076098396,-3.2510008659700644,-2.8685385482418448,7.2139843172879576,2.5948836464565899,0,0.022459498943242239
0,0,0.61255943594670725,10.163891797593152,1.8784752879919471,-13.285303459653081,8.7537373404080228,0.37330427744532413,6.5089018920340962,1.7594010062215122,0,12.235572162007015
0,0,-0.7545120352452539,5.8961588000187497,2.306157339889487,10.701470452879141,10.496445085460749,-2.7091300805259766,4.7052666103858307,1.6434909516572946,0,11.335312375310991
0,0,0.24787663839574137,3.8628894458246732,2.1270465284328641,5.7361104456195635,-2.2004176266094224,1.9344732141570926,4.8066272068039595,1.9669807749494468,0,1.8461324709206108
0,0,3.0558656931165364,9.5342326183937409,2.2019344210282479,7.761135590845158,0.37408842708529511,-2.5771663506776079,5.8575398321700636,1.9771249204557177,0,0.0038280480429488937
0,0,1.2400263827263993,7.3794483763165308,2.0181901193917762,-3.5295651251435545,-2.4235959721178721,-2.4555859679385632,11.316306266238264,2.1923401267649298,1,0
0,0,0.68197066312960652,8.6690342172175789,1.6153154370887326,-8.4260698225835586,12.118947515235245,2.6106729945927425,6.0278704915363646,2.4921026229051186,0,10.652366735681426
0,0,-1.9927264412352192,8.6433611301032123,1.8125938642471529,0.025747243578239747,-0.22514497641258535,1.2067473330815481,10.467692872048058,2.0233255161652366,1,0
0,0,2.826001656466917,3.7468070677799052,2.2700620286455404,3.3213842145868204,-4.2723505531217487,2.2163032770843722,6.4489021918292764,1.7829347914843734,0,0.0006401064680818312
0,0,2.5412828134306258,6.1057190013571239,2.0712653526347253,1.5374095157182157,4.8054798989479117,-0.11431825797949724,5.0148665127369059,1.6931846598958433,0,1.8906300699938572
0,0,-2.8436855470627549,6.4320453353646627,1.7794430508060337,2.8366907758409332,-4.4245304333314106,-1.5701605215066003,5.204036764339012,2.2342788163223846,0,1.3574310718881391
0,0,1.4218556477233433,7.1670463455574378,2.2382305126035651,1.5149123344968016,14.122857796568114,1.6208981207543207,3.8789000193880252,2.3955762811513228,0,8.4740526171614583
0,0,-0.013305028675304698,9.0436498371814089,1.8074148999590318,-0.56942571819227517,-3.1181650976816462,-1.3118552054216486,4.1363823558889745,1.6186321461924333,0,0.012117833744742037
0,0,-3.0931321285549807,3.5920179537327703,2.5747673216320108,-0.43760610361216767,-4.5846421947727611,1.4670112894031169,6.0858230460654177,1.7714963246742608,0,0.12863283876688184
0,0,-3.087578472296872,8.7380608176757626,1.935500318190158,11.670913640358417,4.1738362760676884,-2.332585440801124,10.865223699359753,2.4003315730412593,0,2.7313024990074024
0,0,0.17652904100301292,5.2635652099038275,2.5784997800847069,8.6313305059462753,-8.7836708427862238,0.26958527797385701,4.0139583751213834,1.7302713283631554,0,8.5003899104258309
0,0,2.3181480183961005,11.955665636138962,2.2638396185150294,-5.5281712290665608,0.87304077160702731,2.3860041000508438,9.1021950088019565,2.5267020943975655,0,0.7605157717345985
0,0,-1.3749231123814891,7.4614657280433629,2.0612356542617523,-2.2645036658672577,-5.5110434538663453,-1.7537454363477456,10.842118648474219,2.487390796554183,1,0
0,0,-0.032224535180813252,4.0700450053725108,1.6091533482053499,0.66301827366123101,5.3741806107634149,0.53502714823062636,5.9378830755722998,2.3693459995260286,0,1.9937846621056095
0,0,0.20748649754415727,7.4076733896810349,2.3654881183848131,5.0455183242657302,-0.86466916480694722,-1.1043346716331346,10.544702940091941,2.2879419328183528,1,0
0,0,0.52877301812049415,10.788707576141778,1.703680950898558,-8.5733397715965882,-0.78357520068627962,2.5996648445273181,9.9786152555797969,1.8276364801452312,1,0
0,0,-2.748580127759968,11.477337974803218,2.0531160410427551,3.3040794302964027,8.4131237201430498,-0.73516336420934714,3.574406488410367,2.1094026884859733,0,3.4307464122680318
0,0,2.8504431188465746,9.8436990674716007,2.2935970973283961,-13.400953751117683,2.759306922837248,-0.32988598333171693,7.6845710759590995,2.1570172789203559,0,4.8260173436323788
0,0,-2.3501082185438431,4.6113525436334299,2.3351846194008745,-3.1642508201989936,-0.97700599395041721,-1.288978135929495,6.5906826926480981,1.7730477879468802,1,0
0,0,1.5647033276198314,8.660038143272331,2.0576473602195682,-0.39465702829823929,-0.10997196084629238,1.4073724293168874,9.195079730482588,1.8013210841029343,1,0
0,0,-2.9771400531561945,8.3155098027275294,1.7807872985963782,3.6574960382218649,-3.5902171419655691,1.1363200976785341,3.9043178121791464,2.2178538242427877,0,1.0126293828044954
0,0,2.1487634738865768,9.9802366851527395,2.1957083016570613,8.4038793609920344,0.75012588598450525,3.0394141587949344,10.217497613613569,1.6001619431362823,0,1.8757037112571184
0,0,0.11857453053773659,10.247521555402839,1.8548503747715388,2.3679703927051068,10.341688752509999,1.0139679742807903,11.786885443817734,1.7234575771359717,0,3.9231929757572144
0,0,-0.53977889806491142,11.293368089667695,1.6852353578143342,-2.0225373824675961,4.9283682961617385,-1.3430934826286911,10.161256309456153,2.4821672427700405,1,0
0,0,-0.19716007223935605,5.6713110439936738,2.4200071764001372,9.3614659684872397,9.8458350133105466,2.6467665828381444,9.0104511845842126,1.7596786215467506,0,10.242100119031104
0,0,2.3820070759141565,7.648420873007991,2.308679776393328,7.9035784524293557,2.5225551710111538,1.4529075820080664,6.1315982857981535,2.2939071851791315,0,3.1669476583103493
0,0,-0.73144643275078147,7.1991356245493687,2.0003387740117144,-2.1042148931534808,-10.919296205948022,1.0147725771119518,8.0614783701170225,2.1693734765155073,0,4.7412804329579386
0,0,-0.33736157088133112,4.3009637329360224,1.9837761685782098,-3.8927859794505952,-1.7488094208688496,-1.8044842118016655,9.5584352803658845,1.7236713586776355,0,0.27859062328751188
0,0,0.69170610001052646,3.8462930841739089,1.6701065250633205,1.3630231326678171,13.133004139680073,-1.1262862579008055,6.2723260760656308,1.727764966686486,0,8.1200636061968989
0,0,-0.36108957262244612,8.6363459335610386,1.797489264073338,1.1008806501583133,0.67695028468291685,2.1041582055703714,4.0070265275794457,1.8713544731489351,1,0
0,0,0.30943912779431226,8.9019577767878104,2.0040634569754392,-5.0288146528446909,12.022049640270939,2.2438262154058366,6.6408800409539888,1.9793792853245535,0,8.5250869540321439
0,0,2.8442496931621539,4.1467099890212706,2.1688704755603139,-0.68751578686398229,2.8259418185121277,-3.1213548995337024,7.2417401397036212,2.3069667960133007,0,0.0081411083947728127
0,0,-0.13791024833101195,4.6706742048998287,2.1453280002777877,0.22414275010375717,1.2791058491036715,-0.016615645517010336,11.965211445664394,2.220416706443209,1,0
0,0,0.54242036695943163,6.4648499076091621,2.1753694086447251,8.209200799373404,-4.114329472961737,-1.3542370487834927,5.9468100231386458,2.2594543246096519,0,3.8259484999022924
0,0,1.7100075604614711,3.8911526618132646,1.7668670617873565,-1.0453263581402601,1.7971568048096591,-1.1644847663127824,3.8883719697707186,1.7179325757466908,1,0
0,0,-0.021473666295872551,7.3254335392858696,2.1259232990057204,-2.2532196808082312,-4.2709816542659276,-2.2972702812596171,6.0818524882779705,2.3083888148557783,0,0.19145523477493176
0,0,-1.511258750688363,4.3971920033230072,1.6101745010728481,-0.048309713086520094,2.0362678009920128,3.0683233218509827,3.6967988389231952,1.8139268172215404,1,0
0,0,-2.6335977210894872,9.9986285070551979,2.5600777863194994,9.6133231419823968,7.235037542944073,3.053013240994372,9.2605909077184343,2.1551876385653861,0,3.2363084451056894
0,0,-1.3520368443278525,9.417434519000814,2.236442364084394,-0.31302478288014168,-12.132236342836535,-2.7686320285520076,10.380411309829004,2.1839974812510778,0,5.2675257868892125
0,0,-1.4519988434636195,7.4356075030141522,2.2972267399866597,-0.40804098364561681,6.226230297566099,-0.59489679706004717,8.1016166483528647,2.4913827049151012,0,0.11984983871144714
0,0,0.87023808738975728,8.1605849022628725,2.4401618558673732,-2.9672103005720936,0.057844228454324124,-2.830851184524128,8.3998571377263573,2.4523409919169499,1,0
0,0,-3.0938003109037848,10.771003917931877,1.845542381845052,-0.56157741733276156,6.0439441890673082,-1.473223813587045,8.0838772873847979,2.2490476212400266,0,1.0482132318135338
0,0,-0.91419123177433681,11.346448341253147,2.0418512953895185,-4.8166131139444648,-1.0625624897372006,-2.7627558623911801,8.2578691662294759,2.0781252389081208,1,0
0,0,-1.264757422521146,10.354961548963971,2.2937446809528672,2.071663740774941,2.2984684703451999,2.733502635171507,10.978078283136082,2.5174294737346496,1,0
0,0,-0.39654229886345815,7.8139125785446053,2.5503869037577527,-5.7193870400992468,-3.3206722312470829,2.2268212042424658,9.4516721427476007,2.4423908456620875,0,2.2934561737439929
0,0,-0.051567396699022883,7.8476522061111469,1.729535183496052,-1.3173464054090493,6.9523612593128128,-0.91910002700313687,10.178415708414345,2.3289274955451171,0,1.3756590184218962
0,0,-1.7403674579409611,7.409146417609664,2.5482791409784431,3.0344072750070605,-0.27585285676569232,-1.1474843659422851,5.9438455210141496,2.3250463382283177,1,0
0,0,-0.21981518034047376,10.64848517269783,2.3448471583614627,3.4748783804909085,1.297833170343464,-0.19836144863662053,4.2206003405815062,2.4018315857488708,1,0
0,0,-2.9786638539825754,4.6197725916311265,1.6898933395109401,10.452429622111248,5.0511587440031747,-0.077811029479448734,6.2605789789537436,2.3812585775591826,0,5.8636088776399502
0,0,-0.2085387266065184,8.0362586424209486,2.420099458858493,-5.556552187137326,-8.8167746253373505,2.6548823759993221,3.7443837971607463,2.3450533602204926,0,7.0068537022103845
0,0,0.51871887011507534,4.9192427444794795,2.2696321949282572,0.99513855245114591,-0.23617532010534961,-1.2406321567521792,9.9808624392459109,2.4735379942873363,1,0
0,0,1.437783477947022,10.830569346014963,1.9053693919696615,-2.1668839312810801,-5.066869968268473,1.5691396198226348,9.3804709312916348,1.9724524712916642,1,0
0,0,-1.3900051118921559,9.5343035194871266,2.1681553381781451,-0.40636126888757101,8.3299215211199744,1.5288968472439581,11.548306905173437,2.434692010836645,1,0
0,0,1.0956880556692852,6.479153054550487,2.0644628635362432,-5.7542611501716339,-13.436872845596291,-2.3191158992927012,5.7176419082563275,2.1480825394679472,0,8.2986814740628159
0,0,-0.40529111861256384,8.7572867773533858,1.9528131683098613,6.2694842615999402,-14.650969854619158,0.85684123758795261,11.68768060403818,2.1495361358529519,0,8.9201734468136209
0,0,3.0426474175542166,8.4750102993683747,1.7387111848210721,6.9314582314314013,-1.4202222912556652,-2.8255401492058887,5.1257189379400527,2.2080076246775255,0,0.0099079629347859615
0,0,0.71762630637869407,7.3738461325549762,1.6010010803170422,-0.285963057766706,-5.1486626951521899,-0.26101983951074059,10.920767268123637,2.2276154346049957,0,0.42825998225906842
0,0,-0.77580964226175197,5.645237922621746,1.6690240661448161,0.62683640242827776,1.712875753121792,2.618227389614618,10.590186245420686,1.8410772913174276,1,0
0,0,-2.0708051397416769,7.7512711028566939,2.3695744542343062,-4.4851086565226721,-13.668631594603387,-2.9209998479832153,11.190712491149352,1.8195012869994986,0,7.753039022127644
0,0,-1.8033327204023395,5.6890406562286575,2.56381651517672,2.9800455464092375,-0.82828706368237714,-2.1539093259746016,5.3487919632578969,1.8895364262140997,0,0.0030097128964569615
0,0,-1.5415803280969731,7.7448193360011484,1.8391811242799441,-4.6877111405213405,-2.0291688980848344,-0.033244788084968668,8.6983459495932891,2.4526743470537848,1,0
0,0,0.43283707177742725,11.234283317204481,1.6776712875705486,-6.0214240813422331,-1.4767077898673104,0.91049023743325019,7.3851138356798334,2.0689656164681325,1,0
0,0,-1.3466732909404469,7.3919437685699778,1.8775660855731471,2.6940996869735128,-8.5494304630369324,2.3698485340667554,10.109631273126004,2.5093937391376282,0,0.3154303769121668
0,0,0.723432386345634,4.2310241421790273,1.7516161388185862,0.58193613323254656,-0.31088082069394452,-0.40844906766020594,7.7464411096992745,1.6991800748892085,1,0
0,0,-2.3212013934739528,9.7761791613540119,2.2720518671043757,1.5338322517984864,0.94313178432165556,2.2457135291647008,9.934810104032108,2.3278472770400089,1,0
0,0,1.3317137888777149,4.7506549068845478,2.2962428308039744,4.4762612509284034,-7.2057755997853414,2.9696079966901774,10.761489497200536,2.5127411191040103,0,2.6300787980445541
0,0,0.072606686691774946,8.8211791462217253,2.5925801429727517,3.1225047068683138,1.6059289161170411,-2.5847174881932906,6.7728796791148733,2.0962360926259285,1,0
0,0,0.032537044309278063,11.338557817334522,1.8497784609241155,-7.3828441895928139,2.5956227486414067,-2.6508667533495762,7.8310528898124705,2.2081436382469413,0,1.3273768128036458
0,0,1.4858831352209991,5.515897411147896,2.5243742659260571,-0.51173062490618093,-1.6102997377747934,3.0847127835027033,6.2058959422289792,2.4196236582450399,1,0
0,0,0.99356774249400104,11.9877889175142,2.1744104397200967,-3.0192984268985033,-2.5393539742133449,1.3892338201028087,6.1735131995905004,2.5402775473837593,1,0
0,0,1.8016461612039469,11.426247138802847,2.4722812712999804,8.9021852798171253,4.3174570167486346,1.49871305800903,5.3470457537466558,1.9470181671693356,0,6.6909964262008463
0,0,0.22361655516900125,9.8002808208038186,1.8288957235251841,0.65409242551218938,3.4418680342689894,-1.1670177438288445,3.6866624438402753,1.6283476437342155,0,0.33728672577774516
0,0,-1.9635505732672118,4.1659206043929418,2.1298321829695457,-1.9807074282495591,4.7851425922005477,3.0466685637016129,11.183927203855104,2.3401542762917682,0,1.1020336092380254
0,0,-2.4751820351275988,7.0531740532154581,2.587827965729725,-1.17720074378064,4.1069611631929659,-0.90707601947692185,11.349930816444765,2.2654339069875284,1,0
0,0,-0.91101637180567741,5.0027491716120549,2.0915723590045801,0.03748214941251473,-0.76960718210443768,-2.4375049519313761,11.107754417121917,1.8599376180611353,1,0
0,0,2.2024055836187202,5.3686602629564559,1.8326352824154113,-0.19117309627100923,0.28393792634490489,1.6304165006732783,7.7059492700382641,1.8792079847656518,1,0
0,0,2.1116254755463526,9.5387135146664424,2.3318569711056512,-13.585793523308606,-6.4339954365834684,-1.7016108351070944,7.7628787551013358,2.2074069089563411,0,10.514156366999948
0,0,0.61107918055729282,4.3803567577425966,2.1018099022159551,-1.9194041583193098,-9.9910803762146756,2.8083975560612346,11.353423046400319,2.1957583700376024,0,6.5811021091429973
0,0,-0.63404993453472036,8.1150470217162525,2.4053724947673985,-0.33277579132725532,4.3890997667530636,1.451463630223115,7.5015393125369334,2.5457533101309227,1,0
0,0,2.5194277657818889,3.930328229544104,1.6714481853020975,-0.79999891417794766,-0.20123444204763061,1.4048603086017568,7.3264840089737095,2.3146630192400743,1,0
0,0,-0.021239000766307914,5.6339154662328568,2.1552387139883482,-6.7258516869988778,-9.39510814182559,-0.094381906357684286,7.6904268968706848,2.5334808622345379,0,7.4398150006088111
0,0,0.83392233232781221,8.8577218508719895,1.8408749463267451,12.550800365222061,8.7814413148358739,1.9311773226290319,11.338858565225479,2.4516929090782154,0,9.2540677619518963
0,0,2.2404223641998078,7.5096181891175231,2.2250584159279767,7.0796498992203789,-9.5951878052141684,3.1240368142999699,3.8237156821832126,2.5041923807646649,0,5.9818977658106229
0,0,0.071477536592843283,4.7244757222775409,1.6973122083782963,1.7040438409871255,4.1562727339640597,1.9358288462646014,11.742265537182544,2.4656834132752561,1,0
0,0,1.7267608760041728,11.987602247972227,2.3969107257901028,-4.5330766592383185,13.383000781366503,2.0138367602389078,4.9644626186948191,2.2698578262846949,0,5.4640986540431049
0,0,2.2298868656052244,7.8989269694576549,1.7193536589014187,-6.2667618383193853,-7.2513913329833981,-2.1054053439716682,11.875091245700769,1.9584308580008682,0,2.6543184026660218
0,0,2.5902506078582057,3.9212836519818417,1.6275053487288607,-6.6640926124241489,-3.0585689345141849,-1.9948344498757555,8.224474234779704,1.9935585902073454,0,1.9680049587678983
0,0,1.4504752670172678,4.9780253119106055,2.0669402648965756,6.5251093423998592,4.2157380826804838,-2.7262691594544441,10.960557490911498,2.1149815923463895,0,0.031992189283957133
0,0,-1.9506911520391665,9.8247154956736757,2.131513883919645,1.7242045241440591,-9.0590827579400806,-1.1609036799267169,8.8965822681966689,1.9389351658758649,0,0.33229813095532446
0,0,-1.398428281648906,11.896372547715798,2.1605195119368306,7.30786699899362,-10.508411499749741,-0.47158389469026973,6.5021429473670631,1.6409182273575773,0,3.7662131435507376
0,0,-1.8583370970285837,7.2319678121461894,2.221710359959352,6.3921813404458119,7.4179478853090535,-0.32745040206246134,7.6401425897628155,2.0088470875948961,0,4.4178653538330659
0,0,-0.075960427730551672,10.779788470577678,1.9678099003094525,2.0860643464662862,-0.53965429414957067,1.5789601041370025,6.3480266500695848,1.7133109680345022,1,0
0,0,2.7314131464535611,11.386427550208561,1.7317598606558813,0.069977519280584294,-1.353264904378974,2.0181435186822636,4.2037454625281248,1.9904110427337227,1,0
0,0,-2.4329074309631458,11.653372798773816,1.6952043340797429,-11.937391182610787,-3.1677409769928251,2.8949622602803613,5.5025832104656169,2.2198815498552658,0,4.0414365832586014
0,0,-2.982288303276146,9.8103862601021774,1.7039105920955486,-1.7825500630876048,-2.1494202619959899,0.8760605293422925,6.9542272190676133,2.5845940446593785,1,0
0,0,1.7787257642084677,11.141223655035727,1.6199882654427367,-3.2441082704488808,-3.0180459922108254,-0.73215226312370074,3.9723588431044408,1.9885599774944533,0,1.0129853929398982
0,0,1.6354676596080537,11.294023911216856,2.2360931381717037,-0.72419323805866143,-0.037453284685695309,-2.511201503853917,4.2057052113785174,1.9957723938579635,1,0
0,0,0.53153864355720204,9.2369921895318701,2.1527596803916191,6.9257712082852816,6.4663415040577261,0.52613024568117428,6.5372822532120054,1.9790311346481713,0,1.3553902652628493
0,0,-1.1446154267089683,9.4307031444973077,1.7532149715468126,5.7869721535440366,-0.81741267821885921,1.7046317219626035,4.9867882961469023,2.5144280862713542,0,2.1785985738372529
0,0,0.25422579440792914,11.497842928941873,2.5974848667047845,1.06310896872099,1.318824596561232,-2.7530486764986715,10.406147990764818,2.3075136674770205,1,0
0,0,-0.93927936246696486,5.1154577812997477,2.220319111980098,0.14178441333172312,-0.40439959411887744,-2.2242799451254589,5.4812522076003365,2.5204818652314116,1,0
0,0,2.3773316146369528,8.274326879961345,1.7262113080344559,1.9505194826605523,3.6724716523177383,1.0628750445470034,10.69739794027288,1.6181366584396679,1,0
0,0,-1.9172174347604121,4.0765334811323166,2.3741065971353041,9.2543469360639534,11.534197499468091,-1.1398455823754792,7.7731862366851523,1.7133504752162447,0,10.31158680689601
0,0,0.77515939583381055,6.1763693316406121,2.3864807569284667,1.1382942795312061,-1.4461191729849276,0.71323943082965302,8.3262857520080402,1.8182752869822894,1,0
0,0,1.5917108779431688,7.8366710790477967,2.396494983953608,-1.2265438967554931,-15.239064780626899,0.72619808044265755,4.447727988302117,1.7658034445704298,0,9.1778605292513156
0,0,-2.3958679218869294,6.1697388163761921,2.0187878090912719,-4.2464878309336056,-15.223148314257509,0.46255463887841275,3.9209025825629973,2.0833574069369063,0,10.670559249231907
0,0,-0.97995906801965793,4.9254620412748089,2.0523119627058155,9.411171600902092,6.0369813445695035,-1.2101751971363139,9.7751265624315842,2.243018090528099,0,8.2534489983449859
0,0,1.1053602661000728,8.3217789218618901,1.6882431388813064,-5.488501984100445,1.4218265206583531,-2.8512761518801368,11.209223613064879,1.8525345438235945,1,0
0,0,-2.6479644295585762,8.3185824820749161,1.9226400804992072,-13.119623307061641,-9.1576262210692079,-1.0550983038061843,9.4488460493258692,2.3895598701895935,0,10.555138741171415
0,0,2.8705633457759809,4.4707892665774134,1.9574913240435765,3.8849470069394885,-4.2274976636623354,0.50244129847763297,5.4451337904091091,2.4396487060962029,0,2.0940750615330308
0,0,-1.0877649960929978,6.2724857444998019,1.8584144104236153,-0.61952176111627488,-6.2241865562046232,-1.8715431314538362,11.974592463969145,1.68315490584964,1,0
0,0,-0.32704740077745287,8.9814842934199763,1.7081514446922776,-1.23137487230109,-2.5334467573235901,1.4855403572242469,8.5033352828979325,2.261033735763518,1,0
0,0,2.0353583210691699,6.5904540153616793,2.2894309680753584,-0.8120810051166697,0.95841326021361506,2.518702764922395,8.5613203950383632,1.8620485315564816,1,0
0,0,-1.3257514370528758,10.794510390852929,2.5103953180350023,1.653710626306671,2.9684431328444196,-2.3307419106404481,4.3673935115932601,1.6854928307484118,1,0
0,0,-0.15539659605875311,9.006211038734568,2.4801137706786593,-4.5361860953617796,3.0182243666828508,0.36778977937686941,4.7353430107818895,2.5486057195991383,1,0
0,0,-2.0109114342675483,7.3590054146009525,2.0689098584462764,-4.1657473470999786,0.96884623219849564,-1.1117180642015088,6.0063555613509116,2.1548557739057435,0,0.12569452870130848
0,0,2.6685264898980492,11.146080766645635,2.1144827049130472,-3.6281128811712633,7.9755658880506299,1.9558513539021307,5.9141520873641431,2.4109890931144493,0,1.5437688590943746
0,0,0.31495212005643713,8.5128487238757984,2.5885133018968078,-4.7800760795109758,4.0502243693843836,1.8255468207648979,5.903425736777268,2.3312104221714502,0,1.0209762002772003
0,0,2.9466712773119097,7.3495891435002756,2.1180946217478924,12.460000872685409,-9.184873767217649,0.94804380506819541,4.5481871758297867,2.1172245758857668,0,10.636664567936476
0,0,-0.55399114822762252,8.1849737745207332,2.1093149631801058,-3.009494222467274,-2.603114259629415,-3.0396927179606141,5.2646036390791187,2.5444182720512596,0,0.12878241195646384
0,0,0.26407541977476079,3.9550315812348336,2.5763305917034951,-4.7505436589359276,0.68614841474085464,1.3532523677559478,11.024191814235955,2.0935157215672424,0,1.3906478506384548
0,0,-0.87849069585497208,5.7501778735162645,2.2456179629565103,-6.821571112757522,1.7160469858524985,1.468973385708475,10.849934417350308,1.8537512944083763,0,3.196144196171145
0,0,-2.1292536248660645,7.6321411172153262,1.6982076401141089,-0.2361662473027073,0.2693430723382062,0.16000872131677379,3.6160332507314124,2.4057010315012799,1,0
0,0,1.8863549993759916,10.526416450584094,2.4201990839107967,-3.9307332327597639,0.3000382205967615,0.1054085156876452,10.534869375828723,2.5952329862387873,1,0
0,0,-2.5433800530550634,10.355223104458055,1.8383775426190367,-1.2479357248101339,1.3064124425373611,0.62121696168053253,7.1764946113822905,2.0994740667481389,1,0
0,0,1.2887229032206067,10.706616194514769,2.1269183999093317,-0.76903525599256262,-0.27376102194694446,2.1887091359148458,7.5137292194958007,1.6347731662196274,1,0
0,0,-2.8132319259172984,9.6315055224228487,1.6501564335251919,6.1603272322093856,-4.0276474266513071,2.9859379197288547,4.8082853217069879,2.1628263917026223,0,2.8981040556890951
0,0,-3.0680643891254533,7.8743776070814606,2.3187631032889646,-0.97218008220069407,-1.0393205976191928,-0.45444294915853378,6.914027574651997,2.0874842920116512,1,0
0,0,2.1028425998028615,6.9499012356198673,2.5303284435990441,-1.759859661099044,7.1620697244565985,2.6325702063753127,5.5059480356655186,1.700218236397772,0,1.6986877315040088
0,0,-2.8807656285067953,9.0953609004155531,1.7943295504419186,-0.11180192112263383,0.12783668604297133,0.93407843757463471,11.219622607782529,2.3983169569276797,1,0
0,0,1.6883917424135575,7.8481731906688825,2.3202571839173043,4.7391161769804713,13.212918359108476,0.65062598772558689,11.579957477050858,1.6157515817473165,0,5.0305823278958259
0,0,-0.17368405455601632,10.799639396459678,2.5977247369619914,-1.2932942262642988,-3.1969021905090274,3.0998378609133228,10.427103177737596,2.5754411318492014,0,0.11108207298601197
0,0,-0.7006156686896241,8.1134074962045268,1.786982953245754,4.0632943227050147,11.215415018288175,-1.9580388742337631,11.644333062676139,1.6568284176943662,0,4.5056433699244733
0,0,1.2575396474588452,10.49676167128279,1.8866812202151801,-9.0318173048476567,9.84820444269943,3.0033303432470371,9.2514903398621158,2.5109594482191935,0,5.9791683858071103
0,0,-0.88390370766987925,7.0245731398728424,2.0627768847875974,0.92493870966523384,-2.0248546865908774,0.43956659922202368,7.6745852382313595,1.7646883555211355,1,0
0,0,2.7144467105799475,3.7670223016634656,1.7973005661965384,5.9799160173614716,3.5604067187072426,1.0814420701698415,11.59668066821132,1.6327847107587297,0,0.9088476977511627
0,0,-1.1113971706236874,7.3451095744245434,1.7583585051405759,3.9981464958837893,-4.7255618255526146,2.9098546421562226,7.6884688815434936,2.4712533670252483,1,0
0,0,0.47373443425886874,8.5794522705186651,1.8509070585186795,0.055072913851739728,0.82205784589173314,-0.84257421929906196,4.7528923896536561,2.5939808578561152,1,0
0,0,2.0168073523246228,10.065186515353862,1.9542136918717983,-4.4296850964294796,12.344527967438157,1.1219894103510093,9.1836801652432278,2.3948890352973007,0,4.2409886572153273
0,0,-0.32712146311132617,4.9041748970673256,2.1653483739892718,-0.80791145272520293,-2.833603423216664,-0.95792376643074828,3.8313754940133009,1.7870113436102775,0,0.0088499672424788844
0,0,1.1502672125359288,10.404344681278509,1.6871080240918408,5.1223363802693695,3.1003024810693178,2.1090717451665926,3.6991060489767356,1.8588110841645211,0,0.51942418488555764
0,0,-1.646037031236175,10.406786466838563,1.6666731209682135,-6.0098573593822104,-10.346026010787353,-2.3403348367039407,4.0990428331195146,1.6861325087296128,0,5.0309746203181707
0,0,1.3958013311687569,9.402501131942671,2.1196828927003084,-14.857072182374235,2.4373481289773884,-2.0286880989266449,4.2072371712006946,2.3815842550409232,0,12.264014899597353
0,0,0.098903996023508078,10.145892286609204,2.0242620835824914,-3.4867234261780924,3.2957673734993795,-2.8581831503664969,3.8999249080814051,1.7129776450183061,0,1.4121260848311323
0,0,2.3002427046862373,8.713771231177164,2.1846643178112992,-14.807687817082961,-4.5893880852076476,1.6740724991932465,6.4355072212066595,2.5709816165797115,0,10.822970999946216
0,0,1.6682809076307583,9.748929545795205,2.2446957208828353,7.8844793036364393,-3.1685833188876491,1.69145484088006,7.0209802260760164,1.9283712310726664,0,5.3710267196121801
0,0,1.6441366465932434,5.7972246569295329,1.9241375056039578,-2.4351105943855602,14.879482359934842,-1.8492092559121669,11.965779808427444,2.390550424622782,0,6.2313572724562016
0,0,0.14748012037825253,7.7677763311361812,2.0018600275164049,5.4975840135733414,2.5486183149549224,-0.5378524009357295,5.3933846144279345,1.7473004362396547,0,0.89834365830881346
0,0,0.73620401028688187,9.8412750780453404,1.7077543883719943,1.4841686642497229,-2.4081568617643252,-2.8609164717876157,8.6412344372472454,2.5102329988791046,1,0
0,0,0.67329320598293707,4.6018283734168293,1.9477596383549973,-6.1321093285811603,-2.9637450132680891,-2.6703211306641723,4.084996577453321,2.2471310468371088,0,2.3172289178710277
0,0,-1.1511746169415713,7.4007711452865408,2.0425499892828993,-11.531517402247381,3.4325497752738063,3.0487966505384412,7.8950635245805625,2.2530484926944911,0,5.1480908029890058
0,0,0.2339751239326251,5.9815232198357569,2.3717536362164204,-4.0600500941637376,-1.8260293490813428,2.0912538686801323,8.0339909040356616,2.4125242731068735,0,0.02027214398678729
0,0,1.9753245305007505,3.582950705299758,2.1340249128124715,-1.2309522604334544,-3.201645597878934,-2.457987902811372,9.095211114897765,2.1111599482761552,1,0
0,0,0.65356049902193769,7.9978702579888594,1.936477888700997,5.3735341644223622,9.6318721183184,-0.17593587358568286,6.5958268756103546,1.7679736334683589,0,5.9363465543042642
0,0,1.8017857970806181,11.373173687221191,2.5128692712916658,-12.753486018853232,0.99588899292142863,0.4225383182075908,10.712383269729081,1.9238613078070601,0,5.488961684199988
0,0,0.87142416791381905,5.603726227770764,2.5735620313862162,0.58440027719243992,-0.91697283147044006,-2.5994370877722091,9.0135422416031439,1.9449834305622551,1,0
0,0,2.756721787151271,6.6093375006818471,1.6812954830075539,-0.15794734108049321,2.1875751717637741,-0.060793790938824088,7.8081404180748724,1.9172674906455858,1,0
0,0,-1.535351294891389,6.091885262838896,2.4719954694609925,0.24096613122722121,-6.5699030477187801,-0.13079490314297226,7.8676073816964225,2.447674910428713,0,2.0500434688926825
0,0,-1.2397818716665081,9.6653326082557971,2.1325387547027623,-12.611954561807936,-5.7414742714642601,3.0277839060992289,8.2965669618403552,2.4146674856158343,0,8.4629013831666349
0,0,2.8217431259215244,10.649440559281679,1.6199429935535392,-0.077067500134643599,-3.453456830398832,-2.1214871929426353,3.8660939922011917,1.856468012524485,0,0.39841904710892018
0,0,-1.7356669498332795,6.1752961968080831,1.8003050907420726,4.5222641983177878,0.59013325277152828,2.8112565150515882,9.1569213998506847,1.6784989804020312,1,0
0,0,-0.12024062175150085,8.4766044920606376,1.7239038872967305,5.2527486941798331,12.313779790713532,1.2815648373387996,5.4616010504713,2.1285041022018305,0,9.1225353743836095
0,0,-1.2856372253829997,7.8249716998051477,1.6655447153811891,0.11756778534110709,-0.35177858094961001,-2.2369698088751933,6.302498502176002,1.9631278223408652,1,0
0,0,0.26218620207415189,8.1987081253067018,1.9212588923661518,3.7660796182846199,5.9587730221071444,1.8207655850375719,10.851086935664263,2.5892455129634122,1,0
0,0,-2.2294680870967678,8.9464665758455304,2.0612846680724655,7.0401460166525327,10.129532265194261,-2.3163108785146158,11.767747622102263,1.8749990004127604,0,1.9032883255355932
0,0,0.081563476171253146,9.4314072141629826,2.5737422461255153,-3.1372311897054606,1.0055984212561417,1.634248964740399,3.5708820762311779,1.6723204742170465,1,0
0,0,-2.0230972977549539,6.4527182305612421,2.381930124421463,-2.4781435905759093,-8.1703542350513203,0.12449502440853744,6.0119325739791147,1.8409048530500693,0,3.5250848255248806
0,0,-1.618692090807049,7.7788341083114814,1.8153185458098233,2.5162470523857134,-2.3269856451194659,2.5887659097496112,5.5579308541954013,2.2040257253339357,1,0
0,0,0.57433683244609979,6.2564646507648574,2.5616990699834319,-8.2690783791120968,4.5510741959370256,2.7251688020322149,11.373555607228045,2.3228039726100445,0,1.6392501285978969
0,0,-1.9873351655954274,5.2300533776883658,1.8086960684468862,1.6382701241925623,-0.70317706890263298,-2.809174788861208,6.5928237339024198,2.1312252797932083,1,0
0,0,2.0200470018978773,11.783297706801456,2.3051366163994005,-7.4789435070902037,-9.8322147162854598,-3.0040286705667074,7.2990362916845379,2.2373309486116084,0,6.0375688257014248
0,0,-0.72409521361932017,7.5787469921802382,1.765878852929716,6.0326123407552652,-2.1302249568942422,-0.21705988499720563,5.1051490655305809,2.2950469760497385,0,0.055876500151151871
0,0,-2.2181302056141101,9.4110230265325079,1.6210082779072899,0.45603058827979237,2.2637281393414241,-1.7308699148778655,4.6882053496428711,1.7521150823785754,1,0
0,0,-2.8393513342340881,8.818551087961719,1.8777687304847532,1.2696636131333863,-0.56342181392737711,-2.6100091792959428,8.5752760418560054,2.2207175681601381,1,0
0,0,0.094139546762318282,3.8149552207858646,2.0096519423025958,1.5711552940310809,-0.59838657736730871,-1.4179883077877196,3.8118461623571962,1.9910769809010893,1,0
0,0,-2.8959468678331795,11.286827722927235,1.9007230437015377,5.0304130678166423,-3.8058665393177034,-1.9900711951784376,8.0326585046251893,2.3108625217321017,0,0.090953749458658015
0,0,-2.2227269648129018,10.28869983457435,2.4312647418932167,8.6690248127161915,1.8746971825482561,-0.90117303220227774,11.980222117450293,2.0627902249245285,0,1.6439616947153202
0,0,-2.6452277459767433,4.0147319492899038,2.4688792409506313,0.13328842730436155,-1.7700242837155247,1.7899365084794931,4.4363988507732541,2.2953724658701673,1,0
0,0,2.7795362766471055,6.3999312285937986,1.7369591703641878,8.1878166448568646,-1.8819949314075626,2.2566993981536312,3.5169045575848514,1.6040430969906629,0,3.2317880763276166
0,0,-0.11062009121510474,6.9006843974009522,2.0035638520820918,-0.69694837134463794,-0.13279489518465457,1.1708765578426918,4.5406193245721429,2.4122744923572155,1,0
0,0,-2.9693456806666862,8.6351609315981968,2.1684691319287608,-8.139869081583873,-0.079324194537732595,1.1201744265337705,6.5772511080933445,1.8564086525775263,0,2.2252845691923588
0,0,-1.5489157560092404,6.7605358059473613,2.439244766331865,4.043208993046,-12.815641575161884,-3.1206834725308399,9.5432505135693937,1.6602678797885377,0,8.6859979966415324
0,0,1.7434714626967658,4.3571136312406704,2.323686282456372,1.4175566947782356,-1.6946749931860365,-3.0201362701117498,7.7975480570967575,1.8017238079422517,1,0
0,0,-1.7862186477027935,9.0667504857048886,2.1570568764475118,3.8416552029101538,6.9101797681265866,-2.5888066450520171,6.2840279150462521,2.1347588220657636,0,0.087441492718593028
0,0,-2.5291895811727914,4.0434819314944859,1.7016057211187667,4.204411349019324,10.161620964773675,-1.0853889476538563,10.113427378810371,2.1850007216611687,0,5.5383000025950953
0,0,-0.17529204250902408,5.2279733187437998,1.7649313567948859,-1.0424717921269315,5.341618745001302,0.20592570149752953,10.888869747820554,2.4274070054525492,0,2.43656392270162
0,0,0.38200673352083037,11.239278215653634,2.1437273706780298,0.368399982627235,1.7192315030068452,-2.8107703352934164,11.679604116172909,2.0519165047036387,1,0
0,0,-0.046824700181770318,10.799843336976899,1.9278601034928569,-7.3470642870465745,2.5494321980985952,3.0116038302664228,4.3647403807002672,1.9237497903246403,0,0.09897311165425797
0,0,1.6891467522574422,10.63665323031325,2.12595676579121,2.5152861997165989,-6.1034290879781343,0.21302869023292059,7.1270057117951087,1.9418735700534837,0,0.13131086291938934
0,0,-1.9052285542077878,4.2209613732149052,2.3201404880312801,-0.49807503044593121,1.2499685092210795,-2.5541995641173125,11.603617306396329,2.1630145490866921,1,0
0,0,-0.87067140451940217,9.4162789094077084,1.869363104162761,6.8139758642269168,2.6140441179132079,0.39781892253756812,10.69742008251562,2.3894865491588648,0,0.49878827487825061
0,0,-1.5451524695530769,10.921872850820119,1.9648165343537729,4.0646613557881679,-2.8873642701384505,1.6808425726024243,10.845166069106199,1.9160949852297091,0,1.5951088233322803
0,0,-1.6483547736104169,9.840958164404201,2.3504932067197535,0.35608859901786344,3.5248938690353944,-2.6331292276417115,8.1573211052613104,1.6676854279290456,1,0
0,0,2.7005273321003145,6.379827547278337,1.6866476156484718,1.9759307607858985,13.949436656329269,-2.2425560616924587,7.445508870920202,1.9659841260211237,0,8.8090745212652202
0,0,-0.79430551763237078,10.869440478771978,2.3132178288113474,-6.1083005647242183,5.610217418738217,1.6577025024966199,4.4375997181729874,2.1113115842976389,0,0.46460449411858029
0,0,1.2414332319498396,8.2756725938343205,2.2691552336756269,-2.6539390479436125,6.6208323580168438,-1.3497866968128232,6.3709266574192744,2.4432905982556625,0,0.81089555308454553
0,0,0.46415197782308493,4.3070567694010737,2.1742382855468532,0.66019815949253147,-1.5270802592085684,-0.83668101679043749,10.092211055384896,1.929254159234522,1,0
0,0,-1.891224400228497,6.0389196879618652,1.633189126220786,-1.3403642078813425,-1.4504389330879148,0.35883848607492341,10.526561045293214,2.5047860193011928,1,0
0,0,-1.4972558568058125,3.9260229346404913,2.4432868752677148,-0.95455704366772187,-1.0279368286268853,-2.5519131103946719,6.5703039120531859,1.9811820324765144,1,0
0,0,-2.5258787669364726,10.580099254486257,2.3654308355720506,0.49699592160784029,-4.7985002657319482,-1.2931743277852938,5.0332165701295608,2.3832107140729506,0,0.252248511050635
0,0,2.5568076982182806,10.89306874087587,1.7535231083371809,6.1457622962979732,11.599431378404676,-2.9430606354888713,4.2040443112264185,2.0797067726974001,0,9.967712397437209
0,0,-0.151909936138658,10.575073852493771,2.3443763188706015,-6.5803698547174339,3.5575743137831122,-3.0930706245063346,8.0484252040147837,1.8394623583180094,0,0.75139206088781796
0,0,-1.6490630978260086,8.025754224295234,2.0328528852596408,6.165716418935304,-0.96372133024335327,-3.1260080396804186,9.5217568126655934,1.6071637805038892,0,0.39053206598215567
0,0,-0.42037572562678216,5.0385187235537057,2.3029842050732245,-2.8666963549780995,2.7203765525904102,1.2114450706371702,4.8706629645489521,1.8484830870687654,0,0.13700143928430278
0,0,1.051560702201745,11.463871666315562,2.2696778598562517,-1.0717439717148358,-1.1447515626411819,2.3999070855177607,3.5904490112633631,1.9910431464747917,1,0
0,0,1.6360683106907254,6.6237548515943718,2.504367552815475,-4.2587853164653646,-14.08695026854568,0.96296061091580754,7.1066325490340674,1.7310001588335466,0,7.5344977548498404
0,0,0.57419957352499651,6.5446861644189109,2.2604545748425346,-2.0409237304087693,-0.53175171600735682,2.409919690414343,7.3396521544985198,1.6254222212704372,1,0
0,0,-1.9970256022410542,7.60533376910396,2.3541523529300505,3.3125055207331964,2.9657928308585291,2.0419695006228391,9.4608090162594749,1.6872934040779413,1,0
0,0,2.3303601003507,11.751171195698157,2.2629021158929188,-6.6901790015483016,1.1262460757311621,1.4704351600503882,6.0166303589572845,2.4673928145460104,0,0.34491310394388225
0,0,3.0762724336670493,8.0220056074102537,1.8890334875903272,-2.8797947526383676,-1.9061808818038826,0.12786862904616125,6.2660790819200658,2.5167193966491461,1,0
0,0,-1.0415536793262232,10.781960089750475,1.6999860377238321,-3.913466220792321,4.9022617075780284,2.6214128613196142,4.7945338088628322,2.1166834746162873,1,0
0,0,1.1300281902289999,9.2453095430281742,2.1069183965299465,2.0129475322166424,7.4124554685271749,-1.0421825989181936,6.7749762195376952,2.2589428069025996,0,0.092179647105249493
0,0,2.1896655634026985,8.3368237354629464,2.5637041561394422,1.7728719241112618,-1.1641378713547919,0.12080927040264555,11.45991507226832,2.253563816696103,1,0
0,0,2.0813702072189963,5.1054877547212225,2.0981454342173884,-1.4522715109441091,3.5493164789031102,3.0835231777042482,5.3372282103032571,2.5444189375468804,1,0
0,0,1.4299881617364685,8.6716771247375259,2.3683856884785004,-1.3065740533332231,-10.069512483919153,-2.9124135336882206,5.1531149285574713,2.0770665726493229,0,4.0338288084854881
0,0,-1.6588665375041129,10.098828155084558,1.660214452815334,-4.1006642833876423,-5.97412181803604,-2.2493274094053421,5.0900180282208396,2.4135932768325761,0,0.30981676911504363
0,0,2.3811817309126102,8.2177074373683006,1.6713042162325928,10.88244095084784,-2.0164211138880828,2.6649548929573212,10.996105678941614,2.4476605896133643,0,2.5001322146000216
0,0,-2.218105335660403,8.2296928049859481,2.2354117175124397,-11.956018986439206,-3.3791682159136416,-0.15930825327631881,8.9397551968630147,2.3020484887025177,0,4.0018779303590177
0,0,3.0182994317485736,9.8703728326521212,1.973316806371475,2.4340022700367521,13.110228925132471,-1.7364284822230533,5.8528863775207958,1.9005039872798182,0,9.3593459457829002
0,0,1.4714318338977659,4.4867699126162526,1.9216731574011554,0.87949221652041054,0.55643594436206179,1.2609488400723547,7.6105619812990675,2.0832309732222116,1,0
0,0,2.4657925963236131,4.2536907118598561,1.8817467569272317,-9.0549246765326927,-12.467997622166267,0.20624744561184682,6.0579573292787092,2.2417304632136874,0,11.399906139652227
0,0,1.114899970316185,8.1349801976945031,1.6856235419858245,-12.060818743854444,1.738377746174973,-0.8036539176334947,6.7661262543079612,1.7199692965482263,0,7.2779688741936264
0,0,-2.4962897652707876,11.599123800190931,2.4800025476398,-1.8071556619594458,-0.23123054332830559,2.4466208994264926,7.7784322335424703,2.3905148671348124,1,0
0,0,-3.1018063809525622,8.4537258075132904,1.8453599910611982,3.2425114931447023,4.7157090463528952,0.7233926110410227,6.4400356717687632,2.3719030692762111,0,0.70711440361542588
0,0,-1.8173368334971136,8.7253128218692453,1.6602560526972188,11.46421048240741,1.3967212537685136,2.5543536957027353,7.4232659952287579,1.6632758080574761,0,6.1752854656195701
0,0,-3.010849996453973,10.811013570573122,1.6070512371971049,-4.7619304424993283,-2.6549171070048048,-2.46227084285138,10.444103997632757,2.0438893490255849,1,0
0,0,1.3467120395966532,4.9991449262240373,2.5006738724705233,-2.7660656223808293,1.0690387123708942,-1.3259342232038425,9.3198027539118158,1.9028946940876934,1,0
0,0,-2.5203584862177602,5.8623680143799444,2.1300901969076849,-4.6408356503007955,-3.9864470120291209,-2.3692540522168981,10.465200289499759,1.9918369091892074,1,0
0,0,-2.9194646848552326,8.425294616470131,2.1618547593509949,1.2791844249385123,-0.28036907975465264,1.1526193795112816,3.5169365391441776,1.7225646792968405,1,0
0,0,-1.8682236648735064,6.0635735181375114,2.3442947360213999,6.8614110870283005,2.1670321793211444,-0.46853489175658503,7.4018045853852739,2.0876146745247803,0,1.1347214687523899
0,0,3.0106363374490863,7.7273732048175976,2.2984785282184816,5.8224960630428386,-4.8725378413414102,-2.5712901035057349,5.9323349510805361,1.9525824172860151,0,2.8977685462289164
0,0,-2.0429737873046268,9.5522999961683404,2.4803728092417914,0.93754539304644335,0.58061754712607405,-1.988732150178756,10.451903007496099,2.4768224619551922,1,0
0,0,-0.4058589675204356,4.9945527802296876,2.1810985991229135,1.6001417501025363,1.8657542888482213,0.39527159228889275,6.2111568560692181,1.7486358848200854,1,0
0,0,-1.6939448409090367,6.7175786427779638,1.8046553074496443,-0.33699692927312186,1.0966168169484196,-0.98530969038123351,4.6712311648628511,2.4624113308501308,1,0
0,0,-0.21612136670787674,5.3344359211761176,2.1144540503967972,5.0613843994866494,-2.7440671606919906,2.7320915542813555,11.098743939872596,1.9558060474026175,1,0
0,0,2.9208629280690728,4.600868553429148,1.8434160322169202,4.398143999515792,1.5166695981934049,-0.62339103022614095,11.112475553712832,2.2685140518890563,0,0.91527417797808686
0,0,-2.8623090356909779,5.6818884785657113,1.9715125403363145,-3.5721546781714495,0.30390911580706392,0.42837481945520794,9.3593564101795685,2.537120766710808,1,0
0,0,1.9130278001372307,4.1739882809695565,1.7272054020613226,15.026192386087951,-1.5712341839662707,1.9411529275976989,8.0062921998271204,1.61302106390691,0,11.853944668179418
0,0,1.2465008643554674,11.004043203231888,2.103837913710962,7.1970834872132965,-8.4748923198162434,-1.7607332831992466,4.6711260446417633,2.3132275176269803,0,7.0114192245040821
0,0,2.8548570770933015,11.54292258636564,2.5528214663741311,2.3954466049099961,4.2091750977740512,0.14375461060139783,10.097457720371262,2.550192773115227,0,0.17272441219659171
0,0,0.07046124082411076,7.4726884906711808,2.4908440008552248,1.5283582260660644,0.66345490934315232,-3.1030842209035079,5.1757146650524142,1.7607154227650375,1,0
0,0,-0.98949380093198069,7.5906837610434916,2.4392345199768126,-7.0040759028087995,10.030271604047325,0.8402416571664908,4.3344598202624347,2.5755541821421835,0,6.6933295690574433
0,0,0.85101162646681594,8.1286854277981,1.9074884879616425,-7.7725945521442386,5.641184422020574,2.6071996313058419,5.5744676331892826,1.921317178814441,0,5.6930857401124264
0,0,-2.2720366115089838,8.1508302161466553,2.5214826940501665,0.89202811273758764,0.6137032306218293,-0.18177617206128449,10.302529762893935,2.2136743768151801,1,0
0,0,2.3799601372202179,5.1342530251074878,2.4821729204106262,0.51130938985808239,6.1820830861217848,1.8193004282922027,7.1245705704548996,1.7996434706866871,0,0.92951719612780204
0,0,0.22438330453082989,10.601334634127396,2.5456761694340182,-0.98658999331704811,5.1853168990748477,-0.43985036982783754,5.7397460215974654,2.4710915623355043,0,1.2600062467160662
0,0,-0.44038656339651272,5.8376729282745536,1.8023420147583047,-3.3565032761563236,-0.63976283035386772,-1.7080083872885472,7.6226707168427366,1.73779291322316,1,0
0,0,-0.037607158435051691,7.8099117910856179,2.2497308240085969,-7.2822024322689867,3.7540890568950758,-0.1084741811300054,9.1072769485275806,1.9561549291617486,0,1.0547156323285558
0,0,-1.2221053201286054,5.1042896173901608,1.7549461523499403,-6.5087471714976424,8.9227988076367755,-1.6132347898567931,4.105652583906247,2.0339993572035091,0,6.1196915145313904
0,0,-2.5467199026598735,4.3299163470015509,1.6517163829213954,-8.8257038838147075,5.0938080274168316,-0.65745090068652035,7.151480655072298,2.0159046429999377,0,5.0608861937403091
0,0,2.7353582549057815,11.04380892716741,2.4086083760248682,-4.3113094754896837,1.3124079211404114,-2.8536746676813833,11.434217049056418,2.1007247939886486,1,0
0,0,-0.12054913979001869,9.3546928399997462,1.8574078097120261,0.26614768281351936,-2.7917896372665054,0.021671520447849701,6.0491713949872432,2.440106768170101,0,0.17437353094353367
0,0,-0.61294174550974345,4.2812935196513688,2.3402423997410886,0.84563167018606278,2.4433785184473678,0.47929733297607546,4.8933281536167144,2.277132449382421,1,0
0,0,-3.0966622653174078,9.0858158363820181,2.3349913613540565,0.34699570131507568,3.4385380096376328,1.1992934542529552,6.303782944410532,2.0829099544795171,1,0
0,0,-1.9693925996950268,4.9588578782677359,1.7298741814398622,4.5473162440464829,1.0811607343366949,-1.5070253063350236,8.5281745106046429,2.5267317131584015,0,1.4634951726339196
0,0,-0.36107476773182823,4.165395687955618,2.1289030044404154,-3.5503160820108719,1.5319516034417422,-2.5883967511597419,10.944979219301345,1.9569160834887396,1,0
0,0,0.30293032073774606,8.530831502866997,2.0128571206305708,-1.7199761248036156,-2.9239656308819431,-0.22890475305684577,6.375791463022555,2.3428222633856661,1,0
0,0,-0.32565218679221042,5.8865519757397813,1.8559542722252855,3.1334831086923391,8.0620376340891777,-1.7892572920713901,3.7390920727627091,2.2661184767226121,0,5.7327858893606258
0,0,1.045153054960589,9.3083340550939297,2.4957100239709513,-0.019627576604269361,8.2865055146844,-2.5305065505037736,7.8225003629389445,1.7283792218501062,0,2.8444219742177026
0,0,-3.0036874564848182,10.868822028437053,2.5696028328400966,-3.228170312624874,3.1449681323615004,-2.5905226893841879,3.7416913628597741,2.498633879308584,0,0.37872486307336423
0,0,2.7527057861742863,9.5551964183736509,2.4617991374296526,-11.874479282076967,2.0011028006037632,-2.2159136212908672,6.9024111494942897,2.2766297787871292,0,4.9931584925612595
0,0,-1.8056692344730865,11.973610784912461,2.516717405014218,-6.6530265688391452,5.5216336059416378,-0.10213435219762257,5.8380411649510116,2.1550061961698086,0,3.4610440434331005
0,0,-2.9045354286792735,9.0707300234455701,1.7859334321617002,-3.1267410216221005,5.4356305743184281,0.95940207271265088,4.3570988221510341,2.1676670007561549,0,2.8714479881615089
0,0,0.06024298545696638,10.150180550354921,2.2954653530623483,1.4672354113592452,4.1579498590035575,2.6917873433232398,11.140926483028032,1.6902154427628124,0,0.057789985315458259
0,0,2.1705264483327626,4.4310676839677825,2.1675499911904694,-11.914407195668394,3.211476125888109,3.0522754687519216,7.6149832987551704,2.5001410500951891,0,6.1007268275794084
0,0,-0.033427997957113931,4.1621008099354659,2.5703927646808205,-0.93527342408609382,5.9083549408128517,3.0808053191086211,6.1509038676954049,2.5536558403264831,0,3.2281173769571581
0,0,2.0448920701041464,5.6933776594867549,1.8612006659846854,8.6943193871192737,2.3445259873551221,0.087213695743640685,5.6667723831508452,2.4578420018799463,0,4.7874972819184967
0,0,0.99919532688816481,4.4621659106711657,2.4087085717991727,-3.104536762669762,-3.1480676283303781,-0.26909513570577381,5.4472769649443755,2.4336022238981325,0,0.15477407350260897
0,0,-0.47172173031830944,9.9240572089814485,2.1868835928655002,2.6274233175800155,-2.4584376675418693,-1.4997961334802421,5.4439681664619481,2.5834145494964877,1,0
0,0,-2.238621808547864,5.2074526429426609,1.952036523307449,1.4324605242062407,3.9782002233372684,-0.3450352976579345,11.235808312447851,2.5429889030312007,0,0.17788473152263992
0,0,2.4034887839337165,5.525903443570245,2.2357859871573535,1.4792782684478423,0.32896529426585808,3.1232343106159197,11.609630916637791,2.4509479543659238,1,0
0,0,2.4891589745456564,8.6231533025086247,1.7591734378828339,-3.4006259636359473,-0.35170411621217257,2.4802576500111204,3.6041354552750748,2.0934056589889414,0,0.40177337861908013
0,0,2.2475884473873657,10.441231402599687,2.3137299424523681,-0.79110630225513434,-1.2595266642809244,0.67276035378302801,4.7838209038184898,2.449644699734209,1,0
0,0,-2.7048053460760486,8.7673452763878146,1.8399119844362244,-1.7105604750913663,-1.665737439634557,-2.4603338968143493,8.8620610923100767,1.8372790037987052,1,0
0,0,-2.4540375673968291,9.1491481396384913,2.3547504687577181,2.6608525067726987,-0.1140934177718366,2.0472430910341659,8.824032264534857,2.174058395831401,1,0
0,0,-2.8817899699805083,4.1609262610692239,1.7209419146636662,-1.2523431082043954,0.061571086205738153,1.3773285300676514,7.5031170032928678,2.4221450564558533,1,0
0,0,3.0333574467326416,4.0487910750250862,1.9752708166937694,0.0089774342268870554,-0.020302403351282857,0.04181913240229429,5.2081328975737735,2.5360532866541745,1,0
0,0,2.6635893220513278,7.5516630904253219,1.9599706162107413,-0.9566589140723224,-0.45451863614675919,-1.8446299386913823,10.525482287266108,1.6700834908192104,1,0
0,0,-1.353742533704495,9.2324484326566498,1.6268504138524134,9.6157457245170228,-2.1392340762516544,-0.26662830795800918,3.8366088486324217,2.216463240761231,0,5.9023793836743046
0,0,-1.2766348787539126,7.7423544877682797,2.2428020825031307,-2.6859305970408842,-3.6290012412596355,2.5837885364801449,11.65739729500689,2.199990788985188,0,0.0075187133148858724
0,0,-0.28018587806010276,4.7335602019855303,2.3498742614476185,0.11019622150272483,8.2114807078975982,-1.5186060667484365,8.8284439129013137,2.3005715630477317,0,2.1988450777867445
0,0,2.0702297126875786,10.965537151444241,1.7222994084616587,-4.2403009775020548,5.7859151228990049,0.17682166060631488,11.118539293055196,2.4648715811880071,1,0
0,0,0.73174735883112518,9.6130138542192789,2.5582214363749674,-8.7462118677640781,6.3454239623000879,-1.4394801409485571,9.1690598330515662,1.7273446749608898,0,5.0152653279318296
0,0,-1.1814785280340461,4.8199855319472649,1.8724572732619689,1.7236247142475598,4.6728318090893026,-2.7110004784496957,5.1618583365442525,2.1439463763009643,0,0.081392015836200135
0,0,-1.8926347050187526,6.3054506678384739,1.9689650103165302,10.382382867943315,-3.4730461469414942,0.12163472770748385,11.773619545316743,2.4646089473433048,0,4.1172688391708077
0,0,-1.0927035601638182,6.3705614836670126,2.3720476161446529,4.3317108835219846,-9.9820769117581651,-0.973837006003059,5.7631908712736806,1.8717479179273369,0,4.6982640511659595
0,0,2.6330276217228743,8.5024731300109142,1.8287663143045891,-1.9389284897635657,-0.67552674705277171,2.4355206289392379,10.912221360095398,1.7662384072536375,1,0
0,0,1.5749913984173949,8.8307116265421897,1.8130315546328757,-3.0137121571796013,4.822331379754222,2.2667472878124322,4.9710178885112848,1.8094609458024378,1,0
0,0,2.3709599776247687,9.7630548917959814,2.1887879732735716,14.523074506520812,3.8912448632240348,1.7920335432096701,7.0973332708241585,2.1297433165158721,0,10.385714069806738
0,0,-2.5598228540422268,6.245878123184923,1.6465396309056146,-6.279459018514169,-4.3047026671059943,2.2431675762582293,10.688428725361932,1.7745929279645947,0,3.5219547952965047
0,0,0.69938134523764095,11.484843913275615,1.6481596418107747,12.150327099724919,-2.3150090551982632,1.0957676295258842,6.0796039822262369,2.5035964467624781,0,7.6347824829250088
0,0,-0.0054660692669941113,4.7880072525092015,2.2736412894355609,-2.4761588434369317,-3.2330334722310443,-0.047987635534550321,6.4809557130891875,2.010809261113133,0,1.1051272514055166
0,0,-0.71982273699645427,5.9238237021772004,2.0005804918047008,-6.8886400956594844,-1.9935463469909602,1.0081641304069713,5.6418284996516608,1.8912719015149044,0,2.1456465695775928
0,0,0.58446065296088001,10.040077068934707,2.267823878336908,4.069220807868617,2.4540813819078515,2.6838635764376839,7.1033314982296467,1.8743192958180699,1,0
0,0,2.6260079947420918,9.6442605668772501,2.5836144188552232,3.7589312029334483,-1.2832938633508362,-1.6618365001044826,5.3494539965163836,2.2371813159985572,1,0
0,0,-1.6954116231863881,6.1237592232556786,1.9694473189783479,4.1629365039021664,0.092060604008294009,0.20480204181065931,8.5246532006469433,2.5759184263916577,1,0
0,0,-3.0920809927480124,7.3579210924914911,2.3583734290213876,2.5407078538004431,-14.617365394399942,0.87220221381999963,4.2264165236010838,2.2277510157604881,0,11.239356817739948
0,0,1.4667769852593686,9.8858219661112514,2.2756821972873409,-0.44722937342360591,-0.023388745900038452,-2.8589370790913966,10.39270166379815,1.702080065788095,1,0
0,0,-1.4376478162165758,11.632140719371442,1.998990303662403,15.71787255005432,-0.84038512524389508,-0.93180707342712443,6.2551866608674445,1.6633972272854833,0,12.224693563933558
0,0,1.8456658447193384,11.796434965568027,1.7194948479585164,-1.739308398230301,-0.81940004885838413,-1.335301655484558,7.9968162277941559,1.6170072194310894,0,0.071398114128020829
0,0,-0.69909384669419827,4.1790437813125703,2.2136620616294573,-12.529632916235926,3.8759635732372333,1.7964957947400233,5.4254299982309497,2.383906817682556,0,8.5083184523399797
0,0,-2.4701058652648324,5.1251731536806524,2.3698864327863411,4.8182295137108673,-13.341060241358486,1.6137820451949416,4.263385646994851,1.8895511959284619,0,10.08622365847395
0,0,2.8186856715979607,5.4192663916611084,1.9416858164067814,1.9825373546145779,2.0728705955604596,-2.3266443608978538,3.7725695380354693,2.5611299857200436,1,0
0,0,0.21202135100736363,6.3880152453044943,2.5668273224159219,-1.5936944744527075,-0.43849077111957463,1.1858472952352379,7.5719152170900337,2.1003961877996282,1,0
0,0,-0.78495260357499896,4.3291400014157411,2.2801318819625087,-0.021517395037023764,0.35500008737923544,1.0555425190372487,5.0674361610872154,2.0015289463721246,1,0
0,0,-2.0683652690437659,3.8290582469069179,2.0543361397439881,8.5845462052503798,-0.65838624892516373,2.3926603790410006,5.8482197503307569,2.3746345868839516,0,3.8870948902863423
0,0,1.9593292654449499,10.404394184263429,1.8369971070350841,0.18601236970295129,-0.068677273877483402,0.39131014481459481,9.0336759869892074,1.7702969409663818,1,0
0,0,-0.37321818304718146,10.2689623207228,1.7524425162656412,0.04864184981247717,3.7402769763308568,1.5171943345162902,4.5943776942527697,2.0241942772310559,0,0.12545260397345251
0,0,0.26353261718439036,10.554144018542981,2.1813749043262214,-4.3497615515493484,10.230584965461722,-2.0612941659574009,5.3445726852570345,1.8668684421759369,0,7.3328390566193677
0,0,2.4079407474531278,9.3488847163424182,2.1050162102347105,12.197131212429854,3.291226683984295,-0.030175416181215997,11.709229546058644,2.1101981269522598,0,4.9672252534530692
0,0,-2.3138381220088058,6.035123446860875,2.3933775526618297,-14.685135774873872,5.8020460886783578,-2.0219921742576492,5.1227354876026023,1.8120448828932949,0,12.825152703860702
0,0,-2.3037105103784281,6.8068462654009894,1.9247517860353782,0.44954030397351075,1.7721409225407501,-1.2183210436661964,5.8095447240932625,2.2213891864185902,1,0
0,0,-3.138646725794684,4.9909334704606385,2.1775353419219385,-8.6618951420495165,-2.0314039286578094,1.3654155820847498,10.907901906223044,2.0770517531663684,0,4.3603484744599958
0,0,2.2166101341200957,7.500618256467674,2.593477015312617,-7.7557353566664684,-8.8262152765787931,2.3324389736886042,5.6731934488502311,2.5045939113337288,0,8.7301518538585761
0,0,-1.9363417925193169,4.1937476609379747,1.8129923197453903,-0.62098149671955838,6.019036071311838,0.65045715356837253,11.655164100761938,1.8230054204145976,0,2.3794281980959395
0,0,-2.4047104871433134,10.494953106376439,1.9338367061909552,-0.43586503096790635,4.2966824254576172,-2.7022574571373896,7.6693639447971513,2.2223551176363587,0,0.4999947932758218
0,0,-0.79770042595950841,11.361525089974137,2.3541895807602788,-0.62551289377667474,-9.1693991257853842,-1.1099276811696241,4.282862492295699,2.2481162222869839,0,3.94659378214625
0,0,1.856235816059888,5.1388662773520766,2.0292119186105269,4.262445226163659,-9.5021120505443957,-0.82536784443910571,8.167338834835121,2.0180670848361104,0,3.6412695390429111
0,0,-0.091118784222703919,10.240619578819267,1.7390554378544212,-4.082857704267278,11.162368559038843,2.8718870654386333,4.3893856575450343,1.7649109746723322,0,8.6167401517424924
0,0,2.1866205539405996,9.424413334326438,1.9537759696698505,2.4292969672773759,3.7081720248537851,0.66461081697830515,5.8694879208749855,2.2385099282159291,0,0.16226336127703045
0,0,-0.20945420937369308,11.335119725415531,2.2005712723635447,-5.9834319235647833,-0.66083094297292388,-0.62501447669284449,5.6482423637739014,2.4357282471566988,1,0
0,0,-1.4269896643630753,6.5067243259018506,2.2511681572632307,-1.8102654234920141,-4.6878914848228259,1.8151127901796986,9.9032134569527877,1.7322391394894574,0,0.57800710590081783
0,0,1.6532356651239875,11.886161703319994,1.6457092512715399,-9.8818657002538224,1.4911312488245374,1.9458127311804629,10.137121647533277,2.1945108085762688,0,6.390157411779315
0,0,1.1193450704816383,8.5337389718232508,1.6635292685357794,-0.032744034523928982,-0.35666676429130756,-0.18093398100587255,5.8264371793778302,1.7983689978257595,1,0
0,0,0.13473565652544162,10.624167293341749,2.2988861602684962,9.7619148342813009,-9.3208093807458852,-0.89549538119043204,7.5277495653398452,2.5862578228513038,0,5.9593625384156867
0,0,-0.66188499315715266,4.3484741394571955,2.1787869227194521,-4.5888752399594006,9.9954270849858702,-1.0803762810582498,5.4547403264678245,2.2323310295228884,0,5.8219734279404687
0,0,2.8618183202799905,4.4925213828824146,1.6811696983965028,0.50371541849083912,9.7848450642826066,2.9418257830489578,8.9124085247614815,2.0639634612628495,0,7.6408066735200997
0,0,0.14390732844543708,7.5262153969268599,1.6706138629624807,5.4575625164610182,1.5765411462376921,-1.6221898683724418,7.5255847718913822,2.5367343593368377,0,0.24733146895628944
0,0,-2.9523251667910237,4.1651278954675046,1.7262954954583845,-15.350649001811501,0.72517448129955664,2.7143491628698166,7.0279907233279557,2.4301043336468919,0,9.4416292690772519
0,0,3.1245615473669313,11.387457224801896,1.7389892736451267,-2.5975229111510632,-3.7703250010687297,-0.48137794522939759,9.1565771262609132,1.9177193725699131,0,0.25835211236201783
0,0,-2.5563871706431369,4.1539356404806318,2.0699370292887256,7.5779292351912009,4.1074397638618736,-3.0258013324394026,5.9200574667380774,2.5417667974344957,0,3.2940582909175413
0,0,2.2600881964573771,5.0299130998899653,2.000817540244372,2.1997474757609652,2.3697585109227406,3.1168240138263359,3.9449809103546327,2.099704763985776,0,0.026088682339819948
0,0,-2.8290885200879963,10.44960895195735,1.9863073571990424,-1.1554517441731751,-0.36681942031685144,0.1710514615061518,6.0585162953208034,2.0566777566510086,1,0
0,0,-0.58865704351901815,10.597538717053563,2.5722750669081762,2.5197950702635432,-2.7884488314448106,-3.0008376155739591,7.7168336566173474,2.2269451710743495,1,0
0,0,1.9853744725242484,7.404580582464809,2.1588025396732702,-4.6127101650556979,-3.7785454601788908,-1.4662566719353356,11.105682438782928,1.7499754291791596,0,2.1371463119149907
0,0,3.1252284082504724,8.1440043596393608,1.688914218547839,0.79430589149631292,-5.7245364348224621,-1.5440165615146775,11.472428466275005,1.7110587713243217,1,0
0,0,0.24847742213468793,6.190546343533482,2.0661344996697926,-1.1039561950760362,-4.367128448036965,-0.53922030323557335,5.1709057725521923,1.633564381537874,0,0.59715247044058295
0,0,0.71395006938921979,11.232255408110294,1.8081089742877787,6.0205250482406711,-6.6976549638363148,-2.9594435492360684,10.059735130362098,1.7129913904945473,0,4.8115059138096603
0,0,-2.051053630120129,6.0520886922838857,1.8654547129050993,10.372783187910223,6.0597543689773241,-0.4027484263733685,5.6569822535141974,2.3389931547794602,0,6.3733887017081843
0,0,3.0779968088282876,4.0455893020555491,1.7348559016369687,2.8945922399390147,-0.10719758643489573,-1.5852260668388041,6.4022605412803362,1.6654564294545247,0,0.00012829771481352798
0,0,1.2877577431749234,5.60832719068922,1.9465894421377867,-6.9066893154724003,9.8193178986088991,-1.7536774109978908,4.8246880800411542,1.7659604979669759,0,7.6613443908622578
0,0,2.7235197315045143,8.6996233876406457,1.7753201176399491,-4.3127568592654661,-1.0454671241573437,-1.0364860500889641,3.9177178277997777,2.3491953512502812,1,0
0,0,0.13589057128233994,9.552493358318543,1.9613183747890788,-1.9136200237484406,1.3874115867935621,-1.3518845883730397,11.06419978965409,2.0165098616380996,1,0
0,0,-1.6723249903986435,6.5963325138901761,2.0057212488451217,4.7405767436258959,-0.62782361703973155,-2.4583040069855149,8.5382955833592327,2.1377273631157157,0,0.0010787310247929033
0,0,-2.6091352248928623,4.2595022993201077,2.193735669185902,-9.6866055292227262,10.937961854042987,-1.4274125603392733,4.6631971604338736,2.5269345593350798,0,10.6144359698719
0,0,2.9280783691737247,10.240666248585594,2.4996976552181525,-4.1046109866892886,-7.1548740263908428,2.2633846359669656,7.708722898670298,2.0800205687206117,0,3.4162657913887684
0,0,0.24912857022050794,4.0505212879662569,2.3469140055224011,-1.1056396436557183,-0.36542819806731353,-2.7664434194003187,7.5842298066753191,2.3148112072847713,1,0
0,0,1.9404599564325755,7.2255788842016546,2.577263645531727,-3.4604127089920147,-0.27900457679059876,2.162757739047203,6.984243889242018,2.1823663564032714,0,0.20458508652561574
0,0,3.0533501685323312,3.5125689722149964,1.8606081813999105,4.0542984994518596,1.4874307527614612,-2.7961390224587168,3.8273635134965214,2.3818881580083944,0,0.42015081761220946
0,0,2.1915879844303188,6.2461747814519928,2.3677927003501487,0.88053933305950682,2.4492808752451576,-2.8943448900115509,11.154435192607739,1.99128851213021,1,0
0,0,-0.44076458551261943,10.830514294072366,1.7391113144640853,-3.4046508555362958,15.397710690516584,2.889786331882287,10.319580443086121,2.1412882108010241,0,11.121945050803919
0,0,1.5596945856253877,9.0796200588202218,1.8780434053783015,-4.8997059334682209,-1.8671980138381317,2.6782598230188848,7.3087560649846983,2.346919953581077,0,0.13986319783885484
0,0,-1.6281474580593809,5.0872596013953295,1.8885579791705631,3.6160456917000774,4.0140356574007097,2.7694862024318008,10.234392506393032,2.1854962359290573,0,1.2502975255199855
0,0,0.14141600552991029,5.9480360456616257,2.0481022270962699,-1.513476445300175,-4.9127543591879519,0.021629464450840796,4.607630138462377,2.5993809083056707,0,2.2070727184778871
0,0,-1.5853074108318792,7.6858818146712107,2.4119573176024707,4.6694968766278242,-11.611878032038284,1.7846080754419509,4.4823854155103486,2.4320753712588918,0,6.1083502109382151
0,0,-1.9138061011819743,7.0207363602573487,1.7732849697465691,3.7618656580565037,1.6085869140656939,-1.2307886803108945,6.4522419336772074,2.3409982864079306,0,0.009197403772671281
0,0,1.3630129656733114,5.9471048646791367,2.5259191294955108,-2.4243588951539321,2.6458152807362207,0.87521034640311779,7.7408811689240764,1.8936735105651921,0,0.10050676996875167
0,0,2.0733625499946244,7.9167960837391709,2.2048295068609001,-6.850312306119835,-5.2954643544439364,2.5876942020376124,5.9840925985439224,2.0857660308104333,0,5.071647313303318
0,0,1.5497698485254938,4.5872968240293845,2.3481381323263615,0.34066341255168164,1.5420275938710362,-1.1583811491285891,5.8513659965799647,2.3160264894044653,1,0
0,0,1.7001173412100465,4.9568034086081543,2.5410143897832329,5.4479101827768357,1.6294947652470251,-2.2970083175837761,9.7860422230119539,1.8289937869841859,0,0.048468040136135884
0,0,-0.11341935110933221,11.102488937930318,2.0484509780682916,-4.6949602611339412,0.83955928195744367,0.87156082733277351,5.6004995273716265,1.791264915320198,1,0
0,0,1.3152845299381006,5.7780746634978044,2.2768335446560384,-7.9391123576198197,3.0661267227899436,2.7582017373360426,5.2709794364106486,1.652628697945568,0,4.5985292185469415
0,0,0.60743919665812296,9.9672229946855904,2.4425018384113737,2.4446418745158849,3.6852490341738786,0.94499643995013827,6.2492165076345039,2.4201292066794755,1,0
0,0,-2.3393757482373174,8.8230155902490353,2.1628766558082537,-4.7526042264446238,0.70229042009426523,-0.48686678897051827,5.8227153162688152,2.3465587433719004,1,0
0,0,-0.12770648297442522,11.713421176343243,2.1228742583217874,3.5104128553443377,-0.9801257741022279,2.4149977003838945,5.8421103469830715,1.9635396874857087,1,0
0,0,-2.4445734855977466,11.151242982789865,1.8008678676228,-2.4524234889844534,5.5221084103716258,-0.81366746518986321,4.9616439337053286,2.5102081173368092,0,2.356249282345225
0,0,-1.8996257245939574,5.5129711704845983,1.6606545771605037,12.926178383278581,-5.1247833309939823,-1.069409016054268,9.0965214745736045,1.8865997002281745,0,9.0648247068506631
0,0,0.3172036155060427,8.4500532934426111,1.7812399444848335,2.7939786329552736,3.892135543042456,-1.5979136212762943,6.3676398453714977,1.8756878635851348,1,0
0,0,-0.56915377798523314,7.9138166597964785,1.6285886066523676,8.8661272179079571,-9.9193618303481514,0.39936523947158342,11.165040294973256,2.0526129181072106,0,7.8379338563393306
0,0,-1.8021318810700886,3.5958472325521988,2.2387400352357392,4.4340537022791393,-7.2585688570074733,-0.31847366580149261,5.9897952920499531,1.9485243261665863,0,3.6009308027001734
0,0,0.14569676941421639,8.609879465900022,2.0836342866840853,14.417339131222398,-6.8968602230517995,1.8014685733634552,11.316886340542331,2.485606575669395,0,7.6093361248721543
0,0,2.5053475352118211,6.7404467729192454,1.9531976422696533,-3.2993175059110986,1.8998743529598403,2.0036897397099365,8.9443247570775171,1.781494972195669,1,0
0,0,-1.2186066482331861,10.858656083614729,2.0653315561923167,14.816703590369256,-2.9484746891180684,0.97391913404585129,6.6530699237990945,1.8897966029430964,0,9.3331743911626024
0,0,-0.66132645434307502,6.0700601930046494,1.7104028185823399,-14.564289819291204,2.33794115085841,0.29811212820352795,7.343398588876731,2.5664652448315737,0,7.8214923381630612
0,0,2.3204585702389027,10.012599854845503,2.3535750557234802,-9.5698521486455022,12.170946569241716,-2.5205248034385059,6.2269667570642451,2.1400193312821925,0,9.2809637967141452
0,0,2.3259576446525791,5.5834400725573818,2.1688705642015731,-3.8602983675149338,4.7212470179697181,2.1817452084626563,6.3553553152301836,1.9740347271341097,0,0.0054412992622526642
0,0,-0.99118547382285982,4.9453726769550803,2.1909191462616922,3.817013185131068,-7.5364628190752692,-2.063738381242318,5.5697555735157049,2.0912600373540151,0,3.6741097614107141
0,0,-2.6242730816772868,11.782750680856068,2.3114366113987375,5.7938587001709578,0.72233369081586529,-1.1651304344839071,11.239316301836759,1.7152665430770531,1,0
0,0,-3.054462055469799,9.2392570311930182,2.1361364215619125,-7.3943751397738833,-9.9740264208786638,0.81909452832396346,10.951791878705894,1.7058298099002993,0,3.9320700386064349
0,0,-2.6843208973716663,7.3437531962290405,1.627863226805403,-1.5660724275639561,2.1987782734756061,-2.9150111918912476,3.9717780743414401,2.5963784798355869,0,0.13249743634401934
0,0,1.6057554405065098,3.6503840955806348,2.462327583662113,11.398233287948095,6.6813361215534419,2.111204209656969,10.652253740531588,2.2041296232861818,0,10.148386283976603
0,0,2.8804295035491618,6.8355903597378074,1.8961072215137607,6.0499939962551892,-7.542765397296546,-0.21114616782002482,11.066113246643102,1.6710598138442851,0,4.154013996284343
0,0,2.6420885345049117,10.003256670286722,2.4211492233895777,0.95871746694211657,0.66524333628070953,-0.0078861933992673272,11.524905459854255,2.3495144655004112,1,0
0,0,-1.1234966992704298,7.6910409776850219,1.9588562027808907,2.9030468838954984,-1.3247655332596489,-2.1951735697578902,4.5230479553627587,2.4812820061891809,1,0
0,0,-0.74368610876617058,5.1199189504509484,2.0315410938055201,8.9765762673851892,-2.0967544141490215,0.68792541918911487,9.1551913942486145,2.2877175499447961,0,3.6982440731521589
0,0,2.7725348102315639,8.6781865540258352,1.6759164169855698,0.21735485415675179,-0.211150967774588,-0.61442837687056651,7.8626892511077182,2.5204088464204366,1,0
0,0,1.2354854100900985,11.526195851376391,2.4794308525069013,7.2438929022609093,4.9383997388398599,1.8567882869478476,5.7288406404615149,2.5005367254138298,0,2.7298533286282294
0,0,1.5985839681952827,5.9550569199137051,1.9265476557256001,-1.2103617698559632,-6.1360417029498597,1.9483490994037105,6.2886341184350956,1.9076288308712028,0,0.50805091337551922
0,0,2.1031057875022023,10.560984808457832,2.4724246769134126,-2.7773383417839503,0.17412399336523862,-2.1439739389004306,7.0792123169267906,1.6109326265183617,1,0
0,0,-1.5804953757637743,6.9565347828300776,1.8640670697700266,-15.80776451756673,2.2955444344397655,2.6133863255518373,8.8213571791890999,1.6282414484840912,0,10.66284773607652
0,0,-0.13830009741151983,9.5012524403375238,2.1719971053641012,2.2912088810796645,-2.6250045270318534,-2.9262077488387761,6.9396069040815558,1.6076658446777785,1,0
0,0,0.78427386093129492,8.2366427060545249,2.1492154973347746,-1.0223028049518235,6.0259359451636998,-1.966607388553002,11.270476498674338,2.2851822430861843,0,0.71058118168956785
0,0,0.99694233919023656,8.5509762981859296,2.2513179732719486,5.7709317277581791,10.329758900423021,1.659252063144959,6.1513359975890509,2.0718588067910724,0,4.4700534836138308
0,0,2.1414943650736671,4.7938361233961082,2.3043305744867473,3.5537367832951197,7.5261984808648075,0.54009544318823233,11.230487709254067,1.8112499451906974,0,1.3102191352590062
0,0,0.66394290343278595,6.2007525902563074,2.2484450537134193,-1.4025026816099744,2.6089232514609386,-0.64419101044922433,6.0664824176326118,2.0246732420418412,1,0
0,0,-1.4361262164016304,7.5416377775608732,2.2820897964707338,2.7408734725713422,-0.32336567302826136,-1.2958330947298311,11.884974076456379,1.862896808371179,1,0
0,0,-1.0779196257153241,8.1405036391734527,1.9567623850672606,-0.50163373225297159,1.437919240382503,-2.8903704736419624,7.6228692917870839,2.5408576515650214,1,0
0,0,-1.3436522051689459,11.604343031524895,1.6588251606143221,2.9793580336846648,-3.3453588300360346,-0.60978857618613924,10.050410601952644,1.8354325772501026,1,0
0,0,2.0882720220828475,6.999649717768138,1.6740791509802477,-1.3396278990237862,11.361717126585141,0.93409840659420507,5.5148638129486613,1.7092000273558565,0,5.338509726622112
0,0,2.3177523095345025,4.189418644683137,2.1914166577992606,7.6688774813348477,1.1583338615624732,0.1248626488020701,11.294600434946538,2.3619007115683246,0,0.040870636653638368
0,0,2.230767426645067,6.7724471107725774,2.0165092411547221,-2.9974189289730857,2.5045281492286788,-2.4355938997359381,11.173583401098895,2.05837944009666,1,0
0,0,-2.0849426732141811,10.463436184077064,2.0845214417558164,8.8089676203062108,4.912779144992462,1.7830587913572327,3.5654576095721455,1.8715608406339928,0,4.4564630883048366
0,0,-0.65233950888679804,4.542439063469053,2.2783709462411808,-5.6917507994823371,1.5428270825035624,-0.6801182969020223,8.9996476588347161,1.8480152484944836,0,0.254074040926626
0,0,2.8613202145768364,11.366588999268131,2.2989921982071166,5.059209378802497,-0.29144146206728072,-2.1492146341051219,8.6415689803050419,2.1286767658998849,1,0
0,0,-2.8863721535086508,8.140653981777195,1.6858781445190947,-1.3720408742249002,7.6397289005314351,-0.047831526234351607,9.0030011461937782,1.8104203319150194,0,4.7213147511222342
0,0,2.2634914507203439,8.5418292441297385,2.4546020983824395,8.8272331256546526,-4.9574258399446434,1.7427107884088588,5.9587368067633903,1.8376195172143512,0,3.7543617086116909
0,0,-0.024895965917317131,4.6215067881284995,1.6710477490997389,-9.2002499991189719,-11.870995516898276,-3.0518764509746075,10.615025007881311,2.4650504223770904,0,9.5416728613653099
0,0,2.1085340294340433,4.3868591947208175,2.3181469422039478,-0.35188283437493412,1.3178796179994263,-0.58067624907306437,5.2256031955294642,1.8777844504370602,1,0
0,0,-3.0181657003174158,9.5933151431731254,2.5534420146861971,-7.5432350454132155,8.1297410184617593,-2.5650938412175197,7.9375651306916737,2.4190207663284209,0,6.4704812442054065
0,0,2.9523069769582833,9.9274552105163991,2.0109919104873715,-14.215056071106281,-0.070018856836408752,1.5986280552373593,6.7228847111839496,2.3034154178925128,0,7.9960006670235302
0,0,-2.387523501578023,3.9093691526545484,1.9256841110103768,14.151953869729121,-1.8014968522278783,-0.48709456685755903,7.8741605213389958,2.3203869697038941,0,8.2073083591869924
0,0,0.25775835175013295,5.5769623290483157,2.4968077818093537,0.22974812314844753,1.3605550491962421,-2.2167757796310963,8.5626590783942298,2.5575751254761054,1,0
0,0,0.60214494562165166,11.644479896992204,2.443676193042108,12.533705694039039,-6.077884282761767,-2.6910235724169298,11.617425068956253,1.87977531109861,0,9.0801140786198822
0,0,-2.6118650110094359,9.2786907603226503,2.289403492870278,3.1526256285787024,9.2497493048024833,-0.71154456660758303,4.6074387124777925,2.4441748596928448,0,3.5523633037368683
0,0,-2.7898680936447633,5.54450975617568,2.4860577384036775,-7.6332182206766435,6.6297597116297027,3.1193941262908647,4.7846635724244244,1.7094489360342802,0,5.9443123382643206
0,0,-1.9353124405742568,7.5360577649543483,1.9957127570484465,-2.3967303055997746,0.90874390026579666,-2.1075882351592137,10.707265637834194,1.6636939976142189,0,0.06348773542089782
0,0,-2.9055083995448756,3.809284875588645,1.8648252938390462,-0.27754498786070536,-3.7032978437470603,-1.6077415854445742,8.5857337926097781,2.0528042663974588,1,0
0,0,-1.2480074842128877,8.287871529363839,2.3082449857544298,3.9269348386227119,-2.360069007997303,2.9510031548001958,9.3830043921377388,2.1693974799528233,1,0
0,0,1.4841552037904737,11.997602707965063,2.5316696662954019,0.28883515507157681,-1.6488538269990223,3.1270798614225344,6.1099287960387461,2.3451574213447022,1,0
0,0,2.973586966741455,3.5931044971833233,2.2492776704631949,3.0021056440090592,0.16865730226100192,1.4480133552803656,11.376380180348889,2.111247681748587,0,0.057667215979757276
0,0,-3.0582533488396564,8.9533804469976364,1.8894242625362216,0.45782692388900081,2.2814133790764886,-1.6451044466925517,9.9021034776305434,1.8214505185127901,1,0
0,0,2.7919512048271091,5.3607680752531168,2.2980809760689653,-2.7220979439215789,-0.28870007651225138,2.2716612150840421,10.19069204570666,2.0772111247997103,1,0
0,0,0.20218318710967553,4.9267160830134147,2.5192082244733625,-9.0300887812048956,2.313745476114681,-1.1408036645264317,5.7505219715154317,2.101866472445419,0,4.2527855706788262
0,0,-2.5881301358888558,6.114301733011577,2.1169703323666909,-2.9452295367887635,3.1303416229712484,1.7256446550347322,5.637445571275304,1.9151026233382598,0,0.1832453733941147
0,0,1.7071823842683118,8.9930043832680902,1.9493151768895571,-5.75684438360173,-10.939887396464275,-3.0468120222322059,10.668813265793855,2.3235426500295544,0,4.6955743418741545
0,0,-2.0978624010591416,4.6111059254049671,2.451889235820079,0.66439657485542203,3.54432584648672,-2.6040444780921259,4.5434450325228797,2.4591048955167549,1,0
0,0,2.511144092829773,5.492814725558147,2.3978463252597475,-4.6940474099061431,4.6248833431709055,1.5762090038264942,3.984303314645953,2.2052475978807378,0,1.7014650014806116
0,0,-0.055137082795201131,10.382236254332271,2.5525443168788096,2.4551334016822084,-5.8098631047658014,-0.74587911866465673,10.49946466748446,1.6767268480521564,0,0.39862001952146747
0,0,-2.316828223603026,6.1306289447794899,2.0625121016769263,-0.33569836449274043,-9.4398033382402939,-0.80809312174334558,9.2688414465651334,2.3836831814240216,0,2.6810140145897443
0,0,-2.3132280641207847,3.7378564316628839,1.7566086022803291,0.38868885945650478,0.23243389830876582,-0.70614343825147863,10.255330894144379,1.9341258120228293,1,0
0,0,1.0965672761397078,11.118288871285319,1.8266893814967542,5.8209456258136596,4.4154636957070625,-2.8245299905151127,4.7421922369730503,1.6670932235676896,1,0
0,0,-1.2974253285123016,7.8404576157640999,1.8753877985984264,0.17932299864979229,-1.1885924032283934,-0.2996238890832017,7.5253934718758186,2.1798478770463738,1,0
0,0,-0.052974514662202044,4.6017677647299795,2.1753235563576707,14.838263939575782,-0.41064409368806815,-2.2194290148252804,9.652027733365145,2.0058305989982617,0,9.2133018636072972
0,0,0.7183557065589885,8.4227546014475401,2.4092675823774052,0.72344339700805893,1.124848874184589,0.58590147078918209,9.9322493751078635,2.2922576527364669,1,0
0,0,1.8418353232338216,8.8814989134544042,1.9600796746558582,-6.4209267820928746,-1.1992604882872997,-1.3720929394953112,10.614511249407817,1.8579680142676605,0,4.3039113372602511
0,0,-1.0053358815167872,3.5325078328714761,2.3561426406932044,-1.3712206449948541,-4.9527619143626325,-2.8218264002540554,8.7206268477575186,2.5982766626203464,0,0.9717738341965827
0,0,2.1634449793688413,9.3212043418393868,1.7229463371045319,-8.0984824243956801,4.9127484698816266,1.7867312155868911,3.9176892584012277,2.0451393602781485,0,3.366271859750229
0,0,1.8319074096044927,8.7808038407844968,2.4363083781369177,-0.38605442644656324,0.45577673709966043,-0.73818572793998483,6.5819452430486409,1.6635856324622262,1,0
0,0,-1.7337370204329927,11.652947666998914,1.7821091313477031,-0.41339567987654313,-0.089778350931870213,1.9635419839730561,6.1579473275640781,1.9287935554591602,1,0
0,0,-0.6394756389002465,4.919885659530534,2.4380079678072724,-5.7888077063304175,-1.247039054139327,0.81214444303329092,9.6386663000248092,1.6135511719788334,0,0.06680146318677764
0,0,-1.2673696518010413,6.5507803879225497,2.2613228209526168,-6.2769661649844126,14.428980408359552,2.8290053932911059,7.8163342553564981,1.6533198747119449,0,9.4371610303793787
0,0,-2.8553790291597942,7.0406378862334318,2.1682057355405258,2.0847305592538303,2.1141097949439129,1.6074861545216192,5.6821086592249124,2.3138001800188568,1,0
0,0,1.3200171029362844,8.1733729810720419,2.1887255471985925,-1.8444427271338071,4.2573340162729787,1.1992546202955454,11.43018035628525,1.8651993493106371,0,0.75291727995415114
0,0,-1.2520154083326112,7.8534182730895292,1.8618455053848164,-1.1012896759423418,-1.4686463492492023,0.81783133884572923,11.854616977945216,1.6505991819965464,1,0
0,0,2.9494898162909147,6.8255597417833691,2.2308831965208098,2.9904721024443774,-8.5839308344641854,1.7103841323289242,8.3655956207601516,2.0822404245983535,0,2.5683295691101962
0,0,-2.4248828156696893,7.5127021082459633,2.2413057247422756,7.6510349942195441,1.3709731613024088,1.899310935187712,9.6012830064676873,2.2032336203253218,0,2.6815454253133622
0,0,1.4442263013854415,6.5964310057843454,2.0626879204249593,0.9823162699486282,0.84106207073984607,1.3854300722285977,7.6014021127084099,1.7494110286143072,1,0
0,0,-1.2381220286842833,5.8073207780868206,1.8188485226903879,-0.15411468226073308,-5.9340286918196625,1.9818143799716159,5.5597317146330081,1.9891776372349637,0,0.38370297923411567
0,0,0.23821171420132226,11.887994733359092,2.1441875833542343,-2.6364775675155983,-7.5199724407856241,-2.5482205017665249,7.3973744802914059,2.2443016884449261,0,3.2751062712717043
0,0,-3.1187941503538728,10.770315764110823,1.9902567831357727,2.809149690650607,-10.613444077435499,0.99922098235355872,4.8396263060480669,2.1482013571783791,0,7.0732971335260952
0,0,-1.9635373171015991,9.5267962341483567,1.9277930377391992,3.0828866800229178,-6.8440195723237025,2.2371636739089915,11.684979910256104,1.9204071327122461,1,0
0,0,0.30679048884889148,9.5954076495230449,2.2079770234264551,-0.30300419202625856,-0.83583614044792987,-2.8076202657923854,7.7263849784378769,1.9018463092382523,1,0
0,0,0.60006725779974035,7.3366033966005686,1.9781992847276528,-8.4811219048329605,5.4641185672113872,1.5350669167803668,8.4721604346075754,1.7005741585271641,0,4.8623178969897847
0,0,2.8357511353661007,10.078423965518226,2.2338872687072762,-7.9102908916875183,9.2683592901756899,-2.914595448491851,6.4670295261398891,2.5619033424871898,0,6.0079535270037754
0,0,-1.8980181948372081,6.8474477864914425,2.0362805807508608,2.1454129936078208,-0.89094180551386082,-1.4595563139638494,8.8844643602892432,2.195157502060737,1,0
0,0,-1.1141403131029817,10.899452037201938,1.9683330655142326,5.1281562652249795,1.7095224019624635,-3.0335148091934654,8.5910209485683353,1.7752592508574154,0,0.031974743156547254
0,0,-2.3048127819226414,8.0777520671805458,2.5292289438264692,0.11822889748781844,-8.8940369568482573,0.21330716181822673,6.7978733857486828,2.1878861772051668,0,4.2387343496257914
0,0,-1.645202889665204,8.4079808088763013,1.7441417603037954,10.536637747359814,9.8114493711027428,-3.1037687031528929,4.5862557280576048,2.3911123173294806,0,8.3611209987496391
0,0,0.14443551901453056,6.9338188923968875,1.9195450473991502,11.773980166136338,3.6192356956153491,3.0638867681224875,10.494674070616846,2.1651734176109354,0,3.5025034764815648
0,0,2.6108534862111803,5.7523027426735549,2.0985572538941377,-1.0222695996193814,0.23058514205815789,2.8702145612868692,11.987413422463552,1.9451068010025945,1,0
0,0,0.69798967300393189,5.2588120483947502,1.6701069672450553,13.451926505823391,8.2390220010821373,1.2211965324491292,3.9441193606843865,2.1866990708024043,0,10.826648839397807
0,0,0.63171666046358554,11.209271596615025,2.0557080716495051,6.3910507540250237,5.8978106711267406,2.0014515561131425,5.0871140684138476,1.6680331577414949,0,1.7389796179360462
0,0,1.790769840873752,10.248910821110481,2.1468301845224875,-3.8947635083181686,9.7506227990222261,2.035593699480053,4.8374521260256413,1.8711847414680285,0,2.8114474842238355
0,0,-2.2096428388653573,7.8127381575193153,2.0553136118986015,-0.12787319574064057,0.075482576091404296,0.47886054954580981,6.5086644119221564,2.5929604234936221,1,0
0,0,-1.9992800109495721,7.8552297452069766,2.3966574007823964,0.057212017213923216,0.1158422914685284,-1.8812455273454283,7.9305437589222754,1.9492849844275244,1,0
0,0,2.9659013046539782,6.1637245937094924,2.1287402802929534,-0.59541562092126643,0.77570525579171934,-0.89850340050096023,5.0280490516003162,2.4666773685118222,1,0
0,0,1.4667437271479944,6.2809442473158636,1.9074153160694685,5.7525641659528288,10.557278146934898,-1.8021554353372269,6.4218855361004685,2.2921613962245795,0,5.3579141206729499
0,0,-2.6681561754319336,9.2123477374410712,1.7788363107308358,4.2741313055448176,6.9579443562430185,0.48421046880382246,10.325850573526115,1.7667291549610631,0,2.4154820375310289
0,0,2.8499825635346019,4.6125225611807092,1.8980750801007746,9.5463485345350509,-3.0157075394215993,-1.0606150715167253,4.3674567707599445,1.8571716346695348,0,5.4890702327844192
0,0,2.4393454805210135,10.336907820113471,2.0318204828501081,-1.1020647488008009,-3.118153278031091,1.8077638115872965,10.868668405824739,2.0021410257791712,1,0
0,0,1.9605270988930235,6.2587775805124366,1.8327511871013928,-3.6180538052014608,11.988421816660074,1.0170148621928163,8.4283781251481908,1.6046058920020481,0,6.2650374009460865
0,0,-2.4224974764286222,3.5472298358694849,2.1667245445768786,-0.35035493558538039,-1.1717247266972646,-2.4799033153660468,11.347848467396481,1.6050078338194176,1,0
0,0,-0.56499568464127847,8.3729338448939465,2.4249447829648885,0.22729762764915801,0.036165360492889313,-1.4820806315569433,10.419139359240422,1.93586168563128,1,0
0,0,-0.37365864479885413,5.105646137258721,1.6916245118701321,4.893870621188813,-0.21079292450168174,2.9061093494076955,3.9522234435331964,1.6422683381805321,0,0.18688619689981995
0,0,-0.99518646093582985,7.2669322531131684,2.4724657522882767,-6.4036140181127248,-3.5035363002351483,-0.92353525639021594,7.2159515067362605,2.1311386552478937,0,4.7215136172958108
0,0,-2.3717639550977485,6.4084236883714913,2.2890541793687773,4.376012194642624,0.98457174990180529,0.18246689116244319,9.2614177256813228,1.6243698049366722,1,0
0,0,1.0665449336023309,9.2366236962203452,1.7412018977040737,1.2405176329465335,-1.8390683661427527,2.4555514039601718,11.091117646025598,1.6059714220231727,1,0
0,0,2.7756329288533994,9.6481250563888921,1.8648716557977019,-3.9928897975554865,-3.5896513316055514,1.9294118107110689,11.167092756574398,2.5107069303409948,1,0
0,0,2.5705285271984524,6.1867613922304017,1.9493374754240684,1.5645620875032857,-4.1249885263359864,1.0605631468604653,7.3018233703955779,2.3319948561029129,1,0
0,0,-0.74128786938131386,5.479201858768028,2.180450305582283,-2.5623243530869244,-3.7523039023917271,-2.5493698028702392,6.4884598318095321,1.863768403538129,0,0.035273477191465792
0,0,1.7338243643665638,9.9186110729918031,2.3264458752575892,-11.796574503752579,9.0188139564542578,1.2882126486033139,4.7152982247394162,2.0430894106417581,0,9.6348017764959
0,0,-1.9698013914253034,9.9840415014659882,1.764348949162668,13.469409788083766,-3.1125349080945872,-2.3740046738444214,4.7551511959213784,2.454117090443773,0,10.675165922220362
0,0,-2.1669704945933157,11.036872253871103,1.9850122647074042,-11.562140464956601,-3.0554712011584564,2.7407048085120316,5.6512109699818254,2.3338735810946885,0,4.6778595793736963
0,0,2.6146135517960154,10.916191757251333,2.1562199728360625,-3.31615407854179,0.27591607910285787,-0.341435233037644,8.0198436258260148,2.3857928640572288,1,0
0,0,2.9829491029112605,9.6058784548821485,1.9908621816224499,0.27727659200816285,2.9002988774335972,2.9875757390512883,7.1328588089206253,2.4075449984156565,0,0.69199096518419068
0,0,0.54597048248920688,5.1539153696296154,2.2106011595757415,8.9519562746749379,6.1384462187810938,-2.8348751809367934,4.5653667094856507,2.5629074749694931,0,5.7396344745744408
0,0,0.89094437084640266,6.5523468339048625,2.3154968707779275,5.8101865113445834,-4.6761360097993121,-0.81286591111633344,10.633147817165934,1.63351759586159,0,0.92248712864521987
0,0,-2.7162970539556692,11.218940141539971,2.5735524384297896,5.1649825598845442,-1.3992179210829223,0.91349515919307045,7.4694363289914509,1.8327592028044506,0,0.25984602282701386
0,0,0.75270836111005135,9.9908434306344969,1.6003675795067336,-11.194068270232542,-0.018932994795287757,2.9086199860651902,11.676466894998223,2.4819416552609352,0,1.6230282907829521
0,0,3.0301487516811161,10.987510725046214,1.7013042899770754,1.9568228340376863,1.820991866891698,0.72817406428607123,6.9385257385010215,2.3070003881208105,1,0
0,0,0.83297866639192142,10.542082613339982,2.040581201732679,-1.0602277192659173,-5.0347842717519953,-2.5562727637861471,8.4775444863585925,2.5356985809663337,0,0.061805422426801322
0,0,-2.6449005855643595,4.5439752057381844,2.0080909391449953,3.3951392437073964,2.904803972456798,2.6119567930106289,11.409823788673547,2.4196711282313839,0,0.54875037950141425
0,0,-2.5115148841794404,7.1235210719107638,2.2243570107348223,-7.4753586678454704,11.073251013538686,-0.51214764376006183,6.2993568683074237,2.4021286894301768,0,8.8753923813344429
0,0,0.30603031209954645,6.8436737352244164,2.3388783478039747,-3.9672577447748587,-0.26000949669106305,0.89159293492980662,8.7291673084645875,2.5645945018785836,1,0
0,0,-1.8575016300799123,11.713969622965156,2.3129646836447924,-3.0427828668790138,1.340219156587811,-0.88395862386099822,7.7273997088760344,2.5874149580389991,1,0
0,0,2.6058054209628994,9.5016800728747697,2.4591598982068148,-1.4511325719008887,-2.4361766268113496,-0.37312785224821088,6.3140429522753472,2.2188277517639521,0,9.9731317642523386e-06
0,0,0.77989104556387101,4.0321433405220102,2.4098183354949141,-2.7597994709312084,6.4768170021075981,1.1814251216411051,7.4901319099436545,2.5713445132995063,0,2.6936399062985497
0,0,-1.8000666124514662,9.0205832419673779,1.6537109843502846,8.5937511220630274,-4.7720825003130907,-1.1564581017067856,9.5056238273584803,1.7630375150910644,0,5.0693016056702485
0,0,2.4283274918153515,10.200331956160298,2.3381432040084227,-3.4613764206996529,-6.8961027008719178,-0.26117425719561638,8.8067900168950093,1.7793929203179815,0,3.605541998515013
0,0,-1.2540435131475514,9.2813132771314919,2.3115705337790433,-3.3340610366244259,-0.44192138642006396,0.81023948593224437,11.261279084520137,2.1612189551200709,1,0
0,0,2.5881603441698129,9.5711600657302469,2.3653987892852921,-13.745579978475599,6.9571477782737814,-1.8238717078883784,7.583217598594846,2.3880749909372527,0,8.934403722670595
0,0,1.0300536485047189,6.1428377731988437,1.8853626398664838,-3.6769501938213933,-0.28950680423559189,2.080520196647031,9.3275308303097724,2.381055755302151,1,0
0,0,0.32220662491748886,11.333634386042272,2.5632418774323602,-10.72085094855791,7.9935327687607138,2.6397856018670804,7.4378689135929115,1.6443317794796211,0,6.4078806243905495
0,0,3.0701067478460544,6.353323588372179,2.4169140911989624,3.0355641616293347,3.9913815279495255,-1.1714876145016122,5.7044085971247558,1.948926851653213,0,0.0056266365367733245
0,0,-0.48090165594901846,8.5706914876808966,1.6460093427016991,13.806928086958381,4.294082539798378,0.48625821560100269,5.4716190019094411,2.3457902955004508,0,8.3673461148130492
0,0,2.6278546527333999,4.7012984697152298,2.43711134313779,10.865858591037959,-0.19446821745431292,2.569508506288174,5.1613732239457066,1.7321237196423152,0,5.610029476991711
0,0,2.3300216479785814,9.8346017343387242,1.9228211048749644,4.3666611322609983,6.8459311222087109,3.0708955688986723,6.1260017229777715,1.7618133337224164,0,4.2011724963957837
0,0,0.18648299439993288,8.5695115270257247,2.3684011520099912,-2.0728415191892946,4.677835890334876,-1.6882912548637938,7.751206788265069,2.4028053454814478,1,0
0,0,-0.70021526248393906,8.0473100257710914,2.4841918990271421,-10.766163930035543,-10.281630203665529,-0.42701796699909611,8.4989854554301125,1.6905869547655279,0,11.59732188054357
0,0,-2.3456962582484948,9.3269489968246262,1.6932154480258874,2.0209313435608927,-12.223390789121147,3.0049031389263225,9.1401070802524131,2.3399039164157607,0,6.5246882708548588
0,0,2.1704745015300713,9.4199393942521823,1.9150382269359905,8.0658877710004635,-8.0897189702746832,-1.8251900812294737,6.6704912261464075,2.2654007105016545,0,4.5302322264116057
0,0,1.5848432056788369,7.3239373037717677,2.0082101530579513,-3.0963468886298262,-4.1552368612563759,-1.9556968440931815,8.6755645930922967,2.1078381387864282,1,0
0,0,-1.4003653181152229,5.0976948513195337,2.4892985784818498,-1.5476179436605031,-0.12918217500262785,-2.8426143302573266,4.8176594475811214,1.6316612850087648,1,0
0,0,-2.3163157767696916,11.731063748836696,2.1239938951469255,-0.33037266982908087,6.2643937981705395,2.8619549769351433,4.5867866595704454,1.903711803965157,0,0.95365273804886619
0,0,0.25420373205742974,10.893592154179528,2.1475836342507857,-2.2579510056674623,-0.56427611455678284,0.61689830092695574,8.5792458248664456,1.6860315372944592,1,0
0,0,2.0948132268677204,6.1031841969277529,1.7223565407040882,-4.8408559453083537,6.8929621850424398,2.0545540082103519,10.59713597492572,1.6534341457484438,0,0.011078758507261938
0,0,-2.7386136322511851,7.9679178463178246,2.5903357833983338,4.0330113539574262,8.5353129392057809,0.88562507595246931,6.9423899733772041,2.3198440278554435,0,2.3972520279698899
0,0,2.2830446955045289,11.98735198238988,2.2929992539102955,14.567573277135661,-6.0570374879359683,-1.1421722598461936,6.3104539857257382,1.6845853678892708,0,7.7092859745482025
0,0,-1.2207040735660371,10.955221597914019,2.5510629688061082,10.515473249291379,-5.9483390485467424,2.3464482969409159,10.919867787869165,1.6080798134908458,0,3.575542739722076
0,0,2.0805069812389521,7.5700016492384714,2.3926511134875899,4.001554110470666,-3.3269898449144235,-2.5306952181576277,7.708024193128395,1.971801165662137,0,0.14816483881868542
0,0,-1.2920134936677736,10.663379192759169,1.9235268773417169,-5.7780990363859104,-2.3859186086022226,0.064386970235392305,11.741142307188159,1.9438289767123578,1,0
0,0,-2.2166662471102927,6.631036791600927,2.1121812815207575,-0.21048885572535145,-2.0612766393301727,-0.088085609078716764,11.610214104824124,2.5099176809183255,1,0
0,0,-1.4659078476313805,3.8444441246672776,2.0302963911381524,2.0532782201327784,-8.2393341388349608,-2.5564912067231935,5.2701114687280981,1.6085475067469326,0,5.0293518283589389
0,0,0.46385882625162234,7.3426196565101591,1.6126544191551786,3.983309822028839,1.609510761629912,1.3046753482496847,10.180069160557167,1.6160153881026371,1,0
0,0,1.2850985379225568,9.6277545236130386,2.1566032983057593,1.9505307478733445,0.40160578988543011,-3.1051837172708159,5.326795628191161,1.9192945478678083,1,0
0,0,-1.9027134541265909,4.0271461772857116,2.2310995657909571,-6.706515881764318,7.8734313041909632,-2.7347323629601425,4.5768636601182333,1.8834014607680276,0,6.8254057469373208
0,0,0.5507625055798071,11.65536809475979,2.3947846940568107,6.7410389975111169,1.3987738935791336,-0.50691341763462017,9.463487292147807,1.8562552515547146,1,0
0,0,0.62945034047045434,11.432931826519443,2.3220713111748985,3.8642798676367436,4.8903752307309656,0.041680451365754045,7.006358134914807,1.6837936408416487,1,0
0,0,-1.3609248671348213,9.0323771343641113,1.9511758721183798,-0.058466508959670364,-0.50320274802800713,3.0261857820317655,3.5256721165513016,2.5522251739694837,1,0
0,0,-0.48054761107479749,6.5728915514229369,2.0070180740822927,9.6467640593973005,5.1349141794934976,2.2124883801616422,6.2137268915061803,2.4970154768949011,0,7.2234199920363782
0,0,2.9612934776524975,7.6101034360101893,2.3959352660648454,-1.0021858461616568,-3.5030830788533538,2.1539448158875292,9.9410847962493882,2.3480781035163996,1,0
0,0,0.15708595793129554,7.0535932682197426,1.8718539054945782,3.9465021469356922,2.3800095372573504,0.039665013718539921,7.4145952113681002,2.4178471464876816,1,0
0,0,-2.1027458552338434,5.7118651267774041,1.618701418516638,-5.6771050069870457,7.2949006440893136,2.2520060940392028,7.684144819352114,2.3641608796719944,0,3.7836303650327339
0,0,-0.025107791909003474,5.0364488032188142,2.4393099366648228,12.770482043888519,-8.9754224703613357,1.2515377259451332,6.6755709119447486,2.528590841259124,0,10.939222451455818
0,0,-2.649599049879781,4.8231305204327661,2.0003996263246737,6.5046390674919436,5.1241264898830812,1.0743277922649836,11.888709486911736,2.1473197322357609,0,0.18703323518960493
0,0,2.3740365513782127,7.1410734753124014,2.5011683159329015,1.0838394850829012,-7.5942778379944214,1.0345594362648507,10.375012546545422,1.8991429322781292,0,0.36913281625618016
0,0,0.9413782861386002,4.9240900034969988,1.9831568780032585,7.7609988740212295,8.8948204899354391,-2.1911805289796895,5.9703047404645613,2.0813976603469087,0,6.3025326459305804
0,0,-1.1509668611432726,4.5901352446107442,2.0960027258589422,1.8080773745635812,-14.034162591774416,-2.4527079893728807,6.3516457910118884,2.4058037746305119,0,9.2577243353664525
0,0,-0.16290678724028496,6.7442481979838016,2.331071974967394,0.36149772119911444,12.365533345478839,-2.8678233788260461,7.3525999867110752,2.5609844296662523,0,8.4473472561767959
0,0,0.476984312505913,4.8589736114949886,1.8543531512550213,1.8419229874547014,1.4714254490487324,2.5601201125729638,8.6911268226569778,2.3855859059095712,1,0
0,0,2.90607959852486,9.3671389830692782,1.8306210423149172,10.071766670675773,3.9197899103131708,1.0564204176290621,7.3050746828977307,1.793871989798494,0,3.0572284438652568
0,0,-2.7945036172492226,3.6427010788222436,2.0965401495009277,0.11379221209906581,-0.24194911267675812,-1.2377890267992282,10.448174462882758,1.8398804048624995,1,0
0,0,1.2422563794673795,10.880302305405991,2.5143141801440749,2.803200080761366,-1.3800185196699677,-0.070897863625780211,4.3101436155255239,2.3166230053485228,1,0
0,0,-0.17862683502069743,4.0410137544420177,2.5264624897586474,1.8346846733182405,-6.522145873533673,2.0768345807411697,10.484853476581975,1.7758745807907879,0,0.20666495178128561
0,0,2.4369568294512209,5.5714570602735876,2.2639417343717332,-8.9662593799874895,-10.034029304066935,1.0866209604457184,11.986098237782247,2.2408452944804633,0,6.2273700263011094
0,0,2.322791232076109,7.7164600966832646,2.116852386506852,-0.020418259855403881,-0.01101766135892867,-2.4667599023846938,8.9106067224455892,2.1438873734030333,1,0
0,0,-0.24004344981143566,4.7922350981489892,2.5927513083362559,-15.349686395151117,-4.1067547555132728,0.77909769281141861,3.6025365095803825,1.8636262367945746,0,11.139107578560489
0,0,1.3883960200793544,9.2190777968724937,2.587547798332329,-1.3073880979619814,0.90681151244817382,-1.576803245672479,4.8040393935269119,1.9064577485458039,1,0
0,0,1.1771992676589997,11.872670889025192,1.7012305604361548,-0.16258648196280959,-1.1624490925943318,-2.6682109530087565,4.6571063721054236,2.0989897287800598,1,0
0,0,0.90156944806330053,8.474439937592253,1.8854044154967791,9.899057445415643,-11.319698843393041,-2.6711485803570296,4.2711382947754837,1.9419576466342532,0,12.069133558772474
0,0,1.8041768495214123,6.3382094014441099,2.0467049744654267,-13.717259538228388,-5.1258983691662658,0.26561318593240912,4.549495763466731,2.1093126050020166,0,11.199934196856246
0,0,-2.3533877676524737,7.6244459795999404,1.7453931038991168,1.7595576378148079,-4.3895077369435214,2.3116952302688398,5.6297718995511303,1.8651661052808373,0,0.61427542862304008
0,0,-0.46869325270224804,4.7695763539277012,1.8942282109930848,-4.3965807995813737,3.6945341003469934,1.3566909175455359,8.3397223985788358,1.7939952492200275,0,1.6377383193318424
0,0,1.8709590229871207,10.443635740049025,2.4570915411082113,10.492440207676335,-3.9193303942286084,0.34984187700240232,11.631462270440965,2.2877167023500915,0,1.9311326905163517
0,0,2.4205234720719524,11.951206894183839,1.6996823430486594,-14.497332240528159,-5.0660064917684089,-2.8710350103104494,8.3872163675404607,2.2576529035613135,0,8.4014967026744412
0,0,0.034881514727487684,6.9357307381852777,2.0614543961021581,4.3717238194562569,-1.5614030569944963,-1.1961932088535452,11.842128782569237,2.4419589218740372,1,0
0,0,-1.1978845676502745,9.3895745153011418,2.1689752452607429,7.5005437459115365,9.8502421423885664,-0.88660000681773932,10.835130201650941,1.7896911726237033,0,8.673084323587851
0,0,-0.16110162550280327,8.8653786932457042,1.7668095034219737,-9.1478093005654575,-3.5068492286467006,-0.89469455187775182,10.096256187883807,2.5244465138774199,0,4.44362386607094
0,0,-0.56833878304424701,8.937537274635563,1.7622828669024715,0.028854359156998549,4.4610937221626692,0.75864100289158287,9.01459234198256,1.7523743033543502,1,0
0,0,0.63813899620491599,9.2141019093212364,2.2468460453316554,-3.0550931909440693,4.1641793263203182,-1.5345195264198546,8.0681767178869421,2.5288191582593775,0,8.3270014493954276e-05
0,0,1.0754244981020999,6.1407777155177774,1.8334075700228496,-7.4625538729995462,6.3139912053778655,1.6981640501128119,7.6533474609343344,1.9233210671157002,0,5.6371060057920541
0,0,2.3632052424272016,4.0770767288873229,1.8018064806591481,1.4354012529019717,-3.0145613698275935,-2.895900084703265,8.6683238988003488,2.3477061656364837,1,0
0,0,0.46336108963030043,10.593148709572002,2.4205124260740858,1.8681762973901672,0.35681048347912681,3.0797606943417088,7.1401694077951117,1.958248643828759,1,0
0,0,2.0617969098169029,6.500182945933469,1.7727548460344389,1.3579828549146,2.4343435640847852,-1.4150013293604642,9.3762091651042176,1.8677354371615229,1,0
0,0,0.0024978723735618047,3.6811171040117419,1.6055777428730524,-1.6852512022927273,-6.4085117015997355,1.8877864593229656,6.3193853273293268,2.3835454913859562,0,2.2281168625081449
0,0,2.9378135901122349,3.5525818600028609,2.4929869014140884,-1.6051625162931338,2.2024814955183634,1.8357397935150868,11.213391417706532,1.6731255633036253,1,0
0,0,-0.043895180845229032,4.5120574942435052,2.582807127611126,5.2905494991917594,1.1372348878956939,-1.3542065350302639,11.365987161904624,2.2805307429350652,0,1.7585458170725552
0,0,1.2287667448705673,9.0019929768652815,2.5527599760265294,1.5944208949897247,2.5751296173063367,2.7386290683579189,9.1608644220286912,2.426024171021218,1,0
0,0,0.85836310683381845,4.1375593918169491,1.6865968434762539,-2.4405703623968211,-3.16062843506807,0.8986028277313336,8.0006440760450701,1.6654432581876009,1,0
0,0,0.30356473572877674,11.217035647847192,2.3781075260478284,-11.81647020840753,-6.7605377432744174,2.2550695987808878,6.3462289788861677,1.96181744643921,0,6.8000417836278748
0,0,-0.50769194225795555,10.77083221124478,2.5510363123950244,-2.9328538583786079,10.154269889233769,-2.3701181210141211,8.3541492213079032,1.7994231135337708,0,3.1108977064407064
0,0,1.3967798407112841,10.349474299134268,1.7599180464205926,2.6774092510428789,-0.57077018783282296,1.6295402052859567,8.2341596178863075,1.8461321459298565,0,0.0079994759361506299
0,0,-1.582031972108626,4.751867759343904,2.0561974517261032,9.0393230440505867,3.0770860138341591,2.0065807210913365,6.3253951276523264,2.4785004262598673,0,6.3000086481689292
0,0,2.784338861754529,9.4372446214346049,2.2881656305764073,1.1255480998547456,-10.496589225994056,-0.09677538506371075,9.9448602937957773,2.4791605422737835,0,6.7784023557955004
0,0,-2.334125090881968,5.2716234937021085,1.7706671945863506,-8.3385819879519154,-0.35865807613459527,2.5434387731698962,4.5092224661931741,2.4035884122732893,0,3.400887874097883
0,0,-2.6540161146735937,6.41485282494925,2.2846397739997197,-4.1488132743699531,-4.3415990811180754,-1.5923454830403807,6.0549441439560905,1.7108045054049821,0,0.26936355399761558
0,0,2.7033042987261915,7.7849187556269719,2.3634025692959235,-2.9293315805852469,-15.016302805301208,-1.6082787886824725,9.7594431774440853,2.387360921036477,0,8.6997158751786632
0,0,0.49594948189679666,5.9057250018706133,1.6407306187890649,-10.259743075653914,-11.541437379711532,-1.696333264023449,9.2870989859799664,2.1712605486631418,0,8.0826948299419961
0,0,2.8979963006356115,11.339471634420685,2.5677969102887239,5.2716220240294813,3.0233134847500613,2.8799407840316427,6.7014506418642954,1.9244053587018302,0,1.9358006663098704
0,0,1.3254048251001489,11.603395812420784,2.3983147613839106,-3.6938413618852817,-1.0764257038203706,-2.9944979581010238,7.283183417147657,2.4402636268387536,1,0
0,0,-1.3742095560584644,4.429136588626255,2.1529785139698627,9.7880597237363123,-9.6072920085185523,2.7209814719298846,10.510097026885632,2.1014874348547243,0,6.0064309228663273
0,0,1.363486478819679,4.9901521507027464,2.1514939790642309,14.255199991149967,1.6935017095701419,-1.4575994414380584,11.95985826542255,1.9306713787493486,0,11.582888931071309
0,0,1.0689987951703062,10.252541343690003,1.8889522019960694,-0.78578672967589647,5.9064210633294971,1.3033699267371732,7.7165254993358294,1.959873150271731,0,0.73628487020685096
0,0,0.79821087404281599,6.7964100925393165,1.9226296269462495,4.2630816900836539,-1.5538410795452469,-1.3776205034886524,5.2018158985641616,2.4185568952538068,0,0.34905105567501504
0,0,-1.9274441743539501,7.9186086591111842,2.3986430994908181,-6.1797127213736971,6.9479115029175302,-1.7292807307249884,8.0778166517080301,1.9621816707003432,0,5.2602492239457037
0,0,-2.4891425882735985,7.2193186447672417,1.6148481379768238,-3.8357262476607432,3.2181934814086297,1.9796943974369636,7.1601588814680106,2.1386759077432536,0,0.34625729884203676
0,0,-3.0499805241649631,11.702609430792055,2.5968036531044891,-0.37552130614896045,-1.7818572537628643,1.3036181025150615,9.1419493112269468,1.6209299505857082,1,0
0,0,-0.30658516325357832,7.1173798448742538,1.7096816866836877,-3.371543716138536,-1.8641024663444981,-0.61373928269495615,11.606755320013033,2.1315125228850738,0,0.50912310094666369
0,0,1.4345368832182315,9.3389649533738019,1.9356616885281783,1.1507811654331963,5.1068660603149008,1.8473033713891667,11.182868633769573,1.9925859148556877,1,0
0,0,-0.27351748547065791,11.461105582610877,2.0021012649868126,-3.6401660225260666,4.8599178328169961,-2.7343732200227624,10.907267864687917,2.4928802078761074,0,0.27323684116380054
0,0,1.4522810193991216,4.1357112613305107,2.362612566987448,-1.5721977314786018,-10.625365336006405,-0.7216862254160672,4.469719871045954,2.2235056835515472,0,6.4941192641760885
0,0,-2.7444376472683771,5.4403220677689657,2.1455632703170027,6.2671873462851702,6.3943625279672185,-2.5505314087867026,11.795232846075097,2.5170797058060899,0,0.028366195366290366
0,0,0.32409510150189913,4.2134874427082822,2.1475663072815112,-8.1906412774239232,-7.0787104592382581,1.6100874464857089,7.5330138059638472,1.6204432647027178,0,6.075853996988811
0,0,2.3130076359759659,9.9987240217274831,1.7270454342747188,5.6084891719646537,-3.2754797504173645,-0.83701318287999626,3.6628632839913404,2.5748437432779752,1,0
0,0,1.4174261857588508,11.219406467964234,1.6193238614074015,3.9603380197216893,2.8880290213964912,2.6814982456195482,8.5252626046150333,1.8198786798382662,1,0
0,0,-1.4160516716365594,6.1936350681253813,2.2773978572816151,1.7546072915363149,7.365958762217959,1.8545316804794201,10.511920451388926,1.7721231038282577,0,1.3328505698018116
0,0,0.72722974619632375,10.990717120262474,1.7431324843690204,12.365547358101256,-2.9626318395222202,3.021144298800273,9.1630234046114794,2.3803878871609507,0,5.3396739033222351
0,0,-1.1383485064683407,9.0073927955745816,2.2048828550736701,-0.28815260982506996,0.33823565322031701,2.6619957221066182,4.5170643128517129,2.3042429066959764,1,0
0,0,2.638718298383175,10.562824205216849,2.5263268471224514,0.073407346763065318,-7.9444873466764321,1.0423720735296991,10.73791532349833,2.3212279426011069,0,0.26556947458281427
0,0,-2.5816425461011452,4.2320613159019347,2.5660901474955695,2.9605314409211028,0.57621939552725554,-0.13205714485363629,10.906691197911076,2.2265647817896239,1,0
0,0,0.96606685134580861,11.893833311142661,2.3443936628225259,-1.6504345057557788,-4.6791841842021347,-1.7769358578158152,11.799243383028726,2.1596121027163182,1,0
0,0,-1.997730687811105,7.2380043529965796,2.0538180463824207,0.3920616243444256,-2.4756618522384932,-0.79160353850928766,4.5602779929549273,2.5174041352901311,1,0
0,0,-2.5964010535094788,11.424952989393596,2.0097115835388113,10.074915101046743,-10.887617982148603,-2.5240400294258833,11.752037374497442,1.9268751030095044,0,12.331784271358842
0,0,-2.2337519860380959,9.5983437590820078,2.4110392399310849,2.4879084708311847,-4.9661875614524007,3.1231224358593472,7.529668951739164,1.616034810942824,0,0.31673831640463929
0,0,-1.5109419462576954,6.9842838081474277,2.3857205614999599,-7.6626705307119449,1.3352992408779487,0.10013333814392267,6.5422650478460138,1.9154418137065035,0,3.0691676944958339
0,0,0.27496112816003526,10.44136044511189,2.3013622744601223,-0.33826706067547324,5.8911437940292748,0.83724354452806748,7.5288842285561541,2.4247924624177841,0,1.5783785518375069
0,0,2.9731779072210376,5.2669520807586938,1.6652925235767537,-0.61573682307172062,-4.1608236369093072,-2.5724679539637085,11.902939836605064,2.3751061476657096,1,0
0,0,-0.77715441449582823,6.3603047826667094,2.5224189597952713,1.2257346568701135,2.232187492361271,2.2599818542732137,4.7535724663628152,1.8216340206942454,0,0.036022635225132979
0,0,2.2633329333044454,8.7634522683526441,1.7392644927832954,9.4797701335500086,10.757947806137503,1.024646386043254,8.8573962527386421,2.4603310945016617,0,8.7073508164315978
0,0,-0.97183239701598634,4.3420785706535359,2.2216771684719285,14.966483226070316,-2.9202002786373442,-2.7714933134206645,10.246970219534948,2.5903523827975605,0,7.9505616832320998
0,0,2.6723384080649524,10.52695948327292,2.2225910265329403,7.0852261048347493,8.2620589871967454,0.58820668250353147,3.8900732906155682,2.410549297380471,0,7.1755361548877215
0,0,1.36384221754696,7.599092234051751,1.6634874980392356,2.0416879688264737,-4.4267317090432439,1.1088819382416597,11.58927961354224,1.6008562860940083,0,1.2369937881570379
0,0,0.94739561479140555,10.522271257598199,1.7031685503166687,10.378605264950883,7.8374438899170569,-0.78939178915138797,8.8581977024800338,2.2173063166206135,0,6.4495831063230691
0,0,-1.8871066653259141,10.450656118299026,1.9783128244051129,0.96725068453811847,3.1421460242802217,1.9233383580980306,10.520599941724633,1.7191742960825303,1,0
0,0,0.25110294698600555,3.6460736377188412,2.4801003163381976,-2.6410505715596866,8.026400189706651,-1.794175493944187,9.9791949396704922,2.2311931586974323,0,2.2429532559787311
0,0,-2.4704581581280083,6.1045482721402955,1.845967091232505,3.326128852000187,3.5381793955302903,2.8990123657686571,11.770424516772659,2.2209481122146153,0,0.14258515975197042
0,0,-1.1143631162381333,10.531436054337094,2.1901090519403268,-1.826083403537869,-8.6451507119511479,2.5168964907307378,11.147330525608382,2.5548135574123423,0,3.3600047064606331
0,0,0.90186362844049039,8.1448168394431999,2.478639049640595,-7.7326710422007308,0.53755107287267623,-0.73453623278500002,9.1459414442310027,2.5250184629021812,0,0.51429967617013939
0,0,0.92616350955553806,10.007289477775524,1.988868724450116,-7.3995700830197402,-9.5083811634302169,-2.8458343277596394,7.996185621794341,1.655788287124206,0,3.3616855514667985
0,0,-3.0651160252426757,4.1841128603695079,2.4432475364398671,0.12812992426632044,1.0901321339430308,0.26408860911454735,8.2416471825046891,1.8642862214168452,1,0
0,0,1.6733264177975871,6.6158349317020511,1.8341936487551722,-4.7877496049462538,-1.9885682550122554,2.6482498039274933,6.0365192932857514,2.0632058256666008,0,0.9719829972299221
0,0,2.3433791389456626,4.5087993382145175,2.5873975895553607,-6.0865693953078432,8.1368099740190587,-1.202257079143771,10.785590936187447,1.9476710038430873,0,2.479386379461364
0,0,-1.5834714532839609,9.6201581191717764,2.1537682805597256,-12.041497884591973,6.2930384892545517,-2.4733550977240126,4.4900872916643371,2.1884690608932926,0,8.8158009659109311
0,0,-0.35357798142429209,9.4374457475390603,1.6861441632204031,0.15901931430927757,-0.058827293428846038,-2.274162906123899,6.555930570196371,2.374984474653512,1,0
0,0,0.43932794458125679,5.1044367494628808,1.6633676564998212,9.304801814067881,9.7008065037481366,1.5457725003498535,4.0651325035610322,1.9326748993602469,0,8.6238317827708659
0,0,2.3567811672544616,6.4533648213995622,2.184447269105807,-3.3116984308135224,5.5617126427396197,-0.19972129016339579,7.4732081508046342,2.0968800190054786,0,1.0531278252955802
0,0,2.0715978547336533,6.8170484530825268,1.7383395685685721,1.5927371165923419,-7.6234156336058883,-2.1721258138979991,6.7084576032380081,2.5011480954073408,0,1.41262117393929
0,0,3.0509777286519038,6.6956235738952667,2.4835040910590709,-5.9909111866718838,5.7735168298828725,-1.1761465555714758,9.7458969926477721,2.345464352512411,0,0.10022500106601108
0,0,-1.232754568693972,9.1851718178844379,1.614570375213966,-4.6701107411001113,11.093655682182003,2.9674718435772549,9.6166050339259002,2.4858693084673176,0,4.4780808332767092
0,0,-2.133736518275712,3.569355372202212,2.5499651275222557,-1.8333779234519947,2.0860182848440187,-2.8167791928777848,3.8123481715162604,2.3908574826325788,1,0
0,0,1.1003505747210118,5.2126297232339525,1.8489689530848799,-1.7420327628263987,-3.2993599716351696,-1.19149986049506,5.2045836500751061,2.570880673255683,1,0
0,0,0.80761653302629544,4.8077553850980017,2.4263913280667659,6.124941679377371,0.18008662005456222,0.55349370597069525,9.4227472112088186,1.6825472450222758,0,1.0897844747576402
0,0,1.4273378574882454,10.216015520277464,1.600463349139899,-8.9267411804243615,-6.4386771078358249,-0.76108265830524457,4.1962715465857787,2.2531900419562665,0,5.5340613828648664
0,0,-2.0659548679642725,11.966227466021225,2.245273226387329,-10.623842372757807,-1.4069720973142588,-0.14264859494434079,5.4626025647815917,2.3413903185795846,0,4.6119909242322059
0,0,2.4812094517043972,10.757315898183958,1.950690320103921,6.3338045444791202,8.0638931403671279,-1.2670745615128838,11.500298537796503,2.5863237531612731,0,4.9376078505751035
0,0,3.0787403151526398,8.0009825479019714,1.6591838402901025,6.5441835436696136,-2.4963485749539744,2.6300984373088863,5.7470366589336068,2.22552320794565,0,0.090596833926374881
0,0,0.6500959763593448,4.5273828063957868,1.9281053838040048,-0.010099725415411801,0.0013172270569413588,2.4907220990302088,9.6864366248294065,1.7837184650483391,1,0
0,0,-2.841506884919287,9.8982540827637742,2.4247948104413917,-12.115173120182844,4.1855416264148424,-2.4783511201577952,3.8088708279226298,2.173049102604284,0,6.8348647373079521
0,0,-0.30440578518122363,8.1608281099335898,1.702971551826937,-0.33003950037342683,0.54219207669044633,1.2856049435394779,6.1217610884691727,2.5747236717456028,1,0
0,0,-0.95247600983734992,6.3110606349694551,2.2364620616004061,-0.95709620454335964,8.9024330117017332,-1.9066753198888313,11.79808276292605,1.9549205751061534,0,0.44478911179357183
0,0,0.96449765774671015,10.064876897510164,2.3804870542379462,-7.6894785220497903,2.6438858606590658,1.9318235847762599,8.481745115311881,2.499191327709676,0,2.4342868389622243
0,0,-1.7155598264754435,11.29706266322901,1.9180380836960045,-11.355206010301114,-2.0783494222794583,2.3207685666368283,5.558643332931025,1.7264056367920082,0,7.2694726454976317
0,0,0.10851209265765194,4.6575040485707184,2.3987027901101632,4.6691988216020892,-4.4076956183099645,2.0260005683712849,5.4823127388187922,2.3688589704345961,0,1.3512269810501421
0,0,-0.54763848980494378,6.8885473040115857,2.0039354690511,0.67963461556996574,-5.9270779361873265,-1.0101345696549675,8.9239034764347274,2.4078420671632665,0,0.63615883846592036
0,0,1.0220876800235503,7.2246845671647035,2.5866486160020163,9.8687309956594795,-0.56847659307770082,2.3073508763398776,11.260812794446423,2.4999058086431494,0,2.2018685723127551
0,0,1.8624484948364621,6.6145654458067762,2.0483630410695999,-4.6068075896176905,-6.9466822780319619,-0.62563725796310266,4.4606328936572286,2.2719631266067233,0,4.3688419707356303
0,0,0.030126607710120101,11.076029872265414,2.4127474225468628,-0.41184897941670434,-1.0534497811636205,1.5898719089983109,8.9224773375306672,1.8245869536443076,1,0
0,0,-1.0486947305860053,5.7731818958487917,2.079859448647043,-0.1875591439579577,-0.40919044130729587,-0.56755947958750941,4.9453857710607725,2.2890888633034887,1,0
0,0,-1.9198965554549008,10.637742651875277,2.4155387853857055,-5.7480743645774766,-10.00273072827142,-0.21863025418447579,10.874765238958769,2.4983288060637778,0,4.3313746913587812
0,0,-2.9514156255234036,7.9514447534167214,2.3628208029374367,10.8667100199474,6.8854778901628197,2.7849650627115841,11.028717176098805,1.6627742815005695,0,6.3382278947929525
0,0,-0.25565458108593697,8.1388549897247131,2.0994129351624431,-1.0069167270105337,7.661258187676582,-2.9491695688409192,3.6167457031933421,2.5493877943527794,0,4.1756111107964884
0,0,2.3378283167586309,4.8710865212299668,2.0628309827579336,6.1322942540823586,-4.1858654720617832,-0.13962421684134396,10.652611353815763,2.0010277669116383,0,0.023107489409775486
0,0,0.11024656281411582,9.3752791743610437,1.6797782159359198,-1.0868724997980932,-3.027188103445043,2.8009711803691779,8.764070372238745,2.0067483555588854,1,0
0,0,1.0661773989624459,6.3777882937428023,1.7618219375763182,-8.1112633821031785,4.7700221302156613,-1.9533424277143794,9.7245703326551514,1.9557646020906858,0,7.0649813831628343
0,0,-3.1300829931192595,4.1271077538488443,2.0869801500166103,-13.21938405641917,-1.9723199887498692,-0.63439820870925923,3.5018466970914393,2.559390077501746,0,9.0453814842066578
0,0,-2.3832252063881127,9.4883072335947887,1.7907068508345843,3.5420586785549535,-1.2194974719722078,1.2075907029188393,8.0253221302919258,1.7485250346843793,0,0.0032307982314273833
0,0,1.9090127846227238,9.2549813186534262,2.118651863544883,-1.159848186289486,-1.6342378477611961,-1.9929664251367589,6.0640591990118846,1.7887270855732935,1,0
0,0,1.3565595610892736,4.3212425932045786,1.6568402030294149,-0.16609667049466487,-0.37259862370828656,-3.0314359614573272,11.87067658419728,2.1015454800238844,1,0
0,0,2.1051858714637328,8.8370066631630522,2.0344038514252825,7.5388149565724101,6.2003172026235998,-2.350425282540499,4.2559369487972933,2.5991572819963045,0,6.2402212778272066
0,0,-2.7016813451202015,9.5156643218098189,1.780863138564728,7.0075622552924868,2.3134582558244858,-2.5037305394065945,4.7427188996582483,2.0104232786560545,0,0.045007511638053076
0,0,2.9504755846431268,9.2063864771135613,2.1172241725459715,-3.0623654801828146,4.7523834660445159,0.41021160918570798,10.964872789189302,1.8664909443123463,0,1.1690258478621334
0,0,-1.7424682328815928,7.0358867111928749,2.561756180326519,-1.3515939599913196,6.3629527071712841,2.9108642199035755,5.9758018810340694,2.2760573832464797,0,1.2081874166220616
0,0,-0.25775916384022768,9.1453973833790343,1.8415546187774559,1.4338822703409426,8.3118885299637721,-0.81595133724781999,6.0071820583963564,1.8958039987043596,0,5.0871471012957894
0,0,1.5609511359961612,4.8356225236574293,1.8148811034731973,1.8857247933708179,1.6096276024613643,-2.4052616932097175,10.122763131300385,1.7272257150957575,1,0
0,0,1.1704198946188908,5.5356735702948567,2.1860055087592904,0.90657396880236907,-0.85569146190300982,2.0021177488751372,3.8406500422732677,1.9920506814977079,1,0
0,0,-0.14695697065109758,11.337565385104163,1.703562689120264,8.3259739173553395,13.542956600987186,2.5253990533927322,6.0108107916237596,2.2614192376851534,0,11.724740912167565
0,0,0.38082877650367086,6.0501986116588862,1.9412773345248506,-0.11132811157811297,4.7216887275321255,2.4262700313577001,7.13000087676678,2.391225660266012,1,0
0,0,-1.468322003441666,6.7460813787152816,2.333204731368109,1.1942586641722996,-3.5854119050076361,-1.9503347390631396,10.799988868182982,2.0865813975977834,1,0
0,0,0.974277603223622,11.52519600436227,2.3028104804962588,6.2576916028369638,8.2656039559877357,-1.0786046031881313,4.5288331679205154,2.2587590830326949,0,2.6835666162666807
0,0,-2.1555351268803951,7.8161307709804824,2.4828029380223473,1.2657186542069547,-0.82692444702001755,-0.25624766707269009,9.8766130737282403,1.9369693982974479,1,0
0,0,-0.58428129203443779,11.939058964224214,2.3559364399441276,-11.115922324885881,-7.0537090383870407,3.0368551193669981,6.2897226444390739,2.5007214639675839,0,8.276849812810374
0,0,-2.1168112168032351,3.958713759683397,2.5924944655284881,-2.1376169394638769,5.1140703412230968,2.4522505189491195,6.4376287464117077,2.2425787728492823,0,0.11772816588807869
0,0,2.4816718990226319,8.2705539743384264,2.1630499914401722,-2.2282611348080468,-2.9982872429182548,-2.4733195297851398,5.8085627415573891,1.8547394496453879,1,0
0,0,2.1332470184418053,4.9303681937745774,2.4667846990322251,-4.177929316741479,-1.6836161797397751,2.718582033227932,5.6732759906347852,2.4930048119093779,0,0.59256164186504789
0,0,2.3231030904225234,8.893360430929512,2.2106584687287429,0.64419238035353399,9.6262663491444318,0.92507969286150971,8.2613746637553778,2.2813916827107956,0,2.0918443687227013
0,0,-0.95092172715051104,10.330938612670035,2.368750958255609,3.0419286611966947,1.9811096346713133,0.51763388231212337,4.6514366897776425,2.3679270891080937,0,0.0080866258981948918
0,0,-2.7086453420705601,9.370391309550925,2.5054493633539527,-4.7843071977592713,3.6070693596869194,2.3394495295240469,5.7040474414898501,2.2337206138193819,0,0.96802650308996618
0,0,1.4945267235500976,7.0197431495044906,1.796073836799013,-1.0496690760149605,3.7208726059566213,1.4802106322884967,6.8542869546640022,2.038750614265985,1,0
0,0,-1.6380689801125796,9.7720951353554444,1.6055850317160174,-7.5766308854039481,-10.33411807317715,1.8664844633760422,6.6263563435780757,1.8813470336267004,0,6.8337296105847036
0,0,0.96667634560411386,10.527311607891434,2.5014314478189399,4.126449892641892,5.2427338446883507,2.7582804295283756,5.0267199682386172,1.7093996404216218,0,0.14105517710809687
0,0,-1.029452694563282,6.715095061236533,2.4065661145096318,11.581607168276056,3.1532793079620718,3.083030723743251,5.4042819209306527,2.4055391970625584,0,7.4378409048886827
0,0,2.9939611208336254,3.9389005092618405,2.3588493016937733,14.827224837446169,0.6645467941749037,1.0269122682738177,4.780479564659883,2.4667014961221527,0,10.538405994037523
0,0,0.12153207714413394,7.3518715196025628,2.0747176287995419,6.8620043948551945,-8.1577728647057466,0.10721571080138359,5.0837705066568004,2.2082503135943967,0,6.7517437411621817
0,0,2.0366867641249025,5.1977881068805107,1.8156674583361228,1.3018416913725905,-3.1954809556231809,-0.86145205766261101,11.844312097693509,2.3597874378983739,1,0
0,0,-0.10995444651043051,9.4628999291595353,2.1823806689785261,13.335908394387918,6.9401293941181308,-2.5442931447031345,10.874293824559224,1.8719817836678776,0,5.1873506612781206
0,0,2.1024847983828208,4.4699936785616625,1.7850842321474514,-1.5268644446900201,0.11720919223200735,-0.26466354721253493,3.7665618437454977,1.928552674749241,1,0
0,0,1.3681446272188893,7.4133989130158113,1.6819349592276667,-2.09572431760636,15.048311075180006,-2.1292402044561767,11.681906865643418,1.9922992305694422,0,7.1744382137823868
0,0,-0.33620369491471758,5.2800879366830884,2.0591473905944166,3.1409144286651833,-2.769091920940224,1.0481252052340277,10.094760284975486,2.5674407145645386,0,0.035016898172664915
0,0,2.7984918534033998,6.7581762405514096,1.9809599643678171,11.922524392968816,-4.58232112038064,-2.4758808486099642,8.8082555513389202,2.2995258621887018,0,6.5379145553144111
0,0,-1.8636132858575272,10.26215313659929,1.8984491838033553,2.8047405353179751,0.57133020359508013,-2.7214703704540155,11.405452898543897,1.7918187252613171,1,0
0,0,3.0436571673723209,8.3087181557366137,2.1907371683177344,-0.73958498411023643,4.1528546764832122,1.7012744042454475,11.302066843931678,2.5618444915869878,1,0
0,0,-1.7842304882511899,10.102454058991013,2.3003983077238672,4.05465705236921,1.6688400486620962,-1.9740033509253021,7.1755656771665439,1.7833924012417155,0,0.90649331446057413
0,0,2.6344218612546753,10.630777355135606,2.5773638080973966,12.287088386205234,-7.2929941695207052,-1.8962505015193518,9.4753131881146793,2.5613890818625045,0,7.2324877343558303
0,0,-0.094768626193788563,5.4896210268946719,2.3995542788567303,3.615069074549611,15.121214995644534,1.40234035912622,6.1088641931466778,2.565670807539191,0,11.065396066899256
0,0,-2.9130172425554046,10.328296933561958,1.833672123955834,4.9406802127731053,2.6771550552493166,-0.70811495919769873,5.7483385339289228,2.5436068095542295,1,0
0,0,-2.1670203168706959,6.6947108562191175,2.3030960914282188,2.5101519290013501,2.6348197485268421,-1.0603693968907035,7.8700732761389602,2.1734890147003885,1,0
0,0,0.45837233724323356,10.419117748345045,1.6392859876119679,8.7724755313845844,5.3477999174142274,-2.4740284011113847,5.8258684097977049,1.8190742511627331,0,2.0212831850667756
0,0,-1.8571145140482785,9.6541989228380629,2.5438350224313946,-4.455416324579403,-8.9275077152598818,-1.1693788716463163,6.0082160294103559,1.7722299639936456,0,2.7127734084114814
0,0,-1.2095204374235682,9.3131291477095122,2.3444703127491198,-6.8120925600580478,-7.7305941828944356,-0.80774492163598532,11.52025977178398,2.2891726565320605,0,6.2217142285107423
0,0,0.40170509851010516,11.482448005532962,1.8209489180368577,-3.807652214249714,0.92201105703430475,3.094302366938873,10.480429562134095,1.9633394934770756,1,0
0,0,-0.45409918985042941,6.6500529188434978,2.3979827532724847,-11.999601748972871,-1.507673391670278,2.1362368575889832,5.875633061913403,1.9451106994825862,0,7.2042559169130191
0,0,-0.60586425125524235,7.9456159113195612,2.1838156768021655,7.9127854498848773,-2.6441398511697849,0.45540792848279033,9.0066126296102098,2.1116644067902226,0,0.91909004319533494
0,0,-1.2726968420063751,5.6557137501898112,1.796065205531264,-4.9991135161170819,10.936054560498672,-0.97071317355308695,3.7798067635282222,2.2258457147599793,0,7.0562822925359132
0,0,-1.3223056264623312,9.2466233815189938,2.4502555401392954,4.1353838770666815,4.2932475956643978,-0.086817918114529213,6.6238845638390167,2.1072193315343073,0,0.36492585292081187
0,0,-1.2330009102925368,7.7583540637941146,1.960052431065352,1.4318582295727129,-10.047154587351363,-2.7384836019911916,4.7519530262634984,1.7380006566151494,0,5.0524967883628777
0,0,-1.4094321051543106,7.0805649897451195,1.7660005883275973,9.3604035895711579,-6.5848000473804014,2.1440572527433952,8.6518397735705435,2.2662189058454585,0,4.6267258182169098
0,0,-0.16938840016312273,8.4214104985098182,1.6708392307791824,-0.56662417798563625,-4.9289616429929035,2.4087064370192754,7.1590874639873565,2.1153693784079546,0,1.3123614222974123
0,0,-0.87679984390206878,7.0929775900725573,2.4360965564121519,1.7147802399055141,5.7381958505824704,0.74761588088408493,6.6744542703878595,2.4251770486302231,0,0.41523009418532497
0,0,1.5355882571483344,8.2131331270746042,1.7632150549120493,-4.9816550984177095,12.597440567450182,2.096321590311029,10.486586806412149,2.1375182134081876,0,4.2068354557227385
0,0,-2.5694413320262641,7.6198637273234251,2.2974991309496464,1.827864009571097,5.8785796940867296,0.34347373043688778,8.5877739063303338,1.7754329646408036,0,2.0494304733584396
0,0,-3.0356000004265238,5.0851786493169087,2.2653541641130697,9.2979290612524181,-0.86045508554312555,-2.778242917725509,5.8812829522670782,1.8289569591602786,0,3.5813440529505227
0,0,-2.7290664148816375,4.0619176407106261,2.3979297908410708,-0.49128191551439637,5.4472774809875624,-1.2236840827719675,7.6213326502062113,2.1042140200849362,0,0.14969714624053188
0,0,2.4503814615106636,3.7510011967973078,1.9171369976865187,10.457995731017746,11.405791599823671,-0.32089809935502922,5.0540889256865382,1.646655647210284,0,12.813896529713789
0,0,0.30444277130567476,8.1548114811740682,1.6590785211739565,-10.749808868519173,-1.593475279052148,0.2505933224429282,5.8874327414786869,2.3996857629339798,0,3.749331188652997
0,0,-0.14072558191851225,10.141669519374883,2.0146204966919266,-2.6481326167798156,-1.4896634974853322,2.9996982114096644,5.4758419234427693,2.3648359644292571,1,0
0,0,2.0647256717219244,9.1726684309595612,1.9119377473568071,4.5268305588032094,4.028871447958517,-2.7130589055254424,9.8953522871922743,1.7307134839333385,1,0
0,0,1.81143736959483,7.5448953853483598,2.1924519997172967,-8.90711542096318,1.0935274888823849,-2.3296555583864489,6.1849175895597588,2.3544089054909643,0,4.0567941274512691
0,0,-2.2961958030229921,4.8362219217623217,1.6716131870910096,5.5541041951079322,8.6459691052207805,1.7093054395925664,9.3941311364143267,2.1383277186564698,0,3.899661460914968
0,0,-0.95557069450358911,10.21697369688775,2.1004768420629483,-3.9435407144674572,-7.8074567290295089,-1.2457627689514317,10.748362892613446,2.5544401465606583,0,3.914678494724642
0,0,2.4406318312078694,6.1201493522045594,2.2993859786803337,-5.0277791575198068,-3.8304287802078134,-1.614995255867375,11.869342248186427,2.1724175736631213,0,0.64196517063322267
0,0,-0.87659070356718072,6.1729578203247755,1.8373344501100695,-0.74395337769370895,-6.6281404001868731,0.020998807836666966,3.8957443028488385,1.84680523317614,0,2.7054699188981686
0,0,0.92229675217629481,5.547923230859908,1.9038187572060183,0.012674486713723657,5.5544877674909712,2.3981736237964499,6.5174279100365133,2.0970091174118179,0,0.30793425029616533
0,0,2.4664529157904518,9.426294262508744,2.1589212520749905,-9.2382187548733743,-1.6151472456234821,-1.0222639041797623,6.831788190289215,2.2667847634235567,0,4.9732239799398377
0,0,-1.6256287061739672,6.8949149530067864,1.654609730283418,4.0658347638336645,2.5192022835105146,-2.3273743618362248,5.282257968896757,2.4787003510862236,0,0.4428568117414588
0,0,0.78563905560358815,8.4598309873415811,1.661769118751395,1.1573134631494588,-0.028220832029027032,-1.8466733954362278,7.3924947698678949,2.0651538568560461,1,0
0,0,0.73289377102126307,8.440000221801526,2.0739423739101639,2.0972842168153156,-3.7054097344463446,1.186662244913423,11.016236333556277,2.2236208128888135,1,0
0,0,2.1991619141946002,5.8515534466855526,2.5444866675827313,-14.109366289756748,-2.1720444763801643,-2.7395844495992208,7.133351086990869,2.0030353716052081,0,8.3712820934835737
0,0,-1.1030762393643019,10.829157022972197,1.9246520786370183,-3.0181073233486138,9.2942105119522616,-0.94216925381966554,9.1458408564526508,1.9695898966057457,0,0.22198812346613234
0,0,0.42252415766967166,5.2581770828178724,1.9870673928223463,6.4278941398880827,-4.7988130326137686,-2.2734051308528813,7.1640825135783546,2.0049298866221976,0,4.9743088428024071
0,0,2.7603591074093874,3.6913687685252277,2.294758578311626,5.4258396407384106,6.5264565451334118,0.59031007720601858,10.798742714749157,2.4070964719533032,0,1.791885874806372
0,0,-1.6983694153902156,11.643047918581978,2.5599231375156237,-7.7430735169137668,3.1013771211396546,0.037555232222003632,5.5627686109909762,2.5883779073811732,0,3.8384811893841877
0,0,-3.0177210098204994,6.0629810939024313,1.8260864090130604,4.1082579809755,-0.40111392790207856,-1.7098951262773694,5.7055800432195589,1.9119742620868383,0,0.003585558205863698
0,0,1.1841426174744374,8.4155291281609799,2.3956626102800085,0.90281559417669111,0.66998630270769377,1.9207208354756453,6.4164560544226994,1.7367089080163853,1,0
0,0,-1.6745062856092325,5.7922455763928937,2.5069136944380817,7.262304197895074,-5.2997609854685805,-1.0113651130726229,8.8338898399029802,1.9559732565510084,0,3.0287146242441789
0,0,-0.83155596213547955,10.594949905274818,1.7165762600499621,11.973992787776037,9.6834892067762866,-1.347769461520772,10.488232331342413,2.4843575635112662,0,10.845523174014392
0,0,-0.13056169285210073,4.9348487821955844,2.4910875243756623,1.9804439847454032,0.4549372267094437,3.0715690167105008,9.1287346464656487,2.5344780365061741,1,0
0,0,-2.9575428227208556,9.9348308079130287,1.6398654796940457,0.76751248420066176,3.4842938344541627,1.1609691941126297,8.1873831020646151,2.5195233402185329,1,0
0,0,-0.67793922192632383,6.0544660139247357,2.2858398996078053,-13.522782357197947,-2.4085796663206573,0.80403488070510232,4.421002621634889,1.7125505165180708,0,8.6432947011266332
0,0,0.32625742114897527,9.8010006254606221,1.7347541053989541,11.306554128898275,-1.9208951636959541,0.43861037894843369,11.146035392679813,1.8718510879797492,0,4.1934941550836218
0,0,-0.74527280916404015,6.684008120034302,1.7807523057409198,1.005851367773487,-4.477426216074873,0.42524817822820404,9.772069917677122,1.7665375805967023,0,0.18555672925621117
0,0,2.2445549479874654,8.785339228462961,1.7936165418607768,11.531266691613986,-1.8216012451751571,3.0169258415047748,4.0607672601352389,2.3486825010522043,0,5.9306968093814918
0,0,-1.1841313487127929,11.479421086507706,1.8127722696972284,10.319782718454109,-5.1335356430340893,-2.0866104474374616,6.256205205255327,1.8448058169154518,0,5.5307805208809899
0,0,-2.8232290728475382,10.122724212019357,2.478265586514234,2.577406467512926,1.4303005294140119,-2.6458913592159119,9.8001474789012857,2.2104077670433222,1,0
0,0,0.79087055865766009,11.536155730789933,1.6961971078705469,-1.3387202401092859,-8.4527586616488914,-1.4748538371715394,7.5913771954346725,1.764555482938702,0,0.66390574227349619
0,0,2.0064340138095247,9.5540661674984602,1.853003338387385,-0.18688754266216978,0.47958415256788872,2.8611823681267836,7.2455647636982867,2.0531958678099484,1,0
0,0,-0.52288119971219249,4.0240394378851727,2.0787272811695394,-8.3396027824979306,0.05580712626521446,2.6625865663147215,10.389224130551069,1.9486511748835427,0,1.8780421531431677
0,0,2.2671088548100933,8.4365875224027995,2.2584696138732743,5.2055639636286024,1.7425600840334439,0.84564025577373192,5.7192753623869956,2.4287491683590994,0,0.97372453901400602
0,0,1.8802630100993758,4.4083074300204457,2.0380769881848959,-0.73730284849955419,-0.47690458202267444,0.44137844042573748,7.8931195298320533,1.7082636736853853,1,0
0,0,-1.1744760759553696,4.7804579721389038,1.9739586659471515,4.3848035013455036,3.9904801946795749,-2.712215692312983,11.595350942511772,2.5037943839511896,1,0
0,0,3.0656092622989357,7.9800033013331868,1.8352437197634432,10.322517233671201,-8.1181430508780483,0.1007456134905329,10.810402873458706,2.340599159188872,0,6.3463238523442271
0,0,0.66857394824608063,3.5886410710537975,1.6277102221051558,4.4190705141296389,-1.8305653868846998,2.4610663161011459,4.9232985437002945,2.3106990524525872,0,0.93635219932694913
0,0,2.8530897260816532,10.3931374109895,2.2915485571964593,2.8816325169539185,-4.5791969743244838,1.8183619036202332,8.690885874668421,2.561733402145983,1,0
0,0,2.9731887630468892,9.737563804224763,1.8463588063519421,-14.758651169936034,4.8921337183518308,2.330447761741512,5.1884090700100938,1.9496531351458466,0,7.8672195518249897
0,0,0.3253060871643898,11.359880554580766,2.203622982024652,8.110586380196775,-10.195401078056712,2.6441202046931265,7.5074183287069323,1.6396844341226178,0,7.8417450798202788
0,0,-1.5447826789550012,4.1850583445969223,2.4369906806072645,9.4168367148351368,12.176470772060526,-3.0588453204739348,5.8858189732217649,2.3794846845366493,0,10.185097017246241
0,0,-2.5464440576416907,8.4624841726237925,1.6005913903871283,-0.12724950084367201,-0.21279824732889352,-2.7791411167420428,10.476662646644074,2.0177265233363766,1,0
0,0,2.9986482639917647,5.9931945637536028,1.9403457671787749,-11.906906752086162,9.2306661760556992,-2.8300961455480085,9.4985161705597374,2.2287941082206619,0,9.2547966883299519
0,0,3.1266690628731588,9.5354131798302362,2.2993270328298139,-4.2075919267595712,2.0670962657423586,2.3334796407285667,5.4308874975408923,2.1643349245971271,1,0
0,0,2.4080050185404458,6.8194941406739948,1.8944605851486516,9.8681086880446838,-0.53643696103075333,-1.06986122458038,8.1787235639923317,2.5137929208379171,0,5.1218374606548913
0,0,2.164405473625413,6.1414069167133594,2.2645430897998065,-0.53091310636351563,-3.5382187410829276,2.4108869108880597,8.3854690721801468,1.6254177644451622,0,0.32926246958422162
0,0,1.3992664533083543,8.427731541057824,1.7454706052415032,5.6858034450900465,6.9590638568158898,-1.7719673942497924,6.7751776322746693,2.5366191319562272,0,2.1897381343367059
0,0,0.80132734538614603,4.6397691083578572,2.083107291214418,0.071593619778940451,-1.4437343517230843,-0.53415121854446967,8.7292174720991973,2.5390250012478437,1,0
0,0,0.87146459135831833,8.5837847951928161,2.0071332608681356,-0.1099577130720245,-0.54567858063410968,2.5607018005391913,5.8521232128040799,1.9327224681709467,1,0
0,0,-3.0743277412722598,8.9071483943423928,1.7201549326701635,-4.8621185290692885,-2.602959423872786,2.2753710264642324,7.9132994682071756,2.4086693963162373,0,0.094901450420336556
0,0,-3.1000136233274378,7.963426986304742,1.9505836835634884,3.7853513575998075,-7.0284719632768855,2.3403492474864827,3.6782377501932983,2.4323797782022041,0,4.0223027671057343
0,0,0.83788625292573871,8.3500943785937309,2.0582188537757644,1.0930543295803257,-1.7403841712425054,0.4883776442357517,7.1253953505353262,2.531302783920149,1,0
0,0,0.20370543853335255,10.169705655937182,2.1242584238390152,-0.93119386762244516,-6.1447545664197021,2.8363193285301058,4.9430666171216178,1.9367788247169915,0,2.7172126856991428
0,0,-2.0837294444378509,4.5482548189629135,1.8138461234921917,-1.7193332892012936,-2.881151475871909,2.7758682240298072,8.6296217243659576,1.6462747395121262,0,0.099790546813636999
0,0,0.82867953346126466,10.954763204206103,1.7584951275848275,-12.444692689097936,8.7453583817616369,2.2197509571496692,11.119243924280889,2.1897844529246164,0,8.5377359531883634
0,0,-0.023060280951076706,11.207875211018612,1.808978735767959,-0.37345277610558736,-6.699032964867067,0.61346626648593761,9.0319147123065981,2.0829981361116823,0,2.2795250328993677
0,0,-1.0736604061642421,11.856375735971167,2.2096965613319606,-10.719839553281789,-7.6690232117808685,-2.6063460527053035,4.9040426297747253,2.2757933485042114,0,9.4812152591908117
0,0,-2.0722104847180329,10.260756957552587,2.0290979162278147,-3.0295529177034997,2.0576131050294166,-1.0571301732425193,4.9840985096390469,1.9160492727275427,0,0.008641573858555282
0,0,2.9858274113132186,8.7649969913868233,1.6068714702409608,-3.4018625457711575,-5.7402470873894522,2.4966561178286097,10.130025103793486,2.485796973987116,0,2.6208496216969439
0,0,-0.9088951628473807,5.7993119350203752,2.0545203895147788,-4.0153335230305789,4.4018663034900261,1.9265338057825518,11.669791681065433,1.9559986433039138,1,0
0,0,-1.80864867756575,8.0549504542314416,2.08285141830192,-0.040958752236945145,-10.144091473708951,-0.22954265433549148,10.567261999822513,1.7652320177414813,0,4.9687310286844335
0,0,-1.0421082352505509,10.339613157660629,1.7376528183600808,1.4971254039904562,4.3642983120575751,2.5473537154661319,4.912742991921168,2.2004397450126421,0,0.56982316283097267
0,0,0.81800033789951732,3.6214078569850612,1.6433818483195348,4.8627973993736973,13.915357813989967,1.8350921175663268,7.5659800161168409,2.0264848588426636,0,9.1542027212906785
0,0,-2.1864695981578643,7.9401273001053791,2.5845583810135504,-4.4586987656264903,2.5582613706098503,2.4585284203522075,6.5166329555077063,2.2921061929872324,0,0.49705638183043155
0,0,-0.81107927306358274,11.333285643688299,1.7596630865787914,10.473156717436369,6.3338816796916726,1.4388215293324969,6.8250444006414437,2.5487374270744754,0,7.6199473900700792
0,0,-2.0565550162347717,3.7986381357510024,1.9489423332126998,3.3942905459639574,-1.4309417521801813,2.7753901571338222,5.0527683369017433,2.4927194563641213,0,0.038243161675115794
0,0,-3.1286549160452077,6.820778071696787,2.0594511480549254,4.6465598710271063,-4.3149333220940234,-2.0462945435944562,8.6501696326375583,2.0291885675659236,0,1.5969959423447138
0,0,1.7407300730105897,5.5668771247788902,2.3303421939793543,2.2844353821595709,4.6757410848133558,0.82316067300247253,4.8780565670113258,1.7510558373869385,1,0
0,0,-0.31831055530450314,10.198413934658566,2.029896511921053,-1.8501077037542892,-1.4681245983202091,1.6201243600763782,4.930411506497645,2.5615568179711676,1,0
0,0,-2.0912472464990683,9.8379489418995121,2.4971133791376996,-2.9063483539709454,0.87091128409813556,2.3846434364336968,7.9975540194497707,1.7094194892711676,1,0
0,0,0.29780554257605463,4.8506553547064835,2.3630850126478449,-9.740657395729194,-0.88043910740509412,2.6735915222043758,8.1447260217297153,2.080674132670195,0,3.4883814490582541
0,0,0.39853404146452043,7.1482131562888274,2.5900984771531115,1.8338642489987287,5.3942435242669449,-3.0282288541655302,8.831600442238237,2.037156562006091,0,1.8853741830992687
0,0,3.1354541706809513,6.9908422514660282,2.0178077609407965,4.5208948570716583,3.8228099521998553,2.7659995874827903,8.5810197891230011,2.0393139879473923,0,1.9919918312647193
0,0,1.3824435255200997,7.7958731052584316,2.1193311196696647,3.8594768827832522,-1.4222344731734107,-2.7448405116382721,5.9651199682347382,1.7533642298637644,0,0.027249826614156095
0,0,-1.8558966628940268,3.5462205155696744,2.546837821638368,0.86651953401239368,-0.60659267543102002,1.695077529826273,5.5366716161686016,2.5462154460377739,1,0
0,0,-0.10064031967464926,8.7276632956173046,2.2619080111353118,7.615792598885518,3.971736930203575,2.3065430666347178,9.9959444689618433,1.975801714066078,0,3.5596673431937957
0,0,0.17936829385538733,9.2413944900366687,2.5069049057230472,-6.8283773625128692,-8.3004407828157607,2.5135992668651266,10.344164383314805,1.8174217295951347,0,5.6149556475454716
0,0,0.63881872156701602,5.1485588650154481,2.0020581991718189,-2.7369729100007252,-4.7784022262444417,-1.9840029098679755,5.3740008471501994,2.4046685189305248,0,0.056365027582348889
0,0,1.5240183795016051,9.8696599809980619,1.8314523063545247,-0.12044621512478175,-0.94458061789567727,1.901917418916713,6.2021247445957144,2.1757203957133786,1,0
0,0,-0.77324684310036762,8.2047915310663164,1.8175210600350948,1.3766843642699453,3.9708879116665043,2.4519737460370843,6.0260999340201344,2.0058021941445983,0,1.6882397552555688
0,0,0.060552952144707461,9.384619665543239,2.2537023606450717,-8.3502759545054399,-1.1114356499211089,-1.023308851297124,5.288993805900132,1.6239763231606783,0,2.2221169790787147
0,0,-2.8817671241266987,8.3415591522452921,1.959033442918257,-0.86764011920184947,-3.3352878825124517,-2.9398849864250263,11.333547281994914,2.2069752325510681,0,0.7702316331410799
0,0,-0.95581041454691729,9.0113429221745811,2.4330754005965307,-5.2301651843741004,-1.2230431271549518,-2.5744782408615627,4.2215371754651256,1.9405945697471436,0,1.6062136453462343
0,0,-0.59848205773489127,5.41472273865344,2.0847795353866649,0.51603046133046981,-10.716716876818685,-1.59582412467559,5.6812432673635502,1.6921580834382346,0,5.5159009523823492
0,0,-2.9747400257900454,7.6339424162863452,1.9759131938098178,2.0134378134446065,2.1138039333512442,2.3917285232122509,5.2470986718367705,1.8660105766482125,1,0
0,0,3.1377436892824004,8.5657092797330403,1.8837221154351809,3.176330546423888,3.0934447358241353,-0.20297647935122853,11.650946593058798,1.8254592501044149,0,0.98705321017966041
0,0,2.8316298771579822,10.73276771426622,2.0632510118849012,1.4510807491316282,6.6620989303835474,-2.5969397206837082,10.878909351882585,2.1721912060505542,0,0.93949066597915587
0,0,-1.4631209366924076,4.8959120292133846,2.1896116209241114,-13.668019906408615,-7.5006675612413893,2.0231416273344536,5.0761489701822402,2.0067084139734708,0,12.710813577387825
0,0,-1.4971023832147805,7.32314519639975,2.2266566182720995,-1.1161596997739869,-0.63791326178071384,0.4506727688137433,8.0018123340713618,1.8091033711061106,1,0
0,0,0.59895525066158362,8.4407060758143206,2.2538546152475551,-2.4029160224120876,4.9598386185429062,2.2129415519435627,8.531850927862946,2.2601944572772363,0,0.013502511296071093
0,0,2.6831245144211815,11.672232062377896,1.9504871823161829,14.281643813742164,3.6621107748534318,2.9188041068784436,7.5780697395305863,1.7622410125109795,0,7.137561437109734
0,0,-1.8659333898177237,10.89516079677734,1.8230407320164321,1.8315190531198333,-8.6917319393139021,2.5309961517003154,5.7518107303552757,2.2197340453254357,0,1.0534810192250601
0,0,2.5401494001833971,5.1881919747847345,1.7409679606391784,-9.2392988187852882,-5.4857840638388389,-2.3596530389014032,9.3226486618540179,1.7679151440649745,0,4.4214299954628249
0,0,0.06405423993332704,11.851526335972085,2.1614667940305523,-6.4664266387488611,2.8520949549175727,1.2325314976959048,8.4727764907906753,2.326212195824898,0,0.0075624195699096645
0,0,-2.7742037570038631,3.9333734465805059,2.4478472387886323,0.029544560660933548,0.004908644102139475,-2.2148093749836226,11.916910012141688,1.7507054208146828,1,0
0,0,0.38123602901215214,10.113927048010767,1.6249889426365289,-14.533341013150169,-1.6227332431514228,2.4448870053593259,6.2044607331143311,1.9878201528174402,0,6.7440748680482852
0,0,0.48771841618640233,10.92043217891257,2.5377065730860613,9.2782442909133067,-5.8145807393431079,-2.00097388109632,8.6604487095072393,2.2726655764220962,0,5.4357310185797729
0,0,-2.0808926671832002,3.9077186171269922,2.2466275129451239,5.5922547416380661,-0.82225570263275372,-0.61229635725022202,7.8547487117546826,1.8233435293657618,0,0.15861592537434435
0,0,-3.0863296226704251,10.964139102154817,2.0782757207757641,-9.5086452031471183,-0.31269255122632339,1.0111603868245043,4.795215469663316,1.7437249165315036,0,2.0338624975309463
0,0,-2.8263817393105621,7.95131746664907,2.1885128629971349,-0.2381505721303892,12.645536470402499,1.7587153004783929,8.4618259986246063,1.8743733146463972,0,6.687338741019639
0,0,-2.0641914927486682,4.4569390436610643,1.8811364221316804,-9.7687763584709302,-6.5858045440740014,2.9495392200001493,4.7228024904124641,2.4111690524816503,0,6.8761910350325257
0,0,-0.65381662714827637,8.1704776314930907,2.0792576191221452,-6.2912669263466237,-1.1594051321818817,3.087300689005585,8.1767023471049143,1.6528497148996291,0,0.71799455571826765
0,0,0.2902715378834797,3.5573319291811742,1.6479688140749964,2.0450849805449258,-6.2348489261446254,-2.2336252299650399,7.5293706658687292,2.4546744277368968,0,2.6635921370606006
0,0,-0.96526437450167091,5.0062597965735129,2.1915047307800091,-11.379176861733995,-4.0710963748116331,1.3950236871994912,4.4179594852551052,1.9653642716786313,0,8.4587893073727436
0,0,-2.7983271649698809,7.1335235597278865,2.4173977073412249,1.7299291443228744,13.425751456307427,0.53790707777792734,7.8238010480668647,1.6258828601859885,0,9.2973606877493413
0,0,-2.9490116492570335,3.6481530100427064,2.2014375087407703,7.1576039569829506,-1.139850716446517,-0.20369478288276088,10.260779671769702,2.2055258547623691,0,0.0022352463988701572
0,0,2.6687130049878638,11.576812611759989,2.0913444056909403,-4.1434821891866722,14.115752267860801,-2.3341345203509558,5.0220258509610733,1.7141678946668719,0,8.1625330805098226
0,0,-2.5424377797132274,10.071218266177294,2.2479654993784757,2.780928582099536,-3.8224023991239902,1.5188504370643656,6.580367175110462,2.0056292506367384,0,0.3760584583103912
0,0,1.2822042499482347,5.3927888764566578,1.6082145731376567,0.2127442785004848,0.0098332410855131239,-2.824134933351214,10.356351793865013,2.1739856219566258,1,0
0,0,-1.8436382655277441,9.8805364196034944,2.4117725762245863,-0.43266066221005151,-2.970459112195083,-1.7896604962354861,7.2826271163672089,1.6647752068997734,1,0
0,0,0.80092597685851441,5.4820010298915456,2.3242310683283587,5.5367729227076214,3.925554129535227,2.1183645542047262,3.5606043509299261,2.3322376380871321,0,2.660043546457481
0,0,1.4149887814796029,4.3185000586194651,2.3127868200285797,0.39951338049747459,-0.15593907977443025,-0.49504748628198758,4.9707536316432588,1.9386211554667903,1,0
0,0,1.6854668213060844,11.010716300900938,1.829993662223746,-7.2172873468336318,2.2984384148615256,1.1190449356067811,3.6656254595511113,2.4972604537900094,0,3.9547612548484459
0,0,-2.449433262997593,11.72327856498684,1.6165341380633387,-5.0509796898763284,0.35437134286788868,-2.0206083451795918,5.6380307240252652,1.8908686190442654,0,0.65611026260180749
0,0,-1.1499523695062788,8.5982010259521999,2.3387670522926713,0.87752572662651085,0.7316694176509122,-0.33075574572077171,10.031535947327995,1.6354663141198413,1,0
0,0,-1.6655500324594639,5.6621802012696101,2.1434503372085123,-12.878291475637669,5.3763806463589141,2.1218499712059975,9.6176128416585414,2.2055289983356521,0,8.4826355265788465
0,0,-1.5912527719248704,8.789338002724552,1.8051067734539701,-1.3343995233898842,-14.38005577928603,0.83445604413484409,6.4899381827326472,2.0906889696285869,0,6.8752568971800363
0,0,3.0130896185802571,8.6175018092134099,2.2556246304273633,1.167000224313099,2.7332682260844541,2.840784218207034,3.6214347016028547,2.4113778055795607,0,0.23418031482475041
0,0,0.92853279739697658,4.8369450645755707,1.9573681198119828,3.2194947319882257,2.495204425577541,-2.1109826271797001,5.8814997365475659,1.9699768067630301,1,0
0,0,1.3766855595609551,7.5586485070056444,2.3837543945020219,-5.4811808574921388,-4.911622277114323,2.9718947613830284,6.9144153171838845,1.9543206521310319,0,1.0360819042789973
0,0,0.22095169453082164,5.1317024804548232,2.3044750743548406,-0.87467947683803304,1.9520166201658182,2.2234501034011753,9.7210568649497802,2.5897923506908809,1,0
0,0,2.5330812193415335,8.3596650109453812,1.8119657393002613,-0.27430790169658453,3.9437743657195528,3.0227621117762613,10.113207173580271,2.1328900634971708,0,0.051523273106635334
0,0,1.2909253154045297,11.223304927780971,2.4153727126636473,-1.4617691689585612,12.241816630006346,2.9959186034008916,9.1486350193214214,2.0063285725605651,0,5.1740205725528634
0,0,-2.8434249347137515,7.7763514713771205,2.4782696671561775,2.7172969552519386,-0.43370655148698162,-2.5925015011658821,10.426153516735731,1.9300257895605468,1,0
0,0,2.113433878515683,11.205482374449776,2.1973530875332985,-1.1950845403536186,9.9736006789719376,2.6132033955762557,10.820989508186688,1.6991064815844101,0,3.5120920612794655
0,0,-1.3106698394314418,7.8150913874305328,1.8565590784552253,-1.1350011679837526,0.90427047734470489,-2.9151992797864765,3.9723380080704862,2.4466026343645737,1,0
0,0,2.8267763755705833,6.7552738231284515,2.4660009523709663,-5.7345461066529024,-6.4009679263645829,0.081641123263842541,10.345209602201852,2.0578646705037897,0,3.6824963859170845
0,0,-1.8502451799907729,8.1928767020499542,1.9291950105941038,-3.9671344886839295,-4.4212876398866339,-1.9381704632236694,8.5137637031440256,1.7377135682596268,0,0.38983067375135988
0,0,-2.3212395674919737,6.1277555137621089,1.7820298643853114,4.7723950151422532,5.9223684228943965,-0.73929040572494564,5.5692729673577519,1.8156746720314769,0,3.6103204337337811
0,0,2.0712332755593543,5.1978230856330452,1.641318887308052,-3.5495440935956268,3.9235973207315613,-0.072478958566415841,6.0033485275553389,2.1683217600556275,0,0.0084419739182839074
0,0,0.46459354512958395,9.2685438335433581,1.7565591588839302,-0.64240759024886795,10.72794739238409,-0.52385758599986865,8.8997033082124588,2.2870910845436523,0,4.7810611310792348
0,0,-2.3727459592314153,10.727666863254575,1.7940641842343417,3.6506595035702585,8.2577664989481487,-1.1282238313118866,8.3685357146652954,1.6944594506477348,0,0.85796703968980181
0,0,2.6517810316953794,9.3208990698823868,2.5466484322781504,3.6047937980114089,11.649577433146211,-2.9234391613343913,3.9681538759467645,2.3356591666245698,0,8.5250149460741866
0,0,0.63044565672823039,6.9960326548804206,2.0807508287652947,-0.33135677939932356,-0.35443398177445268,-2.5258459329539287,6.9815675883486987,1.6206285851623319,1,0
0,0,-1.5705421065363725,10.051472997932352,2.4589071930628084,4.0035666478126819,-8.0548346006771663,1.6480785375263363,11.501979098066876,1.9932197270219012,0,1.3358612583283986
0,0,-1.0664859198027585,4.557084210100907,2.5590474324039478,-0.38216736243177385,1.0230398723196295,0.91447829316866791,8.1925702359541166,1.7878998440438427,1,0
0,0,-3.0000084875185329,10.948901177703132,1.722568621989909,-11.374927836584192,-4.2725558648907391,-1.1169556446094968,3.6175480553528159,2.2007717332385419,0,5.5219198463978048
0,0,-1.0830852946077538,9.6373780389219306,2.3401111143827733,4.8507342256285595,-2.8212369400740571,1.1687851249079406,11.727248148789153,2.0932342521763183,0,0.040938130590718588
0,0,1.5004403546388998,6.7407608001835158,2.2048392281773634,6.7325124555253639,9.3739776929197554,-1.3695191094054646,9.7001722167180393,2.360360110266587,0,5.3243156501070406
0,0,1.8914842229441495,10.151066928605776,1.7040698067790985,-6.1862992047221788,-0.5494333514835481,0.92042707247513267,6.7510784762014691,2.4370891813055904,0,1.7178419801547213
0,0,1.4755505018049488,11.849576381130136,1.9624454571995107,-12.932932599059894,-1.0225737051256643,0.42729155344083392,11.39954294432899,2.3176089911809856,0,6.2783375212942785
0,0,1.98416237388144,6.3267432403464223,2.3945335849465739,2.9522741495904072,-3.6922856906562105,0.88543985724742225,8.9887508265077045,2.0253597250617137,0,0.24815720320147883
0,0,0.79849333970471825,9.5521189992807791,2.0488700675023463,3.8002492660097933,-2.286916620100147,2.2386796452860116,7.1845144718768639,1.9819233299927592,1,0
0,0,1.46900361802465,9.3323575207656493,2.5514787484646604,3.0164486122889449,-5.8957461894141368,2.0953352117010056,5.0828678177360214,2.0779036742499297,1,0
0,0,-1.4145777391724708,5.1605302300563984,2.2951646095047673,-1.6471247828364519,14.501961543014957,-1.408028021624296,9.8809127853144076,2.2457045991070035,0,7.0536627445568492
0,0,0.71017146309569545,5.9025223222404835,2.2946487925782053,0.97606569890723305,-3.3832950360260194,-0.15275772946194177,3.6417921907415263,1.8802378120992325,0,0.059713083833659863
0,0,2.6859838189886398,4.0078592176579466,2.3409284568671387,6.0321714860747466,-5.8797825464412981,-0.21796797349374097,9.780665445773467,2.388878252469258,0,1.7387323162571995
0,0,1.0816267852854207,7.4552844362750204,1.8309520397365151,2.251007312766037,-0.029791716367933825,-2.8092039644346261,6.2013665217220408,1.8001175254642665,1,0
0,0,1.1696644494305009,6.8546581952082137,1.9600452494080463,9.4949827752886868,-12.246037536544753,-0.59777131784150317,10.185798368999434,1.8573640929403679,0,8.0457218488460995
0,0,1.7900188416880862,9.4698175317062674,1.7321628888750999,-0.31194977063241858,1.2004224048251668,-2.1178308742446044,3.5444998869061295,1.864821804730898,1,0
0,0,-1.8634109630094877,9.682713762353611,1.6016311001344996,-2.1231350142289811,-3.4327240393881318,2.1142914365278545,11.364239839595921,2.0767635648082252,1,0
0,0,2.5925236734285262,7.2696758866903952,2.5082187008923524,-7.2984683978626395,1.7329549455956401,-0.727486955861401,7.6141751490504532,2.0020811163485943,0,0.67886331640585418
0,0,2.9951201265878273,5.0056123369513355,2.0859480083413842,-2.7865256505733238,0.93520808936117816,-0.72163667694231082,8.6899032291131117,1.8885399548725275,1,0
0,0,-2.1865503340289241,11.293565272973408,1.9926565675762133,3.7085565088423427,8.1318162982283599,1.0331449093006473,7.7846875739262531,1.9175531430894108,1,0
0,0,-2.2151231119232113,9.4960785994183308,2.3203409592485409,3.2277774933845391,11.25028892019769,2.9741843422871534,7.1794219785220719,1.9413058120864211,0,5.9094004032465506
0,0,-2.9330770466990486,4.9321217289686166,2.0285634531937471,8.4022065566881938,0.81322148434071595,0.75781530460547675,11.698811266366031,2.3503015997323331,0,1.8567386223138291
0,0,2.5545492932385061,6.9998149053418031,1.620717340604672,-8.5427936103854059,4.4097595284264299,-2.2241957202182041,3.6405340131668367,2.4820756010177956,0,4.6962388615995012
0,0,-1.9858229903626423,9.3062223425074855,2.0569812070074573,0.11673455627179663,5.7414222982529175,-0.16095849287662611,11.169815022895794,1.7744232122329175,0,0.036464992732182226
0,0,1.9895956333175038,5.5845439635181124,2.1708976832803737,-11.742938255909484,4.4188916733087256,1.0793836028179165,6.2981960450800951,1.6984322801279261,0,8.7184168150138461
0,0,-3.0813289322669664,11.506562905247513,2.4905807167210634,-10.066604232581673,4.5105577011399483,-0.65926111037651891,9.1355153929812865,1.8943531296079876,0,1.0043724968230117
0,0,1.7232769466881832,11.806249602302135,1.8329578813772343,-1.2032392413485293,-3.6142967902077379,-2.0901159606489133,3.7429664444341197,2.2831856512487385,1,0
0,0,-2.6312450827465095,8.5602585936350977,1.7136727684248863,-0.80148492141068317,-3.7965355507005798,0.29835703953009984,3.7304511427912219,1.8037067593260061,0,0.79029527770657515
0,0,-0.54357672557021752,3.8908676951213441,2.0278177474946393,3.7345767069326037,0.46587015935537041,-1.2431982961633465,10.583910317884136,2.0194473013215797,0,0.64769641900358854
0,0,2.4448853584899464,11.355064843371849,1.9795695804219373,-5.3190353159595727,7.0472071189505607,0.66047481880927439,9.6229874792343466,2.2288034194278161,0,1.9556537708070081
0,0,0.7420621025671239,9.095139951557389,1.7655088098914429,2.2591285864207231,-2.1302932618539487,2.8840597357630742,7.8519494416680802,2.4393212449460981,1,0
0,0,-1.5919419763322107,10.481368446062977,2.0055053853224747,0.2469979530315263,-7.3192536421350392,2.6518849653579668,7.6269052513894557,2.3180401423102888,0,0.055141787148300744
0,0,-2.9492287429682844,6.0639852063025979,1.9238390944016062,1.6933321543220237,-14.684689253938181,0.099632091155229752,4.11212599031672,2.3976692403902202,0,12.391667988126381
0,0,2.3475993057544189,10.080302160649062,1.6733952659094418,14.483332268979543,-2.5822730991110929,-2.7353678003270829,5.950505763567973,2.2137354275850485,0,7.1879285283264833
0,0,-2.6564515422976722,11.054184475293352,1.7809303473906519,-1.410297892976945,5.5393692099247192,-2.1106677979021837,9.6527254299621461,2.3090138954561366,0,1.1752916313182029
0,0,1.0554476215715356,4.766434876574003,1.8693360455435553,-3.0700337708263632,-2.4319614003351848,-1.1448905957362097,10.917987553297795,2.2419237775608067,0,0.20290770692994572
0,0,-0.070316754952732374,11.316906965092299,2.2902841663222819,-1.8889352589730537,-1.2175873636096957,0.14427565990912683,10.970787614165275,1.8929656216748281,1,0
0,0,-3.0380134097526428,8.2140084500347204,2.1361768394399503,-3.0724933703101942,3.2733662598829762,1.3141420314819507,7.7836377088330888,2.3377326180794338,1,0
0,0,1.2488538368794559,4.3396710029405812,2.0888225560657712,-3.1323042529652123,8.591052340751526,1.7846398834948092,6.6854519468996179,1.9290866552965915,0,3.35336781350275
0,0,-2.7395810396552855,3.8851132691331758,2.1969892928371229,0.81837747717814369,0.50491585435998199,1.9594925532060428,6.5772253581033535,1.695488175819305,1,0
0,0,-0.67414671989208275,11.3767196353916,2.1151049429733475,0.71562720103763278,-4.3821479699371046,-2.8967724393988155,9.5990517325943507,2.3844016749249537,1,0
0,0,2.3654387970890074,11.443169299284399,1.8917907393896243,2.5294548548987041,-1.3732923061225066,2.2593985646053758,8.274931656616344,1.8605988374952449,1,0
0,0,-2.6312311350826838,11.351793725121906,2.4976425517121941,4.0740669749890808,4.7330512184378124,0.58248739211609468,8.2125448323923536,1.9044216364999897,1,0
0,0,1.5912737954340441,8.211393973530301,2.141075440301984,1.2514323497157318,7.4723345112259238,0.65805034856225353,7.5670576687376263,2.3966801050084863,0,0.12439512129224055
0,0,-3.0165805202399856,10.451399331715931,2.3843160791335292,-1.6263995591638118,9.4925083367220324,2.8960527945897523,4.2608722279405082,1.9643835642599337,0,6.7420398151809362
0,0,-2.7171953402824127,7.0671851867650437,2.0689200812231148,5.2861104146460614,10.688614431209114,0.16647179887964736,7.4553171910157996,1.651299935817873,0,6.9384720527000718
0,0,0.080124256238800484,9.1929431369380588,2.3770201787599454,4.1585357769002371,2.337908023930146,-3.0988052013031342,7.8157611003665179,2.0569162383235744,1,0
0,0,-1.6751612487529961,6.0079455265713619,2.5387573148530214,4.9082361251240885,0.88317183903891905,2.3201974849016471,11.041513902435021,2.0991220430440145,0,0.04691325370251951
0,0,1.0678511726553417,9.1780191854910207,2.2836936171620805,-9.2668761294550492,-8.9106012875469602,2.2044133282819365,6.6197284439918818,1.6003996753443102,0,7.3000289463417509
0,0,-0.20962098437790377,8.8807845128245866,2.3112639538856787,13.343655231816621,2.962950902398608,2.8686333196648199,4.8859553212201154,2.05231389749959,0,6.5937452346000631
0,0,-0.56400498808311017,7.5838849360035914,1.9242570164546096,4.7637928998625361,4.1772896638795505,-2.4383399183415597,11.295725706500093,2.0244318153393133,1,0
0,0,-1.3775041447791267,3.63072722564862,1.605249351833903,-0.22640270859102099,-2.8279404837597566,3.0950915404064254,11.992809800639078,1.7526900828000214,0,0.0050170614485232651
0,0,2.6380694167803274,7.8268304474127373,1.9927183443321794,8.257264689648057,7.0157483194674555,0.10842184820550438,9.3918969722100201,1.8746840240535456,0,5.6680180753434728
0,0,3.0136750268993104,8.6218120486549843,1.8438551367063698,-10.16863839534097,-5.7941056119234453,0.64142670730050089,11.437559045738102,1.9608998190552933,0,2.1574458665748883
0,0,-2.3462851684498367,11.867864623836384,1.6717706399945487,3.7823594974395749,-1.9889277835171717,-1.5981000395465108,8.4591022036911667,1.7631534555262625,1,0
0,0,1.2984710169102476,6.4190183234622031,1.9048253804278543,0.4401577799134353,3.4760053456717594,0.82548357161661823,11.750211541731227,1.8648544993050991,1,0
0,0,0.31896816509453352,4.3156431470859768,2.2056253232888512,3.2724483941512257,-10.972474102014029,-2.0729645097950815,6.339650319504825,1.6259943900212881,0,7.5874650242949864
0,0,-1.0346639431728644,5.1996479188172255,2.1658796460291443,0.63015537525959242,-0.11751727994726038,-2.3005449778036842,6.5021864270609271,2.1423703123665385,1,0
0,0,2.8619109078470144,8.575951175629756,2.3293021831757681,0.50989427304234725,3.8089373860298905,-3.042398598258703,5.5221886020188879,2.3424091306883521,0,0.52763280549678659
0,0,1.9636234927124034,10.145271834981568,1.8779059996722378,0.4250391349531773,-0.40442108411484662,0.00012477970955737661,5.8977071078618764,1.9614859596881766,1,0
0,0,-2.1341303679102239,6.8957753028673441,1.7790455594457391,7.8229286521363113,-12.519531927520013,-1.8812282332799235,4.9327334560593581,2.3616590994368996,0,10.684989697842328
0,0,0.97734207772341986,5.4152122363428514,2.5517963038299252,4.0898867014866216,-2.4793324740798588,2.1410442030173922,8.3525292203350006,1.7507739314573041,1,0
0,0,0.61987853473561305,6.6004748625343241,2.2898678890394217,-1.5362201976669385,-4.7038239714370302,0.10289830638730724,9.7382515412287294,2.5845309449803051,0,0.60240727251702131
0,0,-2.1967429503523244,5.9876731430967514,2.5244129973790113,-3.4399423954080386,0.75116418338005386,1.4770967307275376,8.9974242945753673,1.6623493114319896,0,0.057070109454634692
0,0,0.16523696975449242,11.511912271772092,1.7140988656078753,0.14954546855584305,0.20273401121259912,0.25122208716562255,8.8388995642698056,2.4314279315132099,1,0
0,0,2.5870448611612646,8.7974681268238015,2.075994713969175,-6.6957197856584783,9.5331072715583129,-2.6648844417721538,6.6464050281727172,2.1133093195123029,0,6.1788513441121387
0,0,-2.0963186759123471,11.32908249438178,1.934179349762033,-0.057802749997082778,3.268616935344467,1.0793779226583879,10.563687741414491,2.2852401448649822,1,0
0,0,0.11376759447963325,5.4853778034400777,1.6186632036506798,1.8111199966538667,-2.8896430181272126,-2.431534969172966,10.748874845852754,2.114609569216801,0,0.10471899218834645
0,0,-0.90862274190390524,5.3154116802270153,1.7884371943824291,11.089925350654466,-5.216771592985542,1.7428868872360681,9.6933089449326069,2.5861216461097549,0,6.7051428360134198
0,0,2.1734223453481505,10.069930590381109,2.5266306464403492,2.8760416148005525,4.1654186015742161,-0.40947414356698708,10.839874413760072,1.6451981965417115,0,0.40333127527656376
0,0,1.7043763441555484,5.4029616398272466,1.6810528546180004,-0.56750190765824737,0.15434937692746692,1.6034180655810131,10.272905676391414,1.835762207024378,1,0
0,0,2.2770483739066361,10.080848554810315,2.1129246517075044,-5.0607403376025806,5.0839780424581429,2.5017812342634542,5.4572581521307839,2.4023272163568374,1,0
0,0,0.75987257967132393,9.8800285087575439,1.9416222148921862,5.8410318933046188,-9.5215575204247287,-0.62674904461897807,4.7140478195960966,2.0261935922832377,0,7.4523700439693261
0,0,0.36112022052697856,10.801158966721665,2.1658044966652947,-6.8729353718322548,12.88563423526654,2.6445287034674312,8.358564009562361,1.8300782792715964,0,9.6394461844793877
0,0,-2.6306639760818356,7.3513376570803111,2.2688482110631973,13.431993104807999,2.6377404686553674,-0.41579563978012146,7.4780065900932451,2.1241073349144859,0,6.2850288642887442
0,0,-1.8152804430338441,6.9673777512875805,2.3049953581335338,-3.2004933617639022,3.9770341807230798,-2.9093296670409465,6.170531872560284,1.6893656194058493,0,0.13814842247397424
0,0,1.8546168073944438,3.7369512679833674,1.908042166247776,-1.8415281172242566,5.771386341454031,2.3329541761456545,6.5822825742595388,1.9170208658324124,0,0.82473273199942687
0,0,2.1083411686653326,4.9809182810410766,2.2124910865283405,-6.2733864443771221,-7.4907942081086283,1.903071526172754,11.508661641394401,2.18816121825156,0,5.873872766036234
0,0,-2.093833453461126,3.5664736332930373,2.4484115840731651,-6.8540278458139943,-12.865425693518102,2.5513183425191093,11.483918480208549,2.1530442959919873,0,11.565338007626478
0,0,-0.20246536098251555,9.916977316759727,2.5097856829156004,6.3769508237066495,0.63144556212887804,2.2970213450735599,4.4668655131630004,1.8252364801820598,0,0.30013470553655658
0,0,0.35325768336560959,10.184877437929156,2.1951574237326792,-0.36617495666802719,2.6064923581346973,1.2639766173947855,3.7267721248392389,2.4038105570138044,1,0
0,0,2.9912273975494985,5.1517427739909767,2.209472972675798,2.9929554872268853,5.4257125333610947,1.3863407342270024,9.8743503624324909,1.8407955429771787,1,0
0,0,-0.60563038928753476,4.4989541643908932,1.729832209393992,-14.806208686574633,-1.3851101432147443,1.3705640373460968,8.1747647465990809,1.641557190173268,0,11.010147046993335
0,0,-2.279962355166572,5.2849456687522869,2.3703656741255958,-3.3335092672382873,1.4778390709519531,0.55908150788821498,8.5894414179819609,2.0375763442079755,0,0.083470366486592062
0,0,-1.573398332941186,7.3047663984824132,1.8494626153205587,5.8261022578733028,-11.347736911720428,0.40503153925488933,7.575777670574908,1.912113652687577,0,8.0495857318808497
0,0,-2.5066898458547624,10.187990159279689,1.6088533498695077,1.7793806052748919,6.7485553135856513,0.076318456857119354,10.229332795039609,1.6581452858924712,0,2.3822647257332408
0,0,0.054718233690821183,11.628977706465877,1.7809482745650418,-10.745688025845899,4.9671183496186089,2.8273791537433706,5.6046435157200278,2.1316684125125116,0,3.5863506522292261
0,0,-1.1910794276869574,7.8255162201333182,1.7773466820840405,-1.505308852260151,6.2391562562265994,-0.85891079495429645,4.279963313837384,2.3157696041033269,0,0.039350855045137773
0,0,2.7378228359424917,9.0806022804841291,2.3882412610393766,-8.9326913793456484,1.9215116855238406,-0.29522338103896706,10.913444099182978,2.471964448530044,1,0
0,0,-2.0969069920889276,7.7162080308018179,1.6992509220999432,13.088297425915638,8.276846110183099,-2.1184169262612409,5.2505868687401209,1.7631296849529439,0,9.0379242974590106
0,0,2.2731626186305487,9.9438647320221154,1.8390157692612525,9.5562461971434178,4.7426580701911041,-0.84252551621170069,7.4296778828212844,2.4016790933501664,0,8.1421463897451005
0,0,-0.92280815780363401,8.3369830836442276,1.6765276803292428,-0.33493846844084363,-0.068107748066023224,2.5433087812220032,5.7627667893456991,2.2479096972682195,1,0
0,0,1.4339430279367233,11.559229201586902,2.5379605973277615,-6.5454216287245766,-8.2349658374298631,-0.77394543472889543,7.9901458146243289,1.9118701040913655,0,4.1076861739965489
0,0,0.60153806782360997,4.1879362134441269,2.1109822776896729,-13.580369591901368,2.8365250130130701,2.273068754651379,11.063352134130595,1.8830584440267697,0,6.9800894600124357
0,0,1.9936474885932647,8.0000207131796905,2.1691647238334255,3.2942805802372281,-0.99734324284609643,-1.5803205181461957,11.740576100971127,2.4265401641330024,1,0
0,0,0.35196642643004372,6.9966104829207874,2.0517157404456619,3.9309785597623188,-2.4139972876196834,1.5201743922664308,3.7816431700184818,2.3799917818742866,0,0.38944387944153031
0,0,-2.4883532888811573,6.8523814151998526,1.8748712625731696,9.5272769665013897,-5.1380269798983171,-0.58438151041999831,5.4157308980785155,1.8053169205665887,0,6.1580991959573481
0,0,2.8327886511376263,5.8281158391001346,2.475155707415972,-9.0462905843179069,-8.3041810341493747,0.517591760442766,5.2704189936016297,1.9108865842298366,0,7.1521880429580049
0,0,-2.9106438390380949,8.9088864985181822,2.0769165617766188,0.65633784890470992,0.34744619167975055,-2.5706922226547668,5.380236986227497,2.5440355471344462,1,0
0,0,-2.2684940373070663,7.5868891819915554,2.230755246277301,0.57593378131099393,4.3927670786060684,-2.7882141724185354,10.83707182250555,1.8783417432984317,0,0.1307820606651669
0,0,0.63219453060839026,4.3914310257949367,1.9781840949122271,0.17255996642533455,0.11026977304987294,-1.630736071834108,9.8405948697453809,1.7652644128742274,1,0
0,0,-2.6905907157124633,3.5701499646993353,1.9458003492907088,-3.4855931516898626,3.127565684141516,1.9780372285254266,5.1636398979062115,2.4387067569518637,0,0.72850829784713445
0,0,-3.0960619483162493,5.9040683153957634,2.4213702084723714,-3.5213044761329448,2.073677674563275,1.9467748078013187,9.068588018987926,2.2279071533961807,1,0
0,0,-0.29856632965009888,6.0836877908771569,2.4622946115844857,5.7112343375473431,1.8164110657244843,3.0655379248547288,6.5399948083967896,1.8837315104204384,0,0.54459708862949618
0,0,0.84537865257561906,11.883166056066754,2.3515245834209439,11.321247099314585,-8.6952205366823474,1.3604587456274668,5.3008708726220561,1.7932083320064949,0,10.977985706830088
0,0,1.6841274659456857,10.969809949726343,2.3415799983373891,-3.2779079488874219,1.7821339661400419,-1.5987388622386285,4.9612786011955397,2.351760682845299,0,0.37110058009196767
0,0,-1.1328414411776051,6.203161295529366,2.5929784606328941,0.92294309481589221,-0.96147205763172561,0.12070797983129422,10.62698548773885,2.0711012445680512,1,0
0,0,1.671493145884865,6.2020363734386628,2.5967989847084314,-1.4334141256533046,-6.4972413470602186,1.828117083084865,11.576613965088061,2.2353654950236601,0,0.15580561646870042
0,0,0.6195055440022772,10.809007715614833,1.9920101158440522,-2.2512814956212703,-2.4194100428955605,1.886193733484097,11.35547171317388,2.1085283019471461,1,0
0,0,1.0242934583909085,7.7246699805084456,2.3849061123992352,-0.13800180238907736,0.072741273628866371,-0.18448146406590693,11.263996693551196,1.7745010924793934,1,0
0,0,0.13491993013078662,5.6428329559442929,2.2236405196892175,5.8293835222112023,-0.43509629312765064,-3.032253539835033,11.600214128763017,2.1362524618295158,1,0
0,0,-0.3702526841146172,3.865508148138912,1.647151008055896,1.099746686930001,4.8313835623877743,1.0848923749615542,7.8039871080866847,2.3813407002098712,0,0.065034945348285272
0,0,-0.015455841202267173,8.2179802508618121,2.128262074719681,-2.129693521439453,-4.6308628061736377,-2.188782356915318,6.7466494050409551,2.1074829917708735,0,0.22261097477023883
0,0,-1.6248912413978445,6.6193948278700736,2.2071248019959615,-4.0475384161318466,-0.33289433632317589,-1.1596274275383447,10.524635896632972,2.4203986097352685,0,0.16186414608817362
0,0,-2.2103253569618939,5.4236799217871994,1.6282160428244721,9.0609819878296918,-4.0507989299087024,-0.079401576791755968,5.5348847785304685,1.8613100335066326,0,6.0348091104079291
0,0,-2.5521054503991074,9.2873966903157807,2.0387224657421634,-8.8063588760308651,-0.22238626069851572,-0.73677213989280288,10.788698576877934,2.1471609232930837,0,0.45235599448717817
0,0,1.4563393572021583,6.680305740066129,1.9712753055363206,-2.3916587058712437,-2.865054223636784,-0.23409328916885608,11.169547463261022,1.9332901812083256,1,0
0,0,1.5432400574670453,9.5866897754772538,1.6841703998039139,-0.035994356429461444,1.3776042968418813,2.3293482289303551,5.9005718277516639,2.3061663700388704,1,0
0,0,1.1932404224384152,4.9766643632553702,2.3816441532944719,2.4811201932421323,-1.0285842504222542,2.2726302197778159,10.515310812608332,2.1757758349550977,1,0
0,0,-2.1077132636426552,8.4693659652278921,2.0750850771794234,-2.4016619998964912,0.95840685414554083,-2.0734788110988598,11.7726027835797,2.5777393280993262,0,0.095551702980298664
0,0,-0.011591894402219527,9.6315101838535391,2.4736635875225805,-1.6216750100853714,-3.8862603794938217,1.9633469149344673,5.9860771140076192,1.9613525030575771,1,0
0,0,0.71813944724884582,6.5519825755543497,2.1188667325022976,11.173781877906437,9.0764589329382961,1.3460741559837128,3.814395855945524,1.9334617660858913,0,8.9990716218858875
0,0,-2.898531488909029,9.9483542618408372,1.7736472477783978,-1.8760729968606025,-7.3392403783047833,-2.8494700747296449,5.4363870003937436,2.3553640184305875,0,4.4755918856531096
0,0,2.7356191625928439,4.2539723061616961,2.157960196223605,-1.2488858286662305,2.6911315292494629,0.36039129000913483,4.518816924178874,1.7980827277071438,1,0
0,0,-1.4177675455312357,7.2867465478296882,2.008177569965051,-0.49127114268427519,0.40255720862849981,-2.0494983263551845,4.2332547452063665,2.1534626726768376,1,0
0,0,0.57294389507690635,4.0467097583721854,2.3716615561841694,2.38094650406018,-1.6570524679330401,2.9948248423196286,5.0410498850202217,1.7399792417879616,1,0
0,0,-1.2343330031917501,8.8358203190791755,2.2422987587719141,-4.3547926396488963,0.80388589413051426,2.9910879499968592,5.5144300194881204,2.0475559385728008,1,0
0,0,0.75919154717720172,11.308293967045579,2.2847643879993447,-5.2005938246768055,0.48733179976380631,-2.1212240771097428,10.996133288505995,2.079568855894022,0,1.0839440820357915
0,0,-1.5764464149942281,8.7558058827560785,2.0813657678783772,2.641409434516913,-10.029638359462199,2.4514460337618962,6.8583481445474188,1.7931239276662265,0,2.7738424618706521
0,0,0.58561357726998953,4.0920164711574349,1.9778643928235318,0.11190830896332252,-0.46324779527463489,-0.66853220025843463,7.5027576907686226,2.3090628072909642,1,0
0,0,-2.8877639342744486,8.4661208578117826,1.9682308808308642,-0.0046095360430575584,-7.3830751096080549,-1.6483096164503328,6.2337689745668161,2.2427904671798902,0,2.8490839582511089
0,0,0.11814491225257662,4.4504018017706466,1.855220878623792,3.670632957027026,-3.4002065287248957,2.9107102494667894,6.499950003072664,1.9724391096215956,0,0.84335623883248545
0,0,1.5777373739603586,9.1668636395415053,2.5654439981467756,-7.4357145114673147,-0.54103323014215854,1.9450206374245163,10.922181531490843,2.2250856680687949,0,3.214384285780199
0,0,-0.42984159534436772,11.434346671815515,1.6326627302246606,12.915458214823515,-2.2925340290677889,1.3222612273055638,3.5809489793094125,2.2259240422629478,0,6.198921246068779
0,0,1.7672144324761057,5.4540666652267067,2.0908697847755842,1.3981609284199732,-0.26594168508453253,-0.18863349655034867,8.839254472066628,2.2653455014121393,1,0
0,0,3.0453082664428202,11.03096252431364,2.190648607342367,-7.7135175669806753,1.5791991669101499,2.6658678031539509,9.3984396332363964,2.0703579479556615,1,0
0,0,0.079194976781099768,9.6383592321999423,2.3826397673334432,6.046054342969132,-4.4057770014375048,2.6915061603084549,10.62089835475841,1.6482018239425715,0,0.28630948965033115
0,0,-1.1019435484210809,10.871762972421113,1.7514623273850234,0.025103902223920286,-0.029465496323089008,-2.0447786764831264,4.389986697394141,1.7033923789275933,1,0
0,0,-2.9345316781110586,9.0933922875816862,1.7369515639493884,8.3685617047682364,-5.9517547842894905,0.79290659133964869,10.717263929212708,2.0051798595417916,0,5.8984085831276492
0,0,1.8319042182858061,11.20932451163802,2.1270562356973595,2.4005760104438125,1.109683250693414,-1.4793870789331736,5.5182443563301113,1.9222079477687535,0,0.12887157509004157
0,0,2.4414888483926918,6.9836182242147995,2.2316879006326698,0.5818492358199977,1.866331756799158,-0.1015443172914674,9.54339700562576,1.7856924007943524,1,0
0,0,-2.3936461463444201,8.9557179089876371,2.2097133067677017,4.3668450134534789,-13.374378698708453,1.870036552481098,10.064187845055265,2.0519162182279915,0,6.6926298007324876
0,0,-1.5349573160356977,8.2893758326286999,1.6937659143574764,-7.4788094771150915,6.48011280260795,2.1542864223399709,6.1119899841898615,2.3565848138358807,0,3.84544389289126
0,0,1.666753879209053,5.3321729693664199,1.6834237887072554,-4.5723458146916514,-4.9697173104856276,-2.1292122399125466,8.5276994547223168,2.4159867543202029,0,0.63204785405294905
0,0,2.1369227895263521,6.2267399924433668,1.6476929501470918,-0.24312156243007452,-0.018641644748761219,-0.36052138709706316,11.332250234319819,2.0847425965861097,1,0
0,0,-2.5469764008627007,11.988196795999244,2.3743109199721566,3.6959236696502376,-0.10640847029623141,0.87879416830209589,11.752840097638854,1.9952523135980451,1,0
0,0,-0.10180164292801885,4.6314313760199557,2.3547390991995001,4.2833465083558808,2.8904318069914421,-1.1843404839712539,7.4373137217276426,2.1210502529167159,0,1.3989368956795654
0,0,-2.4712856259783109,5.5089918770238349,2.1696707497444505,1.4260410744862888,-2.7254127031890834,1.2209347437776961,4.7204918192571181,1.6095132946285842,0,0.016033267136824361
0,0,1.4153673695693003,9.6634311388152927,2.3740378415688124,-3.9083058537914641,-3.0671432659220574,2.686046699765102,5.443255811180304,2.07877505505461,1,0
0,0,3.0150172412637719,4.9248002432066613,1.6653002532323438,2.0569077387609918,-0.2759332963070395,-1.1907560152770245,10.234059662077776,1.6482237334314469,1,0
0,0,-0.14991962898199152,7.2884734595116756,2.4276411123950101,13.100736108384327,-0.42090016177818351,2.5345547434230076,6.2645942572594082,1.7467770953706154,0,6.2451879925345715
0,0,-0.34908221486939928,5.6275743938872198,2.0313395505571963,-0.063685512173318345,3.6219482551565316,2.0857373541048405,9.6897337477330243,2.0210992978135534,1,0
0,0,0.34558835454333803,5.6231432693630055,1.7810776434353022,-14.268027318639836,5.5220303938478876,1.9053449338042459,6.3161993464601602,2.155436303145351,0,9.7419357426642996
0,0,-2.4614048436816289,11.063842884718492,1.8379277356591011,2.0697376891263888,-6.18917092688348,-2.5967315871699879,10.602716916638133,2.4619242148083895,0,3.4778600214568902
0,0,-1.2683168610824465,3.9185352592036677,2.4909934066512225,-3.3889742285596052,15.539130853948251,2.1010936203721782,7.1844236722139296,2.4931535968521179,0,10.102997363894632
0,0,-0.85335302117917999,6.4841250028956239,2.2836019572101218,6.0034805603293853,-2.9499628943198708,0.14327744488392424,6.7714216334741444,2.36837957495761,0,0.094556567577863362
0,0,-2.2637325868841267,11.315015416711798,1.7829134722694615,0.96984699918962647,-11.257126690645089,1.1738211182841578,8.1137961078241148,2.3019679556805914,0,4.7615857472543412
0,0,-1.6100356659290505,5.9043685395003038,2.2540940670264185,-5.72666717337954,1.7838887551120215,-1.8512213939170021,4.5738769003847999,1.9690103252675974,0,3.2177290416367823
0,0,-3.0601158112426798,11.889903231024107,1.9129549501144316,1.659709142642104,0.69006821357604342,1.4478554213795167,6.2810249779079879,2.1375702358647182,1,0
0,0,-2.160545985059565,7.1491974174833679,2.3428747566737593,3.6261446290642887,-1.9210267347390546,2.9408926117278362,5.290980184701902,2.4176713131011205,0,0.0042483675259808156
0,0,1.9144436066042472,7.1838639554766495,2.46453318247368,13.718248877932803,4.1130076466594767,1.8171080147873271,4.2856222068469423,2.4025843266402411,0,11.665824504329374
0,0,2.9169933844153801,3.541062499453945,2.0855640344898889,-11.405540574838881,3.8627224603112538,1.4035886052218034,5.1099543023782816,1.9684075654319035,0,9.0825061515605388
0,0,-0.5077642850589883,6.3934877882337044,2.4144017635465378,-1.0810134693110154,3.5309536905223138,-0.78579093389692156,10.459124761204007,2.1479644781936122,1,0
0,0,0.76180976203018824,10.670850956062296,1.7683924058481968,0.65462250000035982,2.9329691984708544,-2.4451769564641257,9.8621839304303585,2.2547564385129615,1,0
0,0,1.4160531529562803,10.991920697812606,2.1437619328379212,-0.81336097679208408,-1.4513090577717493,1.4400328396786817,7.1747529515483048,2.0067925267718927,1,0
0,0,-2.8721921775004859,7.8718236931363732,2.1233094137505906,1.4966835857994554,0.63515490452396894,1.5192036045272221,6.7230905467307878,2.2982536194201209,1,0
0,0,-1.0441408412416804,3.7708636918322638,2.19996055770536,2.3235998536238354,9.5398848114539856,-0.53239016498956371,5.9861809601323017,2.5808739320926826,0,6.2261737221621489
0,0,-0.69709884889855411,4.782664287491885,2.1653627437001597,-2.2258006689685477,-1.4129656307359337,2.5699889449543774,4.9648679404693752,2.1087150332656002,0,0.072823675260178938
0,0,-2.5685508762202689,6.9247836616359617,2.0393627977748152,9.3865607872241572,-6.6779120384399642,1.1776532720465225,4.1903710735927984,1.9330172640889998,0,7.9448748955346975
0,0,1.6965671224861207,11.501843299328888,2.1475655703323699,0.91934757845099224,-7.6357195111250666,2.0343353633413157,7.4366430371434236,2.0089404106102009,1,0
0,0,1.3150139001700145,9.7840100085106183,2.1888194029943842,-4.474648454679814,-9.8830277142674987,-2.7349803930804821,8.8932658588456519,2.1691162591850923,0,2.2116742442935586
0,0,-1.5034094033076493,6.4455565710811538,2.1944105329830701,-0.42246108537512661,-6.8888788161575905,0.93003899224354303,7.263876932840196,2.4425632957800159,0,0.068953688105034702
0,0,-1.4809154797684609,3.7137676825077977,2.4711951062570305,2.3534881819036673,-4.393410649303334,2.7399421571932807,3.9149263426983767,1.9071740529930818,0,0.96547179505459535
0,0,2.181905364634833,5.1097988600809128,1.6407515591262776,-7.0846588311278005,0.68510346656279553,-1.9095725330907896,6.5732305933603445,2.593950531611954,0,3.0573893034471817
0,0,2.4100997597778937,7.0396867810094559,2.2570515305675958,4.8449982754445085,11.672716898511885,1.1424075883661269,8.5643072666755025,2.0815033021383695,0,6.4085155468300536
0,0,-2.9136507472139139,6.3437295255706116,2.1373178892398945,-1.6961752453544592,-0.029605106540248376,0.059943886764795007,11.253944805709944,1.994740638479553,1,0
0,0,-0.32172596916782803,3.9269927660193069,1.8774697524632393,1.8995104246137007,-6.6238194737254057,-1.7692759022179991,9.40831197141007,2.2731622750595379,0,0.31306861213531018
0,0,1.5008764213079857,8.3579029950621884,2.0285361676657954,7.4124756372421636,-7.9885532931773371,-1.9384466747186986,7.2728165548443382,2.3619957659030675,0,6.4118652838103793
0,0,-1.1210485433618689,4.6257748510462111,2.3838209242574981,-7.6376650643145361,-10.258147473698928,-2.957804726923249,5.4450896689992057,2.4092756211462838,0,7.8643546257370733
0,0,-0.38046925583586777,5.2884329674204169,2.1572063627378424,-0.57768787825892498,-4.0868465292631573,-0.69268904386127028,11.756316700325243,1.849138964807131,0,0.75061843403684536
0,0,2.5398105718944279,11.188435091312437,2.2031514916715924,3.2119917606484756,4.4251931902923536,0.76158017997646832,6.4004923852109457,1.8514568996252501,0,1.0422888825954848
0,0,-2.2603015719960995,3.7038127085160308,2.1603795275018021,-1.3716362107294375,6.1269528464304797,1.1550024280793547,9.0151914420870298,1.7186979538339235,0,1.8300144891857075
0,0,-1.8890307747920891,10.822438837560979,1.6632721310952094,-0.056912519862316838,-0.51732599300166926,0.3374410991635215,6.8324526658403553,1.847840875176801,1,0
0,0,-1.3192794158289458,11.960812535660088,1.7405314912536354,3.931296971875315,3.4374870896843772,0.97364601926264793,7.6229944423186957,2.5850176633538937,0,0.078360705054890026
0,0,-0.85542748092193843,4.7424779561094681,2.5566040954352629,-0.025667598034132062,0.062264207559810228,3.1118577395784666,3.5624907995348787,1.8553460552385392,1,0
0,0,0.83528490526841548,10.104536220019103,2.4094737117167888,8.1165727688893341,4.413374793479961,2.8461138793484793,10.713392801603625,2.2550207903591524,0,0.37888583052738217
0,0,-0.0071092576594704582,4.7673373246782544,1.8315663969447398,2.993319006660581,8.6070860765958521,1.4200044008019814,5.3778206582082646,2.2783009981818716,0,5.0225048544391768
0,0,2.8045859179302335,9.4627489810405283,1.8064590812818875,-0.16250649528258648,-1.1864283916174596,2.5166597381394853,6.0098492774141299,1.6373663046715885,1,0
0,0,0.36434348088184398,5.7860794450109356,2.2680250309653767,-1.631226877048638,-0.25336613083254977,1.741155796147229,10.603219639126305,2.3658913345512742,1,0
0,0,-3.077291791536465,4.5031448790467863,2.3034330214498304,6.6321687737548984,-5.8815862554506326,-0.22807758727248784,7.2863073191833507,1.7554171500012918,0,3.3394434251246725
0,0,-0.080136330217536411,5.9664926881659088,2.4056603958611174,0.5348339965595984,-0.48314266710087678,-0.13529154898444462,5.5039388891418728,1.972211931196121,1,0
0,0,-1.3481290009077562,8.56731371415216,1.6282829803872438,-3.3442575633456615,-6.5478796920763207,-1.3604173275550258,11.863638368701068,2.4684948903044859,0,2.5864886986971571
0,0,-2.1059096506782491,5.5026624851924364,2.1901570889794493,-12.957735828416864,-7.2083683496376993,0.72257128807194837,4.4761791456563831,2.1480519926858248,0,9.4847175727707391
0,0,2.9069308125274986,4.5437911178985297,2.5328952786534908,-0.92514303414785204,-10.668502593899161,0.46017816573234471,6.4284349452088048,1.9279892707020689,0,6.6287428580116448
0,0,0.34023173686408681,3.8130379395249805,1.9076280273473936,7.8747115599896667,-1.6185861840439792,-2.8802657608614686,9.6498357013047986,2.2447568736080554,0,1.7196699320489512
0,0,2.7665509763546616,7.0102147065691698,2.1379970473994288,5.9721636584138782,-0.67437197577330799,-1.2173587926287972,10.67339301816488,2.3840790803162069,0,0.85042003730944571
0,0,-1.9523978813503542,11.840230571159349,1.7255876055211248,8.225831983999516,-1.7034174174770971,2.7361810530154314,10.05588443885668,1.8265672178218262,0,2.3574538545448114
0,0,0.92491232026842773,4.184611780158277,2.5802678722943182,10.155483304469998,4.4312817840180889,-1.2463210958787756,3.7053737623188083,1.9410872478260366,0,7.612483432389932
0,0,3.0819896126522943,5.8583911410486262,1.9534891959567742,14.21558162254461,1.7861568111010944,3.1143996898993036,7.7319229740365358,2.0187692146360465,0,7.341883026721236
0,0,0.53314922139639176,6.2645525784752571,2.5585287408254569,0.5337076312033745,-4.005333164350767,1.246466455139271,5.0540226743518186,1.7978711697257364,0,0.10811713783613726
0,0,-0.27899680946534966,9.1628501382517733,1.9097537095872514,-5.9805709146247432,-1.5968835270517145,0.94653130989769974,9.4782948014827664,2.2887199103723672,1,0
0,0,-0.1853549263922214,5.2467550489215755,2.4615898799876561,-3.2704397394596132,-9.7344965362633129,2.2885028130429435,6.0800619721752369,1.9775276727092206,0,6.3068490942060178
0,0,2.6215227140175816,10.547629656220028,2.3480420275939147,0.85127052795812808,-12.206304749386517,-2.9045941981413179,9.2383956074461988,2.099069339723286,0,6.5552739886988247
0,0,1.1019401892775598,4.8669821611273525,1.7067814804319523,0.85770710389597593,-5.0256402133218225,1.554467428064048,4.9300670412824008,2.3108575329401395,0,0.065734496127636127
0,0,-2.7461231049003381,7.6099315933854825,2.0493342898058828,-13.477632111678396,4.4267895227418643,-2.5739241612306913,11.524778166057661,2.3193480702112925,0,8.157800627492156
0,0,0.0017222026647054633,4.1457306974742174,2.2004560076504918,-2.2571454982314751,7.2242699252860216,0.20948005484412846,4.4911915165344274,2.3016077055578146,0,4.8807827940710649
0,0,1.9340871989650319,5.0294611211802849,1.6105178084053025,13.537911193462399,4.7576426998631991,-0.16043389450841605,11.095439547689024,1.6475151461915181,0,8.3236198180023386
0,0,-2.3800677587369119,5.8249421906083576,2.5466508367286123,4.3671996426844224,4.4397889198507459,3.0036540279410477,10.815768936701176,2.1401917532610675,0,0.85552673630354947
0,0,-0.46423922630357817,10.344627769988074,2.5590112891749937,1.0690180706433865,-2.4432034286246025,1.5206550303119553,8.0989991239039014,2.3980153727839038,1,0
0,0,1.5451284938475682,5.2262081824841875,2.2333967139826463,3.2309341737726895,-7.8730777615802348,2.4047879512925014,10.409327924415276,2.0592189260198013,0,0.99734444394306809
0,0,-0.76001496379195821,8.956410525976608,1.8312786374207326,3.3874977172158625,-2.1929651180376206,2.4648897552215967,7.6668407146882966,2.0509287286230031,1,0
0,0,1.2114748681652632,11.514457038364522,2.1836456377247151,-1.1826558162613847,-7.7169974961194248,2.3792311888349724,3.6725144038328619,2.4715193339516857,0,0.025843576788882643
0,0,0.5496767285824391,5.7438984253076395,2.4738556408912542,-9.049705476382071,-9.2838895328802788,-0.67832748577444768,6.0562748683599636,2.3980039515721381,0,8.5876526689055783
0,0,1.0704595895862958,7.0405971585240259,2.3248639232269643,-5.1206241379254545,5.5595452056302168,-2.6342005933003341,7.5064870382269522,2.0180942868075706,0,3.4965424635798641
0,0,-2.5428688400465216,4.2446130666275197,2.2786279872451551,-5.2735629479277408,-1.9983121230789205,-2.3599255308982068,6.5165338341149273,1.9438047822856901,1,0
0,0,2.8814734628666843,9.2196642927341586,2.0042886770788364,-4.1440011185531729,-2.337548060547098,2.3642693164199056,5.0327448932504559,2.1494099604482209,0,0.34756953113452693
0,0,0.6385543719760185,7.7921802276335654,1.7351696534876573,6.0205327678781186,-4.9143328035070635,1.6271577924505376,5.1491424577806537,1.8904210446613541,0,3.9967051729532685
0,0,0.80128068842403488,8.5912769136177154,1.6264560373194288,1.4537219019684837,-0.42777889843743266,3.1245607995849456,8.430987920044501,2.0592039742197485,1,0
0,0,2.9366306102883852,10.506252928745095,2.5380713081418049,-0.7210099314780406,-2.7809870690620433,0.689610092058353,7.1025387928334851,2.2385812299603818,1,0
0,0,0.54544174816003954,7.6253486903756755,1.8771597258945671,3.2482941055681529,-0.69318583769421371,-2.1975234228615417,9.8482437435608379,1.9870012002622386,1,0
0,0,1.9630186379521106,7.9915201072834385,1.7818093318289054,0.68261593243340313,15.510429792087525,1.4412359278511291,4.5615719034241664,2.3098563041052227,0,9.2797376653943004
0,0,-0.36608259633217832,6.5968479979330619,2.2611715305840683,3.7621726374485691,6.9790281320703951,-2.3717517859667301,6.8736660055358447,1.8874692739961678,0,3.2181624104573894
0,0,-2.0404317744511991,5.6948346745038183,2.2583650622812215,3.1455147844326317,2.0660575591169565,2.0876391773680671,6.3313220014890366,1.6356273479510111,1,0
0,0,0.82552061035097291,9.1023243637848026,1.8873055820716644,-1.9172941942246979,1.4566201239775307,-2.365812324829915,5.9555688954603152,2.5091497528416844,0,0.052133097377518249
0,0,-1.5657108201428771,5.3066727675434926,2.2421093182835938,-0.4427182916190357,-2.2248633261038053,1.3742642945386194,8.151493641068992,1.9815544505386078,1,0
0,0,1.4452149771796847,3.5168135282371726,2.3430973189506954,-9.693501099445367,-0.42820158012697757,0.45800930065090517,9.8144449662639666,2.5408087770960055,0,3.5969346685134167
0,0,1.0261085896411055,5.1820858595812584,2.524482303182443,10.830303423759377,-0.89905591516608718,1.8606875612529707,6.5521241868716018,1.8179216532482125,0,6.6139296408466652
0,0,-1.3890336591205801,4.8634328188717948,2.2561243330228633,-0.27644103398159392,-0.19950528432209846,-0.85448998081391725,6.8062322626085328,1.7837679779183437,1,0
0,0,-1.8177510812204571,9.5725588396490053,2.2210243433375911,7.7145398337270938,12.922627061939071,-0.3467316074076634,7.4472542443050456,2.3723863695674225,0,8.7158930079596857
0,0,1.8186986417651019,8.65173177587236,1.9023815106849955,2.9212324930456894,6.3615511838645382,-1.1593713120674609,11.436796015125188,2.3310901471067638,0,2.4132702900888718
0,0,0.2657810823317055,9.3048603883935677,2.5070272411194683,1.3383093221208169,11.181371785853663,-0.13827891851092611,11.663777024296984,2.2513489327296656,0,7.1517428696938738
0,0,1.7890478345069871,4.8182189107188433,1.9668086886061422,-1.1962887486914096,-0.72801873358463276,0.40332970209058372,11.474952561179185,2.084825818801189,1,0
0,0,-1.6430629925555034,6.7077601306966326,1.9728441748185233,4.9509481877046086,-4.389840516586287,1.9157776114715368,6.873207885420122,2.2607763033673729,0,1.842487050234646
0,0,1.4116271693882485,4.9221362039754819,2.2193080721670366,0.25963281779466224,0.89661262071791925,2.5287544834593252,5.5005290767777053,2.2015120205311725,1,0
0,0,-1.2152594551320348,5.1832414621686844,2.548477822473866,-0.014579588930206215,-0.13755687422369767,-0.82369091450479548,4.0081040679001241,2.1486965229616342,1,0
0,0,-0.53693292917812263,6.4757656757438795,1.8530823689301221,-0.54189133887614549,-1.5948818160142937,-2.1985483976019546,10.064236945927473,2.1351484422092852,1,0
0,0,-2.41808881502519,10.769340560798646,2.0760626346913407,2.9532895283235319,1.8391075168998101,-2.5344917712344297,11.285863365103443,2.4070469852660099,1,0
0,0,-2.5669587836890635,5.7531188011523984,2.2479771101185122,-1.4283692440682469,-0.10162198634287947,-0.98795287566840662,7.8286357793431876,1.8976378161428769,1,0
0,0,1.1315110240808757,5.8959108876248845,1.9133608694191049,2.3254378069576571,2.055124365431289,0.83789462928044367,4.6221440881179818,2.358809938604121,1,0
0,0,1.8421094737892121,6.7666307809430117,1.8311976872082503,2.3073539365198092,1.6862240780138491,-0.59315789705582267,9.5259927131772564,2.2636052195051346,1,0
0,0,1.9061043791040122,9.3134359161928248,2.314852106925696,-8.8551487745649897,-7.9403704476043613,-0.26313528610570103,11.063507255376948,2.4938751050235206,0,4.9706988923688735
0,0,-2.2099938255586284,6.356871639978495,2.4238124746508523,10.473753845158638,-7.0779257222779641,0.31916488741045512,5.788821888745785,2.2107309315357329,0,8.8480619112216168
0,0,-2.1239584661004116,5.3224768908096198,2.2397406921983452,4.5072761999656592,-8.3669016594009591,-2.5713980837932979,7.436878121908987,1.7934477683632823,0,6.4184734953270999
0,0,-0.39869304326401211,10.961467340621059,2.0538014352864966,3.3529454252443562,-5.2435339769099798,0.05298995847132737,10.385002515700419,2.5702348506070258,0,0.81249642857729076
0,0,-3.0637355332271117,5.6024110854513616,1.6217240750029862,-4.4276760332637375,-1.2344575648501335,2.5347909683301495,10.172976054943923,2.0032029170746379,0,0.13769840171749875
0,0,0.86776332737813355,8.1810703508168388,2.3974137663205841,-1.2679507586041954,0.1119167579878942,1.4937243150518347,10.905592208551141,1.8004502408045637,1,0
0,0,3.0725681533718934,7.934752238062357,1.6936442348163974,0.67270486503064164,-0.26116983829816209,0.94806117846649762,9.8430774636941081,2.3468569814160354,1,0
0,0,-1.121818407415403,5.9447924520279356,1.6024316618533927,-0.55468969992002493,-0.77931902571494249,3.1180380790074187,7.5569333098398053,1.8155444933647296,1,0
0,0,1.8820966988720302,9.7405158347904148,2.3083761043426154,8.5449837555031181,7.1702813154480456,1.1196776797480785,8.0076420158744419,2.1689268668329205,0,5.6267453019574614
0,0,-2.6509728879332881,11.521477866809894,2.5016038732682375,6.5062761702571406,13.288251094429873,2.7259445839963625,9.4934970176078934,2.2151519528938337,0,8.3701155393161066
0,0,-1.6647270053433261,8.4725749947840825,1.6982703870210485,11.710507371638643,1.0139187021730038,-1.9683853397039377,10.371119898592433,1.9325460769735334,0,8.2420355791536259
0,0,-0.50075607798317545,6.8214933215659297,2.1383951426000998,-1.2757007094082615,5.6095651507902051,-1.9170145432693184,5.4379587733064376,2.1485707275191772,0,0.54338000096779615
0,0,-2.5367124198092599,7.5404362595326049,2.1128739446161267,8.9959584857801236,-7.6919336934260016,-1.7085203139178546,5.1650400990529208,1.6593970187198779,0,7.9323942399132381
0,0,-1.5142810042211232,4.7345360238938987,2.5352140591410746,-5.5459779465872803,6.5292544093671827,-0.15957211026118978,5.8327470879424101,1.9398712865262073,0,3.154749787731602
0,0,2.7213858640094051,10.897450037415833,1.8058439758981231,6.3543226722245585,-7.1909572006390574,3.0873202000325222,7.6622459297627952,2.4639722834426045,0,2.8108751205699214
0,0,1.3384455416348473,8.157415737588817,1.9264534129845401,1.184517687965059,-0.69729025039340076,0.18850841886471237,8.2910629933869,2.0613463930818527,1,0
0,0,1.1346200277198211,6.576838496251094,2.2010250519451238,9.7871862079697785,2.5259684032858276,2.422328244111152,4.9382207334483876,1.790294913805619,0,5.0460664297129227
0,0,-2.3131046960767838,8.4408845491790068,2.258724004268243,-10.093674868777493,1.3061856533246412,-0.36109234356881226,10.888289651468856,2.5277436527751047,0,1.8415726003924255
0,0,-0.26262675341607711,5.2185040325154395,2.3120137655633775,7.9775372504541702,-9.9322474316777392,-0.67317466361720957,5.4793803259690357,2.2074261122509,0,7.0370779641383097
0,0,1.0484086781785091,5.0143704420897235,1.6546058169154412,0.16047639061873478,-0.29222047477272034,2.684573553074622,5.1650347966095147,1.9376431119867092,1,0
0,0,2.0532279253222292,6.3964691271939582,2.5983350235816474,-2.4011656840348272,10.18991323332687,-1.3233890749063835,5.064883970329829,2.555568856565329,0,4.5223748897998641
0,0,-2.7565745222939197,11.700935871905461,1.9756597565975027,-7.912933128752873,5.0459713036475948,3.0796632218740152,9.5605097345225474,2.2214789527496985,0,3.5929115075255775
0,0,-0.62937871626405695,8.4093162142402882,2.2329942970713841,-6.499088749059819,-1.2956464460322952,0.11003723117833841,10.747670340002848,2.2962254025733131,1,0
0,0,1.4744798159295458,5.5125976172055005,2.2094158857898667,0.098760854083092806,0.070066406135686043,-2.8762496140329659,5.305693598485882,1.728103488248411,1,0
0,0,1.6428210998949453,9.7201996257378518,1.8139092314179437,2.090752932270199,12.429939363110892,-0.44045670830963735,3.6964122252397469,2.2720539977599001,0,6.3185178915798588
0,0,-1.5885449554675342,10.477709728548396,2.4061395666538421,-12.277425743898034,-3.6330298959066996,1.3222160250694612,4.8123230878989238,1.7996166577085453,0,9.5815030935241747
0,0,2.1430269395326258,9.5731965214370529,2.4319583346753735,-4.8767529482070593,-3.855396710951009,-0.72431205048876857,5.1772001960936249,2.400571421692427,0,3.1151191888344951
0,0,-2.6022041853998252,5.0362960665354093,2.5350962322273811,2.1266693490976984,-0.011311288106926309,0.79153005840275981,10.420809624587932,2.1985841034211044,1,0
0,0,-1.3531014181541843,6.1642263040325469,2.1261763302842849,15.215174279178367,0.79162296431549262,-2.8913223152434728,5.9102631730281834,1.613264660898643,0,10.984114780089165
0,0,0.58138422329765671,7.441878815767728,1.6343257755770497,0.29986489871025662,14.925371727824288,0.88553183453992634,11.425228715479394,2.2262868263242477,0,8.7184719139008156
0,0,-0.40263446677162262,5.9600925624443626,2.1593183573102195,-8.5871506536113866,0.32488916062726947,-1.4545743924015133,11.583860224959025,2.4916456308688324,0,4.1225008186775005
0,0,1.0670327547021872,8.6884443086712508,1.8264865673670576,3.4501982105046416,-1.1852446010941564,-1.4280924457246444,5.5093275993151014,2.555211889199533,0,0.0013564804337734446
0,0,3.0283095465890888,11.917995751773519,1.7147219279900185,-1.3299317804060062,-10.845193941031335,-1.0351201519242315,6.3188074107293293,2.212375354367083,0,6.8829840853131712
0,0,0.37923286853430804,10.177967192453707,2.0611277136388653,-11.749671324165332,-4.921444870972481,-1.4279666934217354,5.3816955765581866,1.8176573446135518,0,6.2410378457786857
0,0,-2.25969752917961,10.03591866047255,1.9200650144120646,11.066238039951205,2.8101962059539303,-0.42073145115933519,10.768646621577222,2.0398160663817952,0,1.9795387186704707
0,0,2.0744085728363295,4.9736696409550216,1.7897645169962697,-0.01334254569233332,-0.032175142556566429,3.0354785738963619,5.0335799469428553,2.1023956489852313,1,0
0,0,-0.26968387590209675,4.5912155769668033,2.2850976494860324,5.8563300037294477,-1.8333208488872506,-1.5474814816217384,9.7776076501588918,2.4681748468847169,0,2.0501414558371684
0,0,-1.1253321124167388,10.296905904250615,2.525814619432448,-11.371004455959191,6.095598965092087,-1.5239660015239938,10.30583515938153,2.3294018264870857,0,6.7461750864020509
0,0,-0.070720454713126379,3.6514270735025365,2.310118577705456,-11.477279850870724,7.246084790791449,2.9575979269381936,10.400586240729398,1.8499316796413314,0,6.3111515478963307
0,0,2.709036450503814,4.4738751472669671,2.0773896780237204,-2.2245924375450765,1.7724029165552626,1.9038599536780998,7.7978476301820239,1.9738754416179898,1,0
0,0,2.3764109764111421,9.4742828617129593,1.9412777561006291,3.7513764963673899,1.5185707550905609,2.3959842292829956,9.5552077036626279,1.8312487426343671,0,1.7141425574038982
0,0,2.3031124074034066,3.5051492394058434,1.9089160754691892,4.1636982905822926,4.6274612816087215,1.1146489122331005,5.631617657507312,1.9163500548968271,0,2.265695662358072
0,0,-1.3494871560316632,8.6496092665501969,2.5108385032188858,2.7650869038817389,1.8231264237440608,-1.7275571156928577,9.0491948111237619,2.322548997126213,1,0
0,0,-0.78516185557977458,6.669277192278642,2.007075377884977,-0.67212197072527213,-0.6797712209284843,-0.62854415076798809,11.217250273512064,1.905090229312127,1,0
0,0,-1.961570145591788,4.0024195290759943,2.5186391009885885,0.65364945477733072,-14.643342056536698,-1.6727523493728109,7.265568016048217,1.857174958754914,0,8.6101994903607668
0,0,-2.5875572593915468,4.7667355795598887,2.3214842618843097,3.2786726760291787,-0.22119033583295028,1.1427761501790128,11.674122652762151,2.0787903898537801,1,0
0,0,3.015155309950404,8.1525161994607362,2.1057072360907099,-5.7090921501002034,7.8458383184567957,-1.4483813662330352,8.6502265235127851,2.228181487692888,0,2.1347758393025105
0,0,-0.26547443847244256,5.184776046407289,2.4222596493824242,2.7466907844453008,-3.8094408723595907,-2.0555557174423669,7.1578699378072654,2.033426350564894,0,0.39493770232746561
0,0,-1.0372289470223435,9.0030967259127834,1.9174928883409392,-0.18306143599070082,-2.0143396856675051,-1.6484883449716305,11.811230363259607,1.8006804356010331,1,0
0,0,1.2560693776712872,11.716700558504023,2.3388728749228518,8.0230080207388426,1.5808452645438424,1.1815153402642302,5.5786868839209429,2.4843105374426937,0,4.5236585433629202
0,0,-0.098566921015879938,5.0943677788986204,1.7712924598523763,11.313984014407344,4.0317637370597623,2.0589916798545005,5.41712709276662,2.5177368986416386,0,8.0129640734141372
0,0,2.606630733219732,11.847856117273691,1.957622729218957,-0.76797266307973,-2.8429576963502656,-0.66525418590290197,9.8751846721223817,1.9822994606481199,0,0.23420982946659868
0,0,0.63745841022674821,11.763888803887211,2.0444829036112533,-1.2539523806434276,0.76313278821707731,2.9295398364761089,11.270270058742994,1.7313554835170031,1,0
0,0,-0.60471038569591462,11.093655909887946,2.5262037738841654,-2.6420929917159,11.801511176079924,-0.51120931490072019,10.24522822401971,2.0401163268263232,0,6.2046103630293086
0,0,1.2383129974888645,10.04539770408876,1.8106820212594834,-0.68260624889202071,0.4405284299913606,-1.7673394828327105,10.210292804546677,2.0778629444584129,1,0
0,0,0.85945009207471834,5.7645912407781958,1.8008458888926864,4.35990598269467,0.57345544401974491,-1.184426779897215,4.674801747793917,2.251195841641735,0,0.15301365563812006
0,0,-1.0366321796888034,11.59968438088212,1.6506270574721253,-5.1778846947698387,-8.8857854741248516,2.9694902284978504,10.925345521800448,2.3994090771932908,0,3.711428529433265
0,0,-1.7112796564719519,11.90419023369469,1.8589420818665026,8.6949477514970983,10.544109485648564,-2.6743200047046685,3.5629527373936956,2.5429011664857777,0,6.5691625391267063
0,0,2.6067465507306045,8.0453418100370158,1.6146941651421618,13.540546488823823,3.6490550880975743,2.1998658071798456,6.3117181400499174,2.1443221554836702,0,9.6900747607120614
0,0,-2.9567559755266339,7.906953178508231,2.0157707301074059,-0.9931079736295082,3.9043562419810827,-0.44580375105950276,7.1002837643634535,2.2467357451439685,0,0.011812206422458022
0,0,0.53604176352903243,5.108460103200283,2.3013062660060184,5.5655514656818994,3.2419592909250716,3.020730562083858,9.3723791121533075,2.2814429346071279,0,0.27764216890402582
0,0,-1.3657099049958186,7.2770975383133081,1.865513467785938,-6.1414924108875768,-2.9473843107942752,2.1757243651883149,6.3045753020387805,2.0368563679628315,0,3.5509581109224344
0,0,1.3789529606327378,5.252044459553888,1.9657733759939038,0.22189843937275436,1.3228733807453785,-1.4869981062803717,7.3926152665849258,2.2617789506270483,1,0
0,0,1.7045603662064606,4.2603390326702186,2.5749070428575429,1.2366438393458921,-5.5934494272324518,2.4322738777702693,7.6137793174605992,2.1988361666975207,0,0.0043514017871461551
0,0,1.2870735575722758,9.7769005117155601,2.4031093994924402,-2.223048689217614,9.6343261020157609,2.6012918446777515,9.8204775616880084,2.5470793385486785,0,1.2604630889933741
0,0,1.5756545099989658,10.197359809546027,1.9990012425847412,-5.1336899501010818,4.0829471538292799,-0.20416549031489639,4.3026647181396225,2.2940741411657815,0,1.7717708780599659
0,0,-0.49661438782580047,6.3228255839963348,2.2069761753833714,-12.130845674320344,-4.435452736265896,-1.562103863847063,8.2794733383621484,1.8347755658944944,0,7.9868183709389013
0,0,1.3187249163211394,4.5607758812526029,2.5745596633786532,-1.9411163082639025,1.4432754889076933,1.5904060289598645,5.6361953513569336,1.7406672173498747,1,0
0,0,1.1472805886727047,8.5925205001556666,2.5127642540997086,-6.0287637231594733,1.7929018696506147,-1.7814489298392926,9.8481545903777956,2.209841628985973,0,3.0298169929542897
0,0,-2.1332657765688072,8.641761882891446,2.1693978745485527,-2.7872447090692014,8.4120413109724836,-1.3673373467233416,5.2419092150460589,2.2172344763531799,0,3.1488412324947892
0,0,0.15488621904990874,11.660656288705429,2.4340429375325621,9.2170569018855115,3.0500875521621036,1.3580699408640422,11.892170700319916,2.4500298239604699,0,1.2621522378808225
0,0,-0.87434585132709142,5.4897658758836823,1.6062236458399384,2.9318065140866194,-3.3151250945883626,1.0659057845987636,11.245060842302509,2.541050038549546,0,0.049357613119815825
0,0,2.4030882759424905,3.9348454458048705,2.1861779973696343,-4.8131468212678756,2.2929333816218396,2.2916105006961782,7.7393591822023007,2.1033860100429198,1,0
0,0,-3.1040364815983623,10.466854837867547,1.8288303439010671,-2.9801213857253379,-1.519044178821499,0.73021396842772601,7.9104271780429825,2.4121635396296628,1,0
0,0,0.41739062717699538,8.4450405059175946,2.0862195639004688,-2.2116741248936425,-13.463784912088046,-2.622365490297506,9.2005829992087715,2.5150820576346193,0,8.6495519171557866
0,0,0.22889122525062877,8.8183958684087607,2.5674518385691547,2.7061444173187006,-0.48167693170494147,0.59918186372000015,7.5557384979511282,2.3852005020040252,1,0
0,0,1.8641920530063949,5.6036413583191109,2.3457935661863605,-2.9867855421638683,-12.99404841658308,2.5876494765230298,7.4470633835533686,2.3715923584835106,0,8.7024036870352077
0,0,2.8346406445416568,3.6164107095936382,1.8451300230165961,-4.1155640568213387,12.616575750263694,0.31929920037103532,4.5925717035667812,2.0352384026504868,0,10.445840281343331
0,0,0.79032765827505536,6.117515680420281,2.2214160962547207,-12.461935557809969,1.2596243159667091,-0.46846986907392418,9.2670092034983753,1.6528233360986615,0,5.1781010800825973
0,0,-0.6915652185141532,3.6179063789249972,2.1045920589181462,4.1614457317565892,-2.6519439608377589,3.0129961754245533,5.9906660119767361,1.9322285090331757,0,0.038964536878218589
0,0,-2.4753593561282186,6.0052255136544739,2.2392811612576069,6.3582728802374522,-0.51859211091743973,-1.7480940466981878,11.518489942576441,2.214292556609494,0,2.4103266001441486
0,0,1.791897596042201,11.345650463748363,2.0765111363042186,2.6179469451695012,-5.9147456509967338,-0.45190735586304598,6.1557954351945172,2.1122530218504307,1,0
0,0,0.64519990634174595,11.082843821818852,2.2101878360900846,-13.546066841601165,-3.0033904426158275,2.4728776867383297,6.7679337006178768,1.623789657352138,0,5.6659229560065034
0,0,-0.034767238697779312,6.9682397280881574,2.4268558193694223,-3.5675804383165883,-1.8571616991474111,-1.6867929035311884,4.4933616131762228,2.4243233502134842,1,0
0,0,0.13606740144968565,9.5151738888090769,2.5592145341578139,11.952733583917665,9.416563407630921,-2.8002614327818396,9.8503035232623368,1.8900647610861618,0,5.8463433689425974
0,0,-0.59143159140716284,8.8045134854788678,1.9219114968337443,4.6298677182432559,8.0137488967148265,1.1723359515946576,8.087106563469959,2.3288305962952904,0,4.0811808134515495
0,0,1.9385011065624038,8.7135410970570799,1.7137464004215106,-2.0994724641445228,3.2354098915348626,-2.1371444298430307,7.6544809397964224,2.4523885875401383,1,0
0,0,-0.20063707071916426,10.635708702726841,2.4611056912052107,-1.810636887146615,-2.6083603359275909,1.0140945837231019,11.060100305375929,1.7620275710836797,1,0
0,0,-0.23280976015826527,4.4352291228468061,1.8883409890116059,-10.166471483079109,-6.6427579272934798,0.32044992971937303,4.2081497473626497,1.7167762811098068,0,7.708188509149168
0,0,2.4179705287767499,10.715028963577975,1.6557209982549002,-1.6621654267262751,0.17356777692870634,-2.9894211158623598,9.5566893011820309,2.3021145386087207,1,0
0,0,0.81303082702638863,6.7296099495392738,1.7981500194251789,-1.2174275074111183,1.910287652752906,-2.59641092558204,10.009973323571359,2.4797602240726642,1,0
0,0,-1.4347754835707414,6.00747800781543,2.0860706299710223,3.074396459262648,4.3181089666379586,-3.0417897003752037,11.969233532327099,1.7143658992970967,0,0.093576153167856335
0,0,-1.3526418822885518,6.1704572848324855,1.7761241937544319,8.986871171333835,7.2587141279550647,2.3626655218250709,4.5002261001804174,2.0586246736664218,0,8.1122102745418267
0,0,-0.59174322474749896,6.6318120041753446,2.1602495096692138,0.026516389949897069,-0.2306542921376844,0.85741478042288932,10.811232207156802,2.4549952899330099,1,0
0,0,0.65831601802405837,5.7329752866863402,1.705067022381674,11.485111553872711,1.5573650294390364,0.69699643168653624,10.17145609286684,2.04156250520272,0,4.6005589572380909
0,0,2.7804462309855671,8.1059977767364177,2.34746785208762,-3.6733502791893948,7.9847549787536991,-1.1246178059323011,11.54399273930381,2.4304825244260848,0,0.12908568063304887
0,0,-2.1709231456752871,9.5149202938270818,2.4451912842886547,-1.0019820870353937,-11.006107496474849,2.0930642718047512,7.3940621688119705,1.8634725886562893,0,2.7443508279899085
0,0,0.24638992574985386,5.0299311878755137,2.1296603825436877,-3.9756567909609424,11.132823719076038,0.12544948820282054,4.9565564254407999,1.9847456988351091,0,9.4173364442484839
0,0,1.6604334010603701,11.24541838772176,1.8535897003074355,3.4166442887134187,1.3447972671006176,2.2409036111385543,5.3747421491076022,1.7803929814476898,0,0.37832779107576292
0,0,0.13518603980964272,5.4152346827128435,2.3938602749641218,-1.4753699299714966,-4.6198705075728785,1.0377750428659418,5.0199186148900887,2.2426470498352531,0,0.51704652714173316
0,0,1.2866944434892869,5.7515919662857335,1.6648937416074698,-4.3203061772370956,-0.34254780790181749,1.0095568707351843,10.247012644929377,2.0623179507324805,0,0.85657856392956822
0,0,0.35457980062308847,9.2416837887848793,2.1558790527449325,8.7862920849580739,-1.9155461950792705,-0.44246057119552651,10.53647158423529,1.8880105764593365,1,0
0,0,-1.6435033689205594,7.0153562376279197,1.7100495972521892,-6.4588467178407756,-7.234737937849939,0.31715728107503782,10.770424201437592,2.2437542207183574,0,1.204394959783081
0,0,2.472576108352472,3.6897115949637844,2.3792288645141766,0.76917589257560659,-3.6414408063733501,-2.5480626861131075,11.510000202079276,2.4630948919966782,0,0.098477211990021685
0,0,-0.16707140756073136,6.9031255292044165,1.9763562050679533,2.5227311747690302,-1.1297256859109337,-0.36233288609250858,9.1423828362820956,1.8401554462284209,1,0
0,0,0.076470994307127338,6.5109090590918086,2.5859363802827464,13.36493701609422,7.6070181433543018,-2.5922099272886427,4.6447831303953562,2.4572590996899057,0,9.5608657957601011
0,0,2.1131261441170812,3.7562053169047349,2.5851588701011377,11.221044331504189,-8.2045098662483387,0.097280842715540494,11.754536966283366,1.6677108286596516,0,7.6578744714135825
0,0,-2.0839426239082925,6.3498207723105793,1.7204984056481045,3.6390579858231145,0.51018970689735377,0.75539596929015218,5.1401742950758766,2.5326493634262119,0,0.085686115889128417
0,0,-2.8012522706922103,5.6514526465782122,1.8325581270305633,-11.695564555550524,-2.4824834973793291,-0.60153528347712282,8.8634260521961963,1.9677696389007102,0,5.6494010978285631
0,0,0.84512403905363298,11.347848707871389,2.1911126744346947,0.067406992434265567,2.0076451847598213,-1.4460924532835808,10.532534837834735,2.441030713727292,1,0
0,0,0.075565332823226417,5.0542964148204739,2.3142833439532322,-2.8600166870640837,-5.1175068410779705,0.97979219048654898,6.6920535825941876,2.1929847437459888,0,0.42209389891558785
0,0,0.05365359785229451,11.661971629452299,2.1637565230443458,1.4498045382169724,-6.1350946796297752,-0.80861249804252111,11.828104853481532,1.6566568404860686,0,0.092476313381868791
0,0,-1.5651306268137593,6.5980967038523692,1.7914519745794264,1.6815166655071985,-3.1832661826552902,2.55042685486353,10.250348548622641,1.70100670245241,1,0
0,0,-0.64724413566317152,10.056485121751393,2.5392282799577828,-1.3205452970307852,0.85770292749107058,0.35339203487786719,5.7884937270598646,2.460189290969427,1,0
0,0,1.1875547958645658,4.5097024312790808,2.0787615600415403,1.0584683436923767,0.17205239142465809,1.2054270682210939,8.1325344767114576,2.4922926920403556,1,0
0,0,0.96864207506466737,11.493309744123984,2.3319211438936769,4.088938610076152,-1.724707374176681,-0.75636662002247235,5.7131933992692607,2.1187273504076098,0,0.19529464095232321
0,0,1.1894827247597632,9.6071930854570038,2.4190379097830998,2.8695737704617339,-11.203565227926525,2.3483081369171144,9.027895547749786,2.4773970817944386,0,2.5385050075228022
0,0,-2.0789821355275802,10.773977852998653,2.1468864193737014,4.6508858374273583,8.6860973445211336,-1.1291361527453567,10.765678325154713,2.5257184715075924,0,1.6486204438509013
0,0,0.9339418258340384,7.9485503624141636,2.2936032514975428,-1.3591168868333745,-1.042418718591277,2.2158991628685474,3.6632177957315224,1.6041218616936739,1,0
0,0,-1.8594118604355721,6.6346563462190709,2.5601231647932075,-7.4449476412080173,-1.0113866692144096,-0.5692809176250897,11.509332916905578,1.9142208783107573,0,0.3656970802210488
0,0,0.57579651471372184,5.5297413729943852,2.5177185551610446,3.1109266588561884,12.75947654114176,1.3455894765819121,8.8270699555139984,2.0359635361152688,0,5.8569554548016116
0,0,1.4262662849717662,4.2228434500640448,2.3122360060931055,0.13923962725215724,13.606336877726577,1.1345952362728653,4.2342667507488301,1.894033566810899,0,9.0805141337214454
0,0,-1.5466735507616678,11.840418589515322,2.3371063567888433,-0.41859761534647244,0.50249371715024238,-2.2080579326844103,9.3186893172620664,1.8464843227438046,1,0
0,0,-2.4522727948720822,6.9969046862848669,1.8207231719810175,-0.31164687697711524,-1.4294507144422779,-1.9666333576463331,11.459429195222747,1.935567607402396,1,0
0,0,1.239105553814416,9.8791433008227614,2.3835676433144322,14.134715500423653,5.8381800374843289,-0.4378212746379222,9.0803294597661584,2.1716070423482643,0,7.2695489645337314
0,0,0.028507107143445065,4.1293457034748773,1.7399999721932331,-7.4910454522877652,-5.8514104357106946,1.2706938843490496,7.0914138786533378,1.9047681771094671,0,3.9383290328171054
0,0,1.6635596606532852,7.6580834608724455,1.6815310583586696,5.0531741440500539,3.2282783477481565,2.4179500348226703,4.0748467523578782,1.6563515612897344,0,2.4909183282818694
0,0,-0.44457282619420369,5.3985956708895957,2.3552407361446477,-2.225351443576796,-2.6212829393099888,-0.89387782789499637,6.0289279267327256,2.1324973507538143,0,0.077230768947370784
0,0,1.4036396303490797,9.6278221442972551,1.65095341430137,-0.089043564586530413,-0.21808684021804395,-2.283543473714126,4.1402546109921126,1.7602471161263187,1,0
0,0,-1.4533281617756761,8.7800005691894576,2.2145432593798624,-3.2978095919781105,-8.8661326407903598,2.9116374298887617,11.721771539757462,1.8360541642471913,0,3.9616903784441528
0,0,3.065541783039075,10.973131919015408,2.4009070549238989,-0.80392600065501463,-6.6877568877382734,0.21421660387374475,8.0206744453379315,2.0387194724842872,0,3.4045430199410842
0,0,-2.7012075165335232,7.4556007835219837,1.7404600888471928,-0.62106262143350488,4.4874079181593673,1.283745025289722,8.5605458315232745,2.2129793907332656,1,0
0,0,-1.7021232632411838,4.7070270365808575,2.1818224481793269,1.3691561043367693,15.652108796016737,-0.58802624002304693,3.7669940333876024,1.9967289055053521,0,11.616460922352751
0,0,-1.0373049492650956,6.0306591575118711,2.4284086557559892,0.81973158487704445,-15.926497117023409,2.173533837761612,5.5060385532925569,2.4071499405932575,0,9.7653918167561518
0,0,-0.075042707935134345,10.303880370292791,1.6753324919042514,0.21853951515098383,2.0628629586669995,0.69749131783493201,9.4804420473761581,2.016709465765131,1,0
0,0,2.6333827647616674,8.0295858747664486,1.8853003418739549,0.10298754125322231,-0.079939824755705199,1.9814103070631264,10.687814216162492,2.0371387427444159,1,0
0,0,2.0888875042910788,5.0771801231662144,2.4136951843935828,0.46106720718031302,9.6969156512391947,1.9268503134306574,5.8652251644230438,2.0329259790172554,0,3.8622395042623925
0,0,-2.0445646012470897,4.0031963999728593,1.7354096194025834,7.571762609624705,-10.23685054710541,-0.12418735920794299,4.246832306881573,1.6530597626227668,0,9.0142501060591353
0,0,-2.6694940811329873,6.8112790430915302,1.70575968313715,0.54379114520459837,0.96774915485389534,2.6209036267500014,7.8618584159182134,2.0006130096921715,1,0
0,0,-1.9851946676638266,7.1829431182047241,2.2772505349540788,5.1821687176078441,1.9956721829649748,0.50427881568238586,6.3061627301670402,1.8614726724096147,0,0.14811631197348299
0,0,2.4968886116301876,4.7583851483391539,2.477991061805465,-12.615322733748103,2.9116127075341671,1.3955591303555428,4.6642170371740104,1.7188936889039401,0,9.3879685606986705
0,0,-1.5572245627585442,10.242583411792415,2.3868156330995016,3.5482275580504115,-10.055581578650195,2.1152335356619929,4.8169031657552006,1.8728060413324057,0,3.0103978027073457
0,0,-0.22036479874277681,5.9566070478040487,1.9304319410736954,12.502886287723753,5.9709258330114992,-1.033356776183505,8.341246751303288,1.8951090789890439,0,10.02274663602995
0,0,-2.4818160224567287,8.4983274614756539,2.3218475329939765,2.8910740791685661,8.9378220792312266,1.3964134453317882,10.63034203241024,1.7779250781831362,0,0.061299500885054273
0,0,-1.5262793582001721,10.692738936589391,2.16952025125308,-12.140040968061856,-2.2537375233983661,1.1439660617261111,11.855540411585144,2.4175273994994466,0,7.3748695078554958
0,0,0.45977784249068598,5.1179566005439758,2.122692730623879,3.3668381828787197,-2.4673372406930003,-1.1611289642913603,5.3769035007571979,1.6942563147670064,1,0
0,0,0.67633912830342924,11.014039021316574,1.8285743782310633,-5.7382381273708916,-3.5425621075086702,2.7654055080664106,4.6607505498592694,1.8504678380109127,1,0
0,0,-1.586279578270716,4.2652783261710105,1.6757679823473417,-0.2935136431201581,3.0437879257147533,-2.9601544946936307,8.8374537400885931,1.6547575207170562,1,0
0,0,1.9918978633231097,6.92412720599516,1.9257752441258933,6.4843462794191096,10.397797280695,-1.5760769290141103,5.6046872904129952,2.0192583838093401,0,7.2345866663870888
0,0,-1.5745850977668356,7.6382215587231919,1.7309505264465284,-0.8129392246192968,1.2052288023164754,-0.11172574462316165,8.2649228801212207,2.4504020617034414,1,0
0,0,-0.67222039366647435,7.0154633994293398,2.4486724969796629,5.3582953748685149,0.10166875652216111,-2.9304921211218162,7.0974392936842499,2.45429365087608,1,0
0,0,-2.2725001762575805,10.826896067652893,1.7615582013767543,4.985629963034941,7.4035839321441355,-1.762878729381985,11.24328086878624,2.0106133370378658,1,0
0,0,-1.6515717960198961,9.9260011346170884,2.2232206978208944,-5.2150387249640575,4.656048586542175,0.19106795800432108,5.5470080178268137,2.1948067455356082,0,1.495794720588044
0,0,-0.26264997481241581,5.7724620233444348,2.2638682653753479,1.6286872443945253,-15.31581805578721,0.94388353118874679,9.7765708744609547,1.8872635590005828,0,9.0462287918376489
0,0,-2.8428348226018123,7.4263663053425466,1.7516943397069333,0.5550062626232245,1.9244131656056955,1.6288917620852805,5.5278528503893085,2.1139550160241378,1,0
0,0,2.8081625410785103,9.8462160918782189,1.9959198979742561,0.34853926900878335,0.18047147968208546,-2.0011234406359288,4.5513109764589323,2.0046241002604699,1,0
0,0,0.58730661988879973,8.097295561253393,1.9953765833620787,-4.6397592714662412,4.8804506599689859,1.6151051567320227,4.5043658754047415,2.0189680353510937,0,3.1861208881812133
0,0,-0.79030058254410029,7.2028449427412955,1.896871992937855,6.1836068125942472,-1.2263115655192067,3.1317340312938997,10.573382648745969,2.0075545780917583,1,0
0,0,0.90316573877764927,11.003880020054444,1.7598219746119765,2.9440632623744301,-3.5589861216336529,-2.7246468498620073,6.1214635951301331,2.4253637447903378,0,1.1331197484923115
0,0,-2.1562550549852637,7.7689668341069567,2.2511434007518121,-4.6299330841858533,-2.5690304713127303,2.1216335865515985,8.7894620522783242,2.5729965957658183,0,0.0058816533237810564
0,0,-0.17980864542649888,6.4088130882302003,2.3188233390187429,-1.9731198627415101,-5.7716342853956446,0.61013821684477154,6.3641352298283769,1.6380170264136418,0,2.0352879282437186
0,0,-0.85873526472091122,11.108487338903167,1.8053507223030265,0.11838412595859094,-0.84215149742063256,-2.9288742540200352,9.328451608157037,2.5256126940704942,1,0
0,0,2.5396106519038426,4.601362862569033,1.8721545654397451,-0.10519075046966557,-2.2463784661806101,-2.9194233720257472,11.551868813057999,2.2742755538377324,1,0
0,0,-0.10889492933804146,6.6966745328564041,1.6340754987514092,-7.3040851159271893,-2.2846046975808707,-0.3217414164608523,10.406999430310421,2.1749729617247628,0,1.8836646891499296
0,0,0.37644247552979637,11.177545745344261,2.5527007271327973,-6.7356831855695809,-12.545807165623174,-1.8111685319873783,4.9728291845951071,1.7432301759401199,0,7.0282987354977795
0,0,2.6986206972321138,7.7606024209925932,1.9447598353305229,-1.7834808743080635,-8.0022625781437302,2.0289081093771122,9.7991956904565249,1.7601243042353363,0,3.2905192225206799
0,0,2.2020505187576314,9.7272564595969833,2.1263023412164146,2.4965084801318831,-0.26536487745596959,0.5979022576943902,6.5732513665407168,2.5183211774694638,1,0
0,0,2.5476196029030387,6.9761547834787123,2.3278487621345123,-1.9535515103031094,3.5217677940544134,-2.5220656610779391,7.5090892284207662,1.6016074359899015,1,0
0,0,-2.0952109632646918,6.2435483196298573,1.7170651079245935,3.7194675603896981,-13.427982296877568,-1.0897817654477713,11.584618830821869,2.4723567355163594,0,5.4355113653095017
0,0,-1.2476173853169192,6.1988335711984455,2.5907078627233497,-3.1250447825704284,-2.1724661975938568,2.7342201950717326,10.737973587398182,2.4911783104461045,1,0
0,0,-1.5875832317365686,8.8829621585939158,1.827232264426587,7.3618636882933117,-2.5970384373864444,2.7184489307764252,10.685304929989444,2.472763368551536,0,1.094521593689826
0,0,0.53620337450422983,11.615146818548574,2.5471477753579053,-8.0663119357042969,3.7457030529313031,-0.5309475125259393,10.562672213726415,1.9450560378339621,0,0.97241047772514477
0,0,1.6747610727798978,4.8741991290296856,2.0199063168207596,-7.3958940446179868,-7.7066608939143793,2.2250602262310331,6.4350722441958608,2.1516518264959297,0,7.347556683216764
0,0,0.089574275795503144,10.521711567403127,1.7133354933654534,1.2954477041052717,-1.9119245048556741,1.1351749627850038,4.9041813540558099,1.6147042937136264,1,0
0,0,1.385016623187135,11.322313062909917,2.2094554795776951,8.4687699412419253,-7.0328868378488085,1.4853292749748306,4.1849728064940566,2.4129564403061745,0,7.1074166925878126
0,0,2.0031244331293152,4.5658768088014163,2.4659648889818975,4.2714440064842938,0.8931420990897494,2.3327914877099039,10.104144958410483,2.5059094056823552,0,0.54822187050298632
0,0,-2.4758995925331222,8.6024613594970081,2.2204514296373032,-2.001510545811521,-12.56275594280441,-0.42448474936365566,3.5867412781399253,2.2802353010284646,0,7.2707218561582101
0,0,-0.54969652724082207,4.0209589112882025,1.9539423392980471,2.5598654019588269,0.58465952714744551,-0.2222726245351998,3.8780218605268706,1.7582990085266803,1,0
0,0,2.8384133434971899,11.168869779886798,1.8432355592409921,-6.5017794820431769,3.0651764682010683,1.0111979297012477,5.2063014435246942,1.8326231978618115,0,0.58528977876280108
0,0,-2.3912833756349414,3.6830264898800671,2.55495708142166,-0.42945784541178322,1.3538012547428451,-1.5633973654422193,5.8946942711781212,1.7269765029142068,1,0
0,0,-0.78689944241942555,11.944421087881249,2.4315065038605601,-0.94180737318534224,-2.8262266025062437,2.6978041014423866,10.598917248098209,2.3613743546662223,1,0
0,0,1.598029093798278,10.714523939625584,2.3759899578138555,14.608571279837212,-4.7989312486556761,-0.32759162390897645,7.6456442648923808,1.7880865051408896,0,9.3891849383328534
0,0,-0.80641739174276372,4.2264236602761382,1.8991026231443562,11.248507485119951,6.224039880502886,2.7498468628882442,10.505928514291398,1.6805356673195972,0,8.5919310451500763
0,0,0.86847144789047892,11.355684415223447,1.7306607518566612,0.1221506975878659,-0.01665887048455357,-1.1936164532797164,6.2272183984623926,2.1539240251647538,1,0
0,0,0.1191601283044661,5.2427401556057909,1.7322412006346397,0.31945655791418071,-0.45220513374705118,-2.075664378997379,10.779268511866931,1.7665009380199677,1,0
0,0,2.2146189516768491,5.3737704330215728,2.3447610809120945,7.9923868654198724,-9.6050484174167572,-2.0556069166071129,9.9878443932933596,2.542396754943427,0,7.3463769843111315
0,0,-2.6518260355202794,8.4722667627183661,2.0085579705561254,10.521841005021056,-0.19379702235241006,2.8038176020465704,7.2870342802368384,1.6534161793214706,0,2.7423039671007872
0,0,-1.1012739487028345,5.6120536658156119,2.2148912880377418,2.2749987959090139,4.138424468300026,0.009040614047931772,11.085649561506532,1.9069949190435702,0,0.15831746100092822
0,0,2.2515892572771872,11.122566221719371,2.187439252642406,-13.444278178559397,2.2765032390102395,0.56449815357828736,4.9462173547448671,2.4714090726589037,0,6.4344027856499029
0,0,1.4517195782096461,4.6245717621176006,1.692784368800303,-9.7479224327063356,0.00071239479667407261,-0.64670567811749358,8.7136164630719968,1.7947269174277536,0,4.6239821509123731
0,0,-0.2686060507900847,7.55698965367257,1.7435474356558385,-0.6705457961288469,11.198486118176689,1.6539519174061166,6.5424768559573589,2.0792202468666572,0,6.3180687029064382
0,0,1.3673765950378343,7.3812867340455313,2.3253081815217453,0.4927093948011893,-1.0807139339329792,-0.72200658253659977,10.63776245960759,2.1849859016296609,1,0
0,0,-0.61859918976250361,6.7408203020982143,1.6319307776482137,7.4462593526413441,-4.7142188138482339,-1.1601632503000043,4.5702661755101746,2.2448845985480173,0,2.8930126313666258
0,0,-2.8893192025455625,9.2158013194617556,2.4009935614134172,-3.1826217186362,-2.4507790942223324,-1.5504371227079827,7.5358605977529241,1.7741833702692396,1,0
0,0,-0.60580777569718425,4.1115453970463403,1.9636515480826684,0.75786128671598429,-13.533301448499943,-2.7948692741370804,6.5686001285683711,2.2076184460294606,0,9.68842248993022
0,0,-1.632661694296895,11.858290557870793,2.360167510929454,-5.2419403705033494,7.5120625429279659,-0.49340887243223719,8.966752741076764,2.3212864412974183,0,0.13937006939660171
0,0,0.77078484977683459,3.9563249217268446,1.6403107864760278,-1.1790542190446365,1.865532106528129,-2.805177555686948,4.9371632698373746,2.0306926766490512,1,0
0,0,-1.7838512253714434,7.7961601186757701,1.8179992190608687,4.5905654822650046,-12.57017807804823,2.318535699759547,9.4229784116499289,1.9953246118410282,0,4.8876447664810421
0,0,-0.46933450739677829,9.4634028978218829,2.2731828127582974,-14.052922161106048,-3.748727461511296,0.0087032472315198284,8.902426784618708,1.6823345886752614,0,6.3030546426523024
0,0,-1.6075575593365841,9.1087919306876834,2.3958181392452809,-4.6807291103919981,-4.1879126775470885,-0.019124852401475767,4.4148752146246473,2.4757458946905873,0,1.1143055189053297
0,0,-2.1906253719055067,10.876656962652666,1.9992689864463946,-5.3642798881113221,-0.9840754474036133,-2.9845739043273309,10.811891238813644,2.1482289808634665,1,0
0,0,-1.0500319348094771,11.871894715055914,1.6566202514967898,-3.7056093060649573,13.086543720736657,2.1967799670876902,9.981939955696097,1.8984185688594946,0,3.0035694516285192
0,0,-2.845570162091104,4.7930408589646394,2.4341376139590301,2.8637928139032978,-2.8253242080508048,0.54679977512293432,5.6938977918583351,2.4993018548329662,0,0.87905593219028944
0,0,-1.2335295776959776,3.9352008687735234,1.9654020610018663,2.9311797894826839,3.4199085975836141,0.4827510130462862,8.6088183424606832,1.8884510954860205,1,0
0,0,-1.5509153665663025,3.8880443139305125,2.3249620881892032,-11.222183502657,-2.0170273951751776,2.7229587932583872,8.63120951593244,1.8185501947530518,0,5.8674017816922319
0,0,-2.0646803100521733,10.082940673033328,2.1021574353637571,-4.6788913468115165,2.1563854370315538,0.54539149612759141,6.1969104732542224,2.4555764054318852,0,1.4620746326286713
0,0,2.1382332750445672,3.5074942328630021,2.3008502750079445,6.39666827687621,4.8286196342137178,-3.1261244683443796,10.998663684695908,1.7647127769686768,0,1.9732271023158487
0,0,-0.41666468950294755,3.9586217797653616,2.0217814666235343,3.254542951085535,2.6531832017812045,-1.3479312092200042,9.2677267833255357,2.4310884283914476,0,0.35345674669852789
0,0,-0.31916525420839781,3.9180490372312131,1.6392348677656363,-4.2838260607033618,9.4797696521939248,0.80451586765327487,9.6886089662121826,2.4593774537941484,0,6.309805264774945
0,0,-0.30776799657874987,9.1657485117619046,1.8766570998897154,4.8885175185772285,-3.6754595813054132,0.19049122522282724,11.690391711555971,1.7560302907160943,0,0.64217325511844736
0,0,1.0999600005040042,10.482376446502826,2.0978287938584739,-2.1544509602143562,-14.739313122445429,-0.93893394520704598,3.9613172247566237,2.5320676968242557,0,7.2974151715150866
0,0,-0.13417456382267678,6.0203393863879553,1.8406065630368844,-5.9784509629940938,0.96234921870807766,-2.7490385596449989,5.5313724683178087,2.5885975952394475,0,0.0018140213065709844
0,0,1.6965079302128734,4.7764536668669901,2.436456053149505,-3.2528399870780262,-0.7495665824308283,1.681416738928335,9.4850729555591755,1.8601264158395567,0,1.1315139993302399
0,0,-0.60493913165270907,7.97777795820405,1.6730210987291083,0.6567853712310151,-4.2165340108669307,-2.4474720516780875,7.2439768670172873,1.6919225878589303,1,0
0,0,-2.3852047676064538,5.868697590646816,2.3084157649942569,2.897811832082041,2.2085264323067193,0.4032814996927101,4.0590362216184479,2.3801364420407549,1,0
0,0,-0.5365561588149026,3.5909269291265087,2.5024231586071926,-2.6596542464163897,-2.5590567551452645,-1.4733226190051154,7.6242044248262841,2.298565281673068,1,0
0,0,-2.4342729708022981,7.2034946481503948,1.6770615883824065,4.4479621980989288,-14.899748985658201,-0.91148187725223995,8.8192116399696463,2.5603615641026991,0,9.1145689075402316
0,0,0.05680731765583058,3.7129424677642517,1.8052904467542592,-2.5407517539980913,9.889597195730909,-0.99612494315518951,10.54339860840971,2.1538166233258154,0,4.001691554769665
0,0,-1.5874763172566684,8.8650809546602289,2.4182162558564047,-0.41019395289328803,0.72415060118837549,-0.055257102018864579,4.4346114878352774,2.2082402744105925,1,0
0,0,0.078135459416674546,11.017088151637761,1.8451212355411672,5.8457920008851829,3.6685628575470317,0.099774567495905853,10.668351532106982,2.1094062402237781,0,1.1086363607994374
0,0,-1.5779269473653892,11.970666314530657,1.7042547661134524,-0.20174921718548638,0.30215190516615548,-0.36453852603001158,9.0235944191851054,2.0762513019177145,1,0
0,0,-2.6075520216572237,5.5858186351821395,2.5945881050786159,-12.744161213519385,-3.276553388915691,-0.33304402704172764,8.4218519150623159,1.9003346778360555,0,6.3953981435008966
0,0,3.0260803769839688,5.3845919881102038,1.6184252298363009,-8.5412235063528001,7.03666451456166,1.2563369468026533,4.4868186066477485,2.5186679064005029,0,6.4288622593427993
0,0,-1.3545197867168985,5.0676031703101607,2.0599189972522747,4.959628854917181,-2.1822522634492194,-0.68225756468671106,6.0961682354175899,1.8608539931652603,0,0.71962963215701781
0,0,0.16764260947116316,4.8472395862311703,2.4472742967088648,-14.549591744055828,-5.2134066249998146,-0.9723224731594664,8.8580813225869797,1.963955335746745,0,11.262813281274815
0,0,2.3456682294883757,10.893699408234207,2.3590299986664083,11.105077432473095,2.1345251384940944,0.30884709711746261,7.226837959773345,2.591780710203003,0,4.4505233229381354
0,0,-2.3487183738694473,10.722867488589507,2.5412788619965485,3.5080020386228217,8.7457511633054246,-1.2458030665544209,10.310163461838894,2.2866185398046821,1,0
0,0,2.4947773261604613,4.0807315036485097,2.1095113473698341,1.2162073774257063,3.8813546919717354,0.47325331010117777,4.9942887518993491,1.8174625005389877,0,0.1319203427675596
0,0,-2.1095659301333733,7.2882016879293889,2.4980802935806081,-3.3359667052864506,-7.7930537629391825,3.1387323913731038,3.5692619658240625,2.0340662671290284,0,3.104550455639655
0,0,2.1041623316772062,8.6771125832466645,2.2791049751549415,-2.8402739109919652,7.7573262455287777,-2.4121583426610509,11.658962780501334,2.3764774464074976,0,2.0107111738472154
0,0,2.6828457092928586,8.8392935858296973,2.2874295793629891,-9.3986030765614466,-4.0219146519845577,2.4883521747724231,9.576383311936274,2.4574648611143868,0,5.7009325471028403
0,0,2.4638963484490235,4.1846833454914876,1.7017589988851105,2.4326675488188592,-2.9418807219197705,-2.7511954207573277,8.3509425414918717,1.8496864495659069,0,0.47801539671441706
0,0,1.9768568183264126,7.8473472083840328,2.233400596627078,-4.4464854890744965,-2.246646199602464,2.6784836646036867,9.3796852090845153,2.3064118577857773,1,0
0,0,-0.3320232679772106,11.683524836262199,2.5184438712979769,0.051771740327785171,-0.26449944080568871,1.9067978149972582,11.501422514729033,2.2386925317854063,1,0
0,0,-0.43167598666864526,9.3343554884537063,2.4947307542657264,6.7261998667419931,13.603556089514163,1.4754306643917703,6.8442789750463371,1.7073733546983538,0,10.410329764498414
0,0,1.9830336122261745,11.471265871973461,1.882105244871634,-5.7765982016355348,-0.97349222795853163,0.67507885179673321,8.7069664742358803,2.3343297364429421,0,0.23443601377003359
0,0,2.3654166863151467,5.1536720364021367,2.1670347791645646,-1.3837142113366852,-2.4189115569760351,0.46689723127034721,8.1615351361103379,2.1883344533059073,1,0
0,0,-2.4939446328543511,5.7415614306547873,2.3024478545908855,7.0679775175222943,9.8014482044058369,2.1683049419462481,8.743209302487875,1.6941828305071485,0,7.6141767268527829
0,0,-1.1606994033712221,5.1695703624458584,2.3909190968856326,-12.225531937758797,5.9682609391854191,0.42960496375962576,11.612288911342295,2.1867088916562234,0,7.0204694311028657
0,0,-2.8410667845995805,7.4647876313861108,2.2993941093581736,5.8246460764178432,-2.2472333518997334,2.6359677753654305,5.4501738443374714,1.7244157390612536,0,0.15765526366967153
0,0,1.8800615026003804,10.665540691358782,1.9397577560988304,-0.59026816574643759,-11.661351855517619,-0.74179009779262373,10.525438380744809,1.8892072916677098,0,4.5612854178418116
0,0,-1.4264637588195419,10.393361707135742,2.316789178670283,7.2656880818606799,0.68488202171610424,-1.9948905039576168,4.5867787992924534,1.8172994647860363,0,4.1299428896213657
0,0,1.7082620312511594,4.9691691864572061,2.5695908845781417,1.9773826552042357,0.48429488729977849,-2.9430135312672929,9.4623422311734764,2.5084560578096111,1,0
0,0,2.4450106610299818,10.498916306627256,2.0678996054056817,-7.1991633122776388,1.9651532218029375,2.354793946815871,4.0167840961974193,2.4453581861804699,0,0.9847053655007979
0,0,1.8045584680860705,8.0681999952993557,2.5193804387008294,1.9307635627491684,-3.7194336393645893,2.7420278254413271,11.705737726004251,1.9782228659933276,1,0
0,0,-1.5565077765785476,8.1088205785490288,2.1247404286820486,-0.41130920889362865,-4.6677374035723256,-1.8532258112218676,3.8566916647312239,2.4542132467895104,1,0
0,0,0.46341682369799209,6.3791449447177335,2.085300771664456,-7.1005483719285261,-5.6663241043523183,-2.9982113450445196,4.1263520219982031,2.3423734717968197,0,3.3905353036827259
0,0,-3.0953427615861728,10.258142164124646,2.0836667240587436,2.8371975871953197,5.3709055331375701,1.0799957816469599,11.490296770223445,2.4690038686290694,1,0
0,0,-1.9160260045983579,9.4466653158036173,2.0097564733503339,-1.5976990232847126,2.9548791849867633,-1.4015463277196021,7.2941273334517085,1.6308767083863365,1,0
0,0,-0.734973150193452,4.5980974366966709,2.1789453995781862,5.2704885925702483,-13.367135798594202,2.8903741207158022,6.7471265461071903,2.5692580587475531,0,9.0353223736382571
0,0,-2.3013648938701081,4.1944531063975674,1.882263922525981,-0.89860975231907969,2.0970732222883566,0.1486604285669082,11.318390952540398,2.160900065809495,1,0
0,0,-0.042369798769333666,10.095572693278303,1.9551161694444341,-2.0251261747816067,6.2444117184881227,-1.3186941131573926,9.1206725830737891,1.8929840416416948,0,0.53672724018686058
0,0,-1.9501439383127959,7.5132718787838311,1.8478684481436474,-14.291105333215478,-4.3555001053552393,-0.024041676461052486,11.759082514171558,1.7152696357417663,0,6.1629338677149939
0,0,0.021770259050661434,3.597216541985861,2.2508029788225721,0.61885590047664707,-0.57576395318089235,-1.8638905192881605,7.2982282720010527,2.5473535097141844,1,0
0,0,-2.0788034736276044,4.1847905957152518,2.5846661299943614,-14.267931905417321,2.4377247100991428,-1.4465474841271178,11.824010634517901,2.002563311955591,0,10.575498357804319
0,0,1.4328046710934901,5.7506125223501723,2.3523710534020195,3.0305841319565587,6.015335537409519,-2.1476191293927847,7.1784713283005921,2.2218069659802784,0,0.0029788886234286471
0,0,-1.5561743397170722,7.9410783558591529,2.1041536837525485,-6.3178115068686047,6.4726859334364786,-2.8855146295778318,4.1408491844257114,1.6644624613829593,0,3.7376416139433477
0,0,-0.19115923493802178,10.342260267900858,2.0191206384726725,-15.894513285694364,-1.7815724528956896,0.14414546615250323,9.3693111376346607,1.7632414278792217,0,6.0855800445439456
0,0,-1.3464989920511394,9.846987509318339,2.4198748117141582,-0.59747127396358835,-3.1507942484644738,2.7179182719660639,5.9424496516180945,1.8609036169813602,1,0
0,0,-0.40357219598346772,5.6709237290852155,1.7511640976603124,-0.97241516068309564,-2.0670657230702205,-0.27377069086450545,8.1003847559008122,1.955376776684687,0,0.040071047706265794
0,0,1.2718411004004126,10.728722512431073,1.8840310090434282,6.9185466333664252,-7.2167979572127665,-1.274025075462337,9.567472477130222,1.8484817217482541,0,4.3459268412443377
0,0,2.4028030114216969,3.7169684342174003,1.7975448044320732,10.360714354869707,4.0269724085869951,0.62067383924977149,5.8354655128671613,2.4852709541429414,0,6.58397314423756
0,0,2.7309931691876539,4.3490309739950757,2.5016021919891647,-11.81155742090497,-5.6033964633849624,-1.5812498408314606,4.9311530128201557,2.2285284672909991,0,8.6677367516854229
0,0,-0.24254690810199486,4.7618456936262081,1.9068798519822432,-1.5079651346996501,0.60602972591498872,0.5863290874021958,6.8002473499389078,2.2920935161428075,1,0
0,0,-0.35720185857716569,7.6692857212733268,2.5675891793993988,-7.7479059411748352,4.4068381069812768,-3.0380697247834112,7.9519889901410563,1.7362237980237258,0,1.5176917061648614
0,0,0.61554121301244802,5.7121308716026178,2.2735133636146445,-4.3105588907295251,4.3459533196858198,2.0414155775260356,7.74690097168578,2.4802979462349666,0,0.88852164261521105
0,0,-1.0701616340324724,5.5789318337355338,2.1498529790015626,-1.9107975744791699,1.4580517279444074,-2.4997075975062222,7.0421440307981413,2.0657252138062816,1,0
0,0,1.554501176527519,11.808337126920227,2.4165515887018878,3.6465049052635399,-7.7701886490870988,1.860975324964639,9.2754232259402638,2.2781542105852282,0,0.079163203510619021
0,0,1.3340888705378511,11.409017187739376,2.5690619024190338,-11.531172931945168,-8.5722593292918958,-1.1086854945817728,6.8803230087556519,2.4921916982230394,0,8.2442275407456762
0,0,1.4029513444118464,4.9855611423394564,2.2428437975103508,-12.115778707973467,8.9410084377801038,-1.8540277720163421,7.0452025451395341,1.7322468393801915,0,11.864623354511197
0,0,-0.63472264359943686,10.60358009001164,2.394282529686719,6.6376877271880206,0.87701529651001975,0.90837996633067153,8.562778735241114,2.5241598020721723,1,0
0,0,-0.51741060711592279,9.7879143098310273,2.1106907286427727,-0.99691539255273798,4.3139346806268328,-0.19967894764318039,10.868711171640602,1.747337298349517,0,0.62535130899634794
0,0,0.093546205698646023,9.1790591358972442,2.5033815400526191,1.6294867513492721,-4.8092445263934467,1.3676990534933253,11.723756852208147,2.5091003375330465,1,0
0,0,-3.0048136672705548,6.6931230097326946,1.7465442187157167,-1.2270458090827354,2.4794561745562924,2.7043832485990213,6.3701290766877179,2.0621845679755126,1,0
0,0,2.9618148179502493,6.6238436257210047,1.8124445072191326,0.68344813973044671,11.021898849877285,-0.81997588841991931,10.911598341199417,2.2852125318775172,0,5.8848600699127251
0,0,-0.3338075756422616,6.5021105035575228,2.2976748758026906,-4.3109957477788052,-1.0625556947645132,2.1088582787305254,5.0360892898388023,1.8011459609109528,0,0.37463431099574135
0,0,0.59474956137217072,11.822715874968061,1.9951183284773397,-8.1913891770656164,-3.5136421602657606,-2.008019182072724,8.902962682051708,2.464234539234611,0,0.81145755121268237
0,0,-0.096922218109963598,4.6815637201733935,2.0030306948079519,1.8143276695332193,-4.7657023406271755,1.4953386115860807,6.1231641469799829,2.4674792601957427,0,0.50225942296976456
0,0,2.7900785118674145,9.1961909306404479,1.7254798117477224,-6.254880012531765,-2.5531157865639988,3.0810311535025621,8.3816326364868345,2.5666733565188751,0,1.2563401399404752
0,0,1.3324449891241859,9.5119243938089877,2.1980481525346867,0.582076689930905,2.922287952865001,3.1200596230357576,11.839677352775142,2.117360527422206,1,0
0,0,-2.5529594023587121,11.594196874167418,2.343258823362766,-15.05857481486453,2.2369809579510229,-1.1168043367866263,6.6295675205495499,2.3248300272867364,0,7.3682463746910738
0,0,-2.3723275448882046,4.3639784800326211,2.1820347640188893,-1.8229967791606001,-6.812055169631817,-2.4044081278252003,4.8453190472696459,2.302389123671154,0,2.0296140106368461
0,0,-1.7033268602715672,5.5695102803815004,2.5028120114190191,5.2794292727413268,0.83933002883329988,-2.129248130063782,8.0643416845338507,2.3424084093297677,0,1.138316302366857
0,0,1.2574408430423079,4.6846977150193041,1.8490123680387502,2.2388590627109108,5.9658935044874255,-2.3508361249497933,7.8082882971483096,2.3474064914300188,0,0.0084307436961783
0,0,0.19015524002958362,4.4644570208249643,2.021370138986434,-1.47340176216941,-1.1247461850104816,-1.9839902571880645,10.862028553243647,2.5678089530664154,1,0
0,0,0.77393442890396313,7.4050902768552618,2.0738859362266595,0.35799368288051581,-1.9273347696195133,-0.37813149612188068,7.8135772559279832,2.0892223434601811,1,0
0,0,0.54888081242709186,7.3957654139676654,2.1551191176644928,4.1814691222830014,9.5928242741057055,0.031870840940782852,11.096064036530349,2.5346270280213155,0,5.4228702633462254
0,0,-2.1438526203194255,8.4287020736922535,2.4065848988561278,-3.6820001517645915,-2.6726948806372257,2.9189364732835283,3.6104618283584364,2.3092614324246097,1,0
0,0,1.6106755257182197,10.453832709924072,1.8728619552804202,6.3825409132530133,-13.982488299896785,-1.6494012761332268,11.333975606872359,2.1091796773518654,0,5.554219454849262
0,0,2.7410338134942309,5.8000453607306994,1.7672431914070257,-4.2932324967145883,-2.4880858729259532,-1.9405910109939228,4.0262297047313904,2.2963281300589378,0,1.0341094736129897
0,0,-2.0214886998455075,8.0347848223801819,1.8833401421811917,-2.0734343170921115,-6.1886886004566088,0.65241539955114147,4.6392210329037447,1.6529924464158894,0,0.18067552592043454
0,0,0.46968478861346297,5.871617769550733,2.5135499570806874,0.043388947621706919,-0.48364778165424377,-1.5289622653455059,10.720727569879083,2.5141832801200015,1,0
0,0,2.4220953095075304,7.1897467475954668,1.8381072909417431,6.5471319006188358,-12.979871324903309,-0.26321544584586754,8.7994096967106863,2.0013997833575043,0,7.8221984253221732
0,0,0.61182342031976855,4.8805726695374192,2.276723471378475,-0.89933317472024721,2.4333959754360168,0.43590072743805663,11.178429259550541,1.8125607227731253,0,0.13140937900571026
0,0,2.9837530390387048,10.810023816232228,1.8062444459589284,-0.31702446426734399,0.55350803742015309,-1.3010019394105667,11.60704137216956,1.6787061122206439,1,0
0,0,-1.7101720412752828,5.694480606473955,1.8898510391963304,3.8807893151238169,-3.8542778971364124,2.4909801011986739,6.2697515167602322,1.9755313462617194,0,0.21636539595833335
0,0,0.19678244595133298,4.9184872826287789,1.6352323167402085,-9.4715035694380365,1.1332117323971922,1.9404171109900092,7.0149524316451979,1.8918803261311772,0,5.0728483035753777
0,0,-0.32386401083331329,7.3847187720285703,2.0906629609621481,15.724371504276782,2.3068269337995253,-1.4684931471224278,5.5629329140001698,1.9764378516140741,0,11.095297132468858
0,0,-2.2082562256481588,11.035773649975194,2.3371293350180595,-2.7074537615954926,3.4069889539381149,1.5192927678928498,10.129610007654504,2.3310811345994273,1,0
0,0,-2.2136757675185326,6.0679999643373002,1.749010209433786,-7.1426544302259654,-0.67053792882346874,2.7225890863408324,9.2303644750950404,1.9249535023665065,0,0.11052590524819526
0,0,-1.8463994448271124,5.1342759507281786,2.5551737847589679,0.13940016488278817,-1.0508772759563261,-2.8180196585375432,10.639871265094547,1.9037769279345595,1,0
0,0,0.57274540780500072,6.4149384888574721,2.4781402692057659,-0.20588701689094457,-0.23511656944281861,-1.8181475417206598,9.471505494325438,2.0376241401082122,1,0
0,0,0.2032650334688797,9.3816847668444652,2.1505156558210987,5.4191075288373876,-7.3271841159704261,-0.042638988771087849,5.0498805051382538,2.4420244304651746,0,5.3960891541581564
0,0,-1.5878593421749121,7.5917068995566312,1.7210811553089673,-2.4731400140251445,3.6686693312448422,1.0368829741619052,9.749526124588769,2.4751592947278773,0,0.1345254469120496
0,0,0.077325407337472729,6.7964111711274313,1.8626826631472799,9.4011439547175115,12.175225086292686,-1.3479694950205408,9.4467614320415088,2.1209656603307043,0,8.6534893811845066
0,0,-2.7733416222981728,7.6820410533480468,2.3574246499669069,-9.1466044096740955,-2.2943998275750386,-0.73116036708602872,10.529349293577294,2.0546378991874241,0,2.830732741028819
0,0,-1.9159060967207937,7.557615845880016,2.2937819456360495,-1.3469989630136714,-0.35236746684640469,-2.5421307511574023,5.4280870370781891,2.3244540513889516,1,0
0,0,2.2080025519442756,10.009302935673034,2.2806177654356614,4.4801647169800995,2.5096782158640982,-1.5294927088113965,11.574014745134704,1.6962514665208064,0,0.0038743074639999422
0,0,-1.5273423207779937,8.6334315661505379,2.0635828899262876,1.6094596978238815,3.0006209769369772,2.6824870593266015,9.0741915011703469,1.7338707077543574,1,0
0,0,0.44295244422491376,6.7027174897184496,1.8271569673531181,1.946938350986507,-0.53790882284279207,0.25797507808814357,8.827126529048348,1.64372130441734,1,0
0,0,1.4455756574868941,10.711745925374572,2.5947819397715999,2.340069203743405,-5.0957961324559236,-2.6236454048330415,5.100973306692044,2.1847982084510571,1,0
0,0,2.2721903326509958,4.4128638255367516,1.9607955729358939,0.63658971296846656,-2.9042599716159447,2.8223954108442628,6.1833312769446032,1.6915974799832894,1,0
0,0,-2.5605125952591665,8.1455476826142892,2.4187886159906746,11.395041491265919,0.99264030759733746,-1.850162133202601,6.7070607660700876,2.5818469718043779,0,5.8158853236473798
0,0,-1.2112035137039581,11.853544227894023,2.4935101411379255,-8.5163677291314031,2.078514453495897,2.9943741610145933,7.8868441934454863,2.1272160940957687,0,2.0295047700060813
0,0,0.76747519189758506,6.751314943973437,1.7041164479627806,-1.0142523337892726,0.48700936261885164,2.8560143725605398,5.0762263796268883,1.6664042473386029,1,0
0,0,-2.0822089869942024,11.273378103224184,2.3339040525142192,-2.7965985234973818,-4.5273966948710109,-1.4535075416708634,10.052057807073867,2.1074520260950234,1,0
0,0,-1.2097391040238377,8.5417469474861463,1.7930101106303113,2.5276466574209677,-6.1233072335500145,-2.9345963573889531,3.9796555005230054,2.1183253044966457,0,1.0950530858589258
0,0,0.11924984882194378,11.320340088092761,2.3407126626666104,-5.621231910185994,9.9003632454166706,-1.7802332959385094,5.7093995603798255,2.1510848787862962,0,6.2793746980225809
0,0,0.6641997203918617,9.4773638978977246,1.838798136696159,0.02032812190605144,-1.4162622109979448,0.76983725657709812,7.3244003219810203,2.4744388630023106,1,0
0,0,-2.4387653690356648,4.3829912269333393,2.1441741905282781,-1.8772715707417487,3.4873272302736211,1.1043374492930615,6.9795800863827155,2.5783346179897348,0,0.25174857304607923
0,0,-1.6739595308457176,5.48099424682988,1.8385591858661987,2.5457409350868598,-1.4245189989245508,-2.2586907443814468,4.6223765876004492,2.3766594328915072,1,0
0,0,-1.431336273531179,11.627094297539905,1.7406931656277349,6.1948098412851049,4.2799204471800909,-2.5472112856108953,4.6497717825165452,2.5973623953128993,0,3.2001996693499275
0,0,-1.7348533949104348,6.1134561835443497,2.0574725931098605,6.8251337321303431,8.8740133165333983,1.4685128045073119,6.1901066863843637,1.9179100336255859,0,5.0600538864846216
0,0,0.87292092876362926,4.2382784399646418,2.172961931531316,-1.3621839461287752,2.3048620030162721,-2.325775429253917,11.385173142116615,2.4321250769789549,0,0.14980253374305624
0,0,0.53740011460436188,11.828257277254098,1.8680846787432686,-0.0072737680199739521,-0.31311859483934879,-0.22405915486827377,8.4662907847157705,2.5217589680477137,1,0
0,0,0.8542388090124966,4.9865507281271206,2.1220203096380015,2.0515169596110154,-14.133320494000374,-2.4316023719889621,11.608143522088659,2.2758385790108417,0,9.5091785291769799
0,0,-1.7892086082977428,4.925697804823634,2.2811417250194013,11.652916269489943,4.4727630058900862,-2.4574961586377344,10.806043077815396,2.2635810838282908,0,5.1080626542708671
0,0,-1.5082012318424352,7.7591382961453599,1.9596267976219806,3.0474770729872414,1.4436492190410781,1.50949059825445,8.9080973581007434,1.7476989183461455,0,0.7344017211029954
0,0,-2.5744369359366361,5.7135165420620417,2.1763283216891778,-2.4117677941335405,-4.2191464319933161,0.77134679618948043,11.01833198102417,2.2671170861270276,1,0
0,0,-2.4576165865286823,9.0259427998490374,2.3926832218815139,2.8525874197120658,13.048924443407842,2.2799884925621638,10.915154861565725,1.747356919601093,0,5.4587885972251176
0,0,1.6716071166073068,6.6382860026541222,1.7797627632067017,7.2487138600132983,8.2807607659679423,-2.4638581160217528,10.52254101083037,2.5842076643244174,0,3.0214574601375701
0,0,-0.79006221903258966,9.3475201152712231,2.4390171277592594,-4.2354679938352664,-5.0912726023662938,-2.760293434783172,10.597953824184174,2.39323735050796,0,0.02539018129879294
0,0,-2.1768669873736761,3.6169342203284156,2.2319359909488412,2.7324301084546314,-2.4518047276658042,-1.2677240423053207,3.6915078666469312,2.465887414042522,0,0.31264199738045373
0,0,0.82809332913684175,6.8603725236726874,1.8389882881189397,-2.3745969571757035,1.5331886392178415,2.2906749469557033,4.8825647954427982,2.1930988263297753,1,0
0,0,3.0503261280586171,5.2740998686061538,1.8562802564690091,-3.1990223204475732,3.4203314057647121,1.0013134761542428,8.688279531956848,2.3290910675242933,0,0.60549298787822181
0,0,-1.1618814929242631,7.6325011609987392,1.6958688342634565,1.1279663309842807,3.8641969457214951,1.7346203918615739,10.743316036151633,2.1516418118544451,1,0
0,0,-1.0198139246087332,10.319255467461712,1.8402727881459628,-8.9091317738449725,-13.209564771718423,-2.5908124460206485,11.318960109629195,2.1556641244472199,0,7.9342825302960449
0,0,-1.7605829900413634,4.8679706349279419,1.6097122783694833,7.9811639068115143,-1.9088160751003724,2.082718948485117,10.657485215126215,1.6040681423033858,0,3.423690458658561
0,0,-0.13416755202220454,9.422778624655944,2.4691836775541782,-6.6856570168872578,-2.2771685337130152,-0.13631499851967188,8.4325963415651177,1.6539260609404565,0,1.0929103958828452
0,0,-3.0639582746868332,9.9738330269734199,1.6785255234856953,5.6851951286225288,2.3173811965386855,-1.0727803339910862,10.339197705148489,2.398436216968034,0,0.0071499596780143001
0,0,2.283174149379307,11.357153437706931,2.4901504509170582,5.2652182034459791,-0.40028183406710888,-2.9081436044918592,3.7760438197416231,2.574287248388178,0,0.209303554703862
0,0,-1.8391119883297338,6.6657149086369483,2.3753714714784397,-0.38957082039367463,-0.062067919782885617,0.28421359587229356,3.8502022735393191,1.8192252065177663,1,0
0,0,1.3992604658620564,6.3866626346091095,2.3386712597045531,-9.9271872100987135,-2.4004006288411763,2.9238806983199472,10.439526575308136,1.8071166615545824,0,2.9536151192918774
0,0,1.0472741655434321,5.302976526338524,2.4672839504220296,-1.6926381848517404,3.7658498133252962,-0.59853761705919917,6.8230655682878689,2.0571684564406381,1,0
0,0,-0.17777727322671399,10.801259537989541,1.9702566187988571,4.0265665536157842,-8.9481017642200626,0.771329633151979,7.9213645062184783,2.2813811708688547,0,3.5679303317197961
0,0,-3.0592046582099774,8.5678873374557298,2.3405640758034427,-13.184179120017044,-4.7876303658848123,1.7711825528240652,7.9452654059858254,2.573587206129941,0,8.19460928986833
0,0,0.12680255861425849,5.4873762868539275,1.8759633340258257,3.8179945781915938,1.3829906853385687,-2.4316679878852479,7.4810794268920473,2.1641332023783439,1,0
0,0,-1.7888787350354185,4.0927188425424745,1.7173100870829474,-3.2691247339876246,1.8151961930062566,2.1403122513581678,5.4693654336101423,2.0110676657685174,0,0.078353359737963701
0,0,1.4372873957254431,6.6115010405910262,2.3358994513279558,3.7849277463258937,11.562729976544063,-2.3333814288424963,4.5605801481629777,2.0945900894735185,0,6.2221886089265146
0,0,1.3490890498207646,5.90848966644805,2.2090035144232139,4.7981378768889851,-1.3300412262552546,2.2543539555257661,9.9279273910911758,2.5977113808031205,1,0
0,0,1.6583332318598458,9.6473807304091146,2.2027950512246632,0.28673488222398408,-5.1246196735109724,-2.5158379362970447,9.4301434568464586,2.2407005026001965,1,0
0,0,0.84277940352062064,6.9536442015181317,2.0191289200762248,3.283683351729493,6.010239396452314,-2.9529814372421543,8.0683880768818312,2.4287661692497577,0,1.1568058811594808
0,0,2.8211222348096916,10.864783292699869,2.0864591010775513,0.23496604492885609,2.3180946683951196,1.3085664462251545,10.795508404325664,1.7499331130366604,1,0
0,0,1.5634187335028562,8.0055832323244971,2.5728427405538055,-13.662581796623968,6.7510404474950594,0.46185970337380011,4.2072347238453114,2.4998471021171973,0,10.288421891165001
0,0,2.9098750819853922,8.3755134127682869,2.125703450210858,3.2206378611184294,0.09078124049820617,-1.8007852888557045,9.4523049585505241,2.0117270332639596,1,0
0,0,2.5314699801604403,8.5151192711274,1.7249448802900371,-3.4990804336404953,4.7951124239900915,-2.1291630591170518,6.5784858928363974,2.0016249724282371,0,0.21081498638566729
0,0,-1.6617831501019353,9.8435991786788044,2.3564088642344996,-14.500736976522237,-3.3787455134213444,1.4354595413582354,4.1846646639377241,2.533564061843709,0,11.597252850962517
0,0,-2.1684799945712459,5.7672544234310106,2.176066523302465,-10.522827908683446,1.4862483061345524,1.6104131204176193,9.8925544558238734,1.801922972684769,0,6.9644481422447679
0,0,-1.5396253363740731,10.696899875938781,1.8552669629881926,0.54096326729474065,1.8562220851140934,-0.81599610955840074,8.9280070081818366,1.6741387798769782,1,0
0,0,-2.7745988586937766,8.4389447255059622,1.6590116795327163,0.44584918771757853,-2.0516443902149963,-1.898237060132228,6.4086246771400681,2.3932220964196134,1,0
0,0,1.587432167061392,4.9691422095711948,1.8563412573415203,-14.292357166922384,-2.1073034374844721,2.2762893231059502,11.17709965248525,2.3833937281498305,0,9.3971197875794523
0,0,0.5414797591045839,9.1603181318730975,2.0900320870502207,7.7554381395043377,10.349836488227604,-1.3744969162540126,9.5379450703191129,2.2790917578181453,0,4.7142044389498157
0,0,2.2135433475686099,5.1833732299324353,1.6691700696439948,-0.84574268741914971,0.20705622731081019,0.12173317212165191,7.2618883190089765,2.0954245958920419,1,0
0,0,-2.5828753665881776,7.4703579468934489,1.9945690057569114,4.6639319310783947,1.2089438418487599,-1.5633878167192354,6.4299765719913093,1.9421928145039771,1,0
0,0,2.9248523893793648,4.6045273568171758,2.3408403925264198,1.5270768648508148,7.6668292678431236,0.11281668764561514,5.8278786798521693,2.3801996153493139,0,4.5819825578318447
0,0,0.35386208770389782,5.5875629047291735,1.7703746791947501,-0.75167076460654547,-4.5670723136676665,1.6222547890464165,6.85672094521947,1.8702785868575658,1,0
0,0,0.058404581146707102,4.3895413600917603,1.8545057272855812,4.0743823053672594,3.1643441054189516,1.8790507752930212,6.1634200661872587,2.4323636946877487,0,1.2703084519567827
0,0,-0.16453746418256054,4.5753025055547187,1.6684807853227517,-0.61249213487438192,-2.8858320790510601,-0.49440443265141232,6.1669557624410238,2.4036234955862148,0,0.09880606094871891
0,0,-2.2019316084049509,6.524919429146097,2.4818705935408216,-0.37695793279589201,0.28541435180130764,1.8591310911786652,11.030852308927912,1.9607919037462955,1,0
0,0,2.5047607956737776,4.9816353421617432,2.0775014028642644,8.1654333998746083,-11.565807121096695,-0.90376236626113027,10.154475321244574,2.2942867419982971,0,6.3845705869719334
0,0,-1.8621799816526148,5.09318866255063,2.0991092725719023,-1.0565335902181199,-3.4432939395780808,-1.211396758503231,8.7936562476635132,1.9507547730218109,1,0
0,0,-0.28067496346127951,10.928284021145958,2.4434937935505658,-2.7419100040006694,-3.4394829180282622,2.0971965160654911,5.0507457997530425,1.6013012051879008,0,0.51779845057898644
0,0,-2.879483193340421,6.1064123341005452,2.4446623610359355,13.744107593724973,0.69894642693782805,-1.2244050153044057,7.5511935486470749,2.2066878341143465,0,8.9853234983502528
0,0,-1.7778765594967085,8.5832895566161653,1.6060103653171498,6.0511703817872835,-0.96217461034161877,1.6521242171790167,10.61853049249525,1.9448176114413194,0,2.9902233507600178
0,0,2.8981768433284234,11.253492653255474,2.2116474896537608,1.8031577505183509,-3.1374529524077377,-1.9762732633164506,5.8959097239391642,1.8024172690911864,1,0
0,0,-2.0602029812673623,6.2904001328617447,2.0856179986873902,3.0400317033523283,-1.847905342854683,2.5577652979897838,4.8306920376032974,1.8056175345532468,0,0.019359293738022455
0,0,-2.6495352599075463,8.5419278661475442,1.7324226600924473,-1.6597211340852192,1.4166297608761946,2.1479755613940918,11.050984453290909,1.7740696200602384,1,0
0,0,1.2061658536434532,3.5081191617298493,2.0662121630367105,4.0080610843469859,-4.5520273077590439,1.8998706092908035,7.0776680951893631,2.4969860994550142,0,1.1120790921180976
0,0,1.2792032118404659,8.4086922278280305,2.0940211970663554,0.57268626206993745,-14.283667081127712,2.1208184327122286,10.003864974377464,1.9782278844981915,0,5.2689520714090357
0,0,1.1107852900444453,6.3362455211008584,2.5456172493833589,3.8106819262762333,1.8650439824854312,2.0328831629056259,10.462968439486225,1.8975056781143795,0,0.00019726216458003821
0,0,-1.5165356859581156,11.625642842871997,1.8857278339210635,6.8685970229506443,6.7082839504774743,1.5734153959697279,7.4628791018163252,1.76863369211712,0,5.2036917624053078
0,0,-2.3285458916614443,4.7842918885592489,1.7775625404463111,-2.0160900544747471,-3.7329400554914889,-2.2881994233557363,7.0980168272602917,2.2023274263569199,1,0
0,0,-2.2365913142938649,9.0193801888128213,2.4835525207563496,-0.019201878879089529,-0.15863597130138088,1.8075700762663036,3.6447497814811527,2.3392464275286899,1,0
0,0,-2.8634758148124826,11.264186178166648,2.5185559530262207,7.5352512325216949,3.2786386570173769,3.0007934959441656,8.4572311332592953,2.2909196379317955,1,0
0,0,1.6863319446013527,7.2468348785929599,1.9848792692554822,-0.50564101296258801,9.0720655590914223,-2.5227301498801813,6.8006787806276403,1.9501166232956773,0,3.1081976582333577
0,0,-2.3517955181441366,6.6005021881965007,1.6306157960499683,14.430070218342427,-2.2175736606136267,-3.1369375142590963,8.5288937027267107,1.9092273987693247,0,7.8746397813545013
0,0,1.528980847754525,8.5448413040487203,2.4075966516768563,-3.1626926352669402,-13.854952497970601,0.62381199012909105,4.5792486053665904,2.5149989253884231,0,7.3081214879264476
0,0,3.141000542435707,3.5998780404514306,1.9372262192345717,-7.1891339156524108,0.94428214190630588,-2.8702872401014305,10.886914745176156,1.9106108724201603,0,0.46462746567180857
0,0,2.9161710037007165,5.6730391214976663,2.4477240430576916,8.0016421575031291,8.2359267939200667,0.0053587352255535237,7.5556186188845444,1.9297583736230792,0,6.7887770064222712
0,0,-2.2025870800401091,11.728484018091743,1.9446302587383273,-2.4892324503417802,-4.2257067204225072,1.3481037067140305,7.4806813471134639,1.6234710655051541,1,0
0,0,0.50031443780043583,8.7525974900325334,1.6835803497370641,0.27780879393498742,-3.4571118197913195,0.94148394583667638,9.9538090199185145,2.3705977941609255,1,0
0,0,-2.3539187725943624,3.9245131131317659,1.7378380103259039,3.880399116368578,-4.3060693733050854,2.4426425193524288,9.7315838489577047,1.668017692368831,0,0.00040573918533810333
0,0,0.68330515222148991,11.017366464443946,2.5773043409649601,-10.203671537448024,5.211203967076905,-2.723471449071535,7.1355381282152912,2.5504991400045993,0,7.0290338412782969
0,0,-0.31301000434725079,11.429774716492872,2.5897136683443511,-12.413863001363799,7.3863423968389297,2.575033365314769,4.2058882529109294,1.8563662852693696,0,6.4787977805512709
0,0,-1.4777288174605325,9.7806579591938991,1.9208094654704706,9.1767289596901147,10.630895350168945,2.0043315996922804,6.5659487816947788,1.8897686363891166,0,9.3104214475091815
0,0,-1.3331217631184948,4.6814932743594664,2.4449503784107645,4.4581908083132635,0.4737513669526166,2.5601402475988122,7.0261473312586356,2.1830000160318108,0,0.025598829066262326
0,0,2.1612622418907508,6.9750905567407706,2.5472755455790392,-1.1890318109991933,7.9438975134708647,0.5278155169141252,10.962363886540688,2.2611460819811788,0,2.7706421293314429
0,0,-2.9651242615016615,5.2177084797710513,1.8809477835451389,2.7132319670661995,6.5287431021043592,0.21612860989193372,10.681721162270167,1.9946488902491599,0,3.8022537983041098
0,0,-1.8904361702530372,4.4321989735282159,2.3399427571684162,11.265021553033844,-0.94669600076510985,-2.751939048030406,5.9675644984242702,1.9769152422528071,0,6.9139962647537105
0,0,1.8875811343417643,6.0676237418997676,2.5489584081689003,-4.87943824720191,6.5562961365252752,2.1584663728394382,9.7852221690933519,2.1886991435992527,0,0.0048282489578997711
0,0,-1.585161803736356,3.769822851277187,1.8363827959560557,-0.20704075506318409,-2.7292297846091755,-0.48701700474430165,7.8149704874733015,2.0835469668564492,1,0
0,0,-0.026864846671211584,6.2603753969499785,2.2562121265183195,-6.4028762963440036,-4.194027699417413,1.8124769634105364,10.983229557664222,1.8750692443839472,0,2.9657175436929601
0,0,-1.7030387396760236,6.4617889643515456,1.7886526206363871,-2.0606001526705273,4.1477421037193754,1.3386723620248278,7.1217091220150976,2.1535557275646755,0,0.67068503502537724
0,0,-0.64824460356860225,11.613265357480163,1.9165249963303581,0.021664906613986224,0.060415353572537828,0.31157757214616932,6.9932234840516827,2.3247607741299863,1,0
0,0,2.5903250632161656,9.3588067243888293,2.5726113521586913,-2.1406282164324173,-8.3718087139361863,1.3538591071599821,9.5144666914126574,1.9957862699726276,0,2.145233566860814
0,0,1.8255020344859849,5.8770248074422078,2.1919109570578383,-7.3403397123669087,10.274259296233417,-2.7625370664918898,8.1980134766559161,2.4146101034286911,0,8.0021206009968626
0,0,-1.6301434035461009,7.9059021152268381,2.2959858143549301,-5.0605483320684819,11.17044736963094,-1.8151271835881984,7.5226130295935727,1.942505397701983,0,5.2583744791231677
0,0,1.9168707778341361,4.7771028328129388,2.5730851346574779,-0.92302206139218335,-3.6043926973198186,2.8624985953166622,5.2772126611355574,2.0510136611056291,0,0.0039740401619878891
0,0,-1.2672962060390185,5.2112763399524074,1.6739975259548108,-2.0970280861068584,-5.6334595833898771,-0.66089917398525788,11.49285467736625,1.8662994408133851,0,2.6285961389659214
0,0,0.40958840350589831,5.7534100671472519,2.0628625137030157,0.18217239296942364,0.36766898954400268,1.791799978784403,10.3278738023443,1.8497419385838656,1,0
0,0,-0.42017704702355996,3.7775500249601253,1.8819449423473644,-4.6540800549722929,-9.953105509563434,1.1703889054957282,3.7174423648174848,1.7680316420876956,0,8.1690480575439537
0,0,1.4656943309468753,5.7907957069569296,2.0966544844337296,1.9681640056502585,0.37359663553518196,0.52250409827774513,11.591862194779104,2.0799474567008964,1,0
0,0,-1.6447991175974679,6.7414101301813201,1.839758784153213,-6.0795490555660274,-10.528738172110636,-2.6141436462314225,11.36452089038951,2.247900584684531,0,3.4511918071095629
0,0,-3.0730463348782706,6.1069488571040527,1.8976257236479377,5.4635292177716979,-9.2516366203529099,0.61666484856514092,9.6267156117490433,1.7448920164317543,0,7.4338733349762478
0,0,1.4703588433709802,9.7246818447657439,2.0803052664607247,4.6724433712851754,11.619090945593925,1.0644386442441958,11.986559791693338,1.9068612465117227,0,1.5559795548710429
0,0,-1.0006872638303506,3.8256072163276933,2.5402094922790153,1.498969341235278,2.2532069532862002,0.029618549637429936,6.0562650379862983,2.1825376051705772,1,0
0,0,1.1574129197947514,6.1408050484462207,2.1743385088621641,-0.02616130485506046,-0.16446842431742378,-2.4672900586964159,5.25739549852252,2.1224078892059448,1,0
0,0,2.256119517397881,5.755266378663543,2.050134098512217,7.6038972201238622,10.168878643420118,1.12391326158086,6.6883997083866529,1.6999539604489744,0,7.9094707073635746
0,0,-1.5325614911597736,7.8782260719942796,1.6729370768665026,4.650855390899717,-1.036901111671606,2.4010549149098201,10.453596120446123,1.6601229160613826,1,0
0,0,-0.4806258034624129,7.4607512662126663,2.0290311672241792,-0.19811719494157362,3.9623346446065955,-2.9784393591392453,8.1330353841981005,1.6562253954110351,0,0.063284281630712355
0,0,-2.6086732072842649,6.9082799223674378,2.2382543667264443,4.9484195075540374,0.21742866622603707,-0.98640617480839943,5.1253293606866803,2.5937284515598344,1,0
0,0,-0.098190260817990982,5.6984351205289885,2.2277734923428101,-1.6313078884298158,-3.2470773969437463,-0.12814613634159677,8.2643825540225393,1.6579271619585469,0,1.4012385333416084
0,0,1.8898185095309241,7.9146166436185688,2.3854383280466873,-1.3506372786774219,5.6018487355157358,-2.4186037627200716,6.7390546580240391,1.6640118508017483,0,0.15445593782586475
0,0,3.1040444240318079,6.0436070661583017,2.4736421812540286,-1.8875661790454004,-0.46128377711070973,1.7528647803866164,4.829883621419393,1.7770473935960558,1,0
0,0,-3.1378191469918368,7.4171165362461338,2.3623020032547015,-3.6318123249559773,-14.80847881083797,-2.5044823640166785,9.9621870119175071,2.4412561056769269,0,9.6816229020262217
0,0,1.6220511573936252,4.2395429337856534,1.6340576235285713,-0.099054574322912314,-13.178833315548809,2.0070126036313516,6.1011504097175449,2.0489617263256417,0,7.8261494570211703
0,0,-2.3853623210631962,4.8597341010228785,2.3564614330902249,-1.4922274237207389,-0.57029561578214505,-2.4708611798944684,11.857398027502107,2.4577036331678657,1,0
0,0,0.8134728985133064,8.2961156419651871,2.2747053799173007,6.7559288221099436,0.27375257455203161,0.60568694358333852,8.3279183260607379,1.7773442222583447,0,1.8554090275284199
0,0,0.63463226601339962,7.8688747488668316,2.0613433373039509,-1.7048296297970169,-3.2215220174044896,0.23410360416719556,11.164990224824731,1.8574681582717218,1,0
0,0,0.73576756263436982,11.973685059339539,1.9989748027255803,-1.3439635532894185,-0.46333663366695493,1.2927118318682709,7.9162418601424704,2.2512235658719915,1,0
0,0,-0.86098251730663167,6.8286461016018212,2.2126867219915933,0.45832885783578436,8.7176327297014531,1.1891481772680876,10.586552398129683,1.9638858325191777,0,0.41153762578170172
0,0,-0.0069102030099035261,9.327814924979057,2.5183982187536689,4.3918346289437187,7.3444405441717349,1.1859713483103542,11.10220770409375,1.8581676166771692,0,0.61320186349660333
0,0,-0.24635147358603104,7.0252561113562075,1.791190778177584,-0.64039087307241394,1.2890362471069441,-2.8939506924349496,3.5004613876090076,2.4400598833074882,1,0
0,0,-1.3980334142250248,11.072728379168007,2.5094537276328808,4.507474908166583,2.8439531968902485,-0.88399208603510271,6.44214819712146,1.9690319247255061,0,1.2334523496722762
0,0,-1.7452156799287297,7.8355996900376716,1.8003304933717013,-1.3978137917761264,-12.407072702496405,0.37742371140936681,3.7726824445952429,2.3991121404827052,0,6.5887244900597706
0,0,3.0092808675024871,9.8624240985430145,2.5322170327998994,-1.9378984273162982,-2.585087217992398,-2.6695585389062737,9.0657205378313535,2.2113296579080548,1,0
0,0,-2.3474721356072554,8.7199796255337958,1.7909459440027353,-4.6533805554379741,-6.4385276809477654,0.37044578162369657,5.672451488825244,2.2464376357998646,0,0.62730088458323408
0,0,-0.29097344035518624,9.0544086813365965,1.6079249578463106,-10.05691531370608,1.1148733568390925,-0.67726202340114616,6.2001259523111383,1.8845855320182412,0,2.559764566334175
0,0,-1.2305840411401747,6.5640039249118871,2.1681058228831538,5.162793107925455,-14.061863375734768,0.31631837605490087,6.1296380603177667,2.1564466930876494,0,10.58501380372841
0,0,2.3921535718612708,6.2942174123610268,2.2086951754876893,-2.374099475372867,6.3607724745194512,2.6266463591428257,8.279136544556728,2.43847857306561,0,1.3420933254090657
0,0,-2.0081346515748488,4.6491656056059139,2.5104592111164719,10.025362742096139,1.4091941040569866,2.2164515017618411,11.218707583358626,2.0765995597424167,0,5.175194285028395
0,0,-1.9842666606472046,8.1302109226131485,2.0201753660114186,5.1317438877396748,5.4057232696879352,1.9171586418534154,8.7611923775369611,2.5882769806316661,0,1.835667634776228
0,0,2.8212350313620655,10.608893212472919,1.8912384897691619,-8.3580972036237693,-1.1896909914655027,-0.6815633130267944,4.3712521685995762,2.2899084542288652,0,2.2854094214479233
0,0,1.4099095681720302,9.1913610192548916,1.9546346939336314,-4.3547128721574504,-3.6331344275199262,-1.4057004792517849,10.692119637069332,2.4239542605390914,0,1.2830490841758528
0,0,-2.3638725337026525,8.4014045660532162,2.0722013896197913,13.176340123561385,-3.1750035919577173,-2.0136737768872117,8.1502127317750954,2.3960516826917555,0,9.6533007844074241
0,0,0.77129351884674291,4.1955973432488678,1.8372072381983218,-0.13370555487948207,-0.75415107704208206,2.9210100059033408,11.666569105340475,2.5172279197666079,1,0
0,0,-0.4836900559753583,5.9805920837369744,1.8171460414035971,0.97498522149464684,-8.8595094932288685,-0.76302171605291935,7.9658318508405941,2.3492272788298445,0,4.253972622033789
0,0,-2.4733795891405101,9.0049936074142245,2.4027106108469032,1.6587015383175083,1.6836944773298628,1.3029590236810122,4.9070920534121294,2.534396210152718,1,0
0,0,0.048388028798296734,11.98368059076328,1.7012957708215157,-7.3648309378799715,11.858219040963577,-0.71994946993029618,8.8586899640116492,1.8262462919737341,0,7.6151929931627418
0,0,-3.1057085652414651,7.8901069519365929,2.0559888832060373,1.7714296565631533,-6.6603327900137996,0.87413728774809485,9.3750068784045837,1.7118457267571663,0,1.6363438809372572
0,0,1.5473884749133866,4.3181974445374669,1.7840521562548868,0.40121091038357204,-0.1811882889925045,2.7088633394976087,11.900193427203112,1.8306590673085774,1,0
0,0,2.2958845363818918,8.7807588492106756,2.5960430888223893,-1.2769174514265038,3.7606993233436907,2.7498065572613566,10.983778111794031,2.2805377016874031,1,0
0,0,-1.1231275378232706,8.4869789342089774,2.5493709301134526,6.7662867670052016,-6.9311946544626482,-2.4658778779200166,5.6023564122187706,1.7676893809136294,0,4.3344995594143905
0,0,-2.0265575732922887,5.6231625298458878,1.9244584577624191,2.1174866263948195,3.2600634698426809,-0.66432135407855242,11.613299163316958,2.5715192421967057,1,0
0,0,2.5366128239325434,10.515620330149146,2.1506404650709463,-5.0189379415979376,10.913916210109418,0.50685387651896763,5.2357078050853829,2.1902553380663154,0,5.6929068939322844
0,0,3.1214212129307004,10.581512334178843,2.2319971090605835,-7.4311236782247478,1.6813989055309624,0.26992086910438617,3.7552450487208584,2.3666105964818391,0,0.035125520885349655
0,0,0.2423481553874014,5.7399828076495165,2.4677995705916009,0.73575719110260651,-11.574705597997502,-1.5447672119376392,6.2653205313872622,2.1914583608152025,0,6.8842951093527125
0,0,1.26889569771176,5.797970275237363,2.4904404822786801,6.6889784237793659,8.2286447013120565,-0.68788054233546259,9.9765186651919784,2.3529140851709691,0,6.2732882474197682
0,0,1.7939755361202003,8.4154997142731602,2.5644089370485119,-4.1521334883020362,-4.8698163275539139,0.5957703884643144,7.5053423684256426,1.6339587525722812,0,0.05219762208883192
0,0,-0.099398161853718303,10.372537284658012,2.424441616910098,1.5386977571162443,3.9434215873324789,-1.9038622450493867,7.1930997409855717,2.0669840591771949,1,0
0,0,-0.89982700960433215,11.868836309777025,1.7336426466625152,-15.548656655452895,-0.008636762258897198,-1.3879861003552054,4.210621681112853,1.9773219999648508,0,10.753652275116259
0,0,3.0984445840120758,4.5524055236748211,1.6409530942182979,0.29421060104920926,8.7961029481113702,0.12042474060736286,4.5795651138622286,1.6963235267662311,0,6.7704117783988664
0,0,2.6443624909814512,5.5450899804440787,2.2885831360934503,-13.072488537561672,-8.8113426706895677,0.030643813657799779,6.6285701799450898,1.9091646466694545,0,10.558918431788996
0,0,1.8554075762382958,5.5552082551833815,1.6982708889198037,1.5651596884665533,3.0779325088320935,0.86582894808630684,7.7422739281271555,2.3740740292164872,1,0
0,0,0.79840675487605184,6.7720902592109926,2.4922680288319845,-2.5839945323614315,11.152073107649908,-0.22610134756650568,5.4176463326453046,2.1987872931891426,0,6.3979152879170389
0,0,1.9331997912619787,3.844461153673008,1.8410528968709294,14.106803410286741,6.4673614362345884,0.44851346160493355,11.2221459121827,1.7638545400795553,0,8.8966979672141058
0,0,2.6784983379514795,6.74933974075722,2.2954579817101184,-2.5395925273000022,0.32026385984282857,2.9012259106994032,8.0302948005901733,2.1589205349191376,1,0
0,0,-1.531948013135874,4.4260125780831192,1.7057749001692435,-1.8758129659577847,-5.5746101545544535,-2.5920388602234925,11.149478098459806,1.8424985709597883,0,0.50528070994225782
0,0,-2.6698576436212553,5.3078367545749678,1.8395712692621533,2.3037645937896909,-0.71421835526947286,0.004229104602657241,9.5900103196794682,2.414360614632975,1,0
0,0,2.5035299416021557,7.1351479629353634,2.1192516418455121,8.9925418520199454,-11.915250273091401,0.32043062105065712,7.2248250264008487,1.6696968502803688,0,9.7778783773412741
0,0,1.5583358411066355,4.957180764779122,1.9875284965245172,4.4817700526138795,-0.7925904031678257,1.4143179757153783,9.7974190172092968,1.8680077399642045,0,2.2773218919212321
0,0,2.1608876990365626,4.049265648751712,2.2763047745860776,-4.128665788017913,-0.98823754951631626,-2.9733587617748096,4.9229162739602081,1.9449227822056292,0,0.19836400038501795
0,0,1.9799547471504644,9.8616685692387236,1.8658700982582128,2.8139598932764471,7.0700523633883172,-1.8222578286649747,4.9910975381500418,1.8466389043375595,0,2.2011311885154612
0,0,-0.38767777938224546,10.274976849637625,1.7565638489177362,-3.7019721805760488,6.5050796360804837,-0.0070304466622235218,8.9465465379705265,2.29536288519403,0,2.6071051720982545
0,0,-1.2066380688283735,11.48321908783457,1.8361312704266304,-7.2643211669428078,10.949124361186476,1.9293508171738765,4.7074122248865438,1.8471484634204769,0,4.8355285561777501
0,0,-0.036730521397432714,4.7269991366499795,1.6646502389317359,-2.5152235196434276,2.9600006507551067,-3.1054166287609992,4.0968414363033734,2.5069165673225209,0,0.79330061589519052
0,0,3.0069986026369042,5.4000275486941325,2.5476949944225313,1.0254824258596611,-0.605210330243522,-3.0622966387399919,5.0928904601082907,1.6141831770346808,1,0
0,0,3.078381361518062,9.3360872567460582,2.2727954625020113,4.5444820348071522,-15.22158368299122,-0.26589789081332071,6.1521027099954297,2.5443544025505345,0,11.902365492601779
0,0,0.7772343272578941,9.9747059656448158,1.9363744458570713,-0.70094763534520821,0.28432780486259196,-0.79423150213646032,8.7773407972795532,2.4568321580237602,1,0
0,0,0.51122329374586917,4.1661774217824918,1.7066569381531045,3.5750877682760787,2.1792623149620374,-1.3450752271237363,8.4266343411032949,2.4074831261875156,0,0.52929901134614465
0,0,1.0931300677179232,8.5338553120490097,1.8433869426600618,-1.5992686011095523,-1.0613404650429965,2.1850289938421144,3.7172988245689615,1.9005846839447427,1,0
0,0,2.094402328983759,5.3194404580352135,2.3787915776991611,-11.921627260410304,2.0440827446762757,2.8573664663388136,3.6819524327169111,2.2872088951108136,0,7.5299422953662942
0,0,-0.65112968793900006,9.7523308802444095,2.2116437337974197,0.52969141860929447,0.14443293602348048,1.1440389037666225,11.159604707986546,2.5341878367360602,1,0
0,0,1.5396618751186608,8.8910494484594746,1.8313691048461429,-3.9817486384827796,-0.9686795594736366,-1.9382258428499153,11.592019991636452,2.319854356216311,0,0.026390815451913803
0,0,2.7484804903108362,7.1350154495184395,1.7953155494537909,-6.6007396215271914,3.0087366291060942,2.565728457337066,10.47900162231039,1.9060504136432757,1,0
0,0,0.0023567748495381124,8.135359265124432,2.0846188647655346,-0.40942612584278748,-5.9661555094853416,0.48551338269958855,6.9805787057722322,2.3975767229746063,0,2.2397907710306995
0,0,-0.72998604749212337,9.4846473577973125,2.5961437204324946,6.9207359701699316,-4.6005513804335694,-0.16926634455101031,9.3608718287348402,2.5161917601412811,1,0
0,0,-2.4257897948503579,6.9540679777299426,1.6234667863800585,-2.0602864715740097,0.065191394702190139,0.33701497317812379,4.5595523364431294,2.4299934664955738,1,0
0,0,-2.9225428975723364,10.016767502973657,1.8643702290112585,-7.2580670034270982,4.4460053994957605,2.4683852826135988,8.8355304223007192,1.6158938817020965,0,1.0384729746277044
0,0,-0.24534258785511387,3.660485653945631,2.4521168228257606,-3.2340610836358761,-1.4318993855488689,-0.25765394113720363,11.04824686659251,1.7901400583581981,0,0.065144939239000388
0,0,-1.4081569228884452,10.609013096709797,2.3355896124219897,4.1639502152692911,1.6918915943031421,-2.282259731309042,11.304097200657008,2.2122099959852664,1,0
0,0,-2.4541080020146175,8.6059799498377654,2.3562171300914017,-3.6456548928806054,-3.7995517072110858,2.9511831051431985,10.085214134925174,2.298429219328515,1,0
0,0,1.5186815109267675,4.3639173735552337,1.8618838997350511,0.8567397203692092,11.165164439061972,0.11346946939290525,11.833218677061804,2.2675077257745393,0,7.557044566387475
0,0,-0.62206705244247074,6.6182118997220991,1.7230317922277245,3.7657444678594443,2.4248181988076771,-0.42241706234319487,6.3022863321905556,2.0224361563357522,0,1.6873495722430749
0,0,2.6970904383903829,3.9328643347196151,1.9089940286430558,1.2088333169316019,6.3227270547965251,2.3589460007172312,11.441202499129263,1.6518547359177773,0,2.9568352509698403
0,0,-0.93492192356638748,11.51696068943901,2.4791353595698067,0.24312852268246868,-0.62628646542247246,-1.3858144130543981,10.891033204834406,2.3091202906742985,1,0
0,0,1.9384338336874682,7.0719234649289593,2.207335515027613,-12.829754187568357,0.87834066641001296,-2.5891038941832996,9.3646493744477795,1.6000983762885881,0,6.1284383044658535
0,0,1.2987328812527341,9.6197600338748881,2.0015302453056973,2.4127444784851706,-8.4024914829402686,-0.14013285528195718,3.979140800974581,1.8459182273605217,0,2.4780642241141946
0,0,-0.9088744420059931,7.506752193131728,2.1342036257896284,4.1214908159328871,-0.90651742283792824,-1.860156867839412,9.7742774795077381,2.005328464956686,1,0
0,0,-1.7392714644980611,7.6406236055219017,2.3868284508443445,1.3233410563662165,5.4519916129890174,2.4343727249483917,8.0916893093269788,1.7987848231028092,0,0.21338970579805902
0,0,1.6100912070461533,8.8805898830652694,2.2896079313211608,-7.5252899822480286,-10.625032400265834,1.0244524493395417,6.0445144920480853,2.5961818780996504,0,5.7414808163048976
0,0,3.0014094620003338,9.2282162271066461,2.2295582263653841,0.8268235047843161,1.7308346459554893,2.3455066803724769,5.3845269312900932,1.6668963683661708,1,0
0,0,-2.0694356188283063,9.7255244745252973,1.6337947756791773,-3.561418692750375,3.8823991538678406,0.0083975768074897594,6.7342610011887425,2.2652584645226295,0,0.67405069621499236
0,0,2.1976865718371137,3.7478967809161028,2.3317996477030802,-4.5091996168917374,1.4586772110516661,-2.9947682361622494,4.5679260891277744,2.236620483523089,0,0.063748181064247331
0,0,-0.42463329041116715,4.9125716941636277,1.7631173131626605,-3.5937176560500261,4.1816419307254735,-2.2863757608495368,6.541358987118068,2.2100424401632441,0,1.744653367641507
0,0,0.022436196697604771,6.5013887550794376,1.6344343144341633,-2.5219840472552391,0.21549586327707476,-1.0113233557768093,5.2812407780464952,2.4031332245427413,1,0
0,0,-0.22990497997795956,4.9329178683621739,2.4522505230754437,2.8859720225638719,-0.40614589519710387,1.2977660468390564,7.0337096980144018,2.1268006223744806,1,0
0,0,2.2060659487333334,6.4028637547567433,1.7958959963489125,-5.3703039510551918,-1.9503483623261126,-2.4781580324776122,8.8499702856250959,1.67217069423819,0,0.13522337772893916
0,0,0.039554962941053873,5.2675128627934216,1.9948173834177996,-2.6062509937393643,-15.367818013325978,0.34218621972976093,9.9451439330188283,2.3468741879319803,0,11.653224335032254
0,0,2.718620775526686,8.9081634941134062,2.2050920395415243,-0.33583215371553499,-0.48355603551534315,-0.44482566585932481,7.0715113141334331,2.2680098143504708,1,0
0,0,2.9478298080825667,6.2083175900005134,2.0208341379868986,-15.893080120509309,0.40910636571712788,-0.16375903389535029,11.252435844671902,2.1023064907124009,0,6.9913010157243933
0,0,-1.6759772777251472,4.7981533416250173,1.6671056780689553,-0.95423718826022463,1.7409722536704668,2.6152520439542517,11.717507493574191,2.0721257445775572,1,0
0,0,-0.27179153093430974,6.4342307512017021,1.9297666286498392,7.323243857290243,6.8830565135142914,-1.0425155294175132,8.9285833814866962,1.7705360098769947,0,5.9756009910993813
0,0,1.108117028035605,4.8091780322620954,1.7555540292468574,-4.3341461152710741,-5.8649491314791922,1.6087282917141819,10.406629569937582,2.1317827045246545,0,1.5633772848336156
0,0,-1.2421554573567373,11.866722106099141,2.1440946909051704,-7.3032017025297353,12.437302844538461,2.5910009174915229,9.0417231004112377,1.6529284620333078,0,4.1862162227484312
0,0,0.14882994992670051,6.076307005447914,2.3158357309173239,0.61905419233066983,-3.4562082796887981,1.849701711372612,4.4678208638074333,2.0408654647779612,0,0.0044790928325421494
0,0,-2.5949774180136513,10.486024508418186,1.724095020905595,4.7186543626129946,-9.8163117230433574,-2.8254395755093222,3.6483590528424852,2.4902173933322391,0,8.3477859562486749
0,0,-0.019114690872358953,6.7234356557937076,2.3726972501192725,-6.8259653545250272,4.791294350057532,2.8512294938253877,4.4781328594386203,1.9863274801362376,0,2.5379920105747731
0,0,3.1369393494602997,8.1236716694871305,2.4726294494808378,1.1042391021397402,-1.1259359857458402,0.27738222376680222,10.745686362616338,2.3443595613423662,1,0
0,0,-2.8370923905181304,10.870025680899332,2.4119451173336768,-3.2479524772022237,3.7516495434507777,-0.84945826120443169,11.267210500044417,2.348312764575883,1,0
0,0,1.7208744087359751,5.3218786182640763,1.9569391207452358,4.7124340861719025,-12.259717585839576,-2.689533641613763,10.905864208555933,1.7456365419542275,0,9.3823464055568735
0,0,3.1288821763591743,11.131731062644686,2.1154320181943751,0.12966282802065585,-12.818844799680031,-2.294109126028252,3.673136852848367,1.8721558937954201,0,9.755788440608848
0,0,2.2447308267546742,6.4277767382946962,2.5455628390795386,3.3449847725455717,-0.11662846606204498,1.8799792096196963,8.7301493302986177,2.4144967871322458,1,0
0,0,1.2225082628494253,9.0052588641721698,2.3084804611264111,-1.781207540859973,5.1851744861025555,0.10910030056375453,3.896952336181065,1.7018569659542386,0,0.16569892810999484
0,0,1.9932849504690457,4.5430222333463863,2.1995362237154121,-7.8957768499835783,-12.72470597402754,2.9915769146992996,5.0741504986558379,2.0969194349036169,0,10.849447592692673
0,0,-2.8987930676514102,6.8214010606178039,2.3034545184077144,-3.7072870731886369,-8.6077903232185911,-1.3859168858453745,6.4166974798703471,2.072358944697116,0,3.3346850973791873
0,0,-0.3375197563918011,6.5343868855530935,1.6135252658470995,-0.34114075621733314,8.7868051625588546,1.8155219345308415,3.995143903196634,2.4868965172100097,0,5.0191080841183924
0,0,2.7301083490822791,6.3157180183892203,2.4695166237285506,-3.9234383619809701,-5.0015924076514215,-2.5833928851249786,10.201065961014379,2.4684605101805182,0,0.014123229070230741
0,0,1.7535490323115281,5.1275933826504856,1.9809634589736007,0.10070746391673491,0.56350266898949897,-0.21370212608674466,6.3044367534128565,2.577259831756086,1,0
0,0,-1.314032575795449,10.780599174395418,2.3568332638515717,-3.1524076923055158,-10.056836876725288,-0.071310493278665898,8.4672856028947781,2.1664956022771924,0,3.6901227500012292
0,0,-0.60625856186336691,10.052632349943444,2.1646369467498063,-6.5707041251779739,5.314055737244078,0.21349233857553163,4.3029372432180191,2.2407564269122231,0,1.1675233141834189
0,0,1.882513092737689,6.1654496712856117,2.1806830518912173,-4.6147498677343695,-6.6966742157355572,0.48216647370345589,11.062417028039672,2.1401802207983236,0,0.065221091902284895
0,0,0.47920528129970652,7.2776031136458439,2.3600696403335499,6.1454993895241516,-5.0005039943127052,-2.7728868736760743,10.453130622837683,2.5007667723658495,0,4.2716354959814513
0,0,-1.4099809526699301,3.958651565915178,1.9333521106591784,3.0447478994281219,5.8566790362647589,-0.19214160346681064,4.5907201206492427,2.2302335588766864,0,3.0237501805349929
0,0,1.2255777864981985,7.2430913088790501,2.2632797763705783,4.6840623620666895,-2.3982448481974608,-3.1406394835578451,7.797543585398949,2.3352855575741671,0,0.023970457005650807
0,0,1.5410094352301993,11.274992627903613,1.9702750651777055,4.3649018693375945,-4.9960681064449712,-0.29218072621002689,4.3555778528141857,1.9752613834893888,0,1.1671916029703888
0,0,-2.4120770807925114,10.847848614454081,1.6162982735385332,7.8291779090678171,5.8641894550854579,-0.23067071777708126,7.6593516769883196,1.7334359167149818,0,1.7249623148852848
0,0,-1.5507627476806254,11.45333475101596,1.8306151653481129,-7.0640231757993766,-7.8883152829521626,-2.0162721411595159,9.0821311222951326,2.3919976364056765,0,3.1981978479127853
0,0,1.6480835745343736,6.1630109768997379,2.3271921798927968,-6.1006682047467651,13.514281802673448,-0.16132471858173414,10.176285694453725,1.8169786337382738,0,8.7781156967011231
0,0,2.0134911597446914,5.3122448141634635,2.3443814168446022,-5.3036919418777417,2.7820146015778957,-2.9147732034284535,6.4477968553931611,2.2749503144375471,0,0.32804135031499088
0,0,2.878269094452846,9.556068411940803,1.7165577181877598,-4.2556651897479378,4.786799770071851,2.6426045645124701,6.6273634462194302,1.6119652025955693,0,1.0983960651342157
0,0,-0.097027676812449393,4.4254309701959,1.6547111670318104,-6.3712678876495454,-8.7783811451988569,0.049328295436207537,7.0392545437520608,1.7671001049920281,0,7.139570765622909
0,0,-1.9061899380973246,6.4531166670534219,1.699356143948666,1.2892888826673687,-1.4262030317600338,-0.78916066927464801,8.0542449844877488,2.49009882430747,1,0
0,0,0.018824999929273112,7.6731926175352676,2.3920576548388768,-2.3481742292025163,6.3393714693189143,1.5133817220265913,10.141583463516429,2.3171351863621537,0,0.042116039125136118
0,0,-1.344621901836039,7.5564637511092156,2.2490747503686803,-12.598112582500045,3.9683756915318877,-3.1410136918553988,11.865387631551371,1.8455116117614692,0,4.7219357927737287
0,0,-2.3927925871567055,11.517066601358017,2.0364741294178272,-0.64350236611745015,5.5729260161149199,1.7180541588908103,5.1305707656428199,2.5144302429893459,0,0.67557554045215706
0,0,1.7833854646466731,6.09638244763876,2.2212033159574416,-1.1797371316281375,-14.22619880755167,1.7997002662145087,5.573031199821525,2.2529917068132082,0,8.0474701393057231
0,0,2.8120626935373298,5.1819240641809694,2.5842144759432299,5.1481001162326523,-0.35864389100140387,-2.5873697880203737,4.3094028991632225,2.2253292473446935,0,0.16934198193675712
0,0,-2.0457549573259932,10.713548185967314,2.3875435887302467,4.7519320660913777,7.4480993944121234,-1.5398494957057673,11.258613858380025,1.8601651849428711,0,0.40990623720390756
0,0,-0.870925232197858,10.482532384892,1.7750314383291839,-0.05164801648485675,6.6410926704778532,-2.2878190106747791,9.1606022581578816,2.4165512775032325,1,0
0,0,1.4745140087116759,8.4393998951421381,1.9948339654411591,-0.013413975949053752,-0.038378775451151682,-0.027572372597519657,11.077153073938753,2.0489536532330321,1,0
0,0,-1.7736923429871223,11.782908963753597,1.7845008036115848,-3.4527252053276851,-7.7652033766678503,1.7674301154730605,5.4434010808746294,1.686477522370404,0,0.94636344248294746
0,0,-1.8854139289582492,10.242294967631675,2.2830030062532343,6.7028220769299596,-13.723376287243397,-2.700316724094689,4.3489065974696164,2.1657044196855533,0,9.7050175209864182
0,0,2.0574234211100544,7.612185297019523,1.8780374703227083,-1.252643371459905,1.4383169293774676,-0.61500436837599581,11.474067979970567,2.1915322536630897,1,0
0,0,-1.4535952697963552,9.9254796572709729,1.6355559467962313,-7.8833631093373153,-7.670182693805188,-1.1905060397575311,9.1326538024449064,1.8562641927538577,0,7.158841908560384
0,0,2.6096633105450699,9.2366848267978785,2.3576574799980499,-2.5424458928423403,-3.1497890055889073,1.7931347260092867,5.9104933633044947,1.8293261667872027,0,0.045250592089358006
0,0,-2.7637446966474593,11.857375636723841,1.8450332568991279,-5.637193115962333,2.0733596715811706,2.5938623104529857,8.5130961417234516,2.400151782524266,1,0
0,0,-1.5777580541804133,8.7804870716860854,2.3122252421771936,8.1092652145524688,9.5588256113994188,-3.1167878488697531,4.1080447933469815,1.9385513679522199,0,6.4205273830476628
0,0,2.7985228721835593,6.622747350695624,2.3151188940291507,4.9748409712104005,-0.40205989547019039,0.18527944138940278,6.7691821061603479,2.0643208091406997,1,0
0,0,2.1153180414458186,11.208645373867268,2.2251460934489229,2.337511384131409,0.2320432205249609,2.3916829918513249,11.314693400900435,2.1232952995585239,1,0
0,0,-1.15995141556127,5.1993783677856147,2.1189062408211257,0.39443096962007362,2.0304767244078774,-3.109355760427114,10.462624477293911,1.824128770368489,1,0
0,0,-2.6507856247872694,8.2252500822144654,2.4988968976400163,0.0066541204089864683,-0.045945603529229662,-0.83592609574312604,9.9599410716055132,1.6204281918162566,1,0
0,0,-2.8925592828237745,6.0267067762137039,1.7718429405935652,-0.96793326435679339,4.3271148159920951,-0.37369295014194082,5.4025485999874814,2.123294309344713,0,1.1083804078816752
0,0,2.8493815621485767,5.190034902919785,2.191431138596057,-1.4003174102594,4.2474461827027357,-2.5287859883504211,7.8385159229297621,2.3772234039271516,0,0.37376283897850071
0,0,1.2799819892435247,7.4307561591721552,1.8786606979056979,10.220764979420929,-9.2072774990376587,-2.8032967609104373,3.6811438163280537,1.7199035217562157,0,9.8376533503103545
0,0,-2.8584013597691098,9.1406430831013488,1.8984665551846442,-1.4989455438474601,-2.6053053498285847,-2.0906977099677242,6.2508187384782321,2.1148949217709347,1,0
0,0,0.2981098856796689,6.725163207273555,1.610922323741891,-0.036073823267203424,-1.1400693971868223,0.64049012053578025,5.8258933381350424,1.830487733455596,1,0
0,0,-1.774206046077379,11.620116486026152,2.2984322770387218,4.2438423472900242,0.1389783762081418,-2.788576712538303,5.4908895900032508,2.0267108958950892,0,0.11255986909761942
0,0,1.8352229223221634,3.6737923335957263,1.7559800551637597,9.9814719226592015,2.7945406885251964,-0.2894386113628129,4.948305034917782,2.3512401147124549,0,6.7643083190284914
0,0,-0.33950980412290388,4.7202401763179029,2.0974948935450675,-0.69238114127385708,-0.47362069992209849,-2.0755347399822583,7.2607793049208418,2.3475661843510713,1,0
0,0,0.75847803932622515,4.0735256364712491,2.119208244143266,-0.33856176061214815,-0.18835421896139987,-0.86654842449545244,8.945483040224012,2.1213994996772252,1,0
0,0,2.9891562584306852,8.6518403414795735,2.3671262621602098,4.5932485680468256,5.0261769755273882,1.8443484475351646,9.2843437020432695,2.3827912327148386,0,0.16051245588465032
0,0,-0.19591510380833377,6.2368504405351661,2.5138112321900627,4.6823332126791462,-1.5998353306619566,0.80095997122648743,11.090029583295607,2.5596373410557862,1,0
0,0,-0.89002985026223103,11.274826171250648,2.3511057341287902,3.4749984253752975,12.474155540355111,-2.3152696750060042,6.5670464172388119,1.8997276976738022,0,6.2643461672794905
0,0,-2.4430894572334556,5.0012263011298046,2.3939787571213014,3.9383920621304385,5.705663986372616,-0.98848595808846396,5.9173440480273944,2.0732844498520206,0,2.8119273203878103
0,0,0.48240522340757286,11.024057990149348,1.8286356912223851,0.49957940653385347,1.6396424844249187,2.174834119362119,7.219940438953742,2.4318189907431895,1,0
0,0,-2.3819268385490782,7.3500827277658836,1.7507832695533612,-1.9748807011135674,9.5171077435619384,1.7536600367414339,7.7407309295661104,1.7615264495408272,0,3.6614624529980042
0,0,2.4331459129568396,4.0049025931416837,2.5730425625885074,8.6200480885832516,-6.4503600309278131,-2.3920582827644941,8.6249008425910318,2.3648207203590634,0,7.2775610546098646
0,0,-2.8402603783023035,10.94904194835269,1.7969066858045024,-3.1053525025248128,-0.74828770344025231,-1.5336144933672076,9.6455881218038684,2.1050379308833689,1,0
0,0,0.60406135484251244,4.0183304693056927,1.8041897402026581,2.9255059790259965,3.3825948737346421,1.7316152680157542,5.2995384611178871,2.3801032285762846,0,0.10844905952753844
0,0,1.9514400591518202,3.8278923329851859,1.607844783263199,-7.0087998584704989,4.1132600505749553,-0.35826298371326137,5.9473898859080032,2.2623147180734673,0,3.1491355102746912
0,0,-0.91925925775922757,9.0141027945212286,2.2290458699208182,7.9797620637474225,-4.7233866579535855,0.49457195619638172,7.4117489994099195,2.0618223602775503,0,2.4902193991350892
0,0,-1.2329743645844158,9.5295178803529161,2.2264510905258539,-7.6154950745759304,-0.4544874144905468,1.9925494742616516,7.7931009134248628,1.9117417150388449,0,4.9433002259630641
0,0,-1.6553193777328099,4.6352295264769117,1.894003700676862,5.1567796866629498,-4.5087527522402402,2.4823589034739397,9.5519434569107613,2.4697246390199998,0,0.0072253766537754838
0,0,-3.0863767383134832,7.0994748704496251,2.2603920356222398,4.0451584568740993,0.64524042853302543,1.5795979670692359,10.560530586044404,2.2710664000118053,1,0
0,0,0.27921133415817367,8.0987475530486464,1.6337733759513327,7.9964253493395505,-9.7073414767971666,-2.3684199632927445,10.838900986179233,2.2319971183790925,0,8.7771934919777799
0,0,0.16735600900487713,9.2856525528425529,1.8392442975428114,11.03569566158035,1.2311988062045101,-0.62405879656516294,9.8589174755881803,1.628325062130388,0,2.7736811261416521
0,0,-0.91599415439935061,10.36473897822437,1.7252852969796515,5.4319689111339926,0.28295395895041842,-0.38870863916046039,7.1753635495597692,1.7657332833766031,0,1.0499074255548055
0,0,-0.37600414568041884,8.1203902849108545,2.4822194710139001,11.315924953230137,-9.8510807300428063,0.31229008630460697,3.7947759948404638,1.9334767756118765,0,9.0498980334277181
0,0,1.1011402900513305,4.8464016667358472,1.7950843085231729,3.6639620781953854,2.3945283049169248,-2.5539035769356655,7.1199412040036805,2.0737569683015891,1,0
0,0,2.4929136378537491,7.2467067020614966,2.5786075489863269,6.401182512569652,-8.7123427723087499,-1.4284806132576442,7.7714928012930509,1.6493777275805308,0,3.3982198222094646
0,0,-1.6736813050265575,9.2188720040266645,2.2128463261796272,6.2201371626237645,0.46988599029883193,2.5330015547407871,10.242660356201746,1.9951014871576973,0,0.069017432106179749
0,0,1.6872608207847719,8.8302022883761104,2.5509980490865578,-2.8655364721641554,2.707383352298586,-0.16082591706782923,7.4895478829831488,1.9599858719476759,1,0
0,0,0.67505126318612074,11.435029570108945,1.8667456486815499,-5.7983535254940755,-0.57278446397194016,-2.4236798713654144,9.3881753166314592,2.4866096600678125,0,0.96202165471886614
0,0,0.32813552121972789,4.5468690244429535,2.245234834267849,-14.436776632346534,-5.1218508738667774,0.12478215585694574,6.1949230848853363,2.5207933226264942,0,9.7555479351082788
0,0,-2.3558753584226246,7.6898934391083422,1.9395445870656749,3.6437749075521695,-2.1148192052142161,-2.7216423223970914,11.811877187550028,1.796972873788627,0,0.2373696020941034
0,0,-1.5100219995863196,5.4278140871491427,2.4111675406094637,6.1407192049604129,5.2267457319028043,-2.6789577364716171,11.7302901330991,2.2931944342134951,1,0
0,0,-0.36547040789339347,11.994495860466817,1.797379271238166,6.8263146356848781,12.701852902470987,0.054144615807036889,7.6072434312098309,1.6232036147063917,0,11.113105063011234
0,0,0.23025056217232054,9.5355879549729909,2.3724002119894534,4.9925707121789484,14.001337666847686,0.26554788135266261,11.779779672963992,2.509288543973875,0,9.8445028404386878
0,0,-1.418165494567488,11.207598083990222,2.0001368432944164,-4.3040501942730751,1.453117675469372,2.3892405078021461,3.6766352387141752,1.9093454514309074,0,1.1467191606280522
0,0,2.0723033351206235,6.5162916826617803,1.994714817561136,2.989262238709542,0.81289327721972693,2.5152053893531061,7.5557719272727795,1.7811973538166819,1,0
0,0,-0.51929407740007605,10.88449018023368,1.6959473181686995,-7.7616556995556518,8.5088513020218688,-2.4119834054509108,4.3931576773129954,2.1273616976612351,0,5.0218769497910118
0,0,-0.2841913197473307,10.90495852013583,2.273246191779152,4.9584653118069344,-3.9157659423468387,-0.83436853617964113,9.9223456025415722,2.0178680312969419,1,0
0,0,-1.768932726382092,6.1968994747664823,2.5412471242422692,3.0798730358686885,2.2875519017361032,2.0294706027823315,10.815681484141543,1.7219302509619729,0,0.015251386861766511
0,0,2.6955345134950717,7.8496401631193935,1.7462013840426831,-4.5443772851799071,10.447329013626174,2.6152249767414864,5.2674781307167002,2.1210192968293691,0,5.7378723644514675
0,0,-1.9220142740681663,11.894108693035259,1.9658462660108853,-2.1985206640261925,5.2780368331616465,-2.5503353736496237,4.6424670238823413,2.331742982179859,0,0.58965229560901355
0,0,2.1901698578513695,10.466145070072647,2.5991616488993379,3.5738640265385615,0.76280998123340893,-0.64337464741039163,5.5215726471432882,2.4940064344889161,0,0.027869243004934409
0,0,0.58001142821186136,10.541110694135313,2.2462723383834828,1.7604172945118888,-2.3848641623163225,-3.0438488197913918,4.807646042211954,1.6191619620005067,0,0.0043542247192767045
0,0,-0.051958674472325939,6.1022201012475357,1.721400742519356,-10.493592566660006,-6.4587287094765795,0.83957493374213321,4.618720224454929,1.771097587633867,0,6.9629811892410176
0,0,-1.2771266001019628,3.8155109031438643,1.6345704541440778,-5.5300054512552599,-0.98099257926520667,2.1667140247175576,7.6134876062179417,2.4460209740061698,0,2.5570760193368729
0,0,2.1530313967177346,5.8755526503549635,2.5071742762522709,-1.2256764386189427,0.38882117997402416,-1.5879027520697855,9.7213762187755606,2.093685577796915,1,0
0,0,-2.6692779911287237,4.4534567637918911,2.2783523481816577,4.1002415994421435,-3.2433590020207785,0.14648320284047278,10.825504414500795,2.1869309007631808,0,0.92162318849586589
0,0,-1.9228575179541048,7.4771439967152702,2.5102303501460681,-12.415507910732444,-5.3058966654325985,-3.0959116790502779,4.9056076116085006,1.7105664063096238,0,7.6421005633259158
0,0,-0.15012698954060699,5.1687637190035218,2.4510524885283296,-7.0886294095319018,-0.25446867975014814,0.80863189571933924,4.9853995026564304,1.908347283672206,0,2.1733384338175905
0,0,1.9337092785222074,8.1899168216426226,1.6114069070849673,13.874479283202486,-4.7374359479454178,1.415719710422465,10.755777155890328,1.6455150891127457,0,10.889384963384142
0,0,1.8799352486643564,6.6548411530944476,1.6401110695397982,3.7932810797962491,-2.4877506293022438,-2.2578138217830137,5.0953262348717629,2.5344859671739401,0,0.0045906121363191322
0,0,1.5187206614441795,5.3487693974730623,2.0043789049829397,-4.1565335566580162,0.20980215254200055,0.33234832923721358,10.35385630637915,2.122022945553482,1,0
0,0,-0.17052120064778054,7.0002950395604717,2.1308938485825935,3.9558724503095064,-10.484699304236143,-0.60160552243996301,10.755181593138541,2.0825565898446561,0,5.4028167330572785
0,0,-2.5307694081615186,6.9535797102065597,1.7574450505745529,-9.2598047507807433,2.5429732890789776,1.3693934025402354,4.9388491294243,2.3265504476350349,0,5.3893752927855934
0,0,1.8703269123039057,7.8537432607662527,2.5515887100376311,0.88659061907774295,6.9466247130960621,2.1008500079662795,6.8873882435722216,1.7884010419462026,0,1.2435200516362341
0,0,2.3747074043657399,4.9417216778651376,2.4411789027125259,5.3393657230185871,-8.8767898578269708,2.1107127010642799,5.4464663596440888,1.6919089972696957,0,4.9318673441263465
0,0,0.77118377271497351,11.281481775980405,2.4854238146731089,6.575953965906141,10.386680708912721,2.272787239941028,4.2294414798352102,2.3525278936969118,0,4.9944845908726574
0,0,1.0108032425802351,7.9308128841665537,1.7351465928237206,4.1761517320347492,0.37587022849042606,-2.6746640738490419,9.7578481432548543,2.5542344081973138,1,0
0,0,-0.92122996918082967,9.8446100419274565,2.3276961914841223,-0.78577119682816299,-4.2442572886274892,1.9733098128742661,3.7522868710931467,2.4525616952635847,0,0.38114550080577281
0,0,1.3349042833004514,4.9695273034115433,2.5567667506068963,-1.5902493951658214,1.7377748477637218,1.2303918611773881,11.2089081468587,1.7208831957395603,1,0
0,0,1.2910705136069902,5.5007725188002716,2.3359202058455262,3.029958778916277,14.772818668681147,1.7460586870576549,8.2779390248438958,1.7347612617116022,0,8.1857096753203624
0,0,-1.6421475030119925,4.9811078825843929,1.6378305598881342,-0.86082301321817334,-2.1213142960879203,1.6260191444804457,8.5392280936392684,2.4655240908715772,1,0
0,0,2.1367704561636138,11.292487175362076,1.7228683121003547,-3.0893319160233816,7.0573580784562653,1.8070426181426873,11.710056083802938,2.2051924993808298,1,0
0,0,0.0069525824543830161,7.7947819854154528,1.9370933480231156,-8.4723734478734247,-12.867796445909944,-2.6188593274415561,8.3264312131483926,1.8141952728350601,0,9.1201269358495232
0,0,2.1280452960235188,10.243430015094628,2.1019676045577542,-1.0241711173747916,-0.9629516341266976,-0.23853019330369341,11.263544531873706,1.9122332304487637,1,0
0,0,-2.3233529374190693,6.5722630424389568,1.9656093101215033,1.6686359536671145,6.7274858470570447,1.3114523730663983,8.2763186333720924,2.0039903897378162,1,0
0,0,-2.9841242154832619,7.2398380449004902,2.4074505793906926,-5.283366733884324,-1.0690109005312229,-1.7446611860116741,6.9240482662772607,1.6382406607427364,0,0.38505708338289241
0,0,0.45449153216842975,10.742083912871619,2.4037288717156526,-12.419074081602181,-1.9052565932764234,0.76147571651362966,10.511795587151925,1.7139188132476926,0,3.5761644209425181
0,0,-1.3356424243242369,5.0078496802394401,2.0227104712248565,5.3706593889135084,-8.3519669885354251,3.0434256146074636,10.739846267239569,2.5549957188351753,0,3.9226868416760445
0,0,-2.9225342836167312,6.9569975248515599,1.7123202662033252,-0.067153108083386884,0.041031643815310555,-1.6936077961095322,8.4507340187547566,1.795366419718297,1,0
0,0,-1.5122517675286173,10.684737918644325,2.3767671957591361,-5.5079554166423588,5.2162721735258426,-2.9193099384155925,7.8982870462175434,1.6375734062193157,0,0.01878486646152594
0,0,-0.11510150270538588,5.5770026167148181,1.8588286413311415,10.329070756602651,-1.9096552157574316,-1.7028887140557549,7.7025855082717092,2.0834935212503716,0,6.644970444500319
0,0,-1.7297322285597374,4.7377124163057651,1.8075207811368592,0.24822017475260746,1.0063982409138763,0.73569944192574477,3.839377429962652,2.0115791444366415,1,0
0,0,-0.69686205239457344,8.3428390086098432,2.3982433788207462,-0.70032770664062083,-5.0382624903229072,-1.8532152647436819,8.3836927510087502,2.2880566055194143,1,0
0,0,-1.8895444938903549,9.5911687809486388,2.1922193972662494,6.2224240608117425,7.5227088702619751,0.81806906913408994,9.8408674657401853,1.6535866594317041,0,0.011760221652275917
0,0,2.4833290101152095,11.005258248271744,2.5966943764412536,-4.3472813202572533,-10.843718378802578,-1.6232057991515942,7.05511632801002,1.9557046664781428,0,6.4825002114702075
0,0,2.6664045747227529,11.396706463122628,2.0853887904616086,-11.77723576836477,-2.2537938441821401,1.1066755042677672,10.925581023776532,2.0288579450458522,0,2.923305493606922
0,0,-3.0044827856934555,8.8324718371740296,2.4441021936570304,1.1583105154920044,9.431900586410789,2.8386473959721297,10.03043143503789,1.725702700071599,0,5.5007726976555444
0,0,2.7026341666609639,10.409763017964679,1.9520261341132419,1.6337674967364406,-2.3945096074511367,-0.40979297457142483,7.3798234626644366,1.6697704996966627,1,0
0,0,0.80412088834324447,9.8030642066734401,2.454570566620248,-1.4098335380107967,-4.5367022609136765,-0.24337813471675673,7.5431089453902613,1.7736282159788206,1,0
0,0,-0.7508668665921201,8.6429387237472319,2.4443295137627863,10.876362971277169,0.78552582964434903,-2.2162814450047241,9.5776621715394938,2.5920014147225028,0,2.9740400663946769
0,0,0.091106150981405509,5.2173155759852872,1.6420951549387501,1.0913794441952536,-0.070430436971895133,-2.158931527952288,6.6238938371658396,2.069051952850824,1,0
0,0,1.4942899450898288,4.4774451260667929,2.4269579798279355,-2.4394112069108158,1.5709702050207841,-1.9406125241888954,7.0301761241764549,1.9637575909056926,0,0.051512448767620671
0,0,-1.5400770874396916,5.0671728896406805,1.9992188046506483,-1.2461611251684925,-9.083064203515578,-1.9562283717426547,9.2434357712194704,2.5878624971625914,0,1.7565930166724557
0,0,-2.7164357117941114,10.159278828089027,2.2409570881350223,0.27384378605663107,0.093741244762873099,-0.17016992177215728,7.2505018561359647,2.3484130390702092,1,0
0,0,-3.005990381099203,6.212219582555484,1.7060440506215018,10.413181230706622,-11.762441348343128,0.49261917642944608,10.990708032602406,2.1614705815419768,0,12.323119967018307
0,0,-1.3737614839561327,3.6783388190299777,1.9193301014266479,3.7220128534439065,-0.21074812609020996,-2.1140496605666712,7.9236905720969402,2.1959965091276556,0,0.24808564566656519
0,0,-1.2231048515449612,5.0321934003330213,1.9725699582603413,15.284441335219084,-1.4826649216113452,3.0625440168059299,3.9443689321653732,2.0585807931606754,0,11.457131923546571
0,0,2.8620962163175117,4.7370821105996335,2.3664824320170084,-7.5076356913027906,-1.0299008465137156,1.6343956353131981,3.5828773732549193,2.0280180169655049,0,3.9153606477848593
0,0,-0.80001892139927211,7.5928650045168649,2.0440432136116646,3.3630320085416363,-9.6317582329835822,-0.12681510149934327,10.034836269818181,2.3280806991046106,0,4.7989330862392965
0,0,-1.6704983356220022,7.6552393942342691,1.7548122585361465,-0.49117679853310287,4.8317288392845166,-0.048239122115402377,4.8994608303272118,1.8222825674172167,0,0.023595998223207168
0,0,2.0254138314036627,10.303140514846055,2.0283375348509183,-6.0675164107541999,3.9504278627009786,-1.1942479763941092,5.5215493713632897,1.814833558179239,0,1.869532580842405
0,0,-3.0993940895445822,10.970127924728605,1.7324489586367435,-1.6941894895558316,-1.2703432493028395,2.8275795989354053,3.6126548841322204,1.8194675387699084,1,0
0,0,2.0870129951456819,10.842989252447531,2.0152303986939764,-0.29417253761256013,5.332254971064744,-1.2318677855046658,4.7595478545430332,2.2854207488383396,1,0
0,0,-0.12221071456974064,9.9190187681827524,2.306809640423618,2.2996934374124294,0.039727330937212285,-2.8232098232018799,8.8413500245042123,2.0731415563073043,1,0
0,0,1.0008659137812685,4.1795406749533086,2.4959329337181426,7.0996958206465193,-0.77757912353257419,-2.7566389613987869,5.970504725200529,1.8251335774854054,0,2.6796319798188106
0,0,2.8827888180544976,9.6169828258852945,1.7571927519862602,-7.7481696345659508,-9.6302097052007856,-1.3346927528244585,8.1493770909330969,2.2729328528995123,0,6.3929870989630304
0,0,1.3216729687888451,11.678593353864105,2.5527495099410533,-6.7417819100826177,5.0642578840204244,1.0329516520048934,4.6534946741764527,2.1548356777424154,0,4.8105873601486469
0,0,1.1678853529570024,5.9600800008733827,1.9041915987595934,5.9819046652521664,2.7821945579482432,-0.10216840050895604,7.3733132444815137,2.3027380945918612,0,0.18815785405370156
0,0,-2.2862289651625689,5.3743110555881159,2.3660017980102399,3.7814579308682132,1.8166340577173072,3.0636385308920762,11.620984124515513,2.4926907431840881,1,0
0,0,1.1521758753993376,5.2201362197921926,2.1056433765238691,-7.9365345275280603,10.754129155962358,-0.46644020301493017,4.4715559865981405,1.7332537080319326,0,8.9047315667406046
0,0,0.62336277035805843,5.1148572397010739,2.5160772374793776,-5.7720958795828041,-0.21103528096897822,2.5180935132046329,10.551666006728489,1.9049082442681371,1,0
0,0,1.3379029452697164,8.1638012378720752,1.9084466510022255,4.6514390263352254,-1.0035530672019177,-2.9157873254565811,7.4749669491997084,2.0370487062798901,0,0.001131477504675538
0,0,0.94986182193979385,5.7169278303029767,2.524523552383048,3.9559048332174003,-0.36520818453951381,-2.8429170020375327,4.3390293347694087,2.5688888377729202,1,0
0,0,-2.3727242305488989,10.009777254315308,2.4761504169073278,10.321983971195534,-1.2848251214352988,0.16415691451724301,4.3395374617909601,2.4785483210805568,0,4.6302808615407702
0,0,-1.0073694667790529,5.1704422717378282,1.6786045200844724,-2.2108197548970168,-6.9704203709506984,-1.5709165174862438,11.142187750278165,2.1963840414915095,0,0.8482122429243556
0,0,0.49263030925490892,10.225140203596304,1.69563788651106,-2.1974558179789532,-6.0319614040619731,0.45953608784851507,11.700432601311995,1.6891628282403839,0,2.5704512472819743
0,0,1.9095724652154118,4.1352685628464352,2.4461964331744781,-2.7982363307285998,0.068680850281627862,-2.7305139778510843,4.3498973037517761,1.9200475126436705,1,0
0,0,0.95267427578828645,7.1844077821477628,1.8575800769604627,-3.7934104725129965,-9.2647029576672661,-2.52280500198713,11.913466897238733,1.7766600331995053,0,2.4034461915679901
0,0,-1.4347374521147873,5.0771816339037592,1.6189621810826753,-2.3206156620256113,2.7128960646061953,1.2574601453499721,7.3658009668587541,2.5100685662708342,1,0
0,0,-0.051576108519360453,4.2447516997773924,2.5574754343047976,1.5212007828486114,-3.5860236610857985,2.6192867417107131,4.3984442427478783,2.4348865923756033,0,0.1416351837925236
0,0,1.8207403638382926,8.8715996008763263,2.1478397240521216,-0.30321797008347595,1.1337389397229765,1.0086048836406274,10.404560276006702,2.2347725142203108,1,0
0,0,-1.3354419673855726,6.2063693533057931,2.1323900928106001,0.94880221646615703,2.8299658300746175,0.098760625488300668,4.5100984806044782,1.6693637814612132,1,0
0,0,3.1380788921507206,5.3776138759996508,1.8403898113382651,-4.3721037876087037,-2.5749265708007023,1.1509521725015999,10.964428284426855,2.5323774442583162,1,0
0,0,-2.9292104673206913,8.822796170806015,2.1293642778410717,4.6667930958551969,-3.5549646538292969,1.3429552101608886,5.3282230122006684,2.5048930540691488,0,0.45029206592827292
0,0,-0.38591991941355319,8.9004460322272507,2.0183458391355913,-12.584014141644726,-3.8793602013216422,-0.91133996039896958,5.8430927085526028,2.0079540196233694,0,8.2131480994424475
0,0,1.5448638337713216,3.9246665936037619,1.7697136940578537,5.3043799129743912,12.507499396317998,-0.098305220025925788,7.530312403784591,2.2989477276368251,0,9.7970672552127596
0,0,2.6987857144457177,6.7600149884068603,2.38041873616717,4.152654865885828,4.0280258488723462,1.7298264763840123,5.4122472234645693,1.7122005234445759,0,1.5133049821607274
0,0,3.1370357701097022,5.0494309365190908,2.3578669160437631,-5.5826912157244468,-1.7349128358346471,2.8478568970360172,10.074851487607692,1.7927720337179787,0,0.53063176781715937
0,0,-1.2082214159878968,6.1679900379067778,1.8789640651449246,3.6396670789896861,-0.35415570494433407,1.8704639602732378,6.3299234295748636,2.2596740894497858,0,1.1115777893634857
0,0,-1.3961466911523457,8.4676421233503234,2.3995325624525745,9.540371728861194,7.582743343776392,2.6240849228224503,8.9490350815727773,2.1124182616923912,0,6.4953410356306804
0,0,2.0757157294877544,11.072272086659215,2.5421612157590077,3.6698752643604906,6.2058935130789479,0.39017696772765076,11.990712335811715,2.3179921973385138,1,0
0,0,0.68760335584327681,8.811631561815183,2.1491215249764384,-2.6799491730779375,5.0083132530018597,2.6877758223511306,8.7214577094572157,1.7505240355612455,0,0.16737773147553947
0,0,-2.7386255521817935,6.6148816520245424,2.4159797894949957,0.37109354395302208,2.4982698355923958,0.14809347554753494,3.8111855640208496,2.4715308779358387,1,0
0,0,-1.3874898664773843,4.2421981070699859,1.6271331036759633,6.087015752034616,8.5070562359323443,-2.502789277776607,10.590649813887268,2.5710382566388703,0,3.0223524009840008
0,0,1.7781763776218122,9.5068426982385148,2.4521581329138522,13.754687860592959,-5.1688346593609857,-2.8023022304253766,3.990553487773004,2.5892862491634601,0,9.2662030590022635
0,0,-0.90274258995698542,9.392136205044018,2.1798972975174369,-4.9851293633643641,6.2522328222775441,1.9597159257220209,6.1690161773295262,2.4318573896334232,0,6.2254941247496642e-05
0,0,1.5574763611555547,9.6695235594677698,2.3453285588988737,-1.2668882587946955,-5.8607895166830675,-2.9991456420725617,9.0017204138275773,1.9354588627131117,1,0
0,0,1.1751019176059687,5.8164847430051125,1.8063979409049238,5.7596212081874132,3.3800992405936774,0.74419147334211244,9.6150271147609381,1.9476644165663477,0,0.21561542474510262
0,0,0.12864612933450514,9.829253425022932,2.3652760977502818,2.324948316950644,-5.5424443293701717,2.1437474526327192,6.1002792678320095,2.5774748187777292,0,1.3043385383279849
0,0,0.48290922917233825,6.2551583124181498,2.3849004574101618,2.2831912225842577,3.6791389824443108,-0.75769788041351216,6.286645001374179,1.6880573136762123,0,0.052447967930700369
0,0,2.2642473311448947,3.6110567399954059,2.5617456085766781,0.21087465069420214,-9.1422071041358475,-0.43102195771842,9.220361600663793,1.9506899183847104,0,5.3078470116765084
0,0,-0.62871612839796187,6.1757192844810502,1.9696007174193531,-0.99029691192510605,-0.55750987168246235,0.49528169242616826,4.1362657341387443,2.5008170771614022,1,0
0,0,0.51301485933247637,11.361137064578047,1.7139433849103582,-0.048641920437118846,-0.19647034840455577,-1.4473096964166181,7.51733458731964,2.4656456331428087,1,0
