step,body,x,y,z,vx,vy,vz
0,0,1.066361393972117e+19,2.5352486859480814e+19,1.0196222780726327e+19,-130315.72316043609,90535.58666731177,44637.457236401126
0,1,1.7931431063174513e+19,1.1249528697419626e+19,9.075980509180411e+18,2842.2241315796787,54671.29866124469,-73645.40870016669
0,2,-1.4876647547406354e+19,1.8478463330876826e+19,1.2256961654574566e+18,-29245.67509650886,-78190.8462356842,-25719.22406188707
0,3,-8.504217062761556e+18,3.993063701107754e+19,3.106426650481336e+19,-271116.24789659685,-188901.32459676728,-17477.209205516196
0,4,6.592334078240805e+18,6.705854105227377e+18,6.534967567674606e+19,-111202.07626922813,-37760.50071269981,204277.16074923304
0,5,2.0459997832494928e+19,-1.5860579378597233e+19,-5.085428607321842e+19,16746.474422274114,10901.408782154753,-122735.20542445741
0,6,-2.2230356742244977e+18,-2.9151989033562235e+19,-3.032294367354642e+18,9548.302746945434,3558.6237055485713,-50629.16583143148
0,7,2.749853892194923e+19,9.9003442046056e+18,-2.524794669156854e+19,73165.22837854408,-50144.001846705236,87916.06182879853
0,8,2.821750947703592e+19,-6.190935211425743e+17,-3.8532364558171275e+19,-31389.947196684774,5410.227877154389,27279.133916445375
0,9,-3.4169961859854184e+19,6.158535186186647e+18,-1.4402388289756897e+19,23550.56117302252,75951.95224783792,-164878.73663509486
0,10,3.778865692966395e+19,-9.180719135658402e+18,-2.5019123822424355e+19,75224.38271795928,25344.651620814147,89588.30707775604
0,11,-4.572413427068865e+19,-3.3945775039222876e+18,-1.375681936944462e+19,77532.3822047574,19363.28483771538,-163084.92324351013
0,12,2.727088016965147e+19,2.0975356749283377e+19,-1.975584600882398e+19,-104.8796567280681,44557.35537761861,46840.43358472779
0,13,7.914319498923258e+18,-2.92609679645159e+18,-7.9872167052828e+18,105574.28005332511,-225085.42750785378,-13865.532509133733
0,14,-4.398167334359154e+19,1.0269555048752112e+19,-2.009643219347581e+19,86244.47963157468,-12559.20840343272,66915.32407894528
0,15,1.181597228668806e+19,-2.7021930998978605e+19,-4.672699053085685e+19,175338.41175163726,-11129.219318751944,-68856.49476343216
0,16,-5.906336513137458e+18,2.6294362809223836e+19,1.0469143192690949e+18,1374.9583618419497,-71457.9721032964,46956.80987474934
0,17,2.0547201160315195e+19,4.702379819427359e+19,-4.704689526575446e+19,-246622.9231351318,61687.875515431944,254789.78154831263
0,18,-3.85924386420163e+19,1.8173682351612811e+19,-2.594195762718696e+19,-50602.54839367364,-34811.74666837778,53200.208629179855
0,19,8.57456849916501e+18,-5.447247193555169e+18,-2.606382688271323e+19,-31982.625774322103,-95039.96651679186,651.4985869748843
0,20,-3.372319654272479e+19,4.495714410576393e+19,-1.6410935628528993e+18,-5390.202547204295,51153.6419917619,-42085.700254887124
0,21,1.311871921413078e+19,8.714442330715524e+18,-3.5772159205917176e+19,83334.25966696619,-59043.4943289043,-105607.8950314186
0,22,6.5921569448465285e+19,-2.7785757361879433e+19,-1.205097013633046e+19,162730.02546230672,-117553.59049207806,16007.589253434076
0,23,-4.83505047782985e+16,2.775771927468219e+19,-7.302667072463033e+18,-62935.49238833419,23151.106405853767,70015.17511506504
0,24,6.0864183511490355e+19,6.45423380165265e+18,-1.8279865638566885e+19,-12597.918998664272,-7249.854561981205,10873.738347811868
0,25,5.368027975951118e+18,-5.155704574073545e+19,2.5599674706088473e+19,-57473.926892103234,-117315.86964470247,63775.115964143566
0,26,1.5213259079546044e+19,4.972856817816533e+18,-2.8765312972972687e+19,287156.73378134985,88025.86206615082,-113929.46703429759
0,27,2.683899173732903e+18,-4.79739899924671e+19,5.203390664701086e+18,-45907.15557127591,122627.06003162173,96215.46636282469
0,28,1.2868073479469353e+18,-4.990983202071143e+19,3.423985097852102e+19,16810.586912782437,54840.54521869972,-106512.4728803299
0,29,6.233295101983908e+19,-3.2855401356528927e+19,1.150387263583864e+19,-67330.24283901868,-2356.99368607321,-126563.69792245638
0,30,-2.9905754897885524e+19,-9.136191901802065e+18,1.5474146380283185e+19,-64756.06784161285,-23931.242973230215,-56363.98464269645
0,31,-3.611917167308834e+19,-1.351489985846565e+19,-6.384048595537534e+18,-33372.60038041349,5668.995489379499,-29310.22193567212
0,32,-9.972784226266829e+18,-4.2165659581005553e+18,-2.0513008650762818e+19,-52651.484011523695,-126449.27908197124,51878.49208779641
0,33,-2.3014723669016125e+19,1.1085131689816414e+19,1.2422116102005637e+19,-40011.4751005071,-201926.58104888018,42051.32872955752
0,34,-4.358153053100786e+19,2.376965581406713e+19,-2.163367936585495e+19,-112618.81161533005,9573.071096425678,-17847.043139921505
0,35,-4.954820785095012e+19,5.591957842285156e+19,-1.859610176190229e+19,-153965.9308496411,61884.21885671494,-35480.41301011767
0,36,-1.0479221208651477e+19,-1.8433949104310252e+18,7.583757540636834e+18,-74665.28839828983,67873.95958595579,-46990.00990795434
0,37,2.376972170656832e+18,1.3732538958780643e+19,-7.068649888154385e+18,-86251.97870795628,61978.55663086329,-176032.87921227768
0,38,1.2195489727460165e+18,-4.1997904724280754e+19,8.638127360400678e+17,-5486.311801846381,89873.97888581683,-91479.03518132915
0,39,1.0280912550454014e+19,-7.583248875387496e+19,9.565731023435692e+19,-69865.0730461769,-72983.50527255578,86112.75109037128
0,40,-5.490742996597821e+19,1.9344957619748905e+19,2.6394202060760023e+19,-44994.62734759413,-28160.03582920249,48598.459725939196
0,41,1.3527257645554465e+19,6.149709457032106e+18,-2.082624441517077e+19,-139210.18738118446,-22560.583076108618,-87542.22582601685
0,42,4.4460099140113536e+18,2.4132606780944523e+19,4.153998878693749e+18,26290.111708503067,-78299.89172303806,66804.74265721446
0,43,-9.555959473273416e+18,-1.8291110710466826e+19,-4.870331734852996e+18,-48128.028360112374,-70147.92986535402,13819.364396816674
0,44,4.439899991120207e+19,6222051460924722.0,9.994879277538316e+18,95202.18679998016,-30075.585250454296,143673.65400889385
0,45,-2.494238668208453e+19,-1.1301819289058986e+19,-3.539808846001518e+18,-140131.82000990518,-3509.478412884679,-166748.6590439421
0,46,-2.4993047712786755e+18,-1.9808745593595744e+19,-2.8028385680016732e+19,-38443.047420819676,-22307.946843042646,-104451.09656113604
0,47,-5.775617169339167e+18,-1.6069707353780636e+19,2.8981088182631227e+19,113787.0374245525,1602.1203599889625,47359.957205452774
0,48,1.966865536041798e+19,-9.437072624130212e+17,1.495530156988673e+19,160035.61315936595,-228085.7756344364,26094.817905342854
0,49,1.8273280545001902e+19,-4.052461831344383e+19,-1.528643337784753e+19,20273.375576037382,61350.93864353722,7479.408933657207
0,50,-1.7080219548376328e+19,2.729290742292506e+19,-1.6970040830770266e+17,-168381.43968410575,84366.27082696916,41624.84797134742
0,51,-1.0387238263127654e+19,2.5554240028749316e+19,-3.274104236156099e+19,56999.98108654594,-49038.03096280569,67435.17049201464
0,52,-2.2710283122511426e+19,-1.5807765640074432e+18,1.2020141755064666e+18,118966.48178406266,71055.80913697816,-121927.75440104588
0,53,2.299105069592335e+19,6.553380240503425e+19,-5.181312723835888e+19,-53635.2299933991,133337.1188087335,-135507.02986066928
0,54,1.5955489380733237e+19,3.1424807736703058e+19,-2.0633323890754687e+19,54012.717229206144,11695.526942994706,151874.9034018734
0,55,3.055583930671952e+19,-2.786730531930503e+19,-5.704765210768778e+18,-9670.445376181882,113910.79474852249,57961.30395204568
0,56,2.104332639686979e+19,2.3779196532687667e+19,-3.4450270243052733e+18,-25766.231503180887,-19380.324542255563,-169499.24059888834
0,57,7.238318573292867e+18,-2.6707419619044315e+19,2.2909497487018332e+19,-137296.69358236252,-55181.282139295705,-47521.906899155205
0,58,-4.934566412673115e+19,1.7360955651587291e+19,2.9070886766574313e+19,37772.556403986695,118180.79443533893,-100273.76871264224
0,59,2.3661527690820792e+19,-3.689940159041549e+19,-1.0071647816593414e+19,-117884.59974247776,105234.18569495309,86515.02348674212
0,60,2.78788452997231e+19,3.742225202275637e+18,-4.3010898956851016e+18,5741.666204236571,-20274.935984995605,61500.52638109683
0,61,-1.0783429392186059e+19,3.104980796109941e+19,-1.8868165961053893e+19,28693.36430674523,42215.53712523149,147880.70598365302
0,62,5.378590427271152e+19,5.43588241865827e+18,-5.985502045275988e+18,-67247.27509386108,58629.34190545325,4893.5244442381545
0,63,-3.4802961742328766e+19,-1.7141531655979516e+19,-2.0859365710988292e+19,109030.23917272096,137553.82979701785,86855.96238675083
10,0,8.488818263904349e+18,2.6606636937005863e+19,1.0679693826281867e+19,-145260.4580373302,67613.45553834933,16227.007135646994
10,1,1.786241033246686e+19,1.2108227734160427e+19,7.783150373103132e+18,-11586.234165867294,54207.0269682838,-90257.91862168907
10,2,-1.5237317281801896e+19,1.7294406864569768e+19,7.550863668928173e+17,-16527.445800774,-73108.10884041373,-33534.001140187254
10,3,-1.2770931781954376e+19,3.685823776226905e+19,3.0681467135123735e+19,-269561.50455125177,-200438.92580516083,-31209.999639603448
10,4,4.827805649312169e+18,6.100370239374668e+18,6.849035603925685e+19,-112401.8528059509,-38960.82045163247,193913.6795929215
10,5,2.0689895923417027e+19,-1.5641602102369866e+19,-5.264077060484626e+19,12403.760866154635,16639.886347888016,-103736.84087452579
10,6,-2.0712617574212362e+18,-2.895554025161074e+19,-3.841555635619407e+18,9639.64970571884,21296.58877195731,-51772.36928246817
10,7,2.848058925270302e+19,9.026363434426853e+18,-2.380914167175e+19,51021.8252351288,-60523.498397881216,93346.68750546244
10,8,2.7618355066964808e+19,-5.067154959111407e+17,-3.790831362153359e+19,-44864.91369084795,9478.363603937598,52175.96892688394
10,9,-3.3762249270662705e+19,7.332127910742703e+18,-1.6975207068265884e+19,27193.870376754676,73063.69229231252,-161040.034952643
10,10,3.884321040958343e+19,-8.705513378283596e+18,-2.355825198766005e+19,58375.94762217383,34934.34288094111,95547.37856065214
10,11,-4.430708679008126e+19,-3.065749596707411e+18,-1.6295177963234603e+19,102239.05922446371,22473.706440966984,-158200.03602192292
10,12,2.7130543290345468e+19,2.1500631685655855e+19,-1.8973065239710126e+19,-17713.80472265882,22222.565067629064,52718.53454573143
10,13,9.54068625597254e+18,-6.388809730986506e+18,-8.226959795739188e+18,100440.81249321862,-214201.018150439,-16511.35675319848
10,14,-4.244007830583731e+19,1.0074799747053666e+19,-1.9002188019717046e+19,109245.02531588149,-12348.466185695244,71148.28672971891
10,15,1.4592196175872397e+19,-2.708083715732638e+19,-4.7705046169537176e+19,176341.2858787157,3773.8004055728024,-55314.59895729728
10,16,-5.873102897593946e+18,2.4983632144091374e+19,1.7094104345615043e+18,3538.5266494645102,-93979.22272183016,36632.797106792284
10,17,1.6634167691645196e+19,4.79463093620198e+19,-4.296589983628807e+19,-249266.9786302318,54704.03998823796,262429.1189475005
10,18,-3.934534771032756e+19,1.7569283967946703e+19,-2.494996111026925e+19,-44622.926671226196,-42283.07534898802,72538.93022114047
10,19,8.093136784383417e+18,-6.84096593586633e+18,-2.5946347455464235e+19,-29555.36541671525,-82337.64275364213,14320.293302674087
10,20,-3.373862990454905e+19,4.5641983499392975e+19,-2.323291984305532e+18,3428.239691168396,35535.828407919034,-44257.70030536819
10,21,1.4519721503824228e+19,7.669833218638051e+18,-3.712031998581207e+19,95237.71355532372,-72291.69609189541,-65803.607601871
10,22,6.839326878586602e+19,-2.9595875473275105e+19,-1.177121082377191e+19,150574.62372198165,-111927.44438067275,19519.22293934504
10,23,-1.073188775917904e+18,2.788960372688821e+19,-6.080707993454015e+18,-66943.85354290999,-6731.417902389178,84187.24432022935
10,24,6.051235979065931e+19,6.304508152242751e+18,-1.8047095129618293e+19,-32129.068786402495,-11656.0616711845,18541.40988267512
10,25,4.3932481443401144e+18,-5.326224812482582e+19,2.6661881433061503e+19,-66363.91926500232,-97008.79906082909,71570.45184480348
10,26,1.9746894825254134e+19,6.362846352671661e+18,-3.040275765915844e+19,287554.1873191996,87085.19445678353,-94250.04237021328
10,27,1.960999049131198e+18,-4.586860156233671e+19,6.678341036216534e+18,-45589.5707868612,143982.35491253142,90633.5110462796
10,28,1.5748749579687624e+18,-4.8972765814133105e+19,3.2442671077389627e+19,19801.76686356253,63470.62459108062,-121595.28754667378
10,29,6.119830266652856e+19,-3.2842859402176827e+19,9.45116857587738e+18,-76437.71485324837,3999.780076469361,-133668.92943570486
10,30,-3.081878112550003e+19,-9.450807645025778e+18,1.445813539670158e+19,-50983.76131339404,-15914.171126486754,-72318.12288768095
10,31,-3.6509722678522044e+19,-1.3314089497512475e+19,-6.907681988928895e+18,-15495.939581931789,19877.95987158844,-37647.63047695281
10,32,-1.0743689837849643e+19,-6.190097346952457e+18,-1.958545997916291e+19,-45467.78248856754,-123563.20521296428,65611.49962624654
10,33,-2.353900999196269e+19,7.863327912084589e+18,1.2926205262827258e+19,-26552.78990881649,-206372.0179705183,21744.908443515775
10,34,-4.51637236132402e+19,2.3739832123358245e+19,-2.19062650782191e+19,-87667.75425717751,-13278.812045065613,-16123.66335294483
10,35,-5.191063860985675e+19,5.681429937718528e+19,-1.9126560727650263e+19,-145511.8528448625,51634.44913274993,-31796.226377793846
10,36,-1.1662916762191055e+19,-7.327042204581559e+17,6.716567391501857e+18,-75632.89936063181,73013.8441807176,-63304.296692029464
10,37,1.0140114706341722e+18,1.470300495389439e+19,-9.78778569057312e+18,-86503.50589076159,60745.22860411822,-168115.0593436511
10,38,1.1547128956811604e+18,-4.046552427884342e+19,-5.397011126102177e+17,-3102.8449905119787,105751.61866861208,-86458.56550255595
10,39,9.176171784312079e+18,-7.696217940549345e+19,9.698625805857853e+19,-70154.33424632775,-70218.69394815802,82355.9917077806
10,40,-5.526123528789021e+19,1.8821285395675263e+19,2.7184522290519847e+19,1109.3724157550018,-35825.51421841696,49142.373917892546
10,41,1.13782239281413e+19,5.776707817399016e+18,-2.223758844907391e+19,-132604.85783108842,-24183.906846343685,-88761.91641897736
10,42,4.877906059067847e+18,2.2803619241345966e+19,5.169907690786554e+18,28339.33931125746,-88051.2589315546,62682.40695733128
10,43,-1.0253792344547318e+19,-1.931967541332033e+19,-4.657774310709609e+18,-40068.051133992456,-60210.56638765709,12874.459750894777
10,44,4.578928400052762e+19,-4.6550591295389376e+17,1.2162024148784837e+19,81050.5664873179,-29823.00320937929,130998.77909229389
10,45,-2.711916377935768e+19,-1.1253235800739088e+19,-6.187119025668201e+18,-136747.5625267426,8913.93059914311,-169380.98032115054
10,46,-3.076989026252546e+18,-2.0052142576404386e+19,-2.955350103557844e+19,-34809.15890819594,-8622.470679003536,-88685.65110640788
10,47,-3.9598847545332506e+18,-1.6010081563744727e+19,2.959474195775945e+19,116282.9896408323,5710.1703766438995,30387.33660568955
10,48,2.210388146398271e+19,-4.4770942401956224e+18,1.5224155894763713e+19,148730.8291967013,-220423.6609258579,8436.350767315515
10,49,1.862884635116754e+19,-3.935843314327008e+19,-1.5027775746912766e+19,23907.519353785512,86803.62426800797,25812.462029265895
10,50,-1.9582644080960254e+19,2.840821336032331e+19,4.618321556496744e+17,-149482.03315724738,58074.58904220748,37908.15567697826
10,51,-9.451385323255781e+18,2.4697917997771944e+19,-3.1529076014785483e+19,61627.56932550461,-59591.99632933802,86226.41491148084
10,52,-2.073576044924756e+19,-4.5059830920358054e+17,-7.532793084310597e+17,131405.24255566832,72515.48497776456,-125505.40296104806
10,53,2.2125028967858504e+19,6.757318867596967e+19,-5.390733437916597e+19,-56095.476775421695,125298.2567083612,-129964.09841679448
10,54,1.6755755070687058e+19,3.1427437281559364e+19,-1.8147344903400524e+19,47372.95191506052,-11727.331811370743,163228.07761814984
10,55,3.0283704614789157e+19,-2.6025832539387286e+19,-4.834908163567096e+18,-24877.394584419086,119746.71130135865,52372.10313314198
10,56,2.048662839694204e+19,2.332898058166565e+19,-6.125579122293414e+18,-44282.35342705835,-37547.19487587677,-170508.72460725807
10,57,5.021456859067836e+18,-2.750152195100327e+19,2.2069199605705007e+19,-143458.2811708648,-45368.129861456284,-58873.493214072594
10,58,-4.886403089096684e+19,1.9239132749091086e+19,2.7352419398533153e+19,22607.532119209136,118123.80308330033,-115788.16038602275
10,59,2.171475338326579e+19,-3.513415443288008e+19,-8.730601246666692e+18,-128610.09735364596,118330.66195239233,83100.72806811481
10,60,2.7828315403962585e+19,3.448567679740423e+18,-3.3781656255103764e+18,-11926.510546198047,-16996.651404025866,55270.6420217029
10,61,-1.0286966047397796e+19,3.1555512597091656e+19,-1.6427068404519574e+19,34229.51256168812,21501.390115165497,161628.81266245776
10,62,5.260714922459253e+19,6.329686913501782e+18,-5.962374817809079e+18,-82246.47765322054,54522.540246719625,-2021.2954938499142
10,63,-3.299930779644065e+19,-1.4849025074276702e+19,-1.9357045555572167e+19,119306.5287014444,153207.30145081674,103931.03248096704
20,0,6.095818029537104e+18,2.7457706988972462e+19,1.070468099689374e+19,-157181.9626416549,39493.381843903364,-12791.061636348664
20,1,1.7563912224743279e+19,1.2958580669333406e+19,6.228191826614104e+18,-26367.194830489756,53466.390745944875,-106771.23399195928
20,2,-1.5397743548087038e+19,1.6142000712926329e+19,1.7377907234540717e+17,-3756.1342307335944,-73759.18799148015,-40061.34547334618
20,3,-1.7007070313151052e+19,3.360856528078542e+19,3.007433128989684e+19,-267269.20105340594,-211342.7473243619,-45907.382918788535
20,4,3.0467633801652854e+18,5.477103035362779e+18,7.147206763870187e+19,-113301.5581025247,-40015.41213372331,184115.80378840226
20,5,2.085249917755502e+19,-1.5341642604166355e+19,-5.412882583629103e+19,8264.271991707401,21196.115741276197,-84905.2688989782
20,6,-1.9199075489329592e+18,-2.84809749080281e+19,-4.660328115105279e+18,9530.713132178116,38827.10430368983,-51806.3202010572
20,7,2.911126617195745e+19,7.999524527856628e+18,-2.2338838890278285e+19,29514.07864766901,-69137.08297803282,91976.76838342469
20,8,2.679601820742628e+19,-2.8891005500396845e+17,-3.6871547126778614e+19,-59171.688563608506,19545.844706694705,79686.46143448024
20,9,-3.3347372587394093e+19,8.472275467663554e+18,-1.9467798810500436e+19,24114.670239315597,71652.60271456992,-153841.63471592055
20,10,3.962846785986311e+19,-8.07606495566579e+18,-2.200515244293915e+19,41068.00030274191,44944.639687391646,101262.04916433092
20,11,-4.24923667122165e+19,-2.679515994936971e+18,-1.873031406913529e+19,127939.05304615383,26708.60158373076,-149665.60991126517
20,12,2.6707441238355644e+19,2.1682670749093433e+19,-1.8080616513528226e+19,-36209.630046645965,1044.784649410639,60828.14992195159
20,13,1.108096108394858e+19,-9.696043962366267e+18,-8.505819639908354e+18,94722.52264881464,-205315.96347656692,-18707.805309738644
20,14,-4.053281442779651e+19,9.87513282201768e+18,-1.7878932207876383e+19,132393.76344156417,-12988.921540774214,70035.75422557279
20,15,1.7373295208567085e+19,-2.689981879709011e+19,-4.84784889262266e+19,175886.39176942498,19246.901472839967,-42900.68763524271
20,16,-5.780651660732969e+18,2.335050059795584e+19,2.1923567309112133e+18,8439.105091325499,-112249.55834424843,24289.190164807223
20,17,1.2682968194193873e+19,4.873498661338928e+19,-3.876524583413017e+19,-251508.57320082863,44822.3183365917,270042.08044229576
20,18,-3.998896052890617e+19,1.6822457129019062e+19,-2.3652687620286906e+19,-36361.50242057635,-52976.28153900578,91851.30960235128
20,19,7.628817433797348e+18,-8.058714801213988e+18,-2.5611121764357915e+19,-29645.66425818174,-72269.02628953684,28157.874243548464
20,20,-3.361513862668835e+19,4.607460052560364e+19,-3.033695187095812e+18,12219.716336656893,19157.162226175133,-45649.292159647215
20,21,1.6138477922343385e+19,6.462495682679093e+18,-3.787894696660209e+19,109955.10712473167,-80129.5035188788,-31451.1275756491
20,22,7.067298513563374e+19,-3.1318794475433714e+19,-1.1433748123265841e+19,138356.60539747172,-106469.93479283205,23262.042943183114
20,23,-2.1614768655700685e+18,2.753930226501789e+19,-4.665822933706013e+18,-71034.02421667895,-37773.01549417931,94583.25217421283
20,24,5.9845397393889165e+19,6.088275469307289e+18,-1.7697436601585058e+19,-52597.21245868122,-15700.807973296207,25690.14996182649
20,25,3.277908051236635e+18,-5.455035981658502e+19,2.7852144794140545e+19,-74298.28413416054,-64304.5516859289,77884.80493235335
20,26,2.4290938216483705e+19,7.675898804163434e+18,-3.1741337492890604e+19,287809.9509651075,77433.21626049535,-75125.49945326678
20,27,1.2486388069240123e+18,-4.343600202015209e+19,8.062848687132242e+18,-44606.97346433494,164237.03904974443,84885.83572995961
20,28,1.910295333108737e+18,-4.792461453700443e+19,3.040180471511229e+19,22468.45321859959,68913.2777489622,-136731.7748270185
20,29,5.992258811154075e+19,-3.2727654114656346e+19,7.285066714772314e+18,-85200.62840856488,10649.74838772928,-140868.91922903009
20,30,-3.1514147103904084e+19,-9.636944053995315e+18,1.3193567605014966e+19,-37103.87201240681,-7613.0315139255,-87958.16486834604
20,31,-3.658317962539838e+19,-1.2881450515740953e+19,-7.589281363088904e+18,7188.973847558198,35298.00430065723,-49254.87741232659
20,32,-1.1420434771941997e+19,-8.10969489997776e+18,-1.8444242211413385e+19,-40742.92544491751,-119469.28343828999,79008.60094005504
20,33,-2.385433724145543e+19,4.577134524141908e+18,1.3104145037626563e+19,-13470.918254649994,-209939.7321881136,647.6191395601811
20,34,-4.6340805973567226e+19,2.335360328755035e+19,-2.212596638570585e+19,-61318.978442896856,-35559.79977103908,-11209.393519952546
20,35,-5.414121407025742e+19,5.755220398298355e+19,-1.960065269796163e+19,-137250.06506631678,41993.34086477678,-28330.65557956505
20,36,-1.2871870189746153e+19,4.652517065299366e+17,5.570516637724986e+18,-77662.51793982697,79015.23333189472,-82599.7029887131
20,37,-3.5288347807988224e+17,1.5638697358265391e+19,-1.2360469690280813e+19,-86764.02270974636,57458.32280199207,-157610.69009899144
20,38,1.1129663104265696e+18,-3.862122898046943e+19,-1.8728990657224963e+18,-2401.3729204457754,129202.16318951816,-82916.94608422188
20,39,8.067272866405624e+18,-7.804875367839674e+19,9.825690306755664e+19,-70393.11650565584,-67517.54732047151,78721.27726305582
20,40,-5.489087310033355e+19,1.8282701634600868e+19,2.7869968489764758e+19,44026.187910865825,-30831.5811562405,35807.3225265724
20,41,9.33124052689258e+18,5.393154797091213e+18,-2.3569669526776664e+19,-127463.92945327469,-24368.075737963198,-78941.26600534146
20,42,5.316846809067085e+18,2.1414637571183223e+19,6.137501940348083e+18,26036.840617899965,-86562.30024677617,59405.529164807806
20,43,-1.0811590093298913e+19,-2.0189565221138035e+19,-4.472173628555482e+18,-30317.166164116472,-49951.94041119803,10373.920807897906
20,44,4.695754545187515e+19,-9.382080997074104e+17,1.4128805232544412e+19,67054.20814134322,-30197.86364401823,118302.94253016365
20,45,-2.9297856165675655e+19,-1.1042836541386619e+19,-8.911604193282417e+18,-140890.79847594775,17091.276370114865,-177419.63602698114
20,46,-3.598494748270715e+18,-2.008283808826183e+19,-3.0821577138793816e+19,-31306.323355266482,4678.767445548918,-71864.87716108578
20,47,-2.1097930463470367e+18,-1.5896355336183656e+19,2.9938230574320984e+19,118052.23543323544,8514.824179925146,13077.741938862979
20,48,2.4364862394479616e+19,-7.912504645548454e+18,1.5230407091615578e+19,137911.11737766338,-215281.32956903655,-7471.1277180636525
20,49,1.8996342796314874e+19,-3.777834878452974e+19,-1.446251930722728e+19,21587.105048927922,113585.4030053713,45918.47489426751
20,50,-2.1814615199597654e+19,2.9151038604217405e+19,1.0166960058922898e+18,-133865.82456331237,36718.54507449187,32219.984321226635
20,51,-8.441725819577373e+18,2.3669563960607416e+19,-3.0016191236007805e+19,66394.38360736628,-70942.25168713498,105754.64861519524
20,52,-1.8562251723876995e+19,7.165251214272143e+17,-2.742667056310669e+18,143999.09086673972,75688.32847888641,-126012.85847840027
20,53,2.1222124442666754e+19,6.9491680942779376e+19,-5.591564105351797e+19,-58306.372583199314,117981.06473779208,-124637.73693988225
20,54,1.7449286776133622e+19,3.1037191020422193e+19,-1.5481292538076785e+19,40492.39327795517,-38617.38760930668,174699.09000295564
20,55,2.9769121015292092e+19,-2.4080858502879453e+19,-4.050290711808692e+18,-40408.12589235258,127026.32104134595,47117.84271416222
20,56,1.9661280154834473e+19,2.2600940894099354e+19,-8.83289463239977e+18,-59804.70684977677,-54375.20745641451,-172834.30115231982
20,57,2.721377902866441e+18,-2.8137266589960065e+19,2.105414222252512e+19,-147647.79682023276,-35224.136041602615,-69761.9316400545
20,58,-4.8617134166065684e+19,2.1038277225212846e+19,2.5470761520209195e+19,10082.908856979642,108725.92108077917,-121346.08937292028
20,59,1.961170600814057e+19,-3.3167746294750433e+19,-7.456881269542402e+18,-137685.90642027,130942.59211580668,78213.66638626106
20,60,2.750886111854005e+19,3.2044750988407204e+18,-2.5642067703015117e+18,-28369.093965377586,-13980.972837370875,47630.45119772234
20,61,-9.702945657216158e+18,3.171398719760523e+19,-1.3767331709040103e+19,39814.76698606923,-1966.7183978605808,175401.47250102734
20,62,5.118725990177006e+19,7.151679604834052e+18,-6.051756130743876e+18,-97849.0559717624,49490.86695543036,-9409.599901777841
20,63,-3.1049132860049412e+19,-1.2303875856580723e+19,-1.7568987419351833e+19,127435.49507934212,169340.0857845632,123049.49239026383
30,0,3.5556041825328707e+18,2.7842099028683874e+19,1.0292159992425523e+19,-164107.68793129674,9254.873759728302,-38912.398448837375
30,1,1.702543194847235e+19,1.3790698438895546e+19,4.4174865266455916e+18,-42070.00197381792,51800.57725458345,-122551.78452609574
30,2,-1.5353719059806175e+19,1.494413055942605e+19,-5.086665699706793e+17,9423.214492581184,-78804.24420134618,-46481.13995889798
30,3,-2.120264150316938e+19,3.0192970663769465e+19,2.922784631480743e+19,-264470.4616270394,-221437.43925153333,-61545.74499104081
30,4,1.2536546215856105e+18,4.838311339444348e+18,7.430323520753821e+19,-113937.27187536508,-40929.5652515609,174822.65533101498
30,5,2.095302353744705e+19,-1.4977630521010678e+19,-5.5321135170054595e+19,4567.491541867653,24810.275338663927,-66259.7659680212
30,6,-1.7699426247000138e+18,-2.7731247086706102e+19,-5.469784957502331e+18,9536.868177633442,56156.79411596208,-50560.29071493061
30,7,2.944132493873422e+19,6.860797208649366e+18,-2.0921278770008527e+19,13328.320511476675,-74784.23131118283,87833.75034621892
30,8,2.5779438765177455e+19,1.5123880706419898e+17,-3.539326634046289e+19,-68246.43685081197,36818.946195147575,107023.16249690062
30,9,-3.303208310477751e+19,9.592890151805487e+18,-2.1779519062299288e+19,15414.191414931598,70063.84623951251,-137136.68984577619
30,10,4.013611416211853e+19,-7.283714514076016e+18,-2.036442983102946e+19,23162.073413515085,55615.54410796945,106637.3015611741
30,11,-4.0267721984217326e+19,-2.2146135564204224e+18,-2.0989214575329915e+19,153944.619092773,32532.689372211098,-135603.71830876512
30,12,2.5971522952795455e+19,2.1538929195141067e+19,-1.7039550562389041e+19,-57914.46165270293,-19139.266485085558,71536.96724740785
30,13,1.2528424932455952e+19,-1.2878345352051442e+19,-8.812041113952904e+18,88714.49102425697,-198429.09433484075,-19871.309339559022
30,14,-3.827774784338034e+19,9.668484506273106e+18,-1.6831886216728472e+19,152419.01230417658,-13022.487143362277,61565.38607984499
30,15,2.0133109506624573e+19,-2.647224529923568e+19,-4.906374448128073e+19,173587.24333526095,34943.3516301552,-31414.544336445208
30,16,-5.603811565509948e+18,2.1467706569630167e+19,2.4687397546855475e+18,13914.794259394755,-125447.13762304209,10557.897472716675
30,17,8.698382733458958e+18,4.934870212765954e+19,-3.444316500812486e+19,-253512.46227839196,32606.602350711757,277808.4728204982
30,18,-4.046686399704478e+19,1.5879890609206014e+19,-2.2057139352602534e+19,-23129.112847198026,-66963.97254791234,109976.91485861638
30,19,7.14872311538114e+18,-9.126711986715799e+18,-2.5058565567174627e+19,-31451.347904201713,-63207.95192324223,41853.64041327129
30,20,-3.3353246768056574e+19,4.6241859868879815e+19,-3.7594935920731633e+18,20963.650877495587,1881.6315577255402,-46200.42033261583
30,21,1.7986299150119713e+19,5.146687545312216e+18,-3.8137185002809926e+19,124251.68426662103,-86838.55433003281,-1586.4932710701771
30,22,7.2758517315970105e+19,-3.29558373301317e+19,-1.1038151049263317e+19,125966.46413522268,-101020.8526805985,26805.14925859071
30,23,-3.3150146139259515e+18,2.669575191625902e+19,-3.109543744056774e+18,-75112.8362864072,-69208.02063799264,102355.88256850759
30,24,5.884581343471324e+19,5.810302465884298e+18,-1.723919110913808e+19,-74355.89183560597,-19500.577307528896,32296.012665973532
30,25,2.0809563768322386e+18,-5.5272770173127836e+19,2.9055384930205676e+19,-76397.37922658942,-28082.11634949477,72658.4458433996
30,26,2.8776918687127106e+19,8.751568765594335e+18,-3.276444165300766e+19,278451.78487623937,58004.369023054496,-54242.01166187681
30,27,5.560580911058274e+17,-4.068757468363414e+19,9.359131026471719e+18,-43094.658328000005,184115.96835996464,79521.03662372891
30,28,2.2724602667618417e+18,-4.679808161822175e+19,2.8145081428897202e+19,23056.636664681162,74379.23662061717,-148807.0450416833
30,29,5.851109103114057e+19,-3.250533077002587e+19,5.007745037737257e+18,-93683.58612307951,17581.481113632963,-147671.05540788468
30,30,-3.1986795281695265e+19,-9.688321328890538e+18,1.1681624591296868e+19,-22660.794758496482,1216.5358179026357,-103740.789113825
30,31,-3.6248240687059755e+19,-1.2184845845003164e+19,-8.474622067189239e+18,36378.56923461463,53639.214565516326,-63243.9582651136
30,32,-1.2042439087749569e+19,-9.948616203011564e+18,-1.7092340646350666e+19,-38479.9699016289,-113127.57300886989,92360.71577829996
30,33,-2.3968747646320108e+19,1.2465664165836268e+18,1.2941114051985764e+19,-1341.554398869933,-211903.12657175446,-21505.97035021077
30,34,-4.709346989922349e+19,2.262185748534569e+19,-2.224456293374186e+19,-33952.51175509171,-57026.33306181665,-3326.1464816668895
30,35,-5.624283168209345e+19,5.814228511279552e+19,-2.002159265837127e+19,-129163.06985982071,32885.919251299514,-25054.2489441461
30,36,-1.4107934851824239e+19,1.7677491233314637e+18,4.087504229295199e+18,-78502.75118227485,86359.2744987127,-106127.79009641202
30,37,-1.7249723252433748e+18,1.6503536669364337e+19,-1.4753092658199908e+19,-87208.11001367524,51745.852972393965,-145496.51553971114
30,38,1.0732837866759538e+18,-3.635284307466113e+19,-3.1689806338121513e+18,-2817.64258652154,159514.04265362493,-81770.76242956947
30,39,6.954968144405388e+18,-7.909317689288902e+19,9.947110517098249e+19,-70586.89959502044,-64875.12588700368,75200.39008128777
30,40,-5.39374758852779e+19,1.7873594686687169e+19,2.8279509875032084e+19,74803.53602006564,-20826.869703321514,15631.582941932149
30,41,7.340295892109308e+18,5.009514984757424e+18,-2.4705943459135988e+19,-125281.89199541863,-24170.90160684996,-64556.32966485507
30,42,5.661402247538983e+18,2.008892541202517e+19,7.009172645521017e+18,16702.021586067418,-81713.38941309028,49603.849095676276
30,43,-1.120002300468382e+19,-2.0891443013870215e+19,-4.338962706880658e+18,-18549.40082747071,-38805.87056647042,6234.661943810764
30,44,4.7906209305491775e+19,-1.4214310749556908e+18,1.5895746147862964e+19,53222.95366831457,-31136.32410748211,105674.5903339834
30,45,-3.1569947287111266e+19,-1.0712000312211649e+19,-1.1870410123758895e+19,-142526.0767683927,27312.228527796906,-200094.77060254329
30,46,-4.065012835743951e+18,-1.990579052518052e+19,-3.181594255104999e+19,-27817.575821326715,17730.875703674927,-54001.116020562346
30,47,-2.4055115154071914e+17,-1.5745752409901988e+19,3.000521602792804e+19,118663.10814337233,10481.817948301701,-4654.414451597405
30,48,2.64566106654499e+19,-1.1275750537620527e+19,1.499119991363371e+19,127200.51607797398,-211098.50063849537,-22825.610441903464
30,49,1.927816935700443e+19,-3.577358024859863e+19,-1.3582444854117935e+19,13190.862191217455,140468.22350150635,65339.39642647112
30,50,-2.3817552756277973e+19,2.958223278805696e+19,1.4744196295704517e+18,-120266.56121809584,18318.53228752614,25705.13297601469
30,51,-7.353609638273381e+18,2.2451022448446865e+19,-2.8180685440654897e+19,71663.03877324647,-83879.40577549841,127455.12247025233
30,52,-1.6202231969470134e+19,1.9461133682161697e+18,-4.707110690185357e+18,154452.99059393178,80447.74472746489,-122177.59597290169
30,53,2.0286291006441914e+19,7.129916742276967e+19,-5.78419789379051e+19,-60273.96605864723,111199.92526051955,-119573.72375356915
30,54,1.8029592462644994e+19,3.0169855995236086e+19,-1.26444678126003e+19,32728.14168364206,-72773.37322010168,183853.410294784
30,55,2.9006112366468346e+19,-2.2010039299485626e+19,-3.3473488211489654e+18,-56407.46719637334,135668.8234880221,41984.96037168036
30,56,1.8618613757675954e+19,2.1630090504260334e+19,-1.1578774677195428e+19,-71555.94590185977,-68015.57191418615,-174743.8648548089
30,57,3.7783787127434963e+17,-2.8616564026840023e+19,1.986540456394945e+19,-148826.02899109948,-25753.59425746657,-81112.51988113864
30,58,-4.84948041589842e+19,2.2650988993134907e+19,2.3547029547434947e+19,7028.050819836934,95511.31001135758,-122208.87311028944
30,59,1.7375699759107981e+19,-3.0997591780085023e+19,-6.263469006180654e+18,-145641.7970208364,144385.5482705459,73080.75099346107
30,60,2.6938636235493794e+19,3.006373966602795e+18,-1.8843883942478874e+18,-43739.8659433835,-11157.95317128128,38198.89955694933
30,61,-9.030200009264916e+18,3.147463794909896e+19,-1.0898531361141053e+19,45442.21418973893,-29019.554612261774,187890.13216807126
30,62,4.9515002855116055e+19,7.885378665327409e+18,-6.26307894268457e+18,-114270.35976731365,43279.64930233919,-17520.179738815244
30,63,-2.8998042685047108e+19,-9.516777646481887e+18,-1.5461224842416886e+19,131266.56350981785,182938.91879870128,144345.81202364314
40,0,9.294579729464781e+17,2.775532049270272e+19,9.48946022942321e+18,-168585.12689576356,-20070.211461501178,-62646.28190462947
40,1,1.6231151678975418e+19,1.4585241943727964e+19,2.3682799811529933e+18,-58725.996043022125,48592.115947492195,-136908.48398028984
40,2,-1.5097366105572106e+19,1.3631079893992698e+19,-1.2957674189471086e+18,23162.19219630599,-88508.55728479741,-53418.37578352787
40,3,-2.5352475285531255e+19,2.6625988564182577e+19,2.8127167783608807e+19,-261554.8739844044,-230476.0283194207,-78132.22085838635
40,4,-5.476251775437206e+17,4.1861623808947523e+18,7.699141705873121e+19,-114342.72939903224,-41709.67919043146,165984.07269299089
40,5,2.099959820769294e+19,-1.4561784613321372e+19,-5.622116984137875e+19,1433.2684163842903,27830.746932855487,-47871.965412109166
40,6,-1.615390794039492e+18,-2.671121434001297e+19,-6.247970096558335e+18,10240.070336723113,73004.01946570865,-47783.35549465531
40,7,2.9554221712509583e+19,5.646351905350811e+18,-1.9553342072271712e+19,1414.8931678449721,-79072.28787052805,86080.9050629255
40,8,2.467102742699742e+19,8.567252280884613e+17,-3.3526630992311628e+19,-72130.49785092995,51471.829702527226,128479.48954848843
40,9,-3.2852520892353847e+19,1.0662496803559045e+19,-2.3737498714073424e+19,8225.621388341795,64525.24016137327,-109590.74328257923
40,10,4.035527400399486e+19,-6.31666840457175e+18,-1.86422517430866e+19,4456.0625556912455,67112.60231481999,111566.46851690124
40,11,-3.764371342521751e+19,-1.6431693336421804e+18,-2.2977620307227374e+19,178139.2549408757,40161.276992630636,-115462.5055818274
40,12,2.4844231074773086e+19,2.1079128884022178e+19,-1.5819874318208012e+19,-86270.95758956186,-39268.202300246616,82625.25324239786
40,13,1.3879383684828963e+19,-1.5972793006917511e+19,-9.122078966564111e+18,82433.17838105765,-194434.80971180415,-18881.490969232356
40,14,-3.5763573681424626e+19,9.464414432547793e+18,-1.5950591960405506e+19,164959.99111982685,-13152.635886850863,50418.649731813755
40,15,2.2840609379832304e+19,-2.5798848569162105e+19,-4.947297490715148e+19,169248.67894085913,50302.24164385537,-20525.27502453262
40,16,-5.348800731549621e+18,1.9423098462604206e+19,2.5206627357050194e+18,17974.072359047448,-132640.1715508816,-4126.998222394672
40,17,4.683698131839325e+18,4.975345663550082e+19,-2.999838491764376e+19,-255327.70524386197,18363.311186254014,285550.5224557876
40,18,-4.068229640052775e+19,1.4702561380979786e+19,-2.02029665680698e+19,-3016.924504681615,-82169.90721833792,124143.32179227592
40,19,6.629756519340619e+18,-1.005533830477073e+19,-2.4290578555102826e+19,-34519.83424908951,-54522.911176755995,55509.80492994193
40,20,-3.2954095731607093e+19,4.612881148874218e+19,-4.487095060052646e+18,29607.89670978915,-16385.484367062727,-45874.29049004632
40,21,2.006594506896312e+19,3.710312693466349e+18,-3.7914949060037706e+19,139613.2514831,-95595.36136167413,31222.810268483943
40,22,7.464818357701578e+19,-3.4506435659231625e+19,-1.059126082809725e+19,113583.23380605267,-95512.11008253063,29700.314883357394
40,23,-4.5251985889810964e+18,2.5352458660709585e+19,-1.4433138191814884e+18,-77848.16766119884,-101162.38971300315,108613.75742763944
40,24,5.748992512572092e+19,5.473593128142269e+18,-1.6681507164197435e+19,-97842.94384543414,-23164.359535190408,38274.73192637532
40,25,8.871452665481437e+17,-5.548123037134506e+19,3.010876791217202e+19,-74606.9289475224,124.43777940780728,60393.440282026895
40,26,3.3025831022881665e+19,9.51651304453751e+18,-3.3445843580864004e+19,259415.9494946205,39971.98874427253,-32125.925883879336
40,27,-1.0923559682336467e+17,-3.7625071795370934e+19,1.057672507713129e+19,-41206.843492953245,204129.2600958139,75008.48737578318
40,28,2.6292570920004116e+18,-4.555438112732606e+19,2.571309248340766e+19,21975.58966275677,84081.8978643214,-159453.11272380518
40,29,5.696580151173154e+19,-3.217092855416219e+19,2.62982739669218e+18,-102242.20765195598,24882.0287529668,-153538.60309240705
40,30,-3.2222920963795145e+19,-9.594100804693823e+18,9.917223624893188e+18,-6990.465687217185,10901.64777163564,-120005.47449317924
40,31,-3.5413351363519676e+19,-1.1168846225878219e+19,-9.584665120642902e+18,69582.6085943824,75678.17445554317,-76929.18416321886
40,32,-1.2642513946827876e+19,-1.1661716546541103e+19,-1.5529002980863724e+19,-37627.54368669053,-103372.06498628628,105809.05503894926
40,33,-2.391255315166207e+19,-2.1002183176949422e+18,1.241931995640496e+19,7760.4463877553835,-211996.4176208511,-44854.16743200704
40,34,-4.740977463135925e+19,2.1560252073852166e+19,-2.221622805696887e+19,-6105.049612405447,-77282.92249958403,7365.953944436162
40,35,-5.821810201206956e+19,5.859245643399475e+19,-2.0392150207829918e+19,-121231.82128452124,24249.640210656402,-21940.384110094776
40,36,-1.5323502708568254e+19,3.202251335979625e+18,2.202476094308702e+18,-74481.96173575489,96006.86308273245,-133193.03251752432
40,37,-3.1079986474742554e+18,1.725991720767102e+19,-1.6953012620783903e+19,-88253.88076756614,43821.50612393409,-133704.98971403379
40,38,1.016207388842337e+18,-3.35460588456538e+19,-4.4653340559277066e+18,-4804.216959146663,197852.8916137099,-82923.40842014893
40,39,5.839929229611415e+18,-8.009633837733542e+19,1.0063060115644665e+20,-70740.42198707764,-62286.76954875312,71785.97798752737
40,40,-5.257944282611782e+19,1.7621290058842952e+19,2.8360567918044725e+19,96148.51144486039,-11466.399965282711,-5228.901585232737
40,41,5.368177231654434e+18,4.634497350845758e+18,-2.5593039130479596e+19,-124944.16694822477,-23180.272725121213,-47454.72466494572
40,42,5.82773297548419e+18,1.8816917542778802e+19,7.658416946182003e+18,4147.6236377301475,-80251.10351554744,31382.86850156993
40,43,-1.138493315665197e+19,-2.1405942906030506e+19,-4.283566017699749e+18,-4471.967187605535,-26074.18313448768,533.1927331062208
40,44,4.863820539883543e+19,-1.922897282825246e+18,1.746404627607591e+19,39596.06563667561,-32476.555730517215,93123.38324248162
40,45,-3.3579174399997157e+19,-1.0064565739666545e+19,-1.4997309168301527e+19,-112053.19928309557,54724.07758660778,-185549.32313042067
40,46,-4.475851056299925e+18,-1.952387671123078e+19,-3.2520646722186793e+19,-24236.025321757897,30673.263217043994,-35161.34433560466
40,47,1.6285186260141112e+18,-1.5567072989165064e+19,2.978939942999219e+19,118052.49056020888,12151.034383384225,-22767.925945914718
40,48,2.83769120818048e+19,-1.457449769892431e+19,1.4509120895516494e+19,116085.48817426692,-206951.8229391734,-38352.178801120914
40,49,1.938784075898066e+19,-3.3347516088219357e+19,-1.2412857432718182e+19,35.65462602401635,167011.66575617951,82442.1390676762
40,50,-2.5615738589676995e+19,2.9737964596152037e+19,1.825858424332227e+18,-107791.28173347587,1626.083482674777,18792.19702862634
40,51,-6.173215085721861e+18,2.1005915190243795e+19,-2.5965871795073245e+19,78314.372004888,-100100.93560475041,154808.23021906937
40,52,-1.3720231155007515e+19,3.2652399144701537e+18,-6.574843713781792e+18,158807.2654474266,87136.45624708277,-113901.75927339312
40,53,1.932111129130847e+19,7.300296453618325e+19,-5.9690352663034995e+19,-62032.497548850224,104820.0504816028,-114749.81459092158
40,54,1.846399425978065e+19,2.8719478060585837e+19,-9.733004346652778e+18,21666.11463491471,-110543.54518702634,183419.7139761161
40,55,2.7985100831386386e+19,-1.9794408863673336e+19,-2.7260015397557315e+18,-73155.60623677023,145250.60438763563,36712.48741829128
40,56,1.743265932845723e+19,2.046464018075973e+19,-1.4315631185376758e+19,-77821.22465893725,-79940.09042312184,-170807.46642386008
40,57,-1.9562981983344986e+18,-2.8960327157342147e+19,1.8483616286564643e+19,-146354.16005921105,-18264.099180136025,-94559.08228205894
40,58,-4.835417917987771e+19,2.4054028590914626e+19,2.1613878234926604e+19,11873.547384122088,82494.20051470598,-123000.75760807355
40,59,1.5014744696314593e+19,-2.8599764082231656e+19,-5.150284537892232e+18,-153744.58486093045,160051.77318736262,67934.46486930666
40,60,2.61332973733474e+19,2.8513271171063557e+18,-1.370098794210096e+18,-58195.41407289289,-8539.279874870617,26590.9453369656
40,61,-8.270737871998445e+18,3.077856895246236e+19,-7.850246362871416e+18,50714.94016303961,-59831.31321498152,198084.7914930843
40,62,4.75758162367544e+19,8.509417764822114e+18,-6.60971721325423e+18,-131718.5992012008,35512.23970294098,-26603.03083342512
40,63,-2.6943321988874207e+19,-6.570441272252659e+18,-1.3062930341423632e+19,129727.67649706657,189924.63663568618,157190.66255058072
50,0,-1.7630351096084692e+18,2.721039132511579e+19,8.313436281242244e+18,-172724.23797461396,-49121.61180919351,-86712.72068915945
50,1,1.5171319293544032e+19,1.5313496917412266e+19,1.0513304150414067e+17,-75524.3265608565,43372.53492230603,-149733.86059586794
50,2,-1.4622744941641611e+19,1.2118874272361296e+19,-2.1996835439836713e+18,36759.96935840439,-104449.92958316636,-61369.052056869834
50,3,-2.9459145149536993e+19,2.2927702636400366e+19,2.6757012111287165e+19,-259116.7268943372,-237957.9446404274,-95707.83555619282
50,4,-2.353686380517973e+18,3.5227119995182295e+18,7.9543428664194e+19,-114548.07674345709,-42363.447868558396,157555.54428256367
50,5,2.1000987759909634e+19,-1.4100539718279205e+19,-5.683353011084069e+19,-1181.2474459475202,30620.459795943832,-29803.321559906086
50,6,-1.4378214878030254e+18,-2.5434224980114895e+19,-6.966930722511928e+18,12711.912126216494,88507.75434672894,-42911.23410725983
50,7,2.949379115035076e+19,4.366244252027859e+18,-1.8191216866866911e+19,-8907.061899183165,-83159.23915226349,86921.69672374008
50,8,2.3498009807835185e+19,1.7403279536484524e+18,-3.1368371787468403e+19,-76475.05411483903,59358.039276858864,144397.51228865795
50,9,-3.2734118560037507e+19,1.1595932007354442e+19,-2.521264740828976e+19,8227.743907498096,52792.909077235,-77151.38876989244
50,10,4.027061917130019e+19,-5.160679425511111e+18,-1.6846748252125014e+19,-15436.134050697994,79596.55463604305,115897.48105057002
50,11,-3.4666069258221183e+19,-9.431622930154842e+17,-2.460738934899739e+19,198560.0159688627,48555.09205879146,-90428.76983465624
50,12,2.3223254193766363e+19,2.029267212557297e+19,-1.4464163077319844e+19,-119181.99324017501,-60666.24354875469,87903.89704320337
50,13,1.5119431875068609e+19,-1.90389697975454e+19,-9.37940510153328e+18,73879.37498185446,-195006.11108417207,-12267.204510800142
50,14,-3.309756990796657e+19,9.233502772564052e+18,-1.5214367719209773e+19,172732.38250520098,-17010.242185132673,44141.45202585145
50,15,2.5464186796659565e+19,-2.488955291363966e+19,-4.9712560253494305e+19,162997.74656496922,64761.01906231937,-9846.189993428421
50,16,-5.056510212516464e+18,1.7313983309950382e+19,2.333677688001693e+18,18218.79547312199,-133740.98128939822,-19739.342594039103
50,17,6.417842734848596e+17,4.991809780639935e+19,-2.543355097168578e+19,-256964.58220154385,2178.0939503666223,292969.5366299389
50,18,-4.0532692393928884e+19,1.3298252792004805e+19,-1.8168227965769615e+19,22700.78074227826,-95272.89879581297,132916.82600132347
50,19,6.053873374709845e+18,-1.0847002590219876e+19,-2.330499039627105e+19,-38648.45746236212,-45775.69294764266,69523.87993681504
50,20,-3.2419670201280668e+19,4.5719267335217996e+19,-5.20259825649065e+18,38104.43058029265,-35710.015924716274,-44670.586243472295
50,21,2.2375667046333923e+19,2.1388950431184102e+18,-3.7075517610725695e+19,150990.74292406157,-102109.4858710234,77806.09602906548
50,22,7.634487377848431e+19,-3.5969914031689257e+19,-1.0105482438176573e+19,101570.46560565074,-89994.62198200122,31722.50078564478
50,23,-5.748823541072296e+18,2.350360468831582e+19,3.0876279518618675e+17,-76136.06813330858,-132882.73034164117,113022.43638920345
50,24,5.574626055723981e+19,5.079406830589029e+18,-1.6035318681610717e+19,-123614.09561199968,-26806.549897435816,43487.00775280069
50,25,-2.6990567422863622e+17,-5.53071937088292e+19,3.095897844236792e+19,-72047.12849867635,20990.95908169909,47506.516303722936
50,26,3.696244381371171e+19,1.0041690456133245e+19,-3.378507762163982e+19,239827.46378057805,27285.090027197788,-11205.726619926858
50,27,-7.480368940975334e+17,-3.4241732334706823e+19,1.173451650002228e+19,-40193.28118703833,224916.36619206806,72095.51202870188
50,28,2.961343226804118e+18,-4.412104633617335e+19,2.310976246259085e+19,19983.103203704406,98306.58599924501,-170665.72692855616
50,29,5.528136138887195e+19,-3.171712537724535e+19,1.6917776624723824e+17,-111414.71400019378,32757.928543039692,-158120.26979323168
50,30,-3.2196487533284495e+19,-9.33808085959748e+18,7.891014143144695e+18,10772.978229408845,21776.03530812767,-136936.66980543014
50,31,-3.4061551747174162e+19,-9.786718783969989e+18,-1.0869687512570503e+19,101207.79220156153,99606.97508233809,-84590.65499702738
50,32,-1.3222381983458142e+19,-1.3193286540022026e+19,-1.3753386674697568e+19,-35322.20506183429,-90346.6030726752,119230.46084370246
50,33,-2.3747477890191327e+19,-5.432199851960982e+18,1.1516685705276396e+19,12447.224213380066,-209809.19454714438,-69940.50033001334
50,34,-4.7285980988150596e+19,2.019216491298433e+19,-2.2000111619331817e+19,21789.617259134262,-95785.48518259623,20350.28487501958
50,35,-6.006931593621483e+19,5.890971543457615e+19,-2.0714708371448537e+19,-113434.69166324729,16030.249520934392,-18966.867138860485
50,36,-1.6421664497446824e+19,4.822030337329545e+18,-1.2056791649872858e+17,-63384.21914166587,110436.23505529016,-161274.2310042828
50,37,-4.5167832212233185e+18,1.7884505860106402e+19,-1.900923706522153e+19,-90350.21938185174,35731.657001524545,-129892.55123496128
50,38,9.000649374958491e+17,-3.0046482104590295e+19,-5.797519959138282e+18,-11205.851707075739,248383.84731732373,-86328.33245698677
50,39,4.722758788598995e+18,-8.10590575318159e+19,1.0173701878382821e+20,-70857.7079840122,-59748.304516463235,68471.53335789028
50,40,-5.092853999680326e+19,1.7500831964020781e+19,2.8120309528560964e+19,112581.82362480422,-4157.588318219893,-25031.885975670502
50,41,3.390432571348278e+18,4.2850782993630413e+18,-2.6189490311420465e+19,-125942.85320215605,-20833.9563183058,-27637.05564379544
50,42,5.788006856800474e+18,1.7537071304196153e+19,7.965819541737359e+18,-9327.151867052773,-82461.36427238987,6689.374622683375
50,43,-1.132781730076773e+19,-2.1701849077229597e+19,-4.3296799293675694e+18,12158.131558732654,-10944.005384071137,-6624.215909436131
50,44,4.915686666616874e+19,-2.4472915154975857e+18,1.8834838813639803e+19,26178.512113297606,-34004.82065814945,80638.04406033226
50,45,-3.5142186405717496e+19,-9.014629938830785e+18,-1.764736151261955e+19,-85476.7528144798,78256.69653769437,-151697.80742534625
50,46,-4.8292063597488e+18,-1.8937354641366274e+19,-3.2920648702114832e+19,-20535.157330680027,43708.10421000876,-15375.169277404666
50,47,3.4795527407569357e+18,-1.5362196868014565e+19,2.9284131572750025e+19,116409.63199066868,13831.120694921865,-41386.88349855745
50,48,3.011504828967936e+19,-1.7801319030322004e+19,1.3778539768928305e+19,104034.83810508176,-201774.56375447457,-54291.01189101697
50,49,1.92615880942267e+19,-3.0500197797512008e+19,-1.0995528450589262e+19,-16576.39476789434,194206.05342096483,96732.40183994111
50,50,-2.722189411423605e+19,2.96376370599437e+19,2.0662489983137544e+18,-95840.31166622306,-14274.546297628549,11642.812529912964
50,51,-4.867429967975882e+18,1.9249542928024814e+19,-2.3198494556526207e+19,87321.15792750516,-124874.02669670741,202566.9432100444
50,52,-1.123430520895628e+19,4.708832535053195e+18,-8.284726122232046e+18,154912.95014354153,96250.64874508367,-102331.15648097104
50,53,1.8329593471492375e+19,7.460866744994007e+19,-6.146427133009632e+19,-63618.10890441324,98754.28156020174,-110130.2914556907
50,54,1.86977198749595e+19,2.6710991716809556e+19,-6.88296222529244e+18,7524.047647832653,-143389.77422108184,177687.0028222495
50,55,2.6693417216648745e+19,-1.7428173492516231e+19,-2.192934214732018e+18,-90646.91055655807,154440.9830532359,30615.205765304796
50,56,1.6179478283322165e+19,1.9092376294111412e+19,-1.6930618620175403e+19,-81023.29544484128,-94455.281448838,-159564.98222739
50,57,-4.2143751307354015e+18,-2.9209703040099385e+19,1.6858554362657722e+19,-138611.88533735403,-13966.578673802993,-112411.56161118583
50,58,-4.809355022162622e+19,2.5259596872761524e+19,1.9658211691443007e+19,21864.60763502003,70451.69680629103,-125136.50522499712
50,59,1.2520240865056651e+19,-2.5927857001802613e+19,-4.130596032059676e+18,-162381.52918067665,179192.2043175959,60530.86879922384
50,60,2.510614355412433e+19,2.734890865139715e+18,-1.0579349954385902e+18,-71881.39843819516,-6310.970037586239,12553.103089992353
50,61,-7.433753563109595e+18,2.9567106069975888e+19,-4.656577133432728e+18,55249.01359411825,-94410.5422288532,206599.75122197566
50,62,4.535181118001748e+19,8.994859801103006e+18,-7.108848985562574e+18,-150409.41291491597,25578.59007538891,-36880.9001781139
50,63,-2.4868204482609025e+19,-3.5281939405348285e+18,-1.0543485439844819e+19,134416.22439273942,195749.44290768783,161322.2125603266
60,0,-4.523217745337514e+18,2.619437504084982e+19,6.735972591867886e+18,-177175.23846269638,-80280.03192542764,-114108.19906302584
60,1,1.3855162452579662e+19,1.59453938255894e+19,-2.351867093319752e+18,-90862.38437140382,36512.2531613455,-161511.90827028264
60,2,-1.396864108616191e+19,1.0288267433726022e+19,-3.243164443410955e+18,43628.00868132067,-128961.3386852826,-71644.72291510348
60,3,-3.3535823604214202e+19,1.913010640225476e+19,2.510241171248329e+19,-257878.86114089942,-242818.4518642138,-114091.91325733518
60,4,-4.161578990911085e+18,2.8498871308549816e+18,8.196541459575644e+19,-114578.75075535318,-42899.402089897456,149496.36775430173
60,5,2.096405461069542e+19,-1.3595289900072913e+19,-5.716344729729139e+19,-3465.430710266771,33441.41087943706,-12070.148518139378
60,6,-1.1910240328088225e+18,-2.39329856697576e+19,-7.585300057502448e+18,19841.38873448026,101398.69897628353,-34846.17411570635
60,7,2.927849971647207e+19,3.024561073781084e+18,-1.6801138352369132e+19,-18156.630502222582,-86727.9461159566,89560.58487932781
60,8,2.226947297281713e+19,2.6963548914034785e+18,-2.8967139438466163e+19,-78988.5058359852,61059.415723572536,160824.08259937825
60,9,-3.2549719286863753e+19,1.2305896280934986e+19,-2.6176551672022655e+19,16429.500696883286,36738.72868802659,-45374.049724127566
60,10,3.985834129258853e+19,-3.7984192433617597e+18,-1.498948673246631e+19,-37227.21853947024,93307.55404165568,119315.66305876742
60,11,-3.1398720503712936e+19,-1.1428841317909115e+17,-2.5814765731596284e+19,215004.7748528458,56341.90417293561,-62189.88943278379
60,12,2.1106494055880585e+19,1.915900256076334e+19,-1.3070092493594806e+19,-148097.71272506716,-83172.26469140043,88815.47332803956
60,13,1.6168002621011606e+19,-2.2124567915897037e+19,-9.460403220721723e+18,58317.466953015966,-195125.22796443198,2721.8361363803115
60,14,-3.0301194215093527e+19,8.898796143080175e+18,-1.4515315146352974e+19,182599.10762312126,-26278.72671060211,45895.21627377126
60,15,2.7976413882146456e+19,-2.3761802791663395e+19,-4.978294708707076e+19,155209.75293790863,77949.86967798263,973.0074357923038
60,16,-4.804035333575572e+18,1.5225209625895262e+19,1.8925007907209754e+18,12766.602630162584,-130572.25368004959,-36371.48926687519
60,17,-3.4246928598516644e+18,4.98122535465994e+19,-2.0756425581420618e+19,-258453.06123920606,-15916.091461063652,299724.42152298056
60,18,-3.994965082232095e+19,1.1714102262063053e+19,-1.6028412840573106e+19,51607.97182995622,-104965.64179338716,137861.27996839967
60,19,5.404672808068156e+18,-1.1497369981210853e+19,-2.2091267980854882e+19,-43826.26995288593,-36542.90003508053,84572.67623732057
60,20,-3.175240146373403e+19,4.4996043105681244e+19,-5.892444191162608e+18,46452.42086822327,-56158.527053894744,-42633.23581370844
60,21,2.473006600133575e+19,5.544684458174721e+17,-3.5445306698630844e+19,144626.9915441937,-97005.70346663886,126898.52979745707
60,22,7.785707833291049e+19,-3.7346978141383926e+19,-9.594430262269321e+18,90237.07648525508,-84577.67076533758,32932.597194675036
60,23,-6.883989300676522e+18,2.1190245035031695e+19,2.1011079568525348e+18,-66198.89060181714,-158230.18828762465,112938.01183507241
60,24,5.357335192064795e+19,4.627055229899673e+18,-1.5313948517745955e+19,-152391.94551030584,-30563.33123776709,47785.52731352378
60,25,-1.3874891694072758e+18,-5.484019996364266e+19,3.161380075314789e+19,-69655.2931100947,37694.661889154726,35694.21267775555
60,26,4.060306757526874e+19,1.0391929912759503e+19,-3.380946312036158e+19,221869.7483306593,17418.963810356414,7824.858228627516
60,27,-1.4134026852227302e+18,-3.0526287925548933e+19,1.2859508633640616e+19,-46193.36595820327,245311.19320043974,70122.83468176344
60,28,3.255886180193048e+18,-4.243220058548766e+19,2.0324366350740742e+19,17228.4633195532,116338.29626068368,-182415.0629258679
60,29,5.344410723853001e+19,-3.1132879499866493e+19,-2.352743994680491e+18,-121676.50065754312,41454.42535961132,-161298.06874502025
60,30,-3.186799140751697e+19,-8.899272747783702e+18,5.592879433687675e+18,31385.57930393382,34120.99426229336,-154418.7468387865
60,31,-3.2237549697925603e+19,-8.027395692399419e+18,-1.2214760925699144e+19,129461.15733176192,123253.72792461822,-84823.7456233047
60,32,-1.3732119871929485e+19,-1.450753630821145e+19,-1.176764681476704e+19,-28229.9368581723,-76300.11451722811,132409.78941037902
60,33,-2.3533326994581955e+19,-8.695779875861063e+18,1.0199553771576494e+19,14674.890863047385,-202717.10738918724,-97332.08281712086
60,34,-4.672180069969235e+19,1.8548638863104418e+19,-2.1566362150665322e+19,49768.03262889178,-112158.49059765629,34811.50388384517
60,35,-6.179839903139771e+19,5.910024706993756e+19,-2.0991340934916116e+19,-105747.03669870371,8178.694071569158,-16116.857744183919
60,36,-1.7262783173751284e+19,6.727600555965726e+18,-2.8838757312833224e+18,-39774.44493042906,131741.5117791472,-188380.34766287767
60,37,-5.832688364914689e+18,1.8350254009504131e+19,-2.1124739629142196e+19,-68498.89145655064,16701.196766994268,-126740.36814591367
60,38,5.769881306821567e+17,-2.560651510835997e+19,-7.199960143104484e+18,-35199.8902207503,317160.6378471323,-91331.32424524808
60,39,3.6040005897739663e+18,-8.198209230470672e+19,1.0279188783401597e+20,-70942.22067638699,-57256.10425037944,65251.086663269445
60,40,-4.903532459203996e+19,1.747991387701181e+19,2.757506478219194e+19,127329.4539915841,1191.4246834386115,-44007.20665491775
60,41,1.3883938919358986e+18,3.986282729267476e+18,-2.6447043284651803e+19,-127951.29698898084,-16741.26110938547,-4325.423308777061
60,42,5.52705245656016e+18,1.6203161618506662e+19,7.847927463146213e+18,-24019.345422658418,-86914.912503501,-22183.122729937324
60,43,-1.0987884412653713e+19,-2.173284297405736e+19,-4.5005177994939515e+18,31328.140972081004,7768.152279085241,-15306.183888646894
60,44,4.946517058266043e+19,-2.995876428187073e+18,2.000908086775929e+19,12919.306998797665,-35509.26972026059,68208.69474246605
60,45,-3.624091787293649e+19,-7.591625372996388e+18,-1.9835711406148026e+19,-52738.13789094171,102019.56428539407,-126978.2014821372
60,46,-5.123566323926825e+18,-1.8142489217483117e+19,-3.300039113902161e+19,-16773.535937538825,57143.40903675785,5465.992652357828
60,47,5.297221405540235e+18,-1.5130027388301718e+19,2.847878601862822e+19,113813.07668424689,15620.998476908619,-60883.20973993933
60,48,3.165440253371759e+19,-2.0930987584700326e+19,1.279742851136813e+19,90942.56947318363,-194521.6944200519,-69911.36568301084
60,49,1.8842919255600673e+19,-2.7192826852633014e+19,-9.374906713574322e+18,-37805.47886323847,226897.3799398904,108068.93054862319
60,50,-2.864052758948633e+19,2.9287868510418862e+19,2.1922000455580365e+18,-83946.59826424674,-30096.868164394407,4285.31495390495
60,51,-3.6630514161096e+18,1.708686184647864e+19,-1.940483895666452e+19,49796.76735252569,-138109.3349536119,256922.68406111613
60,52,-8.868717652335907e+18,6.310520138556847e+18,-9.788241246417002e+18,143937.06186119322,106759.39159143106,-87730.66621866448
60,53,1.7314217662469716e+19,7.612073512062645e+19,-6.316668885708621e+19,-65061.164786946385,92942.97372341652,-105681.58915049548
60,54,1.8680985425981567e+19,2.4192439238568727e+19,-4.1266639155487575e+18,-10771.897268212793,-176533.43083090498,171343.3654916963
60,55,2.512545462908542e+19,-1.493105886030361e+19,-1.7705580496477612e+18,-107958.7659076926,161762.19540024057,22498.386347578693
60,56,1.4862085081393353e+19,1.7473339042287032e+19,-1.9324720198243537e+19,-86629.05937158015,-111042.4300453094,-143247.2832586881
60,57,-6.263889684405527e+18,-2.9411017816195457e+19,1.4904414865109453e+19,-117892.44146816908,-10776.936946793789,-135705.67074154242
60,58,-4.764620512028865e+19,2.6279417700959457e+19,1.7657456416694444e+19,35325.11595419828,58805.021251490485,-128694.30276611609
60,59,9.899924319265333e+18,-2.2949906794846233e+19,-3.2724347217887636e+18,-169681.14048272526,197047.20619352724,47498.83700096992
60,60,2.3867923492599693e+19,2.6484069057291325e+18,-9.868734606660296e+17,-84990.13412995616,-4806.071162190573,-3960.0250372263736
60,61,-6.529474045409305e+18,2.7774534628889706e+19,-1.3224397762124165e+18,59342.05753671676,-133799.1485186595,217031.80339103783
60,62,4.282165235938887e+19,9.299871322716731e+18,-7.780368130223794e+18,-170558.29568242657,12397.919715826301,-48448.11591113152
60,63,-2.2666758441418916e+19,-3.784377295758558e+17,-7.989429767089737e+18,145923.59754423655,204544.45738083462,162050.61588061898
70,0,-7.338942735481505e+18,2.4654304387320988e+19,4.668728295887988e+18,-177111.9577360154,-115425.41579176315,-149658.69483451138
70,1,1.232335274904327e+19,1.6454297926136308e+19,-4.978919563616935e+18,-102668.05048100442,27067.743294689164,-170782.6649027648
70,2,-1.3374089679276188e+19,8.080930716280293e+18,-4.5153988126394506e+18,28099.0812289692,-146373.04153846178,-91798.53951818019
70,3,-3.760806494988216e+19,1.5289132827324019e+19,2.3161088956125626e+19,-258739.71761501516,-242887.31009028235,-131410.05357871603
70,4,-5.968714245757868e+18,2.1694778914984425e+18,8.426290224665113e+19,-114455.1598275007,-43326.24273535479,141769.00680248823
70,5,2.089196734540448e+19,-1.3044303393399644e+19,-5.721598571940934e+19,-5683.943787025147,36434.01416856911,5368.14653965596
70,6,-7.792304655462666e+17,-2.2174582608538636e+19,-8.061194953654988e+18,30947.415513023643,126618.81416492206,-25849.052328326925
70,7,2.8930343561213923e+19,1.6393653987898035e+18,-1.5355056612441264e+19,-25570.415408035682,-88311.16940111296,94112.22116505649
70,8,2.099927686482104e+19,3.657528155550937e+18,-2.6261962296638358e+19,-82579.43712196329,60773.085231127305,182922.31191842403
70,9,-3.2181234072455987e+19,1.2748493859838222e+19,-2.665590899308116e+19,31250.76360358279,19324.501210842704,-15707.211915597622
70,10,3.908003979031935e+19,-2.2081542729381512e+18,-1.3089913474625036e+19,-62061.07285541623,108540.9139250266,121071.59351069893
70,11,-2.7893193354036298e+19,8.293722226898138e+17,-2.65586840417001e+19,229129.2896643952,63083.59774375409,-31725.198901516
70,12,1.856703830826864e+19,1.7662564346658576e+19,-1.1638967356582035e+19,-174038.5294476618,-106706.33425556417,93833.9099049808
70,13,1.7040598267731216e+19,-2.5163784811954786e+19,-9.264980702901934e+18,54949.76246427008,-181992.43967881415,25227.156820686978
70,14,-2.729653710104143e+19,8.38448490467664e+18,-1.3721943924958388e+19,199827.61982868632,-39243.34354053374,56101.137782205245
70,15,3.0356516893638492e+19,-2.243699555382782e+19,-4.967982772464572e+19,146320.1418213773,89732.33251406475,12177.316540191634
70,16,-4.680407728676419e+18,1.3196127886572427e+19,1.1771612357064384e+18,2258.9907258428793,-126856.5702049697,-54755.476095451886
70,17,-7.514358730893237e+18,4.940592228707332e+19,-1.5980258795005934e+19,-259948.85011231847,-35918.91057189233,305462.11011902173
70,18,-3.889243524456906e+19,1.0000387306648912e+19,-1.3826683011128455e+19,82802.42135286125,-111850.61984541251,141011.2839746933
70,19,4.664376240765883e+18,-1.1995753762795911e+19,-2.062480143404745e+19,-50259.24451712215,-26454.942002416246,101817.83781882621
70,20,-3.095404193748689e+19,4.394064889433707e+19,-6.544055747292985e+18,54749.093858726774,-77837.28414284684,-39838.31236350077
70,21,2.689905405918546e+19,-9.019004947031005e+17,-3.3143546941466894e+19,129961.3968446388,-87575.4238035881,163022.44328451465
70,22,7.919675523205269e+19,-3.86399878333979e+19,-9.069331624331686e+18,79707.90629331536,-79352.04422737849,33542.623620149425
70,23,-7.807625777937129e+18,1.8612137881659208e+19,3.8003049894606346e+18,-50992.573568406995,-164842.18455958384,98496.03341386607
70,24,5.0916304546384536e+19,4.113348720655543e+18,-1.4531881119574493e+19,-185193.50699911392,-34620.21799412825,51235.39206964901
70,25,-2.469384811627079e+18,-5.41292403626996e+19,3.209092968844584e+19,-67513.77286430688,52139.62088411858,24937.106506246557
70,26,4.396893527403645e+19,1.059817660824884e+19,-3.3545950104222986e+19,204834.82364209136,8886.840388294408,25338.993218489763
70,27,-2.2445222017945293e+18,-2.6561828836101034e+19,1.3889306929223207e+19,-58087.330829250895,255161.93834494342,57763.19034363356
70,28,3.5019055657040865e+18,-4.043460493224624e+19,1.7354380097082941e+19,13879.526044308928,137262.9699607773,-193964.2739810846
70,29,5.143445737681251e+19,-3.0403736808356418e+19,-4.913552374835215e+18,-133291.5308004185,51141.589124703314,-163043.5433179967
70,30,-3.1190245131393008e+19,-8.251548109523608e+18,3.0179222413300654e+18,55011.412362987496,48342.53524311436,-171889.0307083298
70,31,-2.998835138650141e+19,-5.900076497586658e+18,-1.3520481408764901e+19,155364.3179828738,146389.76908397328,-79995.25996567933
70,32,-1.4073060870958508e+19,-1.5608271128327135e+19,-9.577529037837621e+18,-13362.789315576016,-63555.42679501331,145033.611817622
70,33,-2.326878082084493e+19,-1.1791235663310363e+19,8.443517697189021e+18,19850.6032087719,-188498.68511819094,-124982.07542801951
70,34,-4.571236214466543e+19,1.6664288323215186e+19,-2.089752304815045e+19,78342.67026317967,-126312.53170318404,50056.210234028054
70,35,-6.340687103771076e+19,5.916950107705568e+19,-2.1223903006852952e+19,-98142.41933728155,651.0857022488111,-13379.410859962365
70,36,-1.7539452319341271e+19,8.849388191003375e+18,-5.980179375530062e+18,6310.3694676410005,126175.30181376626,-198434.09933679394
70,37,-6.773983320430999e+18,1.8371897968922536e+19,-2.280093027886636e+19,-54415.81861092218,-12403.39070608306,-87839.47410739219
70,38,-3.656458219788677e+17,-2.02965782993014e+19,-8.580732401607559e+18,-78380.6413390807,332254.536542673,-76827.15902587342
70,39,2.4841474746500726e+18,-8.286614681020632e+19,1.0379664589934579e+20,-70996.97237411907,-54806.943665381594,62118.87405261316
70,40,-4.690491734988788e+19,1.7527532365744284e+19,2.672977057951581e+19,143113.638491412,4339.516551112479,-63397.12636462003
70,41,-6.499313073212973e+17,3.76457855134535e+18,-2.6303469232533357e+19,-130458.4754326288,-11135.466176583699,23276.839031639796
70,42,5.020321333352858e+18,1.478585214890835e+19,7.251788398903117e+18,-40563.973087802486,-92999.52680128811,-53780.8088276083
70,43,-1.0330550442235263e+19,-2.142682099606707e+19,-4.821349992887143e+18,52059.2476513437,32272.647543317038,-25606.683100647904
70,44,4.9564868183750345e+19,-3.5668399923750994e+18,2.0987585880270275e+19,-283.40103649587604,-36815.96536563034,55826.12642684761
70,45,-3.6788922192299704e+19,-5.806903944309747e+18,-2.1675872799095267e+19,-16606.992269726616,123636.83868169412,-106468.75093878011
70,46,-5.358788953201154e+18,-1.7129737763987888e+19,-3.2741162200999444e+19,-13061.069373987793,71412.85557978325,27657.190048406817
70,47,7.065079538748487e+18,-1.4868101904125438e+19,2.7355609859299906e+19,110025.75387734985,17638.70885212855,-81757.02779871701
70,48,3.298284867872719e+19,-2.3928442187442758e+19,1.1579063308366418e+19,77437.1032448291,-185072.874776901,-84274.61444081808
70,49,1.7961477718836013e+19,-2.3288119916730348e+19,-7.665493042599637e+18,-76234.64524228124,259972.08916378915,102755.24700484697
70,50,-2.9868915343243112e+19,2.8685502542123545e+19,2.2003347826745697e+18,-71640.8333404449,-46361.0556276433,-3291.067531542964
70,51,-3.124087370284898e+18,1.491212201478128e+19,-1.5455447101485775e+19,24517.45197867826,-142827.39849788,249502.16536791908
70,52,-6.710515550240911e+18,8.068952601943425e+18,-1.104519609278014e+19,129630.67463205183,115787.91963842018,-71833.13888609591
70,53,1.6277035740684272e+19,7.754281444781274e+19,-6.480006765332061e+19,-66385.56898851569,87341.28367234221,-101374.9308585362
70,54,1.8307895132006482e+19,2.1120999413680386e+19,-1.515272913328822e+18,-38069.80870676978,-212394.47687983103,157326.33609051356
70,55,2.3291046997737853e+19,-1.2326128066239877e+19,-1.4966027117780145e+18,-124477.23815915128,168584.57825104217,11759.82109196001
70,56,1.3427893701675723e+19,1.5579844148863967e+19,-2.1434238246436143e+19,-95525.79003086746,-129237.65487567199,-123578.50009479624
70,57,-7.866206698768144e+18,-2.9468028567495455e+19,1.2617804657887998e+19,-85972.91184219219,6533.8081494584085,-151899.85321358748
70,58,-4.696656906548335e+19,2.7113157910158238e+19,1.5589813096798112e+19,51140.240954823676,46765.02939097578,-133633.29535766362
70,59,7.13997579248209e+18,-1.9748150361699623e+19,-2.637820302898026e+18,-181451.31902871266,208086.21276123775,32677.487781399694
70,60,2.2425460025436635e+19,2.5774875729529e+18,-1.1951014382532388e+18,-97834.55246252549,-4402.339551423168,-22809.644762922715
70,61,-5.594298509076998e+18,2.5297499685141885e+19,2.2922959220281856e+18,52642.83858420035,-182513.8140290846,246523.04943502272
70,62,3.9961142664882725e+19,9.358939183469505e+18,-8.643024690647409e+18,-192276.09611434487,-6061.489495652566,-60991.227929847075
70,63,-2.0207022154534076e+19,2.987698732916498e+18,-5.447399600455619e+18,168544.34012485002,225118.4976500049,158462.85237352728
80,0,-9.976712713234362e+18,2.2523117081015947e+19,2.1234132837164398e+18,-158287.1810801246,-155962.61074266146,-167949.08761837977
80,1,1.0624258195102853e+19,1.6747242044553263e+19,-7.727217216391476e+18,-112486.1292360077,7801.873515546995,-177439.45959470127
80,2,-1.3151768018639096e+19,5.797255179205404e+18,-6.104169489796834e+18,-1659.3511988074094,-137910.41651153675,-103311.47495750865
80,3,-4.170062526515033e+19,1.1523453913302333e+19,2.0992625041779773e+19,-258395.8921329346,-232005.05366677564,-142000.31213004366
80,4,-7.772790474584259e+18,1.4831401674761738e+18,8.64408566764181e+19,-114193.41902772992,-43652.180707516,134339.98167307652
80,5,2.0783655746222977e+19,-1.2444260582615652e+19,-5.699496989121329e+19,-8098.060445914899,39667.21903981166,22630.93846862486
80,6,-2.8952278153838874e+17,-1.9868340562092073e+19,-8.380645241767772e+18,29726.973323637998,165406.71276769575,-13167.257377225002
80,7,2.8485553526863356e+19,2.6379460022448154e+17,-1.3817610926444196e+19,-30365.976287224254,-84798.01016897534,101244.98592517401
80,8,1.9638281708322685e+19,4.618670170877951e+18,-2.317770978707831e+19,-90984.22171520199,61241.233786119636,208207.76273995565
80,9,-3.153727933361805e+19,1.291803005198497e+19,-2.6679008411001594e+19,51138.28594248014,2302.896763112805,12671.705410088294
80,10,3.787636757320472e+19,-3.648530911315684e+17,-1.1186583054446887e+19,-91402.64275440996,125322.80828805911,119307.92469137558
80,11,-2.416844391351836e+19,1.870796693978147e+18,-2.6801450350854324e+19,243142.22643695856,68744.49222969303,1573.2170154915987
80,12,1.556333247736094e+19,1.5793840801955852e+19,-1.0064726937096245e+19,-210230.12274029545,-129189.17887843793,106697.32416371939
80,13,1.7801969844897792e+19,-2.7696722503327756e+19,-8.732707954267465e+18,40662.44411788929,-142081.04843156494,39077.964010014
80,14,-2.3937580964127937e+19,7.664300173151519e+18,-1.2704554729726208e+19,228131.18498206846,-51345.46591228039,73859.20764169224
80,15,3.259000531804081e+19,-2.0937248904687985e+19,-4.939595943012334e+19,136671.89307877806,100137.61191713964,23897.628254018313
80,16,-4.746818139077792e+18,1.1208826541664858e+19,1.4188982596316424e+17,-11137.12471106438,-125519.61988262911,-77550.97201362363
80,17,-1.1630401696931398e+19,4.8667770948525335e+19,-1.1124342318094852e+19,-261912.3982334206,-58045.466788264064,309725.6190826078
80,18,-3.73220528077565e+19,8.195378840453003e+18,-1.1584822200591464e+19,116798.89422104118,-116591.2429683753,142876.55658926468
80,19,3.8083972927542385e+18,-1.2325668160433603e+19,-1.885615827981461e+19,-58693.63238865458,-15086.566962891511,123336.89833994287
80,20,-3.0023580759809057e+19,4.2532378592760726e+19,-7.146086339904954e+18,63258.3990796475,-100918.67690251964,-36356.0087067311
80,21,2.8829059345749524e+19,-2.2125804780188165e+18,-3.0334007124054946e+19,114622.74028123125,-78634.17375202983,192582.21724986506
80,22,8.037651851625241e+19,-3.985236841618528e+19,-8.537895356772806e+18,69954.12495561456,-74361.28184349608,33768.24342436424
80,23,-8.525153909306671e+18,1.6041846449501055e+19,5.06911189408524e+18,-41127.976028612204,-161711.46439084096,58681.42976764454
80,24,4.769918395720349e+19,3.53194635652339e+18,-1.369708127440439e+19,-223803.30220750874,-39152.73704582748,54753.012937121974
80,25,-3.518899434114816e+18,-5.320140938853989e+19,3.24046312715654e+19,-65533.36603947097,65300.53401083078,14925.868208481757
80,26,4.706718985690113e+19,1.0676527341406396e+19,-3.301757532802705e+19,187823.20171850087,1166.0683455279031,41342.03702366345
80,27,-3.183810423868079e+18,-2.2488612464351994e+19,1.4632019714288261e+19,-59314.57859241839,261624.1598974457,35587.99090984961
80,28,3.692332319262081e+18,-3.809020300726909e+19,1.4205018726805946e+19,10223.22107067178,160200.9777476168,-205210.64122931598
80,29,4.923037664219486e+19,-2.951365997320552e+19,-7.49026279484772e+18,-146318.05673748054,61844.815535683054,-163300.89117990105
80,30,-3.0117840399325508e+19,-7.361487655613103e+18,1.7259018641097203e+17,81368.61487344676,64916.09316910327,-188605.01191268765
80,31,-2.7337790106249052e+19,-3.4036556159191946e+18,-1.4719523898197561e+19,180718.3781361215,170280.33989023423,-71283.83881748261
80,32,-1.4091757004637913e+19,-1.6521972560458797e+19,-7.202950494869593e+18,13419.126406776672,-52317.33953214557,155090.9757961797
80,33,-2.2867502687425516e+19,-1.461888579997845e+19,6.270389004175321e+18,32457.39125747729,-169377.54176872654,-149889.3320806279
80,34,-4.424233780252897e+19,1.4573834619193561e+19,-1.99847958236826e+19,108297.76175967832,-138293.7137930532,65672.8471889132
80,35,-6.4895834716637274e+19,5.912228465319209e+19,-2.141411994827077e+19,-90594.93999683078,-6589.88766323836,-10749.181153586373
80,36,-1.7145538374528113e+19,1.0458595176154569e+19,-8.953170421705412e+18,41127.285299134826,77718.97919339602,-174310.26198908078
80,37,-7.58941333934325e+18,1.7973416972173523e+19,-2.3931086074127675e+19,-49353.743199805846,-38197.548099280975,-55610.23548608181
80,38,-1.5952576545659195e+18,-1.5399419153333875e+19,-9.54405376100915e+18,-73979.78294272326,292524.5730508937,-46055.783241930934
80,39,1.3636475614972452e+18,-8.371187690801154e+19,1.0475264025132625e+20,-71024.62917332533,-52397.9297342096,59069.21581114128
80,40,-4.450921165178388e+19,1.7589034075447611e+19,2.5557337131997217e+19,160175.6994278694,2238.2427726632977,-85865.51953996294
80,41,-2.729742513874272e+18,3.64186765453378e+18,-2.568980870990394e+19,-133218.52801757885,-4167.748010778584,55218.46698184174
80,42,4.2347093233698555e+18,1.3259699619217768e+19,6.13873642399591e+18,-59478.58112783118,-100771.64575147626,-87706.54198520377
80,43,-9.354574543531872e+18,-2.0667646904924115e+19,-5.309882518383409e+18,70894.14541343585,65639.93460748701,-35933.6975465766
80,44,4.945584229235281e+19,-4.1560139864029143e+18,2.177099906503971e+19,-13560.25433447519,-37800.56257752405,43477.95979104354
80,45,-3.676959307659269e+19,-3.7081088595321457e+18,-2.3192946565768413e+19,18782.057284634448,141805.62173001398,-85561.6652667992
80,46,-5.536742757973201e+18,-1.5881324806604048e+19,-3.211797383249951e+19,-9541.363200520249,87140.35321793024,51706.0465748922
80,47,8.760480211668003e+18,-1.457020870814863e+19,2.58895010536399e+19,104533.84665011671,20282.876573792877,-104390.86817856904
80,48,3.409929253264295e+19,-2.676203975933522e+19,1.0144986874091348e+19,64135.09684011795,-173811.24769175405,-97291.60437456274
80,49,1.6581744185282759e+19,-1.917391522082281e+19,-6.101018470082925e+18,-96974.69192606371,265298.1773922371,98064.52328647807
80,50,-3.089659587557366e+19,2.7821220756338524e+19,2.087506573533003e+18,-58432.51562608464,-63300.405701030184,-11016.929562406462
80,51,-2.885057298880841e+18,1.2438608101147159e+19,-1.1406414261300808e+19,1685.4510479994744,-176257.45662373857,263813.368964896
80,52,-4.73700430614007e+18,9.987399456862552e+18,-1.2074213489876005e+19,124038.57088852358,130040.74617357706,-57529.88940589915
80,53,1.521977603588692e+19,7.887792207146013e+19,-6.636644739586646e+19,-67608.44498308822,81913.77499986553,-97185.351864123
80,54,1.747076578520512e+19,1.7539874853063043e+19,7.778868358935498e+17,-67291.04448965394,-239780.0907847336,132553.80961884497
80,55,2.1196201531816694e+19,-9.60009439933864e+18,-1.4151379147698468e+18,-141180.41307315437,177419.9813865668,-2009.8548227725112
80,56,1.1844499945473188e+19,1.3386890701819589e+19,-2.3202794394707554e+19,-105035.49490025663,-148897.94927979595,-99616.72230145182
80,57,-9.039843312932588e+18,-2.9166125320019235e+19,1.0139648369042366e+19,-64374.988350880085,31958.70755621317,-162364.52669168415
80,58,-4.602364550583598e+19,2.7752018550313017e+19,1.343177985504427e+19,68669.65072300218,34124.297135892055,-140208.14346569078
80,59,4.1425743993956936e+18,-1.639649888816061e+19,-2.2662563112793247e+18,-199006.33284481207,216280.11527722146,13085.157185281656
80,60,2.0779396829660516e+19,2.50174569695244e+18,-1.7171000241023142e+18,-110904.32604486281,-5489.979204115612,-43639.96124044053
80,61,-5.218045202107446e+18,2.2040499565256696e+19,6.138191611636206e+18,184.57724455170046,-226767.93130167192,225061.07336809923
80,62,3.6748207227742507e+19,9.06182313424326e+18,-9.70265002073187e+18,-214995.73598983648,-33578.71905178538,-72936.25305102243
80,63,-1.7232436098225e+19,6.768456089934421e+18,-3.1305951417063644e+18,211750.9491078916,249705.52132624638,127829.75787233445
90,0,-1.2393728456269165e+19,1.9704107797624603e+19,-6.319171052564704e+17,-148460.6997173826,-203568.95272679187,-182500.6387195881
90,1,8.779361682233139e+18,1.6615621630187612e+19,-1.0545875317413347e+19,-122397.14604082952,-27266.372597671485,-177260.1422744056
90,2,-1.326879624831887e+19,3.910196621318384e+18,-7.653816169715438e+18,-6717.084506187344,-100944.85481107462,-95386.66727345124
90,3,-4.567236698488664e+19,7.992500674226866e+18,1.8688270941960757e+19,-242831.9605479104,-216590.0352675516,-150753.77381609692
90,4,-9.571730646118408e+18,7.924039204257352e+17,8.850375717266404e+19,-113806.03391231014,-43885.22250429925,127181.54111279993
90,5,2.0634254594122478e+19,-1.1791078170990596e+19,-5.6501701059891315e+19,-10924.93818120408,43173.18129619067,39916.30920077726
90,6,1.2133194180394072e+17,-1.6957671231025766e+19,-8.435370690330828e+18,20759.147667075315,203779.5974846281,7160.508182582382
90,7,2.7979428764560024e+19,-9.83974222272474e+17,-1.2147551652540054e+19,-33918.22413210256,-71185.71152391407,110624.2387550557
90,8,1.8091961266813848e+19,5.589902189649858e+18,-1.969760674569605e+19,-106125.21965606617,61470.17287446568,232413.3355965063
90,9,-3.0545277129427698e+19,1.2825376902337425e+19,-2.625556707674114e+19,75322.21236037507,-13945.635001903187,41142.7241437029
90,10,3.6163789003649044e+19,1.7466059903600494e+18,-9.368040174499099e+18,-126880.12340297835,141751.23525556573,109007.00079558622
90,11,-2.0211049200359576e+19,2.994676221154163e+18,-2.6483300182866272e+19,258912.97937670402,73652.63835444629,39873.06783524213
90,12,1.1811863933176105e+19,1.3677034743278852e+19,-8.344009803087122e+18,-265367.6087501883,-135671.0059980016,104701.7504853732
90,13,1.8335089890149384e+19,-2.9705364395028263e+19,-8.06810620667433e+18,27368.887072407993,-113382.8201864731,44749.77164005022
90,14,-2.0022727705587528e+19,6.806492759264653e+18,-1.1386318265289214e+19,270341.84606816655,-55517.1285898537,92076.66749462075
90,15,3.466661662979968e+19,-1.9283539812837704e+19,-4.892271563570423e+19,126454.28611157897,109266.28723300358,36184.798586277895
90,16,-5.05714277745645e+18,9.229384963138087e+18,-1.3174496769944852e+18,-29331.064070134616,-124780.05609334378,-109542.1067270888
90,17,-1.5786496949637091e+19,4.755955196495318e+19,-6.219458483022409e+18,-265159.4670754634,-82995.41232093662,311344.0561156313
90,18,-3.51874580884264e+19,6.332181084308692e+18,-9.329396691250024e+18,154460.1961455078,-119199.41795417326,142534.04766172645
90,19,2.792377687950916e+18,-1.2459464375739036e+19,-1.6691814998458202e+19,-70962.61227132262,-1267.2764579174323,152780.43341512172
90,20,-2.8954368037058687e+19,4.0747788658716115e+19,-7.687474428176252e+18,72414.67136118331,-125552.15131540479,-32108.952934631394
90,21,3.051167423384105e+19,-3.3820411377451126e+18,-2.7070834301688308e+19,98368.82515948106,-69402.38787284121,221138.95295037256
90,22,8.14078483619916e+19,-4.098789952930696e+19,-8.004860535487946e+18,60873.902513236906,-69609.47031590072,33766.30706518556
90,23,-9.132695557753934e+18,1.345108619822257e+19,5.580167762547682e+18,-36729.438947669245,-168694.86363154763,3765.5134133087813
90,24,4.380512492900981e+19,2.878441404290282e+18,-1.278943074035912e+19,-271789.8804884765,-43413.76561260261,61157.1104178055
90,25,-4.5378045040739594e+18,-5.207242681196371e+19,3.256433353176073e+19,-63619.966866260016,77703.12671942163,5373.587884554997
90,26,4.989410081651601e+19,1.0638735587344521e+19,-3.225200039121388e+19,170440.95747482972,-5827.476616448793,55291.49592394821
90,27,-4.0857219302185564e+18,-1.8287626879294796e+19,1.4993621344232456e+19,-54452.42094803695,271350.38199919026,9588.45311138245
90,28,3.8234967113643704e+18,-3.5369124119942853e+19,1.0877297730224443e+19,6358.320453903983,185072.52285658327,-216667.91186489273
90,29,4.680997468520437e+19,-2.8447244367288496e+19,-1.0058789768419226e+19,-160694.35691499003,73473.77536713639,-161995.13709495735
90,30,-2.860704686658643e+19,-6.185454459373687e+18,-2.929493217580954e+18,110722.70394525664,84959.41827521365,-204424.06819938094
90,31,-2.426981955436704e+19,-5.197433668966985e+17,-1.5741769991915164e+19,209200.8076416587,195267.51737643295,-57060.59593495949
90,32,-1.3574315823222542e+19,-1.7240181046468446e+19,-4.734416686801112e+18,54030.04176773221,-37093.213240691184,155343.35628710108
90,33,-2.219824741233258e+19,-1.7123418907620438e+19,3.729496587779539e+18,53952.06585972276,-147609.4472347952,-171708.99127622755
90,34,-4.228242691114117e+19,1.2311062933000014e+19,-1.8824520616717185e+19,140632.12270371534,-148160.00509794697,81388.84587470118
90,35,-6.626601744836416e+19,5.89628800362139e+19,-2.1563687032474817e+19,-83083.73121885338,-13573.292425742738,-8227.800305014713
90,36,-1.6290188732955419e+19,1.1369664781143011e+19,-1.1471917187826448e+19,65980.23303385827,38285.929490365204,-145826.47189363875
90,37,-8.336727021434381e+18,1.7156474248406667e+19,-2.4547745629415715e+19,-45438.93624965948,-65856.17759576831,-21972.91214745054
90,38,-2.6777714872846577e+18,-1.0944445177055416e+19,-1.0054999106425522e+19,-63197.6060893054,274958.32945133734,-19007.57948680238
90,39,2.4290930499422573e+17,-8.451989514516233e+19,1.0566112930452157e+20,-71027.56964087402,-50026.456390600826,56096.51180904145
90,40,-4.18812558001051e+19,1.7582855429829593e+19,2.4017186303405285e+19,172239.822384513,-2667.4582082181946,-109017.80035075913
90,41,-4.85846335805739e+18,3.641727620632222e+18,-2.4540624529797636e+19,-136941.7456188074,4455.9861848188175,91049.98467215782
90,42,3.125746887812529e+18,1.1591892149444985e+19,4.4688217314304374e+18,-81826.70351688917,-111250.02637473604,-124644.23659859253
90,43,-8.122438214345538e+18,-1.93097853766309e+19,-5.919637045638944e+18,84632.85962197614,107533.9343594443,-39397.73660079729
90,44,4.9135830704035635e+19,-4.75764614459798e+18,2.235974772517865e+19,-27049.671862979376,-38385.156178519486,31149.427744011675
90,45,-3.620429288202263e+19,-1.349044588669953e+18,-2.4366031146306273e+19,52663.91446116605,156686.3131961018,-62781.350409831866
90,46,-5.661726947210074e+18,-1.4367630282993594e+19,-3.109574688031489e+19,-6372.582612524112,105219.3233039941,78398.79061310866
90,47,1.0352681678441662e+19,-1.4220730075451451e+19,2.4051702898218783e+19,96900.54054898523,24331.567276442933,-128859.11176496609
90,48,3.5008533181549605e+19,-2.940543947303982e+19,8.514320591542016e+18,51151.78634526335,-160996.09414316012,-109237.81339273577
90,49,1.4900410151282614e+19,-1.4839123215780104e+19,-4.560532591863004e+18,-116417.25307499398,285608.89196742437,96648.62728663877
90,50,-3.1706891109965234e+19,2.6685720640859976e+19,1.8536203465136049e+18,-44096.929539246565,-80629.42532523598,-18551.59025244179
90,51,-3.1278889605727073e+18,9.440331431312261e+18,-7.369783642836828e+18,-28723.411990743574,-193501.36461860102,248055.48890656582
90,52,-2.768922014933343e+18,1.2055867704876984e+19,-1.2642285640939405e+19,120765.30227113495,122713.11367913171,-14017.421557800819
90,53,1.4143945286444462e+19,8.0128576430067e+19,-6.786749999523895e+19,-68740.91527914528,76632.39195056596,-93091.09398517781
90,54,1.6203978701972652e+19,1.3581860645786835e+19,2.6603964169669704e+18,-93037.02963396924,-261610.35045761056,105702.62239102072
90,55,1.8829540419593986e+19,-6.711264686592088e+18,-1.5801446165845906e+18,-159076.20874818406,189288.46814631647,-19643.776916303264
90,56,1.0118046479877954e+19,1.0886705517846282e+19,-2.4536008878575555e+19,-113895.12866438556,-167232.7433173744,-67684.22819188624
90,57,-9.922211340442575e+18,-2.8452133186299482e+19,7.480960605690403e+18,-47765.93533653397,59022.33810585855,-175091.34011113353
90,58,-4.478859627226021e+19,2.818727807515667e+19,1.1155386624439441e+19,88319.05611692012,20923.984070019476,-148655.8472722391
90,59,8.639578354136148e+17,-1.2940257990784946e+19,-2.2743164555906885e+18,-215668.7110407609,221249.07396814803,-15763.008596741023
90,60,1.8919723029769515e+19,2.393103779813087e+18,-2.577777587879449e+18,-125137.18114050785,-8766.941527558944,-65470.9635970324
90,61,-5.364180574424949e+18,1.8178652793060022e+19,9.313381516918491e+18,-15844.579319511882,-261987.05950226635,177077.84290142916
90,62,3.318779288805553e+19,8.225667940336288e+18,-1.091287826709626e+19,-235319.37098469905,-74913.05658288082,-78392.74477117576
90,63,-1.36008067799445e+19,1.066138721666248e+19,-1.5003051046124918e+18,245557.00111770388,242485.31777815742,82414.6873776204
100,0,-1.4567298092663243e+19,1.5963424183915835e+19,-3.619309940254045e+18,-118711.82115490103,-270359.49724256893,-192787.38842002224
100,1,6.681829885173458e+18,1.5844303967917048e+19,-1.3259879208413575e+19,-146341.8569015809,-71004.5217942324,-165710.80639921036
100,2,-1.3316749902490894e+19,2.584648794160346e+18,-9.191500449901161e+18,-82.17294662656059,-65404.19236782633,-100788.44660323784
100,3,-4.93384225869763e+19,4.652577174790332e+18,1.6221787963850222e+19,-221708.63893805837,-207545.00312215116,-161929.4801996595
100,4,-1.1363635337015845e+19,9.866285842155782e+16,9.045570166698941e+19,-113303.31034292515,-44034.744196812,120273.11903844232
100,5,2.0435823453667635e+19,-1.108032411787753e+19,-5.573383861670343e+19,-14340.451803106935,46965.5126853177,57485.390370627756
100,6,3.039026558343916e+17,-1.3428782214511018e+19,-8.151934052417738e+18,183.14289504849603,243591.47760058634,27760.974455525735
100,7,2.739377243041739e+19,-1.9084374093663073e+18,-1.0336358413411187e+19,-41585.656101780056,-43575.29331190479,117944.147723477
100,8,1.6263996311581112e+19,6.533708734624537e+18,-1.585571985144025e+19,-126201.04889244614,57063.00298275661,254339.44384558187
100,9,-2.913583451232712e+19,1.2478830687340603e+19,-2.537213864553601e+19,104264.71151909712,-30035.883427890272,71250.23859371373
100,10,3.383371123587918e+19,4.0424582862602793e+18,-7.838580446413098e+18,-169392.43870902655,144809.19720845798,81750.22776283554
100,11,-1.597818148054507e+19,4.198377527990963e+18,-2.54959808170337e+19,278531.02879116655,79275.07981361961,87416.14807647296
100,12,7.306998375455879e+18,1.1493559933723292e+19,-6.888184953238187e+18,-303307.6585178764,-144150.26871025088,80241.29692475717
100,13,1.8675627107326718e+19,-3.1288539186721624e+19,-7.326842969662285e+18,15991.22456183845,-87473.57826493628,49090.93043176841
100,14,-1.536232229779407e+19,5.916518691798439e+18,-9.86265972729806e+18,320892.55355756724,-61631.300268152336,99027.83074400578
100,15,3.6577851379705508e+19,-1.7495176144366027e+19,-4.8251090130127766e+19,115704.54867792646,117220.15900033846,49039.900485962535
100,16,-5.619362465703414e+18,7.312264464081034e+18,-3.386013319586799e+18,-33651.53365344213,-119630.28622896128,-150629.53286393694
100,17,-2.000271105051951e+19,4.602912602911593e+19,-1.3278560939412045e+18,-269032.61302770424,-111565.13678579952,307474.10246127343
100,18,-3.2422592095915274e+19,4.442707673705631e+18,-7.10396791771447e+18,197050.29332847355,-120191.8654889229,138780.59131777304
100,19,1.5347072219437578e+18,-1.2336034063267637e+19,-1.3957487799548596e+19,-89808.09709696834,18547.41436131782,197487.6189117448
100,20,-2.77340771651749e+19,3.856165759660593e+19,-8.152773387414999e+18,82329.7770246807,-151865.65682068476,-26603.476683077304
100,21,3.191889431975062e+19,-4.390969794415574e+18,-2.334707038283498e+19,79274.31351610264,-57884.029446801906,251234.44399090423
100,22,8.230045803750352e+19,-4.20502263312354e+19,-7.472989176743357e+18,52352.19870820642,-65078.22952118315,33632.77096989631
100,23,-9.6885928939141e+18,1.0714171279512678e+19,5.069420784739641e+18,-31216.927159948846,-175101.7940977382,-71629.27007856123
100,24,3.905002387201437e+19,2.1882107915648356e+18,-1.1728117826343678e+19,-333357.0421746201,-42409.15682156613,74873.72083569915
100,25,-5.526573865054927e+18,-5.075154396737532e+19,3.257538759849387e+19,-61703.510392585216,89668.98778558498,-3950.916361406354
100,26,5.244567053756808e+19,1.0496729363662186e+19,-3.1286011521610113e+19,153022.14156010607,-12037.412813732672,66711.83823533256
100,27,-4.892784944227865e+18,-1.3914103975389872e+19,1.4909625787769457e+19,-47707.118212128946,283296.44988421677,-21233.260078564886
100,28,3.8908450758705843e+18,-3.223597790129081e+19,7.364118978612218e+18,2069.1896410900354,212611.48366393324,-228757.37735021784
100,29,4.4152756318949106e+19,-2.7190611116608844e+19,-1.2594066086890965e+19,-176318.99474133563,85952.2102639221,-159081.27762954473
100,30,-2.6602627059063575e+19,-4.64322246768173e+18,-6.26780549062689e+18,144102.5874526811,112206.1972646732,-217949.93437386106
100,31,-2.068147519207899e+19,2.74133581550164e+18,-1.6474077351168838e+19,248180.3706236317,216794.96489448252,-34096.62701448861
100,32,-1.2375099268040002e+19,-1.7619258457827813e+19,-2.374511744741669e+18,96891.4488253362,-8502.285427939469,142059.0597037723
100,33,-2.1113640986302874e+19,-1.9255896121210958e+19,8.689187564779848e+17,85213.67854439188,-121704.1532241304,-189982.00593001395
100,34,-3.9784811422384005e+19,9.909687840862003e+18,-1.7417502485096296e+19,176734.56206431193,-155812.08429331,96876.59195173952
100,35,-6.751787522431444e+19,5.8695168938027475e+19,-2.1674375743331557e+19,-75595.36046070956,-20321.232610723342,-5822.987880852786
100,36,-1.5067556805621946e+19,1.1646644279801274e+19,-1.354989355145614e+19,89795.73450850228,-3719.288455049938,-117175.31360746056
100,37,-9.026453655551781e+18,1.5871857963306154e+19,-2.4599444847882416e+19,-42173.88991728121,-98146.05864455487,16521.78109496053
100,38,-3.5994709742288625e+18,-6.652246010336918e+18,-1.0140563804769833e+19,-54599.60400345216,271287.5772438921,8689.883040679542
100,39,-8.776947363922263e+17,-8.52907750022846e+19,1.0652328294808954e+20,-71007.96822017962,-47690.173768275854,53195.14345576675
100,40,-3.907534463204672e+19,1.7516984654716682e+19,2.2122185221998137e+19,183672.29477179237,-5485.311676222423,-131256.99738823395
100,41,-7.077437216793421e+18,3.793457596858524e+18,-2.2798625633632027e+19,-146082.84359289176,15310.0028548662,130279.80368823663
100,42,1.618413814411821e+18,9.725171052152642e+18,2.171651915451376e+18,-110933.47397494294,-126208.00937629149,-168128.9004659448
100,43,-6.675776988488649e+18,-1.724595117662745e+19,-6.492267363382876e+18,99649.53826196742,155442.60991437174,-31854.044314393515
100,44,4.860043586991505e+19,-5.365047651707445e+18,2.2754035222173667e+19,-40880.626649117155,-38527.16919766031,18827.706414337612
100,45,-3.51110325745486e+19,1.2223270345412342e+18,-2.5162489069070057e+19,85927.4677411335,168832.45193047175,-37702.310401376235
100,46,-5.740246942619659e+18,-1.2541653090948258e+19,-2.9623950767164092e+19,-3658.0636399960476,127018.83214969133,108949.05351068791
100,47,1.180696323159417e+19,-1.379040506677776e+19,2.1813765717983416e+19,87069.21623286168,30668.161127675674,-155117.2502105377
100,48,3.5713732418177982e+19,-3.1835370509888434e+19,6.70248026215218e+18,38206.83473163828,-146776.3742461812,-120254.13430841613
100,49,1.2901360706887539e+19,-1.0122955610174208e+19,-3.078958499759505e+18,-137096.31141729403,313430.4516409372,89865.50439479416
100,50,-3.228483000109344e+19,2.5279886563535225e+19,1.5060576668472428e+18,-29144.41990525304,-97329.77415444759,-25314.713221361348
100,51,-3.845620831304924e+18,6.445127218554043e+18,-3.379148932541116e+18,-67916.01178932193,-181415.44698297785,256923.56522829094
100,52,-9.540048490318563e+17,1.3778301085940795e+19,-1.2649246443636232e+19,111001.41907518786,94608.60351225229,10619.710147276697
100,53,1.3050916538711478e+19,8.129690220814023e+19,-6.93045766590671e+19,-69788.97472218465,71475.24141441188,-89073.35209843976
100,54,1.4533751030820444e+19,9.288818394530105e+18,4.088036100182418e+18,-118815.18309894505,-282336.176226187,73914.6599970806
100,55,1.6163736457153489e+19,-3.6087889831305426e+18,-2.0599155680823022e+18,-179411.03039848962,204633.53534303847,-42068.60044032875
100,56,8.230386900357779e+18,8.149858557536397e+18,-2.5291127090675675e+19,-126503.35368554192,-178129.53153381744,-26860.562552915042
100,57,-1.0549765659092744e+19,-2.727864545886516e+19,4.6015726994021284e+18,-31734.799383716578,90913.22600481947,-190228.37595299623
100,58,-4.321983626036083e+19,2.840615408612208e+19,8.730572933905298e+18,111174.0650478955,6504.152472139831,-159018.38911332385
100,59,-2.6119713004378947e+18,-9.421221501613294e+18,-2.8032030855810565e+18,-222528.20917779827,225239.55258661602,-51961.08116617485
100,60,1.6813758337628072e+19,2.2022774788337395e+18,-3.775308400133996e+18,-142667.4732106655,-16529.520616589874,-85678.44937493323
100,61,-5.67958570320659e+18,1.3813376818450655e+19,1.1690440672167969e+19,-23280.474823742625,-289342.87493240455,122854.56296100361
100,62,2.9367681619156083e+19,6.658211601285413e+18,-1.207285968935357e+19,-247590.2635328934,-122774.39366850168,-64505.03287511301
100,63,-9.557154962154955e+18,1.4440160385803411e+19,-4.7017277357737536e+17,259008.58365627108,230571.04969496356,45745.217861412595
110,0,-1.6083214630311125e+19,1.1341791255519218e+19,-6.766663140058668e+18,-74010.04844182832,-315112.54511353414,-210497.061050896
110,1,4.066722835488848e+18,1.4366495080369074e+19,-1.5704335752420862e+19,-187956.87760619397,-115555.27407028252,-139076.8594877797
110,2,-1.3178278320200374e+19,1.9524288673485932e+18,-1.0789483222177352e+19,24329.82206082457,-14991.60564309083,-99108.38866350634
110,3,-5.266977050550719e+19,1.4286664367216143e+18,1.3583586011627504e+19,-200647.36465747945,-201344.67091708502,-172163.7169325203
110,4,-1.3146760491319822e+19,-5.968448838602405e+17,9.23005127424624e+19,-112694.83095451663,-44110.896045686204,113599.99792064322
110,5,2.017780241035808e+19,-1.0307495117358369e+19,-5.468451228550016e+19,-18505.570848381707,51037.83447764051,75648.62156396461
110,6,6.5465153021094536e+16,-9.288317194942872e+18,-7.622117398491724e+18,-32221.046463440893,279670.96282904415,37139.70609758634
110,7,2.6618921981351203e+19,-2.2972866878054892e+18,-8.479890303513971e+18,-58156.78319430349,-4203.658745759319,114918.13561726043
110,8,1.4086057494446658e+19,7.342923496319052e+18,-1.1683101786528199e+19,-150950.47171322934,43037.72693085304,273720.2219471263
110,9,-2.7219358034904035e+19,1.1873056607248415e+19,-2.3990289491974922e+19,140087.21252051342,-46990.46349418092,104573.33678114762
110,10,3.0811447400790114e+19,6.14143737049279e+18,-6.832503413873422e+18,-213672.54460845605,116060.9126499572,46399.688466654035
110,11,-1.1382800025007555e+19,5.516195014598906e+18,-2.361699699609116e+19,304370.1381401008,88390.8172379743,156915.12228020054
110,12,2.221314982619931e+18,9.064037952739659e+18,-5.75793839305522e+18,-343300.63912363764,-165307.5055814068,65574.60355248391
110,13,1.8842440555522216e+19,-3.246598503499064e+19,-6.522624198443956e+18,5161.676478097555,-61619.58852342841,52669.572977872536
110,14,-1.0072716698880408e+19,4.694479679476639e+18,-8.386978123606754e+18,340328.42679367366,-89402.95302507706,84584.62027333953
110,15,3.831476024968948e+19,-1.5590150463835126e+19,-4.7372377468958835e+19,104334.99524113366,124058.44061786309,62422.30571612516
110,16,-6.077296400625679e+18,5.359062681910062e+18,-5.755697743064255e+18,-31270.426222428163,-128311.6719036212,-150964.46292078035
110,17,-2.425429647585219e+19,4.403166102868606e+19,3.4511128742827924e+18,-268919.3458503824,-141477.4246421385,297631.4627440337
110,18,-2.89240916520062e+19,2.540719600126747e+18,-4.99538079275239e+18,248108.2161742714,-120275.14004866703,125924.67515179487
110,19,-8.368041696853344e+16,-1.1743005374507426e+19,-1.0310378246812488e+19,-116230.50545636269,65833.28588107676,267713.7614277338
110,20,-2.6357250381659693e+19,3.5942070732355256e+19,-8.520375812131191e+18,92122.64993245402,-180733.76074274452,-19893.86865250226
110,21,3.297797132657245e+19,-5.184369224272835e+18,-1.9132411593345675e+19,53202.26220625794,-41799.863238285645,283032.9271268005
110,22,8.306233722604105e+19,-4.304261532770579e+19,-6.943899775681317e+18,44288.19205287033,-60739.51582024142,33419.830831971
110,23,-1.0002337283486091e+19,7.946986337581681e+18,3.3638292701687025e+18,-5934.975456353481,-179392.3521811617,-143098.1049132922
110,24,3.322372296679532e+19,1.605658354258778e+18,-1.0392632473800067e+19,-406700.02008681616,-29790.70901555263,94707.5167819304
110,25,-6.484728374521672e+18,-4.9243755709529694e+19,3.2439839589172347e+19,-59731.40853494098,101428.79212740345,-13238.717307446113
110,26,5.472582278446763e+19,1.026279895052247e+19,-3.0159278112364745e+19,136108.945309419,-17494.888868798513,75736.22233257446
110,27,-5.589692192656928e+18,-9.338503732873396e+18,1.4286282536850311e+19,-40610.925369377415,297022.6365781465,-59262.512941069894
110,28,3.8833016586124155e+18,-2.8638533197285687e+19,3.655373919492964e+18,-3309.1179552446088,244236.63727548017,-241361.45857859947
110,29,4.123962186177416e+19,-2.5730045395012825e+19,-1.507037218654074e+19,-193126.52708173974,99347.78382866399,-154501.918269053
110,30,-2.4029356578883756e+19,-2.586444521362233e+18,-9.752595596713769e+18,183810.70108937,149923.2306250399,-220625.11791594952
110,31,-1.6337959548606487e+19,6.262730254784581e+18,-1.6765631475401357e+19,306257.73682701465,227240.59641093214,-1186.2895731796705
110,32,-1.0571717904108239e+19,-1.746035525472494e+19,-2.835239043938986e+17,129625.59512397622,29074.625099887002,122147.28702623297
110,33,-1.947048090725323e+19,-2.0927817446377206e+19,-2.220534256916542e+18,123571.83652571833,-89039.67121263142,-199714.55582511416
110,34,-3.667508883577475e+19,7.408712897480283e+18,-1.5770965795969184e+19,218660.82820623735,-160617.7396435936,111685.94499216655
110,35,-6.865171513548251e+19,5.832273640037422e+19,-2.1748114720985436e+19,-68124.33428295757,-26848.94423668646,-3546.5006775628826
110,36,-1.345286820571277e+19,1.1208604157138246e+19,-1.5191080304906801e+19,113774.63306410583,-56021.53227504571,-92979.52652199063
110,37,-9.675924694951062e+18,1.3997553197672544e+19,-2.3976127448330867e+19,-40333.411270417724,-142770.91505927683,65096.03530382125
110,38,-4.4636713380662994e+18,-2.3056177340348145e+18,-9.75837275330604e+18,-58350.393390981146,282862.1414490363,40403.47539249496
110,39,-1.9978246389563625e+18,-8.602505476508228e+19,1.0734018313247077e+20,-70967.78753780796,-45386.96699602155,50359.611060067546
110,40,-3.6075207671725232e+19,1.74102232723616e+19,1.9867047125322703e+19,196941.33828502835,-8164.441948704853,-154990.54673725594
110,41,-9.57494872286459e+18,4.1718129058675814e+18,-2.0441934690761834e+19,-174419.89066866666,37098.04641286179,164997.44668783096
110,42,-4.375795169850729e+17,7.578606978828196e+18,-8.793415265576154e+17,-150691.01342141783,-147133.79523661782,-218825.11421923872
110,43,-4.96013214092451e+18,-1.4333736211333278e+19,-6.915683746697249e+18,117746.34497408701,216774.30527221283,-22475.044977001085
110,44,4.784342778818174e+19,-5.971088800779369e+18,2.2953867701077602e+19,-55153.591794852364,-38212.03220789305,6497.603417819616
110,45,-3.348543219374673e+19,3.964997840999791e+18,-2.5536149987510927e+19,120666.12216429952,178182.83726102463,-8844.850706752217
110,46,-5.778921612768939e+18,-1.0327835808239473e+19,-2.7627049796625252e+19,-1253.9817418781565,154913.00791830852,145422.5389781324
110,47,1.3088996728969097e+19,-1.3237262010007964e+19,1.914591886682072e+19,75026.04512279772,40012.07649942575,-183436.4094160004
110,48,3.6212568838083473e+19,-3.4030975921779966e+19,4.725122425627099e+18,24948.237723026334,-131339.60945692885,-130161.5091460788
110,49,1.0572204375227908e+19,-4.903576858353584e+18,-1.7825476714956083e+18,-158153.43749288903,349737.5190770303,71603.53667647867
110,50,-3.2629135443829617e+19,2.3627139114560565e+19,1.0622685688778636e+18,-14630.83181198369,-111496.31344450513,-30652.522498804057
110,51,-5.141965244288726e+18,3.801689324337575e+18,3.026226158637511e+17,-86082.89763938464,-156623.37557626204,202335.79968917227
110,52,8.162190587054244e+17,1.4973677426761611e+19,-1.2391572757054484e+19,115026.50428852324,52605.10040037251,16703.66034392338
110,53,1.1942001352089367e+19,8.238472640874385e+19,-7.0678758738323145e+19,-70754.63337154457,66426.3625921962,-85116.69448695182
110,54,1.2449734859431948e+19,4.684059466335492e+18,4.936588419923553e+18,-145556.99347808864,-300653.0946118847,31211.16833794281
110,55,1.3145528384300855e+19,-2.317495442545372e+17,-2.9440757446614436e+18,-203736.7839363783,223431.31221684813,-71778.6279953766
110,56,6.084081106393245e+18,5.307885267813942e+18,-2.535557297385236e+19,-147109.58661592033,-180861.56114873453,19650.240674752808
110,57,-1.0918698745893468e+19,-2.5531120655890235e+19,1.4721502802944735e+18,-14654.536100474306,132833.31243866842,-206224.35730009046
110,58,-4.125707090691253e+19,2.837769344429525e+19,6.127723069575057e+18,138467.3345596432,-10813.404790417291,-171168.56328169137
110,59,-6.069429705979022e+18,-5.775291405453348e+18,-3.913708182991211e+18,-212486.26382735453,240848.5433425507,-88273.76179494396
110,60,1.4369074249232714e+19,1.8335078959535475e+18,-5.238974907081914e+18,-170008.09152892185,-30389.255869050547,-97115.95772939605
110,61,-6.06536569017774e+18,9.108904766197929e+18,1.3174137954993215e+19,-24512.484229582722,-305696.01205806516,65413.12583203279
110,62,2.537699346694223e+19,4.438135625964644e+18,-1.2845664290843625e+19,-258977.441246357,-155255.84675262283,-31059.17828159968
110,63,-5.51289540998653e+18,1.7651499968206952e+19,-5.687510765852197e+16,254846.4777706841,174258.6715143556,8007.446742967218
120,0,-1.6793509986828446e+19,6.010786999538295e+18,-1.035254170165024e+19,-8750.871070891018,-359555.2894452852,-244532.00234522717
120,1,7.667530967155647e+17,1.2241874157586866e+19,-1.7498846098286766e+19,-229519.91733400014,-155082.7299924352,-88011.49403311468
120,2,-1.2456192294125527e+19,2.0914763029437133e+18,-1.2287584930576691e+19,67304.69495195511,34677.71090533512,-88599.68333349089
120,3,-5.567462165070328e+19,-1.7058301001506388e+18,1.079933225466311e+19,-180395.37849066692,-196039.15633829313,-180392.78486725746
120,4,-1.4919512849836118e+19,-1.293041387791265e+18,9.40418132627798e+19,-111990.16079697537,-44123.66257326991,107151.36187694875
120,5,1.984707484031083e+19,-9.46845032334643e+18,-5.334168673848971e+19,-23584.22559783637,55346.412242763116,94745.41213113934
120,6,-7.632231840813865e+17,-4.624873235498214e+18,-7.004839440792407e+18,-74183.04840245315,313899.2249556266,40290.57510954313
120,7,2.551997691368378e+19,-1.9888077562011272e+18,-6.804487127299036e+18,-83742.58942084012,46313.36562908301,93445.29761935015
120,8,1.1445151746486067e+19,7.774481716217255e+18,-7.261357547796013e+18,-186749.87603498384,6583.74962027322,284364.7983029006
120,9,-2.465982953087479e+19,1.0981523280296806e+19,-2.204693677713907e+19,186686.77198366707,-66977.11110384877,142806.50326624888
120,10,2.7072436795984003e+19,7.605503947426666e+18,-6.317737278173943e+18,-261471.43890638073,68123.34848910774,21229.317348667293
120,11,-6.620532179376854e+18,7.032864221742988e+18,-2.0383273652272923e+19,286204.73397005803,106900.13209164905,250904.23031111338
120,12,-3.6059761983090596e+18,6.10306632998142e+18,-4.747277741089576e+18,-393749.1494623117,-224060.32616343503,54301.0303270975
120,13,1.8838444294509756e+19,-3.3225253035519246e+19,-5.673403119696178e+18,-5630.975914877219,-34317.98218679519,54575.55611948904
120,14,-4.599785239585883e+18,3.235935690846673e+18,-7.093064148858393e+18,342527.4539751611,-95378.0881993745,76989.94876927289
120,15,3.986636953968702e+19,-1.3585975300013883e+19,-4.6278955354977526e+19,92189.2404289026,129785.05014688373,76231.68636754928
120,16,-6.696157918260552e+18,3.193801270507768e+18,-8.302497032524591e+18,-36079.96919190508,-147292.9195197222,-166270.82806088182
120,17,-2.846734743866309e+19,4.157175136463483e+19,8.05417790811777e+18,-264621.3263979443,-170150.40552810545,285467.9297923841
120,18,-2.454987776738248e+19,7.057500945038049e+17,-3.2173111955044526e+18,307619.07715324144,-109889.27078505463,97084.09592102906
120,19,-2.2103993116315648e+18,-1.00366248416493e+19,-5.747627282632193e+18,-156149.0498680976,149522.17354022316,289904.32556906424
120,20,-2.482595868567054e+19,3.2838222809060733e+19,-8.780517906405991e+18,102124.70143717215,-213403.78457308776,-13104.577503977116
120,21,3.3525493537329037e+19,-5.695713663864714e+18,-1.4441886940886532e+19,13838.526828334387,-23360.136020116923,309396.6833269196
120,22,8.370005640408456e+19,-4.3967858308188406e+19,-6.418618150072536e+18,36603.129128108,-56561.86542041445,33152.866747589695
120,23,-9.788362839322851e+18,4.91069598926616e+18,5.327222693185249e+17,36224.29595279918,-209223.09473842656,-217393.41237536614
120,24,2.6174586533274436e+19,1.2051760016752356e+18,-8.738643655383264e+18,-485752.16447499907,-27360.22944326798,115817.58308503228
120,25,-7.41102496761219e+18,-4.755075931284214e+19,3.2156903376099488e+19,-57657.698503367676,113175.6616022176,-22661.537824059447
120,26,5.674470959770149e+19,9.94794491162632e+18,-2.8905791420274434e+19,119908.43373352545,-22315.029274399374,82869.69320110824
120,27,-6.172878513132396e+18,-4.5248733874608036e+18,1.2981100902835857e+19,-33212.263911445916,313962.16417477006,-108648.07439690907
120,28,3.77246838348913e+18,-2.4494082116405895e+19,-2.4869576742440563e+17,-11405.226068670507,282532.75534595404,-253118.2610616141
120,29,3.8052082498115486e+19,-2.404985008891829e+19,-1.7460000891699036e+19,-211098.41910442422,113805.25694862242,-148037.69409083226
120,30,-2.0681396421124903e+19,1.0333182038577088e+17,-1.3123832592023212e+19,247520.1129744102,192168.47844329852,-203379.31792153782
120,31,-1.0932777021665753e+19,9.804891224528462e+18,-1.6506743706351815e+19,371464.05538752023,209228.79657047958,27701.642457410988
120,32,-8.344668153131362e+18,-1.6704756665632115e+19,1.4404644288749814e+18,151059.47307002434,67171.85963658584,94496.00382722508
120,33,-1.7214012975570096e+19,-2.2034862717494125e+19,-5.377923862962452e+18,162411.04446368568,-50239.789733937585,-198825.80990274093
120,34,-3.2832586342574895e+19,4.861497095716277e+18,-1.3897341032907424e+19,270767.1172530473,-161473.50629041326,125561.87530831087
120,35,-6.9667804079110455e+19,5.7848977844303905e+19,-2.1787027198137577e+19,-60670.40800730361,-33165.8106122839,-1410.539714339348
120,36,-1.151497125723937e+19,9.59450487196199e+18,-1.6617459553515317e+19,138964.49286356408,-153073.48363226288,-90757.25343064399
120,37,-1.0260780600042807e+19,1.1213996810914413e+19,-2.2378898117401313e+19,-29028.540955511802,-214220.80662878416,148022.89716798224
120,38,-5.600065272090341e+18,2.4532960337890007e+18,-8.822688921311849e+18,-90147.96096574298,327395.2001333542,83248.24537793666
120,39,-3.117169666766895e+18,-8.672324122102933e+19,1.0811282686635614e+20,-70908.75437129795,-43114.98123641454,47584.68025319385
120,40,-3.2849863604303983e+19,1.7252899963368479e+19,1.7215017103063955e+19,212221.34676437645,-12067.703386016992,-181802.98932897756
120,41,-1.231330062180801e+19,5.217351402153382e+18,-1.7577738972355617e+19,-155140.68406905697,100092.267310591,211038.51654376046
120,42,-3.1154490919027256e+18,5.051835341068423e+18,-4.789273679369313e+18,-191729.66313587246,-175186.8227841575,-281654.1347934697
120,43,-2.962664236924097e+18,-1.0287015318137793e+19,-7.229967633085234e+18,134309.04912941484,300483.19995503,-15969.997765789196
120,44,4.6857289401970205e+19,-6.568508563791304e+18,2.2958803598623625e+19,-69930.18700207798,-37430.9078986974,-5888.099889316487
120,45,-3.127339061027439e+19,6.81659660044364e+18,-2.541500002807397e+19,161091.28592217053,181978.25644871005,25052.66179680176
120,46,-5.776879773387381e+18,-7.598554617188309e+18,-2.4983790470299996e+19,1751.1323990698972,193436.54438423112,191839.91014335502
120,47,1.4159691156937064e+19,-1.2508286145342683e+19,1.6010750384692132e+19,60080.87783804533,53096.61256864518,-214496.58091938164
120,48,3.6498704564265677e+19,-3.5975640037395603e+19,2.602681752942376e+18,11252.263195730715,-115044.00655220696,-138576.69684612044
120,49,7.905648829418418e+18,9.281140834226962e+17,-9.465316571918323e+17,-180486.78177882938,386001.5686841348,29196.150527495327
120,50,-3.2748123419157426e+19,2.1791813882713522e+19,5.4621569002851616e+17,-268.28463134941114,-119768.07485757023,-34651.62908498043
120,51,-6.467889682752239e+18,1.4253212109251026e+18,2.8656289418503506e+18,-81866.50676318465,-145522.62841635448,118770.75645317572
120,52,2.525424989937243e+18,1.5266263181450328e+19,-1.2276114366210628e+19,93310.7080147034,-18813.605800718746,-810.1034832744531
120,53,1.0818502055859319e+19,8.339366500376796e+19,-7.199090821526477e+19,-71637.2876366037,61474.865284315216,-81208.7081277671
120,54,9.920159476629582e+18,-1.4777924524515757e+17,4.978660916889443e+18,-176363.25368196724,-307872.77194808313,-28873.777918187865
120,55,9.722369533319502e+18,3.3386002827107666e+18,-4.38172567710836e+18,-231147.27788333106,224300.73322232682,-110703.345294443
120,56,3.5280813329419924e+18,2.4844814619136e+18,-2.462655898270867e+19,-179300.25192119903,-175130.2114499044,75052.8603568428
120,57,-1.0990106265733782e+19,-2.3018852948621558e+19,-1.8733969320798377e+18,6463.517024961574,186881.67359636194,-216063.52533880944
120,58,-3.8822279593744245e+19,2.803426526580273e+19,3.324109980189832e+18,171026.2683607931,-34065.77496997931,-184148.8580619803
120,59,-9.206648983285225e+18,-1.6216073437035003e+18,-5.588806783586147e+18,-179846.49557991474,293405.8011206201,-126036.85545861477
120,60,1.1331418316042336e+19,1.400429199897218e+18,-6.716488251459499e+18,-217794.12392362865,-14533.20908426161,-86987.11265455827
120,61,-6.427233941842668e+18,4.1763920223629926e+18,1.3751974421357752e+19,-20683.109882293516,-320083.54669609613,6988.656025848401
120,62,2.1180045037993886e+19,1.8595665755778875e+18,-1.2987878507299056e+19,-273397.36915059,-168039.19564143068,15063.589686749929
120,63,-1.525767348860325e+18,1.9942810690909663e+19,-2.0596259548747027e+17,249496.4185474883,116624.09233173607,-26668.161668382705
130,0,-1.612547521594422e+19,2.2854783993794208e+17,-1.4444288423056028e+19,99653.63497474881,-341345.0510994469,-267367.210793854
130,1,-3.4394980106136755e+18,9.254068932405092e+18,-1.841934826186344e+19,-312409.6164089016,-228980.21377581308,-7790.623472104268
130,2,-1.1159276182872496e+19,3.061711288585731e+18,-1.3486152895022832e+19,95859.37798677797,83504.39063636726,-61708.06367924003
130,3,-5.8368501653898535e+19,-4.759237445508713e+18,7.901088391560604e+18,-161266.63726278013,-191010.65993753038,-186656.99101473723
130,4,-1.668045168878146e+19,-1.9889967381409585e+18,9.56830803740796e+19,-111199.21415940585,-44081.63202928106,100919.34858027978
130,5,1.9427908249052697e+19,-8.560195193048081e+18,-5.168796172577008e+19,-29745.99284756909,59788.10348374564,115112.67336599514
130,6,-2.334498193028041e+18,7.954082115612978e+17,-6.48087774715201e+18,-123680.68097494684,374535.0169832769,16527.911275762483
130,7,2.371288569031251e+19,-8.393712803848635e+17,-5.586613048742024e+18,-152079.17512527757,92518.26443925762,64041.5486992379
130,8,8.025709507621174e+18,7.404654332243473e+18,-2.8800402403039094e+18,-253523.82243234525,-52107.23120251482,260316.9425132094
130,9,-2.1219316174535823e+19,9.693913830417547e+18,-1.943774997467006e+19,254919.6811690301,-99912.87009298264,189928.10871503793
130,10,2.2520415409797788e+19,8.286895810182607e+18,-6.093090986667076e+18,-316624.92827331607,18747.268087084594,9057.58958182207
130,11,-2.5511571503348035e+18,8.853649833967366e+18,-1.5847511000371288e+19,223931.73963884858,119859.05318022076,305517.49433050887
130,12,-9.741053572483478e+18,1.9383774100991124e+18,-4.775778623567454e+18,-374928.9584374891,-283592.16180106957,-63659.624917160574
130,13,1.8667818269152637e+19,-3.3541389073355473e+19,-4.814168266523724e+18,-15867.641049158814,-5598.248568603516,53889.549603775245
130,14,1.68526325559021e+17,1.7229535854615713e+18,-6.100218576269086e+18,255190.20157266557,-108061.80561978048,39382.528429971775
130,15,4.1219186187547976e+19,-1.1500269629985489e+19,-4.496536057210429e+19,79114.05062895229,134396.37703977997,90292.87939788938
130,16,-7.168566998321762e+18,1.0509927512242532e+18,-1.069156691112362e+19,-30178.071111877598,-105777.16464727612,-132806.7727545401
130,17,-3.258753929814142e+19,3.866871295957421e+19,1.2441991566486983e+19,-256752.5598991836,-197292.7938886594,270046.27443412266
130,18,-1.915802192690178e+19,-8.723604929383978e+17,-2.0056120552762652e+18,378371.8636198219,-88283.99342499278,53557.406829187385
130,19,-4.677443131069523e+18,-6.967644846711459e+18,-1.66473562172521e+18,-152082.25754052468,238094.55559033333,229155.54301463
130,20,-2.312622052282206e+19,2.9182776651812753e+19,-8.933200715975666e+18,113710.46626724955,-250882.6632566342,-6147.490226164711
130,21,3.3372370232142246e+19,-5.946173708742832e+18,-9.450939804910434e+18,-33708.65056002799,-9074.847280077734,320576.10475866636
130,22,8.421911434131523e+19,-4.482824884307879e+19,-5.897903425546017e+18,29239.434075406287,-52514.42884137999,32841.70735542748
130,23,-8.810760287204828e+18,1.381950950467014e+18,-3.704203149359331e+18,85108.32770786148,-226410.00644798137,-331836.82046667964
130,24,1.8207250392789383e+19,6.324302189597321e+17,-6.806399060602289e+18,-517123.8179547351,-38869.17831419287,120419.52201615146
130,25,-8.303494828907662e+18,-4.567135243283077e+19,3.172307116495088e+19,-55435.513022388484,125085.6000005892,-32397.779872123636
130,26,5.851307064341815e+19,9.561415018843505e+18,-2.7551431822200943e+19,104325.0313803729,-26590.058504804347,88591.123996502
130,27,-6.637761957925885e+18,6.056969371505546e+17,1.0789774652864926e+19,-25904.588293507506,331983.53469983,-168959.00832715724
130,28,3.49752474403421e+18,-1.9666137270868984e+19,-4.3101484523019484e+18,-24370.776784634454,331666.2798258479,-260595.57802435133
130,29,3.4571697688936137e+19,-2.213368647833404e+19,-1.9730450546565116e+19,-230267.1480050039,129200.18328642412,-139354.50061843125
130,30,-1.5835209852052273e+19,3.531253656295284e+18,-1.5894345725273383e+19,377949.04903117183,228232.1843453665,-133507.55212082426
130,31,-4.99157274998835e+18,1.210937732472806e+19,-1.617506910034489e+19,385867.575548776,68517.55361921503,19232.805208170423
130,32,-5.83415703717545e+18,-1.5288836490104908e+19,2.6441917930102845e+18,166460.31520376483,114608.26233177152,56648.45830433844
130,33,-1.434250131864018e+19,-2.2458423013503705e+19,-8.444555771289113e+18,201147.68203542253,-467.8625929838099,-188486.93954438125
130,34,-2.803180287280449e+19,2.3442833402044483e+18,-1.1829282247959566e+19,341575.3950893694,-156224.78474296007,135295.10227941454
130,35,-7.056643050030522e+19,5.727717506323758e+19,-2.179340146244978e+19,-53236.154168078036,-39276.54907513343,577.2792833724417
130,36,-8.773434368510563e+18,6.925248303441369e+18,-1.786829230659121e+19,192291.9074320968,-178295.68650060077,-61107.48916648679
130,37,-1.0327492048230255e+19,7.337370532381348e+18,-1.8925494487559377e+19,29624.67745907892,-273479.64865785075,294169.80736500956
130,38,-7.062800623126595e+18,7.16198003748711e+18,-7.454589060704298e+18,-92124.89586587781,242492.50171962255,63664.915368350514
130,39,-4.235444578506842e+18,-8.738581553477974e+19,1.0884213204064993e+20,-70832.40790502918,-40872.86556554877,44865.56401714379
130,40,-2.9367494037626302e+19,1.7017887453236986e+19,1.4106157142638096e+19,229529.31154142565,-18202.549805256094,-213164.29669301645
130,41,-1.408909653644903e+19,6.814373709206703e+18,-1.3753445956517532e+19,-62448.71431726782,66922.95052627471,256614.05096876252
130,42,-6.529154402137269e+18,1.8933172988422385e+18,-9.68394981409297e+18,-236409.4274350714,-213282.35370218573,-329299.2781209075
130,43,-9.38526789375027e+17,-4.74256809083252e+18,-7.380799284449141e+18,114252.90178421761,406920.960361267,-7408.436232657863
130,44,4.563391341195646e+19,-7.149675592880923e+18,2.276729207016839e+19,-85220.2886976335,-36140.84409081903,-18420.272982040526
130,45,-2.8356237153437884e+19,9.65623870992926e+18,-2.4720466504932213e+19,209912.9313835908,175915.8156997251,63704.7608221524
130,46,-5.713306775286617e+18,-4.110381088211679e+18,-2.1475583000433857e+19,6575.9612891595525,254631.87290791995,257422.8514431499
130,47,1.4960513023412814e+19,-1.1537467565971358e+19,1.2357143002523218e+19,40370.63387245171,70820.34393006538,-249351.9458208714
130,48,3.6566226227971756e+19,-3.7659458574102585e+19,3.614171976155667e+17,-2714.5161177822265,-98356.53430789623,-145186.82969652826
130,49,4.851066826700125e+18,7.051175532273478e+18,-1.0921178500528124e+18,-202789.73275332246,382417.38509230706,-56038.145083969066
130,50,-3.261461949214685e+19,1.989784396505146e+19,-3.812811830213965e+16,18760.757357616494,-118627.09580845683,-40084.160515595286
130,51,-7.670718410572384e+18,-7.810231050186511e+17,4.041373110739579e+18,-67974.8134776619,-132720.37295562078,33394.61684951294
130,52,3.620783862110647e+18,1.4346159979420955e+19,-1.2288880668274026e+19,42286.74482731026,-99443.58147999717,2560.787770614984
130,53,9.681742492820447e+18,8.432519724589312e+19,-7.324171203220593e+19,-72435.09106801394,56613.94169168346,-77339.41760124986
130,54,6.869883211222346e+18,-4.873027365802513e+18,4.040149004974162e+18,-209774.1084201458,-287793.2095066163,-88108.3413866924
130,55,5.86689136644534e+18,6.861402817147369e+18,-6.293391179043265e+18,-258683.59826459407,216741.0039162922,-119045.53653373147
130,56,3.4789622153311744e+17,-1.3771546139111798e+17,-2.288021048875577e+19,-226803.490641336,-154297.36221037747,150943.55251863692
130,57,-1.0702272277554975e+19,-1.9626654009510797e+19,-5.311327980088262e+18,30133.968090678463,243342.20515597277,-219489.2049918462
130,58,-3.584057146118892e+19,2.725081736758108e+19,3.286158142727639e+17,207156.8210152909,-67151.66588492806,-194756.19504881478
130,59,-1.1494288101988596e+19,3.492255647481857e+18,-8.056771521485321e+18,-101003.78845831702,337359.16800868086,-193448.2552285343
130,60,7.453192677739204e+18,1.5255840320578273e+18,-7.958816003042359e+18,-276814.43627471314,28775.884461248792,-71179.11575950461
130,61,-6.695992615057859e+18,-1.0537453762755731e+18,1.3276698467331127e+19,-12683.045489467004,-336876.4488805261,-77576.3319565542
130,62,1.6695196038642768e+19,-7.388791078113389e+17,-1.232108969616157e+19,-298992.76635132555,-156823.27232663016,69957.24863871175
130,63,2.334099882401825e+18,2.1326145318372594e+19,-8.879086499323698e+17,238805.70752957521,57531.130635187605,-59391.99510218805
140,0,-1.3597541704224006e+19,-4.2927648851311037e+18,-1.8267665508367032e+19,217161.1407397139,-232491.2403055311,-207401.69525566977
140,1,-8.806095501557052e+18,5.012086075050852e+18,-1.7349998300514738e+19,-356851.5160107502,-323325.46275716915,155633.21185528976
140,2,-9.186200308765398e+18,4.5860433933618534e+18,-1.4530598059453245e+19,163566.4074097178,87558.63853629101,-81918.10481200852
140,3,-6.077028364566115e+19,-7.73406813479942e+18,4.917498797910822e+18,-143375.0468291596,-186064.06523634004,-191266.94377108163
140,4,-1.8428301450584617e+19,-2.683904972056043e+18,9.722767649304907e+19,-110333.06160816294,-43992.25376799766,94896.68913612246
140,5,1.890170248392226e+19,-7.58167700018836e+18,-4.97004870458577e+19,-37187.2022295509,64233.64124538507,137124.07442557762
140,6,-4.4403811193948237e+18,6.653280882109686e+18,-6.816872084665045e+18,-135178.46872210767,356905.5849128549,-67457.99985547899
140,7,2.0708003104238862e+19,7.881431287695653e+17,-4.707278428595278e+18,-229001.9230995665,112161.63044645166,48110.97404787238
140,8,3.4344610877316076e+18,6.384441707321587e+18,6.413922534897564e+17,-320807.3672805383,-74438.09199663847,176916.68821738448
140,9,-1.6338892790893593e+19,7.695025061297193e+18,-1.597663723422087e+19,377469.13438154274,-157227.28204558726,252449.9909382964
140,10,1.7040491058332852e+19,8.213320116128585e+18,-5.998669601112288e+18,-380017.01311263896,-27518.292805589343,3191.2135827571446
140,11,2.9967378862861824e+17,1.0375384227073923e+19,-1.1055723693251953e+19,154946.18463881066,65046.62351640299,304696.5041449432
140,12,-1.503366853672084e+19,-2.2093779684720018e+18,-6.503365489198351e+18,-289508.7119696174,-235258.92948147445,-136394.0480160808
140,13,1.8339942657337778e+19,-3.3399665816450793e+19,-3.984414276548905e+18,-25715.910415594146,23590.43829018274,50973.78200979362
140,14,3.475724251513855e+18,2.30039963174512e+17,-5.966495697913393e+18,167608.083350356,-66973.75258012126,-26946.21724787082
140,15,4.235755040636128e+19,-9.350134923594891e+18,-4.342957794714387e+19,64991.11329328581,137979.45660653498,104342.2349628057
140,16,-7.861334788139538e+18,2.6055842402168758e+17,-1.2913370453568477e+19,-62136.50195751929,15834.860423819191,-172470.25715297813
140,17,-3.6540849392834064e+19,3.5375334084427014e+19,1.6566842793129875e+19,-243633.76826164394,-218930.7983932734,252873.10130329043
140,18,-1.2542805881385288e+19,-1.996265802476548e+18,-1.654710088086412e+18,458822.48167793424,-51707.43431172451,-13706.40315095242
140,19,-7.038796912359298e+18,-2.621261185937909e+18,1.484898582563528e+18,-151098.02716104922,307310.37776838185,170418.94741753768
140,20,-2.121959067439865e+19,2.488489711491728e+19,-8.968554358146143e+18,128880.75315702062,-295321.41615955933,1928.2452345724773
140,21,3.2464119286144365e+19,-5.995954924708754e+18,-4.393179409838254e+18,-81004.06908072451,2397.4717033173633,318817.6586534188
140,22,8.462424093676159e+19,-4.562563063963212e+19,-5.382435871168227e+18,22156.015729846244,-48571.269427750296,32487.61083943335
140,23,-7.244758768718455e+18,-1.6868025700532925e+18,-9.843051223378582e+18,108473.39706347782,-142392.87539346842,-441697.1881163101
140,24,9.713268538557092e+18,1.2180072652521285e+17,-5.122873781855685e+18,-568112.1671847109,-23233.474537402475,89458.18030111016
140,25,-9.159388186297354e+18,-4.360164197858477e+19,3.113176652642566e+19,-53011.58527942105,137325.33361777858,-42661.77104396803
140,26,6.0039217590493315e+19,9.111513597936705e+18,-2.6115689730117317e+19,89176.30764583615,-30348.346545054148,93229.25145359313
140,27,-6.97749546639613e+18,5.69537483672457e+18,7.504796615077511e+18,-15678.523511290306,311633.655294188,-251074.73206998047
140,28,2.9722581156588237e+18,-1.3939073079759358e+19,-8.432634390848623e+18,-43636.7976548311,398207.70340646984,-260404.63945254896
140,29,3.07773796583229e+19,-1.9969155519483015e+19,-2.184577299706214e+19,-250989.22505685856,145289.01947693975,-128373.41297564846
140,30,-8.502896494008439e+18,6.805774960329783e+18,-1.7109434063443337e+19,541475.8423330291,146188.70074461648,-2690.718317883244
140,31,9.81692728275382e+17,1.1875799611587142e+19,-1.5393155619839767e+19,361455.70407631545,-82464.60662050647,101193.54440282207
140,32,-3.1219415987967447e+18,-1.3016638048615356e+19,3.189906333065346e+18,176319.10482797207,175906.30872635695,11248.326767753177
140,33,-1.0920039486130067e+19,-2.1950830119204004e+19,-1.1315263577338204e+19,230227.2989361354,67105.2914629727,-175897.79226363686
140,34,-2.1918402756594217e+19,-9329261390970848.0,-9.682729703630027e+18,438983.34686421615,-139242.8345387306,134363.92748704398
140,35,-7.134791992673189e+19,5.6610577650365645e+19,-2.176957170360728e+19,-45823.068104164835,-45181.4126103225,2418.862005630618
140,36,-6.077793739699356e+18,3.98299164039643e+18,-1.7725198856510863e+19,126401.70724078096,-194197.8966970355,100424.79414002181
140,37,-9.297562363642952e+18,2.662975450550183e+18,-1.339380902913533e+19,101831.41820730425,-294369.86409624055,370450.92667647166
140,38,-8.388862427444072e+18,1.0061601822951715e+19,-7.193293663258692e+18,-65713.44748467628,122588.66237074361,-31999.548313516592
140,39,-5.352388431308158e+18,-8.801324146702234e+19,1.0952894301858787e+20,-70740.30650522196,-38659.67101797745,42197.64816593397
140,40,-2.559366099688993e+19,1.6658379743696738e+19,1.0455163559498062e+19,249393.44117154056,-28260.957910404515,-250863.57158643307
140,41,-1.381636895935608e+19,6.987936568553729e+18,-9.967110692054854e+18,109571.11403458964,-31392.40580450471,210326.792311634
140,42,-1.0222261329283678e+19,-7.242890512763396e+17,-1.5026716592109666e+19,-201409.0796606425,-84761.82774612172,-336714.88788403186
140,43,5.1773008796551405e+17,2.540712347057489e+18,-7.611668202821983e+18,74213.38475041659,502291.0668996971,-27939.60350690123
140,44,4.4165495169167974e+19,-7.705967856876171e+18,2.2376179205717963e+19,-100980.68338201857,-34262.72627943537,-31208.014983151035
140,45,-2.4626699026103968e+19,1.2305519277697774e+19,-2.338564475195043e+19,263209.9388163981,157981.2611418345,106252.96685035135
140,46,-5.65490642342949e+18,7.055449447778821e+17,-1.666791760983752e+19,-16997.09833354579,363023.4588970416,358709.1017600269
140,47,1.5391987033675299e+19,-1.0244742328598819e+19,8.118527900646704e+18,12640.577188175414,94096.38775863504,-288577.9516371786
140,48,3.6413298517481427e+19,-3.907968899844581e+19,-1.9691614340217454e+18,-16631.637458836944,-81692.47840169826,-149902.6008807592
140,49,1.6296753454010852e+18,1.2538604335052444e+19,-2.6785863408176947e+18,-213112.4662334571,304124.0548143396,-140977.83228691513
140,50,-3.2079449757256315e+19,1.8082812776961313e+19,-7.514090546413985e+17,52267.192580931376,-111170.22176408692,-51580.4961759892
140,51,-8.565154295518671e+18,-2.677999901624616e+18,3.9516325967600087e+18,-44574.678379101155,-105375.93977375452,-49289.43480701822
140,52,3.639773500941819e+18,1.2004501841573968e+19,-1.212196083827617e+19,-54481.72817482831,-202607.13604365897,21752.41839568048
140,53,8.533073038830492e+18,8.518070257550652e+19,-7.443170913713157e+19,-73146.79069220606,51836.86808123226,-73499.83013700323
140,54,3.3236292125538985e+18,-9.128488046364719e+18,2.2108592840366956e+18,-239277.29139666032,-248069.0712551563,-143831.7499354932
140,55,1.2880972400652163e+18,9.867755685024379e+18,-8.209571193717103e+18,-328099.5647193725,160347.64423111395,-142649.2748101897
140,56,-3.8190023010069637e+18,-2.2006501010094802e+18,-1.9620629750223192e+19,-306201.35618498747,-90233.2781092914,274099.2918745247
140,57,-1.0022609447083964e+19,-1.5283241705054587e+19,-8.799412758431113e+18,57055.144766253376,311449.77725009,-222540.07990924083
140,58,-3.2286515587090395e+19,2.58621189373647e+19,-2.7907603337029396e+18,243285.09423062354,-110155.9900452531,-199549.89597943492
140,59,-1.2322726151759032e+19,8.332898349009386e+18,-1.1919720251746243e+19,-419.61097818816233,255365.76231431257,-287265.21228577965
140,60,2.3641217198350223e+18,2.199836127200026e+18,-8.941826328060947e+18,-376549.61801519676,55046.598142800605,-48705.4551358138
140,61,-6.825021325652802e+18,-6.127342759534188e+18,1.1363886312622133e+19,-3170.2048676641557,-306784.4288883766,-161771.12720692944
140,62,1.1577068706737455e+19,-2.9569522511855754e+18,-1.0817305109412346e+19,-355915.890786317,-120162.43394856021,118233.49836066824
140,63,5.956645468339292e+18,2.169921938790563e+19,-2.067169888337678e+18,217509.68762705996,-12295.173534288293,-89649.14468658433
150,0,-9.509245513618995e+18,-7.018716418230853e+18,-2.0733064040037847e+19,287475.5076507858,-114008.13274310197,-99644.4120889164
150,1,-1.3084647534941026e+19,-2.7241626649722342e+17,-1.3665843524947175e+19,-173446.25829028783,-329912.61287798133,271451.1449125812
150,2,-6.097594998657673e+18,5.049549692495305e+18,-1.5368836354678977e+19,215301.05028515458,-19246.04908256017,13667.335098089523
150,3,-6.289922352344666e+19,-1.0631167152812653e+19,1.8721072185471416e+18,-126660.27626507562,-181154.41942044836,-194539.91773579028
150,4,-2.0161968230084215e+19,-3.3770867422997565e+18,9.867882923765065e+19,-109403.5449652207,-43864.52769556698,89073.07266777079
150,5,1.8246478343968979e+19,-6.53344094134095e+18,-4.734894632717903e+19,-46153.51565512828,68623.02725342974,161406.9146917085
150,6,-6.270391089646271e+18,1.1670805201357713e+19,-8.621315118238848e+18,-89207.76112335856,260425.7405601749,-152223.21459462613
150,7,1.6420237902047654e+19,2.6726756203273293e+18,-4.079898834262485e+18,-318409.9479937377,125654.49215168002,29956.70112007053
150,8,-1.9260998911562527e+18,5.063172695674192e+18,2.537587739290165e+18,-355119.3334494666,-92126.76664307207,59470.332899556975
150,9,-8.861725579605625e+18,4.681079356890139e+18,-1.1573863952892785e+19,565495.7678910512,-222756.2216480119,288797.2647529106
150,10,1.0403483571422675e+19,7.45049018763415e+18,-6.026043823070588e+18,-468622.54724484455,-66854.1679104623,-10453.825078484126
150,11,2.2770355497204426e+18,1.0573753428329976e+19,-6.491696077982657e+18,82156.2138127849,-44987.68582416067,250199.53030561245
150,12,-1.8724090935776874e+19,-5.31523353990578e+18,-8.967772574068253e+18,-174235.37846176667,-156628.95725876337,-171490.28630764844
150,13,1.7852145937200296e+19,-3.2796055598796153e+19,-3.213605770718144e+18,-36342.637425343746,52966.15211554777,46490.99069117196
150,14,5.596811778267938e+18,-3.4393130999219334e+17,-6.664213644715529e+18,89897.92813823425,-16109.307340640633,-56824.77978513754
150,15,4.326445728443089e+19,-7.150070382409481e+18,-4.167428480830708e+19,49779.66001248933,140776.8251339814,118066.16841291623
150,16,-8.614269582401149e+18,1.641749435800844e+18,-1.5609835893928331e+19,-17670.08645898489,121735.41641616124,-131325.75028580826
150,17,-4.026630572562579e+19,3.1795453691886617e+19,2.0430499295973356e+19,-228556.2490252196,-233829.5635315215,237206.5233603549
150,18,-4.857461551029254e+18,-2.400351973076851e+18,-2.430454008460873e+18,504985.3438661504,6005.846538143291,-90944.45382371843
150,19,-9.349868393695805e+18,2.2715043051366943e+18,3.436738818978526e+18,-124447.51388099673,306419.32412734337,66253.61389452359
150,20,-1.900681638644923e+19,1.981398963001701e+19,-8.867060999282059e+18,154721.37804707472,-349021.2310880697,10844.178441648073
150,21,3.082810908489641e+19,-5.881036440721273e+18,5.71848857447336e+17,-126163.85720410854,11895.211604004488,309438.80851616646
150,22,8.49195889532463e+19,-4.636145167549783e+19,-4.872903159331863e+18,15319.036755218836,-44706.66871416194,32089.20151333649
150,23,-5.826531089336995e+18,-2.446694236426471e+18,-1.7183450251855452e+19,56763.73683243513,34959.07562298364,-438351.8172907966
150,24,1.0018901806113498e+17,3.45934989351758e+16,-4.253839121283419e+18,-641796.1042600796,15486.048519711849,12479.29511246409
150,25,-9.9750504526774e+18,-4.1335082068104405e+19,3.0372701543882633e+19,-50326.419257961614,150067.04042988073,-53707.6098981728
150,26,6.132860091545833e+19,8.606354833897687e+18,-2.461382567594398e+19,74285.26581241767,-33597.26812221194,97004.17179050943
150,27,-7.032423218929413e+18,1.0355612628858028e+19,2.768964025728656e+18,12804.29320005642,272552.07227475033,-352473.6303005238
150,28,2.0381141427056353e+18,-6.918959164458528e+18,-1.2434955789826396e+19,-79298.11681139954,498785.5745672496,-238392.24275244682
150,29,2.6639449292529865e+19,-1.7542707923233098e+19,-2.3768304276293435e+19,-273951.61376463756,162563.53127812187,-114805.00721252078
150,30,-2.8447394812517414e+17,7.79924442961207e+18,-1.5852595214712693e+19,488064.92076737934,12085.476306366454,162486.76352841698
150,31,5.988425783949533e+18,9.800259545458512e+18,-1.2705005810993514e+19,252984.32820682705,-174806.25027530786,230640.04050997167
150,32,-2.8834803240313126e+17,-9.670856224688634e+18,2.890202396335454e+18,177850.05898648675,246938.3327066112,-56398.111879495904
150,33,-7.137949496307753e+18,-2.0289406169463153e+19,-1.4000646431384224e+19,247415.0403719819,145205.52051594653,-163731.13363162056
150,34,-1.3962743081725192e+19,-1.9699246018672576e+18,-7.728221551013144e+18,573251.8716497127,-103728.29628384161,102300.4234183613
150,35,-7.201260022786907e+19,5.585239440392272e+19,-2.171779536718354e+19,-38429.38891060304,-50887.90569603082,4120.962335370145
150,36,-5.043520946505612e+18,9.819927385138954e+17,-1.4507477084921463e+19,10877.79526599048,-165668.53951234094,283984.8745589995
150,37,-7.05823955272986e+18,-1.4043829926835077e+18,-8.497142857074293e+18,168269.26051763113,-210498.80104390942,260099.96887325202
150,38,-8.697900260013739e+18,1.0922785932947356e+19,-8.333299482102456e+18,43500.6289482781,-11986.912403540839,-107350.26935381127
150,39,-6.467764857830199e+18,-8.860596520881871e+19,1.1017403080811022e+20,-70633.98080255679,-36473.95092228141,39576.27143399919
150,40,-2.1466617682630353e+19,1.6087703162439141e+19,6.143378081794976e+18,275400.2388515535,-45818.94339760063,-297552.0882034878
150,41,-1.0899261006264857e+19,6.084668173179122e+18,-7.4075556547232e+18,258889.68509600297,-81591.48523532691,115859.01990365845
150,42,-1.2254771764992152e+19,-1.0645722155111204e+18,-1.9452258481094914e+19,-61935.72683571014,12928.635516210537,-205012.91519430137
150,43,1.1912371061147005e+18,1.0610812628082565e+19,-8.517937712896924e+18,13000.640197005454,506116.34834101517,-81533.01518828425
150,44,4.244488573086345e+19,-8.227338964852779e+18,2.178038175138732e+19,-117192.99920522637,-31695.158525512288,-44394.35609934002
150,45,-2.0034533199926465e+19,1.4577763686230116e+19,-2.132241352616879e+19,319731.2748128479,127520.19174612743,157697.42055347376
150,46,-6.693809710765084e+18,6.719356087896513e+18,-1.066695673939345e+19,-76698.38761241635,362908.7292322123,375069.8951637836
150,47,1.529444321101732e+19,-8.52707038903946e+18,3.237298707177734e+18,-27767.47733975458,125332.30627959645,-330137.1731178591
150,48,3.604338282388822e+19,-4.023895614887247e+19,-4.359946664401726e+18,-30165.61734916818,-65304.88870418773,-152856.8783194299
150,49,-1.891270586283271e+18,1.6415739707973517e+19,-5.590394173349548e+18,-228177.59217676325,174705.71673771864,-223197.912793917
150,50,-3.086454454222164e+19,1.6370030682635311e+19,-1.6999791689702295e+18,104808.27048031875,-107246.1801835779,-69536.55184775921
150,51,-8.97666581451331e+18,-3.9573634710556943e+18,2.3078143187560346e+18,-34.02903966465874,-52974.243477600714,-159979.23142007607
150,52,1.714620309641717e+18,8.148544592029784e+18,-1.1387854089023265e+19,-175184.66456744162,-268157.6490799373,80769.19182307075
150,53,7.37385232973676e+18,8.596142717729119e+19,-7.55613047691939e+19,-73772.79618783116,47133.17121007802,-69682.41582560872
150,54,-7.342494703699223e+17,-1.2538235540941273e+19,-4.0874775132069914e+17,-272093.1414671116,-171618.9209339532,-181199.825642585
150,55,-3.9656391589351813e+18,1.1486845340435073e+19,-1.083400854033268e+19,-330726.412938493,26928.100299503472,-157107.95230739322
150,56,-9.103034166797775e+18,-2.472850955902367e+18,-1.4192149680973828e+19,-338569.77705567126,60535.761878586934,395246.0975119396
150,57,-8.857128375626178e+18,-9.564300630419997e+18,-1.2329966246090895e+19,92471.00951739358,425587.3654650838,-223841.34389271247
150,58,-2.814799760604871e+19,2.3745630233217098e+19,-5.938416125759745e+18,282531.78361439693,-159095.47614116088,-198474.76255643382
150,59,-1.1387751887393008e+19,1.1201973552103662e+19,-1.6262809159407542e+19,113517.57132528142,117408.8400640495,-241168.52385982312
150,60,-4.2195629561581635e+18,3.602101734789611e+18,-9.717783514637115e+18,-453516.39943004237,115810.32143330004,-68108.95340555576
150,61,-6.753350880567858e+18,-1.066636205894068e+19,8.168117768037234e+18,14471.311786459826,-264137.5739573941,-243139.7200987902
150,62,5.267626292307972e+18,-4.394741150286068e+18,-8.685832671207228e+18,-449614.5730991641,-56387.294330598685,145559.67507822625
150,63,9.091925713912012e+18,2.0895659286786474e+19,-3.7035049396371896e+18,176428.8590225302,-90446.26908956832,-117084.54110229306
160,0,-4.823779440305484e+18,-8.043765471272369e+18,-2.1452575737622585e+19,301519.5547230919,-18273.84732886734,3474.188431468153
160,1,-1.4368688181625231e+19,-5.004433028128773e+18,-9.152828727432825e+18,-2888.411063383648,-251287.2054363962,299520.2292398507
160,2,-2.771292009842917e+18,4.3716927441392753e+18,-1.3943310889911792e+19,206984.75037224265,-64698.626795144926,161516.55449131533
160,3,-6.47726341026223e+19,-1.3450893142313378e+19,-1.2159898793922698e+18,-110956.45716082121,-176248.85743334334,-196710.10571693748
160,4,-2.188054908108493e+19,-4.0680177737641344e+18,1.0003957599511545e+20,-108422.96811053043,-43708.56009905802,83435.26145426392
160,5,1.7434890614073147e+19,-5.416393814606861e+18,-4.4588908729476645e+19,-57109.954281518236,72951.40612979345,189160.53821469098
160,6,-7.283388719161868e+18,1.4424896865788174e+19,-1.1091333971667409e+19,-46063.00829198802,95431.73322191919,-139824.41737638068
160,7,1.048474272509463e+19,4.703615239700452e+18,-3.875741864651101e+18,-442002.574688973,130052.56191080976,-13157.622984049232
160,8,-7.558398207086508e+18,3.4800618809843364e+18,2.3479882155613727e+18,-348899.2889874675,-106488.58524435009,-86486.1922750054
160,9,3.799362782748979e+17,1.1744148852347412e+18,-7.064609820674431e+18,571515.489435914,-217679.99885978847,275664.9658054164
160,10,2.0700751609222083e+18,6.244322251984777e+18,-6.566377986470408e+18,-577041.7658813016,-86936.14039766577,-58050.79024173909
160,11,3.056816054786926e+18,9.188307624610052e+18,-3.41271072925679e+18,21399.980886885816,-139292.98235234516,136829.4568641527
160,12,-2.051304923122135e+19,-7.235074465682856e+18,-1.1729560341656273e+19,-54855.10160179222,-87054.05019391631,-170546.84964943168
160,13,1.7184344065739557e+19,-3.172554968871713e+19,-2.524468328297791e+18,-48613.36650618035,82857.49871198565,40617.323625105084
160,14,6.028273713614927e+18,-2.287387543156831e+17,-7.736921216298427e+18,-42227.41331548724,42529.83627631336,-67758.35457375683
160,15,4.3923286108488794e+19,-4.910108132424326e+18,-3.970647250454651e+19,33575.755737942105,143078.82648471327,131267.3040962472
160,16,-8.226665420103633e+18,3.528993855244775e+18,-1.6525451224845605e+19,66449.05124355301,116491.2582236096,12311.123616116063
160,17,-4.375709416617165e+19,2.8020609406166393e+19,2.4062986496483574e+19,-214089.68787745628,-244021.5319607045,223526.71851731374
160,18,2.8194897883437e+18,-1.6570622387704266e+18,-4.826373036990566e+18,443236.52089378156,83044.26874913984,-206884.85704723315
160,19,-1.0697928622224234e+19,7.054136273188946e+18,3.505963616906755e+18,-44734.517047526446,292151.8011745056,-59756.07691516947
160,20,-1.614065668342436e+19,1.3837341741141246e+19,-8.637193197848117e+18,219668.94666509546,-408232.7578108639,18085.71260169319
160,21,2.8488124327509357e+19,-5.623454641437688e+18,5.331558689283252e+18,-169905.65773202022,20884.60103273173,292318.0863818619
160,22,8.510876704677295e+19,-4.703671439429659e+19,-4.3700129860070723e+18,8692.034246486704,-40889.63930110932,31645.722042065627
160,23,-5.170947003616245e+18,-1.4295066447744722e+18,-2.289660968306211e+19,35070.51154153681,80022.73486364429,-288324.3355510633
160,24,-1.0131922905353153e+19,2.983441907146532e+17,-4.84352245868641e+18,-613855.3866088089,16041.203568766132,-91457.05424859631
160,25,-1.0745960168087402e+19,-3.886237343915083e+19,2.943139047586009e+19,-47333.325353281,163481.6866782129,-65806.21709871538
160,26,6.238394801729897e+19,8.053703383951763e+18,-2.305809586967165e+19,59483.696749381445,-36378.61292355529,100082.16515218945
160,27,-6.570859066776823e+18,1.4018556733269189e+19,-3.707963210131458e+18,40415.23625165528,178438.3873542715,-473831.20958721905
160,28,1.81890576038253e+17,1.7293594397770168e+18,-1.5466963657383356e+19,-162721.32202256343,587158.5215045161,-130792.6676980037
160,29,2.2115955189495857e+19,-1.482574324173379e+19,-2.5448787606983975e+19,-300015.7614335586,182406.89207819983,-97333.06009585118
160,30,6.759748908209913e+18,7.582925842841999e+18,-1.2083813065308928e+19,398992.0850354564,-42521.188028184406,306797.43474396283
160,31,8.797490875887903e+18,6.584400541592308e+18,-8.471062330196665e+18,97717.87223116387,-228555.00442879766,293763.52484608674
160,32,2.2468982932934006e+18,-5.165902106462455e+18,1.2494895784190853e+18,138069.92657647745,327454.51150999044,-159921.41187298083
160,33,-3.174901068062765e+18,-1.731775485417068e+19,-1.642545975224784e+19,252465.83244793082,232722.37939579,-141087.25342175705
160,34,-3.8028687109439073e+18,-2.924992226031727e+18,-6.654432552454258e+18,698094.936076801,-13019.571433509896,58300.558016252624
160,35,-7.256069246386377e+19,5.500558940130362e+19,-2.1640189132561785e+19,-31041.809554348176,-56419.74481542744,5695.582786412118
160,36,-5.126305702810272e+18,-1.0564807911913421e+18,-9.351925188700633e+18,2953.5749994499665,-95436.45983180005,366748.8090096606
160,37,-4.1341252651336714e+18,-3.816895668914739e+18,-4.80871625190504e+18,201586.6286016572,-88201.56997366487,196856.287322663
160,38,-6.9139836958412e+18,9.952420257662206e+18,-1.022812151192429e+19,155160.9564845024,-91685.02994394403,-111510.28574201542
160,39,-7.581359823021495e+18,-8.91644034504727e+19,1.107780952444776e+20,-70514.66517397988,-34313.53137192733,36997.230661615
160,40,-1.6814119289231927e+19,1.5127961788398725e+19,9.809897141586418e+17,318922.60569811123,-80449.8845903254,-360983.73023056716
160,41,-5.743317662133223e+18,4.600225204213462e+18,-6.315513686117437e+18,372807.3450931087,-109023.86478471114,30188.44624412096
160,42,-1.245800598183286e+19,-6.768282676023927e+17,-2.1600904753543623e+19,31318.528091805158,36851.930375572425,-75917.53527018224
160,43,9.800358157762898e+17,1.7444300059179016e+19,-9.667805008766902e+18,-42648.67068720249,361901.93082411826,-61505.160883190656
160,44,4.046399592912402e+19,-8.701937844278152e+18,2.0971928283616264e+19,-134025.9023773271,-28307.278329853736,-58215.02851385416
160,45,-1.4480868282357654e+19,1.6211854142384669e+19,-1.830396378654134e+19,386766.8275887111,72939.08901986433,228842.32658739618
160,46,-7.426004080945953e+18,1.1960932729273326e+19,-5.088663982452317e+18,-17828.03493327785,300141.728142494,320096.38601944095
160,47,1.439483476877262e+19,-6.222035834363918e+18,-2.2749245076492703e+18,-91852.20838434425,169577.99218000306,-366721.9310432705
160,48,3.5464642338660307e+19,-4.114223013179296e+19,-6.785271669670961e+18,-43071.45116980511,-49232.00787666711,-154335.3670780787
160,49,-5.539421613814063e+18,1.7821503260644426e+19,-9.42547842368356e+18,-235557.81062778973,-760.7082117503905,-251987.2132431513
160,50,-2.868554617716682e+19,1.464661056678583e+19,-2.967295731866679e+18,174073.74178707777,-113200.56238508903,-91658.68643127842
160,51,-8.40367787547976e+18,-4.2270545608326144e+18,-1.1470905976841792e+18,76355.78687161584,26960.51532431961,-285007.07964298927
160,52,-1.5939836649484813e+18,3.7843356350681206e+18,-9.81944204476258e+18,-234686.74502520758,-291629.9541146288,115441.05547952294
160,53,6.205408096447904e+18,8.6668420021507e+19,-7.663081398155672e+19,-74316.69061489488,42488.593845745505,-65883.33513693076
160,54,-5.043242581145501e+18,-1.4319791684618152e+19,-3.52468282246365e+18,-271107.8726863863,-52377.5530051351,-212890.1130273957
160,55,-9.13261728186388e+18,1.0952087150169494e+19,-1.2481914545817029e+19,-301880.57851116214,-71862.23174124323,-49672.64912130073
160,56,-1.3780555438185136e+19,-8.753118688558072e+17,-7.703249220541429e+18,-236897.88043617085,117227.01229968487,413388.17388120375
160,57,-7.102331384853316e+18,-1.6238565916206715e+18,-1.5504902444182626e+19,133383.28747071166,566762.4981057278,-158754.0656529645
160,58,-2.330796590868102e+19,2.0794742436576e+19,-9.01728704002523e+18,333822.99147663265,-217105.4462319596,-190114.22273913358
160,59,-9.02833374612793e+18,1.2381381656291265e+19,-1.919264768307839e+19,175697.47249939453,37678.108704735816,-125190.45421887917
160,60,-1.108246692855169e+19,5.425786876192353e+18,-1.0850060499038786e+19,-380275.7515851327,105815.5425271483,-57665.70706232692
160,61,-6.344998044199513e+18,-1.4314842680663474e+19,3.7401132011277604e+18,36062.67787372774,-194186.8042110725,-316143.98796533665
160,62,-2.594044366640992e+18,-4.339079354193101e+18,-6.440211403251547e+18,-543639.8600700579,82386.59455096394,146177.07856234256
160,63,1.1415243569697264e+19,1.8829424684705616e+19,-5.725591337126909e+18,114626.93254351405,-171110.13336138424,-137482.70433662122
170,0,-1.116998325454096e+17,-7.703018744094244e+18,-2.0762584213453656e+19,293517.3074691984,57282.85021059344,81701.61327801495
170,1,-1.357746069353922e+19,-8.02427999323784e+18,-4.337487163587254e+18,98260.29511905886,-130221.40845706273,302553.8791209295
170,2,2.5675669308918614e+17,3.244841611741726e+18,-1.0553917081501123e+19,162929.25249510226,-66180.61698957293,270085.05675636826
170,3,-6.640529941677864e+19,-1.619288076020564e+19,-4.33062169926199e+18,-96132.01417544676,-171289.77605360418,-197926.5426728687
170,4,-2.3583327457339023e+19,-4.756315482094293e+18,1.013127487489714e+20,-107401.93902180619,-43531.59593901795,77970.87629166569
170,5,1.6429648433680749e+19,-4.23242973664945e+18,-4.1351284398188814e+19,-70915.80770667586,77036.42403149756,222407.05931690874
170,6,-7.847081692346545e+18,1.507943020277738e+19,-1.2768603172488444e+19,-24983.542740898454,-5781.223749790756,-74455.7628408158
170,7,2.521631925180659e+18,6.499040549254856e+18,-4.834028810500226e+18,-549383.5321340427,77240.60162849493,-87942.98817207926
170,8,-1.2663558218878378e+19,1.7831173449178511e+18,-1.8229666716833702e+17,-295355.91979062685,-108453.28628413306,-234930.73195040168
170,9,8.847004303199728e+18,-1.8323701425855693e+18,-3.2230569839067453e+18,487318.19737720955,-143619.87202203885,189634.67634063723
170,10,-7.231948998844342e+18,4.2704207822076856e+18,-7.770865783407533e+18,-579109.0949662098,-156177.31366785718,-90965.7268251617
170,11,3.006596298557072e+18,6.15046603311033e+18,-2.293041690613077e+18,-20139.114386141853,-243483.4683189893,-6568.692656903366
170,12,-2.0635958387343954e+19,-8.121535210182071e+18,-1.4157393309816846e+19,33481.33150977993,-26330.455821577147,-135190.9205159269
170,13,1.6308789429595212e+19,-3.0175111205987443e+19,-1.9392891697626737e+18,-62643.83296856096,113944.87622868548,33323.07362870398
170,14,4.3979337778089257e+18,9.49794317189062e+17,-8.187403195696664e+18,-139287.46411992214,101291.35927098902,17339.276636635906
170,15,4.431977634653501e+19,-2.6366159359944474e+18,-3.753415138592644e+19,16546.159480822706,145032.74943987015,144023.75583029963
170,16,-6.501027138388931e+18,5.369682249142181e+18,-1.5339981568835709e+19,148240.30957453582,132514.44918872145,133655.46745436772
170,17,-4.70283517139833e+19,2.4109863260907774e+19,2.7492476754957664e+19,-200740.49590559767,-251273.4372986854,211388.0169872583
170,18,8.845112564215778e+18,4.734046830271739e+17,-8.317761451154885e+18,316921.90387968573,176503.08926232997,-204940.2424198359
170,19,-1.0963456327293602e+19,1.1330974597346111e+19,1.4919950699702316e+18,7752.283551530059,249923.49537775287,-197449.32197824586
170,20,-1.176862691425176e+19,7.038556280695966e+18,-8.368334617464074e+18,332959.0669005327,-446749.6316893955,10272.840655751086
170,21,2.5493080691870155e+19,-5.214839905111066e+18,9.755184236977005e+18,-208855.38468044176,31128.007952094522,267211.8097932778
170,22,8.5194772918676e+19,-4.765189798166972e+19,-3.8744632778609147e+18,2235.025559557455,-37085.77483949403,31159.54167114881
170,23,-4.630657796882449e+18,2.209256526599715e+16,-2.6420058904728945e+19,33671.49250137099,104166.2407893823,-164160.34938749584
170,24,-1.8956608652487262e+19,6.478126452508543e+17,-6.550781716693205e+18,-491745.3851665241,36368.87076124102,-101553.68575222905
170,25,-1.1467000738015547e+19,-3.6171720035732263e+19,2.8289368060221067e+19,-43995.72645440693,177719.68720281165,-79179.66573232674
170,26,6.320540470709905e+19,7.460406734916209e+18,-2.1458395068178244e+19,44614.78663343201,-38761.559596874096,102597.12819058393
170,27,-6.104857811178524e+18,1.5721793381018296e+19,-1.1679132327829613e+19,6725.418812178941,42209.87075818562,-529658.3274353641
170,28,-3.056245681721161e+18,1.0886139441210288e+19,-1.62214081877592e+19,-245302.79307276424,553471.2131876674,19452.828460246605
170,29,1.7151487543655404e+19,-1.1763397831191325e+19,-2.680312484120885e+19,-329935.06836167583,206681.45718878545,-72731.08450061157
170,30,1.2042267486644277e+19,6.341254245079673e+18,-6.461162350028073e+18,260522.81705477103,-116216.8798820661,385437.0834342394
170,31,8.995657596275643e+18,2.791101216718697e+18,-3.8108851820503363e+18,-72195.52931149835,-249283.640912349,270212.4614604674
170,32,3.9226345969122473e+18,6.516335358466424e+17,-2.45129741575524e+18,75647.19634995666,406494.8958476529,-314415.5822656106
170,33,7.521187160803918e+17,-1.2911104260298947e+19,-1.8395209073121649e+19,243050.1816285933,328092.3605910278,-107933.55971838009
170,34,6.679716837436435e+18,-2.2116143735638246e+18,-5.611351531246539e+18,633678.0851853052,121120.32212102102,62380.70887979776
170,35,-7.299211195707746e+19,5.407263826875463e+19,-2.1538623212297486e+19,-23635.92455323632,-61814.45974420901,7161.5077389969665
170,36,-4.698439913155198e+18,-2.093315476749292e+18,-3.237706603733926e+18,36381.95790068098,-32121.121650161007,368901.8889878383
170,37,-1.113815642675158e+18,-4.0830507870957025e+18,-2.6679191776393733e+18,170347.81609733612,57213.22130063231,82865.91286754461
170,38,-4.3376836312635735e+18,8.045093059941124e+18,-1.1707798653500207e+19,163340.54794572122,-153378.55280378237,-77982.17687678653
170,39,-8.692973405648351e+18,-8.968893938850952e+19,1.1134178119607484e+20,-70382.8008327558,-32176.438781553967,34457.90753569603
170,40,-1.1187121001312901e+19,1.3318667023057474e+19,-5.38216288494852e+18,398310.36095283704,-156070.47595751926,-444224.28476587177
170,41,4.4486920226340416e+17,2.671334650318886e+18,-6.49632308733291e+18,387706.86482764216,-123849.17713558978,-43676.0741520782
170,42,-1.1376995959883272e+19,1.8183989269514874e+17,-2.197320863301316e+19,101464.63545804772,74399.14667012637,27014.118251573746
170,43,-1.2538898165808792e+17,2.2161731355181576e+19,-1.0504216195860472e+19,-95261.67298843956,237741.38695933233,-47781.5663587254
170,44,3.820958956299181e+19,-9.115244387775012e+18,1.9937995178834498e+19,-151976.50049898532,-23876.43329313462,-73046.10379713026
170,45,-7.786291765196124e+18,1.6547432940322572e+19,-1.3916864135186334e+19,457389.8769636095,-49048.537362854775,340266.9503854665
170,46,-7.503750358035718e+18,1.6090572370587367e+19,-8.637167209267446e+17,-4101.201159216966,212383.87618279035,213024.13213857423
170,47,1.2134653183309926e+19,-3.032225747246773e+18,-8.232273891750929e+18,-207098.1659409799,243824.87675603156,-379276.2175178804
170,48,3.4687985680018883e+19,-4.179347238908612e+19,-9.224275060507767e+18,-55243.85956028892,-33326.36815591887,-154632.3908070108
170,49,-9.213195226725697e+18,1.625871844423068e+19,-1.3199972128930445e+19,-208872.79524796244,-197732.46549599292,-216656.20018437566
170,50,-2.5284126992034566e+19,1.2722453179946056e+19,-4.605251995583338e+18,260329.47558707773,-133899.10069668893,-116254.13568664496
170,51,-6.455870286254376e+18,-2.8575084569955686e+18,-6.595666219443946e+18,158594.84807735763,159040.3046553937,-370015.6183376361
170,52,-5.239205259581993e+18,-5.311902522816285e+17,-7.639354831338095e+18,-221421.12487156477,-237197.44555523846,169289.1745413738
170,53,5.029000843965416e+18,8.730250048639227e+19,-7.764051360183607e+19,-74782.80409697047,37889.43772008491,-62101.40480722773
170,54,-9.197665515924019e+18,-1.41758126473148e+19,-6.980841095537234e+18,-253348.00339261096,69080.25843897535,-219309.6699555809
170,55,-1.3169477573354215e+19,9.49526650623932e+18,-1.2596526315717941e+19,-205082.41062727678,-111913.84378155753,38987.05475739394
170,56,-1.627768357043286e+19,1.2126102482274148e+18,-1.483681862518724e+18,-85700.42603360387,147571.27600743473,357615.4528232387
170,57,-4.679612759141687e+18,7.930662654187407e+18,-1.698591273642579e+19,160398.83074654764,629478.5477021529,-19349.47861912732
170,58,-1.7474250375158147e+19,1.680477771501933e+19,-1.1869202782871826e+19,413170.12128674093,-292894.7269053884,-168610.45569698603
170,59,-6.056648187895201e+18,1.2442056048769636e+19,-2.0102926855143215e+19,198791.7769902432,-31345.468364148077,16995.99436860685
170,60,-1.6037275863716854e+19,7.15463816838385e+18,-1.1359673763082166e+19,-240401.01739355284,120102.83506361827,-132.95111746652537
170,61,-5.684255429954904e+18,-1.6676846659134861e+19,-1.7233998031929024e+18,44697.27869503585,-102268.28017589173,-371076.31761456747
170,62,-1.076552115086779e+19,-1.8971681311701302e+18,-4.1010109797899213e+18,-469006.4130244253,206928.02993981546,132859.73319149148
170,63,1.2633777874301985e+19,1.5509883689340584e+19,-7.972554358776023e+18,38243.67523535716,-249611.19112304164,-144493.21399218048
180,0,4.402726254074102e+18,-6.319398377734337e+18,-1.891169181653404e+19,277378.5958799823,118543.24537861734,150273.91990793552
180,1,-1.1529360862164562e+19,-9.153292600980776e+18,1.0859305737015654e+17,154101.35828796416,-17758.89613817416,254358.1989275803
180,2,2.701248786564457e+18,2.2785724061641992e+18,-5.4902144860485e+18,147104.26889723472,-56085.15258754428,344907.23471695516
180,3,-6.7810738003847455e+19,-1.8855769174517084e+19,-7.457907588053678e+18,-82155.04949508031,-166212.49883084407,-198343.36781260086
180,4,-2.526971281020452e+19,-5.441677197138039e+18,1.0250099538230215e+20,-106345.49813649162,-43336.582916330495,72669.11316565426
180,5,1.5168352483329417e+19,-2.989314549228287e+18,-3.752053621337939e+19,-90474.12618127244,80403.87645082611,265293.07401777967
180,6,-7.880785517714919e+18,1.4154422107859528e+19,-1.3946688277829095e+19,16046.244020180926,-116248.08420948588,-83026.99200994974
180,7,-6.191046303805194e+18,6.841047398328332e+18,-6.627793730385942e+18,-547054.2910380062,-17600.993452699087,-153452.7853031346
180,8,-1.6739571522489661e+19,1.6595150207447658e+17,-4.749273598296249e+18,-212794.81710353203,-75846.91217525156,-317791.502910863
180,9,1.5535036148941222e+19,-3.236213109297982e+18,-1.0647174428705751e+18,367563.7907110325,-44551.197392947106,98139.83023474668
180,10,-1.5805002206266675e+19,2.0595584362709821e+18,-9.074770301010462e+18,-495234.0796843588,-121209.87025927051,-62539.48788738561
180,11,2.2954989465325926e+18,1.771848146087217e+18,-3.784416068338093e+18,-64261.36080114914,-298036.5222731958,-178969.31908700345
180,12,-1.95601168481971e+19,-8.058638052668015e+18,-1.5962411973631508e+19,101199.30073007729,34972.1199154249,-92253.00323789049
180,13,1.5199716199357592e+19,-2.8118174405774586e+19,-1.479052157611323e+18,-78175.17384199261,147276.3074985275,24833.950414946692
180,14,1.5754082308713633e+18,3.071938327967544e+18,-7.251596707337697e+18,-201608.69600608895,150709.7007284735,103487.96839448312
180,15,4.444093688677178e+19,-3.3531904940161926e+17,-3.516249724097238e+19,-1358.9066630455868,146577.88883420883,156572.14828755596
180,16,-4.09578514161466e+18,7.833455912713178e+18,-1.2332286636171411e+19,144244.68065705532,174012.21496609895,236779.21470017242
180,17,-5.009757913080858e+19,2.0101536337002172e+19,3.073956132052128e+19,-188466.88978929777,-256489.1087544262,200347.29394627362
180,18,1.284220883920774e+19,3.149604871774441e+18,-1.1045371870294383e+19,183134.77271247754,161619.11248094696,-151425.80929304752
180,19,-1.0399856237783669e+19,1.4851390238479772e+19,-2.537504614708241e+18,62710.704138983354,190894.6461414175,-301232.4017012306
180,20,-5.960517475719472e+18,-1.561330959834629e+17,-8.182845932253235e+18,388929.2150071183,-440180.1603095645,14772.520863876936
180,21,2.192000029426895e+19,-4.636929428955979e+18,1.3724628015844665e+19,-243249.6287265488,42152.7055675435,234470.8457952507
180,22,8.517999933462508e+19,-4.8206967952465945e+19,-3.386882291381783e+18,-4087.4072999702707,-33266.02556515016,30636.89456890786
180,23,-4.1001662985494676e+18,1.8349151032722752e+18,-2.8188682040069992e+19,34372.43452878744,124710.66877463319,-61183.1633662233
180,24,-2.561520676327994e+19,1.521244920871635e+18,-8.052739166397624e+18,-355986.2132671342,71869.36000440449,-90059.29466942251
180,25,-1.2131880047238398e+19,-3.3248557267569877e+19,2.692499820008598e+19,-40172.110229478356,192998.7951794477,-94032.26175695927
180,26,6.379090853745473e+19,6.832229178366146e+18,-1.982283746630388e+19,29559.838594706394,-40808.18091203018,104638.6437136138
180,27,-6.316396341354794e+18,1.5100015803046885e+19,-1.952449348530553e+19,-12360.542757755135,-103379.0287103296,-419369.74576383876
180,28,-7.5296939711785e+18,1.8772281064172438e+19,-1.525030017621309e+19,-296755.0632393756,414119.4222410721,93114.2744348584
180,29,1.1683856992638314e+19,-8.266867714240422e+18,-2.7677925732582957e+19,-363475.16649438755,238028.58157573512,-35093.1439717475
180,30,1.5024563944042105e+19,4.0514311305477007e+18,-6.957713269054614e+17,127757.20357638446,-165759.8188465363,332701.3590149858
180,31,6.887054005864428e+18,-1.0039224774265119e+18,-5.250086131881774e+17,-188818.899973178,-216602.494236338,144728.5733632262
180,32,4.3839795335375606e+18,7.032272902914501e+18,-8.104048777290584e+18,-26331.43168502085,354779.3117739891,-372549.4536609678
180,33,4.424835844093954e+18,-6.78066957424164e+18,-1.9797410614800097e+19,221086.80592195757,451360.2200927766,-59458.13353323537
180,34,1.5842599905044824e+19,6.352390676211965e+17,-4.951385792848179e+18,515965.0168282252,216996.0144389946,26894.58866627158
180,35,-7.330631041578937e+19,5.305534750525201e+19,-2.141462983032872e+19,-16176.41215188873,-67118.26869217402,8543.129330975966
180,36,-3.87054929415084e+18,-2.0162403015846879e+18,1.4848922925771405e+18,68598.80358370177,37547.122217673925,226858.79786797854
180,37,1.2727313346650158e+18,-2.0983337442336922e+18,-2.1060574053184558e+18,138816.38596957893,193716.30462966854,-12915.304151033164
180,38,-2.1925841308557998e+18,5.496279082642587e+18,-1.2545637509331538e+19,101153.93787392738,-155856.548303171,-15371.327981781073
180,39,-9.802402164930984e+18,-9.017992645965293e+19,1.1186570377780963e+20,-70237.47017448182,-30060.87067613097,31956.94981993715
180,40,-4.6074816626936535e+18,1.0227992419102292e+19,-1.3005970616916392e+19,415113.6491365421,-224658.39988951126,-508567.986712152
180,41,6.12450846212722e+18,1.1968110629244547e+18,-7.195989751559649e+18,299243.1749952917,-55123.52638009829,-35354.360295068895
180,42,-9.371310590045934e+18,1.709128327482367e+18,-2.0731711692191715e+19,150523.50883522787,120608.32165148362,132701.5130343856
180,43,-1.9442160899608256e+18,2.4964949334673523e+19,-1.1271737237797306e+19,-132237.23538529986,117933.74910918993,-51796.68544261181
180,44,3.5658204363428717e+19,-9.448149625647931e+18,1.8659419259307885e+19,-171794.73408306343,-18047.439028965375,-89291.6027869806
180,45,-1.0703430764872481e+18,1.434722708320219e+19,-8.702933359293126e+18,382144.7128904599,-210766.07223102308,297314.3070274754
180,46,-7.522392158078794e+18,1.8679138962865787e+19,1.7594143468112806e+18,2868.0204521523833,120857.40620651828,124389.92779171883
180,47,7.915715480825014e+18,1.6336561261541765e+18,-1.3645319275056458e+19,-310198.9082453669,332441.56271957455,-296387.0226497281
180,48,3.37251759981088e+19,-4.219392270847995e+19,-1.165986862100533e+19,-66671.89745232613,-17420.307623662335,-153921.90715976784
180,49,-1.1465004316122976e+19,1.221099165189086e+19,-1.5822285171676873e+19,-70705.64375099208,-294493.12211248925,-98630.32029909371
180,50,-2.0348419634047537e+19,1.027328477034293e+19,-6.655126730289666e+18,369469.62178486644,-183636.6448997297,-145618.24107990865
180,51,-3.8440474342266465e+18,7.590013055223852e+17,-1.1869694951862854e+19,163407.83258043168,286677.86201967206,-286969.172187053
180,52,-8.533802050489966e+18,-3.4448976369082947e+18,-4.955929449065374e+18,-190162.0391583548,-122238.73916170272,155579.15030807848
180,53,3.845829243622648e+18,8.786431830113473e+19,-7.859068118395704e+19,-75174.63452164849,33328.86272764288,-58337.996446067875
180,54,-1.2957169657019005e+19,-1.2221527756439964e+19,-1.028440553853047e+19,-219869.1155596945,174940.12697879912,-197392.02666748886
180,55,-1.5487290800931365e+19,7.624646035124608e+18,-1.1418178964837771e+19,-91605.09916941186,-122627.1482874217,101670.35389187312
180,56,-1.6569928255416476e+19,3.5189160887939057e+18,3.146229698947084e+18,27200.052877149712,139135.18373135378,221816.2870107063
180,57,-2.8097011189132477e+18,1.7945784948793637e+19,-1.6352330753022607e+19,53958.42299096034,598650.6765077478,85456.84833411606
180,58,-9.88788074874282e+18,1.1470044574543536e+19,-1.4287463674673488e+19,554861.1350420396,-367285.7967766735,-138911.83428229752
180,59,-3.004016778591596e+18,1.1692629658344972e+19,-1.826765364222893e+19,167150.18830720044,-50196.9892355373,206667.09801109467
180,60,-1.8564987290256773e+19,9.0372198378901e+18,-1.1006421317521992e+19,-84429.99504106473,107460.59379414738,43903.847883782575
180,61,-4.990112983719192e+18,-1.7522386786024307e+19,-7.753183532901648e+18,43538.89145511429,-6368.337532423854,-386711.9002565015
180,62,-1.7540805064629932e+19,2.067995727648836e+18,-2.365039899508824e+18,-383898.0570200146,274587.55688793707,71696.06565453275
180,63,1.2583174502054009e+19,1.0956045470603071e+19,-1.0195375379171977e+19,-47188.832975443926,-328603.800001761,-135627.4263814646
190,0,8.481318379942912e+18,-3.7943269339755023e+18,-1.616158479132095e+19,231547.7527252736,203718.13683235942,196833.04644275017
190,1,-8.815356876055093e+18,-8.736617686932763e+18,3.5930851585356995e+18,188087.36211359405,66099.11004215517,186357.2876335456
190,2,4.2221580642043587e+18,8.341546668976722e+17,-6.445969408000329e+17,44826.33878537295,-121230.99760878069,242859.4280664957
190,3,-6.9002361469643194e+19,-2.143725397797447e+19,-1.058660264216093e+19,-69031.1291693244,-160964.4564311424,-198132.52150777393
190,4,-2.693915910036903e+19,-6.123815172647625e+18,1.036068274592293e+20,-105255.11478630255,-43122.56441277598,67524.19309165412
190,5,1.3495295607165876e+19,-1.6877748420351145e+18,-3.290380345849649e+19,-125229.00984595904,85709.17912062947,322230.5699950566
190,6,-7.17485544165902e+18,1.1201182322646405e+19,-1.5155598466555263e+19,80788.47177495697,-248836.23833937736,-61117.18855565721
190,7,-1.4554543688201218e+19,6.397674001952016e+18,-9.59963816393894e+18,-522544.17319942144,-30270.456235371996,-207122.38551320546
190,8,-1.9578009611974062e+19,-2.2843936552947117e+17,-1.0096828280192203e+19,-160000.2398863236,24235.93970412021,-349833.9789877372
190,9,2.0669724221419606e+19,-3.4683353606037806e+18,1.575008661253399e+17,286368.6097835924,9499.852722660306,61898.78189522522
190,10,-2.2793139564923486e+19,4.600352761230216e+17,-9.580070503983315e+18,-377112.8646105645,-84095.06995665454,-12039.502288196472
190,11,1.2127818234109033e+18,-2.509760143630706e+18,-6.746847375972024e+18,-71965.97135460786,-232554.21489048135,-178723.77318028006
190,12,-1.748165514762642e+19,-6.9973581656826e+18,-1.6997028513874297e+19,160478.55211919066,99763.40858219951,-35408.01801668674
190,13,1.3833347376540273e+19,-2.5506461125720162e+19,-1.161972757505837e+18,-95363.67642342177,184689.15517576056,15068.122816962097
190,14,-1.524338089967245e+18,4.979023374527041e+18,-5.621120809418363e+18,-186158.565933114,93575.02368952041,77746.0564641954
190,15,4.427063006463507e+19,1.985562780244385e+18,-3.259324347209478e+19,-20471.43249850745,147448.38822159235,169089.30996177476
190,16,-2.0263446980176632e+18,1.02913735083116e+19,-9.055426003259052e+18,127925.6641259804,116117.49937196357,160789.96820214504
190,17,-5.2981173302883295e+19,1.6024161391561794e+19,3.3819370339022217e+19,-177205.80603148838,-260072.3820086028,190160.52544664696
190,18,1.465554989703981e+19,5.839388462735341e+18,-1.3165324710445875e+19,38821.860051633834,173485.60482682858,-116704.06755395683
190,19,-9.09998283110826e+18,1.7164962592901186e+19,-7.805685901854701e+18,99485.0491238979,100568.29316944136,-361781.8473210757
190,20,4.640246813998752e+17,-6.204783523355171e+18,-7.816136475753555e+18,422287.25846203463,-314609.7896371054,34629.92139359228
190,21,1.784734525367632e+19,-3.8873185670297134e+18,1.7111122042412204e+19,-271803.44819869986,52659.87921874792,193515.62247547082
190,22,8.506631630963602e+19,-4.870150636981316e+19,-2.9078005398164024e+18,-10307.683721681704,-29410.436368944924,30082.49129364591
190,23,-3.4938028107603845e+18,3.939280362623008e+18,-2.83177831442947e+19,45719.4578669993,141444.156616116,48008.24311972626
190,24,-3.027428975627964e+19,2.7845443140722565e+18,-9.414643940962456e+18,-237918.06861732065,83847.90102652174,-83081.12522385782
190,25,-1.2730178267662002e+19,-3.0074361064549925e+19,2.5312602909053514e+19,-35464.254819970294,209576.74390093583,-110678.81340128527
190,26,6.4136831995706245e+19,6.174112076807283e+18,-1.8158393464619008e+19,14233.958520072061,-42563.47306369746,106268.8428001161
190,27,-6.344387490078534e+18,1.2825501552329597e+19,-2.4899572259566535e+19,11996.453993511595,-179505.1058763985,-275391.93456333556
190,28,-1.1798712755180044e+19,2.4246019692465783e+19,-1.3582390821284942e+19,-244153.40809341578,298269.982133271,115359.02463402633
190,29,5.720349492946423e+18,-4.1982270892124145e+18,-2.7781236853540573e+19,-389200.7185534291,279615.37432243436,26489.534355306114
190,30,1.6399249429437274e+19,1.308033787291012e+18,3.9873204551803694e+18,52519.0347581674,-177706.10605584452,263899.1409224183
190,31,3.083738722898978e+18,-3.737013601985882e+18,6.747592035347821e+17,-277534.8102265764,-119670.4467507189,8632.431105739943
190,32,3.2704566306406774e+18,1.1815653274364318e+19,-1.4066232948609952e+19,-122216.91657621265,243471.96342809772,-385927.3342711091
190,33,7.692770917294581e+18,6.860643996704963e+17,-1.9842239898851406e+19,182388.0508852883,488631.9638438515,49172.37517135554
190,34,2.309613854953928e+19,4.178658462257236e+18,-4.624163850598061e+18,411052.82850434066,223874.1203868742,13599.871231935807
190,35,-7.350202935309977e+19,5.195474946974365e+19,-2.1269289754720104e+19,-8606.510125008968,-72383.39347832304,9873.341923052494
190,36,-2.5653668758705126e+18,-1.1079398316266461e+18,3.983224756782071e+18,96833.20999594612,70789.20470060123,94055.50399887293
190,37,3.444281113343648e+18,1.746693469337861e+18,-3.268414562509503e+18,130044.23784902578,255611.66579241716,-115304.6319510077
190,38,-9.490988803087278e+17,3.4114867475479977e+18,-1.2538793859638145e+19,69378.86716255984,-93581.97514247373,-12056.669942508046
190,39,-1.0909419558863333e+19,-9.063769692878681e+19,1.1235046254588843e+20,-70076.82412618975,-27966.209385603473,29493.790090613657
190,40,1.3739614510110653e+18,6.574177612253123e+18,-2.0280430354154303e+19,347992.1785824832,-238742.34480255737,-375042.34788753313
190,41,9.76956754580506e+18,7.018311073856993e+17,-7.671687065453208e+18,170108.1155582382,-10186.296663518177,-35029.9262129732
190,42,-6.546498255506733e+18,4.1159033002104305e+18,-1.7702177310628426e+19,216923.58312350928,188664.59492957403,250207.63529722305
190,43,-4.216129783646638e+18,2.5919779425031733e+19,-1.2218626626427357e+19,-151308.6777458508,7858.577900976989,-71610.07883499152
190,44,3.2775479471790453e+19,-9.675146759246307e+18,1.7109881590386135e+19,-194047.49692331278,-10357.06518331677,-107543.5575712213
190,45,4.494906812040597e+18,1.008449925281007e+19,-4.594463523438804e+18,323643.2403326716,-324640.14470670355,219133.54365490138
190,46,-7.413212167889473e+18,2.0038710316916204e+19,3.1742916769871227e+18,10897.840879727539,54592.98713023912,58045.21710736496
190,47,2.366600475713433e+18,7.028939065688204e+18,-1.7614610704159349e+19,-410003.4054602466,345370.8573965247,-208682.16944885356
190,48,3.258734125033738e+19,-4.234243191479672e+19,-1.407689669462164e+19,-77458.9854390936,-1360.9157586280508,-152291.7199099436
190,49,-1.1344484410700005e+19,7.262148145238284e+18,-1.650330946673342e+19,68493.65424093138,-325742.8447324902,7085.875072917197
190,50,-1.3686496961804595e+19,6.745605354365832e+18,-9.313732002989875e+18,462302.30308626627,-262473.9512509925,-191007.5211532232
190,51,-1.2220284323688415e+18,6.046307785925396e+18,-1.5810796864693776e+19,174790.0471350529,386564.9582972321,-230944.0826218456
190,52,-1.1142632188867461e+19,-4.670324641848739e+18,-2.815307308150463e+18,-140820.74077928974,-41352.58932935068,116973.73922797469
190,53,2.6570338368625546e+18,8.83545036691797e+19,-7.948164033880973e+19,-75496.66453060006,28811.53060270312,-54597.505638053546
190,54,-1.6098069831370222e+19,-8.721140297986631e+18,-1.3213967725778487e+19,-178908.74965626863,267967.81365919905,-174769.47492207418
190,55,-1.6280319661203069e+19,5.634539406460624e+18,-9.347894970683615e+18,7124.162887177574,-118041.22114311522,156034.10295836412
190,56,-1.5778435172790614e+19,5.636933752661112e+18,5.751366021601028e+18,70217.73529972302,129327.54612068085,116448.76300388164
190,57,-2.437576610450275e+18,2.6483813702373634e+19,-1.4589437401883781e+19,1337.6585149243315,494618.7526664969,137885.2739928352
190,58,-4.850428820215329e+17,5.719897989068994e+18,-1.6026674941258981e+19,624025.6494197961,-358762.47393177246,-82217.76280145205
190,59,-1.0059437305287156e+18,1.0110548709445825e+19,-1.4065131067362722e+19,103183.9011545966,-175181.6244754931,293249.2383517574
190,60,-1.881343166426241e+19,1.0105456717956628e+19,-9.813827313665645e+18,54924.68842730548,17081.108125554663,96014.47314952215
190,61,-4.2729576624149514e+18,-1.693290369173618e+19,-1.3793211675693105e+19,48814.03688131448,79685.77509381718,-375703.96902975027
190,62,-2.279464840295801e+19,6.355714542348328e+18,-1.97779437032667e+18,-284853.5807458616,264448.771198823,-16021.978522485375
190,63,1.1094996136714752e+19,5.102945463458726e+18,-1.2295123415586816e+19,-134575.65191148754,-402820.63899237465,-133525.23367485547
200,0,1.1408567703814062e+19,2.369066151408388e+17,-1.2729200830626126e+19,117150.05922597433,301043.3979363797,223449.48371661277
200,1,-5.609254166788669e+18,-7.175917494609036e+18,5.974376867978129e+18,218946.82409609391,129463.0404139345,113647.83762943071
200,2,4.4071530138948623e+18,-1.0454112782593553e+18,2.2034107229879212e+18,-18270.979104776707,-114251.25980477592,130145.93020985552
200,3,-6.999361012116052e+19,-2.393441757567968e+19,-1.3707946313059125e+19,-56754.41073901423,-155525.32586474353,-197431.037604702
200,4,-2.8591147052865585e+19,-6.802414547023473e+18,1.0463270712533154e+20,-104133.19717543318,-42888.00388587189,62534.92911472611
200,5,1.1099793384504068e+19,-2.0597933550332387e+17,-2.7268771319425724e+19,-183089.36184855565,106174.32906842466,397430.0655508261
200,6,-5.232150722532409e+18,6.547386548518497e+18,-1.577623686078099e+19,167457.0745017448,-326434.1603169342,-12581.301224101606
200,7,-2.20966835605732e+19,5.644711123144144e+18,-1.2682442222613232e+19,-440013.6143801858,-67685.96889343958,-183661.71230703272
200,8,-2.1720097486113546e+19,6.312019301539379e+17,-1.5284970712424102e+19,-106684.9573600061,78130.30586361176,-303239.77485986584
200,9,2.4643325306691342e+19,-3.0952296123723325e+18,9.628382683372884e+17,219679.48655253666,33964.287668690595,40831.59446597766
200,10,-2.785522636442429e+19,-5.474140812688981e+17,-9.85254911489148e+18,-275854.1313762439,-42286.361337327886,-24873.27714974938
200,11,2.1667596933673754e+17,-5.65046156076005e+18,-9.570949579433777e+18,-50897.27694950693,-158501.47085319003,-178558.30945470007
200,12,-1.4637031717835526e+19,-4.879437712911457e+18,-1.7000433697861472e+19,194489.53727868898,171597.02186601088,30885.937553093707
200,13,1.2175900090678442e+19,-2.224966649511854e+19,-1.0184810780644776e+18,-115297.0193852855,229970.38255448447,2278.0579709408075
200,14,-4.161967770636967e+18,6.241516968100139e+18,-5.079038226056959e+18,-145202.41316440637,67593.96693257953,-12944.887836806301
200,15,4.378624870293303e+19,4.311700110043916e+18,-2.982640034906973e+19,-41245.73433041105,147141.93633725864,181612.42815822124
200,16,-2.7551842205938144e+16,1.1249943181363016e+19,-7.268106103473193e+18,122554.16807695915,-32.58776831627529,71905.5531495434
200,17,-5.569501299220187e+19,1.1901461983839613e+19,3.6744662985832493e+19,-166951.42972738232,-262276.6003739277,180762.69626114858
200,18,1.4194500583816229e+19,8.135290931247377e+18,-1.4846709245607404e+19,-88579.58555668282,113227.98702934061,-99043.00643704839
200,19,-7.267850988146425e+18,1.8074157509352583e+19,-1.3717037794809321e+19,133321.31589806988,16668.269101412476,-379558.1981584531
200,20,6.931042710437589e+18,-1.0014165235425724e+19,-7.264238313172296e+18,389447.9417633471,-180063.33525544486,28438.688816183778
200,21,1.3381232552217645e+19,-2.9862306577503053e+18,1.9797993875574915e+19,-292927.8739403557,60994.347331218225,146173.4672744337
200,22,8.485506410291356e+19,-4.913482501671897e+19,-2.4377197923751183e+18,-16460.703294485724,-25503.764974681388,29495.5457494121
200,23,-2.54321819386883e+18,6.239756629606977e+18,-2.660373687183411e+19,74067.02937091977,145392.05560185993,166911.2376829301
200,24,-3.3218686122985873e+19,4.068196124050533e+18,-1.0677716265901138e+19,-137879.05707758674,76488.87289943628,-77024.01602919315
200,25,-1.3243109729318373e+19,-2.662710956388095e+19,2.342096334187159e+19,-29230.74282013741,227629.06295820716,-129488.3536718244
200,26,6.4238248155726045e+19,5.490380410719012e+18,-1.6471037285655687e+19,-1448.6378386762003,-44058.475600171754,107555.87074572849
200,27,-5.854628773781082e+18,9.56668919940639e+18,-2.839766977180216e+19,52242.73749327007,-229658.6369805698,-168342.39248819614
200,28,-1.5281341058744924e+19,2.841382809084429e+19,-1.1689742866454813e+19,-199548.39371749616,233450.3005305793,122096.15310249856
200,29,-4.7674163804475814e+17,6.430918209858897e+17,-2.666723973372317e+19,-388949.77604372206,335084.24794085056,119733.66684360553
200,30,1.6794833560933722e+19,-1.481264454501021e+18,7.704954815604548e+18,130.51849816045797,-174398.0410375005,208995.1380013232
200,31,-1.3827638141372227e+18,-4.881059332472447e+18,1.054948441255392e+17,-280462.0499697011,-32849.30642475341,-68152.26277475095
200,32,6.408066424462584e+17,1.4357366690436106e+19,-1.995471434641551e+19,-199040.8439810508,82715.40931570213,-350167.0052021642
200,33,9.764590865971927e+18,8.369297090395256e+18,-1.8286785771895818e+19,82588.36095153452,458659.4441868176,141430.83378007534
200,34,2.902481289105124e+19,7.609771911202227e+18,-4.518914025773025e+18,345249.7455936843,210468.06882519706,434.9455465644022
200,35,-7.357692738445793e+19,5.077100691794961e+19,-2.1103164274390856e+19,-847.1418504472409,-77666.51862105099,11181.048659581284
200,36,-8.247090742915218e+17,1.4950387724842464e+16,4.526992016731828e+18,121502.92830707917,65780.29387708718,-23244.4583195462
200,37,5.128144176213286e+18,5.48369333575327e+18,-5.515874996804636e+18,81442.92211500398,219327.52701886496,-176811.025256171
200,38,2.8619569412978112e+17,2.595887887258967e+18,-1.2955175588295862e+19,80085.13449146855,-16488.712603248612,-24717.591605330315
200,39,-1.2013770049432103e+19,-9.106258558788965e+19,1.1279665288733137e+20,-69899.21132785153,-25893.20997775454,27068.24765147474
200,40,6.428374778561804e+18,2.799879388425331e+18,-2.48679479503961e+19,295993.1614553477,-243580.13471854295,-231004.1857401793
200,41,1.1555727854885016e+19,8.056418597748997e+17,-8.694631587625809e+18,54910.59590396923,16339.205680583378,-105829.03986661512
200,42,-2.6278509982113956e+18,7.558614712128213e+18,-1.3245612601422821e+19,258135.35546273473,225063.79173434983,293793.1440364966
200,43,-6.617117037540713e+18,2.550684294631886e+19,-1.3397080054629036e+19,-153342.27733306118,-58406.30546518485,-72217.91653633081
200,44,2.9518256467917844e+19,-9.761197993081004e+18,1.524806135273393e+19,-219485.53267264253,15.507740225026055,-129193.20035811819
200,45,8.971562912987548e+18,4.2084563266622797e+18,-1.801206648176623e+18,235662.1835637544,-407897.8797936508,129499.40445804491
200,46,-7.180855882348872e+18,2.0464031769381245e+19,3.663686961654574e+18,18448.28178164019,532.8042640167482,5730.2113307285
200,47,-4.3727312095607885e+18,1.178018687619393e+19,-1.992607254846177e+19,-413200.68992870033,258287.30123651426,-91186.22813764705
200,48,3.1282938389580812e+19,-4.22348535668083e+19,-1.6461279851687262e+19,-87826.82204039676,15090.025551137596,-149785.1361123239
200,49,-9.489620857687167e+18,2.2486230019823995e+18,-1.5631880024564951e+19,167844.4679690167,-298789.4726246675,98689.98409223315
200,50,-6.242685572325634e+18,2.6237282964378445e+18,-1.2567971677277508e+19,501080.8118985754,-243204.1488654222,-220838.56328996163
200,51,1.6336813949996849e+18,1.1872545871698737e+19,-1.9142224295769485e+19,152658.11229011288,342263.13118190586,-187232.58420042228
200,52,-1.29490812429459e+19,-4.857634626573656e+18,-1.270205962534651e+18,-86905.7239523677,15267.331731499491,78315.6645937064
200,53,1.4636557673994606e+18,8.877381901254119e+19,-8.031378024488667e+19,-75757.3871082185,24347.555311275442,-50882.30996738859
200,54,-1.857252074927463e+19,-3.7808599351966167e+18,-1.581988915003177e+19,-132373.750381737,355824.67247861496,-152227.3414449114
200,55,-1.5530839335399442e+19,3.964077033691903e+18,-7.434532833377098e+18,70805.33970137143,-99800.80610532372,89754.07662232415
200,56,-1.4387153947951088e+19,7.577321895964296e+18,6.987129320860773e+18,105647.55883610893,115918.3270669659,43477.84232284912
200,57,-2.704365367225018e+18,3.3542446541482512e+19,-1.2224902298642231e+19,-28647.65299635168,406482.2857077588,153554.0971575167
200,58,9.07356054280722e+18,5.617872370138698e+17,-1.6990581285804818e+19,588939.9411829575,-316431.56489545404,-20681.165248735728
200,59,4.968524527849587e+17,6.624239941375076e+18,-9.79404979640068e+18,80263.78261835536,-249242.57728655692,250540.99037183536
200,60,-1.7206847673046557e+19,9.518999050950726e+18,-8.405397417229167e+18,132001.3378144103,-81493.2464234261,76314.98998407341
200,61,-3.414506159130913e+18,-1.5050117315502561e+19,-1.9525891560668885e+19,60570.79302630819,157814.89279557552,-348549.86955386144
200,62,-2.6684382185111822e+19,1.0306225047521315e+19,-2.6749321568298327e+18,-213060.11554689464,235169.82166973414,-67596.77990632014
200,63,8.29935937584858e+18,-1.2884034935723745e+18,-1.4378328120078223e+19,-206882.37004861175,-388705.8240846188,-131709.80073025855
210,0,1.235119445125912e+19,4.876098879911666e+18,-9.377294061192225e+18,7465.915105699216,279099.91937214724,198827.2899799865
210,1,-1.9338540881145956e+18,-4.712763102124954e+18,7.083496029272379e+18,245424.59767858425,180464.29975275014,25346.041321443576
210,2,3.679878665463549e+18,-2.662724120687851e+18,3.658380254678728e+18,-73486.40347465881,-86476.27281027671,57496.55199458479
210,3,-7.0797672279276e+19,-2.6344368804736803e+19,-1.6814994591092859e+19,-45298.753140657616,-149915.32748744776,-196333.11261417004
210,4,-3.0225212348686754e+19,-7.477150999824238e+18,1.0558108833328885e+20,-102984.34073461576,-42632.97734242584,57700.843270015495
210,5,7.600094403205059e+18,1.69966791047354e+18,-2.0371612350147117e+19,-250127.38226890677,124876.15345038268,470997.8300009952
210,6,-2.1019507254819707e+18,1.1229445703688005e+18,-1.5467005148026962e+19,232813.202026657,-358925.5581318579,44832.092344136254
210,7,-2.857504159919976e+19,4.266108391255903e+18,-1.5481554076364122e+19,-383228.1320105248,-101747.14476708315,-169480.07178971416
210,8,-2.2988073843884085e+19,2.0786005477604682e+18,-1.9598746680330674e+19,-55454.13853556611,101767.74636843859,-242546.44618399336
210,9,2.766588269139759e+19,-2.4697984167762033e+18,1.4510363701786563e+18,165047.97423006312,43815.03823096484,21079.033992420595
210,10,-3.169266140062989e+19,-8.535416738250143e+17,-1.0389147590004173e+19,-214055.22211518208,3952.3948486745626,-44268.16081567038
210,11,-4.2122394264878394e+17,-7.347714716713214e+18,-1.2420286581246773e+19,-27903.182077383357,-53482.25308099989,-185397.54760782566
210,12,-1.1211363897351231e+19,-1.6122503292479608e+18,-1.6201689320660865e+19,248548.4411785297,236857.80190709198,68198.69031428511
210,13,1.0185103701914702e+19,-1.816927546439945e+19,-1.1396052143231267e+18,-136294.81496085497,290277.54000034346,-20234.191684436333
210,14,-5.957487850333317e+18,7.044038809153819e+18,-5.920552747122929e+18,-82212.61253067634,32688.7383375771,-83821.96143309191
210,15,4.295816932155431e+19,6.619187285703251e+18,-2.686224622232715e+19,-64089.21262792227,144933.7074306974,194083.7977002644
210,16,1.869566562336988e+18,1.025144673674562e+19,-6.695005198658793e+18,122542.42788934176,-122386.45532034559,-5872.601020324956
210,17,-5.825494473574018e+19,7.753159218597542e+18,3.952801760586258e+19,-157690.59843361352,-263363.37857962673,172171.98120314162
210,18,1.2032431346210748e+19,9.361737761178403e+18,-1.6219633397912394e+19,-180834.27830460627,44418.9155785693,-69249.2747553812
210,19,-4.963322979190202e+18,1.7668559603888138e+19,-1.9690425193147945e+19,150750.984269556,-69591.73833425523,-376159.5816181417
210,20,1.272786319361245e+19,-1.216980977270683e+19,-6.974845941236605e+18,344773.3100572523,-100054.10853273034,9530.666712613418
210,21,8.644361250137572e+18,-1.983363480035219e+18,2.1707858274342044e+19,-306259.1129854667,65463.24335537656,95692.39462275278
210,22,8.454701723685785e+19,-4.950599875829945e+19,-1.9771905902221135e+18,-22582.85638895167,-21530.64841818865,28870.211468691276
210,23,-1.431245983486867e+18,8.211255994167428e+18,-2.3278168692372283e+19,56193.016696007995,102003.77828046143,247533.9091682667
210,24,-3.4680478359220298e+19,5.139728886937941e+18,-1.1861370070675063e+19,-48416.95513953322,57350.206199646826,-74648.68869893081
210,25,-1.3641064448783938e+19,-2.2883091854633808e+19,2.121326095877392e+19,-20779.190093365327,247184.30537519505,-150798.8554693211
210,26,6.4088674333615596e+19,4.784992122573685e+18,-1.4765607480590141e+19,-17600.40860917634,-45313.054042038246,108568.60848049702
210,27,-4.715046732441689e+18,5.691143716733179e+18,-3.0141800516872827e+19,85660.83156372083,-254399.82799616252,-48883.55639103796
210,28,-1.817215079135103e+19,3.169054713530345e+19,-9.774217163492e+18,-168983.7959722835,183840.3117647179,119954.94632498827
210,29,-6.432246399066436e+18,6.257033765545382e+18,-2.405221866499261e+19,-359680.8882096602,367980.43837828015,204699.64369860492
210,30,1.6461495282166868e+19,-4.1688130950613197e+18,1.0617158431691332e+19,-40813.629925544636,-165721.51403171252,160758.7282345689
210,31,-5.611048314495911e+18,-4.911302163544966e+18,-1.2534354780520468e+18,-251326.00210613347,27412.50668999058,-103225.47556888897
210,32,-2.610838087744823e+18,1.4843071670690632e+19,-2.4896334204712636e+19,-209016.34057329677,-8727.696057417526,-276193.60624390084
210,33,1.066646801214062e+19,1.4869060357883064e+19,-1.5643448731927077e+19,32214.52738091122,359850.5068847759,185340.58083187052
210,34,3.409499406663997e+19,1.0817628561575375e+19,-4.5922058530168607e+18,299902.4003517112,196204.46890614193,-9229.534027263573
210,35,-7.35272940101328e+19,4.950340776850304e+19,-2.0916490895916397e+19,7194.572919042571,-83021.05605096629,12479.30887344795
210,36,1.2154304179656778e+18,8.29852277223874e+17,3.3817641888772306e+18,135472.69585949573,32593.102633456234,-115597.80677442013
210,37,5.826950414297514e+18,8.534878421536011e+18,-8.857224115057888e+18,5981.235677903331,163300.7897008153,-236425.8474370497
210,38,1.2309265491274022e+18,2.540478680086159e+18,-1.318713363914945e+19,40338.129237158115,-10875.528485292376,-15939.03474789448
210,39,-1.311517864128826e+19,-9.145494395012719e+19,1.1320486571251922e+20,-69703.91555042671,-23843.135977856946,24680.00145029163
210,40,1.0898217596539087e+19,-1.0521424017113638e+18,-2.7653739487848825e+19,264737.1209115101,-237118.39419581863,-121375.33591747258
210,41,1.1664766483676099e+19,1.3543653482541425e+18,-1.1076278762723025e+19,-34007.396935677316,65018.18989789499,-173294.34205009302
210,42,1.5757586040653005e+18,1.0373824772308933e+19,-8.543080306721331e+18,281651.9022352411,129906.89826126392,306451.242310328
210,43,-8.996597437194898e+18,2.4069501123568194e+19,-1.447979808591494e+19,-145953.34333272622,-123532.53328662207,-66067.04894677078
210,44,2.5820133317491323e+19,-9.651779745911224e+18,1.3004737448800453e+19,-250622.90704412045,14834.805614021943,-156176.64412229927
210,45,1.2043582253424288e+19,-2.2900090473527864e+18,-3.795820961500196e+17,157956.19043131202,-407978.8587211126,58203.76017017295
210,46,-6.833886084451755e+18,2.0075130001841918e+19,3.3950418534434903e+18,25495.34879238515,-49677.36554034501,-38803.34187091647
210,47,-1.0434484498817192e+19,1.5317179503605383e+19,-2.0944966834471002e+19,-356070.55763991154,195495.6022860939,-44454.125669657864
210,48,2.981676463893804e+19,-4.186232809055186e+19,-1.8799074967909335e+19,-97990.20969723524,32294.620366911215,-146375.901743874
210,49,-6.003616921808403e+18,-2.021698509279883e+18,-1.3781227300737356e+19,270368.1657315558,-240961.66349812172,125169.46846305171
210,50,1.9294878020308142e+18,-6.434812155638305e+17,-1.601134297551541e+19,516361.02714978764,-176738.5999160219,-201702.02383803276
210,51,3.525862131285662e+18,1.6711922649765702e+19,-2.179159158687746e+19,93952.18614964177,268047.7247572,-148499.88080652838
210,52,-1.3857187395147866e+19,-4.251975258261367e+18,-3.5207378108261344e+17,-26981.121537257255,59865.980654593244,37578.390998627685
210,53,2.6657015357470528e+17,8.912318033814372e+19,-8.108748045920336e+19,-75968.56730780166,19946.092014920636,-47189.482926006225
210,54,-2.0482167041344377e+19,2.3792670121681633e+18,-1.7966091043419519e+19,-120766.75765166934,413062.6664227082,-125774.23421480783
210,55,-1.3996619567525745e+19,2.4652666180286715e+18,-6.305164788988714e+18,126043.27522555954,-89266.47069504923,56689.453097607715
210,56,-1.2454701519773137e+19,9.278187420856846e+18,7.181242719017228e+18,139005.87252946995,99222.7525853887,-17951.665827172106
210,57,-3.240330331366753e+18,3.950400604065916e+19,-9.8093669989865e+18,-37994.14094695881,352925.86329905846,152156.30523113857
210,58,1.7591475581695136e+19,-4.1789966780338514e+18,-1.6721672918743198e+19,491053.6676201921,-279864.74511252367,38298.28275436205
210,59,1.7281453900133665e+18,2.644955174793968e+18,-6.227694812933532e+18,80342.55098808989,-244734.7039615327,195101.88929157826
210,60,-1.4731583968461375e+19,7.835220645089315e+18,-7.376046732262448e+18,183813.27653944434,-128143.08767410126,55257.232053830034
210,61,-2.348149230670767e+18,-1.1976856345536209e+19,-2.470099367503171e+19,75251.376005401,230488.96635227482,-303320.6939724296
210,62,-2.9637111140280484e+19,1.3774593522551106e+19,-4.003203999809207e+18,-163974.67759665148,205009.6738959687,-98299.93932516997
210,63,4.931698046853417e+18,-6.662080458359836e+18,-1.6254148184063455e+19,-230195.41296693299,-295075.1912915601,-99261.4875276914
220,0,1.1632345086550364e+19,9.053117205101095e+18,-6.606639130671064e+18,-97487.60890886659,248785.52373820348,152835.26353151927
220,1,2.1801630711231037e+18,-1.5940055467643497e+18,6.64921286248191e+18,272665.781044175,204285.64611367206,-89080.93934711308
220,2,2.1404511071628334e+18,-3.641806256045815e+18,4.133804373874865e+18,-113395.6503302182,-30022.353293691827,8485.145789771943
220,3,-7.1427195243193614e+19,-2.8664672739678106e+19,-1.9902009467841896e+19,-34623.693402232704,-144168.38931731303,-194900.91873098246
220,4,-3.184097631698016e+19,-8.147705286920489e+18,1.0645440048950518e+20,-101814.48478962203,-42358.0602524546,53019.02894016034
220,5,3.255467771592777e+18,3.478179846687841e+18,-1.2354270567618361e+19,-288487.1117164379,102019.45473166942,530727.9500473341
220,6,1.9694913123478346e+18,-4.5484679123551334e+18,-1.4478193256987728e+19,264109.00750225974,-359570.1961645669,77788.88492578577
220,7,-3.4282889559065797e+19,2.6225862212859904e+18,-1.787666532194366e+19,-341113.30553554115,-101738.8852350717,-129167.97411218849
220,8,-2.3529217809756885e+19,3.868626315607772e+18,-2.298259926761876e+19,-15573.035359440035,125235.16733905283,-189604.68701806662
220,9,2.9890439676552413e+19,-1.746777528139026e+18,1.628459019331724e+18,117970.78787486814,46956.501042459975,1412.5533048777086
220,10,-3.4685383883085435e+19,-4.222397688418386e+17,-1.1294541205109651e+19,-167078.56778581915,50136.26288751165,-71987.6304882102
220,11,-5.1521710593337645e+17,-7.322549864168798e+18,-1.5448957305524085e+19,22862.20820476541,51510.69271805648,-190928.23686961056
220,12,-6.702476198789853e+18,2.352843401646992e+18,-1.48718624505913e+19,319323.26083379984,259032.5279959272,100980.32695354681
220,13,7.92862673742788e+18,-1.304595067112033e+19,-1.713674218251051e+18,-149631.00470699818,359304.3941163441,-52230.81889871455
220,14,-6.889120881012329e+18,7.254679901392987e+18,-7.494708036963522e+18,-40693.42169914711,-6735.679826446296,-111497.79423626192
220,15,4.175308935253997e+19,8.870199085597567e+18,-2.3702700417265906e+19,-88931.93709138822,139807.96970704666,206328.47030422284
220,16,4.056663789937386e+18,7.925511842370304e+18,-7.415445646278131e+18,152814.24326266313,-162848.89130314748,-75353.99555866371
220,17,-6.0676181466865525e+19,3.594819840740645e+18,4.218217024100826e+19,-149356.79957861896,-263589.122434406,164381.2625741274
220,18,8.551322405645847e+18,9.58030323511769e+18,-1.68547887965771e+19,-259219.72485886235,-14681.77823155609,-4567.30015605097
220,19,-2.6330576370691686e+18,1.5960945138992431e+19,-2.545256997430925e+19,141210.47532392858,-141490.48906830398,-348580.15826846496
220,20,1.7796472631089605e+19,-1.3305277740817885e+19,-6.915704277489934e+18,298404.5938372763,-46021.40752018227,-1771.3613371204235
220,21,3.7520584154991657e+18,-9.340257580459561e+17,2.281527152945347e+19,-312598.31730675336,67355.38085900995,44735.051193996675
220,22,8.414236642439255e+19,-4.9813835853305184e+19,-1.5269052314530668e+18,-28712.31348094314,-17471.794443298953,28194.8484230986
220,23,-6.795469296247926e+17,9.573001250536454e+18,-1.8913222562688037e+19,47966.90738670624,69687.03440887776,305657.057675627
220,24,-3.48161001070476e+19,5.782912315492351e+18,-1.313420336981531e+19,24859.7234726037,20475.177276510414,-89827.74801993716
220,25,-1.3883850662603119e+19,-1.8819011501566824e+19,1.864661404248024e+19,-9434.254315002996,268194.68679916667,-175105.22346348
220,26,6.367973419437069e+19,4.06139997678374e+18,-1.3046162462541693e+19,-34345.43069761054,-46379.53701875284,109331.24243638765
220,27,-3.298499179649582e+18,1.7635367821292541e+18,-3.016311737534122e+19,94256.15055165307,-243652.2509671389,38804.818539247775
220,28,-2.0661973167481917e+19,3.426243094680299e+19,-7.919195260588662e+18,-147718.44754537535,143316.68737860015,114787.47414130854
220,29,-1.1784803850849538e+19,1.203873162449321e+19,-2.041767357932616e+19,-323703.73211172124,364398.0216291473,250344.4521291319
220,30,1.5553243202025548e+19,-6.696268137430899e+18,1.2784833820402778e+19,-72757.66664202587,-154006.0549406032,113775.35421373518
220,31,-9.288324868907538e+18,-4.043493514666897e+18,-3.1653926425048253e+18,-215906.47162277988,82713.86228681027,-137069.3675604182
220,32,-5.940354331781902e+18,1.4283979750254574e+19,-2.863277788216102e+19,-211195.89943049484,-55132.37920848881,-196947.86041156438
220,33,1.0734760118208471e+19,1.9778634214654108e+19,-1.261296640177676e+19,-21710.933724685652,266573.5182455756,196185.52430272845
220,34,3.8550411503111e+19,1.3804899358528401e+19,-4.797802071733605e+18,266452.03754903865,182551.242811833,-16527.37306146474
220,35,-7.334789493011999e+19,4.815044036672791e+19,-2.07093630784504e+19,15618.608083470035,-88494.7215306109,13774.52256274802
220,36,3.2990790413953044e+18,9.67594391440471e+17,1.0545025914590373e+18,122729.47021661878,-13352.680584819453,-177250.61040570008
220,37,5.545564735411938e+18,1.0580194845097572e+19,-1.253739968204967e+19,-30000.125496832574,90230.01068215861,-225258.01670383997
220,38,1.9690059637102584e+18,2.0525880127875663e+18,-1.352603618124384e+19,65779.0901271431,-40713.800817735624,-17600.93498699272
220,39,-1.4213367653768616e+19,-9.181514216863059e+19,1.1357568629617004e+20,-69491.21533749462,-21816.937278830163,22328.570720860054
220,40,1.4752165099257113e+19,-4.658248154716208e+18,-2.898644207141112e+19,224989.93711597592,-220422.4016035005,-51977.63735906123
220,41,1.0394194125719493e+19,2.6667217911879076e+18,-1.3793448825146384e+19,-130738.25030858377,93680.36690271222,-169000.48652580476
220,42,6.101535295159222e+18,1.149618326227677e+19,-4.1117496752005284e+18,279475.7021042981,18350.20626560846,240096.31897853984
220,43,-1.1197348128095842e+19,2.1608213760571003e+19,-1.5526173338345048e+19,-133733.5139523668,-189061.96160308574,-68483.36587985547
220,44,2.1545547656247824e+19,-9.255508177750118e+18,1.0297571056041208e+19,-293928.38592288294,36625.77653972125,-186698.06758589312
220,45,1.4056179266400758e+19,-8.546737835127185e+18,1.8579000721294534e+17,100049.96687611997,-383789.2538007542,15389.559314509896
220,46,-6.374164529478061e+18,1.8887558325191287e+19,2.464318342900787e+18,32936.07364096505,-101592.59060178942,-78392.01225595028
220,47,-1.5666132958673426e+19,1.7987877489977582e+19,-2.139309890777684e+19,-307576.9427000305,142215.5205305233,-11370.833530713284
220,48,2.819153807628415e+19,-4.1209387186381136e+19,-2.1075204375281873e+19,-107960.72519298148,50711.469161576446,-141933.7358245045
220,49,-9.569928210702228e+17,-5.423661899551928e+18,-1.1895595649502964e+19,367051.78830207634,-194652.8042689472,99271.09331823706
220,50,9.695870496015802e+18,-3.137373409717888e+18,-1.8704856518331073e+19,460123.74510765134,-139386.05951264943,-137516.7061004441
220,51,4.745951704130992e+18,2.0394749969948426e+19,-2.3796846695218045e+19,62938.68475528872,201696.0153389296,-105941.08194214717
220,52,-1.3736349801305297e+19,-3.014441781566466e+18,-1.2943484716416298e+17,44981.93180312709,95354.57692209372,-12476.867176003823
220,53,-9.335268604763647e+17,8.94036255563937e+19,-8.180306496450791e+19,-76140.66751665679,15612.764739996781,-43515.524111066145
220,54,-2.2329593786687054e+19,8.76267942816339e+18,-1.9937350333777125e+19,-103991.0379503649,391381.48180730885,-122408.68277314867
220,55,-1.149752420233929e+19,1.1602792519263017e+18,-5.565940111770523e+18,191914.13044067394,-77053.52862281997,39627.842549772686
220,56,-1.0008930252957047e+19,1.069903972476381e+19,6.4315283965803e+18,170763.52151293674,80777.22194187749,-77215.7458526993
220,57,-3.881534524263545e+18,4.4756889250935824e+19,-7.43123246430536e+18,-42869.65635036899,314649.73236137093,149108.61025548854
220,58,2.47765993847881e+19,-8.374305367477503e+18,-1.594457676518421e+19,424601.708733096,-254620.3165477951,58220.00660306288
220,59,2.944085305740701e+18,-1.0602020016911575e+18,-3.550845377668402e+18,71279.36785016698,-222997.38822911357,151832.91872617084
220,60,-1.1338955720571036e+19,5.52944736835928e+18,-6.638397058004505e+18,248625.91560547426,-162950.53982214245,38776.66220823752
220,61,-1.0293039492994281e+18,-7.874009180187462e+18,-2.8969637336069263e+19,90894.6203314279,284712.7393353621,-235602.20682664207
220,62,-3.19124240862754e+19,1.6797749893401276e+19,-5.725977796608326e+18,-125351.79047791405,178878.54343669745,-118989.4476674965
220,63,9.831069378365585e+17,-1.04170915599191e+19,-1.7372907159814287e+19,-264325.72607165587,-175045.68047468681,-37375.27684955321
230,0,9.353152678967388e+18,1.2611622766430925e+19,-4.385380912677765e+18,-181456.2067096104,195696.36457610715,137189.32163905606
230,1,6.277862207268682e+18,1.4627921573293263e+18,4.3234086032974894e+18,240332.22606479298,183336.7948262329,-199158.40707977317
230,2,5.556713364436156e+17,-3.531790711857855e+18,3.7441200522384645e+18,-82607.66292454525,36290.128638540926,-67159.65742209267
230,3,-7.1894144179295396e+19,-3.0893441264240603e+19,-2.2964105929523147e+19,-24684.603347720833,-138318.6998601747,-193181.22229821223
230,4,-3.343815699326107e+19,-8.813773016756276e+18,1.0725500736320931e+20,-100630.03778067195,-42064.575003335354,48484.16708821956
230,5,-1.158862098403965e+18,5.062585249683559e+18,-4.0341555932182067e+18,-269392.75417312747,92641.06520614898,515809.59081489546
230,6,5.658572319963653e+18,-9.93070645727493e+18,-1.3156628806618116e+19,206376.23875364286,-307905.6665781285,93357.26595885398
230,7,-3.928903649716797e+19,1.1260585766181893e+18,-1.9525728849497317e+19,-292268.1517144573,-87432.2212147271,-81698.95513778106
230,8,-2.352184833233927e+19,6.001176839334878e+18,-2.564036057714556e+19,15481.351255097146,144026.6931993636,-147998.25764427753
230,9,3.141799571740909e+19,-1.0093286849317472e+18,1.4964230922255002e+18,76511.18182751453,45972.557633092736,-18074.621030536677
230,10,-3.700486913810565e+19,6.88705636901237e+17,-1.2691786964330414e+19,-127705.71850542855,88593.70281785425,-105303.68622602678
230,11,2.948778310767192e+17,-6.28744797971537e+18,-1.8023294512838588e+19,67089.51905248067,71691.05658673531,-133064.60460388908
230,12,-1.2438894845896788e+18,6.453912844351191e+18,-1.293515441653304e+19,370692.86450366786,259912.940977728,143761.823515215
230,13,5.370343918718208e+18,-6.753001983586533e+18,-2.7771063344011003e+18,-180588.00461015626,445464.19299319125,-80376.11305888814
230,14,-7.237021935633707e+18,6.784974823564259e+18,-9.297830086968631e+18,2278.574782949747,-52081.7401432804,-110553.21080571284
230,15,4.0147348209103675e+19,1.1012904157927584e+19,-2.035469383161038e+19,-114598.78985563532,131224.52691842342,217850.5265453679
230,16,6.307091982138068e+18,5.133037534268755e+18,-8.913250754345253e+18,120745.90867532852,-184898.5993153745,-105175.8500512951
230,17,-6.297261840127035e+19,-5.617047177736875e+17,4.471942657783758e+19,-141854.61526240705,-263164.66987087514,157344.71268439523
230,18,3.950443527357068e+18,9.14658869708878e+18,-1.6147743200024117e+19,-310620.3582518103,-25779.38793802545,92095.61427028873
230,19,-5.537473834204657e+17,1.343430550382248e+19,-3.053594115367787e+19,123903.10938520174,-174268.83036361888,-293908.79423877405
230,20,2.2193473538337944e+19,-1.3691099931025664e+19,-7.039297336620363e+18,260427.46736897813,-5423.627271506882,-14226.992878129875
230,21,-1.1812038370154726e+18,1.414406566077765e+17,2.313229242214188e+19,-311612.35578868334,68979.83888253591,-3858.887488628795
230,22,8.364065986356855e+19,-5.005677584895207e+19,-1.0877678738069979e+18,-34893.03866841843,-13299.180615773163,27454.158937283013
230,23,3.970748822628649e+17,1.033406371798619e+19,-1.3636912479100631e+19,99035.24845521066,21870.20246658112,352456.9534061895
230,24,-3.415296550439109e+19,5.768825612586328e+18,-1.46604325025939e+19,53192.263467450925,-19417.19056784754,-99798.28359779953
230,25,-1.3918374763862786e+19,-1.441159377974064e+19,1.5666698974887696e+19,5863.43696293728,290732.36112386023,-203392.1804173815
230,26,6.300105137444044e+19,3.3217634092756685e+18,-1.1316914640396415e+19,-51811.94981327673,-47372.04049886556,109794.38515550423
230,27,-1.713137107388097e+18,-2.0458662259355658e+18,-2.9024691518785094e+19,108478.24542596302,-239934.73262584102,102104.28208227665
230,28,-2.2858656679957615e+19,3.623987071006733e+19,-6.163253531707749e+18,-131302.88607038002,107938.41473546153,107397.6056797418
230,29,-1.674606815630596e+19,1.7796280977824741e+19,-1.6325816976535085e+19,-299922.01320627215,364742.270110908,260803.05969947952
230,30,1.4207253472979474e+19,-8.998083923638931e+18,1.4191584271724702e+19,-96931.27871134419,-136591.81265057003,64421.664233236246
230,31,-1.23551712329388e+19,-2.2281792264916797e+18,-5.421511707612343e+18,-163519.97128165004,146708.0161617773,-141647.58412220894
230,32,-9.211811001994527e+18,1.32419787093879e+19,-3.120880629311629e+19,-202990.133474431,-75036.702496879,-133066.7391605834
230,33,1.0070553661462043e+19,2.3389198412015268e+19,-9.504152509506863e+18,-59915.85610625576,193936.0693549719,197036.54619705168
230,34,4.254339121341142e+19,1.658071958570648e+19,-5.107511057516999e+18,240666.39111099445,169311.20514196376,-22598.243411089763
230,35,-7.303185181484529e+19,4.670988605125887e+19,-2.04817805910961e+19,24533.989475855193,-94129.53905277644,15073.909525179535
230,36,4.971886471059166e+18,4.553944914995614e+17,-2.1574883146867215e+18,86215.12199614219,-48355.9856399621,-221843.7099919707
230,37,4.963584510986421e+18,1.1257937882239693e+19,-1.6050245465634638e+19,-52987.733872070865,-11571.412687738422,-216258.4918522757
230,38,3.0883486261530593e+18,1.5597523349858944e+18,-1.337970861572245e+19,71171.80544075702,-18655.894714584574,30003.363477554813
230,39,-1.5308067845477933e+19,-9.214356020395059e+19,1.1390968833209498e+20,-69261.8715941005,-19814.934185032176,20012.94444447145
230,40,1.802940033657616e+19,-8.002703531521436e+18,-2.9362446104322208e+19,191608.97715328756,-202951.2103709176,3207.915398045995
230,41,7.667939855150623e+18,4.251587766677348e+18,-1.6220680060104956e+19,-211596.42283949285,110178.91966677587,-132104.1926756895
230,42,1.0342731744363799e+19,1.1209558835364096e+19,-1.003075203586548e+18,250063.66649893252,-44621.78520784902,150070.8900264093
230,43,-1.3337197974366863e+19,1.8037170787806149e+19,-1.6704659267959042e+19,-150964.5822680359,-262867.0492288692,-79237.5015380177
230,44,1.650276346568494e+19,-8.489477239554138e+18,7.156459535677771e+18,-343785.53550233785,59822.38354525341,-211141.80457447187
230,45,1.5290770474822062e+19,-1.4304388906735151e+19,1.3408524611938747e+17,60974.06958272907,-342284.63802618394,-20161.466827806173
230,46,-5.786180396662632e+18,1.6825581413299388e+19,9.489883335677603e+17,42222.018016021066,-162217.9248639107,-112315.7412469543
230,47,-2.0115578140691624e+19,1.9768606526682837e+19,-2.1215598450280255e+19,-256964.92506528442,83682.98640521787,36862.89325913736
230,48,2.6412477343926223e+19,-4.025367043082449e+19,-2.327131873711156e+19,-117407.42658026419,70714.88208359288,-136174.43746143018
230,49,5.13100731814809e+18,-8.118147527044594e+18,-1.089641429082421e+19,390571.51055794855,-150889.45824397408,34213.13147902599
230,50,1.6502141445270788e+19,-5.151158611887021e+18,-2.051739251826451e+19,406158.08124992566,-119404.9218743011,-97656.82440428012
230,51,5.558429261697135e+18,2.3153013567857205e+19,-2.516596396425872e+19,41105.452815666285,149966.24270433345,-68839.72196332795
230,52,-1.2401646474827796e+19,-1.2974884387315779e+18,-8.959857681666958e+17,122248.29565501466,120952.90641500766,-88923.39095607064
230,53,-2.1360833998975864e+18,8.961623923662014e+19,-8.24608125844414e+19,-76281.27712337098,11347.9566834802,-39858.19527579222
230,54,-2.3579367447067943e+19,1.4816740649546197e+19,-2.172904452663084e+19,-50765.77923413717,380894.05201914057,-100669.61682218839
230,55,-8.037321463310345e+18,-4.386675118215037e+16,-5.001687623150307e+18,237644.30212290082,-71373.06168053814,29734.203186106777
230,56,-7.070130133352225e+18,1.183428232163525e+19,4.716813265055725e+18,201709.11986670794,63615.669700053666,-142356.48425547717
230,57,-4.5848910824765164e+18,4.947506798786396e+19,-5.107484839895522e+18,-46102.043878950775,284453.22537849797,145353.8711541434
230,58,3.108203921847391e+19,-1.2252488698036124e+19,-1.4921396906534773e+19,376481.68880823767,-237363.51082818137,70577.29623224455
230,59,3.956632497329797e+18,-4.200849293174722e+18,-1.2616242905645773e+18,58163.10186009812,-171023.6228961838,136093.44427644182
230,60,-6.90256598112841e+18,2.743265469800013e+18,-6.147189337413594e+18,307824.3398927218,-187576.1797035956,25429.497075646865
230,61,4.307812812901545e+17,-3.07420785109558e+18,-3.2134122930888675e+19,89041.14588664372,322065.13033939234,-162565.1724011461
230,62,-3.3604476945332388e+19,1.9437964013136347e+19,-7.735686244111634e+18,-89061.71517019942,156282.258243727,-135241.58908497076
230,63,-3.0068847529824896e+18,-1.218088720086672e+19,-1.749996086969949e+19,-233067.7196511938,-59889.26622857222,13409.281298271892
240,0,6.201538032433419e+18,1.5130213972108343e+19,-2.317302871334908e+18,-217511.50382256144,124143.07071147072,120779.88106242937
240,1,9.662218115113255e+18,4.2273192339545754e+18,5.357344579137272e+17,186662.5720116676,169500.65066652908,-274503.70609633246
240,2,-4.6405038683032403e+17,-2.6396851613423764e+18,1.9468189516417887e+18,-48679.560250507464,76162.66992956969,-158416.44853197935
240,3,-7.22097964899949e+19,-3.302934507150954e+19,-2.599701851782201e+19,-15439.600880647757,-132405.35182883102,-191206.5022898237
240,4,-3.501657882273862e+19,-9.475073448021543e+18,1.0798516840985179e+20,-99437.86428880486,-41754.01744893801,44088.258903182534
240,5,-5.266824835776367e+18,6.336320347629237e+18,3.702736819156781e+18,-247359.92482422138,76471.7646713222,456879.81123376935
240,6,8.72705360079653e+18,-1.411821025422343e+19,-1.1501392770479813e+19,187783.45448479167,-224782.275289625,113170.13303747654
240,7,-4.3506732438093914e+19,-1.2078585341535571e+17,-2.0527440320158056e+19,-242981.47275679483,-69972.22314021534,-47832.34166041084
240,8,-2.3062473539022017e+19,8.382626730426419e+18,-2.7662649252005007e+19,42487.62954930031,156781.00947258432,-108338.99689694708
240,9,3.2327323622669255e+19,-3.086753117929548e+17,1.0613974769097967e+18,39335.52973420451,42535.912730696975,-36953.66075418392
240,10,-3.872620273387287e+19,2.2893629468871004e+18,-1.4588079891033266e+19,-90553.12463250062,111227.7434310353,-132971.67406740924
240,11,1.3945863954404895e+18,-4.964690766507522e+18,-1.9729700297190973e+19,69822.13202288504,98879.02639500954,-85905.37556059808
240,12,4.797963996942078e+18,1.0492483008998588e+19,-1.074334368917974e+19,369078.2834174011,237085.07325472328,131529.78824104738
240,13,2.330283634035562e+18,8.452216670645234e+17,-3.930102621787147e+18,-193887.42823177567,499291.06676976656,-75748.57807616652
240,14,-6.763307023605216e+18,5.746206121560125e+18,-1.0861281438136654e+19,57215.59309664426,-75306.25055246125,-87342.61189521088
240,15,3.813977576841871e+19,1.299611744706714e+19,-1.6836693451300147e+19,-139717.52933597122,119694.3427576266,227652.64835886107
240,16,7.701601848222977e+18,2.1889071177663363e+18,-1.0567025150128288e+19,52391.733727732055,-187207.84345992169,-97293.5591075112
240,17,-6.515656843848716e+19,-4.707483737079073e+18,4.715117238433968e+19,-135081.6439527571,-262250.92689531966,150995.84539464497
240,18,-7.154410267248102e+17,8.704165675486655e+18,-1.4348361382078388e+19,-275406.0513950832,-39774.4364645009,130852.18590870223
240,19,1.3147487814609021e+18,1.0524036714125343e+19,-3.4732938959835906e+19,113514.5960735373,-193885.58490997253,-238959.5048194296
240,20,2.6049421228585873e+19,-1.3548527927253916e+19,-7.37265503150429e+18,229075.46574965704,21498.33301688643,-28109.365408091686
240,21,-6.055309373524014e+18,1.2427060825300703e+18,2.271301698924511e+19,-305461.80396752234,70613.2829792252,-48811.11204302226
240,22,8.30406971608851e+19,-5.023274479093034e+19,-6.609651825429345e+17,-41175.395938177426,-8976.31452296031,26627.38567373039
240,23,2.2263588243304527e+18,1.0057854534165058e+19,-8.320464459285803e+18,120159.54452941412,-52854.69756215371,319770.90396347607
240,24,-3.3240084393527017e+19,5.288240471723614e+18,-1.6201553844651024e+19,60829.19628019551,-37369.32457505914,-94407.61588236249
240,25,-1.3668414239707574e+19,-9.634977789735633e+18,1.2200417282853872e+19,27024.753238428457,315055.96129758697,-236973.63204272138
240,26,6.2040457427725074e+19,2.5658654080172175e+18,-9.583682770050193e+18,-70083.07638948511,-48480.95855282931,109798.52239775221
240,27,1.0739025089009712e+17,-5.69112269035863e+18,-2.6956919915053187e+19,120069.08256403734,-219335.2411998196,164185.97039759444
240,28,-2.4818682429859135e+19,3.768024750279858e+19,-4.542950594047634e+18,-117436.73509571452,74781.244940115,97498.5299229024
240,29,-2.1246985479492026e+19,2.3228308781273084e+19,-1.2423136805463943e+19,-276667.3975965055,322624.8513194846,235001.03040149427
240,30,1.251939434195461e+19,-1.0986661362836924e+19,1.4841705931435192e+19,-116100.08893075524,-115308.26232566536,19067.08914068453
240,31,-1.4299069645372533e+19,3.987523939207539e+17,-7.53488094756403e+18,-83905.89055117009,181877.93272204808,-128005.64690891965
240,32,-1.2354310986361856e+19,1.1948158679222493e+19,-3.2893746556246454e+19,-195858.43604143872,-88282.45497647779,-81450.26325014023
240,33,8.896112172063999e+18,2.5958871265765917e+19,-6.407444603552752e+18,-87875.62090658821,132907.44611406542,195091.4410739298
240,34,4.616763863001014e+19,1.914740761713931e+19,-5.507040230117714e+18,219223.22513288906,155995.9166178446,-27862.343334416444
240,35,-7.257048100338285e+19,4.517892998740065e+19,-2.0233555449904476e+19,34060.30177710517,-99957.18358332114,16394.866041767338
240,36,5.945744598653741e+18,-3.973611949025775e+17,-5.70536749797572e+18,32122.08020217415,-49943.56080386692,-225037.98969050433
240,37,3.6460316519680445e+18,1.0335122991192934e+19,-1.88937433085972e+19,-107490.38863198836,-95972.42150963246,-140799.13061126074
240,38,4.1644497806231716e+18,1.5764459504019282e+18,-1.2643176979795583e+19,63485.78608028475,19870.300410294214,66099.83241566742
240,39,-1.6399026011702835e+19,-9.24405789827366e+19,1.1420742566059604e+20,-69017.16140593696,-17836.923957355128,17731.656846681115
240,40,2.084638783147269e+19,-1.1040189269884631e+19,-2.890722061183665e+19,167315.26420142248,-181223.25823493098,53786.53515256841
240,41,3.787601523502592e+18,6.215711034865479e+18,-1.7793832085031393e+19,-274357.4800894877,140847.02625248278,-65954.60171959098
240,42,1.3690983828984635e+19,1.0254017961034375e+19,8.823511334660125e+17,174597.92040433487,-79053.60946511893,96917.54378602556
240,43,-1.5943487807856509e+19,1.3788523254485848e+19,-1.7790089014924182e+19,-166274.16691113217,-273333.9176087033,-58956.13236122205
240,44,1.073493265220783e+19,-7.328502127382793e+18,3.551058108055957e+18,-388679.45721529727,90775.98488063892,-250401.76170531273
240,45,1.6068342282232996e+19,-1.931886281816706e+19,-4.007202813638602e+17,38801.33843312612,-293865.92338943336,-46642.740701787756
240,46,-4.971000903650371e+18,1.3656507135300352e+19,-9.75615841417798e+17,67004.53792903309,-241513.05485478253,-124951.15708729487
240,47,-2.3891526842121167e+19,2.068460450838277e+19,-2.029469468124446e+19,-224542.05086382356,37058.12881835403,71253.92871577667
240,48,2.4491732705481585e+19,-3.896925146614845e+19,-2.536386368795836e+19,-125847.27263639278,92346.24594974749,-128752.57043297689
240,49,1.0996899431023196e+19,-1.0372069189384086e+19,-1.056033891826039e+19,346633.5426767846,-136699.23552077424,14945.123810849094
240,50,2.2593233663397593e+19,-6.987328000079302e+18,-2.1890720409505972e+19,367224.09345475753,-115188.65713227067,-78305.23863720971
240,51,6.066288151322016e+18,2.517683444377888e+19,-2.6006131019924623e+19,23803.584055217125,107830.97819678481,-38736.95856846763
240,52,-9.950303867130534e+18,7.941565947546668e+17,-2.8839557674351764e+18,187716.19619368305,144156.93832980748,-155923.26063777355
240,53,-3.340636695889654e+18,8.976207777267273e+19,-8.306096902008861e+19,-76394.0913126264,7147.928588884285,-36215.19761177204
240,54,-2.3866326799404356e+19,2.0912003761848537e+19,-2.28858050221052e+19,9188.514771454971,386101.8339784199,-31927.29121193261
240,55,-3.9898421665671757e+18,-7.944803632377128e+17,-4.659929437299748e+18,281383.78807108407,-21805.26703534439,14464.759056203173
240,56,-3.674969653638957e+18,1.2676952662676957e+19,1.7945297253402929e+18,222732.63019103385,38083.27287326814,-233279.10477561282
240,57,-5.332476024655047e+18,5.37602080645487e+19,-2.8457469499818547e+18,-48563.51540425439,259418.67334432446,141295.98258860485
240,58,3.67010126191055e+19,-1.5867432850330888e+19,-1.3743333370912367e+19,336972.73430652916,-220771.5765222896,77903.39804770013
240,59,4.703627108724318e+18,-6.302082123874645e+18,4.5693127679155834e+17,32444.22243935884,-91841.38110732585,82812.20096326373
240,60,-1.8495004019996447e+18,-2.1490458417370368e+17,-5.666895985250995e+18,329074.24828249525,-181491.45695751175,38254.33183919197
240,61,1.7503890585238344e+18,2.0539073064146836e+18,-3.407977971885816e+19,80046.96257444388,325448.4367706988,-89627.84607576214
240,62,-3.4709316896375136e+19,2.1743482030408696e+19,-9.981755904900663e+18,-50135.337525496514,136393.43103231353,-149054.73891885823
240,63,-6.379285135565848e+18,-1.257394630135317e+19,-1.7087303036272876e+19,-196296.8964578573,6052.405073617463,37064.88748598396
250,0,2.449403502052918e+18,1.6473426688221202e+19,-6.582802893096961e+17,-258591.97096726444,40967.57720549583,85012.28675496785
250,1,1.2130688814063294e+19,6.857253523951368e+18,-4.1143127860612905e+18,124465.85990645271,161882.03934425718,-307453.3334378878
250,2,-1.0371793585736402e+18,-1.1151828625936475e+18,-1.2144540003303055e+18,-21891.8323278226,117335.76538885938,-242923.90025597386
250,3,-7.238477807674516e+19,-3.5071769735952634e+19,-2.8996925909733224e+19,-6846.960701523541,-126479.41560859879,-189001.58817496803
250,4,-3.6576166864902898e+19,-1.0131347897058167e+19,1.086469966416472e+20,-98243.60157560713,-41427.78514190585,39820.921569956416
250,5,-8.891996691040584e+18,7.513075392683294e+18,1.0267188999361937e+19,-214561.1420230485,70535.18262165067,380654.53473448625
250,6,1.1643668004282288e+19,-1.7125259544370452e+19,-9.668884936162918e+18,182146.7514902466,-159361.28931620403,117218.73055725038
250,7,-4.6988834437648835e+19,-1.0720767557874415e+18,-2.111238879057107e+19,-199713.2758380358,-50726.01071618715,-28516.480650622772
250,8,-2.2177408969487925e+19,1.0904942924637331e+19,-2.905672511252909e+19,70003.98036901174,160742.91154814244,-68642.06748386154
250,9,3.267335925235251e+19,3.262432831286567e+17,3.328812545373893e+17,4874.258944179823,37775.00205226723,-55324.86869944306
250,10,-3.986464715638557e+19,4.118924089541137e+18,-1.6807902219323648e+19,-53892.79025550099,118909.928628488,-145804.00726083602
250,11,2.4491593710288916e+18,-3.174285275019523e+18,-2.0773814190081544e+19,62897.46737540978,125893.12026137582,-44680.34542540283
250,12,1.0125460996721017e+19,1.37259888658763e+19,-8.510114331532574e+18,307199.0245663883,173235.32069174625,153364.91569637958
250,13,-8.201818548125238e+17,8.612842616233455e+18,-5.338324183147646e+18,-207566.4031835494,488237.8660401189,-94661.59141559979
250,14,-5.380808300234741e+18,4.603333528689077e+18,-1.2050605518437775e+19,118085.93264787651,-57016.925297712965,-60325.38058390408
250,15,3.5740449794503668e+19,1.4775949108110369e+19,-1.3186695925978888e+19,-164490.8557805494,105420.4808044976,234395.1144403544
250,16,7.908637977010063e+18,-7.039523857969956e+17,-1.1785466523908207e+19,-27197.304287539304,-175629.27573493516,-52327.92023279534
250,17,-6.723876168267983e+19,-8.83582529548277e+18,4.94877173007505e+19,-128941.05963743864,-260973.46534945443,145266.2724328842
250,18,-4.837195932369002e+18,7.752262795570308e+18,-1.2049864587734678e+19,-248532.9072460446,-84722.85673549872,163497.83779699472
250,19,3.036596706786528e+18,7.303390522779485e+18,-3.8074741980484624e+19,104684.4081066058,-213381.18332738947,-181513.41396635608
250,20,2.943473752213323e+19,-1.3061710355282209e+19,-7.92289395348748e+18,200134.70242436876,38957.10884547464,-41398.72274860449
250,21,-1.079936964051643e+19,2.3735244785973233e+18,2.1599901040221303e+19,-295116.41045453295,73086.04596486567,-92267.98541597287
250,22,8.234045409217733e+19,-5.033904191416087e+19,-2.4805438969506566e+17,-47613.33639454757,-4460.15200448412,25688.531932335976
250,23,3.893435127240456e+18,8.845581093318397e+18,-3.322436857413168e+18,78321.64635036341,-95580.35898618205,310905.68051344773
250,24,-3.2239594248840864e+19,4.705638063755011e+18,-1.7633861640561158e+19,67144.20714985068,-33459.48796227985,-87380.709085639
250,25,-1.3022185922653116e+19,-4.4558669701550817e+18,8.157558176748851e+18,56429.22768069246,341897.5181944508,-276277.670259547
250,26,6.078544372990247e+19,1.7897025346053468e+18,-7.855756060877983e+18,-89108.81582147154,-49999.913658730096,109066.87037804027
250,27,2.035598701625645e+18,-8.840448908223661e+18,-2.3777765742697497e+19,122956.23764373752,-173909.72592850364,236269.81310668608
250,28,-2.6571710438694195e+19,3.8596144463747826e+19,-3.1041950430368005e+18,-104978.26583459717,40841.568416883325,84137.68133875771
250,29,-2.553281262037656e+19,2.803674572132427e+19,-8.852152087511474e+18,-267225.978694966,288997.8795628977,218615.1026028249
250,30,1.057075748969051e+19,-1.2636317364864594e+19,1.4818964892623628e+19,-130046.57324847218,-93760.47145210044,-21392.85329404831
250,31,-1.5054444723468446e+19,3.4450871172064154e+18,-9.544319814227229e+18,-13019.828858051416,202872.05203519977,-129033.8806915991
250,32,-1.541722958293655e+19,1.0476543314766207e+19,-3.3785302617005535e+19,-193541.73541144776,-97236.57589024137,-30968.295309517795
250,33,7.323426859602981e+18,2.760388958058717e+19,-3.368229659913341e+18,-110657.60687739015,76128.6212197035,189108.86205142905
250,34,4.9473639292816605e+19,2.1504069429567537e+19,-5.978668007340122e+18,200172.7333887452,142794.35431372654,-31603.592552427486
250,35,-7.195315273858327e+19,4.355441350010306e+19,-1.996415748173162e+19,44323.75027460204,-105988.09217238631,17762.144338012833
250,36,6.039192590877726e+18,-8.603481220233846e+17,-9.31361437897488e+18,-16495.25774969378,-9069.90088968658,-232830.04506016898
250,37,1.6635059004604442e+18,8.345494224273299e+18,-2.0496656224407675e+19,-145858.55855006544,-149850.58377034112,-60984.92801584752
250,38,5.079522308908994e+18,1.9785609923376617e+18,-1.1198464940873085e+19,51365.42740188862,19679.37028345111,116781.09191655208
250,39,-1.748601230567477e+19,-9.27065713930301e+19,1.1446942609530352e+20,-68758.71321838227,-15882.064457307219,15482.851169958793
250,40,2.33686432391739e+19,-1.3700853348146522e+19,-2.7699063489478173e+19,154101.92454473354,-155676.66990023988,97754.8747064031
250,41,-6.383369013370642e+17,8.662913039142332e+18,-1.8495500354656383e+19,-271102.8748385739,154456.40769199975,-31045.29227704362
250,42,1.5882729274220722e+19,8.694427926027594e+18,2.0531312615447867e+18,105419.6010751964,-115067.28271766381,48730.197242910515
250,43,-1.8420505892405686e+19,9.394888107859188e+18,-1.858929381328032e+19,-145000.65360319542,-282897.3440841687,-42209.47185593617
250,44,4.0547996478530555e+18,-5.573390097132657e+18,-8.348740337765542e+17,-453073.31394550396,128632.80024939324,-296632.58219425555
250,45,1.6540070846887938e+19,-2.3598983736603394e+19,-1.319110969647951e+18,21639.09374657456,-249067.5926596838,-69402.94057358555
250,46,-3.4068281345910554e+18,9.435249181785694e+18,-2.9868531002934026e+18,135096.07315863445,-285628.5175668794,-143155.77886966578
250,47,-2.7185435609569763e+19,2.114246129307931e+19,-1.906559849085794e+19,-194823.06958240562,22094.378545862568,86298.05725775858
250,48,2.244785383834593e+19,-3.733232610950786e+19,-2.732436339037365e+19,-132979.00541768628,115347.06591509884,-119392.27719287547
250,49,1.6053624346805598e+19,-1.2417549130765267e+19,-1.0317406697629805e+19,296180.7574760561,-121939.63210635408,16774.8285812821
250,50,2.8103964392475386e+19,-8.825588011988848e+18,-2.3012930795062395e+19,331263.89048414445,-118525.69124693841,-63842.64448169341
250,51,6.321910493772488e+18,2.6586870365684277e+19,-2.6415154768723845e+19,8892.374639871281,71655.31322271316,-13764.2382825574
250,52,-6.474245081862829e+18,3.2509530890973834e+18,-5.637475450403557e+18,254607.45650746144,169501.91562377964,-190950.6392650902
250,53,-4.5467559911252634e+18,8.984211087398937e+19,-8.360372878859089e+19,-76479.63645272785,3005.430743002422,-32581.97680675716
250,54,-2.366559605078462e+19,2.6578326055938052e+19,-2.278036991810334e+19,13099.083743499183,332010.46782819944,33255.75559262175
250,55,8.974342936216827e+17,-7.709015047114275e+17,-4.4917411717559214e+18,327634.7173809443,20588.37042647088,10203.704684706916
250,56,-2.6053230979217434e+17,1.2780457796007137e+19,-2.5921913215498844e+18,212715.10380722253,-32433.480093394268,-311591.50417434814
250,57,-6.115234199037147e+18,5.768049815820394e+19,-6.491673012574981e+17,-50596.484510314265,238014.6479336386,137110.36893901406
250,58,4.1752956309048525e+19,-1.9218161692768707e+19,-1.2486969195832977e+19,304545.24181745964,-203980.19638804352,80673.36821035328
250,59,5.046382769685021e+18,-7.20651122449735e+18,1.360699963123289e+18,11998.46600123653,-23771.690508668078,27852.080070375792
250,60,3.3550072800827136e+18,-2.645634692901319e+18,-4.952578911724195e+18,320109.3947248695,-121086.71961870123,46384.577590691246
250,61,2.950829477142207e+18,7.21351186438514e+18,-3.5067672398645895e+19,71421.6952293769,327710.9958952632,-39228.200642037285
250,62,-3.515216246467e+19,2.37577319317924e+19,-1.241940212596268e+19,-4929.296355117731,119392.83949529086,-158871.56576175865
250,63,-9.2299926628154e+18,-1.2051498916829905e+19,-1.6361678121954433e+19,-165256.5675224357,59143.34790142697,54237.25118559785
260,0,-1.752640740423978e+18,1.641129356675262e+19,1.886404927165155e+17,-267787.2872221533,-41168.368304001684,22305.897274783463
260,1,1.3562480933497815e+19,9.25003519676018e+18,-9.007165417655946e+18,57915.25658271223,139491.67747013466,-309128.2967182628
260,2,-1.0878315845085356e+18,1.1235955405196923e+18,-5.609336026945942e+18,10918.213353755908,174550.74320193502,-310320.822778323
260,3,-7.242903802859189e+19,-3.702096082397217e+19,-3.196037278822886e+19,1137.4367544905704,-120597.27907134072,-186588.810107964
260,4,-3.811691936310256e+19,-1.0782362298560672e+19,1.0924243039662516e+20,-97050.87367465229,-41087.60596617313,35670.55897502193
260,5,-1.2120498528055177e+19,8.550864040685621e+18,1.5878153816168604e+19,-196711.71133795276,61156.34576060256,334124.2177392742
260,6,1.447187320181274e+19,-1.922323349981661e+19,-7.846144018222383e+18,176126.1664039549,-108628.13235108192,112729.83044896483
260,7,-4.9851179992796275e+19,-1.7350324741093768e+18,-2.1478055822170247e+19,-164365.11001165924,-33902.27436990875,-18952.3644536868
260,8,-2.085560585622135e+19,1.3358180149751142e+19,-2.9867842719899906e+19,96356.65811341698,146477.77283217706,-35833.26993290547
260,9,3.2489167390918234e+19,8.789088336621078e+17,-6.8231956415574e+17,-28040.297733972206,32132.252980615358,-73243.70080441092
260,10,-4.04325458975336e+19,6.01391101984115e+18,-1.9125342146576994e+19,-18273.22036219417,120981.76596342442,-146382.9590041856
260,11,3.345775511799603e+18,-9.902220750437184e+17,-2.101730403356366e+19,48347.27976088027,152822.46034282417,17720.80111054593
260,12,1.4547780495488713e+19,1.5922067277626186e+19,-6.004589337306076e+18,254874.6508729413,105121.53184608315,157519.17413528665
260,13,-3.980563864229502e+18,1.5765915875531084e+19,-6.658446352322057e+18,-182116.16607935526,408259.70743491035,-81721.70603139028
260,14,-3.3300126070151014e+18,4.120223112558835e+18,-1.2492268226572268e+19,139536.44485370663,-11906.56115778817,9122.165988069199
260,15,3.293920278157326e+19,1.6307356513158963e+19,-9.458880079699456e+18,-191096.6833117044,88145.28779617544,237421.6400750799
260,16,6.81444744246055e+18,-3.116183716945222e+18,-1.2212725500886858e+19,-108340.63478399393,-119583.25762920003,-9849.009928730466
260,17,-6.9228477962608e+19,-1.2941807781616656e+19,5.173830289890819e+19,-123345.98772430542,-259431.63729808977,140088.93350662687
260,18,-8.290828715459275e+18,6.038533313444651e+18,-9.206766578724837e+18,-179599.09569920317,-123975.07442381882,187350.3574428781
260,19,4.613126086949447e+18,3.9553532797016515e+18,-4.048438857308462e+19,95355.96078435956,-210174.8376532673,-128251.57826506335
260,20,3.2364340811726356e+19,-1.2350131292773442e+19,-8.670976721179385e+18,171119.96824970507,50375.5595606434,-53155.157389586806
260,21,-1.5336892095175561e+19,3.5789430194777564e+18,1.979370784699511e+19,-278307.2401667009,81701.67366182205,-136853.8052234327
260,22,8.153701616699333e+19,-5.037221896463281e+19,1.4896177016556547e+17,-54266.34071822546,301.9024154628818,24607.010394359513
260,23,4.623122243637268e+18,7.218185882532362e+18,1.0523774548641683e+18,21796.87272666222,-113088.57826251914,235521.31082850462
260,24,-3.1061298517354734e+19,4.2921721145773635e+18,-1.896457722989163e+19,84575.93104230541,-18042.03272462553,-81282.01076559174
260,25,-1.1846179887062372e+19,1.1464933702965555e+18,3.461404579590827e+18,93796.40036809005,366521.53671661974,-320530.88327598496
260,26,5.9225337078135824e+19,9.839663901830723e+17,-6.147402086428046e+18,-108723.43430193258,-52286.06990597976,107258.4457870531
260,27,3.949669435898921e+18,-1.1103420614216931e+19,-1.9658546400357376e+19,119105.24895787444,-113059.9875502736,282164.81758562214
260,28,-2.8144788743784083e+19,3.893676808282306e+19,-1.9188296231557294e+18,-95489.11668402057,453.07298005302255,64668.68712427113
260,29,-2.966985663198467e+19,3.2425023318423597e+19,-5.502182946785886e+18,-255546.3343895692,270571.6699219976,207294.0641025335
260,30,8.441305047440171e+18,-1.3942690218012674e+19,1.4178094128347853e+19,-139005.07888273243,-71692.91860374704,-59550.44635930402
260,31,-1.4714740356663726e+19,6.735707092564958e+18,-1.1647468032420911e+19,56840.58575788621,209917.55036195696,-136460.63950499584
260,32,-1.848858135210667e+19,8.948440744267833e+18,-3.383246114488523e+19,-194906.94550041945,-92828.31187490559,26016.350788749103
260,33,5.431008961701545e+18,2.8387439646728516e+19,-4.791164972552982e+17,-128328.1513406584,24522.27325844659,175775.83350267616
260,34,5.249519583268546e+19,2.3657715269239108e+19,-6.49570047635107e+18,183143.8838986632,130357.40630779347,-33711.62750292987
260,35,-7.1167229885130826e+19,4.183323446043091e+19,-1.9672628546077667e+19,55450.61107154871,-112203.16291268956,19206.012183733023
260,36,5.578621744955363e+18,-7.963708812801585e+17,-1.2914441412706877e+19,-41286.24737630862,10622.206225658238,-214336.17585350474
260,37,-8.800864073143732e+17,5.805328153343508e+18,-2.0854534909960155e+19,-169881.5517597468,-170934.60303007613,14763.266354217743
260,38,5.62457557771675e+18,1.9610318149007058e+18,-9.156329484254742e+18,8779.548619040368,-17446.334594013097,133249.09996961494
260,39,-1.856882294759034e+19,-9.294189139632706e+19,1.1469618437634508e+20,-68488.16601098774,-13948.804061939663,13264.205559578239
260,40,2.574458465643655e+19,-1.595535733268546e+19,-2.5879064098870043e+19,147562.61357242696,-130489.2176735676,131094.27737587833
260,41,-4.637552438711426e+18,1.0597201960165702e+19,-1.8698357242460635e+19,-238418.17717040045,87799.76659910724,10330.416952777878
260,42,1.7119390977036872e+19,6.739307624849337e+18,2.430875466126811e+18,53882.25395963527,-130967.96261582583,997.7845856227705
260,43,-2.0453524913743794e+19,4.925898024064679e+18,-1.9092144404406362e+19,-111365.57004459221,-280279.8250179082,-20637.605732534943
260,44,-2.9792624856297503e+18,-2.8534448957493693e+18,-5.818132136993475e+18,-427622.3550045479,226518.39077164026,-334577.50260908034
260,45,1.677084412748598e+19,-2.717864688596118e+19,-2.581440575380202e+18,8350.576597905876,-204284.76849670307,-90155.61114065141
260,46,-9.815718887392353e+17,4.775405433440092e+18,-5.849580645135566e+18,157467.502003246,-308204.428558985,-221960.72922496693
260,47,-3.0117600969678103e+19,2.139290798345393e+19,-1.7558124665236787e+19,-179262.99951898787,11408.081083562456,104453.2004264321
260,48,2.030354822225592e+19,-3.5323786158544638e+19,-2.9119735191960924e+19,-138504.958339471,139357.52310879852,-107750.27989282315
260,49,2.0410597186985886e+19,-1.421409004021966e+19,-1.0030874482116684e+19,258129.3833774322,-105732.46192522152,19224.530485535055
260,50,3.304967172508724e+19,-1.0732365966946335e+19,-2.388807843163357e+19,295953.40618015383,-122854.5363203093,-46362.43197547985
260,51,6.353469991141491e+18,2.745352809946364e+19,-2.645507980601104e+19,-4739.650519264576,38436.39796855476,8365.412480456867
260,52,-1.9850189650560978e+18,6.200507119821259e+18,-8.818312266176175e+18,303028.0139384655,187931.11699087085,-198770.6673818089
260,53,-5.753998820109304e+18,8.985716663071064e+19,-8.40891901034134e+19,-76535.95408259262,-1090.1627947058491,-28951.03235482152
260,54,-2.345142361212696e+19,3.1480145991424246e+19,-2.2013561851021017e+19,14182.123722047269,291250.41782182537,61455.916367712
260,55,5.848258958727602e+18,-2.6327560818252534e+17,-4.518077630809994e+18,291143.14944918157,42634.74435143624,-24178.50905170704
260,56,2.8150694343892736e+18,1.1621642062903204e+19,-7.65609064674812e+18,170404.24566013523,-112251.77324767681,-324185.4717775425
260,57,-6.927769595423932e+18,6.128556136206047e+19,1.480746575383352e+18,-52355.270823101935,219345.01492257114,132851.0215022963
260,58,4.634497465986322e+19,-2.2308721391465533e+19,-1.1213157605939302e+19,278466.3913143189,-187969.0377701829,80427.86426729325
260,59,5.083398226254717e+18,-7.122265862895042e+18,1.3034682025428111e+18,-3927.21450902842,32170.147806074216,-33946.24340414357
260,60,7.985958751384264e+18,-4.0225017305080197e+18,-4.4037222252372634e+18,263713.96187428525,-55604.966462711374,19457.330552362895
260,61,3.9900703534083026e+18,1.2273332429875081e+19,-3.535465138252503e+19,59936.05855624789,312473.28600363864,3638.3739353928704
260,62,-3.4850803880192086e+19,2.549927690604425e+19,-1.4963927443364835e+19,43175.109875999726,99111.55297628426,-163079.1940405834
260,63,-1.1592639080613296e+19,-1.0723646483420862e+19,-1.5393308480222917e+19,-133996.01353868633,109064.26174661495,67918.23492361822
270,0,-5.939058192712762e+18,1.5369409958601337e+19,1.0124430910250538e+17,-262047.604038692,-87484.78338521508,-31364.528729000158
270,1,1.3981827690775712e+19,1.1198015707108952e+19,-1.379800644659975e+19,-4779.117199768816,105534.39015747441,-296932.3437245148
270,2,-5.917592320455153e+17,4.372617415105514e+18,-1.0916780069211185e+19,55817.599682560955,206623.46237338593,-360879.43797568063
270,3,-7.235180341529563e+19,-3.887803289032317e+19,-3.4884255124423684e+19,8561.042130213023,-114811.28911757236,-183990.68722567867
270,4,-3.96388776981743e+19,-1.1427910540035205e+19,1.0977321831904233e+20,-95861.57154573202,-40735.18603693745,31624.761629316967
270,5,-1.5154259920354662e+19,9.441821513992514e+18,2.0872146370127778e+19,-188823.899999206,52254.64564053025,299371.7517342365
270,6,1.7193496314529001e+19,-2.0605530407579546e+19,-6.138852826630706e+18,168530.21914875755,-67929.38338496412,102891.46092900397
270,7,-5.2208834809722044e+19,-2.1600334423483717e+18,-2.173272128037707e+19,-135358.02341574663,-20498.0642735036,-13766.722847897503
270,8,-1.9206237066784543e+19,1.5457355079173274e+19,-3.019533565326256e+19,110823.3989654467,119489.98781131998,-4755.4242010296275
270,9,3.179150403043353e+19,1.3353186319912312e+18,-1.9728345799547246e+18,-60376.30533540539,25526.511697317925,-90058.42084009499
270,10,-4.044718766707466e+19,7.935818776933523e+18,-2.1391388757659173e+19,16190.80688058117,122709.63264904958,-139925.10783735884
270,11,3.8542662248578396e+18,1.6440476080423324e+18,-2.0086534346351264e+19,12440.221401916531,176889.0507018757,105891.29629843264
270,12,1.8231063896664273e+19,1.7163936608043985e+19,-3.6705834943200783e+18,214792.82033508868,56552.35676865339,137642.9985809108
270,13,-6.708017467270494e+18,2.161944989944596e+19,-7.955679238259936e+18,-167341.63770744787,337518.5329805439,-83558.12837078521
270,14,-7.536135771585585e+17,3.9912047146754043e+18,-1.1767104905688007e+19,192500.96538852705,-12480.345568275789,79312.98478967928
270,15,2.9691371493203874e+19,1.7540133215588321e+19,-5.721124955766861e+18,-221145.0906778146,67554.85595143371,235265.62895492467
270,16,4.694985133186094e+18,-4.3267447564468204e+18,-1.2317907859289645e+19,-155869.06694050296,-31747.423217940883,-5493.50662553353
270,17,-7.113369776402792e+19,-1.7021885094428453e+19,5.391111965856621e+19,-118218.55111676271,-257700.8706430497,135398.1149948932
270,18,-1.0570180544434723e+19,4.057359025887671e+18,-6.48953188976651e+18,-113229.35905969402,-123124.25299881866,153001.26369474214
270,19,6.052754822082317e+18,6.654519851023992e+17,-4.218359353467009e+19,87313.67816513964,-206641.35308085466,-88132.4785068908
270,20,3.48335872963564e+19,-1.1496917240478726e+19,-9.59193835968708e+18,141891.27394345275,56962.1100495367,-63276.52287127646
270,21,-1.9510463600936567e+19,5.020831212770523e+18,1.7346149747388803e+19,-249895.1281239072,100762.12539269484,-168750.49099397083
270,22,8.062646514794906e+19,-5.0327880883540165e+19,5.275420733516728e+17,-61202.90993552771,5378.648177429308,23344.09642325862
270,23,4.781478764959592e+18,5.272985091032767e+18,4.1372395753566546e+18,2130.538182168084,-132065.84178176298,159026.89639505337
270,24,-2.949825913466366e+19,4.132740104269367e+18,-2.019184522270409e+19,115539.8909439895,-3263.53109800767,-73846.69363775384
270,25,-1.0027382515844035e+19,7.026444249405523e+18,-2.0781976998350387e+18,136547.74954299896,373356.72564556357,-387502.52512926457
270,26,5.735207616747925e+19,1.344971636741029e+17,-4.478343120130662e+18,-128788.57978249699,-55556.60064245679,104027.01715415524
270,27,5.782752699677097e+18,-1.2386646853615684e+19,-1.494630169006658e+19,112493.13171047774,-48092.806273050024,312526.88659148995
270,28,-2.9692131953157235e+19,3.853615951642487e+19,-1.118118514387592e+18,-108360.56619300942,-51700.98165124494,35966.604268352334
270,29,-3.3483738301122146e+19,3.669468497028025e+19,-2.2464992116259364e+18,-220703.67718681146,272585.48023675353,206808.05256656033
270,30,6.210224351607298e+18,-1.489498791240619e+19,1.2948900652350558e+19,-142983.747340654,-48915.554301731936,-95914.62073056807
270,31,-1.330537902804285e+19,9.89467416740262e+18,-1.3756810903274631e+19,118513.46449540906,187019.6348010084,-130155.89740058816
270,32,-2.1478587489458364e+19,7.616033006318755e+18,-3.299367699740049e+19,-181404.57119941773,-76578.30939132778,78099.7905431269
270,33,3.29566599838797e+18,2.842669630285268e+19,2.1460401688971988e+18,-141768.6665385227,-17907.73867456709,156164.49852875018
270,34,5.526220987032465e+19,2.5623765704266637e+19,-7.037831316992559e+18,167841.3870755856,119050.0723487771,-34905.49236410282
270,35,-7.019822751384142e+19,4.001287415546037e+19,-1.935744463920618e+19,67542.74933400411,-118547.17031744565,20768.77726133451
270,36,4.570238998200849e+18,-4.9696424315060595e+17,-1.5944997728208087e+19,-91420.4331547286,35647.829305735424,-170192.6992590312
270,37,-3.455733865539017e+18,2.997597012611955e+18,-1.9998371666193674e+19,-148628.9138450932,-180318.00281869146,94737.60197420522
270,38,5.131366670394121e+18,1.675215198715899e+18,-7.197719854832253e+18,-70580.42283143314,-16629.623292763823,100224.00358293181
270,39,-1.964728039268722e+19,-9.314686350347295e+19,1.1488815608605898e+20,-68207.23286497367,-12034.993147595716,11073.120568607756
270,40,2.8026009668709913e+19,-1.7833114683421872e+19,-2.3609237951213654e+19,141327.7461762632,-107893.41838340853,155444.38693838465
270,41,-8.197088932769595e+18,1.1486228673148146e+19,-1.81401860736295e+19,-214348.64781718946,27172.928095244002,59494.07085098907
270,42,1.76308293970218e+19,4.580756129877688e+18,2.1210221344893558e+18,11883.581760830297,-142473.27652879333,-39813.98245744516
270,43,-2.1942622311327617e+19,6.40305059834624e+17,-1.926191197414719e+19,-78329.5236029547,-260989.87375251422,-2254.7061132281797
270,44,-9.193050932442815e+18,1.4799297763058624e+18,-1.1310990137263317e+19,-361187.69591936836,310607.4152452602,-353608.31241374736
270,45,1.6832296625882724e+19,-3.0033143159125852e+19,-4.138558699326329e+18,512.7816046118547,-157444.63576367582,-105967.59997088733
270,46,1.3325007134308641e+18,-4.254687309267226e+16,-9.935404844761405e+18,136761.16486400858,-275286.01715426426,-292143.126378332
270,47,-3.2881405637746475e+19,2.1612520385074803e+19,-1.58296302549053e+19,-169322.98985125773,19854.13427172043,110118.06343859156
270,48,1.8087271358435762e+19,-3.2934421044046807e+19,-3.071104233931408e+19,-142092.05197578738,163363.48663330195,-93515.9799204451
270,49,2.425177608294248e+19,-1.5750734325079886e+19,-9.723865873817967e+18,230089.07182413552,-88840.96045044446,19155.33376264375
270,50,3.746086113103919e+19,-1.2685616147885068e+19,-2.445877106264686e+19,263868.6563586929,-124059.6601900114,-25652.251569919008
270,51,6.175900720403101e+18,2.779927077138076e+19,-2.6159464955271827e+19,-17676.79048058455,5119.467164334274,28846.83893133914
270,52,2.8164962927095644e+18,8.52313711537026e+18,-1.1821158021708851e+19,303634.92692575057,105292.69542872728,-190615.65937677276
270,53,-6.961871241370137e+18,8.980788455639476e+19,-8.45173193613814e+19,-76558.46253788643,-5151.854776810941,-25313.47332449953
270,54,-2.3218818943326237e+19,3.5802374062200476e+19,-2.088911642452339e+19,15252.88553644425,257151.49534353524,79927.38526363795
270,55,9.977384058791307e+18,4.9031502748882144e+17,-5.327275466223718e+18,230500.7001625375,48996.82924625518,-75552.8101986985
270,56,5.081544990864344e+18,9.15746208238891e+18,-1.2777490184336368e+19,109620.05502833951,-202187.95402238573,-320665.01199600036
270,57,-7.766326805051831e+18,6.461372124654204e+19,3.5430439295735926e+18,-53898.630366110716,202835.59815302872,128544.25765770834
270,58,5.056580125308816e+19,-2.515795737475982e+19,-9.956088710392324e+18,257217.3567084579,-173468.13923115257,78766.21270725106
270,59,4.995384236141346e+18,-6.243597619623654e+18,3.116592447015712e+17,-6148.358843522488,77544.33105098606,-91387.29628414188
270,60,1.1660323606136158e+19,-4.496264490448689e+18,-4.3473682052193956e+18,202510.69069557128,-7234.364094299316,-11845.958452083938
270,61,4.840647855963689e+18,1.7069209925176187e+19,-3.4967569016425456e+19,48029.627320755775,295282.4540607799,44739.97985240067
270,62,-3.3811352075951727e+19,2.674790876467645e+19,-1.7518001128940374e+19,85228.58479741894,54907.81266868957,-156580.48172230585
270,63,-1.3447834207080088e+19,-8.602072255744621e+18,-1.424245365481461e+19,-100723.29317852738,160288.88049399442,76783.0951099233
280,0,-1.0002306884844653e+19,1.3695608503829217e+19,-7.841432925729231e+17,-251513.50820457918,-122799.75423766999,-81126.74468872958
280,1,1.340192722852218e+19,1.2526299876607533e+19,-1.834032397786347e+19,-68985.48723085142,61242.8297421653,-276902.8581822999
280,2,6.802151519967416e+17,7.199844501335283e+18,-1.671323201594098e+19,108896.20494114226,143906.32826088663,-366671.2526746946
280,3,-7.216154070409213e+19,-4.0644853138798035e+19,-3.776584475294838e+19,15472.032377968699,-109163.77359419582,-181232.7638010418
280,4,-4.114209901257032e+19,-1.206780848906062e+19,1.1024091146728636e+20,-94675.76719880255,-40371.48354805566,27671.074344438264
280,5,-1.8081493677189966e+19,1.02296112492013e+19,2.5351860063726555e+19,-182133.44992153993,48255.97544183776,269736.3044790279
280,6,1.9781938814786548e+19,-2.13985680899051e+19,-4.619727802730546e+18,159397.68851107985,-33386.598384129844,89132.50497069034
280,7,-5.414481026369513e+19,-2.395547726930363e+18,-2.1920793493882474e+19,-110612.00381140187,-9715.625291986787,-10226.376309158724
280,8,-1.7379276458102725e+19,1.7147799990346007e+19,-2.999286626233255e+19,120740.55092001412,95268.6635592333,30947.67971099946
280,9,3.058145291084127e+19,1.6771623378719913e+18,-3.513461023793925e+18,-93179.7123588015,17517.330441631486,-104804.86569282312
280,10,-3.992983708425327e+19,9.888397012594379e+18,-2.351759484935549e+19,49103.544506931365,124775.07229389048,-128937.583656667
280,11,3.718581712884902e+18,4.423033252241232e+18,-1.7521502782107705e+19,-24396.841035984788,176401.29563390513,213963.45330159296
280,12,2.1417637780041843e+19,1.7790433273096292e+19,-1.6567771899340255e+18,192864.60546058917,24842.623753073865,117750.29322971277
280,13,-9.318720252258365e+18,2.6512754168630256e+19,-9.328748585703895e+18,-164292.62138042576,285134.73045793007,-91077.83955383176
280,14,2.4935231563664036e+18,3.8361538891012045e+18,-1.0988488845633858e+19,211557.39611798504,-12828.833624934015,4563.284634280275
280,15,2.5940203467005112e+19,1.8423842735967216e+19,-2.0689464048234342e+18,-255656.4648291623,43896.08218226613,226601.7558985729
280,16,1.9824654686990482e+18,-3.909271450249836e+18,-1.2473819481096208e+19,-173267.14045966786,83210.80105909155,-30692.428462215725
280,17,-7.296125760222879e+19,-2.107353307315278e+19,5.601336729050151e+19,-113492.11849120379,-255835.93048878835,131134.8551197667
280,18,-1.1980654889109484e+19,2.2638936972086884e+18,-4.4294017628371185e+18,-69127.28682348743,-105191.3977335965,107521.01188384065
280,19,7.373709437340402e+18,-2.5555265466715433e+18,-4.328822275923132e+19,80262.42428130479,-201251.26583090783,-52433.616090191994
280,20,3.6845769270618472e+19,-1.057776481051869e+19,-1.0656523835207023e+19,113368.46945748257,58715.80590254106,-71198.65730806127
280,21,-2.326495382247685e+19,6.685497858564706e+18,1.4529440534545652e+19,-227291.6815304312,108452.1286229035,-188762.30936149444
280,22,7.96036819597781e+19,-5.020034286176054e+19,8.844202567409532e+17,-68508.72215921743,10868.082549225855,21844.883143060153
280,23,4.753287098207286e+18,3.0798801349531735e+18,6.148658868178636e+18,-4709.43968381594,-145212.55430109278,97326.05584870838
280,24,-2.7383361317996302e+19,4.1443288263686994e+18,-2.1281232075555234e+19,152604.37061615763,3713.9249931083336,-63998.007043657875
280,25,-7.659749697213268e+18,1.271173214762436e+19,-8.604126606016479e+18,158083.52682698652,344619.4873218961,-430288.52422861865
280,26,5.515873068821528e+19,-7.741050582807684e+17,-2.873901285608719e+18,-149309.06944428445,-59750.07222741957,98997.1933392029
280,27,7.465216893791056e+18,-1.2595506392945439e+19,-9.906674959694785e+18,100055.49652848092,20930.94273202906,321853.02229639475
280,28,-3.173723863062536e+19,3.752686491256457e+19,-6.803280711356943e+17,-146449.54545267223,-67535.60664642903,24064.79172525832
280,29,-3.6480536834252464e+19,4.086485802289939e+19,9.466219860852841e+17,-163328.2949134304,249117.44689017133,194172.29081968556
280,30,3.950802236744625e+18,-1.5483652028052726e+19,1.1162395485643436e+19,-142803.04049579165,-25585.99816395591,-130171.18688623428
280,31,-1.1013441381701065e+19,1.2573465503585133e+19,-1.5835492262879044e+19,167763.68161547618,147383.76515734705,-136935.52117392153
280,32,-2.4182751932264255e+19,6.48827002517908e+18,-3.141303917119118e+19,-161316.56953022038,-67510.43995061338,121740.52173492352
280,33,9.732415360275075e+17,2.7868667683143406e+19,4.4313477929411625e+18,-152063.76806991213,-51479.54965224251,133125.9626141983
280,34,5.779901972874519e+19,2.7420987179818766e+19,-7.595259799205787e+18,153918.0097384565,108953.23927918836,-35709.86133948161
280,35,-6.9030466114987065e+19,3.809191274910078e+19,-1.901634934889996e+19,80646.8501716238,-124941.96505562596,22496.538763999903
280,36,2.7312028936653614e+18,6.377645815725704e+17,-1.8178181988966117e+19,-131217.3478368065,113297.74583565304,-103802.92586782452
280,37,-5.401879826107357e+18,3.0571367813189286e+17,-1.792800741356746e+19,-95594.30681100779,-156170.7734631119,160541.03578430513
280,38,3.7308564306320215e+18,1.383662578796639e+18,-6.287179226805761e+18,-98609.1203164072,-20949.820340850954,16828.196383589922
280,39,-2.0721234108510614e+19,-9.332177506562173e+19,1.1504575569790504e+20,-67917.56991648556,-10138.106796398648,8907.05976646471
280,40,3.019330369766282e+19,-1.9365000911030694e+19,-2.09984174633114e+19,133022.54731289888,-86212.18569629006,174972.3611253432
280,41,-1.1514647774839286e+19,1.1534938354216915e+19,-1.6753268227722713e+19,-204029.34589636617,-12025.975672098348,120645.71703994567
280,42,1.75125319923099e+19,2.245739598052949e+18,1.1713418600298163e+18,-26533.065395211015,-153376.38097139014,-81148.90384599986
280,43,-2.2919792195060703e+19,-3.260332370962665e+18,-1.9185283530138882e+19,-44248.37919229783,-231828.29293716885,11956.108739688569
280,44,-1.4438318346975891e+19,6.583231074623413e+18,-1.68280697160352e+19,-303351.6143786332,332477.03212437703,-344561.5601980687
280,45,1.6815937824779602e+19,-3.2163073725352727e+19,-5.88459046843518e+18,-1920.0734812598002,-113523.5527341405,-114187.54989963079
280,46,3.530296389428375e+18,-3.906481911995949e+18,-1.4824628601615135e+19,133006.6084564189,-212934.7321715151,-310240.21058213245
280,47,-3.535626744299499e+19,2.199383481453981e+19,-1.4197238687946764e+19,-142444.03339562152,25285.502404352523,96009.4450301154
280,48,1.5826495416056685e+19,-3.0175990503579582e+19,-3.2059612907626815e+19,-144365.3861231336,185990.13526401244,-77141.73911770048
280,49,2.770290238614556e+19,-1.7011109119290126e+19,-9.446299565895703e+18,208102.83795083154,-70756.99034987835,15249.534617774836
280,50,4.139798288201795e+19,-1.4627553979271905e+19,-2.4695095762050662e+19,235814.06670992257,-121501.57680523439,-4423.434303728294
280,51,5.797800062712247e+18,2.759990764810015e+19,-2.5554934351090823e+19,-30198.02815970882,-31087.868250253992,47301.93642096158
280,52,7.426632894951362e+18,9.36354340701744e+18,-1.5136199299445527e+19,267401.92352414236,-335.9629101505825,-229497.0387605364
280,53,-8.169791924053402e+18,8.969469223660614e+19,-8.488794436357384e+19,-76540.98441376563,-9193.195453752392,-21660.988382232215
280,54,-2.2968635414022504e+19,3.960564519002943e+19,-1.9521043752482906e+19,16611.227898724173,225189.96738313008,92630.63618831353
280,55,1.3156508256868372e+19,1.204301956198586e+18,-6.781143811829485e+18,174407.32662950945,40294.11899208989,-105151.10074639728
280,56,6.125437364745373e+18,5.488856437925289e+18,-1.7535080785567769e+19,18188.875324108674,-255559.05493357425,-281032.66185142
280,57,-8.627653661647645e+18,6.769566700995383e+19,5.537213659850947e+18,-55246.12074885386,188076.87594150315,124222.4465410851
280,58,5.447974096036879e+19,-2.7792382173481705e+19,-8.730005729698076e+18,239371.87425550044,-160772.38469593265,76604.25719179293
280,59,4.898153751154782e+18,-4.729091303549026e+18,-1.5779371711339768e+18,-6352.961342255376,112635.6252502786,-148082.59549380728
280,60,1.4423252986421844e+19,-4.31942449979968e+18,-4.762302185410762e+18,149574.53120854014,28060.734297374587,-39940.57289223249
280,61,5.510903340826158e+18,2.158418207694443e+19,-3.3954241430439485e+19,37029.09374843478,276579.3304433403,83643.58095314929
280,62,-3.2305811989541786e+19,2.7256458773212066e+19,-1.980377866245046e+19,102926.69541512195,13180.174760123393,-132928.68428666686
280,63,-1.4761018869878286e+19,-5.663191196417074e+18,-1.3021934124566782e+19,-65415.32112779265,211465.9950537257,75997.02843943067
290,0,-1.3840165735232625e+19,1.1545314784097802e+19,-2.4157574022081137e+18,-234140.13279476034,-149429.48411906793,-124244.51740544073
290,1,1.1819181041825008e+19,1.3087769040965704e+19,-2.24457142340684e+19,-129403.69061836069,8755.789473898525,-240372.8189535264
290,2,2.7737965787974533e+18,8.788996378977151e+18,-2.2061818332354937e+19,144020.4056583264,67060.6805106765,-303668.8255389857
290,3,-7.186597566192293e+19,-4.23238555577012e+19,-4.060284090681901e+19,21915.851434776087,-103684.06645627019,-178343.2460503783
290,4,-4.262662786745338e+19,-1.2701877738617594e+19,1.1064686969418568e+20,-93491.88359431164,-39996.240353598674,23797.870947113377
290,5,-2.0904013356348092e+19,1.0974201056314554e+19,2.941846924211399e+19,-175757.564052006,46266.401012366536,246587.5309598777
290,6,2.222318662181563e+19,-2.168024366155013e+19,-3.33758481236237e+18,150152.72413010162,-2957.7297199189225,73126.76302822448
290,7,-5.57140039526236e+19,-2.4754651050683105e+18,-2.2058093318025114e+19,-88672.39683587312,-638.363817354048,-7215.591400287535
290,8,-1.5391182051813702e+19,1.846746439489239e+19,-2.920726245250965e+19,131442.76945929212,71792.20967546226,68921.25970588837
290,9,2.884155170158886e+19,1.878407837592651e+18,-5.267076512046263e+18,-127827.92424859332,7659.586458616285,-117060.31672455993
290,10,-3.890455120926329e+19,1.1869036226870082e+19,-2.5443772112328552e+19,80709.99843766942,125977.20177634049,-114730.97203449019
290,11,3.265261754881649e+18,7.035518987081419e+18,-1.4239451165147845e+19,-32527.012165089443,144434.23695711192,191568.7047189224
290,12,2.43890696019076e+19,1.804392258483241e+19,9.422717812437594e+16,174387.85616911305,9654.229113791409,107714.6151590296
290,13,-1.1901023496780614e+19,3.0675887351601725e+19,-1.0836667645920502e+19,-163136.66081707703,244110.10687484514,-100025.39782370234
290,14,5.704046803959799e+18,3.535034503229207e+18,-1.1574560169473272e+19,186208.42503440258,-20558.008727553883,-72590.65631415322
290,15,2.1613650191497298e+19,1.8875291423414075e+19,1.3640231174320335e+18,-283969.1871754779,12260.280141548881,204971.48342342442
290,16,-5.574111664052325e+17,-2.0963800150100654e+18,-1.333013199151462e+19,-155339.59670720831,143602.00106809443,-70169.6334519171
290,17,-7.47170394683556e+19,-2.509495721643272e+19,5.805138277043628e+19,-109112.36796456321,-253875.44079957102,127248.66106347885
290,18,-1.2827231793683466e+19,7.114697640535217e+17,-3.1013210805809853e+18,-39877.074670706155,-91150.17877330734,59724.96431165102
290,19,8.589040259515951e+18,-5.674420278089635e+18,-4.3850361656250245e+19,73858.67772103674,-193734.28869672053,-19068.694976044975
290,20,3.8419952358061285e+19,-9.668309335016116e+18,-1.1820647269332031e+19,86503.09785549497,55833.8111964011,-75621.1840976937
290,21,-2.6698126019582915e+19,8.416427387859556e+18,1.1368220421619687e+19,-207872.18479060056,110507.64469792086,-212429.47296979857
290,22,7.846197440193793e+19,-4.998196635804338e+19,1.215247097585367e+18,-76300.1554725322,16926.73261803085,20023.519536147265
290,23,4.647554404248317e+18,7.184136397350683e+17,7.234941765328696e+18,-8527.068468988058,-153002.0343255566,41131.91883949358
290,24,-2.469372496236737e+19,4.251516714405239e+18,-2.221677626398112e+19,187297.6609238974,10743.820260603945,-55012.379201385134
290,25,-5.203967421522258e+18,1.7736366804109339e+19,-1.565200289105343e+19,149341.22157805774,286894.39616653963,-460831.8313130365
290,26,5.2637352578176385e+19,-1.7546074616619574e+18,-1.3660925682946094e+18,-170376.78498935548,-64620.42311032861,91685.79172259077
290,27,8.94805236665188e+18,-1.1793096142821431e+19,-4.899893520915828e+18,88342.95290775876,78268.0567281541,310308.9972684118
290,28,-3.4111701504193937e+19,3.6459238743736783e+19,-3.298783585549871e+17,-150587.6736211487,-69141.92585013327,19568.802486946413
290,29,-3.882694485694897e+19,4.453193718624934e+19,3.86270056753046e+18,-137837.94431311046,217583.69862320516,176348.562917249
290,30,1.7196597478446925e+18,-1.5696271931029697e+19,8.850274400834242e+18,-139505.49548070662,-1031.5342534298304,-162661.6338432107
290,31,-8.312667571791619e+18,1.4464571066021663e+19,-1.7876195194095157e+19,176358.83621435394,98206.18314812073,-118646.85911978967
290,32,-2.6565788673893437e+19,5.47013431350911e+18,-2.9145104127981113e+19,-139868.44718131266,-61383.88847852367,166301.17174936918
290,33,-1.4859669599054653e+18,2.6837143595896865e+19,6.34049027199872e+18,-159092.59709902285,-78335.79323134608,108770.46085486123
290,34,6.012553708946795e+19,2.9067857193469362e+19,-8.163948684072077e+18,141156.87543452985,99965.61705829341,-36355.85275371214
290,35,-6.764785162691396e+19,3.6069990394325877e+19,-1.86465476485096e+19,94781.479273206,-131341.8685378305,24408.361596966733
290,36,8.182244450729389e+17,2.9282617587711764e+18,-1.920901451859902e+19,-104193.95185613468,165334.54009257525,-35557.76535584998
290,37,-6.515795642465963e+18,-1.896200970895346e+18,-1.5157912169939192e+19,-48680.98098265067,-122454.44260933263,186464.92864836988
290,38,2.1696088645932933e+18,9.818512836636278e+17,-6.567827457879349e+18,-95120.58349862412,-31773.066731208775,-48605.89709177091
290,39,-2.179055784488576e+19,-9.34668717923019e+19,1.1516936077532203e+20,-67620.58804585639,-8255.433940410729,6763.9160369587335
290,40,3.2214265719416467e+19,-2.054658994613712e+19,-1.8097024981429703e+19,122858.24093182768,-63192.68130583341,192634.4509703914
290,41,-1.4222474286822113e+19,1.1353420496644469e+19,-1.476610161215829e+19,-143785.54151243673,-15740.597262718355,123174.1971756567
290,42,1.6802097167309722e+19,-2.515512575770423e+17,-4.6995858196826874e+17,-63109.253023110745,-162716.29880275758,-128205.9634278677
290,43,-2.3314222449064686e+19,-6.631232741590207e+18,-1.888083614467638e+19,-6142.491292347797,-194445.20953208534,26359.115913608348
290,44,-1.8815633473400558e+19,1.1870681101003536e+19,-2.2064743975683834e+19,-257381.45914596718,331999.7500441582,-318821.79861680086
290,45,1.6783522673170553e+19,-3.3649748413150487e+19,-7.716590194116666e+18,-2005.257572046096,-75970.17003167821,-117477.0246883629
290,46,5.353373688213482e+18,-6.589576435333813e+18,-1.9424196799638987e+19,101694.36731334691,-131632.739243855,-273207.88921480376
290,47,-3.736872577929756e+19,2.2348215846222397e+19,-1.2783899901162988e+19,-113017.20410392132,18824.44116634628,83871.59890020681
290,48,1.3530584136983132e+19,-2.707086991008147e+19,-3.3139124293807145e+19,-146778.6071491821,207562.61381959563,-59510.133168343054
290,49,3.0836434063434523e+19,-1.7983983705870901e+19,-9.271368999205149e+18,189513.74210924067,-52812.638861322695,5775.589240859909
290,50,4.49199314006482e+19,-1.6505011697043659e+19,-2.460645390980264e+19,211093.98804508735,-116089.85823402337,15288.870077438916
290,51,5.223650177608499e+18,2.679353066220467e+19,-2.4688823442857595e+19,-42603.38339391098,-71887.54676792819,61520.8377628668
290,52,1.1097897125124698e+19,8.857667281276481e+18,-1.886639946532596e+19,198524.12131763023,-49420.450717653,-238779.74985889377
290,53,-9.377080417124356e+18,8.951780940796168e+19,-8.520077885565524e+19,-76477.32746649865,-13226.785692359312,-17987.581679114777
290,54,-2.268832173646605e+19,4.291754612969927e+19,-1.7988385169388747e+19,19136.728680562566,194898.03763598466,101016.53582009247
290,55,1.5515368654643755e+19,1.737564824192002e+18,-8.548139088547995e+18,124990.10360387703,26616.41439356696,-116064.70224377788
290,56,5.60322842108923e+18,1.5440964703988444e+18,-2.1324092706072646e+19,-68941.05252858154,-235496.60174273117,-200590.1923477324
290,57,-9.50894305204955e+18,7.055640526536395e+19,7.463356686612138e+18,-56435.680776658446,174746.80139373938,119929.3728207179
290,58,5.813306729051232e+19,-3.024168335734849e+19,-7.538918362901572e+18,224091.73848219975,-150022.33696408145,74384.69764929422
290,59,4.778484934756877e+18,-2.736729889678008e+18,-4.352767985510176e+18,-9909.91152578153,138943.40193562888,-202879.52695674563
290,60,1.64277562476244e+19,-3.6374912297609564e+18,-5.559765606004923e+18,105474.91305737612,58129.41786637025,-58555.959385383765
290,61,6.007138488518546e+18,2.5773697858868916e+19,-3.2321557136011543e+19,25549.881680752478,253084.34095589168,123618.007513091
290,62,-3.0581463026500952e+19,2.7236156448503587e+19,-2.1743492411991605e+19,115889.97621752377,-14773.521585428352,-113942.51513265312
290,63,-1.548227471939115e+19,-1.9871458821694162e+18,-1.1881658468635472e+19,-24185.552633349835,251495.92043557172,68571.47906920766
300,0,-1.7354148318195044e+19,8.976456051607345e+18,-4.690939766494599e+18,-209273.35895010552,-176474.0491782883,-164891.27623179514
300,1,9.40558903604211e+18,1.2805864432874496e+19,-2.5895480799453106e+19,-176044.29529019733,-43786.76509196077,-198005.95356465713
300,2,5.074397409940096e+18,9.604005072293612e+18,-2.636321134689278e+19,149123.41173118982,44089.18376260246,-243843.0741848521
300,3,-7.14721286677085e+19,-4.3917834520113906e+19,-4.339339094339317e+19,27937.329365071262,-98388.4427853629,-175350.14731049477
300,4,-4.409247524600136e+19,-1.3329928008682406e+19,1.1099228384585482e+20,-92307.36236353607,-39608.347970017945,19995.554219233924
300,5,-2.363192602087141e+19,1.1692473190133854e+19,3.315480401992687e+19,-170126.3989255732,44841.273562731345,227560.39825145015
300,6,2.4526881386631004e+19,-2.151122579332373e+19,-2.3182300160835907e+18,142129.88999771167,23751.285528952605,55886.640418672665
300,7,-5.695276148816865e+19,-2.421021020690602e+18,-2.2148793699140383e+19,-68597.82472188082,7407.050897627228,-4268.404327666867
300,8,-1.3226101501746405e+19,1.9403629411084976e+19,-2.781665445311929e+19,143486.32492963018,46717.30425608144,106808.9542018119
300,9,2.6525215809151336e+19,1.9088567516841147e+18,-7.197344049202424e+18,-166859.09113667905,-4113.025616685818,-127378.40271019831
300,10,-3.7385745088679576e+19,1.385084936703203e+19,-2.712290322911876e+19,111674.73677208746,124762.59052174808,-97539.40803574905
300,11,2.694307249862425e+18,8.915010884924205e+18,-1.145481782450642e+19,-41199.7626363088,94793.95883100033,161339.39385001044
300,12,2.6854209573148144e+19,1.8051816957439797e+19,1.7099518720506332e+18,141486.0003768782,-8911.063388415057,95883.25301864393
300,13,-1.4471090062188904e+19,3.425481136340667e+19,-1.2479469647796621e+19,-162757.5035983598,210487.7987535168,-107895.7992047643
300,14,8.226600404889324e+18,3.250798424509266e+18,-1.294662462317978e+19,133928.21634205722,-17366.144940727794,-92475.97104005954
300,15,1.7069826922428844e+19,1.8869928359849492e+19,4.4046335332969866e+18,-293557.33302283054,-11901.769115776528,180845.7088535359
300,16,-3.0717271798065976e+18,4.4567588533059405e+17,-1.450446111016035e+19,-162535.42448767088,171158.16523851498,-71657.23677500323
300,17,-7.640616674797763e+19,-2.9084886347533943e+19,6.003077119325985e+19,-105037.25944173934,-251848.27706738666,123697.1400576059
300,18,-1.3278571835356066e+19,-5.708569688153812e+17,-2.590861516806807e+18,-18066.683562738996,-69538.82579907347,3884.9602142349627
300,19,9.705426394957822e+18,-8.660114804372066e+18,-4.389362384139913e+19,67617.31925895727,-184462.10076196975,13607.77299684266
300,20,3.958661516470903e+19,-8.834155019575535e+18,-1.3016571152721166e+19,61727.771833399034,49457.46429908055,-75025.50502056025
300,21,-2.9819351903054197e+19,1.0163678321696774e+19,7.816389173279416e+18,-187491.65978324861,110744.835749142,-237923.1168999215
300,22,7.719245297034573e+19,-4.966181447091674e+19,1.5138854043004096e+18,-84743.04488542634,23831.38084355992,17731.138081907746
300,23,4.4854741944150093e+18,-1.720167644008862e+18,7.47329486934359e+18,-11982.134312808355,-155527.44328008438,-10112.518386357426
300,24,-2.1540558842441613e+19,4.5032209878341555e+18,-2.299477035782042e+19,210360.4274133235,21150.2929301154,-40708.887848921375
300,25,-2.9609338883983493e+18,2.1697458541016203e+19,-2.2935154358491468e+19,138078.41801055634,218646.6594227081,-455833.5932425715
300,26,4.977971331472583e+19,-2.8152501809069056e+18,4803034695318688.0,-191875.99299901587,-69852.12161189006,81567.8136839684
300,27,1.0262737682974212e+19,-1.0206583695015295e+19,-1.827309086828617e+17,78631.3486609284,120123.98907787999,285607.1986468522
300,28,-3.6429886679192564e+19,3.530670199092579e+19,-8.610967982811046e+16,-142350.75586154408,-77834.0901501839,10750.595553414138
300,29,-4.08898983289142e+19,4.7782514406334235e+19,6.537496905252047e+18,-124626.34665503616,195673.19018941076,163326.92398213994
300,30,-4.3539640728899686e+17,-1.550058746929935e+19,6.03694848861691e+18,-133140.85267770293,26507.4015472673,-193524.96589741515
300,31,-5.396214884764374e+18,1.57747591909594e+19,-1.9649621032976015e+19,192380.303059457,67808.55418204794,-108629.85802190952
300,32,-2.853463556183223e+19,4.578557267499062e+18,-2.6190650370925216e+19,-107832.03940685312,-50288.31764465519,204900.0116598748
300,33,-4.0316975579492347e+18,2.541879797819252e+19,7.862515705246464e+18,-163122.3371071073,-100899.39172752292,84092.1436592257
300,34,6.225880133896586e+19,3.0580505105102668e+19,-8.742193797127499e+18,129396.7047130758,91908.50135641424,-36929.116343960886
300,35,-6.603367273916524e+19,3.394699135082365e+19,-1.8245085055891724e+19,110017.28784015156,-137759.7151991796,26512.396878117
300,36,-6.003492658025614e+17,5.569723183949827e+18,-1.946788878828319e+19,-79806.85264187343,165821.4491959545,1117.2305901514037
300,37,-7.00138070224516e+18,-3.474437005755945e+18,-1.2143841833446021e+19,-15443.143900963314,-73910.81707373285,191677.9663793996
300,38,8.544345640150095e+17,3.780522782081241e+17,-7.740420789487415e+18,-68116.87122255393,-40739.06221467363,-100046.95408074168
300,39,-2.285514532771779e+19,-9.358235751503218e+19,1.1525931893912982e+20,-67317.40312209378,-6384.44297083858,4641.956921403037
300,40,3.4061926327451906e+19,-2.1344096360023003e+19,-1.4918119712210182e+19,111064.95336082758,-37183.91038315761,210631.82439393445
300,41,-1.6214700133526546e+19,1.0923261755340057e+19,-1.2840235077399693e+19,-111122.1502231267,-42137.977414241745,123318.0479086963
300,42,1.5554170278453477e+19,-2.856929701142735e+18,-2.913361091236197e+18,-92883.68932614914,-164980.20857090986,-181424.07211928765
300,43,-2.314698286780455e+19,-9.39249353379696e+18,-1.8372574510651e+19,26204.471391120755,-156030.06099663256,37479.69221849487
300,44,-2.266051409627883e+19,1.6996991007580557e+19,-2.6928338455295394e+19,-230747.1953342266,318065.8118532645,-296492.838231482
300,45,1.675494496616596e+19,-3.458793316883666e+19,-9.580555499773155e+18,-1617.1570674886582,-43678.09648739037,-118527.13411047842
300,46,6.805433367068977e+18,-8.165271027958973e+18,-2.3484937777810207e+19,82610.89243930513,-69903.87933403839,-242590.68536158773
300,47,-3.893525723464168e+19,2.258146240696426e+19,-1.1531752861367802e+19,-85911.88771074805,10842.439654016685,75355.408626554
300,48,1.118871033563131e+19,-2.361973400831874e+19,-3.393079718304615e+19,-150276.8220363647,230339.54247795558,-40523.66388780545
300,49,3.3693697398095847e+19,-1.8698291034084004e+19,-9.310214195813612e+18,172847.83923797493,-39061.611082356445,-12737.879603417452
300,50,4.807291648463941e+19,-1.828262899475732e+19,-2.4225763679479718e+19,188942.49076808855,-109050.53183860882,32502.618341218124
300,51,4.4434147344133443e+18,2.5313384141353193e+19,-2.3639240116798607e+19,-57371.560966044526,-116386.63020125865,71017.92653373456
300,52,1.3694210010651126e+19,8.041776259528465e+18,-2.260600686384802e+19,130524.2350009714,-52446.65182123921,-232862.47741549424
300,53,-1.058296366152459e+19,8.92772698218609e+19,-8.545545952374586e+19,-76361.99517999563,-17263.55868357607,-14289.302160780619
300,54,-2.235865994558992e+19,4.576432440757711e+19,-1.634935313108911e+19,22818.19999101971,166143.17952888494,106278.63360106503
300,55,1.7108441912892113e+19,2.0273768325815373e+18,-1.0381631409346165e+19,77301.80444142078,9837.20335301702,-115016.70579614694
300,56,4.2839096462790953e+18,-1.9498198370861384e+18,-2.4010071826718167e+19,-90814.82581542384,-210436.01300340722,-143680.27108087504
300,57,-1.0407963197811376e+19,7.321630107069231e+19,9.322262384798372e+18,-57496.968088022666,162579.54706785292,115706.1702412366
300,58,6.156313268040822e+19,-3.2537488371465396e+19,-6.3813970929222e+18,211047.99541320532,-141344.1990927042,72399.0007097497
300,59,4.518743451443975e+18,-3.4439489149310906e+17,-7.94135511101337e+18,-25833.689209433036,164404.44891623,-250119.8547777345
300,60,1.7744400834089032e+19,-2.5035717020209413e+18,-6.5078867044454e+18,59454.136027905304,82988.45567082612,-59183.62787356588
300,61,6.298913815034896e+18,2.95067158675383e+19,-3.0064784283322896e+19,10727.419497175186,217826.45643744673,160719.71147495485
300,62,-2.8638021009141342e+19,2.6798372231805526e+19,-2.3420078067710247e+19,130760.8153689521,-40873.39678285407,-98993.31696947431
300,63,-1.5489382233998391e+19,2.1699769846012864e+18,-1.0822974225961222e+19,22332.420285382224,272836.6122788654,67204.55732847286
310,0,-2.0291835571725754e+19,6.001486848220344e+18,-7.684857279126575e+18,-154136.95064536005,-194447.32524418386,-214762.9180680685
310,1,6.245522468402946e+18,1.162204612850933e+19,-2.8786387568958722e+19,-212935.2034665714,-109037.82811399837,-173883.59890578155
310,2,7.536576175827995e+18,1.046454394946931e+19,-2.9731640434734785e+19,151486.5086472264,72024.45099312071,-178092.36980577235
310,3,-7.098629411592344e+19,-4.542973194064986e+19,-4.613605978535498e+19,33583.692074522456,-93279.2801930198,-172277.96134188643
310,4,-4.553960750538131e+19,-1.3951749192824082e+19,1.1127821215311526e+20,-91119.14807122036,-39206.438746778964,16256.813522057531
310,5,-2.627575062556775e+19,1.2390892840092416e+19,3.6614025404359074e+19,-165064.18092970777,43728.35892916765,211297.48355723923
310,6,2.6719261002191704e+19,-2.095032289394926e+19,-1.580561826824883e+18,136207.3241132713,46688.29164090431,37371.878710637284
310,7,-5.788505544466642e+19,-2.2448172738320264e+18,-2.219194263739683e+19,-49732.866414548145,14851.107704367165,-1161.408561321333
310,8,-1.0827473176918372e+19,1.993451711321467e+19,-2.586944043660149e+19,161726.94779000143,19793.25321073753,138635.57914595804
310,9,2.3524895337902215e+19,1.7399654741031708e+18,-9.28425357214589e+18,-215886.52491557336,-17530.029175263764,-137221.7977189119
310,10,-3.5387310911487926e+19,1.5798175417898785e+19,-2.8505102081202225e+19,141360.6120378089,122088.29741100201,-77247.73168462761
310,11,1.9389898657580278e+18,1.004426045247183e+19,-9.171505357629777e+18,-54832.82841353733,48933.35723694922,126280.70039942235
310,12,2.890803093221402e+19,1.777188578703352e+19,3.1101166339135974e+18,119751.45647707928,-26184.90173508406,81582.3598513283
310,13,-1.7038580734502363e+19,3.734131122897896e+19,-1.4229475317179625e+19,-162585.11747745078,181353.54032795224,-113421.96456131461
310,14,9.947309899233976e+18,2.945503206249735e+18,-1.4360887732227817e+19,84238.90259984555,-20937.88585502536,-85896.49136715008
310,15,1.2335903081464932e+19,1.851702817325581e+19,7.065824452344279e+18,-306389.11627581366,-32394.298916137708,156119.5375724181
310,16,-5.551086555855267e+18,3.228032234472721e+18,-1.5484872728117326e+19,-148829.5035397798,182396.05123657893,-52792.500604120025
310,17,-7.80331768932195e+19,-3.304246158346418e+19,6.195652120488142e+19,-101233.81400749146,-249778.17987914532,120444.13009313223
310,18,-1.3395855030731866e+19,-1.445826356908166e+18,-2.9798123049013627e+18,4057.017967756143,-41372.58773025767,-52431.33718053182
310,19,1.0718704401401512e+19,-1.1489638444601508e+19,-4.341403136408129e+19,60495.77679629813,-174001.64015096088,47683.967803980304
310,20,4.037759099450363e+19,-8.115465856990164e+18,-1.416058708012101e+19,38793.255797736965,41551.83370179151,-69200.33109259093
310,21,-3.2607606354965565e+19,1.1907187215202224e+19,3.859131802788555e+18,-165759.98863131946,110235.14367314047,-263573.69632288115
310,22,7.578308897965205e+19,-4.922276890469163e+19,1.770871258808235e+18,-94070.73303484415,32126.8651275915,14672.706248978353
310,23,4.2782333286218424e+18,-4.1808565914090173e+18,6.933482709432482e+18,-13524.028421685587,-156062.19434538914,-57822.719537077784
310,24,-1.8057251364673595e+19,4.917353854256829e+18,-2.340546217207768e+19,232067.58316679817,31448.416060898435,-9328.88469870625
310,25,-7.620858509846237e+17,2.4758276726208717e+19,-2.9895730693567013e+19,140158.55787505096,170913.84283743124,-422434.2970623422
310,26,4.6582610019141575e+19,-3.9593920317776947e+18,1.1923846014098273e+18,-213296.399055068,-75177.57564453571,68478.56551137916
310,27,1.142199287890365e+19,-8.082257081054759e+18,4.0505879279701053e+18,67093.15572018827,146239.3355135252,249848.17946056376
310,28,-3.858861983498004e+19,3.3983544371012264e+19,-4269880968046202.0,-130983.60970174213,-90352.87946354745,-744.9929943389695
310,29,-4.277810448212892e+19,5.073481908857191e+19,9.031542219563831e+18,-115081.2967098937,179213.01442296125,153160.17475822315
310,30,-2.475782955579226e+18,-1.4837373910864198e+19,2.7609014394043034e+18,-125723.69055522459,58336.04715952974,-221209.00162154675
310,31,-2.2835329187171738e+18,1.657371540589465e+19,-2.1326472142267458e+19,200815.4806600146,32846.305604431465,-103704.7673188269
310,32,-2.9960293007043277e+19,3.908893490137764e+18,-2.2785481200484196e+19,-73148.12215447356,-34452.224433997435,224593.47970482838
310,33,-6.620507562596374e+18,2.366574123785602e+19,8.990454165813768e+18,-164600.05241084401,-120983.6306110807,58671.42741115988
310,34,6.421343553938953e+19,3.197219434563324e+19,-9.329110765806152e+18,118491.37611991656,84606.42778924623,-37457.05441628017
310,35,-6.416941956983375e+19,3.1722291623447003e+19,-1.7808671554395922e+19,126514.59272625404,-144241.26365476078,28851.61677709346
310,36,-1.793705439330679e+18,8.1283018671055e+18,-1.9205548317638095e+19,-73143.57861917067,158360.95219170232,30754.79437693257
310,37,-7.106454264838027e+18,-4.2069540624590326e+18,-9.181518353760425e+18,-665.1735874276685,-20486.648424419807,183017.63163786108
310,38,-2.8593323863579936e+16,-9.638844746461605e+16,-9.738617766689075e+18,-50050.17275932108,-14596.825609215488,-150621.13989874843
310,39,-2.391490566505156e+19,-9.366839881151164e+19,1.1531595196273626e+20,-67008.86092061592,-4522.93290494431,2539.624035968748
310,40,3.5716410642544206e+19,-2.167694122774101e+19,-1.1428309182372485e+19,99171.78079233137,-2234.442767513755,232133.0169706862
310,41,-1.7741955237637423e+19,9.862894796195058e+18,-1.0794190070888356e+19,-79725.02928052751,-99904.81553795558,137944.17064376822
310,42,1.3940902972186493e+19,-5.328909266722333e+18,-6.079090126644084e+18,-110363.60154074784,-144457.34776361604,-214742.23520433146
310,43,-2.2513736922541056e+19,-1.1570883926500743e+19,-1.7708491786770199e+19,53432.436337714564,-120435.41807047506,46541.80773135558
310,44,-2.617581952993532e+19,2.1931792263824294e+19,-3.134869283371424e+19,-217182.28168765592,307914.8654401912,-260898.6542333328
310,45,1.673088533567272e+19,-3.504621052699808e+19,-1.1450748203831693e+19,-1530.063906274469,-14881.796034116023,-118353.15031567343
310,46,7.928829854317625e+18,-8.850154513002055e+18,-2.7092605297344217e+19,58291.29539046053,-19512.193585794164,-214574.79011995386
310,47,-4.009018579244031e+19,2.2696742933315445e+19,-1.0391391858566724e+19,-60799.93855904724,4024.957850787131,69640.89870034787
310,48,8.782313696584959e+18,-1.977709030004783e+19,-3.4403388887845904e+19,-154843.00755822996,257972.87407344984,-18670.42118179849
310,49,3.628104603472836e+19,-1.9307539433596305e+19,-9.752639994527605e+18,153365.46078065468,-44007.09180425594,-45074.67082039733
310,50,5.08933800594034e+19,-1.994353722565398e+19,-2.3594940008260415e+19,168885.5143182379,-101451.34654494561,47007.1259422895
310,51,3.358573364578163e+18,2.3093516375171305e+19,-2.248077616301889e+19,-81122.19462200713,-165976.2240803966,74479.9467108038
310,52,1.5254495230327947e+19,7.198801629164375e+18,-2.6153686671984378e+19,68961.97987223075,-54521.16034209502,-215641.66389874945
310,53,-1.1786586852499057e+19,8.89729463323968e+19,-8.565157171855978e+19,-76190.03609674051,-21313.08867692127,-10563.556752203382
310,54,-2.1964360316829053e+19,4.816407709160467e+19,-1.4647713229344543e+19,27222.06460585921,138051.03531443514,108957.76729363918
310,55,1.7974798559257313e+19,2.0515944377927345e+18,-1.214919053530471e+19,33478.0353969437,-6283.451506497765,-108175.76576063715
310,56,2.9055669073812864e+18,-5.156001909086688e+18,-2.5962789373277897e+19,-79889.89738489181,-195848.74694555582,-107070.14931202591
310,57,-1.132281576908255e+19,7.569197890623214e+19,1.1115294948494154e+19,-58444.00084901351,151365.0346374432,111584.20329872856
310,58,6.480466920497184e+19,-3.4714436195480547e+19,-5.251139285786785e+18,200204.20446890424,-135041.64514091393,71007.59936307944
310,59,3.9226320525462513e+18,2.427053963413649e+18,-1.2144780902252364e+19,-49208.095363082786,185465.39055029303,-277835.2642796553
310,60,1.8271725875971602e+19,-1.1427169672849384e+18,-7.494364656909076e+18,9563.680676754371,87584.72792523449,-71017.18889486049
310,61,6.330008042183693e+18,3.2609815217570767e+19,-2.7331762974468747e+19,-6953.698036809653,175393.28767777755,182816.4145138453
310,62,-2.6450023755360678e+19,2.5935443009273487e+19,-2.4880338935543767e+19,146385.2751518459,-68827.11465677532,-86670.82203603689
310,63,-1.4929113342491304e+19,6.59517733249402e+18,-9.724378259808424e+18,38764.61259721776,285298.68232798064,70459.38438967508
320,0,-2.2164513389122523e+19,3.101010286943405e+18,-1.125781997014678e+19,-88400.1915014181,-171510.3398575862,-231500.44303514896
320,1,3.1480028612112133e+18,9.747384205758198e+18,-3.130626515679179e+19,-183495.72119147857,-120028.29731601744,-139422.35593922582
320,2,9.397798361216471e+18,1.1556055105730863e+19,-3.2050640443229905e+19,89724.16726654455,58757.608556469335,-121458.45869789459
320,3,-7.0414008082610274e+19,-4.686242491503836e+19,-4.882976326272783e+19,38903.42768635332,-88346.63318998418,-169146.80094800342
320,4,-4.6967940289345266e+19,-1.4567108083904465e+19,1.1150561084366142e+20,-89923.90729220504,-38788.966100790996,12575.90127580135
320,5,-2.8842968240734097e+19,1.3073534642593835e+19,3.983322059779723e+19,-160390.90161961567,42826.87242522472,197036.1202194144
320,6,2.8844340004569244e+19,-2.005808773651341e+19,-1.1462726949640795e+18,134015.42326309552,65767.73202296284,17476.774684109987
320,7,-5.852600028495665e+19,-1.9541100739663844e+18,-2.218405537567634e+19,-31601.29821471875,21955.607910425617,2208.7516814630335
320,8,-8.095416434058762e+18,1.998265307168465e+19,-2.3482190377867825e+19,185398.14163575615,-15792.988733830716,162741.18296561076
320,9,1.9613724648839995e+19,1.355524772135214e+18,-1.1536466786074327e+19,-282205.0076372611,-30306.535293780915,-148818.74837275725
320,10,-3.293125373237498e+19,1.7709132740897055e+19,-2.955393594636922e+19,169845.4620619496,120252.16263874239,-55566.94342624804
320,11,9.515543953271483e+17,1.051824916762762e+19,-7.523854801487602e+18,-70964.9645831402,13934.384582233202,81901.97469726006
320,12,3.0651540350794265e+19,1.72357965238009e+19,4.2867504200206505e+18,101646.55720428856,-41489.44385278453,67668.81667256478
320,13,-1.9593918590819754e+19,3.9995254408846885e+19,-1.603952802022095e+19,-160897.07758004713,155543.40286538578,-115273.01430020992
320,14,1.0929273083178762e+19,2.6285233835386163e+18,-1.5683835233864606e+19,43312.7048050206,-18396.47629859364,-82809.3594326176
320,15,7.40859228266522e+18,1.7859650938987991e+19,9.319950429712476e+18,-317818.53242498555,-50568.89333071925,129212.8085292811
320,16,-7.738562628927887e+18,6.222599347567389e+18,-1.6208547925474275e+19,-128271.40740904695,197027.16450818654,-40746.48412498681
320,17,-7.96021331659941e+19,-3.696716556727956e+19,6.383308769779992e+19,-97674.40523751116,-247684.76918148488,117457.9668909674
320,18,-1.3097840035722097e+19,-1.9108824734253806e+18,-4.2141869252164603e+18,36388.34296818617,-19326.187324974242,-102548.90993937179
320,19,1.1592901473584146e+19,-1.4136452146933674e+19,-4.236420096762051e+19,49186.77226961085,-160266.7100020118,86190.47159310515
320,20,4.081719697018111e+19,-7.521292788122197e+18,-1.518294442012106e+19,17085.81407264821,33923.73150488827,-60042.840058047725
320,21,-3.5049505530973184e+19,1.364840365344007e+19,-4.950273481194204e+17,-143925.71237077238,110943.31378267346,-288027.4011103772
320,22,7.421790075380988e+19,-4.863473212773141e+19,1.969552036008016e+18,-104517.27544149927,43017.495629208766,10165.259073707808
320,23,4.084573436743546e+18,-6.609826323891738e+18,5.679811985823895e+18,-11257.572688284536,-149631.09940551964,-99489.31309142703
320,24,-1.4189252644813033e+19,5.498971862190214e+18,-2.3255064134970167e+19,259224.6230518061,42457.46196934904,29095.65348081424
320,25,1.4160489999106893e+18,2.7144142358061314e+19,-3.6254640271648633e+19,135340.54533921316,133559.89104041771,-385077.2086919953
320,26,4.3051877036509495e+19,-5.188751615703249e+18,2.15273430151952e+18,-234104.10001451627,-80748.49647656034,52879.32065905302
320,27,1.2345729429181727e+19,-5.666424527443558e+18,7.708561287084505e+18,49834.53528570285,158120.625058499,214269.2774449818
320,28,-4.0556745648234906e+19,3.2442904330858648e+19,-1.2044036268061107e+17,-118283.8877691107,-105311.6956851905,-14354.935857425498
320,29,-4.452966024804235e+19,5.3454214360608506e+19,1.1379698064453601e+19,-107123.84959707808,165895.91097710462,144708.6715073026
320,30,-4.419304210521965e+18,-1.3626504258078781e+19,-9.38790699172571e+17,-121313.41154971263,96831.23439284512,-247825.06824619128
320,31,8.931802638524776e+17,1.6841127772661197e+19,-2.288996246977351e+19,199423.49467753523,4577.393445881843,-91052.00284375051
320,32,-3.083599601960297e+19,3.4833629789659346e+18,-1.9130239134758814e+19,-36957.90955995349,-19977.824709258686,238558.8178269243
320,33,-9.213160013070586e+18,2.160901114942268e+19,9.704866280484905e+18,-163576.54688480988,-139468.51100937175,31487.02074699936
320,34,6.600185762403871e+19,3.3253656844808094e+19,-9.924036636238029e+18,108307.3201926606,77915.40941283396,-37943.95004843988
320,35,-6.203327036579474e+19,2.9394549602121183e+19,-1.7332701879660993e+19,144533.81185549113,-150822.89944654703,31560.578001152564
320,36,-2.917742914406467e+18,1.0547689588381643e+19,-1.856044076727438e+19,-68619.33270858528,146698.51531608743,48316.66584520711
320,37,-7.106628953330219e+18,-4.1839405584487357e+18,-6.382087721490478e+18,-2491.565195818827,21126.096873961975,171180.42092875435
320,38,-8.66939442193651e+17,-4.146360628410441e+16,-1.2333862007722265e+19,-57610.80871150789,21432.15518899858,-173351.6436959977
320,39,-2.4969759624031035e+19,-9.372512957556775e+19,1.1533955804010629e+20,-66695.60036700276,-2668.9462366052894,455.4686509802136
320,40,3.723714383476191e+19,-2.1344081719601775e+19,-7.729074997974025e+18,93670.96333523924,41368.523867011325,228323.96111017783
320,41,-1.851179887945069e+19,7.808158720623548e+18,-8.601358674396515e+18,-16976.92500306054,-145319.7942103933,130427.66426164325
320,42,1.2082335583577731e+19,-7.356972981275824e+18,-9.607310611529064e+18,-125231.60748536665,-111924.71769502397,-231211.49939682923
320,43,-2.1475254596469985e+19,-1.3196621572306231e+19,-1.6906292931875199e+19,77849.52023172288,-85524.61601433562,55064.02316074053
320,44,-2.9503599049922757e+19,2.6650671436112564e+19,-3.5115761217287455e+19,-203455.34097538196,287514.48590249603,-218399.9228073322
320,45,1.6702515233459628e+19,-3.5069267091537494e+19,-1.3311052592914164e+19,-2232.2781140927023,11654.496566519962,-117327.98306174857
320,46,8.619023173434583e+18,-8.887602001097944e+18,-3.025617421132731e+19,28958.448591795044,11010.331677429049,-186892.64243974825
320,47,-4.0863914623026364e+19,2.2716742159003296e+19,-9.319987601198664e+18,-37602.0245900772,-1219.758379624532,66647.45259666903
320,48,6.308554516688755e+18,-1.5421982051009888e+19,-3.448409544753354e+19,-157888.51510577818,296589.66021729185,10445.121441482514
320,49,3.841342315564373e+19,-2.0241111080960602e+19,-1.048313283028683e+19,115282.63301713039,-68935.37466809117,-31277.00050039194
320,50,5.341183574409418e+19,-2.148510118304992e+19,-2.2755158534738088e+19,150615.7256290202,-94016.30948887544,59052.773432102884
320,51,1.8349729021731597e+18,1.9972620632411705e+19,-2.130360538807147e+19,-114451.61710640621,-236358.3729643143,71806.97102914563
320,52,1.5915839948594534e+19,6.333915406547739e+18,-2.9390644278939705e+19,16061.502670442813,-54367.9717019667,-194138.59679539833
320,53,-1.2987018393121417e+19,8.8604568467615e+19,-8.57886686426385e+19,-75956.64505704778,-25384.008066886843,-6808.721263094564
320,54,-2.1501257858822074e+19,5.012073969955384e+19,-1.2926900177368992e+19,31279.917424705334,110030.16724992382,108569.55762465192
320,55,1.8202462527681833e+19,1.848239241246871e+18,-1.375384519525632e+19,-3742.7761436442433,-18980.109163427525,-92800.51399311988
320,56,1.8283858881631951e+18,-8.084762529439989e+18,-2.747643521276632e+19,-56207.84865254561,-173678.98626336543,-87118.647414206
320,57,-1.2251753979577293e+19,7.799710535439778e+19,1.2844225187175365e+19,-59283.122771739116,140936.70179751504,107583.3908551376
320,58,6.789286811065996e+19,-3.6816011652802576e+19,-4.133959862198274e+18,191606.65830772606,-132044.2192347628,70917.48415507475
320,59,2.977544602795106e+18,5.455245442894985e+18,-1.6572910905959735e+19,-71206.37574803612,197285.60693286505,-281023.42046180397
320,60,1.8145215133809111e+19,2.7542552422991498e+17,-8.87497805705289e+18,-23438.953010284407,93023.6229186894,-107645.7787041222
320,61,6.09008521971159e+18,3.506140799583305e+19,-2.4364863935465312e+19,-22856.20278797079,136299.22958797356,191878.7358469242
320,62,-2.4038682634338927e+19,2.4631500470201303e+19,-2.616262192860644e+19,158547.02606431645,-96119.3266883069,-75386.12221067773
320,63,-1.4424734062554784e+19,1.0938915887725093e+19,-8.77491374310761e+18,28999.96287100237,258209.94802220917,47303.03545489418
330,0,-2.3220756833499386e+19,5.58682124360998e+17,-1.4905397534277388e+19,-48877.9233671478,-151142.80466894343,-229282.7926536198
330,1,3.460772784391764e+17,7.883030279819506e+18,-3.3109445293528674e+19,-172648.31811731312,-116414.3297562622,-88174.89125503028
330,2,1.0526416375548426e+19,1.2280744349841875e+19,-3.362927070017043e+19,55599.69045254021,33016.064008364294,-79297.81889602635
330,3,-6.976005850077251e+19,-4.821857177305962e+19,-5.1473708937222455e+19,43941.94040152988,-83573.65559130698,-165973.62780755656
330,4,-4.837733633775179e+19,-1.5175746834077815e+19,1.1167535295403953e+20,-88718.33790407704,-38354.40862336325,8947.929614284307
330,5,-3.133870497693637e+19,1.3743078363910027e+19,4.283990738248433e+19,-155988.62156936867,42054.90579025038,184296.53712142978
330,6,3.098427845345312e+19,-1.889197002553203e+19,-1.0303588502667927e+18,138716.78337419924,81594.57920290477,-2546.3308950659175
330,7,-5.888441915483311e+19,-1.5527630251671642e+18,-2.2120837340009e+19,-13875.938793875102,28903.868378297873,5846.231520131533
330,8,-4.951191383594247e+18,1.933915556955492e+19,-2.076611181826839e+19,213397.44733874232,-71067.41954659617,180425.04254377433
330,9,1.482364285471928e+19,8.909881080287834e+17,-1.3997777077948879e+19,-313570.02802837925,-24304.25584315069,-163170.38447836845
330,10,-3.00224419548959e+19,1.9587477387487543e+19,-3.0252509294475493e+19,199384.28405021864,117277.40058101591,-32679.770623539738
330,11,-3.19535657514997e+17,1.055434986075279e+19,-6.58227682544851e+18,-90627.08571296792,-7772.783866898662,37696.598662959004
330,12,3.2124588976276513e+19,1.6469364402258311e+19,5.249147308797484e+18,85261.65905849045,-55479.27025238527,54430.466030994714
330,13,-2.2101538795234922e+19,4.226131217225172e+19,-1.7845601572208697e+19,-156499.1672643288,131909.97859115739,-113084.82739893065
330,14,1.141644659342387e+19,2.363221153164408e+18,-1.697313628397728e+19,21478.170454499894,-15955.078293377792,-79396.1336057593
330,15,2.318556961481676e+18,1.6931911568174045e+19,1.1131498690994065e+19,-326898.81940412713,-66666.89931486362,100006.48138287944
330,16,-9.576350351868019e+18,9.410772392706497e+18,-1.6845724867355875e+19,-101933.52832890174,204894.9892786666,-42692.82914508522
330,17,-8.111668901478833e+19,-4.085875944363904e+19,6.5664454820832485e+19,-94334.45876221708,-245583.75372025452,114710.4132951922
330,18,-1.2155344042138905e+19,-2.105690172470478e+18,-6.115268391797571e+18,84772.28678124015,-6346.6810992053,-132631.18557373175
330,19,1.2243933424735263e+19,-1.6486168980116621e+19,-4.069818521278509e+19,33124.7684368892,-135628.62851573326,123839.70531849092
330,20,4.09203788032231e+19,-7.038053713577817e+18,-1.6050425888836772e+19,-3921.3883833889986,27576.899580948753,-49883.197419703916
330,21,-3.716544085190185e+19,1.5437132624695755e+19,-5.217721007819581e+18,-125278.10324104405,117436.87591155864,-309860.24704075843
330,22,7.248125676863989e+19,-4.783742281156199e+19,2.075274651261274e+18,-115477.54804962689,59356.814312381386,2423.280988843742
330,23,3.8736914627732803e+18,-8.840262281943213e+18,3.827977817601008e+18,-17241.61549068286,-131624.32582811068,-134724.93953029017
330,24,-9.8405382061698e+18,6.284647828513658e+18,-2.246168881753909e+19,292716.44798535365,59336.29881172329,72228.93400195184
330,25,3.504550571020717e+18,2.902615981874965e+19,-4.2092155493243585e+19,129388.99295436333,106377.25715021727,-355996.6998513299
330,26,3.91991335615852e+19,-6.51539257872807e+18,2.8506491275782876e+18,-254055.6929363451,-87885.87420516244,35222.473195959225
330,27,1.3016697639780542e+19,-3.1293692152579277e+18,1.0829213490919735e+19,36091.9395917445,162847.39546349485,182012.38715575106
330,28,-4.231425248434409e+19,3.0647619763555074e+19,-4.7102800098824845e+17,-104177.98677349511,-122703.51512927031,-30642.33657219897
330,29,-4.616326847968665e+19,5.598071399762984e+19,1.3604270537793647e+19,-100060.39704467305,154634.02548591388,137430.5285161505
330,30,-6.325936838406476e+18,-1.1701231752349143e+19,-5.048404779752201e+18,-120903.38732581555,150339.35149659414,-271359.6521996574
330,31,3.788847481240331e+18,1.6709554377410568e+19,-2.4012267407703593e+19,160689.29326503153,-28871.837787810597,-50868.42471378024
330,32,-3.107312659795019e+19,3.252898245399385e+18,-1.5268476830261707e+19,9050.318065831454,-10560.69722455303,249202.3488565624
330,33,-1.1766827815588526e+19,1.9272801313626415e+19,9.969727878860118e+18,-159495.06237248424,-156313.082961887,1579.0325471102976
330,34,6.763448786840034e+19,3.4433604885553836e+19,-1.052628857987573e+19,98725.47493807069,71721.96635568439,-38384.25110015318
330,35,-5.959845459150556e+19,2.6962297531584664e+19,-1.6809229826477472e+19,164444.27819484306,-157474.24066959607,34944.84244811453
330,36,-3.9378079156525993e+18,1.2722277276881267e+19,-1.7795569115165327e+19,-59849.331299623635,129827.06540443351,43200.55076632658
330,37,-7.279183620402693e+18,-3.6181157824633436e+18,-3.854005493854821e+18,-21208.88990893429,47811.740045958686,143788.29054053113
330,38,-1.8437002128776404e+18,5.7104703517607616e+17,-1.512074074740044e+19,-65853.71943934918,55917.70465487104,-178666.55308893666
330,39,-2.6019636627216626e+19,-9.375265408585184e+19,1.1533041238811673e+20,-66378.09001755029,-820.6765709563774,-1611.9969228957948
330,40,3.859649469979145e+19,-2.0504061339686162e+19,-4.276698294867987e+18,75854.05870098599,63530.886979537776,211289.79546534756
330,41,-1.8431937507309793e+19,5.494019619630454e+18,-6.818287833471136e+18,25096.989024964863,-147929.72761215246,95631.87240018892
330,42,9.987713582414821e+18,-8.847269586918877e+18,-1.3346509095165071e+19,-140306.59624469272,-76546.50411863797,-241982.99697930392
330,43,-2.006426573876176e+19,-1.4261191723718531e+19,-1.59750510419577e+19,100883.8214002119,-48979.0010415929,62738.1673334583
330,44,-3.258464647980831e+19,3.0994542984370004e+19,-3.831976436067863e+19,-187163.06608796085,264160.7428196711,-189788.32277146223
330,45,1.6654800557159967e+19,-3.4685734641744953e+19,-1.5150672524601113e+19,-4010.7539381244646,36781.07514415387,-115787.71575839027
330,46,8.811804356020378e+18,-8.595642939435631e+18,-3.3011799627033833e+19,-7045.77579810728,25032.118282230687,-162193.94043535864
330,47,-4.128684410867801e+19,2.266507177802995e+19,-8.271960040015888e+18,-16326.823642227975,-5218.1536108901755,66736.83915720321
330,48,3.867852717277019e+18,-1.0342054179167508e+19,-3.3968747504807313e+19,-147674.95325503664,346468.2406790675,58863.0756072719
330,49,4.000227494845694e+19,-2.1233832038614475e+19,-1.0633933949461506e+19,88605.33771190769,-53628.99614787995,8159.84782466201
330,50,5.5654561113406505e+19,-2.291344486142648e+19,-2.174203137760209e+19,133907.0477066948,-87143.47157513756,69053.06544496384
330,51,-1.3722425435487923e+17,1.5615453734832667e+19,-2.0412909349943824e+19,-132724.66104071666,-305700.56203496,44087.18425721015
330,52,1.5790849449981477e+19,5.505980951408243e+18,-3.2263400964673597e+19,-31124.633439921236,-49906.01553920961,-169373.32956299203
330,53,-1.4183253270150783e+19,8.817173346615049e+19,-8.586627713489496e+19,-75657.40182078155,-29484.60551495619,-3022.82382366214
330,54,-2.098640431322442e+19,5.164481827074623e+19,-1.1238390687806097e+19,33664.31871844599,83635.31204558589,105042.13113472691
330,55,1.7766261732969185e+19,1.4687075393425206e+18,-1.5014562202577705e+19,-57048.658487253626,-27330.100629235694,-68514.39452052754
330,56,1.1301618503537472e+18,-1.060311531580883e+19,-2.8783916799475487e+19,-32066.72256280886,-143958.40536638562,-81599.38911022095
330,57,-1.3193108751536882e+19,8.014301625946869e+19,1.4511043260061809e+19,-60018.47596567304,131165.02052811935,103711.87206557348
330,58,7.0859893735750935e+19,-3.891146136799698e+19,-2.997647660705743e+18,184497.00456958843,-134918.46688417552,73890.12352841516
330,59,1.6429219759763628e+18,8.676858228606737e+18,-2.0982743745208037e+19,-98762.87893039729,213624.30303925823,-276849.59617974143
330,60,1.7494831998732575e+19,1.7643211642482703e+18,-1.0988851937318584e+19,-62026.82277212587,93143.36823868033,-160699.27878655554
330,61,5.623035904052352e+18,3.693403609724001e+19,-2.1301844095365812e+19,-36016.010929723176,101581.85479466541,195783.90473395726
330,62,-2.146576226904046e+19,2.2902920112135086e+19,-2.7242472239981138e+19,166838.70199308547,-123012.13656866847,-61116.76960337518
330,63,-1.3847846122270286e+19,1.4712700303012841e+19,-8.251772565221234e+18,46830.37629439884,221476.7208092581,18386.097105096193
340,0,-2.3749899808968634e+19,-1.669299855097029e+18,-1.843074470122862e+19,-17716.372001669308,-131609.83466222137,-216108.80183549452
340,1,-2.2974542269210813e+18,6.071570434073716e+18,-3.4069160014452994e+19,-161561.7362049697,-113109.95227719315,-33256.58885309412
340,2,1.1179077421284889e+19,1.2592894071181343e+19,-3.456440580043619e+19,27196.531774654108,6342.301802394628,-39497.11916595727
340,3,-6.902856505722236e+19,-4.950053361875726e+19,-5.406734129326439e+19,48738.39548684523,-78939.80575287594,-162771.20075464898
340,4,-4.976760905764651e+19,-1.577738616171889e+19,1.117882398072715e+20,-87499.52421929357,-37901.62948425024,5368.732635433588
340,5,-3.376664117195801e+19,1.4400993993662335e+19,4.565544924350813e+19,-151788.36539087477,41342.709045293675,172765.10015790857
340,6,3.3273757418498023e+19,-1.7491414229638175e+19,-1.1999010714342147e+18,153005.3346086516,95862.06798614928,-17044.08310260548
340,7,-5.89646790851721e+19,-1.0419072484660383e+18,-2.199845340053814e+19,3699.6126548058164,35864.98176054402,9696.598473802065
340,8,-1.4904853937988268e+18,1.7531049141931737e+19,-1.7868821470892282e+19,214554.2438743053,-160728.12061225975,181757.21427172414
340,9,9.779666220939057e+18,6.887975601417684e+17,-1.6761596897499234e+19,-322375.1619495053,1489.8630444445316,-188952.91646738572
340,10,-2.661383706312719e+19,2.13781020562321e+19,-3.0575124164499833e+19,233553.39861744604,108034.318031482,-7932.7783215128065
340,11,-1.9148306705719519e+18,1.0305812719855331e+19,-6.338207975166954e+18,-111383.41259968621,-23046.111953279848,-7321.765744641703
340,12,3.334598035042768e+19,1.5489761270493346e+19,6.007615274719228e+18,69616.11269297994,-68542.9659160913,41798.59712761684
340,13,-2.4522051110347063e+19,4.416214808564038e+19,-1.959730792426421e+19,-150062.25237542894,109126.9506400314,-108775.42738138148
340,14,1.1648262451018117e+19,2.0808577225753682e+18,-1.8114184136336224e+19,4977.091864590095,-20918.0258973007,-63523.972077476494
340,15,-2.891667956495797e+18,1.576767344289487e+19,1.2463769831462253e+19,-332924.7388203871,-80482.69393149244,68487.45438935289
340,16,-1.0798729215893735e+19,1.2615201740327703e+19,-1.756779714086929e+19,-48717.6073632813,199115.66654884935,-46712.65544148701
340,17,-8.258012917882074e+19,-4.471722515970376e+19,6.7454179873950786e+19,-91191.81239637638,-243487.60847226303,112175.49822060241
340,18,-1.0477458956001171e+19,-2.1193294141815537e+18,-8.229275848824548e+18,123864.97006847577,4070.5324489419295,-133059.09439406707
340,19,1.2639218973253466e+19,-1.8379152699348654e+19,-3.849906753978736e+19,16951.948875740567,-103705.70741277265,153475.62144448716
340,20,4.069554392256108e+19,-6.643670198765895e+18,-1.6758392266017978e+19,-24518.567756381,22633.868143825148,-39928.85001679903
340,21,-3.904711016374695e+19,1.7430920152006846e+19,-1.0201926769483885e+19,-114308.46217544095,137276.6552368635,-316659.2212794955
340,22,7.0603609996326035e+19,-4.670966266844896e+19,2.0103631208961874e+18,-120034.65590294905,85139.21832726516,-11952.574200241528
340,23,3.507934201622414e+18,-1.0728361908595227e+19,1.443670542368991e+18,-29538.647994974122,-106734.0386315567,-166826.3559472973
340,24,-4.95349824724832e+18,7.469394996061848e+18,-2.1023097666525606e+19,327161.3737771296,94919.43671314161,106344.67852797183
340,25,5.499929012938582e+18,3.053529662433289e+19,-4.75163333901859e+19,123546.77434187492,85807.78497265647,-332221.6110442074
340,26,3.5046862195685364e+19,-7.986867925032661e+18,3.2498871515209984e+18,-271355.3608032567,-99741.09939874124,14730.652646452276
340,27,1.3503095077812814e+19,-5.3936896170682106e+17,1.347342993069927e+19,25936.97544252541,165102.44927928684,153700.3463569816
340,28,-4.383016803257455e+19,2.855426319295477e+19,-1.1095763836064812e+18,-87252.37599243423,-143258.7768897139,-51209.3878584998
340,29,-4.769045340394822e+19,5.83417418884404e+19,1.572121408957962e+19,-93602.16393985788,144848.58562058985,131027.3982369708
340,30,-8.241328269952253e+18,-8.829818213653552e+18,-9.413836746359235e+18,-121923.04303841005,213890.59379426902,-279411.4367399059
340,31,5.924893268113702e+18,1.5829145492864762e+19,-2.4600069146440557e+19,108940.10030658588,-81892.00745953705,-26477.311368918654
340,32,-3.0547479314869826e+19,3.120000474797414e+18,-1.136470554388252e+19,55463.85922375177,-6214.609566178518,243053.65464354915
340,33,-1.422378451020225e+19,1.6689528253120688e+19,9.741270432430877e+18,-151066.63733308946,-170597.28369464815,-30816.886121864754
340,34,6.911998752899659e+19,3.5519138811373162e+19,-1.1135060543706819e+19,89641.72224019986,65934.02898148386,-38768.62037290242
340,35,-5.68313487806727e+19,2.442550060449098e+19,-1.6223422605623618e+19,186755.95312738593,-164027.24307475696,39591.525802251876
340,36,-4.721245556552433e+18,1.4646080134104787e+19,-1.7379503357356065e+19,-35940.18781800572,109469.5600082924,8692.480137100141
340,37,-7.746311005199951e+18,-2.730243383202192e+18,-2.034917825401597e+18,-35143.11874834008,64566.39024231074,83406.55897028088
340,38,-2.9411043205835525e+18,1.734847283444776e+18,-1.7960891973698456e+19,-72865.70607124329,93669.43947913234,-181454.9198192517
340,39,-2.706447263176253e+19,-9.375104935548884e+19,1.152887657967727e+20,-66056.69460761879,1023.5137652640631,-3664.391186775059
340,40,3.955077229493131e+19,-1.9338946546552967e+19,-1.0272729641582592e+18,42428.58884711048,84872.90299047685,200183.83535530788
340,41,-1.7717682407808831e+19,3.127896586517282e+18,-5.56941846895988e+18,66250.85881719437,-152005.92054413274,62834.231695536255
340,42,7.651284579212849e+18,-9.757579831301067e+18,-1.7226507693102969e+19,-156042.49172561304,-38245.349399061306,-249422.94139206334
340,43,-1.8289720836235237e+19,-1.4724635155531815e+19,-1.4937504328635097e+19,124302.00716391408,-8996.04298281708,68255.05888644018
340,44,-3.542014727226884e+19,3.502225607274529e+19,-4.115104497390114e+19,-172685.1278718983,247294.0959263531,-170150.86863890264
340,45,1.6569725781726685e+19,-3.391237643691047e+19,-1.696377345724192e+19,-6984.418501589839,61167.26554645701,-113999.25309505683
340,46,8.376761851656931e+18,-8.033698119782331e+18,-3.5312326009201734e+19,-45192.34888738101,48267.58767879812,-127502.70948108812
340,47,-4.139186808478795e+19,2.2551553910818017e+19,-7.205214755215206e+18,2187.953498125088,-8956.29056017932,68193.18661328302
340,48,1.7097656760757164e+18,-4.727567728740873e+18,-3.2654386497628774e+19,-127410.79300107552,360507.58515182,102336.87880344162
340,49,4.124605586336834e+19,-2.1908334047131423e+19,-1.032232773053956e+19,69532.6116856374,-31887.418374088145,29360.315623561077
340,50,5.764496283995046e+19,-2.4238806502499914e+19,-2.0584354947426484e+19,118607.13988078973,-80970.27887484657,77450.41693914364
340,51,-2.433163693263799e+18,1.057247179292494e+19,-1.9739166546554937e+19,-156843.97587897442,-321451.1146313496,39170.45397382632
340,52,1.4953777228360819e+19,4.775522898806578e+18,-3.471340820817551e+19,-74399.92786441243,-42272.87505765657,-140299.4649810322
340,53,-1.5374221872389548e+19,8.76739058405126e+19,-8.588388239557773e+19,-75288.55608437104,-33623.50373836958,797.601352061497
340,54,-2.044562673011423e+19,5.2777254777836585e+19,-9.618679125518041e+18,34776.04011909206,60435.87449185119,100195.76246810638
340,55,1.6367160605615532e+19,1.090723855496826e+18,-1.5991647487156101e+19,-119641.5906726472,-16150.751404484567,-57580.78652538673
340,56,7.921463730411049e+17,-1.2506392668205298e+19,-3.0074367285119934e+19,-13249.86387460635,-95047.14141777263,-78546.70871079466
340,57,-1.4145269930215057e+19,8.213926617943489e+19,1.611779512020887e+19,-60653.39631097615,121952.62063691404,99969.26032600449
340,58,7.368996946406151e+19,-4.112624882449083e+19,-1.767834200638131e+18,171901.1124054693,-147363.25473456865,83242.79934680984
340,59,-1.4666163101166672e+17,1.2237206914463314e+19,-2.514687952725018e+19,-125073.71397223811,229554.58377000983,-241532.9113119003
340,60,1.6155961849593434e+19,3.1363800930926705e+18,-1.3917958596104253e+19,-108169.74792124967,77612.89629835759,-209500.84818666565
340,61,4.961133351839227e+18,3.8278884935303586e+19,-1.8201789510723422e+19,-47688.96824016694,69185.98274844071,196697.42554546718
340,62,-1.8797615588314006e+19,2.0759708536978862e+19,-2.808176183322332e+19,170838.63929745532,-147740.88332905452,-44840.80946000191
340,63,-1.2915886543383515e+19,1.794069040610545e+19,-8.209201810556211e+18,71412.5816327522,187206.6596010277,-13201.811238149889
350,0,-2.3758128072462488e+19,-3.6056127037900196e+18,-2.1711698801769746e+19,17221.383057749244,-113839.11379464029,-199707.17965530622
350,1,-4.705122977521019e+18,4.303282135501548e+18,-3.4164979298166034e+19,-141201.9671042224,-111569.76215260712,21466.071071274655
350,2,1.1375939049484005e+19,1.247494150848187e+19,-3.4882708547346633e+19,-2742.1975074548163,-21476.214986316674,-998.5340949930528
350,3,-6.822308214212011e+19,-5.071033206533408e+19,-5.6610263342853366e+19,53325.207377154264,-74423.05403349991,-159546.6539900017
350,4,-5.113852984023946e+19,-1.6371733845659628e+19,1.1184501476148222e+20,-86265.08842093042,-37430.155642013,1835.1887666645653
350,5,-3.6129634522084893e+19,1.5047804050294972e+19,4.8297156316663775e+19,-147752.56817066853,40640.70211610869,162234.0254978929
350,6,3.5812882538544673e+19,-1.5874622557766623e+19,-1.4690943128019044e+18,166458.31983620682,107869.59260338928,-13241.307571228375
350,7,-5.8766956069344985e+19,-4.200232084594787e+17,-2.1814010244202594e+19,21415.334339055593,43001.9618557587,13708.666877933483
350,8,1.5532589342665843e+18,1.446122352444048e+19,-1.5188138009479604e+19,170124.0212415778,-221541.2088111047,155310.850021326
350,9,4.698578163635063e+18,9.183384187494545e+17,-1.984195512845075e+19,-326622.9171795434,27823.807877717543,-198239.52614226748
350,10,-2.2639219171729887e+19,2.292940283906964e+19,-3.050008373205254e+19,269915.34091685567,86210.81949476934,17303.16455904545
350,11,-3.806154533568953e+18,9.837779683423986e+18,-6.83847976954153e+18,-126495.37464767699,-36295.04990539921,-56819.58524943604
350,12,3.432225786708181e+19,1.4310784699296029e+19,6.570560834713862e+18,54131.275299813504,-80745.82423030525,29616.59875396624
350,13,-2.6831381110671024e+19,4.5708798737053704e+19,-2.1276167927704924e+19,-142490.22295240907,87071.9155100015,-104008.11799063017
350,14,1.1527652783057414e+19,1.7768019578461875e+18,-1.900694748283342e+19,-17480.119546409118,-13457.986078531165,-49369.980470697476
350,15,-8.167993787210238e+18,1.4405246602102006e+19,1.3283366714973274e+19,-335174.18229600997,-91795.85938374225,35183.394452192006
350,16,-1.110673431395253e+19,1.5617352219950397e+19,-1.8266318894865828e+19,7179.985092755391,179204.44739626715,-41335.764564373836
350,17,-8.399540817510649e+19,-4.854272346105552e+19,6.920542657412315e+19,-88226.78679130413,-241406.6676537811,109829.29365028962
350,18,-8.375099043457112e+18,-2.023026631179223e+18,-1.0382666971128111e+19,137245.5534085648,8206.717451299457,-145688.84220047967
350,19,1.2776017479819e+19,-1.9753669843717427e+19,-3.5893983812357284e+19,247.55481872218422,-70599.18376339905,175700.8153558672
350,20,4.014838257803744e+19,-6.317652388867439e+18,-1.7312691626279363e+19,-44772.21772814891,18872.9358750526,-30383.596153568895
350,21,-4.075638617106195e+19,1.971349886391259e+19,-1.5056919302801043e+19,-101578.67031142904,148123.9893977894,-297422.3325587634
350,22,6.8802404782835565e+19,-4.516566909111613e+19,1.6904190660606907e+18,-105943.44572486711,107607.2686422852,-27205.83667803371
350,23,2.9403204892087485e+18,-1.218405709031268e+19,-1.4148102988877524e+18,-42246.91930233194,-77108.48006693639,-194848.76712092207
350,24,2.3493569237701862e+17,9.25842714106717e+18,-1.9147193199223628e+19,316118.097950197,118873.19475137358,126154.5173127497
350,25,7.403698162295644e+18,3.175704729568983e+19,-5.259354869523021e+19,117770.02937188247,69688.12437591497,-311799.540214187
350,26,3.0696512739873817e+19,-9.68567438595015e+18,3.293545768102085e+18,-277143.9831392188,-114828.60266654423,-9444.467967528604
350,27,1.3843126009321304e+19,2.070129247532541e+18,1.5692503536139135e+19,17338.993808353236,165303.4619043985,127893.03313979902
350,28,-4.503034897790703e+19,2.6105631464279585e+19,-2.1208193867530573e+18,-62863.75539737345,-167768.99668060246,-78183.93538807257
350,29,-4.91195461670073e+19,6.055765641987508e+19,1.7742734538872689e+19,-87610.25619217985,136193.908041509,125308.4941896816
350,30,-1.0132597946798911e+19,-4.928847428127798e+18,-1.3773884362724278e+19,-112721.47663513596,279968.3286919697,-268251.58090958383
350,31,7.229987359151488e+18,1.4205630191333886e+19,-2.490725570845288e+19,58329.7072016964,-121985.09646583805,-12866.983337167248
350,32,-2.9376964297357926e+19,3.06896907088158e+18,-7.629823363830345e+18,91990.10506318472,-15.301899578131781,229880.27358072027
350,33,-1.650570068063143e+19,1.3906205013686335e+19,8.996200072688026e+18,-137248.0963963475,-181643.42276427665,-63409.25762479843
350,34,7.046549195952369e+19,3.65160325169449e+19,-1.1749386337680486e+19,80966.84083885486,60474.49874378568,-39086.425851995744
350,35,-5.368822592276939e+19,2.178909565897496e+19,-1.5548397061742123e+19,212288.60646924158,-169939.8531623583,46432.639452207746
350,36,-5.05709284204118e+18,1.600773189830733e+19,-1.735203132825429e+19,-11383.955782353289,60265.68486922499,-1255.4365853140873
350,37,-8.317411229714845e+18,-1.5657778832323087e+18,-1.225113374741282e+18,-36120.59861570221,83453.30296142944,20469.393948575114
350,38,-4.068098828514595e+18,3.6580950161809577e+18,-2.0798432741860782e+19,-67375.05389706808,152773.8542602371,-171646.97877928967
350,39,-2.8104208485480423e+19,-9.372036847756332e+19,1.152148421755757e+20,-65731.67082992497,2864.994265010108,-5703.50283849595
350,40,3.987131622446024e+19,-1.7803621872164678e+19,1.9724864083035428e+18,-2232.49826235122,109964.16491602438,176331.0465622136
350,41,-1.6310640959133655e+19,7.134148586894852e+17,-4.837929926833696e+18,113224.25417717724,-152816.1334006976,29712.20734945474
350,42,5.05699021406888e+18,-1.0033405228294504e+19,-2.1207039423306895e+19,-172884.3334437873,3907.3323535869695,-254720.04702983372
350,43,-1.6133633896728986e+19,-1.4513162635982062e+19,-1.3846587683359883e+19,148891.87416719538,36927.91225519934,68761.55267930168
350,44,-3.804699513741021e+19,3.881941411340458e+19,-4.3713590682635035e+19,-160635.44670300136,234490.46512439338,-155253.93838403237
350,45,1.6427549623346172e+19,-3.2756429718807323e+19,-1.8747498276223967e+19,-11274.89658489658,85363.12576419342,-112067.98579928066
350,46,7.472362427823624e+18,-7.064369163194296e+18,-3.701586018159314e+19,-67751.94027910374,74237.36167943127,-88220.3797762959
350,47,-4.127436581657643e+19,2.2419976980787687e+19,-6.124209091837294e+18,9884.539400895668,-6082.354733648033,69598.07146770516
350,48,-2.5482307746204115e+17,1.1203277157063249e+18,-3.080975139464233e+19,-125868.58821531737,384237.8471796406,130919.11769563002
350,49,4.2204121099820786e+19,-2.224396640150209e+19,-9.746459117148498e+18,52060.115072710134,-10763.282837631525,42800.601811198
350,50,5.940398368644371e+19,-2.5472324524260758e+19,-1.9303910586470646e+19,104549.3995360244,-75498.35926006269,84690.64788421209
350,51,-4.861745857780845e+18,5.576570413193794e+18,-1.9217456840595747e+19,-138079.27184906293,-306759.6647108313,31461.060438119126
350,52,1.346040932210611e+19,4.180948071636169e+18,-3.6658946320198685e+19,-114263.7626118861,-32910.29532863886,-105114.3287176218
350,53,-1.6558800308334465e+19,8.711040840396793e+19,-8.58408968496253e+19,-74846.89071423598,-37809.993401469364,4658.389679210189
350,54,-1.988948751256788e+19,5.35651421234867e+19,-8.076465886717197e+18,35756.25103968438,39751.21804277525,95301.74262882031
350,55,1.3988171719391787e+19,1.0927113434709501e+18,-1.6965121236016953e+19,-182640.91677526914,19259.460232858088,-72400.80377637778
350,56,6.630812436968861e+17,-1.3626948889463628e+19,-3.118274996945123e+19,-3814.308672105294,-47858.685333750414,-60701.41000067674
350,57,-1.5106680996389775e+19,8.39940816754412e+19,1.7666474646235034e+19,-61191.66785067511,113227.31519782064,96349.75591531639
350,58,7.618058057664004e+19,-4.354725550022922e+19,-3.643356123158791e+17,141591.17882067125,-156577.13778438338,93231.29707588383
350,59,-2.120165685235015e+18,1.5623287880462954e+19,-2.8536483592873185e+19,-122990.23521133176,195907.16581275009,-190479.8312595698
350,60,1.4027142030842823e+19,4.1048970336161357e+18,-1.7517606865627404e+19,-164703.2055548936,42501.0865993709,-242113.96056614936
350,61,4.122330053408085e+18,3.912543517529819e+19,-1.510804708600607e+19,-58549.576736840856,38332.97754342732,195007.02039145544
350,62,-1.6059903995493904e+19,1.828473193444317e+19,-2.86331685551158e+19,178037.19693390196,-164384.70459970538,-23826.525547087687
350,63,-1.1607803523708353e+19,2.0593925543805485e+19,-8.666749241937223e+18,93496.2808060677,148150.21639951257,-44597.50966072793
360,0,-2.3193022993182044e+19,-5.249236197660244e+18,-2.4730952124984308e+19,54713.680719620184,-93752.96929977622,-182917.44711092178
360,1,-6.694657358895084e+18,2.611771925895334e+18,-3.3359433202443256e+19,-111874.98599694377,-99403.19679362296,80148.8678904378
360,2,1.1073190732745961e+19,1.1910431871126518e+19,-3.459570489357736e+19,-36362.31475190544,-50186.896816898676,37552.44290344469
360,3,-6.734670621207687e+19,-5.18496489193988e+19,-5.910214316039559e+19,57728.054115167935,-70002.9369537227,-156301.30888064773
360,4,-5.248983807915063e+19,-1.6958495125789106e+19,1.1184638158285277e+20,-85013.36581839586,-36940.07383383889,-1654.601035646951
360,5,-3.843011401180862e+19,1.568342318542152e+19,5.077963682386745e+19,-143862.296859764,39921.35895535681,152562.9783082051
360,6,3.842072327064978e+19,-1.4148842984462504e+19,-1.5491042474327496e+18,161037.10254636584,109387.55929470916,3214.802382981472
360,7,-5.828616216630572e+19,3.1657723549703456e+17,-2.1564866645519495e+19,39652.79552667737,50410.38355476161,17911.23164448445
360,8,3.920526609102065e+18,1.0623365603728566e+19,-1.308649458095563e+19,132619.7812254208,-260222.8791000079,105181.81564546673
360,9,-6.1950181278082e+17,1.61806428799374e+18,-2.2941961389707944e+19,-347734.02289818274,60866.1712921516,-191857.29191165895
360,10,-1.8120871827842675e+19,2.4038562395573862e+19,-3.0036197463538692e+19,302012.45492913225,52891.17707573902,41335.40155953916
360,11,-5.831545782447291e+18,9.145182282338852e+18,-8.129692504343231e+18,-127871.30922167556,-52425.47658930862,-105861.56470922993
360,12,3.5054247805634097e+19,1.2946054196927134e+19,6.943539878883759e+18,38658.472803895034,-92106.54954158975,17681.859128336637
360,13,-2.9014215663377547e+19,4.6916128602603225e+19,-2.2879396125398077e+19,-134061.97884970688,66203.16641347877,-99200.50522988087
360,14,1.109411822995048e+19,1.802561590847908e+18,-1.965686666744769e+19,-45572.54338305559,20670.616189221466,-35211.267005661815
360,15,-1.3447484373013006e+19,1.288192229571138e+19,1.3570491910843103e+19,-333306.05978744134,-100976.8864248831,1180.2923080974933
360,16,-1.0644672906451374e+19,1.821013041804814e+19,-1.8885207428240015e+19,49715.40224374483,147121.0092339496,-37821.259427137964
360,17,-8.536518967166829e+19,-5.233556484097103e+19,7.092099747834646e+19,-85422.16892624249,-239349.60878211813,107650.00943219545
360,18,-6.28262283822527e+18,-1.697220863350427e+18,-1.29460537069737e+19,127354.9853367157,39025.02622240401,-179908.94588978236
360,19,1.2641060469527867e+19,-2.0609398196899156e+19,-3.2979517917025333e+19,-17575.954013936338,-37868.77430150882,192979.81680647886
360,20,3.92850156380216e+19,-6.042525027345221e+18,-1.7718262277448399e+19,-64571.011676247195,16192.49698275374,-21048.95968842032
360,21,-4.226758251925977e+19,2.2019581107123073e+19,-1.959479565796036e+19,-90718.8164967218,142041.24891321873,-277481.62428437645
360,22,6.724116599894759e+19,-4.339940195793422e+19,1.2046832178101294e+18,-94047.54503748771,114905.66976030692,-33277.083745220014
360,23,2.179538564536407e+18,-1.314224957290802e+19,-4.69009509381582e+18,-54124.297888053785,-43676.21547950815,-219948.285992541
360,24,5.019150486464055e+18,1.1132415230772773e+19,-1.7077015220227095e+19,287315.6348182316,112520.40974298818,138114.16787244444
360,25,9.216966067098756e+18,3.275137140460965e+19,-5.736864197748096e+19,112090.87883413884,56824.11177965758,-293823.36839291215
360,26,2.6354461288114106e+19,-1.1533815376720345e+19,2.976750217755338e+18,-273397.5773570093,-116662.24631898238,-29473.250859776035
360,27,1.4053994271671165e+19,4.66715199787767e+18,1.7517626783038802e+19,9473.424881946292,163588.49645650358,103683.48556822506
360,28,-4.571301070331304e+19,2.325665432243858e+19,-3.603443037037806e+18,-19095.977900815877,-192069.9698386952,-109460.7379239177
360,29,-5.0457244622266e+19,6.264436474922117e+19,1.9678490651531887e+19,-82007.47125112849,128438.01878484774,120136.2639648225
360,30,-1.1583826079671017e+19,-1.5629761828491674e+17,-1.7822646157741773e+19,-64996.62532049752,319409.87714937906,-248400.5637758515
360,31,7.810018519946676e+18,1.1991747195934947e+19,-2.498595020987971e+19,15967.002729400343,-158618.03872873745,3986.7450031732287
360,32,-2.765992725997003e+19,3.12230160339541e+18,-4.127824566920927e+18,125290.95272999916,6829.784236438075,213322.4569042298
360,33,-1.853116631593416e+19,1.0974239970348796e+19,7.751666808358669e+18,-118983.16918915925,-189413.50228784062,-93924.70810269931
360,34,7.167684191841632e+19,3.7428939144786805e+19,-1.2368136825841605e+19,72625.61077132146,55278.62838887474,-39327.95463252468
360,35,-5.011077502672371e+19,1.907653760036689e+19,-1.4742566943513326e+19,241652.01405370273,-173036.69634998884,56244.87111828916
360,36,-5.237980870678527e+18,1.6584403629034504e+19,-1.7399225656648802e+19,-15051.69644644281,15321.851975961956,-5609.273859214016
360,37,-8.883457341420633e+18,-9.827809138276474e+16,-1.3632672424809684e+18,-36164.020780782004,101720.23611486077,-37899.51612731879
360,38,-5.072593313011165e+18,6.204338215522599e+18,-2.3184971960934527e+19,-56943.981949169174,159494.16943439993,-137681.00822727568
360,39,-2.9138788569305784e+19,-9.366064613728482e+19,1.1510883630626565e+20,-65403.21981482787,4704.7044179895065,-7731.209826182258
360,40,3.9543263039969526e+19,-1.5891583263367817e+19,4.4378457432580746e+18,-35695.853242783916,130823.14245592472,134762.98630801908
360,41,-1.4109844186525856e+19,-1.6189546195912156e+18,-4.621124618816265e+18,166610.62818472768,-138677.5208164069,-850.0517047719679
360,42,2.2005087412244234e+18,-9.62881724102928e+18,-2.5251672501349896e+19,-188658.7204982085,46861.19324583587,-257603.40269910693
360,43,-1.360776168494873e+19,-1.3540753067201677e+19,-1.2808563343287247e+19,170725.10634076473,86483.83313415536,61744.846463400776
360,44,-4.049856506674598e+19,4.2433352508126085e+19,-4.606503301648114e+19,-150350.68958979635,223860.5593867694,-143181.5704016555
360,45,1.6205933680294492e+19,-3.12167077426244e+19,-2.0499461451567686e+19,-17106.25865867051,109914.85531814568,-109961.06216968344
360,46,6.267810097671431e+18,-5.697741169047187e+18,-3.8086505327990465e+19,-84408.38804153468,98972.33418311425,-46966.29584521066
360,47,-4.119833867746436e+19,2.2376444299531534e+19,-4.987763064993674e+18,-5163.728302081843,-826.2462905082895,73735.68541188791
360,48,-2.3532399770565745e+18,7.314048523283291e+18,-2.8531332494766854e+19,-138510.064568358,393587.9721481206,160149.98926519998
360,49,4.2894532923721654e+19,-2.2249915916722307e+19,-8.990505771748538e+18,35692.13225165028,9968.072710386623,52529.08525339025
360,50,6.094992387876249e+19,-2.6624952600122302e+19,-1.7915355614941729e+19,91574.33321384319,-70720.15545258165,91233.7568917402
360,51,-6.876443711445788e+18,8.299438709514235e+17,-1.868797678217721e+19,-123990.33967675938,-296081.2954581495,40518.940402706714
360,52,1.1370028562628e+19,3.7360878883982106e+18,-3.799323108489419e+19,-149944.04971576357,-23847.901382614687,-62819.32343226005
360,53,-1.7735813813185444e+19,8.648042027460888e+19,-8.5736626393061e+19,-74329.15029507363,-42052.6783602303,8566.880172016985
360,54,-1.9315212653881754e+19,5.403891408508158e+19,-6.611040217660957e+18,37113.85176707402,20469.606194618354,90428.65005733974
360,55,1.0609636689502628e+19,1.7263509885712067e+18,-1.8472911427059732e+19,-240916.85901665874,60767.917859135225,-122149.28686423479
360,56,6.558778084979896e+17,-1.4017409193813023e+19,-3.1958775777562923e+19,2307.2764953275455,-853.5746567304432,-36541.27051514388
360,57,-1.6075853622177614e+19,8.571469450910786e+19,1.9158961202239816e+19,-61638.115278183956,104933.70172221,92845.35540342271
360,58,7.817950657193407e+19,-4.59821487136761e+19,1.1203203488216218e+18,113911.23117163886,-150653.81352934046,93802.6853345788
360,59,-4.0676275676468265e+18,1.8391026847966337e+19,-3.1217521705637458e+19,-126214.11788591811,154453.33311864303,-149721.43735001964
360,60,1.0897048261914532e+19,4.4587639898822e+18,-2.135949554446087e+19,-230259.00920033656,5717.546982959531,-236359.26539415176
360,61,3.114527613052323e+18,3.949318382181634e+19,-1.206145903136952e+19,-69188.7555112314,8354.541116336686,190684.07761620244
360,62,-1.3086588546644535e+19,1.560491147777737e+19,-2.8793932926800822e+19,202360.84469794988,-174823.51402543014,4374.7007510436915
360,63,-1.0000063638310412e+19,2.2591972505498575e+19,-9.613659319764595e+18,109058.77871667079,104504.57965687121,-75542.31033048774
370,0,-2.2026734718756917e+19,-6.540055643604435e+18,-2.7483269813526192e+19,93234.1225983085,-69184.02148110485,-165908.52563848786
370,1,-8.273797092932079e+18,1.1989773573543365e+18,-3.1660867781837926e+19,-88119.98384681121,-79084.22081632513,135607.77490412578
370,2,1.0203424206354622e+19,1.0886692892830622e+19,-3.368850842691495e+19,-74887.53767501752,-79880.68650072537,77834.26552820142
370,3,-6.640218031830951e+19,-5.2919873505686045e+19,-6.1542636275569566e+19,61966.07359414975,-65662.97255754427,-153032.6161592979
370,4,-5.382125228828756e+19,-1.753737838596996e+19,1.1179302299044389e+20,-83743.34885460408,-36431.64385370702,-5101.456147565477
370,5,-4.067028557646876e+19,1.630748957389056e+19,5.31156333382032e+19,-140107.0127480365,39176.10148030027,143652.42227818575
370,6,4.083198914574958e+19,-1.243683137430984e+19,-1.4020340980710508e+18,143438.1991167952,107667.87347522617,13845.549018134401
370,7,-5.751051586729578e+19,1.171828402336114e+18,-2.1247197953603146e+19,58866.018035137015,58005.50916199111,22416.038257290606
370,8,5.800908840134947e+18,6.462888081304824e+18,-1.1890071786604861e+19,104901.74446141854,-264021.80400372954,48985.884102083866
370,9,-6.224428322496672e+18,2.803218429884938e+18,-2.581213356041834e+19,-359704.32728284807,88114.48589455824,-171363.67277829512
370,10,-1.3113502876417182e+19,2.4550438337299206e+19,-2.919714483318897e+19,333193.12856057356,9725.93744431162,64815.4415920255
370,11,-7.78925042822751e+18,8.15916570010633e+18,-1.0140174923219235e+19,-118870.58074230545,-72662.24562977825,-147834.5662025599
370,12,3.5542918919036363e+19,1.1407252158454931e+19,7.128566257074037e+18,23320.736601716297,-102874.00852980818,5747.746895190392
370,13,-3.105905024852908e+19,4.780612347570545e+19,-2.440665269533345e+19,-125058.11638794468,46874.89001292337,-94389.72612958781
370,14,9.75205888940353e+18,2.458111289964615e+18,-2.0271470608297234e+19,-128154.61775391204,61904.591142050536,-46550.67682115151
370,15,-1.866466670024101e+19,1.1227793333074424e+19,1.3322468487068174e+19,-327312.17271918163,-108373.82559763675,-32462.569546910607
370,16,-9.57598161148745e+18,2.0180544137168093e+19,-1.947653031210789e+19,84675.50612059949,100057.89283548453,-37758.584641377194
370,17,-8.669188342556641e+19,-5.609618433412746e+19,7.2603370764196495e+19,-82762.91248176902,-237323.53095543745,105618.3479680962
370,18,-4.3925533152238387e+18,-7.596050276173729e+17,-1.6084449570035694e+19,109966.64029569463,76352.38294962209,-215289.25377463503
370,19,1.2217053130052655e+19,-2.094814846910455e+19,-2.982668276475769e+19,-36150.90950783294,-5093.110858143654,205943.47783183627
370,20,3.8113347975147905e+19,-5.800047919428844e+18,-1.7978176189655861e+19,-83875.24523298375,14782.801838005766,-11963.226464361898
370,21,-4.359783479075083e+19,2.414825768133734e+19,-2.3804034992579256e+19,-76427.87006671171,127393.81850553869,-256683.3055194935
370,22,6.577913953389202e+19,-4.1549974345195676e+19,6.531115333862815e+17,-92545.45751280116,119675.80424805939,-36611.43023228339
370,23,1.2275834508269555e+18,-1.3537873182868574e+19,-8.347774380222071e+18,-66990.64927210702,-5450.82500523317,-243427.50225567838
370,24,9.168239246389752e+18,1.2532469556705647e+19,-1.4933157927289661e+19,237210.046137502,63380.08672580356,127075.58662932458
370,25,1.0942071424855923e+19,3.356315236316998e+19,-6.187622760876869e+19,106613.67524819892,46437.99547015083,-277833.64662054664
370,26,2.2039152328636563e+19,-1.3309819389323303e+19,2.386634042036534e+18,-274635.6751284038,-107280.5084696773,-45070.9107176092
370,27,1.4144330483071191e+19,7.22522880239707e+18,1.897140383397956e+19,2051.378706558701,160454.0824313067,80802.6360126698
370,28,-4.552684313983712e+19,2.015541521638929e+19,-5.494079753535015e+18,42314.76787123705,-196344.81793931627,-126066.31887573043
370,29,-5.170926862783955e+19,6.4614628620199076e+19,2.1536235849324524e+19,-76743.96794633582,121408.80716834847,115404.46440563542
370,30,-1.209052306729691e+19,4.951673322199529e+18,-2.166610571791144e+19,-2340.1795520291703,325675.63567936176,-240401.41521833444
370,31,7.750386192687506e+18,9.199785809769559e+18,-2.4766939820051567e+19,-23973.105802195685,-196422.1201748319,23146.623751428302
370,32,-2.543265483878319e+19,3.287245958138054e+18,-9.183318548425923e+17,156786.7517018503,14222.56489156377,192902.23300329343
370,33,-2.025951023311319e+19,7.945441674052879e+18,6.035860403192613e+18,-100590.85441121951,-194136.2510415405,-124076.11306597179
370,34,7.275878530798141e+19,3.826159766252768e+19,-1.299004506765142e+19,64554.17672609616,50295.19674224579,-39485.699712578484
370,35,-4.606991530898288e+19,1.6363761567282921e+19,-1.3745112287889445e+19,269577.3044507521,-169529.91813100583,71758.92131392601
370,36,-5.592028093871677e+18,1.6552942689660604e+19,-1.7583495935228396e+19,-30396.66525189896,-17875.31502443689,-20640.75712198415
370,37,-9.45806351688338e+18,1.583690358776392e+18,-2.4315666677058954e+18,-35245.30987634154,109030.14705085622,-97552.25476144688
370,38,-5.837978153825697e+18,8.709535896205384e+18,-2.531128901914901e+19,-44131.9841020199,162247.67659860634,-131069.20201197578
370,39,-3.0168160159616324e+19,-9.357190606253983e+19,1.1497091367267199e+20,-65071.50860867633,6543.106080039947,-9749.323269756662
370,40,3.884488547022219e+19,-1.3725932844137265e+19,6.240710974449413e+18,-50593.26865723553,142318.2286818493,95300.0847256027
370,41,-1.108526260570627e+19,-3.4894025387451663e+18,-4.82402647643081e+18,212125.76730575762,-93177.25582925377,-25586.500023609082
370,42,-8.554339793189834e+17,-8.594878447437862e+18,-2.932239535657293e+19,-196016.49448635752,82450.58739544016,-256988.45181042192
370,43,-1.07531205798609e+19,-1.1771331105925044e+19,-1.1926101481699512e+19,191008.24892694308,138752.95373449844,49021.034034121134
370,44,-4.279791217412817e+19,4.589065237361091e+19,-4.824195659826027e+19,-141266.74786615928,214537.8703202544,-133023.14720902825
370,45,1.587735106003742e+19,-2.928194452496184e+19,-2.2216294553040847e+19,-24947.61192334282,135610.8618910333,-107601.08965296949
370,46,4.818699326152468e+18,-3.933968700886289e+18,-3.847466504551681e+19,-99041.1102814247,125126.43775146452,-1216.6988934026745
370,47,-4.154342572568579e+19,2.2265109808017256e+19,-3.9063496048009754e+18,-37593.840505285676,-18943.47210190493,57871.09549009628
370,48,-4.613967613745864e+18,1.340027491552769e+19,-2.572768784651084e+19,-152805.65810133048,374020.8974856214,191157.2973756606
370,49,4.333954318487359e+19,-2.1931233794759373e+19,-8.102047422032562e+18,21043.069736352172,30330.625222155715,59685.53509135999
370,50,6.229872976881466e+19,-2.77079963240196e+19,-1.642586128980227e+19,79533.56452949456,-66697.52414556505,97575.45468689401
370,51,-8.774952486810674e+18,-3.5446413355201316e+18,-1.7868118734343965e+19,-105062.71328428692,-250044.93196139025,59607.615393408014
370,52,8.745168729801432e+18,3.4013106907926277e+18,-3.8604525267228115e+19,-182612.34538379085,-20051.910245225677,-13349.946735487094
370,53,-1.890404141128553e+19,8.578299763604025e+19,-8.557026060057127e+19,-73733.04528657175,-46358.53788981259,12530.258461470203
370,54,-1.8715759120299475e+19,5.421497867261351e+19,-5.223872818152599e+18,38948.41130456686,1942.0329576993468,85343.55297746428
370,55,6.638126072731175e+18,2.984791837716429e+18,-2.069924397445908e+19,-258493.5992581799,97933.48575430803,-153581.23972224692
370,56,7.012644836145608e+17,-1.360336305080593e+19,-3.230259662785569e+19,1393.0623472576588,55678.455626922594,-6621.705050393435
370,57,-1.7051387894195935e+19,8.730755093084748e+19,2.0597016277406106e+19,-61999.3821713688,97027.10770170008,89449.59937340183
370,58,7.983156878407293e+19,-4.828899373447102e+19,2.580012467617094e+18,96800.1389328608,-141807.91329057448,91059.44989572988
370,59,-6.152641029813307e+18,2.0475663350851015e+19,-3.3223660583235977e+19,-138311.56450300833,110018.20069002637,-102163.52817499718
370,60,6.888206446967174e+18,4.542756078310651e+18,-2.481366868795907e+19,-273301.1583155593,14219.545884264786,-200220.75264266168
370,61,1.9389278080542308e+18,3.938909643263435e+19,-9.106714855767231e+18,-79793.56385193285,-21604.320755967085,183226.91761070568
370,62,-9.581115415622558e+18,1.27584227029815e+19,-2.8469788965738316e+19,244319.16119073232,-187219.49951286396,39428.30768216
370,63,-8.202679701428204e+18,2.387581300151352e+19,-1.1062483685504043e+19,117632.85283379635,57667.03347690291,-108766.11119013412
380,0,-2.0241995192530625e+19,-7.413570882501493e+18,-2.9960502397963436e+19,133466.64997129084,-40837.77036828937,-147622.50827536668
380,1,-9.445381950628565e+18,1.9115129412293834e+17,-2.9074988083249422e+19,-59250.19724918327,-45433.551602290834,188686.63511884827
380,2,8.66221485032588e+18,9.372114830832454e+18,-3.2124517891170714e+19,-122903.40444855136,-112849.9891788322,120944.07538840521
380,3,-6.5392000026364535e+19,-5.392216430794979e+19,-6.3931341879324705e+19,66051.23572673746,-61390.264335373235,-149736.41452485262
380,4,-5.5132479093362655e+19,-1.810809615246827e+19,1.1168561407556257e+20,-82454.50179835869,-35905.12105267636,-8505.632857119388
380,5,-4.2852221298625135e+19,1.6919600647372605e+19,5.531652997053787e+19,-136479.65845418206,38406.660842361016,135427.4767816086
380,6,4.292963232045417e+19,-1.0748270014686224e+19,-1.1545846666953853e+18,122234.73382527432,106402.34166839217,16468.574981687845
380,7,-5.642136695437409e+19,2.146501245686377e+18,-2.085535203216378e+19,79441.63860021898,65490.59734876749,27325.682304356833
380,8,7.182943914361205e+18,2.3397573982901294e+18,-1.1503790495818797e+19,69112.01666911546,-256897.65972611072,1015.7572091522984
380,9,-1.1770154195383112e+19,4.3400825507129513e+18,-2.8393318914383987e+19,-328102.14175049594,102263.13182833747,-151984.85597996518
380,10,-7.62003947337963e+18,2.423595999762711e+19,-2.801985019867169e+19,358388.6077117582,-53440.346316410796,84191.1023186304
380,11,-9.528253865453574e+18,6.879912592444261e+18,-1.2759391428109423e+19,-99210.89228053493,-87788.58956077383,-182664.4735255506
380,12,3.579196918965722e+19,9.700180116791667e+18,7.12352218293872e+18,8325.319445509771,-113538.36547514815,-6454.383485588928
380,13,-3.2959405552556098e+19,4.84030763066746e+19,-2.585873317325307e+19,-115787.73199785515,29013.020765884816,-89699.03259509194
380,14,7.087626046486528e+18,3.749954206202609e+18,-2.119751491189503e+19,-207596.2246765326,101881.10589436513,-76281.041513107
380,15,-2.3758549165840708e+19,9.471588333445341e+18,1.2551009857634025e+19,-317745.8018039093,-113942.83323023244,-65247.550060379996
380,16,-7.995860792879443e+18,2.12833116730371e+19,-2.0132918708695794e+19,115339.45781352324,35748.89956493852,-49972.027178866316
380,17,-8.797767548041106e+19,-5.982511487345001e+19,7.425473920795461e+19,-80235.62307013018,-235333.67693947034,103717.38142597738
380,18,-2.7528166855153546e+18,6.811039912993784e+17,-1.9622021420688843e+19,101083.79856968253,107883.44784541133,-233032.62461397765
380,19,1.150650963561508e+19,-2.0773054406529446e+19,-2.6497795524902556e+19,-53540.04262555977,27147.45361957703,215561.42582696117
380,20,3.6638536996454568e+19,-5.568075646040623e+18,-1.809892389321124e+19,-103115.71804079018,14890.24214541398,-3476.269744524222
380,21,-4.465678012540178e+19,2.6049114330497257e+19,-2.7726362210225865e+19,-57681.89861896401,113985.04425779919,-241335.630745548
380,22,6.429424671246132e+19,-3.961356015511049e+19,4.494726204253861e+16,-96225.26674053435,126122.33570657214,-40726.15110755765
380,23,4.030707217315904e+16,-1.326907234779628e+19,-1.2358416541255438e+19,-84509.61116443781,41675.40139753082,-263983.0395096368
380,24,1.2523177626050445e+19,1.3215282630804685e+19,-1.3128089505592676e+19,189297.69451405163,26166.307443318852,102073.52754333554
380,25,1.258297667188261e+19,3.4226664760238186e+19,-6.614516471671909e+19,101429.87862677933,37942.95021943702,-263526.93978681345
380,26,1.7661424179218862e+19,-1.4893164538194885e+19,1.5527941172645238e+18,-280905.39855079,-92702.2454857983,-60883.944697262355
380,27,1.412121156206386e+19,9.725482352558973e+18,2.0073915921472786e+19,-4896.405416628562,156311.81522956828,59139.09868147761
380,28,-4.447917615960207e+19,1.712002027703142e+19,-7.51851909323919e+18,87766.18040277051,-189577.92483735667,-130915.90099193419
380,29,-5.288069400230516e+19,6.647883546716988e+19,2.3322238293476766e+19,-71786.82256359473,114976.28283600658,111030.5354107108
380,30,-1.1617710490665587e+19,1.0118465248406018e+19,-2.54834455086096e+19,66501.26814206217,325815.03852437774,-242100.69608499866
380,31,6.933913089761612e+18,5.775027250736434e+18,-2.4300833755214537e+19,-85665.1431434397,-233791.59306580023,35753.49496625002
380,32,-2.2716664061819884e+19,3.5816426815700726e+18,1.949706152101395e+18,187282.15556557328,23877.00751383601,170905.11565664777
380,33,-2.174473023727647e+19,4.834646545638548e+18,3.774235372159835e+18,-90035.24751368344,-202333.6781481095,-167353.0019252489
380,34,7.371513238329238e+19,3.901702671913998e+19,-1.3613758021707688e+19,56697.204709487014,45483.226060650304,-39556.69288074085
380,35,-4.165564200911688e+19,1.3773954574802051e+19,-1.2425043484188168e+19,287090.48255543463,-156944.8512084883,96629.54073745322
380,36,-6.18244699650411e+18,1.6075454574361651e+19,-1.8184356910596082e+19,-43401.689406811674,-38860.21499491815,-59994.135682551736
380,37,-9.93497061005718e+18,3.3071305439417574e+18,-4.427354213563126e+18,-23852.332428269427,109346.78488874467,-155069.68895413436
380,38,-6.691224240308327e+18,1.1345673678067761e+19,-2.7320505951256695e+19,-58766.42786785647,156270.09634512436,-121706.79833318028
380,39,-3.1192273013942206e+19,-9.345416726220053e+19,1.1480121238325151e+20,-64736.685774439975,8380.381445311377,-11759.495586908546
380,40,3.798540639791126e+19,-1.142882473947354e+19,7.494524846824563e+18,-57772.348614099516,148275.95867233726,65007.29047109876
380,41,-7.600987833522162e+18,-4.5407339407292385e+18,-5.527359119737483e+18,225098.12741352484,-43518.962136774986,-67627.98183840563
380,42,-3.878398548363456e+18,-7.033470566363237e+18,-3.3245342486175388e+19,-184229.19951117848,117502.88769518124,-234544.78087730278
380,43,-7.597242820888574e+18,-9.122527615603807e+18,-1.131643825760546e+19,207225.8887887782,197571.17764693254,25761.367251858952
380,44,-4.4961070539684545e+19,4.920818807559665e+19,-5.027024298033255e+19,-133044.74191337443,206092.0171864465,-124276.57616028872
380,45,1.5402591285629202e+19,-2.6923519563476074e+19,-2.389249451076988e+19,-35931.67014993896,163968.62837606866,-104670.08268411642
380,46,3.1506054935383076e+18,-1.7161690242588728e+18,-3.808571696892378e+19,-111892.90531804528,157931.44129361724,52055.86701695789
380,47,-4.223352115387327e+19,2.168119468040344e+19,-3.2677764449567677e+18,-44294.48637600565,-55218.933786412505,22546.21285203898
380,48,-7.201393160391455e+18,1.8970345786039214e+19,-2.2610418774000366e+19,-169285.43648276283,334273.9831938932,207360.9930214249
380,49,4.35686037835659e+19,-2.1296857822398878e+19,-7.118522311430075e+18,8295.50210200602,49911.32729213565,64623.05186240557
380,50,6.346345309709763e+19,-2.873458633063441e+19,-1.4833971684641397e+19,68181.1270586167,-63604.93670431502,104338.4982941508
380,51,-1.0140291264355406e+19,-7.076634510267915e+18,-1.6926418696250792e+19,-69040.47388893056,-200088.4903648059,60333.240744905204
380,52,5.592010906792883e+18,3.034841671764461e+18,-3.836507036878533e+19,-218413.65255211559,-29726.58016104281,45804.78232991928
380,53,-2.006224380915794e+19,8.501709623126203e+19,-8.534088421462127e+19,-73058.69816232605,-50733.53238272258,16554.56453350049
380,54,-1.808381168849381e+19,5.410250897962442e+19,-3.919882234318368e+18,41219.05009396427,-16137.668322432135,79861.97553655005
380,55,2.5053793070100756e+18,4.774294842294916e+18,-2.327242068649529e+19,-262272.2238528179,124385.40091372057,-172967.71692719305
380,56,6.228128959442016e+17,-1.2211315670152026e+19,-3.220172665689671e+19,-13054.78932145284,120797.83386490228,17636.870774263884
380,57,-1.8032011253626243e+19,8.877846786506559e+19,2.198232437202511e+19,-62285.0687210797,89472.3666091379,86159.25068019114
380,58,8.126192350669521e+19,-5.046250772018762e+19,3.992938586599084e+18,85114.98137285442,-133883.75420038946,88056.2366594443
380,59,-8.393644538372539e+18,2.1933881880789172e+19,-3.4333288929003876e+19,-141246.45255994255,76774.73656978157,-34842.66257510259
380,60,2.468847334201031e+18,5.006269508578513e+18,-2.7586807416952308e+19,-283384.1530256384,39047.67113302544,-147925.17168534276
380,61,5.997792261864799e+17,3.880978918569882e+19,-6.300836228733279e+18,-89718.62979030196,-51808.152698287624,171650.7246857906
380,62,-5.492558733730532e+18,9.670999378255092e+18,-2.73961469781337e+19,261684.52515335908,-203512.55324331627,96264.37288551041
380,63,-6.322851613571005e+18,2.438821251019984e+19,-1.307829995305578e+19,119350.70617302458,6174.055151006072,-148383.455697233
390,0,-1.7799817125429369e+19,-7.802931742034208e+18,-3.211819092658967e+19,176444.7022744767,-7574.058650630235,-124918.23802755859
390,1,-1.0046298551111825e+19,-2.2688653587554883e+17,-2.5874651999579906e+19,-12618.346331397166,-7797.268017766168,213009.74228590608
390,2,6.209102517547571e+18,7.306392753910596e+18,-2.9853833170238026e+19,-193632.4906117097,-149372.97646470912,167894.35436998357
390,3,-6.431853520487382e+19,-5.485750373991429e+19,-6.626779473374129e+19,69987.72794145101,-57175.44539627739,-146408.83082862064
390,4,-5.6423218892935094e+19,-1.867036499144776e+19,1.1152482701762781e+20,-81146.53023445758,-35360.7628093371,-11867.305203705322
390,5,-4.497788430088186e+19,1.7519409799843508e+19,5.739264922968686e+19,-132972.85593144878,37617.70709376549,127826.72097861374
390,6,4.468792969151257e+19,-9.079537166639655e+18,-9.046238771572836e+17,100666.2205736179,105057.63370625007,14749.397775769467
390,7,-5.499484570514005e+19,3.2368286760304317e+18,-2.038237751342099e+19,101702.9040352323,72654.7217912659,32716.110445373477
390,8,7.961947984951979e+18,-1.6029007338055268e+18,-1.1812803972131918e+19,29075.10225353293,-242003.13584689362,-38632.69563054829
390,9,-1.634694481663809e+19,5.949014731401614e+18,-3.0458297079441093e+19,-254200.9974888263,100903.90059481989,-110527.56825506054
390,10,-2.0710929331844424e+18,2.2850234601739973e+19,-2.6432623803535794e+19,337718.2404217034,-120292.68747745459,119075.50691521316
390,11,-1.0834865863190706e+19,5.443898957820551e+18,-1.5853941560852716e+19,-63379.02710260615,-92704.27688106158,-208311.40358100692
390,12,3.5808719355682128e+19,7.820895920096554e+18,6.922328077236766e+18,-6079.195213423114,-124864.17719386707,-19138.803325532295
390,13,-3.471224892497196e+19,4.87275024892687e+19,-2.723868363191303e+19,-106361.17398726544,12267.506803368187,-85262.05219402866
390,14,3.2927999883872794e+18,5.414236205028789e+18,-2.2950322560039256e+19,-274224.5026145782,90317.81339000697,-144942.7103985695
390,15,-2.866602498989399e+19,7.644348788433108e+18,1.1269286559472122e+19,-303442.72768119554,-116929.14442306232,-96545.91913665357
390,16,-6.138504646962396e+18,2.132873772738903e+19,-2.1123165899019506e+19,113967.50377049952,-18807.318386921543,-65361.66194306527
390,17,-8.92245508411416e+19,-6.352295643951921e+19,7.587704522370046e+19,-77828.14620076223,-233383.33661271483,101932.24683493267
390,18,-1.1291765059211959e+18,2.7477648830138337e+18,-2.353782674432919e+19,107135.54855852378,160964.04139217545,-268459.3867843123
390,19,1.0540973326219084e+19,-2.0091210222718018e+19,-2.304190761531286e+19,-68570.25262491182,59769.2615484121,221564.63217043775
390,20,3.4855017407730483e+19,-5.321849864415611e+18,-1.809267402413343e+19,-123174.04699648746,16588.065711564854,4098.023296689122
390,21,-4.5420922371282665e+19,2.7756221256629522e+19,-3.1437436467000635e+19,-39334.711049583464,102671.4117745948,-229405.81708567694
390,22,6.273184930473468e+19,-3.755857275426685e+19,-6.424790939353233e+17,-101972.32145942716,134728.21021254957,-46839.49145584055
390,23,-1.4427568539857134e+18,-1.2143392833693094e+19,-1.6627200666230415e+19,-102060.98089263075,103133.45235082204,-275340.7622214633
390,24,1.517937263145168e+19,1.342408664277409e+19,-1.1691690067540097e+19,148429.806232945,1725.3618632128678,80591.57534487515
390,25,1.4144680565345823e+19,3.4768022135224115e+19,-7.019985783764767e+19,96575.39199563554,30888.492519282605,-250632.56608892142
390,26,1.315952078255378e+19,-1.6213276557210192e+19,4.5271076399842074e+17,-290049.79101877444,-73832.38942068945,-79099.10725887495
390,27,1.3992382022576128e+19,1.2154063240964506e+19,2.08431834015606e+19,-11354.43516187982,151399.2143852826,38527.25564118034
390,28,-4.276288612703649e+19,1.4114528052715299e+19,-9.62984345415226e+18,130568.99826800937,-192404.04348664221,-135301.79532295963
390,29,-5.397614882130982e+19,6.824561460794368e+19,2.5041628540006597e+19,-67109.97591796465,109045.74327193788,106951.96459057214
390,30,-1.0011281991011713e+19,1.5100963881722444e+19,-2.9109359083983553e+19,133164.34465980946,303745.98659011297,-212405.61403661378
390,31,4.891619256387596e+18,2.1491621056466478e+18,-2.361242843847293e+19,-178166.708884986,-210779.72805471072,45435.74143275123
390,32,-1.9605606703827063e+19,4.021266468348794e+18,4.421715663734122e+18,203794.39219794015,29798.249316282057,138998.88774984216
390,33,-2.2929647539262796e+19,1.6649215124108188e+18,8.661512846386125e+17,-54055.21195248279,-191187.99856378452,-190776.88825682164
390,34,7.454887317157079e+19,3.969764817175292e+19,-1.4237919467693658e+19,49005.584932257894,40807.581306129825,-39543.3419221715
390,35,-3.712228562035074e+19,1.1446402090484748e+19,-1.0734197010756987e+19,284732.7166350626,-138420.52013830663,113695.1032433015
390,36,-6.886028969198919e+18,1.5434704829099889e+19,-1.9472434791271686e+19,-40921.46783292613,-42806.27996159098,-100669.05308822282
390,37,-1.0188407695460053e+19,5.025170107551305e+18,-7.330399000597934e+18,-7632.466917892013,107578.11167484598,-213458.22175556133
390,38,-7.546566168596966e+18,1.3419679468590332e+19,-2.8808579173193708e+19,-56438.892364236606,118784.90215932496,-68458.60465208202
390,39,-3.221107910382104e+19,-9.330744671380919e+19,1.1459984567109422e+20,-64398.89068261448,10216.62537583008,-13763.241382118274
390,40,3.7028250366465245e+19,-9.057028705970676e+18,8.32477135882992e+18,-63558.14118369951,152186.27829519557,41000.401916005205
390,41,-4.049849269785433e+18,-4.977214744650686e+18,-7.086362352386523e+18,224002.5038662832,-13634.668422209188,-135012.60582575024
390,42,-6.60783776545458e+18,-4.832251437947446e+18,-3.656779834812961e+19,-160225.83889222593,161607.98473423513,-182924.80261389908
390,43,-4.2900198090835036e+18,-5.58545844181983e+18,-1.1132270967355611e+19,210583.86327663696,248341.9850182843,-263.21580102564235
390,44,-4.6999882175779594e+19,5.239771797691458e+19,-5.216957370199242e+19,-125477.58525476193,198283.14656825885,-116637.75158172625
390,45,1.4715591030784549e+19,-2.4084601448934937e+19,-2.550189414674449e+19,-52068.887521417906,196407.58353419875,-98222.37753774266
390,46,1.3220430398610022e+18,1.158180586991587e+18,-3.6776367302805295e+19,-118967.09164390521,210073.13720033792,115999.79801870836
390,47,-4.282332038942146e+19,2.055858955186389e+19,-3.163862815836713e+18,-28237.75587948973,-85506.31205151866,-7816.401046492658
390,48,-9.541343074581651e+18,2.39325102472387e+19,-1.922281845792221e+19,-113389.7664439486,283229.40749640245,212210.8716046146
390,49,4.360949947484271e+19,-2.0361874983643808e+19,-6.072909338331341e+18,-2886.2197515797243,68400.98419317965,67599.68411966333
390,50,6.445095476748851e+19,-2.9721530179485487e+19,-1.3126155106866119e+19,56909.37050426974,-61722.92000375359,112472.1591836575
390,51,-1.0926468838406633e+19,-9.826508130048911e+18,-1.5972965578917323e+19,-30715.056348158916,-146631.8364683686,57511.91982475561
390,52,1.7783817998600924e+18,2.303861717320484e+18,-3.70620883701158e+19,-266812.5845506007,-68012.53046377725,124335.71473243633
390,53,-2.1209204705652056e+19,8.418157501440308e+19,-8.50474909343342e+19,-72308.69114218117,-55184.289011847104,20645.631009441226
390,54,-1.7413273574453629e+19,5.370715083336844e+19,-2.7062449866520095e+18,43817.26289916496,-33942.5611134676,73877.3882753032
390,55,-1.7513610542643164e+18,6.652972641737984e+18,-2.6089516704833745e+19,-280907.4815257917,104960.48206038072,-179108.9396683962
390,56,2.7604311197925107e+17,-9.79873827797031e+18,-3.176057210078155e+19,-30795.294767173084,185670.37846509673,39228.53532656786
390,57,-1.901662601411105e+19,9.013276918064012e+19,2.331653724375069e+19,-62507.59501875843,82241.24225959386,82972.90640960934
390,58,8.253122742049769e+19,-5.251941619065998e+19,5.360040087454015e+18,76098.08468391215,-126986.25777836426,85269.95113226381
390,59,-1.0460102631227245e+19,2.2854817160282345e+19,-3.43641264892936e+19,-119244.48904047217,37269.34114096492,27266.817121351203
390,60,-2.1251359106073462e+18,5.68151693884197e+18,-2.934992866040835e+19,-294000.88377941045,45609.251018516756,-62417.87343939594
390,61,-8.815232354819064e+17,3.775941983485452e+19,-3.71247695883572e+18,-97607.50181370736,-80987.28933003412,155811.78489954333
390,62,-1.3141069482339077e+18,6.267713321647741e+18,-2.562355126097919e+19,276273.6447422022,-238084.18503032406,123301.96183766698
390,63,-4.5015050537006254e+18,2.4025876230536696e+19,-1.582557404074048e+19,107613.31566044503,-53223.55522190395,-202808.56796289328
400,0,-1.466583738478635e+19,-7.615993654163116e+18,-3.387669724810465e+19,220993.5206776277,33080.28570776996,-97133.97315359103
400,1,-9.78118452692226e+18,-8418053676151512.0,-2.2432503253750735e+19,45245.53066533099,39445.532950594235,222277.92253359428
400,2,2.2420980253868086e+18,4.622379810459154e+18,-2.6722254569250284e+19,-322066.5458855283,-189118.09228435744,228516.64081899304
400,3,-6.318413111642964e+19,-5.572675268704309e+19,-6.855146961268691e+19,73775.1833454059,-53012.268981303605,-143045.9380319409
400,4,-5.769316785776866e+19,-1.9223904840554385e+19,1.1131132919683405e+20,-79819.16607675653,-34798.70090794196,-15186.98486309475
400,5,-4.704910287143867e+19,1.81066517456405e+19,5.9353382897132495e+19,-129576.91028423414,36814.58463965473,120792.11140179535
400,6,4.610804213574699e+19,-7.435129651127369e+18,-6.979919542068942e+17,79388.81024527279,103294.07795883027,11279.624545437347
400,7,-5.319919039366888e+19,4.4373901087542236e+18,-1.9819889945493705e+19,126418.63423946706,79426.08047381489,38675.72389068094
400,8,8.067170628441712e+18,-5.263493576287491e+18,-1.2682241445815126e+19,-17166.508483809797,-219902.98020141188,-70359.52461033489
400,9,-1.9856365275338318e+19,7.506415263078064e+18,-3.192733688189175e+19,-191668.1503710427,96134.80525680595,-76594.71156771187
400,10,2.872165673116065e+18,2.0488645610396615e+19,-2.430106745443049e+19,283801.75975723803,-176742.39586280374,147935.44839135854
400,11,-1.1431390576834306e+19,3.9734735751492014e+18,-1.933796055811356e+19,-8123.013322785831,-95244.68126935375,-235476.2620573039
400,12,3.560453969758716e+19,5.749682026133416e+18,6.517323974587887e+18,-19640.8742902214,-138174.78107089744,-32210.955919412056
400,13,-3.6314930011980878e+19,4.879440497693696e+19,-2.855092400132024e+19,-96748.74391279701,-3666.6266752190404,-81116.35104532047
400,14,-1.6178039902126088e+18,6.163010466007471e+18,-2.585134350800883e+19,-311460.9000471564,-386.9217672268728,-221372.0493558897
400,15,-3.332823531212032e+19,5.809075956088548e+18,9.529897949308164e+18,-287693.3244344458,-114926.89897055771,-123412.6427018306
400,16,-4.21336499565982e+18,2.073349029934157e+19,-2.206360136862696e+19,134028.76459404232,-55878.59763362404,-50348.39141619565
400,17,-9.04343100804532e+19,-6.719034684001466e+19,7.747201093723611e+19,-75529.22745629589,-231474.02968200555,100249.84334424108
400,18,7.929631759960612e+17,5.752844836153729e+18,-2.7814145694338347e+19,130534.29017470885,189106.5502568131,-249209.43003306745
400,19,9.3343093184969e+18,-1.8849666133414162e+19,-1.9530784845566857e+19,-85022.16396515458,99204.87985846188,223138.8722968175
400,20,3.274198095291897e+19,-5.036335191352646e+18,-1.7974982249215551e+19,-145052.4841122955,19879.636012904943,10640.063046759984
400,21,-4.5903034929432986e+19,2.9296043238568358e+19,-3.497276979864844e+19,-21928.033532606867,92687.59540888245,-218839.42673848112
400,22,6.1077905963244855e+19,-3.53507693186828e+19,-1.4497863644822915e+18,-107343.62867307987,145424.01776019702,-56133.35211213072
400,23,-3.116816166353882e+18,-9.96781591355837e+18,-2.102389323739456e+19,-107785.73739141812,175071.85963800625,-282026.2724365886
400,24,1.7232695810451087e+19,1.3298238938637933e+19,-1.057214221654126e+19,112452.67441753736,-17103.39444675239,61552.816700934374
400,25,1.5632282608397836e+19,3.520716133226007e+19,-7.406052863677245e+19,92031.24457271348,24937.27298376005,-238891.47749493405
400,26,8.504379437460849e+18,-1.7195126712743821e+19,-9.638772800916769e+17,-299849.0553558647,-49606.686809010986,-101226.6399678443
400,27,1.376501255386624e+19,1.44998989256844e+19,2.1293955329997922e+19,-17407.370978120318,145833.7362655888,18723.472668668663
400,28,-4.037589027222016e+19,1.1053793442823797e+19,-1.1735029982675593e+19,170286.50514086176,-194891.1361545207,-130695.05467540475
400,29,-5.49998360589021e+19,6.992228420706977e+19,2.6698671972054684e+19,-62685.164462366716,103543.22998482523,103120.84895132999
400,30,-7.604685093244423e+18,1.9636526822823514e+19,-3.2102931786667287e+19,161857.67063744194,269649.39124378684,-165868.8148928419
400,31,1.314960381392494e+18,-5.09398673717846e+17,-2.3182171488982372e+19,-260568.8966922791,-114739.65423363223,3105.2987887202976
400,32,-1.630599871385924e+19,4.513745856435058e+18,6.326196466449696e+18,213978.4505784574,32446.69664617506,102574.94631272259
400,33,-2.3547375978235507e+19,-1.1978454164625556e+18,-2.296151360277356e+18,-26168.59009060456,-171896.3798804175,-211960.35799175646
400,34,7.526226147576665e+19,4.030536428891791e+19,-1.4861244095502043e+19,41435.28223144413,36237.35251131017,-39451.92973788476
400,35,-3.2666559147108213e+19,9.355647542734572e+18,-8.97433801628853e+18,282341.00981746736,-128488.75022340742,106065.19256852208
400,36,-7.324755987214505e+18,1.4654351545158472e+19,-2.1310422575918395e+19,-11263.544551446275,-59283.55013035056,-130982.22745355482
400,37,-1.0147593213406495e+19,6.663657543778472e+18,-1.1187156880988865e+19,14032.306518575428,98507.24552677217,-276392.8918273093
400,38,-8.328588409495385e+18,1.5316216985658218e+19,-2.9632360289336013e+19,-33804.27944248869,118395.43008132931,-37512.05708044068
400,39,-3.3224533003222663e+19,-9.313175983151597e+19,1.1436690339215917e+20,-64058.327745781186,12051.96251308087,-15762.013555507467
400,40,3.5976303715850506e+19,-6.627652447193819e+18,8.80492141527028e+18,-69942.84472458753,155811.34165719952,20196.781903547064
400,41,-5.531057382203378e+17,-4.853444449981686e+18,-9.90039259421346e+18,219105.25732123273,36891.263140504714,-218777.44789607142
400,42,-8.90673125507391e+18,-1.9764609587818327e+18,-3.892610633711595e+19,-130839.25704994127,197648.30051828024,-112815.00786401283
400,43,-9.632121414450945e+17,-1.4390425643561403e+18,-1.1313186963116945e+19,210282.30696755988,268672.04818517645,-28495.211975956827
400,44,-4.892353779033282e+19,5.54681687202232e+19,-5.395584662342846e+19,-118429.58344618497,190983.564084035,-109922.37483364847
400,45,1.3742656522009428e+19,-2.072209097660162e+19,-2.695883833861034e+19,-71605.24997833036,229877.43720404757,-85762.39955580224
400,46,-8.041559927745605e+17,4.529368495189781e+18,-3.4277140182344225e+19,-155909.86879754788,201350.0469991389,210178.4124275169
400,47,-4.308787144554991e+19,1.902625526988696e+19,-3.4705786782277704e+18,-4781.040851834417,-107546.9938454636,-29906.163819630972
400,48,-1.08669439959407e+19,2.786093474068649e+19,-1.6041007565475926e+19,-62855.873936064585,217779.03811380058,189089.25604601804
400,49,4.348324889983719e+19,-1.914446317268932e+19,-4.994156116733941e+18,-12963.302215218775,85709.47483333165,68860.55943438024
400,50,6.52514761999115e+19,-3.06894261290384e+19,-1.1270024893092583e+19,44033.12054600656,-61138.47575945542,123404.06546350424
400,51,-1.1139274359160783e+19,-1.1692236072800995e+19,-1.51947309018226e+19,2737.197866006128,-89952.72723620407,39436.69125414868
400,52,-2.5130023482959155e+18,1.410413101343317e+18,-3.4309518648315458e+19,-265320.0777475608,-24331.15317975487,224838.5319858032
400,53,-2.2343750594166813e+19,8.327517282307211e+19,-8.46889726901543e+19,-71485.17400730932,-59719.53205551169,24810.657095607276
400,54,-1.670004383260785e+19,5.303182629947281e+19,-1.5914752532948687e+18,46608.9391662363,-51659.84086055223,67319.77086551244
400,55,-5.679145079878685e+18,7.693154075427667e+18,-2.863961820924138e+19,-216176.02018757918,31264.125218613615,-147560.770180756
400,56,-3.524404361613135e+17,-6.285080612769991e+18,-3.090254524319638e+19,-49516.63846286021,263407.990192698,72766.71570813806
400,57,-2.0004343725744562e+19,9.137534872967368e+19,2.460128079726025e+19,-62680.67078179157,75306.7650017591,79888.45012546834
400,58,8.367111238382902e+19,-5.44738664631762e+19,6.685109142385245e+18,68582.06128908016,-120855.2495998575,82723.54406288426
400,59,-1.2111167574982076e+19,2.3023316053994463e+19,-3.3524768985553637e+19,-85843.19408665152,-18223.90774197432,77976.95739572096
400,60,-6.296253336213906e+18,6.284065650555746e+18,-2.953124031553799e+19,-225285.48265379053,32555.292596756142,29315.228873881133
400,61,-2.468032432084087e+18,3.6267480368935973e+19,-1.3975366348433702e+18,-103151.96547813635,-107654.2392593789,137296.17540349308
400,62,2.8225776752227277e+18,2.299436684289478e+18,-2.3854694070971826e+19,228960.40901825778,-245695.28290238537,82098.09057119649
400,63,-2.996756817572992e+18,2.2687930460941988e+19,-1.9488537893385232e+19,85202.77112126326,-119847.72014056734,-261125.0993666405
