step,body,x,y,z,vx,vy,vz
0,0,1.368509322159613e+21,1.6451374262602907e+21,-0.0,-50417.74529956653,-23641.323803243133,-0.0
0,1,-1.368509322159613e+21,-1.6451374262602907e+21,0.0,50417.74529956653,23641.323803243133,0.0
0,2,1.5227932012341814e+21,1.6451374262602907e+21,-0.0,-50417.74529956653,269559.56328093953,-0.0
0,3,1.5021230808325955e+21,1.722279365797575e+21,-0.0,-197018.18884165783,230278.09282379175,-0.0
0,4,1.4456512616968972e+21,1.7787511849332732e+21,-0.0,-304337.1619266014,122959.11973884821,-0.0
0,5,1.368509322159613e+21,1.799421305334859e+21,-0.0,-343618.6323837492,-23641.323803243115,-0.0
0,6,1.2913673826223288e+21,1.7787511849332732e+21,-0.0,-304337.16192660143,-170241.7673453344,-0.0
0,7,1.2348955634866305e+21,1.722279365797575e+21,-0.0,-197018.18884165783,-277560.740430278,-0.0
0,8,1.2142254430850447e+21,1.6451374262602907e+21,-0.0,-50417.745299566566,-316842.21088742575,-0.0
0,9,1.2348955634866305e+21,1.5679954867230065e+21,-0.0,96182.6982425247,-277560.74043027806,-0.0
0,10,1.2913673826223288e+21,1.5115236675873082e+21,-0.0,203501.67132746827,-170241.76734533458,-0.0
0,11,1.368509322159613e+21,1.4908535471857224e+21,-0.0,242783.1417846161,-23641.323803243187,-0.0
0,12,1.4456512616968972e+21,1.5115236675873082e+21,-0.0,203501.67132746833,122959.11973884821,-0.0
0,13,1.5021230808325955e+21,1.5679954867230065e+21,-0.0,96182.6982425249,230278.09282379167,-0.0
0,14,1.5999351407714655e+21,1.6451374262602907e+21,-0.0,-50417.74529956653,215796.08941311535,-0.0
0,15,1.585978456168509e+21,1.7242897179111766e+21,-0.0,-132310.16368535283,201356.24653623527,-0.0
0,16,1.5457917845014831e+21,1.793895075025554e+21,-0.0,-204325.1478104378,159778.37606593082,-0.0
0,17,1.4842222314655394e+21,1.8455580642697646e+21,-0.0,-257776.62776136486,96077.38280493615,-0.0
0,18,1.4086959938266388e+21,1.8730473666764402e+21,-0.0,-286217.56619622407,17936.546667061317,-0.0
0,19,1.3283226504925872e+21,1.8730473666764402e+21,-0.0,-286217.56619622407,-65219.19427354756,-0.0
0,20,1.252796412853687e+21,1.8455580642697646e+21,-0.0,-257776.62776136489,-143360.0304114223,-0.0
0,21,1.191226859817743e+21,1.793895075025554e+21,-0.0,-204325.14781043783,-207061.02367241707,-0.0
0,22,1.1510401881507171e+21,1.724289717911177e+21,-0.0,-132310.16368535286,-248638.89414272152,-0.0
0,23,1.1370835035477605e+21,1.6451374262602907e+21,-0.0,-50417.74529956656,-263078.7370196016,-0.0
0,24,1.1510401881507171e+21,1.5659851346094048e+21,-0.0,31474.67308621975,-248638.89414272155,-0.0
0,25,1.1912268598177426e+21,1.4963797774950274e+21,-0.0,103489.65721130464,-207061.02367241718,-0.0
0,26,1.2527964128536866e+21,1.4447167882508168e+21,-0.0,156941.13716223175,-143360.0304114225,-0.0
0,27,1.3283226504925872e+21,1.4172274858441412e+21,-0.0,185382.07559709102,-65219.19427354756,-0.0
0,28,1.4086959938266388e+21,1.4172274858441412e+21,-0.0,185382.07559709105,17936.546667061215,-0.0
0,29,1.4842222314655391e+21,1.4447167882508168e+21,-0.0,156941.1371622319,96077.38280493594,-0.0
0,30,1.5457917845014831e+21,1.4963797774950272e+21,-0.0,103489.65721130479,159778.37606593076,-0.0
0,31,1.585978456168509e+21,1.5659851346094048e+21,-0.0,31474.673086219736,201356.24653623527,-0.0
0,32,1.6770770803087497e+21,1.6451374262602907e+21,-0.0,-50417.74529956653,183729.6532663209,-0.0
0,33,1.6665628889159833e+21,1.7250006387738757e+21,-0.0,-104089.30356668783,176663.65857104695,-0.0
0,34,1.6357368395055783e+21,1.799421305334859e+21,-0.0,-154103.23383434853,155947.21034659963,-0.0
0,35,1.5866996764023983e+21,1.863327780503076e+21,-0.0,-197051.1694067353,122992.10030392566,-0.0
0,36,1.5227932012341814e+21,1.912364943606256e+21,-0.0,-230006.2794494093,80044.16473153891,-0.0
0,37,1.4483725346731983e+21,1.943190993016661e+21,-0.0,-250722.72767385663,30030.234463878158,-0.0
0,38,1.368509322159613e+21,1.9537051844094274e+21,-0.0,-257788.72236913058,-23641.32380324312,-0.0
0,39,1.288646109646028e+21,1.943190993016661e+21,-0.0,-250722.72767385663,-77312.8820703644,-0.0
0,40,1.2142254430850447e+21,1.912364943606256e+21,-0.0,-230006.2794494093,-127326.8123380251,-0.0
0,41,1.1503189679168279e+21,1.863327780503076e+21,-0.0,-197051.16940673534,-170274.7479104119,-0.0
0,42,1.1012818048136479e+21,1.799421305334859e+21,-0.0,-154103.23383434853,-203229.8579530859,-0.0
0,43,1.0704557554032428e+21,1.725000638773876e+21,-0.0,-104089.30356668789,-223946.3061775332,-0.0
0,44,1.0599415640104763e+21,1.6451374262602907e+21,-0.0,-50417.74529956655,-231012.3008728072,-0.0
0,45,1.0704557554032428e+21,1.5652742137467054e+21,-0.0,3253.8129675547752,-223946.30617753323,-0.0
0,46,1.1012818048136477e+21,1.4908535471857224e+21,-0.0,53267.743235215436,-203229.85795308594,-0.0
0,47,1.1503189679168278e+21,1.4269470720175057e+21,-0.0,96215.67880760218,-170274.747910412,-0.0
0,48,1.2142254430850444e+21,1.3779099089143257e+21,-0.0,129170.78885027618,-127326.81233802525,-0.0
0,49,1.288646109646028e+21,1.3470838595039204e+21,-0.0,149887.23707472355,-77312.8820703644,-0.0
0,50,1.368509322159613e+21,1.336569668111154e+21,-0.0,156953.2317699975,-23641.32380324317,-0.0
0,51,1.448372534673198e+21,1.3470838595039204e+21,-0.0,149887.23707472358,30030.234463878063,-0.0
0,52,1.5227932012341814e+21,1.3779099089143254e+21,-0.0,129170.78885027624,80044.16473153891,-0.0
0,53,1.586699676402398e+21,1.4269470720175055e+21,-0.0,96215.6788076023,122992.1003039256,-0.0
0,54,1.635736839505578e+21,1.490853547185722e+21,-0.0,53267.74323521558,155947.21034659958,-0.0
0,55,1.6665628889159833e+21,1.5652742137467052e+21,-0.0,3253.8129675549353,176663.6585710469,-0.0
0,56,1.7542190198460339e+21,1.6451374262602907e+21,-0.0,-50417.74529956653,161841.92428147062,-0.0
0,57,1.7457903375313472e+21,1.7253309816710813e+21,-0.0,-88981.88102722928,157788.67028713287,-0.0
0,58,1.7208726644497436e+21,1.8020196938990472e+21,-0.0,-125860.57897233884,145806.05495334277,-0.0
0,59,1.6805550224831509e+21,1.871851898226557e+21,-0.0,-159442.0630710674,126417.77606915473,-0.0
0,60,1.6265994860510197e+21,1.9317755922324044e+21,-0.0,-188258.66132646136,100471.19445709191,-0.0
0,61,1.5613641710028236e+21,1.979171822942747e+21,-0.0,-211050.95011737998,69100.30023911377,-0.0
0,62,1.4877001736399403e+21,2.011969147643195e+21,-0.0,-226822.79705412412,33676.15202679784,-0.0
0,63,1.4088269641262057e+21,2.0287341658653139e+21,-0.0,-234884.89674383972,-4253.044919055075,-0.0
0,64,1.3281916801930203e+21,2.0287341658653139e+21,-0.0,-234884.89674383972,-43029.602687431165,-0.0
0,65,1.2493184706792857e+21,2.011969147643195e+21,-0.0,-226822.79705412415,-80958.79963328408,-0.0
0,66,1.1756544733164027e+21,1.979171822942747e+21,-0.0,-211050.95011737998,-116382.94784559996,-0.0
0,67,1.1104191582682064e+21,1.9317755922324046e+21,-0.0,-188258.6613264614,-147753.8420635781,-0.0
0,68,1.0564636218360752e+21,1.8718518982265573e+21,-0.0,-159442.06307106742,-173700.42367564098,-0.0
0,69,1.0161459798694823e+21,1.8020196938990472e+21,-0.0,-125860.57897233882,-193088.70255982908,-0.0
0,70,9.912283067878788e+20,1.7253309816710813e+21,-0.0,-88981.88102722928,-205071.31789361915,-0.0
0,71,9.827996244731922e+20,1.645137426260291e+21,-0.0,-50417.74529956663,-209124.5718879569,-0.0
0,72,9.912283067878788e+20,1.5649438708495003e+21,-0.0,-11853.60957190382,-205071.31789361915,-0.0
0,73,1.0161459798694825e+21,1.4882551586215342e+21,-0.0,25025.088373205792,-193088.70255982905,-0.0
0,74,1.0564636218360752e+21,1.4184229542940243e+21,-0.0,58606.57247193432,-173700.423675641,-0.0
0,75,1.1104191582682063e+21,1.358499260288177e+21,-0.0,87423.17072732825,-147753.84206357822,-0.0
0,76,1.1756544733164025e+21,1.3111030295778343e+21,-0.0,110215.45951824685,-116382.94784560011,-0.0
0,77,1.2493184706792855e+21,1.2783057048773864e+21,-0.0,125987.30645499105,-80958.79963328413,-0.0
0,78,1.32819168019302e+21,1.2615406866552675e+21,-0.0,134049.40614470665,-43029.60268743133,-0.0
0,79,1.4088269641262055e+21,1.2615406866552675e+21,-0.0,134049.40614470665,-4253.044919055163,-0.0
0,80,1.4877001736399403e+21,1.2783057048773864e+21,-0.0,125987.30645499108,33676.152026797805,-0.0
0,81,1.5613641710028236e+21,1.3111030295778343e+21,-0.0,110215.4595182469,69100.30023911377,-0.0
0,82,1.62659948605102e+21,1.358499260288177e+21,-0.0,87423.17072732825,100471.19445709197,-0.0
0,83,1.6805550224831509e+21,1.418422954294024e+21,-0.0,58606.57247193438,126417.7760691547,-0.0
0,84,1.7208726644497438e+21,1.4882551586215342e+21,-0.0,25025.088373205777,145806.0549533428,-0.0
0,85,1.7457903375313472e+21,1.5649438708495003e+21,-0.0,-11853.609571903835,157788.67028713287,-0.0
0,86,1.831360959383318e+21,1.6451374262602907e+21,-0.0,-50417.74529956653,145683.42449908025,-0.0
0,87,1.8243292029919117e+21,1.7255107695943423e+21,-0.0,-79820.67927617664,143111.00110172565,-0.0
0,88,1.803447590177405e+21,1.8034420095620628e+21,-0.0,-108330.21998250997,135471.89269288143,-0.0
0,89,1.7693505981785608e+21,1.8765632448721432e+21,-0.0,-135080.1194507282,122998.20971597492,-0.0
0,90,1.7230742468433535e+21,1.9426527237908173e+21,-0.0,-159257.59552159187,106068.9587162713,-0.0
0,91,1.6660246196901396e+21,1.9997023509440312e+21,-0.0,-180128.02781908098,85198.52641878225,-0.0
0,92,1.5999351407714658e+21,2.0459787022792385e+21,-0.0,-197057.2788187846,61021.05034791858,-0.0
0,93,1.526813905461385e+21,2.0800756942780828e+21,-0.0,-209530.96179569108,34271.15087970031,-0.0
0,94,1.4488826654936646e+21,2.1009573070925893e+21,-0.0,-217170.07020453532,5761.610173366993,-0.0
0,95,1.368509322159613e+21,2.107989063483996e+21,-0.0,-219742.49360188993,-23641.32380324312,-0.0
0,96,1.2881359788255614e+21,2.1009573070925893e+21,-0.0,-217170.07020453532,-53044.257779853244,-0.0
0,97,1.2102047388578412e+21,2.0800756942780828e+21,-0.0,-209530.9617956911,-81553.79848618653,-0.0
0,98,1.1370835035477605e+21,2.0459787022792385e+21,-0.0,-197057.2788187846,-108303.69795440478,-0.0
0,99,1.0709940246290863e+21,1.9997023509440312e+21,-0.0,-180128.02781908098,-132481.1740252685,-0.0
0,100,1.0139443974758726e+21,1.9426527237908175e+21,-0.0,-159257.59552159192,-153351.60632275755,-0.0
0,101,9.676680461406652e+20,1.8765632448721435e+21,-0.0,-135080.1194507283,-170280.85732246118,-0.0
0,102,9.33571054141821e+20,1.8034420095620628e+21,-0.0,-108330.21998251,-182754.54029936768,-0.0
0,103,9.126894413273144e+20,1.7255107695943423e+21,-0.0,-79820.67927617664,-190393.64870821193,-0.0
0,104,9.056576849359079e+20,1.6451374262602907e+21,-0.0,-50417.74529956655,-192966.07210556653,-0.0
0,105,9.126894413273142e+20,1.5647640829262394e+21,-0.0,-21014.81132295647,-190393.64870821196,-0.0
0,106,9.33571054141821e+20,1.4868328429585186e+21,-0.0,7494.729383376885,-182754.5402993677,-0.0
0,107,9.676680461406652e+20,1.4137116076484382e+21,-0.0,34244.62885159518,-170280.8573224612,-0.0
0,108,1.0139443974758725e+21,1.3476221287297641e+21,-0.0,58422.10492245877,-153351.60632275764,-0.0
0,109,1.0709940246290862e+21,1.2905725015765502e+21,-0.0,79292.5372199479,-132481.17402526853,-0.0
0,110,1.1370835035477602e+21,1.2442961502413432e+21,-0.0,96221.78821965147,-108303.6979544049,-0.0
0,111,1.210204738857841e+21,1.2101991582424986e+21,-0.0,108695.47119655804,-81553.79848618654,-0.0
0,112,1.2881359788255614e+21,1.189317545427992e+21,-0.0,116334.57960540225,-53044.257779853244,-0.0
0,113,1.368509322159613e+21,1.1822857890365854e+21,-0.0,118907.00300275686,-23641.323803243165,-0.0
0,114,1.4488826654936644e+21,1.189317545427992e+21,-0.0,116334.57960540228,5761.61017336692,-0.0
0,115,1.526813905461385e+21,1.2101991582424986e+21,-0.0,108695.471196558,34271.15087970034,-0.0
0,116,1.5999351407714653e+21,1.2442961502413427e+21,-0.0,96221.78821965159,61021.05034791845,-0.0
0,117,1.6660246196901396e+21,1.2905725015765502e+21,-0.0,79292.53721994793,85198.52641878222,-0.0
0,118,1.7230742468433533e+21,1.347622128729764e+21,-0.0,58422.10492245887,106068.95871627127,-0.0
0,119,1.7693505981785608e+21,1.4137116076484382e+21,-0.0,34244.62885159511,122998.20971597495,-0.0
0,120,1.803447590177405e+21,1.4868328429585186e+21,-0.0,7494.729383376878,135471.89269288143,-0.0
0,121,1.8243292029919117e+21,1.564764082926239e+21,-0.0,-21014.811322956408,143111.00110172565,-0.0
400,0,1.207010225996456e+21,1.5675809670556308e+21,0.0,-51962.48465295712,-25571.16215844121,0.0
400,1,-1.207010225996456e+21,-1.5675809670556308e+21,0.0,51962.48465295712,25571.16215844121,0.0
400,2,1.3549919526208922e+21,1.5239188502292736e+21,0.0,30998.132697963818,255630.7788985834,0.0
400,3,1.3569743778398258e+21,1.603845076555039e+21,0.0,-120893.5551341964,259401.82165559795,0.0
400,4,1.3187378886510332e+21,1.6739788047546898e+21,0.0,-254176.13595859922,186744.14258688915,0.0
400,5,1.2506389096852562e+21,1.715566689576085e+21,0.0,-333207.4727979587,57334.5944178437,0.0
400,6,1.1708895940019277e+21,1.7175768042122746e+21,0.0,-337020.255157874,-94214.93420143814,0.0
400,7,1.1007440269856735e+21,1.679435120937234e+21,0.0,-264527.3928722754,-227512.14175538017,0.0
400,8,1.0590314168805428e+21,1.611241627720198e+21,0.0,-134926.84998604856,-306778.07347066735,0.0
400,9,1.0570509679544774e+21,1.531305013650065e+21,0.0,16988.003295626095,-310542.66801464505,0.0
400,10,1.095293857701177e+21,1.4611717150232373e+21,0.0,150269.89300172662,-237869.9576148986,0.0
400,11,1.1633868995009859e+21,1.4195921179373897e+21,0.0,229282.09535632137,-108471.40855207155,0.0
400,12,1.2431312709741466e+21,1.4175821665308901e+21,0.0,233091.00746243304,43066.01033883862,0.0
400,13,1.3132807814716578e+21,1.455725942961133e+21,0.0,160594.12650081015,176367.73470709706,0.0
400,14,9.772395842491393e+20,1.5395568700613237e+21,0.0,-22809.959982888147,-263181.81321176706,0.0
400,15,1.0008995248303899e+21,1.4624964605824716e+21,0.0,56941.600827735354,-238905.3800554561,0.0
400,16,1.0495205590060639e+21,1.398193223109337e+21,0.0,123512.81727278502,-188703.96472089237,0.0
400,17,1.1171213450830511e+21,1.3544481666045305e+21,0.0,168730.77766115958,-118763.23185408933,0.0
400,18,1.195446904218867e+21,1.336459121611624e+21,0.0,187180.97045858618,-37711.75451963031,0.0
400,19,1.275061757750326e+21,1.34626603298417e+21,0.0,176825.28157876473,44605.23951591386,0.0
400,20,1.3464800895828943e+21,1.382628115799983e+21,0.0,139069.83444965715,118383.52769959612,0.0
400,21,1.4011992169653094e+21,1.4412340200624213e+21,0.0,78439.34538358184,174926.94153871547,0.0
400,22,1.4326117441847752e+21,1.515156176601388e+21,0.0,2049.721438347582,207497.07538628994,0.0
400,23,1.4368006263520166e+21,1.595547383492081e+21,0.0,-81061.26439932268,212034.89466511816,0.0
400,24,1.413137078261701e+21,1.6726315553554466e+21,0.0,-160840.99344552163,187772.3505571222,0.0
400,25,1.3644889747384186e+21,1.73695915053349e+21,0.0,-227452.99552519008,137553.47763209755,0.0
400,26,1.2968671257818238e+21,1.7807068511220843e+21,0.0,-272683.1337311343,67585.10791787511,0.0
400,27,1.2185499749549888e+21,1.7986902348174965e+21,0.0,-291120.2018172489,-13467.268005965228,0.0
400,28,1.1389568681365817e+21,1.7888877988962147e+21,0.0,-280757.2857323461,-95762.96390212736,0.0
400,29,1.067545839080063e+21,1.7525290714375444e+21,0.0,-243003.4425769569,-169533.10319007115,0.0
400,30,1.0128221198660192e+21,1.6939050629352399e+21,0.0,-182357.77903771264,-226089.22066711757,0.0
400,31,9.814148135502453e+20,1.6199542550374216e+21,0.0,-105934.90953377023,-258663.2256434993,0.0
400,32,1.0460038658405218e+21,1.831316747163362e+21,0.0,-228712.13949916733,-133378.19348910445,0.0
400,33,9.833548957126396e+20,1.7805646594744047e+21,0.0,-194717.993357097,-175597.73952252397,0.0
400,34,9.359811147188521e+20,1.7152384755803556e+21,0.0,-150903.22196997955,-207630.1980993554,0.0
400,35,9.071470229118741e+20,1.6398269004594395e+21,0.0,-100252.38833678103,-227220.9192206,0.0
400,36,8.988169917246767e+20,1.5595187439690126e+21,0.0,-46266.916393461914,-232981.77284983423,0.0
400,37,9.115212102418314e+20,1.4798222706328493e+21,0.0,7299.057447655611,-224515.30956562478,0.0
400,38,9.44338252164328e+20,1.4061692454511958e+21,0.0,56734.73545915655,-202446.9832699568,0.0
400,39,9.949871502005612e+20,1.3435417911959644e+21,0.0,98660.28334960093,-168358.5461492545,0.0
400,40,1.0600082183699278e+21,1.296150891250762e+21,0.0,130266.72521182071,-124637.44244449028,0.0
400,41,1.1350058797622156e+21,1.2671810167225123e+21,0.0,149483.40128893682,-74274.85400042665,0.0
400,42,1.2149304920210109e+21,1.2586017813168456e+21,0.0,155071.67703370805,-20650.00533085713,0.0
400,43,1.294387131441676e+21,1.2710414516708689e+21,0.0,146664.64101644125,32673.557963895597,0.0
400,44,1.3679700139225598e+21,1.3037224247902612e+21,0.0,124778.86543648849,82137.37594948761,0.0
400,45,1.4306220454045098e+21,1.3544724253647566e+21,0.0,90810.24959454285,124381.55232346892,0.0
400,46,1.478004484551866e+21,1.4198360584081782e+21,0.0,46998.69336428893,156462.686383947,0.0
400,47,1.5068378055143192e+21,1.4953053811884336e+21,0.0,-3674.4688426591692,176093.13198128762,0.0
400,48,1.5151596003364462e+21,1.5756602595054212e+21,0.0,-57685.455789617125,181861.98976498304,0.0
400,49,1.5024564193191104e+21,1.6553735084926063e+21,0.0,-111254.69068058046,173377.8146444319,0.0
400,50,1.469661940508233e+21,1.729018387483465e+21,0.0,-160668.59339711274,151290.94022307172,0.0
400,51,1.4190490181909474e+21,1.7916306299412734e+21,0.0,-202569.7151600501,117199.75670801492,0.0
400,52,1.3540533455256816e+21,1.8390094177227673e+21,0.0,-234173.7703776675,73484.12239526537,0.0
400,53,1.2790514701853267e+21,1.8679641840065488e+21,0.0,-253412.4772354757,23114.07301057089,0.0
400,54,1.1990960535151803e+21,1.87651399707934e+21,0.0,-259025.19901477752,-30540.666543911804,0.0
400,55,1.1196043243144417e+21,1.8640322105713586e+21,0.0,-250620.49902063527,-83900.66548376744,0.0
400,56,1.2279225480717683e+21,1.9533845305686266e+21,0.0,-236878.6888221898,-15141.01701168703,0.0
400,57,1.1474084732112783e+21,1.949269896751177e+21,0.0,-234937.41948369364,-53862.64887304469,0.0
400,58,1.0694845171354147e+21,1.9284489258905599e+21,0.0,-224997.2071748981,-91390.71166407556,0.0
400,59,9.975774108804747e+20,1.8918267841969639e+21,0.0,-207466.33957707617,-126077.9300862812,0.0
400,60,9.348491942014049e+20,1.8410099741021829e+21,0.0,-183094.06490734295,-156388.8530507593,0.0
400,61,8.840529196005883e+20,1.7782338299157246e+21,0.0,-152943.42927172856,-180973.53561758506,0.0
400,62,8.474084319036839e+20,1.7062597873257433e+21,0.0,-118346.00268338724,-198735.09184723237,0.0
400,63,8.265048477919121e+20,1.6282483484873604e+21,0.0,-80839.88478169666,-208885.68888162155,0.0
400,64,8.22234390340675e+20,1.5476151880822544e+21,0.0,-42094.4271353767,-210985.9546153391,0.0
400,65,8.347598502994675e+20,1.4678786345064698e+21,0.0,-3827.059343642724,-204964.0660044817,0.0
400,66,8.635154251709274e+20,1.39250665652282e+21,0.0,32280.975038949422,-191112.98445653328,0.0
400,67,9.072384152973617e+20,1.324770445107171e+21,0.0,64662.80710872769,-170067.17066031165,0.0
400,68,9.64027698147917e+20,1.2676098675425634e+21,0.0,91932.05148093188,-142763.0467503031,0.0
400,69,1.0314244821012173e+21,1.2235139517984683e+21,0.0,112933.61514991563,-110389.5359854708,0.0
400,70,1.1065117060810099e+21,1.1944179031998026e+21,0.0,126779.79935851485,-74335.17521763354,0.0
400,71,1.1860301784081008e+21,1.1816178248652984e+21,0.0,132875.72472606678,-36136.009197457424,0.0
400,72,1.2665110090072122e+21,1.1857057757918103e+21,0.0,130939.3561268519,2575.715132662636,0.0
400,73,1.3444235782147209e+21,1.2065305178384737e+21,0.0,121019.21817851244,40126.22814018312,0.0
400,74,1.4163352481742486e+21,1.2431914765703059e+21,0.0,103507.75610531942,74863.99592182144,0.0
400,75,1.4790739766353097e+21,1.2940727070502428e+21,0.0,79142.87135823462,105235.266144483,0.0
400,76,1.5298806101153234e+21,1.3569187935003814e+21,0.0,48988.20321777129,129867.29320725887,0.0
400,77,1.5665370863620116e+21,1.428947126349434e+21,0.0,14386.520183292449,147648.2239276353,0.0
400,78,1.587461164237889e+21,1.5069847447450424e+21,0.0,-23111.352942477548,157790.2368499994,0.0
400,79,1.5917653173114566e+21,1.587616342099256e+21,0.0,-61832.065858455644,159866.55744169987,0.0
400,80,1.5792830283358253e+21,1.6673333023886473e+21,0.0,-100067.07658702886,153820.84789977488,0.0
400,81,1.5505673748658386e+21,1.7426787524287235e+21,0.0,-136152.1415133526,139954.32161199665,0.0
400,82,1.5068650966779114e+21,1.8103871153250595e+21,0.0,-168535.0224102046,118898.49529964551,0.0
400,83,1.450066760244994e+21,1.8675171333881806e+21,0.0,-195832.19612762265,91579.93553468151,0.0
400,84,1.382632293687106e+21,1.911575660061776e+21,0.0,-216877.2646132516,59180.01398243884,0.0
400,85,1.3074916900635812e+21,1.940627406834639e+21,0.0,-230763.18669530866,23089.8161856059,0.0
400,86,1.3945790735507729e+21,1.9915452514897027e+21,0.0,-206474.7426908628,43409.66156674797,0.0
400,87,1.3182834725011634e+21,2.0176553773725943e+21,0.0,-216007.47863261,15511.773257657629,0.0
400,88,1.2385924336195946e+21,2.030087384900347e+21,0.0,-220569.06892979838,-13648.45613568629,0.0
400,89,1.1579344912709529e+21,2.0284571526990835e+21,0.0,-220010.1351498199,-43190.16579776846,0.0
400,90,1.078769379683282e+21,2.0128107128431947e+21,0.0,-214336.18058700528,-72216.08316648628,0.0
400,91,1.003511490594868e+21,1.9836234484853933e+21,0.0,-203709.84586245532,-99839.89346485653,0.0
400,92,9.344546668753907e+20,1.9417854706545323e+21,0.0,-188448.08327314636,-125214.26110672062,0.0
400,93,8.737009411934057e+20,1.8885736662177143e+21,0.0,-169013.9509666128,-147558.45162428924,0.0
400,94,8.230956771259152e+20,1.8256114338351345e+21,0.0,-146002.97977658038,-166184.37983381518,0.0
400,95,7.841713058302265e+20,1.7548176043721205e+21,0.0,-120124.36515728562,-180519.8536152015,0.0
400,96,7.581014825601964e+20,1.678346450007454e+21,0.0,-92177.5729363441,-190127.81257216455,0.0
400,97,7.45667027178437e+20,1.59852099418116e+21,0.0,-63025.3021388849,-194720.4986959338,0.0
400,98,7.472344822325683e+20,1.5177620139908428e+21,0.0,-33564.09013016716,-194167.76257084674,0.0
400,99,7.62747553686839e+20,1.4385151515204001e+21,0.0,-4694.125227614389,-188499.11508691634,0.0
400,100,7.917311430162861e+20,1.3631784046370622e+21,0.0,22710.023039193475,-177899.66832750686,0.0
400,101,8.333072066116148e+20,1.2940319590122075e+21,0.0,47826.12606982089,-162700.71204356052,0.0
400,102,8.862213771346831e+20,1.2331719037611527e+21,0.0,69907.22650828346,-143366.2213387073,0.0
400,103,9.488792299089333e+20,1.1824489563326862e+21,0.0,88300.23704890042,-120476.90335934144,0.0
400,104,1.0193912920865487e+21,1.1434130753394103e+21,0.0,102460.56720568215,-94713.27171931746,0.0
400,105,1.095626264403396e+21,1.1172649293840664e+21,0.0,111963.93483666136,-66838.58826119275,0.0
400,106,1.1752721947280475e+21,1.1048156724615195e+21,0.0,116516.81458108252,-37681.456431317034,0.0
400,107,1.2559051739621386e+21,1.1064571801254797e+21,0.0,115966.4646338361,-8116.796734052065,0.0
400,108,1.3350643063659792e+21,1.1221453966444065e+21,0.0,110310.20298393065,20956.533808107506,0.0
400,109,1.4103303784089639e+21,1.151399213835916e+21,0.0,99702.099558082,48642.64474042079,0.0
400,110,1.4794043641365956e+21,1.193316082676254e+21,0.0,84454.336923847,74079.63138898004,0.0
400,111,1.540181361602089e+21,1.2466036329965392e+21,0.0,65030.81561840308,96472.39854207213,0.0
400,112,1.590816131420645e+21,1.3096247211999827e+21,0.0,42032.12500946279,115123.72748786153,0.0
400,113,1.6297778489087227e+21,1.3804523406285474e+21,0.0,16173.019753189215,129460.10831551871,0.0
400,114,1.6558932564238108e+21,1.456930997081155e+21,0.0,-11744.965439016418,139050.1773400945,0.0
400,115,1.6683784243442373e+21,1.536742093482255e+21,0.0,-40862.76071100249,143615.38984857523,0.0
400,116,1.6668595701827845e+21,1.6174718863376308e+21,0.0,-70292.51268639932,143033.960931711,0.0
400,117,1.651383092821282e+21,1.6966811459706007e+21,0.0,-99144.58343484842,137339.68192822693,0.0
400,118,1.6224145813154995e+21,1.7719756515363728e+21,0.0,-126552.4922328054,126717.05158726864,0.0
400,119,1.5808263725133686e+21,1.8410762738667833e+21,0.0,-151696.01580987466,111493.61754585318,0.0
400,120,1.5278733597847527e+21,1.9018869273898406e+21,0.0,-173822.75303408742,92129.86333074007,0.0
400,121,1.4651571365027103e+21,1.9525583163024482e+21,0.0,-192268.27989261854,69206.59874372519,0.0
800,0,1.0403532298366536e+21,1.4833021363024e+21,0.0,-53691.61249830251,-27923.338881516043,0.0
800,1,-1.0403532298366536e+21,-1.4833021363024e+21,0.0,53691.61249830251,27923.338881516043,0.0
800,2,1.1699322909909102e+21,1.3995368999836758e+21,0.0,105462.55785472484,218275.42905787652,0.0
800,3,1.194461583876778e+21,1.4757217915602741e+21,0.0,-39319.02453029182,264890.19292622816,0.0
800,4,1.1775875838992164e+21,1.5538134797492245e+21,0.0,-187723.5237920858,232838.28083410926,0.0
800,5,1.1240655182140312e+21,1.6129005326666422e+21,0.0,-300011.07018720894,131142.7161431717,0.0
800,6,1.0482312636436757e+21,1.6373832210465397e+21,0.0,-346527.84572349745,-12957.063560485883,0.0
800,7,9.701651490275913e+20,1.620697203269073e+21,0.0,-314799.97645066696,-161296.62669377745,0.0
800,8,9.107826718431318e+20,1.5670647050567853e+21,0.0,-212861.1726891035,-274131.82874022017,0.0
800,9,8.862501930156189e+20,1.490857670529424e+21,0.0,-68027.88177280636,-320749.62662954687,0.0
800,10,9.031369960002839e+20,1.4127620755021226e+21,0.0,80389.36319264676,-288666.0460431751,0.0
800,11,9.56653740162855e+20,1.3536942048305744e+21,0.0,192636.3136181707,-186976.1754333914,0.0
800,12,1.0324797586287113e+21,1.329215708367721e+21,0.0,239135.49744376488,-42894.8853401095,0.0
800,13,1.1105543412305594e+21,1.3459046722517053e+21,0.0,207396.5398892374,105453.33215426821,0.0
800,14,1.2648945395364308e+21,1.5394084953863626e+21,0.0,-111783.81111530193,204352.58170245792,0.0
800,15,1.2319602851169598e+21,1.613088343326394e+21,0.0,-188010.68869110357,170314.86958223901,0.0
800,16,1.175827573796972e+21,1.6709154201388022e+21,0.0,-247838.0252327064,112263.88426838249,0.0
800,17,1.1034734507571422e+21,1.705938864672759e+21,0.0,-284065.25849325705,37417.10849058967,0.0
800,18,1.0237150495084131e+21,1.7141225305366528e+21,0.0,-292513.73467314354,-45096.34684708675,0.0
800,19,9.460622778936286e+20,1.6946544841495772e+21,0.0,-272349.48238406033,-125431.5012234623,0.0
800,20,8.796732113670883e+20,1.6498774776033058e+21,0.0,-226005.75463270608,-194114.6958737026,0.0
800,21,8.32449734206464e+20,1.5850025493475162e+21,0.0,-158878.74343625826,-242977.82385257282,0.0
800,22,8.101990167718442e+20,1.5076565749635691e+21,0.0,-78856.36094090136,-266017.96387548896,0.0
800,23,8.158375063989067e+20,1.427164450124713e+21,0.0,4419.539073083082,-260213.95728231606,0.0
800,24,8.488034019107458e+20,1.3534455248244035e+21,0.0,80686.86549268126,-226135.96525785653,0.0
800,25,9.049859371949071e+20,1.295608109539471e+21,0.0,140515.71855806868,-168028.43260228736,0.0
800,26,9.773497288691746e+20,1.260617446302664e+21,0.0,176694.31723086274,-93171.525854698,0.0
800,27,1.0570578658323843e+21,1.252461642498384e+21,0.0,185100.580538605,-10715.60335047794,0.0
800,28,1.1346536647898909e+21,1.2719190360182253e+21,0.0,164942.14741451727,69551.75153805364,0.0
800,29,1.201030994155146e+21,1.3166772295081782e+21,0.0,118623.53674618035,138215.36273287726,0.0
800,30,1.2482728441741902e+21,1.3815632078154288e+21,0.0,51498.47498010076,187095.45031406137,0.0
800,31,1.2705309792126034e+21,1.4589300403671712e+21,0.0,-28531.0833278252,210147.1476826062,0.0
800,32,8.994777643827703e+20,1.209012069691789e+21,0.0,130978.71333957587,-122818.49925408955,0.0
800,33,9.761745513343066e+20,1.1817403780981475e+21,0.0,149296.91333266857,-71377.19600446781,0.0
800,34,1.0571896504207775e+21,1.175375380232367e+21,0.0,153484.3754295668,-16974.275146490854,0.0
800,35,1.1367796650321639e+21,1.190214103146535e+21,0.0,143344.7852927343,36480.47004024977,0.0
800,36,1.2094566594873587e+21,1.2249896114482611e+21,0.0,119772.38778408569,85259.50886105635,0.0
800,37,1.2703953410897404e+21,1.2770970439255384e+21,0.0,84578.08140001446,126114.48570061641,0.0
800,38,1.3156939144903582e+21,1.3428966999278952e+21,0.0,40256.6450226665,156454.5560087746,0.0
800,39,1.3425064581354726e+21,1.4180110604166808e+21,0.0,-10235.066285512705,174419.28259051807,0.0
800,40,1.3491040320587343e+21,1.497570206996121e+21,0.0,-63649.21926163318,178893.01468592565,0.0
800,41,1.3349285234693856e+21,1.5764114451386828e+21,0.0,-116568.54869833952,169515.57693957488,0.0
800,42,1.3006757484301082e+21,1.6492831185459877e+21,0.0,-165516.16414155895,146725.80594787738,0.0
800,43,1.2483909382976318e+21,1.7111194470915178e+21,0.0,-207109.9956210516,111834.86158365174,0.0
800,44,1.1815011378193126e+21,1.75742660656067e+21,0.0,-238305.23505266046,67077.69854163004,0.0
800,45,1.1046798561590157e+21,1.7847486662241417e+21,0.0,-256717.08534457063,15558.545137173565,0.0
800,46,1.0234761052313515e+21,1.7910951197115844e+21,0.0,-260943.68701688183,-38977.750209183265,0.0
800,47,9.437470201718418e+20,1.77617235040928e+21,0.0,-250763.56863882137,-92538.88024119865,0.0
800,48,8.710507750951547e+20,1.741324064351899e+21,0.0,-227115.52491694497,-141332.9222579559,0.0
800,49,8.101871294129803e+20,1.6892293541768205e+21,0.0,-191878.08378721878,-182118.89347227884,0.0
800,50,7.649751802132819e+20,1.6235245272505346e+21,0.0,-147570.76694863944,-212370.72904156943,0.0
800,51,7.382061914039971e+20,1.5485080540730874e+21,0.0,-97113.46512741219,-230286.04923972164,0.0
800,52,7.316275179080297e+20,1.4689704157464948e+21,0.0,-43698.895424533446,-234751.54114257143,0.0
800,53,7.45853294932897e+20,1.3900679191460727e+21,0.0,9269.253829432404,-225364.3980554787,0.0
800,54,7.80206276669156e+20,1.3171207697511822e+21,0.0,58269.278818336345,-202531.1648626751,0.0
800,55,8.325857927663827e+20,1.255268768367581e+21,0.0,99858.68728016896,-167584.1028483172,0.0
800,56,6.566608126195963e+20,1.527719515935658e+21,0.0,-74338.87923477005,-211908.29984521196,0.0
800,57,6.565217748697416e+20,1.4462209143651867e+21,0.0,-35184.36008948701,-212478.10406904973,0.0
800,58,6.734849859811917e+20,1.366351212708359e+21,0.0,3284.493265664047,-204769.4140537802,0.0
800,59,7.067516023108802e+20,1.2917813576240493e+21,0.0,39239.51285002812,-189084.25964991693,0.0
800,60,7.547149713475863e+20,1.2258827133064118e+21,0.0,70969.66650814285,-166164.3502123047,0.0
800,61,8.150845552378971e+20,1.1715391313364318e+21,0.0,97007.12673549312,-137139.0750039173,0.0
800,62,8.8505428036519e+20,1.131017037835896e+21,0.0,116222.33130509756,-103430.39157150997,0.0
800,63,9.614851468019807e+20,1.1059014338973836e+21,0.0,127872.08835717913,-66634.90582137305,0.0
800,64,1.041073470934783e+21,1.0970898905010838e+21,0.0,131598.61235526923,-28408.45629061001,0.0
800,65,1.1204858414860624e+21,1.1048242759393076e+21,0.0,127391.27249038518,9625.271570908257,0.0
800,66,1.1964563955063144e+21,1.1287348900640313e+21,0.0,115531.53293258858,45931.148313902304,0.0
800,67,1.2658566797719343e+21,1.1678751631057225e+21,0.0,96542.68325033945,79085.9776431623,0.0
800,68,1.325758827401377e+21,1.2207358924717016e+21,0.0,71160.25712918954,107781.77901310241,0.0
800,69,1.3735159359241965e+21,1.2852433021084337e+21,0.0,40328.83170454157,130828.32886969122,0.0
800,70,1.4068775075000843e+21,1.3587611458607888e+21,0.0,5218.56631538373,147174.89731725072,0.0
800,71,1.4241421683946095e+21,1.4381285835379874e+21,0.0,-32757.19784080911,155964.9043743058,0.0
800,72,1.424327025066537e+21,1.5197663339542487e+21,0.0,-71950.02640374131,156623.65393406322,0.0
800,73,1.4073104365842575e+21,1.5998680508035058e+21,0.0,-110535.53612622504,148960.33510893266,0.0
800,74,1.3738955196266913e+21,1.674662259874653e+21,0.0,-146633.41512069368,133248.39523599722,0.0
800,75,1.3257575520937228e+21,1.7406943747675288e+21,0.0,-178470.6345089346,110245.07214161301,0.0
800,76,1.2652793050384884e+21,1.7950599560380133e+21,0.0,-204544.1803104603,81129.71328139909,0.0
800,77,1.195324070068129e+21,1.835536576234188e+21,0.0,-223733.8100774955,47375.34492408487,0.0
800,78,1.1190172209057931e+21,1.8606070592196324e+21,0.0,-235337.31684744067,10597.550154327315,0.0
800,79,1.0395889907557222e+21,1.869413158282941e+21,0.0,-239037.18088359115,-27570.919211256285,0.0
800,80,9.602878846045309e+20,1.8616971122115556e+21,0.0,-234834.2680811618,-65553.05741356505,0.0
800,81,8.843354365299741e+20,1.8377728456654295e+21,0.0,-222987.43755018894,-101851.56989699195,0.0
800,82,8.14879097925727e+20,1.7985356966892462e+21,0.0,-203982.1151193441,-135047.67799209597,0.0
800,83,7.549106842558398e+20,1.7454910881664907e+21,0.0,-178529.97560542478,-163802.3537012867,0.0
800,84,7.071402308440185e+20,1.6807698327080953e+21,0.0,-147586.51698793974,-186879.49165909592,0.0
800,85,6.738366605829149e+20,1.6071002935447737e+21,0.0,-112366.6410000409,-203198.04906707816,0.0
800,86,7.303389614465017e+20,1.8300472573222346e+21,0.0,-179115.44459706443,-140088.70091349081,0.0
800,87,6.753395611683962e+20,1.7704883876231197e+21,0.0,-157560.34333150025,-160517.49201224354,0.0
800,88,6.31538959890703e+20,1.7020312941085949e+21,0.0,-132701.61426620762,-176962.76170882268,0.0
800,89,6.003484843420164e+20,1.6268221496920968e+21,0.0,-105289.55572732307,-188851.29191655142,0.0
800,90,5.827526154960477e+20,1.5472384559340433e+21,0.0,-76188.95208930687,-195754.7555912527,0.0
800,91,5.7927057673465515e+20,1.4657949416038007e+21,0.0,-46346.18554068626,-197418.9570924184,0.0
800,92,5.899431177249957e+20,1.385043710728859e+21,0.0,-16746.59243717488,-193783.30494763487,0.0
800,93,6.143448946878587e+20,1.3074766436988279e+21,0.0,11634.082348844915,-184986.85182133678,0.0
800,94,6.516198311101095e+20,1.2354377435590906e+21,0.0,37878.633619619555,-171359.00082110928,0.0
800,95,7.005340064351511e+20,1.1710515469475953e+21,0.0,61171.49151447895,-153395.53264466216,0.0
800,96,7.595385723741713e+20,1.1161709708875449e+21,0.0,80830.3204757427,-131723.44170732156,0.0
800,97,8.268345241857306e+20,1.0723444605626432e+21,0.0,96322.58685468721,-107060.39924190196,0.0
800,98,9.004322152702728e+20,1.0407987604128201e+21,0.0,107266.77698604253,-80175.70330843116,0.0
800,99,9.782012489359542e+20,1.0224309172002465e+21,0.0,113421.41238877196,-51858.88479045589,0.0
800,100,1.0579103016472406e+21,1.0178020124737208e+21,0.0,114667.71178368168,-22899.82317648517,0.0
800,101,1.1372606555256838e+21,1.0271260811200338e+21,0.0,110992.92818019337,5919.108107421492,0.0
800,102,1.213920696475262e+21,1.0502507537478948e+21,0.0,102480.75551400837,33821.87092607831,0.0
800,103,1.2855703159968568e+21,1.0866309713911585e+21,0.0,89312.88588512423,60034.50600467281,0.0
800,104,1.3499631141375173e+21,1.1353027874448811e+21,0.0,71782.16427265732,83785.43121130845,0.0
800,105,1.405009946384547e+21,1.1948693335668687e+21,0.0,50313.35188308722,104317.78671682766,0.0
800,106,1.4488798873861292e+21,1.2635134148074925e+21,0.0,25483.15464068177,120918.7180739484,0.0
800,107,1.480105756487067e+21,1.33904868920121e+21,0.0,-1971.5789246914235,132965.20722562808,0.0
800,108,1.4976744113084102e+21,1.419012865162588e+21,0.0,-31167.76921890335,139979.03335375132,0.0
800,109,1.501081345569675e+21,1.500793531910877e+21,0.0,-61116.74879153508,141677.33222036407,0.0
800,110,1.4903372011730226e+21,1.5817653190553774e+21,0.0,-90786.88691599821,138003.6690583848,0.0
800,111,1.4659284440408206e+21,1.6594126048747635e+21,0.0,-119174.48252581988,129129.74219542088,0.0
800,112,1.4287487483361653e+21,1.731418370560408e+21,0.0,-145365.7386568588,115428.0895540803,0.0
800,113,1.3800240414345496e+21,1.7957140650357075e+21,0.0,-168576.90235160044,97426.18537479121,0.0
800,114,1.3212498892932045e+21,1.8504997445858367e+21,0.0,-188169.07854379603,75756.8285403196,0.0
800,115,1.2541486381171503e+21,1.8942512292314053e+21,0.0,-203643.36453030328,51117.27414607886,0.0
800,116,1.1806422868216565e+21,1.9257296565822022e+21,0.0,-214626.59236653047,24242.885035861982,0.0
800,117,1.1028305015678825e+21,1.9440017119146344e+21,0.0,-220857.4403751739,-4105.663615782189,0.0
800,118,1.0229625486624896e+21,1.9484707049906865e+21,0.0,-222179.02711320552,-33146.71329364848,0.0
800,119,9.433953128676056e+20,1.9389128427211852e+21,0.0,-218539.87843649398,-62079.65613611527,0.0
800,120,8.665343720071489e+20,1.9155104770517371e+21,0.0,-210001.92726087171,-90089.8760024086,0.0
800,121,7.947594760794535e+20,1.8788741911198292e+21,0.0,-196752.36469354152,-116359.96843660844,0.0
1200,0,8.679078277186794e+20,1.3907299531474943e+21,0.0,-55636.22510938546,-30860.669943533296,0.0
1200,1,-8.679078277186794e+20,-1.3907299531474943e+21,0.0,55636.22510938546,30860.669943533296,0.0
1200,2,9.684768227239505e+20,1.273701691373172e+21,0.0,166713.3773622155,160173.79477337527,0.0
1200,3,1.0136056028815568e+21,1.339904485526458e+21,0.0,40892.717156879735,245915.96841223884,0.0
1200,4,1.0194865481971359e+21,1.419592333590621e+21,0.0,-110541.57882013776,257107.84052334167,0.0
1200,5,9.848861705671977e+20,1.4913358003010892e+21,0.0,-246879.98594258208,191389.78694360694,0.0
1200,6,9.191636517318706e+20,1.5362483889112162e+21,0.0,-332224.6920090678,66526.47386266587,0.0
1200,7,8.395822573067494e+20,1.5423888442183896e+21,0.0,-343871.88708195754,-84678.38417023588,0.0
1200,8,7.673586661926346e+20,1.5077541383096867e+21,0.0,-278021.8152642912,-221902.17161373468,0.0
1200,9,7.222130772130223e+20,1.4415196123660503e+21,0.0,-152126.17877559413,-307678.78612101957,0.0
1200,10,7.163479681404911e+20,1.3618182663516245e+21,0.0,-649.7166317950032,-318830.1564985711,0.0
1200,11,7.50950628842345e+20,1.2901034085992468e+21,0.0,135636.3683504931,-253095.63579945907,0.0
1200,12,8.166658861382562e+20,1.245201497256554e+21,0.0,220946.92886003264,-128243.87755097522,0.0
1200,13,8.962617359627553e+20,1.2390641440890995e+21,0.0,232571.5101788383,22978.831525318536,0.0
1200,14,6.518070297337231e+20,1.3079019531351865e+21,0.0,30268.33272696587,-254378.84998520988,0.0
1200,15,6.936870032950662e+20,1.2385705313939224e+21,0.0,102047.59731654103,-211260.90174589632,0.0
1200,16,7.567274461124419e+20,1.1879281886125336e+21,0.0,154452.84548851053,-146130.5636558018,0.0
1200,17,8.329718066759681e+20,1.1620370585074053e+21,0.0,181121.68479946515,-67262.2209676817,0.0
1200,18,9.130739974112568e+20,1.1636927792754253e+21,0.0,179178.39338978217,15571.259841922092,0.0
1200,19,9.875679045663498e+20,1.1923935975743614e+21,0.0,149260.67690992742,92526.64813982819,0.0
1200,20,1.047829635033891e+21,1.2446883314915423e+21,0.0,95059.14327596565,154743.62722608182,0.0
1200,21,1.0867726367719208e+21,1.3145966252392742e+21,0.0,22779.52745776937,195013.06891563116,0.0
1200,22,1.0995079109246111e+21,1.3940272904404806e+21,0.0,-59303.57221035306,208344.9427648902,0.0
1200,23,1.0840991859108252e+21,1.473409693707739e+21,0.0,-141406.07813059105,192673.83305718115,0.0
1200,24,1.0421997415794508e+21,1.542813383197435e+21,0.0,-213272.7360178217,149561.47009990315,0.0
1200,25,9.790883168308815e+20,1.5935019743639513e+21,0.0,-265760.9420872139,84367.77643501473,0.0
1200,26,9.028123375117782e+20,1.619380116440237e+21,0.0,-292446.6487807324,5454.409649563237,0.0
1200,27,8.22753867312699e+20,1.617712802051667e+21,0.0,-290498.7260524089,-77352.70187482233,0.0
1200,28,7.48308424619029e+20,1.5890369480342967e+21,0.0,-260597.09881203322,-154269.1605675021,0.0
1200,29,6.880392242277766e+20,1.5367483701498345e+21,0.0,-206386.79907170293,-216500.14344112304,0.0
1200,30,6.490724959408315e+20,1.466779871541345e+21,0.0,-134024.875604237,-256800.7785357624,0.0
1200,31,6.363590730816995e+20,1.387278209338994e+21,0.0,-51843.15795302671,-270109.0019783679,0.0
1200,32,1.1757789666586237e+21,1.413562301472673e+21,0.0,-71179.40697329507,175807.43991501167,0.0
1200,33,1.1590298040639302e+21,1.4931723643660995e+21,0.0,-124669.69313049653,164661.7995351396,0.0
1200,34,1.1221510048656151e+21,1.5655308349265223e+21,0.0,-173299.59842647787,139976.4508336559,0.0
1200,35,1.06791630156072e+21,1.6255881379594182e+21,0.0,-213661.5391911808,103600.77393418261,0.0
1200,36,1.0002918505204756e+21,1.6693453133348995e+21,0.0,-243052.43249588113,58199.87501497854,0.0
1200,37,9.240210447137579e+20,1.694072264195391e+21,0.0,-259629.46388016804,6972.084071693646,0.0
1200,38,8.442301708532088e+20,1.6983582761765645e+21,0.0,-262448.0632603504,-46624.40984878365,0.0
1200,39,7.661159738124179e+20,1.6820598334975296e+21,0.0,-251424.70434215837,-99089.90403402632,0.0
1200,40,6.947196114206419e+20,1.646223474854544e+21,0.0,-227278.63834246047,-147039.68380217956,0.0
1200,41,6.347413747087793e+20,1.5930371419487994e+21,0.0,-191491.6694205236,-187327.53078599914,0.0
1200,42,5.903267308422924e+20,1.5258120398747423e+21,0.0,-146290.81124646618,-217183.11921619825,0.0
1200,43,5.647708807389771e+20,1.4489373015379484e+21,0.0,-94618.05114311232,-234401.32038294803,0.0
1200,44,5.601498697691277e+20,1.3677107679706355e+21,0.0,-40023.10050223432,-237582.9573732683,0.0
1200,45,5.769721128271836e+20,1.2879657086833748e+21,0.0,13578.091526820397,-226369.26536332796,0.0
1200,46,6.14003107863517e+20,1.2155023846063404e+21,0.0,62279.97902108321,-201568.66807718965,0.0
1200,47,6.683848617738958e+20,1.155458629886238e+21,0.0,102614.26745656076,-165088.592041209,0.0
1200,48,7.360378167594625e+20,1.1118223717087516e+21,0.0,131888.53953403427,-119671.6496604667,0.0
1200,49,8.121815773803187e+20,1.0872240719584517e+21,0.0,148335.75473289003,-68541.87791790366,0.0
1200,50,8.917681875050421e+20,1.082981273206111e+21,0.0,151086.43642158262,-15103.22982223469,0.0
1200,51,9.697281533073449e+20,1.0992341022049712e+21,0.0,140071.2104973812,37235.32474837402,0.0
1200,52,1.0410902212935002e+21,1.1350140233255436e+21,0.0,115963.73018385361,85143.70797883144,0.0
1200,53,1.1011204619426739e+21,1.1882061443054373e+21,0.0,80195.92600113079,125459.89955999517,0.0
1200,54,1.1455877386266504e+21,1.2554909499381808e+21,0.0,34992.63878296332,155358.32049276328,0.0
1200,55,1.1711527301491402e+21,1.3323983108521158e+21,0.0,-16660.856411396402,172600.68511226904,0.0
1200,56,8.045482474096993e+20,1.0106075552727947e+21,0.0,127556.56040071015,-61994.56568590219,0.0
1200,57,8.866702577499347e+20,1.0056511645657533e+21,0.0,129773.67335840248,-22626.538065124398,0.0
1200,58,9.677241211481437e+20,1.0180605259321575e+21,0.0,123591.04231500368,16257.450509418124,0.0
1200,59,1.0439229833719446e+21,1.0470590083785471e+21,0.0,109411.17906584812,52814.77330186536,0.0
1200,60,1.1118746034986941e+21,1.091043976471999e+21,0.0,88039.86849726712,85405.53312414247,0.0
1200,61,1.1687462276885234e+21,1.147775396270818e+21,0.0,60584.87439698021,112673.66315413947,0.0
1200,62,1.2123392701019484e+21,1.2145806712805977e+21,0.0,28350.088723359095,133579.31270001119,0.0
1200,63,1.241088843430289e+21,1.2885348587442345e+21,0.0,-7254.342272019466,147392.32864748445,0.0
1200,64,1.2540182888040052e+21,1.3665907965594863e+21,0.0,-44774.17081658984,153663.33999623609,0.0
1200,65,1.2506845708572002e+21,1.445652915876127e+21,0.0,-82743.18361384848,152190.95761330926,0.0
1200,66,1.2311469449373203e+21,1.5226075268302664e+21,0.0,-119691.93075904486,143001.71825757893,0.0
1200,67,1.195979616920459e+21,1.5943379247600747e+21,0.0,-154147.22421888172,126354.00511216243,0.0
1200,68,1.1463304659380977e+21,1.6577617117430216e+21,0.0,-184641.65935971815,102768.3269317071,0.0
1200,69,1.0840045244878045e+21,1.709926618422934e+21,0.0,-209753.0087952351,73074.46325529537,0.0
1200,70,1.0115277391482656e+21,1.7481859208598323e+21,0.0,-228186.78037350342,38453.10190297957,0.0
1200,71,9.321328388103609e+20,1.7704437201659138e+21,0.0,-238899.71124726307,440.5686882032682,0.0
1200,72,8.496172830203031e+20,1.7754197784353857e+21,0.0,-241239.73200553103,-39132.58146267032,0.0
1200,73,7.680614692227908e+20,1.7628506824416315e+21,0.0,-235058.1888631034,-78279.23824004036,0.0
1200,74,6.914558683251807e+20,1.7335434830388923e+21,0.0,-220747.1130331402,-115046.86548191079,0.0
1200,75,6.233388574099457e+20,1.689244421413235e+21,0.0,-199177.56793730042,-147708.55495825762,0.0
1200,76,5.665549298907872e+20,1.6323637042356033e+21,0.0,-171557.3366084975,-174893.46977200048,0.0
1200,77,5.231906824887601e+20,1.5656624965073033e+21,0.0,-139263.0818385378,-195622.2300023439,0.0
1200,78,4.9466110727512215e+20,1.492016710104338e+21,0.0,-103709.46057209713,-209257.94474872365,0.0
1200,79,4.81853886102783e+20,1.4143184350904218e+21,0.0,-66291.67691791187,-215419.9852180559,0.0
1200,80,4.852306957173784e+20,1.3354969634162606e+21,0.0,-28397.022493775054,-213915.7407747287,0.0
1200,81,5.0482764894167813e+20,1.2585843102009582e+21,0.0,8551.162609451021,-204726.4349863331,0.0
1200,82,5.4015960194395085e+20,1.186738798922231e+21,0.0,43064.1577503379,-188051.35084215214,0.0
1200,83,5.9008256956915614e+20,1.1231689889016312e+21,0.0,73609.64310771505,-164385.98632730416,0.0
1200,84,6.526881228306781e+20,1.070948148577897e+21,0.0,98697.0381606257,-134593.4377178745,0.0
1200,85,7.252923129379515e+20,1.0327553299410954e+21,0.0,117011.00299112598,-99928.96503890069,0.0
1200,86,4.268495886999397e+20,1.251620103717693e+21,0.0,-3460.589709686699,-192217.0288605481,0.0
1200,87,4.5976167553819076e+20,1.1754145255402633e+21,0.0,24512.386533682962,-180834.81123675263,0.0
1200,88,5.056268628157523e+20,1.1060765511826245e+21,0.0,49988.862855389605,-164551.45877839858,0.0
1200,89,5.62825394823441e+20,1.0459362276965431e+21,0.0,72029.4578499952,-143929.77255209556,0.0
1200,90,6.293130776825932e+20,9.969017941754161e+20,0.0,89859.24434416018,-119737.67365638641,0.0
1200,91,7.02761581330558e+20,9.603824203621448e+20,0.0,102919.10384143822,-92886.31421326421,0.0
1200,92,7.80706426124298e+20,9.372658088937984e+20,0.0,110886.35617277402,-64355.380171720375,0.0
1200,93,8.606792745577323e+20,9.279455908305062e+20,0.0,113664.01614242847,-35121.134219681735,0.0
1200,94,9.40307370187313e+20,9.323839122227442e+20,0.0,111345.97659797955,-6100.229835552429,0.0
1200,95,1.0173724403253808e+21,9.50189586710439e+20,0.0,104169.92394711632,21883.562500667063,0.0
1200,96,1.0898311575431571e+21,9.806921918334642e+20,0.0,92470.19300811025,48109.12268558101,0.0
1200,97,1.1558071243370104e+21,1.0229964936710244e+21,0.0,76640.2438251587,71948.74976134286,0.0
1200,98,1.2135693318803636e+21,1.0760079788643899e+21,0.0,57110.725995027344,92847.37769120744,0.0
1200,99,1.2615141116426484e+21,1.138427682003852e+21,0.0,34345.39590802382,110298.81739513241,0.0
1200,100,1.2981670021386462e+21,1.2087221128005802e+21,0.0,8853.833825814701,123827.62301150912,0.0
1200,101,1.3222176880698026e+21,1.2850814681177383e+21,0.0,-18783.261178705812,132984.47886484902,0.0
1200,102,1.332594780792659e+21,1.3653858330428577e+21,0.0,-47883.780345694584,137361.38325891204,0.0
1200,103,1.328577122561266e+21,1.4472032757532333e+21,0.0,-77639.93896765096,136629.6163274037,0.0
1200,104,1.3099247937170618e+21,1.5278429737388626e+21,0.0,-107113.48156865567,130597.68698162104,0.0
1200,105,1.2769986801121595e+21,1.6044775171422974e+21,0.0,-135262.9918774377,119278.23809331686,0.0
1200,106,1.2308282453243401e+21,1.674329639970469e+21,0.0,-161009.37380973258,102944.50331240517,0.0
1200,107,1.1730910333355258e+21,1.7348931502502005e+21,0.0,-183332.69692565798,82153.15704921128,0.0
1200,108,1.1059894819314058e+21,1.7841361236694524e+21,0.0,-201378.39862671928,57716.49426780478,0.0
1200,109,1.0320463189340346e+21,1.8206305027665882e+21,0.0,-214541.70198174551,30623.75759930013,0.0
1200,110,9.538729800795606e+20,1.8435740515397224e+21,0.0,-222503.777335013,1932.2293304255004,0.0
1200,111,8.739766739964304e+20,1.8527108177576167e+21,0.0,-225211.53292862605,-27338.458400596974,0.0
1200,112,7.946527855948918e+20,1.8481940030461714e+21,0.0,-222815.16115870402,-56278.532804377624,0.0
1200,113,7.179709192928633e+20,1.830450335241687e+21,0.0,-215591.216585973,-84113.22402053597,0.0
1200,114,6.45826560670226e+20,1.8000926745984036e+21,0.0,-203878.38184256275,-110186.76554240298,0.0
1200,115,5.80012664024031e+20,1.7578989720547135e+21,0.0,-188041.99712871635,-133923.58271261322,0.0
1200,116,5.222690986755228e+20,1.7048474974594922e+21,0.0,-168469.9998796076,-154787.25715218412,0.0
1200,117,4.742846156409649e+20,1.6421812477776702e+21,0.0,-145593.13340776414,-172252.99960574319,0.0
1200,118,4.3764543616673454e+20,1.5714703249205837e+21,0.0,-119917.69608376693,-185802.10470543956,0.0
1200,119,4.1374008478159005e+20,1.4946459726509777e+21,0.0,-92058.36997995134,-194940.2776867085,0.0
1200,120,4.0363968944876546e+20,1.4139891566192637e+21,0.0,-62759.94623623459,-199236.66129572256,0.0
1200,121,4.0797726616960526e+20,1.3320669459684951e+21,0.0,-32899.08088274268,-198376.47520649174,0.0
1600,0,6.889468263522828e+20,1.287641982596435e+21,0.0,-57824.757207501505,-34642.49543487524,0.0
1600,1,-6.889468263522828e+20,-1.287641982596435e+21,0.0,57824.757207501505,34642.49543487524,0.0
1600,2,7.522539527438839e+20,1.146919670566223e+21,0.0,209551.91292980657,85548.65701390509,0.0
1600,3,8.14347733966249e+20,1.1976927574389196e+21,0.0,113021.71887336133,203493.52915454895,0.0
1600,4,8.425256217406235e+20,1.2724716487064483e+21,0.0,-29088.348642704634,257034.97917942572,0.0
1600,5,8.296503670196253e+20,1.350995225515018e+21,0.0,-178303.12419254764,232618.8500403621,0.0
1600,6,7.794089365777438e+20,1.4126249459223039e+21,0.0,-295420.786869298,137214.06755701487,0.0
1600,7,7.048505400909298e+20,1.441095160711489e+21,0.0,-349511.5408636342,-4415.594416469805,0.0
1600,8,6.256815587173655e+20,1.428356396402409e+21,0.0,-325260.6789846221,-154819.81314023153,0.0
1600,9,5.63549365610808e+20,1.377549065170338e+21,0.0,-228655.3038259123,-272854.2748445643,0.0
1600,10,5.353827044056506e+20,1.3027430102427595e+21,0.0,-86462.67653060061,-326367.71661388857,0.0
1600,11,5.4827257940625673e+20,1.224251445836407e+21,0.0,62710.359744815585,-301902.49788769946,0.0
1600,12,5.985134668518908e+20,1.1626381839439346e+21,0.0,179787.59649766644,-206484.68136849467,0.0
1600,13,6.730955396558565e+20,1.1341701804238634e+21,0.0,233844.97772509637,-64814.728040215,0.0
1600,14,8.933415190167011e+20,1.3962384102699465e+21,0.0,-170319.3805059109,176737.32612853745,0.0
1600,15,8.433109454071883e+20,1.4600281477474256e+21,0.0,-236323.81511287525,125079.77185653913,0.0
1600,16,7.745811201540745e+20,1.5025880090529405e+21,0.0,-280349.3294455346,54032.75650050111,0.0
1600,17,6.958391426452199e+20,1.518928923120135e+21,0.0,-297212.1568848366,-27401.465795153712,0.0
1600,18,6.166715932835767e+20,1.507493395619582e+21,0.0,-285309.4710738932,-109279.89535905345,0.0
1600,19,5.4632850870797625e+20,1.469953006275128e+21,0.0,-246400.7167796112,-182026.21656414695,0.0
1600,20,4.928894550691718e+20,1.4107272615600762e+21,0.0,-185083.2929104351,-237300.6107666891,0.0
1600,21,4.6268302072950974e+20,1.3365382828051517e+21,0.0,-108312.8586603483,-268581.7045957948,0.0
1600,22,4.596650909419798e+20,1.255998841778907e+21,0.0,-24982.25697744888,-271782.15096945805,0.0
1600,23,4.8465898060621473e+20,1.1789260385753357e+21,0.0,54763.08244419993,-246024.07966995443,0.0
1600,24,5.3478055709835965e+20,1.115087967971105e+21,0.0,120802.50543897075,-194254.84366636156,0.0
1600,25,6.036122175244919e+20,1.0725455491368789e+21,0.0,164769.1347322608,-123100.73976436624,0.0
1600,26,6.823459532260534e+20,1.056281001047449e+21,0.0,181504.06359576265,-41691.56049656778,0.0
1600,27,7.613855260034028e+20,1.0677447955916169e+21,0.0,169539.82127297958,40025.31712860476,0.0
1600,28,8.316087697255132e+20,1.1052268214566402e+21,0.0,130692.57426268084,112620.3058591732,0.0
1600,29,8.850289512566564e+20,1.1643965054389611e+21,0.0,69466.25030009194,167864.6906125294,0.0
1600,30,9.152720291611154e+20,1.238604783012694e+21,0.0,-7276.633089060016,199195.1978260471,0.0
1600,31,9.1830879508555e+20,1.3191852431045055e+21,0.0,-90609.96223261881,202440.9523603355,0.0
1600,32,5.0868574712615816e+20,1.538800064693053e+21,0.0,-226048.92696530803,-155040.83530655195,0.0
1600,33,4.494643080131902e+20,1.4829723111741296e+21,0.0,-188579.75532594364,-194936.23046273892,0.0
1600,34,4.0700087469520264e+20,1.4136787418338078e+21,0.0,-142055.4168462336,-223690.37057018088,0.0
1600,35,3.841687394311925e+20,1.335960660342921e+21,0.0,-89823.02680736716,-239316.39363513942,0.0
1600,36,3.822889689298424e+20,1.2553311995326256e+21,0.0,-35594.332263337055,-240848.4890595184,0.0
1600,37,4.011673130234917e+20,1.1772876204565384e+21,0.0,16882.01361329999,-228355.94252006148,0.0
1600,38,4.39275362413989e+20,1.1069360484024876e+21,0.0,64100.86144588024,-202851.83286394368,0.0
1600,39,4.9398210641062547e+20,1.048753190128091e+21,0.0,103003.8223024657,-166142.0130693261,0.0
1600,40,5.617570838790101e+20,1.0064498646813369e+21,0.0,131106.17925707527,-120663.17650023106,0.0
1600,41,6.383132661928127e+20,9.828638901616736e+20,0.0,146575.32455606866,-69343.67430110727,0.0
1600,42,7.187194558998004e+20,9.798099495682538e+20,0.0,148301.8267918074,-15490.778343835833,0.0
1600,43,7.975637700351976e+20,9.978576753188506e+20,0.0,135994.5010092657,37326.418123867625,0.0
1600,44,8.692612219094785e+20,1.0360872909764842e+21,0.0,110295.50154271643,85450.7409957413,0.0
1600,45,9.285437330483454e+20,1.0919503108340757e+21,0.0,72862.03491011239,125407.66969021162,0.0
1600,46,9.710558751988624e+20,1.1613820442965322e+21,0.0,26328.73532857877,154258.49961103278,0.0
1600,47,9.938682260846272e+20,1.239225016846529e+21,0.0,-25911.859533059855,169945.6246278442,0.0
1600,48,9.957126099557456e+20,1.3198552075024115e+21,0.0,-80084.63774732746,171502.10370206131,0.0
1600,49,9.768824634432898e+20,1.397778264632457e+21,0.0,-132439.04626223052,159050.69830303174,0.0
1600,50,9.389340391735384e+20,1.4679999228627012e+21,0.0,-179546.81381958898,133636.9755860458,0.0
1600,51,8.844076157967837e+20,1.526153400597584e+21,0.0,-218439.1515123585,97026.17443271201,0.0
1600,52,8.166979367599352e+20,1.5685322654734373e+21,0.0,-246649.92208845646,51569.7780599031,0.0
1600,53,7.400341249556675e+20,1.5922011692827494e+21,0.0,-262274.58268036455,147.73283450023837,0.0
1600,54,6.594219129019158e+20,1.5952484710457706e+21,0.0,-264103.3217479776,-53890.12312557742,0.0
1600,55,5.804154224083086e+20,1.5771075610957995e+21,0.0,-251800.54138415598,-106867.57183711189,0.0
1600,56,1.0658998355570586e+21,1.201551778450721e+21,0.0,-17117.22596318177,145610.00962340488,0.0
1600,57,1.075280541880523e+21,1.2831216653501756e+21,0.0,-56286.61728287077,150358.04245608347,0.0
1600,58,1.067209857023782e+21,1.3647061126262636e+21,0.0,-95491.77511424449,146743.96615421656,0.0
1600,59,1.0422445904342623e+21,1.4424541123459075e+21,0.0,-132881.4512192534,134994.75317816366,0.0
1600,60,1.001803607149058e+21,1.5128513758827373e+21,0.0,-166749.35896440572,115762.3832845114,0.0
1600,61,9.479890964319354e+20,1.5729094596217678e+21,0.0,-195633.73108600825,90044.96675653318,0.0
1600,62,8.833799151137526e+20,1.620262633628318e+21,0.0,-218374.0391813216,59087.538106331005,0.0
1600,63,8.108421201711277e+20,1.6531814668481766e+21,0.0,-234125.3967780794,24285.581419952385,0.0
1600,64,7.333880540231228e+20,1.6705316468308697e+21,0.0,-242342.48843461432,-12890.85369588751,0.0
1600,65,6.540951126533268e+20,1.671715926605137e+21,0.0,-242751.14272783438,-50944.44274900483,0.0
1600,66,5.7607416497100227e+20,1.6566356075508298e+21,0.0,-235325.8530007046,-88372.22845866432,0.0
1600,67,5.024597639609899e+20,1.6256968907914076e+21,0.0,-220286.4837878117,-123673.7192958461,0.0
1600,68,4.3638308027290904e+20,1.5798685058463226e+21,0.0,-198118.57808683725,-155363.18254835284,0.0
1600,69,3.808874816193351e+20,1.5207724581627754e+21,0.0,-169610.54072169104,-182004.77039527346,0.0
1600,70,3.3876020412409715e+20,1.4507640481426742e+21,0.0,-135889.31485635118,-202283.89598319912,0.0
1600,71,3.1228431620425076e+20,1.3729397757096472e+21,0.0,-98427.37780576707,-215115.70200397086,0.0
1600,72,3.0295852466104205e+20,1.2910159901541495e+21,0.0,-58993.577839336824,-219772.5853236041,0.0
1600,73,3.112708250782596e+20,1.2090579348474998e+21,0.0,-19534.25081532304,-215993.90571657752,0.0
1600,74,3.366183021461395e+20,1.1311026115053486e+21,0.0,18000.845468208507,-204034.21706583112,0.0
1600,75,3.7742058227724596e+20,1.0607793004731398e+21,0.0,51842.673230400476,-184622.60298043254,0.0
1600,76,4.313915111447109e+20,1.0010464038359964e+21,0.0,80539.55788882502,-158842.87026691993,0.0
1600,77,4.9586031012159e+20,9.541124155104366e+20,0.0,103008.23024600951,-127981.87672677157,0.0
1600,78,5.6801934426996926e+20,9.215188310805921e+20,0.0,118503.72740386253,-93405.09618034746,0.0
1600,79,6.450297949169528e+20,9.042904682898213e+20,0.0,126550.38347095292,-56496.05046671942,0.0
1600,80,7.240003977795135e+20,9.030454574614265e+20,0.0,126885.59523661634,-18656.41668232635,0.0
1600,81,8.019162694633393e+20,9.180007985724276e+20,0.0,119448.41365440917,18667.05469810863,0.0
1600,82,8.756075754989348e+20,9.488753888449959e+20,0.0,104413.98871686497,53969.53313377997,0.0
1600,83,9.418176161224432e+20,9.947445783015799e+20,0.0,82251.21210256976,85716.14931928548,0.0
1600,84,9.973808410553662e+20,1.0539203027800095e+21,0.0,53772.59769485243,112416.83528244343,0.0
1600,85,1.0394767934550231e+21,1.1239194431912335e+21,0.0,20150.18048858333,132735.44188607208,0.0
1600,86,6.418000308195259e+20,8.27512698945465e+20,0.0,110919.77152356096,-53545.112164643724,0.0
1600,87,7.251968344877015e+20,8.259177189280302e+20,0.0,111098.83751051733,-23250.734046543377,0.0
1600,88,8.070947471602011e+20,8.390993062327209e+20,0.0,105856.41490243733,6529.2537612151755,0.0
1600,89,8.847238329986e+20,8.66380503198798e+20,0.0,95483.77322294118,34774.7049903688,0.0
1600,90,9.55621546484919e+20,9.065488595401169e+20,0.0,80459.58871573898,60588.68357983614,0.0
1600,91,1.0177250255284911e+21,9.579891930088099e+20,0.0,61395.46914879094,83227.81285717258,0.0
1600,92,1.0694073601910631e+21,1.0188243098657716e+21,0.0,38983.74217809456,102110.72182690208,0.0
1600,93,1.1094655126955663e+21,1.0870413669750026e+21,0.0,13953.952155206885,116809.52326434717,0.0
1600,94,1.1370740736968112e+21,1.1605879740808735e+21,0.0,-12958.255671107405,127030.29546637805,0.0
1600,95,1.1517225209276702e+21,1.237429747141765e+21,0.0,-41028.31736916539,132588.7972199377,0.0
1600,96,1.1531543885441856e+21,1.3155688245386257e+21,0.0,-69546.36704271444,133387.56721729782,0.0
1600,97,1.141325054222407e+21,1.3930301967221947e+21,0.0,-97809.64487018964,129400.12478882186,0.0
1600,98,1.11639092336502e+21,1.4678291299457056e+21,0.0,-125108.1526576188,120666.97980602155,0.0
1600,99,1.0787366963658407e+21,1.5379380546025813e+21,0.0,-150710.0418861953,107306.3161858756,0.0
1600,100,1.0290390825609095e+21,1.601274333091385e+21,0.0,-173854.78105796123,89539.30276463916,0.0
1600,101,9.683549039201626e+20,1.6557300429793673e+21,0.0,-193762.5637650258,67725.9261821524,0.0
1600,102,8.982100280991996e+20,1.699259429754556e+21,0.0,-209666.71913530782,42402.39371119858,0.0
1600,103,8.2065575851269e+20,1.730027184430432e+21,0.0,-220871.11650363708,14306.719665977664,0.0
1600,104,7.382561073932023e+20,1.7466010974995777e+21,0.0,-226826.5436062316,-15622.697645129958,0.0
1600,105,6.539786244420525e+20,1.7481498630807272e+21,0.0,-227210.4423650433,-46287.23743132568,0.0
1600,106,5.7098625906225034e+20,1.7345900370826497e+21,0.0,-221987.20290223815,-76508.56480342863,0.0
1600,107,4.923635243951803e+20,1.7066273457467118e+21,0.0,-211426.5459066116,-105136.3410803528,0.0
1600,108,4.208425793567874e+20,1.665664054081602e+21,0.0,-196068.29646950736,-131156.7569888086,0.0
1600,109,3.586048989906937e+20,1.6135901448012043e+21,0.0,-176640.39289826967,-153771.4768549244,0.0
1600,110,3.0721124275332186e+20,1.5525212055586e+21,0.0,-153954.86297396544,-172425.73136286283,0.0
1600,111,2.6766453609682393e+20,1.4845659352722844e+21,0.0,-128814.3273128082,-186783.11534834432,0.0
1600,112,2.4056089305333442e+20,1.4116897691105818e+21,0.0,-101955.42318507569,-196663.78756468397,0.0
1600,113,2.2625742211852003e+20,1.335698129189329e+21,0.0,-74039.46019370697,-201973.33469718051,0.0
1600,114,2.2499064988228823e+20,1.2583162384115735e+21,0.0,-45683.13442929141,-202648.5431723006,0.0
1600,115,2.3690787134091923e+20,1.1813123937679526e+21,0.0,-17510.212792009275,-198636.8500221424,0.0
1600,116,2.6200919802433182e+20,1.1066052479145742e+21,0.0,9798.951494634754,-189913.72267648453,0.0
1600,117,3.0002723877349124e+20,1.0363085633974348e+21,0.0,35480.636456227454,-176530.65823199015,0.0
1600,118,3.5028801955145e+20,9.726902306363132e+20,0.0,58697.030601197024,-158677.75385790595,0.0
1600,119,4.1159992246410196e+20,9.180482173175282e+20,0.0,78584.35651216761,-136740.01224506207,0.0
1600,120,4.8220835419137835e+20,8.745287665225738e+20,0.0,94330.46256272613,-111327.26053091414,0.0
1600,121,5.598353059092383e+20,8.439269122531316e+20,0.0,105262.2637041602,-83264.89783046354,0.0
2000,0,5.026818768227813e+20,1.1707455563103283e+21,0.0,-60261.3689358713,-39706.98585348368,0.0
2000,1,-5.026818768227813e+20,-1.1707455563103283e+21,0.0,60261.3689358713,39706.98585348368,0.0
2000,2,5.234966258514018e+20,1.0178588929460626e+21,0.0,230277.40612082754,-293.5624562536377,0.0
2000,3,5.975267706811708e+20,1.0489892280164415e+21,0.0,171012.8719975416,140284.050406985,0.0
2000,4,6.457295263414362e+20,1.112735801175096e+21,0.0,49828.93798328964,231816.54793730058,0.0
2000,5,6.556146600895557e+20,1.1916019201325707e+21,0.0,-100027.46453014841,250638.99948734793,0.0
2000,6,6.249631451749874e+20,1.2648618800963495e+21,0.0,-239239.4008057486,192516.89114430427,0.0
2000,7,5.6157308280040345e+20,1.3133331335208092e+21,0.0,-331362.6202852844,72178.27690708356,0.0
2000,8,4.8194919605968385e+20,1.3236126379143424e+21,0.0,-350865.69349143165,-79055.4424338219,0.0
2000,9,4.0785493069070015e+20,1.292458891364697e+21,0.0,-291573.3859241162,-219793.6516530926,0.0
2000,10,3.5964664044069526e+20,1.228671302724787e+21,0.0,-170273.88204906686,-311349.23633830616,0.0
2000,11,3.4978731943158147e+20,1.1498303060691428e+21,0.0,-20417.048401869382,-330096.43998601247,0.0
2000,12,3.804497536397922e+20,1.0765868150073038e+21,0.0,118777.312470744,-271919.9512947581,0.0
2000,13,4.4387794240138655e+20,1.0281138498508052e+21,0.0,210872.38553387244,-151496.3842556538,0.0
2000,14,3.129427644431511e+20,1.0383578510102293e+21,0.0,77088.42483338302,-236011.9275712824,0.0
2000,15,3.7064355817195464e+20,9.809022612629448e+20,0.0,136585.83773887044,-176579.5096763723,0.0
2000,16,4.443413240591516e+20,9.469519561442584e+20,0.0,171624.34983497983,-100469.81729248611,0.0
2000,17,5.245988551565061e+20,9.40349777045253e+20,0.0,178183.5040954705,-17542.445782167477,0.0
2000,18,6.016580769382877e+20,9.612902238645613e+20,0.0,156173.4524979885,62010.87437563229,0.0
2000,19,6.66690356504766e+20,1.0068605618830545e+21,0.0,108783.90030502179,129078.88499792611,0.0
2000,20,7.124291901774405e+20,1.0717612130895299e+21,0.0,41592.47311573288,176279.26630687015,0.0
2000,21,7.334933541057576e+20,1.14878083892772e+21,0.0,-37998.769424115024,198175.94897283922,0.0
2000,22,7.268703127077016e+20,1.2290876601179662e+21,0.0,-121005.38116824022,191653.4372412894,0.0
2000,23,6.927080885391146e+20,1.302819973683774e+21,0.0,-197325.82755510733,156713.97019827834,0.0
2000,24,6.349638097011056e+20,1.3604105666907666e+21,0.0,-257008.06803676081,97267.1085938738,0.0
2000,25,5.611375095685571e+20,1.3944289972536892e+21,0.0,-292206.43650329235,21012.731327110443,0.0
2000,26,4.808235583972469e+20,1.4010078587283358e+21,0.0,-298822.5008394613,-62023.81962413401,0.0
2000,27,4.038160324173685e+20,1.3800596889827434e+21,0.0,-276834.4355511906,-141580.62198906252,0.0
2000,28,3.3882679075145004e+20,1.3345257085779208e+21,0.0,-229456.11551692808,-208635.11447111587,0.0
2000,29,2.9306092485828746e+20,1.2696025543523602e+21,0.0,-162178.93800549797,-255860.9543791674,0.0
2000,30,2.7198898666951187e+20,1.1924570125758177e+21,0.0,-82382.37451183907,-277738.9707998201,0.0
2000,31,2.7869613390951432e+20,1.1120453972563278e+21,0.0,795.4257083673637,-271086.96798580524,0.0
2000,32,3.8253379334101526e+20,8.869697310621351e+20,0.0,131143.23311717864,-121076.41505126923,0.0
2000,33,4.619422073557801e+20,8.651385183538311e+20,0.0,145593.9140134614,-67943.3245758514,0.0
2000,34,5.43877437638016e+20,8.648693961052033e+20,0.0,145414.76183392399,-13076.782756978993,0.0
2000,35,6.223273712916462e+20,8.857946042261327e+20,0.0,130939.09714759511,39435.67780033586,0.0
2000,36,6.919094843614622e+20,9.259092284757072e+20,0.0,103623.73498727159,85979.36298458856,0.0
2000,37,7.482488006892065e+20,9.820237934606212e+20,0.0,65691.11621647638,123665.98614730814,0.0
2000,38,7.880783490241815e+20,1.0502213254440278e+21,0.0,19792.76914309714,150372.05893284714,0.0
2000,39,8.091605929773286e+20,1.1261752578404756e+21,0.0,-31203.25940097435,164649.62893320774,0.0
2000,40,8.10180220355319e+20,1.2052837930491044e+21,0.0,-84279.30099704427,165625.99585171838,0.0
2000,41,7.907441027561424e+20,1.2826815119435495e+21,0.0,-136240.54066958543,152992.27251122487,0.0
2000,42,7.515511477380338e+20,1.3532688018333077e+21,0.0,-183698.42165592464,127128.4722938444,0.0
2000,43,6.946771854717195e+20,1.4119230315122647e+21,0.0,-223189.7879713895,89328.87257800867,0.0
2000,44,6.237941774802137e+20,1.4539882410915673e+21,0.0,-251512.44406233763,41994.632074394576,0.0
2000,45,5.4408486188196974e+20,1.4759741023499688e+21,0.0,-266234.3599310716,-11392.073690903211,0.0
2000,46,4.6171062117932637e+20,1.4762010561616837e+21,0.0,-266180.1046900226,-66631.88218725569,0.0
2000,47,3.8294214697198544e+20,1.4550621127412472e+21,0.0,-251638.67351714853,-119436.42863000649,0.0
2000,48,3.133058099496285e+20,1.4147486002016955e+21,0.0,-224168.19501713957,-166055.32357708373,0.0
2000,49,2.571089753515038e+20,1.358614913741226e+21,0.0,-186123.5466099605,-203623.40706568636,0.0
2000,50,2.1744335091536583e+20,1.290565964305018e+21,0.0,-140193.57157305634,-230146.19346214153,0.0
2000,51,1.9644725045287233e+20,1.2147631858420196e+21,0.0,-89174.77463018519,-244278.9333858794,0.0
2000,52,1.9549122567571567e+20,1.1356594093332177e+21,0.0,-36003.53344311877,-245147.9494737512,0.0
2000,53,2.150852954613748e+20,1.0581322112474506e+21,0.0,16110.683281985319,-232379.1918364952,0.0
2000,54,2.5454726359126163e+20,9.874380579956138e+20,0.0,63661.828369601404,-206331.37617158954,0.0
2000,55,3.1165409058708285e+20,9.28840361799088e+20,0.0,103070.88806912633,-168384.47933074718,0.0
2000,56,6.081700408002532e+20,1.5416078027407703e+21,0.0,-238925.22077782714,11808.971019740537,0.0
2000,57,5.268764772206084e+20,1.555795466008328e+21,0.0,-245530.03799433398,-27154.27332965925,0.0
2000,58,4.4477517253510765e+20,1.5524633139770341e+21,0.0,-243692.99457668868,-66522.4667660301,0.0
2000,59,3.657641406249248e+20,1.5320166268036653e+21,0.0,-233636.5124533681,-104420.6312480441,0.0
2000,60,2.9340358129164085e+20,1.4957347779616826e+21,0.0,-216000.30430448256,-139149.73403056536,0.0
2000,61,2.3073379149137006e+20,1.4455800656808108e+21,0.0,-191741.55706616925,-169268.83446123428,0.0
2000,62,1.8019181000456572e+20,1.3839878017861789e+21,0.0,-162031.55503921187,-193626.82137769155,0.0
2000,63,1.4361006556324948e+20,1.3136832362608711e+21,0.0,-128170.69899938718,-211355.3968286097,0.0
2000,64,1.2226355463368707e+20,1.237553433274499e+21,0.0,-91533.55418783866,-221841.6990133577,0.0
2000,65,1.169259791157714e+20,1.1585813960398763e+21,0.0,-53545.029621460475,-224700.3131688386,0.0
2000,66,1.2789856138241876e+20,1.079829521955662e+21,0.0,-15679.246282006387,-219761.9586752787,0.0
2000,67,1.5498690639030813e+20,1.0044421051495383e+21,0.0,20535.732741325755,-207090.2725923469,0.0
2000,68,1.9742119416708314e+20,9.356247031394904e+20,0.0,53530.19437798041,-187028.03508470036,0.0
2000,69,2.537421857698589e+20,8.765566115705676e+20,0.0,81745.11644195562,-160259.66944663815,0.0
2000,70,3.2170444627321913e+20,8.302080721728773e+20,0.0,103736.78484941601,-127861.24708431975,0.0
2000,71,3.982659125721258e+20,7.990697145241185e+20,0.0,118322.68157159175,-91301.17703150469,0.0
2000,72,4.7972264263855695e+20,7.84850472912365e+20,0.0,124730.46156822795,-52364.319101821675,0.0
2000,73,5.620009026473472e+20,7.882388812139502e+20,0.0,122698.26741628624,-13000.979650411009,0.0
2000,74,6.410496030923679e+20,8.088221515603e+20,0.0,112487.69354330859,24863.304028690487,0.0
2000,75,7.132207112177463e+20,8.452045552301936e+20,0.0,94805.21549786054,59501.66827069514,0.0
2000,76,7.755212093806656e+20,8.952818590136701e+20,0.0,70664.3227980401,89494.76609994254,0.0
2000,77,8.256773565811164e+20,9.565597312036568e+20,0.0,41240.93160682776,113754.57628565068,0.0
2000,78,8.620403094846384e+20,1.0263940671771573e+21,0.0,7771.328759436207,131479.2903259618,0.0
2000,79,8.834301681921778e+20,1.102085292997407e+21,0.0,-28482.27366538657,142082.05722268228,0.0
2000,80,8.890273764770424e+20,1.1808411813567878e+21,0.0,-66206.99228454746,145141.8998104444,0.0
2000,81,8.78378037097727e+20,1.2596861670525706e+21,0.0,-103990.94205257217,140408.4611445822,0.0
2000,82,8.515134117562707e+20,1.3354125735578339e+21,0.0,-140296.35436031464,127863.00318250243,0.0
2000,83,8.091272733636691e+20,1.4046426043360962e+21,0.0,-173488.8498386868,107810.00049770752,0.0
2000,84,7.527281153745664e+20,1.4640188392992046e+21,0.0,-201933.55667223295,80957.70706911896,0.0
2000,85,6.846911214445022e+20,1.510488117813854e+21,0.0,-224141.03617266018,48447.44473876485,0.0
2000,86,9.049572423919429e+20,9.337819460741628e+20,0.0,24367.562862454477,104287.46755614749,0.0
2000,87,9.39976371638667e+20,1.0088519192897276e+21,0.0,-2967.9084721864097,117452.87578458402,0.0
2000,88,9.609393500224123e+20,1.0889234033256261e+21,0.0,-32124.981228032888,125612.89853899325,0.0
2000,89,9.672778769327159e+20,1.1711734765081714e+21,0.0,-62115.01319536344,128502.4940143237,0.0
2000,90,9.590427742408279e+20,1.25279403686944e+21,0.0,-91929.84314556603,126076.01046396943,0.0
2000,91,9.368397064642649e+20,1.3311491821298888e+21,0.0,-120598.70742513015,118497.9920134638,0.0
2000,92,9.017238480130612e+20,1.403889312489526e+21,0.0,-147236.23581262998,106115.15780665798,0.0
2000,93,8.55076875244652e+20,1.4690122060851247e+21,0.0,-171074.62791056166,89416.10138377699,0.0
2000,94,7.98490186614752e+20,1.52487286402312e+21,0.0,-191477.31760289983,68987.64462733477,0.0
2000,95,7.3367377452438e+20,1.5701537900414776e+21,0.0,-207936.13618720416,45476.52297137061,0.0
2000,96,6.624024174355634e+20,1.603813769257665e+21,0.0,-220057.6542644794,19562.56529959881,0.0
2000,97,5.865018381413013e+20,1.6250356553908657e+21,0.0,-227546.18125017502,-8054.162201991255,0.0
2000,98,5.0786868611404176e+20,1.6331925903595594e+21,0.0,-230190.79332552015,-36653.54022329687,0.0
2000,99,4.285104297153416e+20,1.6278480786320403e+21,0.0,-227862.19206912167,-65487.30416260549,0.0
2000,100,3.505849103870045e+20,1.6087986606402463e+21,0.0,-220522.67188802632,-93769.23503014425,0.0
2000,101,2.7641516614018633e+20,1.5761583679126288e+21,0.0,-208249.29343963534,-120671.35063113099,0.0
2000,102,2.084548727005272e+20,1.5304716239823343e+21,0.0,-191266.62098715053,-145333.80036265225,0.0
2000,103,1.4918605828797963e+20,1.4728270225092987e+21,0.0,-169981.26105089733,-166894.50430660625,0.0
2000,104,1.0094613903122153e+20,1.404932350417418e+21,0.0,-145006.65562808348,-184540.57085939497,0.0
2000,105,6.5705532408610275e+19,1.3291081567378468e+21,0.0,-117164.77329395105,-197576.84829747397,0.0
2000,106,4.4843967484565815e+19,1.248170513662091e+21,0.0,-87453.83717411546,-205498.67503393022,0.0
2000,107,3.899033560530404e+19,1.1652057515610107e+21,0.0,-56979.69834448332,-208049.2415271813,0.0
2000,108,4.79832909347855e+19,1.083282117489262e+21,0.0,-26861.677596419726,-205241.7070601598,0.0
2000,109,7.097292135723245e+19,1.0051755074549948e+21,0.0,1863.8071841618782,-197335.5584847184,0.0
2000,110,1.0663072613129367e+20,9.331879117538444e+20,0.0,28314.43508771598,-184773.5556669748,0.0
2000,111,1.5339285167283028e+20,8.691023762687458e+20,0.0,51789.421818683346,-168101.79185141108,0.0
2000,112,2.09653469401174e+20,8.142637055668115e+20,0.0,71752.91718428626,-147901.42108300983,0.0
2000,113,2.7385426856384958e+20,7.697281512337453e+20,0.0,87790.84807416765,-124752.83595007398,0.0
2000,114,3.444639685390169e+20,7.364086527281632e+20,0.0,99566.46365802415,-99236.53005043011,0.0
2000,115,4.198836928483962e+20,7.151567632069826e+20,0.0,106795.00617145373,-71959.07231156612,0.0
2000,116,4.9833415401492585e+20,7.067552313355588e+20,0.0,109245.30980228647,-43584.91023122628,0.0
2000,117,5.77777101295861e+20,7.118296605965518e+20,0.0,106763.52393231749,-14856.663270495106,0.0
2000,118,6.559043314440759e+20,7.307118642622376e+20,0.0,99307.31033690517,13405.351533809247,0.0
2000,119,7.302034806477752e+20,7.632970326562655e+20,0.0,86978.86731110167,40324.847343325855,0.0
2000,120,7.980892124715457e+20,8.08933314253889e+20,0.0,70049.08562292981,65007.57671585428,0.0
2000,121,8.570752658833218e+20,8.663707702755978e+20,0.0,48969.11404848307,86589.22642554915,0.0
2400,0,3.0843582950646684e+20,1.0348695234823875e+21,0.0,-62849.29550916306,-46849.527147508576,0.0
2400,1,-3.0843582950646684e+20,-1.0348695234823875e+21,0.0,62849.29550916306,46849.527147508576,0.0
2400,2,2.8495797775572782e+20,8.823981874029501e+20,0.0,227031.44125822492,-91617.99551990458,0.0
2400,3,3.649063225661942e+20,8.912425097238128e+20,0.0,210049.0013438806,60140.610511938845,0.0
2400,4,4.2923643371085156e+20,9.387038535781203e+20,0.0,119699.63377029465,182202.83903498162,0.0
2400,5,4.610690918805962e+20,1.0114269702895864e+21,0.0,-18512.07114941121,242633.34987126983,0.0
2400,6,4.5252691636492245e+20,1.0902550202043396e+21,0.0,-168276.83934948634,226560.00524790154,0.0
2400,7,4.0557033019405415e+20,1.1547409727856432e+21,0.0,-290857.1889637198,137582.1515355001,0.0
2400,8,3.32066494428213e+20,1.1872901120132042e+21,0.0,-352743.0331562716,-1924.1520308617605,0.0
2400,9,2.5203439621435317e+20,1.1784545386093887e+21,0.0,-335853.41218227515,-153903.818512751,0.0
2400,10,1.8766704492465642e+20,1.1309470068494927e+21,0.0,-245406.6376958115,-276097.1508392726,0.0
2400,11,1.5585912115770176e+20,1.0582290529172708e+21,0.0,-107125.488921498,-336470.65145138267,0.0
2400,12,1.644223634976197e+20,9.794033899362597e+20,0.0,42699.77969551736,-320296.175878975,0.0
2400,13,2.1143771105593233e+20,9.149035958416768e+20,0.0,165303.30842817182,-231154.88915672543,0.0
2400,14,4.8116925873351845e+20,1.1888787240027417e+21,0.0,-222650.28818062425,131617.60233598747,0.0
2400,15,4.1694204739912676e+20,1.239115809649859e+21,0.0,-274692.58242972643,65444.00675553185,0.0
2400,16,3.3965340950873034e+20,1.2640085372302946e+21,0.0,-300410.06349601754,-14356.987172143572,0.0
2400,17,2.5918329327091627e+20,1.260906770530436e+21,0.0,-297033.5736359841,-97484.88474446084,0.0
2400,18,1.8523373630828007e+20,1.2308426456101e+21,0.0,-265702.4855315905,-173843.84212103335,0.0
2400,19,1.2617551613890055e+20,1.177783936310422e+21,0.0,-210620.82060121794,-234801.08168274604,0.0
2400,20,8.85627733535734e+19,1.1078324413025478e+21,0.0,-138144.5501004005,-273666.27465934766,0.0
2400,21,7.690340278459577e+19,1.0287562011330312e+21,0.0,-56274.02542662874,-285847.8093079154,0.0
2400,22,9.318991871198254e+19,9.496987344577582e+20,0.0,25591.750555359118,-269266.1010356942,0.0
2400,23,1.361114115640201e+20,8.805102055625999e+20,0.0,97257.79995733655,-225173.8714984969,0.0
2400,24,2.0051452079020392e+20,8.302912118989526e+20,0.0,149214.76800578524,-158807.65893785065,0.0
2400,25,2.779318360670266e+20,8.055052714994053e+20,0.0,174687.92503595373,-78927.84201324524,0.0
2400,26,3.5831372710622154e+20,8.087272684645076e+20,0.0,171049.2383154998,4005.8899541016226,0.0
2400,27,4.3200658833243583e+20,8.387585523009694e+20,0.0,139685.9952814887,79992.49171605412,0.0
2400,28,4.908697096408775e+20,8.916347203285899e+20,0.0,84832.20381714178,140693.94647932478,0.0
2400,29,5.284714119498244e+20,9.614432913886839e+20,0.0,12620.86982163234,179577.60805941068,0.0
2400,30,5.402116728755527e+20,1.0405323542112658e+21,0.0,-69128.90267412821,191938.8904493847,0.0
2400,31,5.239932202263411e+20,1.1196666002295099e+21,0.0,-150979.9216287563,175536.84988477326,0.0
2400,32,6.149255042516424e+20,1.0774955794374197e+21,0.0,-92423.05541121992,157587.18896073892,0.0
2400,33,5.923439669318783e+20,1.1565654527776534e+21,0.0,-145588.8062114957,143034.39408202088,0.0
2400,34,5.498383593778347e+20,1.2267997936127983e+21,0.0,-192889.47620907894,115026.60996077872,0.0
2400,35,4.908229465977191e+20,1.2831553367767358e+21,0.0,-230848.90277772446,75776.46232933998,0.0
2400,36,4.1986248625222504e+20,1.3219669954714872e+21,0.0,-256911.82377405808,28355.918227931536,0.0
2400,37,3.420633857880648e+20,1.3410894972410234e+21,0.0,-269591.55700152373,-23737.67896591421,0.0
2400,38,2.6258289705500102e+20,1.339767028846647e+21,0.0,-268401.3531179878,-76962.07953971368,0.0
2400,39,1.8635715476912452e+20,1.3183861659224866e+21,0.0,-253672.3399440142,-127958.99529819365,0.0
2400,40,1.1802454642749766e+20,1.2782791647290975e+21,0.0,-226385.28915017156,-173628.8154441146,0.0
2400,41,6.192343155886197e+19,1.2216809602748643e+21,0.0,-188102.66659397123,-211127.35128399017,0.0
2400,42,2.2004501271027347e+19,1.1518354569856658e+21,0.0,-141012.68083223782,-237893.8079463574,0.0
2400,43,1.5339707789258138e+18,1.0731296380357386e+21,0.0,-88017.95386323833,-251801.78890321686,0.0
2400,44,2.581152210888635e+18,9.91053055022378e+20,0.0,-32741.916835602624,-251459.0034082514,0.0
2400,45,2.545734465169234e+19,9.118002881330336e+20,0.0,20681.156491379,-236574.97264041417,0.0
2400,46,6.8406967252358365e+19,8.415026867929772e+20,0.0,68081.81095765383,-208211.9130944862,0.0
2400,47,1.2780454282915994e+20,7.85334596967368e+20,0.0,105873.9884570889,-168723.34154370363,0.0
2400,48,1.9883621060116257e+20,7.468892330096774e+20,0.0,131546.70459571423,-121338.6346370809,0.0
2400,49,2.7632572943736367e+20,7.280796666608127e+20,0.0,143800.68295026306,-69589.31077304491,0.0
2400,50,3.552929897072987e+20,7.294689628852782e+20,0.0,142342.43071160643,-16875.579522741384,0.0
2400,51,4.310807442171649e+20,7.506760155659378e+20,0.0,127571.12253650972,33670.742575471326,0.0
2400,52,4.992168866951798e+20,7.905440452514173e+20,0.0,100399.93541932102,79110.65580223384,0.0
2400,53,5.5532671309469365e+20,8.470093705234351e+20,0.0,62285.25234662172,116615.55272765519,0.0
2400,54,5.95317673243228e+20,9.16845324816539e+20,0.0,15370.315515169026,143537.12293009972,0.0
2400,55,6.158502437078334e+20,9.955403379941299e+20,0.0,-37414.37450878663,157663.9500335951,0.0
2400,56,-5.7198651359785255e+19,1.1657261081259263e+21,0.0,-124148.89411291428,-219717.35682975256,0.0
2400,57,-7.567155985556296e+19,1.0853456491336477e+21,0.0,-85488.61425483364,-229320.55502006196,0.0
2400,58,-7.647683498243293e+19,1.0027547047604224e+21,0.0,-45623.59458131542,-230636.69034423924,0.0
2400,59,-5.972196564834825e+19,9.219950352289164e+20,0.0,-6508.490678806896,-223552.27768929416,0.0
2400,60,-2.6515196061245534e+19,8.468686843069575e+20,0.0,29920.792054600068,-208447.67786714697,0.0
2400,61,2.1206975409267896e+19,7.806777663050285e+20,0.0,61906.40856295839,-186168.54934750887,0.0
2400,62,8.09227866561374e+19,7.26067443274351e+20,0.0,88009.5514836274,-157935.60799722187,0.0
2400,63,1.4978035965251027e+20,6.849846871923685e+20,0.0,107200.98785650256,-125208.105486866,0.0
2400,64,2.2480820333301937e+20,6.587345426118144e+20,0.0,118879.42445157896,-89534.45683278149,0.0
2400,65,3.030416274497764e+20,6.480896006135057e+20,0.0,122819.47905104593,-52430.60606488016,0.0
2400,66,3.815550410080726e+20,6.533953451063489e+20,0.0,119077.4102196792,-15316.361558620856,0.0
2400,67,4.574234491353688e+20,6.746182693664171e+20,0.0,107897.96098487763,20483.768266899453,0.0
2400,68,5.2766444506875586e+20,7.113045234696145e+20,0.0,89662.5329148942,53694.30138965221,0.0
2400,69,5.8922691856895685e+20,7.624505778508486e+20,0.0,64900.6432614127,83033.94934809211,0.0
2400,70,6.390880453277028e+20,8.263285535535134e+20,0.0,34360.81628720034,107195.32102046744,0.0
2400,71,6.744895598981026e+20,9.0034785573911e+20,0.0,-890.3515905944812,124895.43334331675,0.0
2400,72,6.93286163454478e+20,9.810534050749692e+20,0.0,-39395.26492034398,135010.58587715606,0.0
2400,73,6.943076261947816e+20,1.0643352316207948e+21,0.0,-79319.83406776117,136769.9591373504,0.0
2400,74,6.775901680674676e+20,1.1458433328949629e+21,0.0,-118592.08850644522,129938.90196551407,0.0
2400,75,6.443586454526469e+20,1.2214934168328552e+21,0.0,-155142.9220846253,114904.88735069532,0.0
2400,76,5.967495872736802e+20,1.287882423751889e+21,0.0,-187163.70346265406,92614.09765207375,0.0
2400,77,5.3739798847847163e+20,1.3424686869435793e+21,0.0,-213277.38823560567,64384.36939600088,0.0
2400,78,4.690740838332723e+20,1.383498098210723e+21,0.0,-232569.29515327595,31686.187904822695,0.0
2400,79,3.945049122333853e+20,1.4097873636640372e+21,0.0,-244504.6996363833,-4013.240982156506,0.0
2400,80,3.163947034780849e+20,1.4205234977356338e+21,0.0,-248811.51806283533,-41302.77056757269,0.0
2400,81,2.3755442607263007e+20,1.4151925196760655e+21,0.0,-245400.38329359834,-78800.99172497394,0.0
2400,82,1.6101634217117663e+20,1.3936602106208783e+21,0.0,-234352.27931119376,-115106.51907718526,0.0
2400,83,9.003934221209398e+19,1.356350901513249e+21,0.0,-215961.76949388484,-148774.31740573508,0.0
2400,84,2.7971114638437913e+19,1.3044345995529426e+21,0.0,-190802.2930681518,-178341.85837818673,0.0
2400,85,-2.2008303347431883e+19,1.239937911370837e+21,0.0,-159779.43014839388,-202403.62676439318,0.0
2400,86,6.861902680210259e+20,1.299543868634034e+21,0.0,-162262.72898082732,91632.47925992911,0.0
2400,87,6.307750666153133e+20,1.3638438176269318e+21,0.0,-185756.3465398965,71949.7862409707,0.0
2400,88,5.6506240530829135e+20,1.4170531046712756e+21,0.0,-205082.66871505717,48322.53276387856,0.0
2400,89,4.9157644755611976e+20,1.4574541854489235e+21,0.0,-219576.0140877585,21727.30801836184,0.0
2400,90,4.1304735173406746e+20,1.483994862443814e+21,0.0,-228851.79348485146,-6770.352067121372,0.0
2400,91,3.322079463927685e+20,1.496262424476041e+21,0.0,-232793.92953121228,-36112.13341943281,0.0
2400,92,2.516362662608053e+20,1.4943923046702378e+21,0.0,-231508.97640004073,-65319.88448924474,0.0
2400,93,1.736602916288202e+20,1.478942637797868e+21,0.0,-225264.33156534267,-93536.64635622592,0.0
2400,94,1.0032495412613725e+20,1.450765771708918e+21,0.0,-214427.02468390937,-120036.83879410297,0.0
2400,95,3.3409734099783184e+19,1.4109012546271374e+21,0.0,-199414.7964883251,-144212.81967589588,0.0
2400,96,-2.552127504758355e+19,1.360506059751979e+21,0.0,-180665.71521403952,-165547.30991894778,0.0
2400,97,-7.505748228438295e+19,1.3008293737356657e+21,0.0,-158628.30171240325,-183580.97853760966,0.0
2400,98,-1.1388915082209881e+20,1.2332318218173877e+21,0.0,-133771.37795805064,-197883.48255711864,0.0
2400,99,-1.4078436842105281e+20,1.1592417985599147e+21,0.0,-106610.9030848986,-208035.52752643317,0.0
2400,100,-1.546138371813207e+20,1.0806334527588256e+21,0.0,-77748.77252586924,-213629.2143419719,0.0
2400,101,-1.5443600577108935e+20,9.995014258601723e+20,0.0,-47914.89964812824,-214293.2246120207,0.0
2400,102,-1.396429679167805e+20,9.182983850872688e+20,0.0,-17998.645322250486,-209746.4672367421,0.0
2400,103,-1.1014712295786332e+20,8.397976928673105e+20,0.0,10949.56608662995,-199876.4398208114,0.0
2400,104,-6.656247073570346e+19,7.669528700149191e+20,0.0,37766.29598382892,-184825.90126051859,0.0
2400,105,-1.0313314826119145e+19,7.026539136024948e+20,0.0,61282.21147940982,-165057.2399873525,0.0
2400,106,5.639524244531636e+19,6.494243981215958e+20,0.0,80472.7347833606,-141358.4725417144,0.0
2400,107,1.3077270954786805e+20,6.09143279074482e+20,0.0,94606.0669955288,-114769.91649987735,0.0
2400,108,2.0976595676972086e+20,5.8288334377089145e+20,0.0,103329.09453369708,-86445.76047175929,0.0
2400,109,2.9041116220776576e+20,5.709197039726403e+20,0.0,106654.68478406256,-57498.969220739295,0.0
2400,110,3.701030881750967e+20,5.728935262007658e+20,0.0,104862.70601653027,-28885.18079771869,0.0
2400,111,4.4671086255572386e+20,5.880570765108101e+20,0.0,98365.65520209473,-1357.353575553193,0.0
2400,112,5.185367898243811e+20,6.155061600740134e+20,0.0,87593.43590090437,24511.489766760977,0.0
2400,113,5.8417009030372046e+20,6.543271998348988e+20,0.0,72928.78873173612,48263.163860913286,0.0
2400,114,6.423106982305626e+20,7.036291106536675e+20,0.0,54698.13403961275,69478.26124824527,0.0
2400,115,6.916314378597895e+20,7.624722527400991e+20,0.0,33205.84138357305,87714.6604031182,0.0
2400,116,7.307228628946222e+20,8.297347560143507e+20,0.0,8793.752247956023,102476.45782547553,0.0
2400,117,7.58136243547425e+20,9.039677465791655e+20,0.0,-18092.58019701317,113220.13735548372,0.0
2400,118,7.725141284728441e+20,9.832887681426589e+20,0.0,-46848.0117962192,119397.3967210716,0.0
2400,119,7.727776905055808e+20,1.0653511344034675e+21,0.0,-76677.51169062308,120527.44748291439,0.0
2400,120,7.58326980165307e+20,1.1474088733970567e+21,0.0,-106603.48224051042,116284.91069831536,0.0
2400,121,7.292059021650341e+20,1.2264745202160155e+21,0.0,-135516.2439335952,106583.40967699238,0.0
2800,0,1.0631903669278332e+20,8.712757786304471e+20,0.0,-65098.463983352165,-57637.53470984293,0.0
2800,1,-1.0631903669278332e+20,-8.712757786304471e+20,0.0,65098.463983352165,57637.53470984293,0.0
2800,2,4.028011929496877e+19,7.318974390497492e+20,0.0,200133.41196509582,-183183.16273496774,0.0
2800,3,1.196090200815767e+20,7.175814934492227e+20,0.0,227219.51404290774,-32734.709675332982,0.0
2800,4,1.948758676354972e+20,7.447774174232576e+20,0.0,175196.48664443786,109918.42304119261,0.0
2800,5,2.460823616620941e+20,8.053304869796141e+20,0.0,59937.86568357625,206874.03858621046,0.0
2800,6,2.603889660835677e+20,8.831491082452068e+20,0.0,-87898.00733433633,234086.3372083077,0.0
2800,7,2.3385059138507293e+20,9.582857735262335e+20,0.0,-230703.17831716622,184084.5385902368,0.0
2800,8,1.7263867565686292e+20,1.010525305071136e+21,0.0,-330150.85603132314,68205.23866272724,0.0
2800,9,9.323503395794846e+19,1.02491642774467e+21,0.0,-357528.86810261814,-82447.60673596725,0.0
2800,10,1.7890109100847045e+19,9.97699408533479e+20,0.0,-305564.3756390743,-225404.14588784694,0.0
2800,11,-3.3323557008718e+19,9.37121989029104e+20,0.0,-190197.4691938097,-322455.0837166723,0.0
2800,12,-4.761902773090446e+19,8.592604752349503e+20,0.0,-42136.08216065404,-349569.84455376456,0.0
2800,13,-2.099901536345319e+19,7.840731718567234e+20,0.0,100852.20564349098,-299268.74889458064,0.0
2800,14,-4.6723692789652275e+19,6.980074064521145e+20,0.0,115252.84696553278,-215854.1985163693,0.0
2800,15,2.354161977450111e+19,6.556102547973041e+20,0.0,159268.41659706077,-143772.64557807456,0.0
2800,16,1.0367562084932051e+20,6.400930901693668e+20,0.0,175005.8903949017,-61378.21820620033,0.0
2800,17,1.833051473024902e+20,6.527511745542926e+20,0.0,161206.38730605599,20411.3447568341,0.0
2800,18,2.5294702980101685e+20,6.911572483982662e+20,0.0,120765.5561632946,91766.26409990291,0.0
2800,19,3.0503828325983296e+20,7.503051442637599e+20,0.0,59200.43382084468,145109.72852227688,0.0
2800,20,3.340711055210488e+20,8.235760979785528e+20,0.0,-16613.143323699776,175067.2556868687,0.0
2800,21,3.36517199845124e+20,9.030871053729374e+20,0.0,-98774.84675837126,178115.388785398,0.0
2800,22,3.112260652646528e+20,9.797463364717195e+20,0.0,-178165.49891087657,152861.19164771034,0.0
2800,23,2.6035407127475942e+20,1.0438162149939911e+21,0.0,-244753.82180329054,101129.94417807419,0.0
2800,24,1.9002666897275906e+20,1.0865203948315523e+21,0.0,-289204.1578252422,28966.625493427615,0.0
2800,25,1.0966460841732745e+20,1.1021808676327926e+21,0.0,-305337.6389041817,-53843.21947872616,0.0
2800,26,2.9871612303982846e+19,1.0894788381254049e+21,0.0,-291741.60125602054,-136075.71240582547,0.0
2800,27,-3.981253933762473e+19,1.0509918737594523e+21,0.0,-251324.2212345204,-207707.30991762693,0.0
2800,28,-9.19334470431317e+19,9.917644949322304e+20,0.0,-189596.7873457974,-261146.41913733532,0.0
2800,29,-1.2099446938797764e+20,9.183257498511209e+20,0.0,-113406.71360380815,-291000.2144195437,0.0
2800,30,-1.2333647687519248e+20,8.385909482581843e+20,0.0,-30788.150591187085,-293689.96850768826,0.0
2800,31,-9.778943582371212e+19,7.618664678430504e+20,0.0,48836.97082534353,-267926.1987140876,0.0
2800,32,-9.120230114383189e+19,1.1099636509644591e+21,0.0,-225325.00213332806,-187744.56047378632,0.0
2800,33,-1.4719197091727884e+20,1.0500890321840882e+21,0.0,-184721.55364867204,-224993.88392390343,0.0
2800,34,-1.850539454316348e+20,9.779059407299079e+20,0.0,-135983.53224855821,-250406.20060218676,0.0
2800,35,-2.0237087064358378e+20,8.988721213590678e+20,0.0,-82653.98980386405,-262418.03289363655,0.0
2800,36,-1.984361566026316e+20,8.186505477020924e+20,0.0,-28429.11612893402,-260483.09118455253,0.0
2800,37,-1.740464739931769e+20,7.425957510149706e+20,0.0,23098.286740016556,-244973.0925298476,0.0
2800,38,-1.3118087942328607e+20,6.754562813159554e+20,0.0,68606.2569430978,-217051.3360363272,0.0
2800,39,-7.271204925748261e+19,6.212728223174297e+20,0.0,105159.12232833971,-178565.45042351895,0.0
2800,40,-2.2390144506120369e+18,5.833753385806041e+20,0.0,130322.39117967802,-131968.92219850092,0.0
2800,41,7.595677628573709e+19,5.6435217853493517e+20,0.0,142312.8154478546,-80245.46403027563,0.0
2800,42,1.5691933320921186e+20,5.658898345648115e+20,0.0,140173.8097673505,-26793.38080115276,0.0
2800,43,2.3513155301464113e+20,5.8846351441517504e+20,0.0,123921.77789723151,24757.78176486276,0.0
2800,44,3.048618584441872e+20,6.309757093147021e+20,0.0,94609.8881756131,70795.61846645863,0.0
2800,45,3.6077287466061273e+20,6.905435624118544e+20,0.0,54291.79807264425,108021.46452189013,0.0
2800,46,3.986561299168006e+20,7.626481064912185e+20,0.0,5878.32844244821,133771.38463200614,0.0
2800,47,4.1601105168038966e+20,8.417139625379251e+20,0.0,-47132.06412160886,146300.42044251773,0.0
2800,48,4.121994325413175e+20,9.219301784607027e+20,0.0,-101027.84326859872,144925.56551083305,0.0
2800,49,3.881384946067308e+20,9.979452924917518e+20,0.0,-152249.24414906494,129960.89262635184,0.0
2800,50,3.4579166436157286e+20,1.0651599004812353e+21,0.0,-197601.2717227621,102511.49727420238,0.0
2800,51,2.8781411056744504e+20,1.1196478014347772e+21,0.0,-234286.7536763602,64294.443327455345,0.0
2800,52,2.175246935859174e+20,1.1579960667517953e+21,0.0,-259888.1637070559,17601.905158617858,0.0
2800,53,1.3908312125644335e+20,1.17736174419085e+21,0.0,-272464.07863123715,-34642.52384239799,0.0
2800,54,5.758482777586009e+19,1.1758317099879586e+21,0.0,-270806.95096162095,-88900.09002122247,0.0
2800,55,-2.116097448716297e+19,1.1529254824609077e+21,0.0,-254747.32208286057,-141238.1653085842,0.0
2800,56,-4.024203345711655e+19,5.1792910602914877e+20,0.0,109187.31574551151,-130697.94391286637,0.0
2800,57,4.146283818206406e+19,4.931887979780438e+20,0.0,120175.07937975046,-92599.85821139289,0.0
2800,58,1.2549336419427854e+20,4.861440885242659e+20,0.0,122045.2457807332,-53392.2449004036,0.0
2800,59,2.075065947317707e+20,4.9659654202743954e+20,0.0,115215.98563178336,-15191.462390763798,0.0
2800,60,2.8372938427459745e+20,5.233246604453015e+20,0.0,100660.42692861978,20276.296340828652,0.0
2800,61,3.511544069633816e+20,5.644269458655605e+20,0.0,79584.64987439608,51732.89189815406,0.0
2800,62,4.075285280432e+20,6.176510738951748e+20,0.0,53194.531447548274,78274.0750702601,0.0
2800,63,4.512118271865291e+20,6.806316927247058e+20,0.0,22590.958621033602,99243.6970770775,0.0
2800,64,4.809901391767293e+20,7.510040525294678e+20,0.0,-11231.739297305221,114111.4286947821,0.0
2800,65,4.959107684503122e+20,8.263930660358232e+20,0.0,-47319.493039147295,122383.0273408005,0.0
2800,66,4.951983972079362e+20,9.043034636296644e+20,0.0,-84651.20335095603,123562.90976434236,0.0
2800,67,4.782945421304725e+20,9.819631643396469e+20,0.0,-122016.97411523903,117188.60178013997,0.0
2800,68,4.45039176570632e+20,1.0561986143371082e+21,0.0,-157921.43976692096,102951.10575472865,0.0
2800,69,3.9596830367424256e+20,1.1234374395430348e+21,0.0,-190568.3917472551,80891.95265134147,0.0
2800,70,3.326380984365245e+20,1.1799200025112733e+21,0.0,-217982.299915466,51623.84420530094,0.0
2800,71,2.5782874144146955e+20,1.22213686002814e+21,0.0,-238281.74180627184,16475.65959997214,0.0
2800,72,1.754757144404004e+20,1.247397817421622e+21,0.0,-250038.9478752203,-22544.421358304382,0.0
2800,73,9.026240129518879e+19,1.254331879520356e+21,0.0,-252583.82919838425,-63007.661624285356,0.0
2800,74,6.967232040419033e+18,1.2430981114395744e+21,0.0,-246108.79420599647,-102468.2285966036,0.0
2800,75,-7.020031421300947e+19,1.2151999097650154e+21,0.0,-231524.7291991789,-138848.29605178052,0.0
2800,76,-1.380214514306717e+20,1.1729869849533381e+21,0.0,-210146.6756445188,-170654.97326343434,0.0
2800,77,-1.9431950249588448e+20,1.119077707470764e+21,0.0,-183359.56529941267,-196976.6990760652,0.0
2800,78,-2.3769913545270998e+20,1.0559467423800388e+21,0.0,-152395.12990289717,-217312.82792306622,0.0
2800,79,-2.6716236005755607e+20,9.858085476832265e+20,0.0,-118276.0921994715,-231344.26669215798,0.0
2800,80,-2.8180770792235844e+20,9.107734486615492e+20,0.0,-81908.79944278618,-238747.69916849464,0.0
2800,81,-2.8074621494402764e+20,8.331438428308317e+20,0.0,-44261.69260345901,-239118.64577330847,0.0
2800,82,-2.632630212592441e+20,7.556837196458316e+20,0.0,-6553.082097931295,-232027.2990610568,0.0
2800,83,-2.2915997770373182e+20,6.817205203538214e+20,0.0,29628.19815883462,-217195.2473149376,0.0
2800,84,-1.7914893658312147e+20,6.150007261893233e+20,0.0,62339.76096034622,-194744.13760949514,0.0
2800,85,-1.151343063321704e+20,5.593056964537206e+20,0.0,89486.80691238107,-165423.80910887546,0.0
2800,86,8.970502662244631e+18,1.326089195704406e+21,0.0,-231926.22635183725,-88333.26089705068,0.0
2800,87,-7.130018154830945e+19,1.3033004105997366e+21,0.0,-222575.9946517462,-116959.03536626318,0.0
2800,88,-1.4536883044539535e+20,1.266748046952892e+21,0.0,-208381.55767549967,-143377.80738300623,0.0
2800,89,-2.108561392061794e+20,1.2179823727946828e+21,0.0,-189938.35716216548,-166829.66354716287,0.0
2800,90,-2.658550899806327e+20,1.1589236923858033e+21,0.0,-167922.89899773605,-186719.37174074026,0.0
2800,91,-3.0895347755414055e+20,1.0917097069010227e+21,0.0,-143049.3374498621,-202601.05387390597,0.0
2800,92,-3.3920763584845795e+20,1.018564025688892e+21,0.0,-116042.73597793958,-214155.1575280342,0.0
2800,93,-3.560847107183518e+20,9.416985355511507e+20,0.0,-87627.70942609302,-221165.1474855582,0.0
2800,94,-3.593919884150806e+20,8.632546589222858e+20,0.0,-58529.71535799895,-223499.036468476,0.0
2800,95,-3.492109811257845e+20,7.852820432659271e+20,0.0,-29485.760778145817,-221099.48934866363,0.0
2800,96,-3.2585186780280626e+20,7.097475415977694e+20,0.0,-1260.3529482411952,-213985.58881120762,0.0
2800,97,-2.8984020465607895e+20,6.385620848788097e+20,0.0,25339.793387328675,-202268.364878845,0.0
2800,98,-2.419415128594411e+20,5.73608483051297e+20,0.0,49462.45970624622,-186179.23710063577,0.0
2800,99,-1.8321930876617893e+20,5.167507263443188e+20,0.0,70231.41530559713,-166104.31450096596,0.0
2800,100,-1.151086939943883e+20,4.6980737043381656e+20,0.0,86804.38446319306,-142609.2123032633,0.0
2800,101,-3.947467472886768e+19,4.3447983426636494e+20,0.0,98466.8924539602,-116434.78907600685,0.0
2800,102,4.137996439400659e+19,4.122392678376808e+20,0.0,104737.9284181471,-88453.1759545277,0.0
2800,103,1.2478060596042945e+20,4.041874512121788e+20,0.0,105442.41720043372,-59596.536530702215,0.0
2800,104,2.0781882618435335e+20,4.1091383638309994e+20,0.0,100711.8400236974,-30789.953200436907,0.0
2800,105,2.8753834353092624e+20,4.323753452363866e+20,0.0,90915.37237912054,-2912.6813885701467,0.0
2800,106,3.611383256892139e+20,4.678317222669579e+20,0.0,76566.41233900786,23215.033249372693,0.0
2800,107,4.2616663288491154e+20,5.1587014777423194e+20,0.0,58251.91564166757,46839.77226622612,0.0
2800,108,4.806734927795853e+20,5.745355618660672e+20,0.0,36598.36729592401,67291.70413019361,0.0
2800,109,5.2329101555754926e+20,6.415466672938151e+20,0.0,12258.17602478361,84007.97687615067,0.0
2800,110,5.5321339991255836e+20,7.145390308143573e+20,0.0,-14102.579259103688,96549.59961695991,0.0
2800,111,5.7008418754984785e+20,7.912599999962489e+20,0.0,-41818.687399867915,104600.27260609252,0.0
2800,112,5.738354596750946e+20,8.696582551195531e+20,0.0,-70232.629778379,107947.10197537337,0.0
2800,113,5.6454502962160625e+20,9.478556409750541e+20,0.0,-98683.34093050029,106456.29206073034,0.0
2800,114,5.4236862026688836e+20,1.0240370372006056e+21,0.0,-126477.91929128907,100062.85680673226,0.0
2800,115,5.075711268154008e+20,1.0963230657292118e+21,0.0,-152861.08563069097,88788.03958844715,0.0
2800,116,4.606415506388146e+20,1.1626914878159456e+21,0.0,-177004.0955546383,72784.16369226975,0.0
2800,117,4.024457447474974e+20,1.2209908351324974e+21,0.0,-198030.50071823347,52391.08912755224,0.0
2800,118,3.343583539158437e+20,1.2690552722200687e+21,0.0,-215082.10901356104,28178.96845764484,0.0
2800,119,2.5832236017286234e+20,1.3048949638280407e+21,0.0,-227410.8755842043,953.7928687634175,0.0
2800,120,1.768081695256047e+20,1.32691211545501e+21,0.0,-234469.85204689382,-28284.51170034556,0.0
2800,121,9.267567776361713e+19,1.3340867699361427e+21,0.0,-235975.61268324545,-58423.04457912407,0.0
3200,0,-1.000131377195773e+20,6.639160668441503e+20,0.0,-64849.66554821095,-75350.22909936898,0.0
3200,1,1.000131377195773e+20,-6.639160668441503e+20,0.0,64849.66554821095,75350.22909936898,0.0
3200,2,-2.0361739157732832e+20,5.495417974481654e+20,0.0,152887.5353611366,-271518.707212866,0.0
3200,3,-1.3155385086776222e+20,5.13031995043843e+20,0.0,222761.67378420528,-135244.7659999618,0.0
3200,4,-5.138994457746279e+19,5.175201861365411e+20,0.0,214067.49091047875,16368.26210158682,0.0
3200,5,1.5172824678342865e+19,5.607889737321961e+20,0.0,131271.09069628394,141815.01239666482,0.0
3200,6,5.130762137758427e+19,6.309859652211642e+20,0.0,-2322.499428780801,209672.20023330903,0.0
3200,7,4.7649090038725345e+19,7.10337738676384e+20,0.0,-153060.2226885596,202943.31909589958,0.0
3200,8,4.1477668359211556e+18,7.779501308062948e+20,0.0,-281906.7227053162,121259.74133541329,0.0
3200,9,-6.790812849420339e+19,8.14666000176745e+20,0.0,-352289.42774899123,-14879.759576751749,0.0
3200,10,-1.4816388951350546e+20,8.102856385835822e+20,0.0,-344054.83031609934,-166943.5152123442,0.0
3200,11,-2.148148084653553e+20,7.670003151814441e+20,0.0,-261361.47686004115,-292985.8014141574,0.0
3200,12,-2.510215380207216e+20,6.966486370762192e+20,0.0,-127320.74119494314,-361113.2250026516,0.0
3200,13,-2.4728287166997158e+20,6.171076175196134e+20,0.0,24028.30740341596,-353924.5172324816,0.0
3200,14,3.4663662396496904e+19,8.519322461692215e+20,0.0,-261386.05159461484,62026.03548245484,0.0
3200,15,-4.042982569388652e+19,8.866005433436905e+20,0.0,-298068.74316880485,-14523.050365404662,0.0
3200,16,-1.2249743008912327e+20,8.93199092797126e+20,0.0,-305016.4692550259,-98700.481710652,0.0
3200,17,-2.0081047980632287e+20,8.715754639351994e+20,0.0,-282047.40039051673,-178929.07521131792,0.0
3200,18,-2.6605199500200116e+20,8.253740433042499e+20,0.0,-233382.81260760836,-245342.83950447352,0.0
3200,19,-3.112668254849668e+20,7.606122533595791e+20,0.0,-165708.01954645876,-291000.2796552743,0.0
3200,20,-3.318069266399699e+20,6.845753496236803e+20,0.0,-86648.6216859645,-311603.8336397132,0.0
3200,21,-3.2510104638607865e+20,6.054624018273627e+20,0.0,-4383.97640986847,-304856.45201216347,0.0
3200,22,-2.909905752356978e+20,5.323653345759294e+20,0.0,72041.74805412996,-270519.1544421915,0.0
3200,23,-2.3266397497774414e+20,4.7470270862849357e+20,0.0,132823.36236131066,-211443.00565575383,0.0
3200,24,-1.57297379730692e+20,4.405391509800959e+20,0.0,168973.84612837358,-134695.36283244702,0.0
3200,25,-7.517849670314395e+19,4.343877505788593e+20,0.0,175164.61859516485,-51032.275895379535,0.0
3200,26,2.777324221499213e+18,4.5612501542798334e+20,0.0,151617.28766161334,27974.291622109544,0.0
3200,27,6.746012110200535e+19,5.01897998062075e+20,0.0,103088.22807434615,93061.91000149693,0.0
3200,28,1.123448158225297e+20,5.65904722082922e+20,0.0,36226.01681882515,138135.85485989906,0.0
3200,29,1.3295779762086565e+20,6.413663667476696e+20,0.0,-41954.778927226005,159218.7457484719,0.0
3200,30,1.2653836131056992e+20,7.203963799745367e+20,0.0,-123801.55247881233,153598.08522690996,0.0
3200,31,9.27126020764444e+19,7.93805868881458e+20,0.0,-200289.95928104786,120376.16196413641,0.0
3200,32,-2.029693263042738e+20,3.764953447270254e+20,0.0,134808.52967026504,-145025.02395025006,0.0
3200,33,-1.1949003307090426e+20,3.587502055552291e+20,0.0,146524.67106431446,-91002.33294759797,0.0
3200,34,-3.5401096127713812e+19,3.629048337454832e+20,0.0,142064.3412029765,-36966.41521868985,0.0
3200,35,4.275398168130045e+19,3.8771053656728404e+20,0.0,122931.0529151161,12684.48771676627,0.0
3200,36,1.0981917266281937e+20,4.303559590279034e+20,0.0,91957.42115997571,54967.96903743944,0.0
3200,37,1.6221447094979805e+20,4.87300876350364e+20,0.0,52146.36369929166,88169.7335955811,0.0
3200,38,1.9760143713257472e+20,5.548311173285842e+20,0.0,6069.926571747994,111259.53016026209,0.0
3200,39,2.1441049761266608e+20,6.292217990975256e+20,0.0,-44112.14633258073,123373.38512318517,0.0
3200,40,2.115304167958515e+20,7.065791131192807e+20,0.0,-96283.73994839021,123563.98666221784,0.0
3200,41,1.88333985112708e+20,7.825266947284158e+20,0.0,-147900.259915082,110877.5222816515,0.0
3200,42,1.4509216967969243e+20,8.519886949532044e+20,0.0,-195634.2757382208,84788.3428004263,0.0
3200,43,8.364575690966612e+19,9.093702908730271e+20,0.0,-235413.42278026388,45915.019728039755,0.0
3200,44,7.961134904755599e+18,9.49324925633703e+20,0.0,-263077.04767985194,-3318.166780491718,0.0
3200,45,-7.59250896684931e+19,9.679437532278299e+20,0.0,-275525.04620250355,-58615.38440394642,0.0
3200,46,-1.6081649999005476e+20,9.63784241680998e+20,0.0,-271728.65046101285,-114640.62978734961,0.0
3200,47,-2.39783809925535e+20,9.380991406997611e+20,0.0,-252902.92134454774,-166364.08927016685,0.0
3200,48,-3.073536749916368e+20,8.941259582429659e+20,0.0,-221757.17530073939,-210099.85077381827,0.0
3200,49,-3.598882535567355e+20,8.359384788819757e+20,0.0,-181417.51886563606,-243722.61830755335,0.0
3200,50,-3.95183567160129e+20,7.675678706451272e+20,0.0,-134688.174053639,-266205.01948675665,0.0
3200,51,-4.11783880404292e+20,6.927798679289675e+20,0.0,-83912.95474019692,-276961.57712909154,0.0
3200,52,-4.0855631930031355e+20,6.154088808989672e+20,0.0,-31307.626573629765,-275416.486467644,0.0
3200,53,-3.848043058061204e+20,5.398451449015032e+20,0.0,20528.903657967137,-260992.30797784252,0.0
3200,54,-3.4085882903794844e+20,4.712348178514021e+20,0.0,68232.12084303636,-233529.48640531398,0.0
3200,55,-2.7881830062226463e+20,4.151149679960542e+20,0.0,107708.9423651113,-193983.0726468405,0.0
3200,56,2.5696300391643228e+20,4.748892095641321e+20,0.0,20468.728030184695,75148.69514126553,0.0
3200,57,2.857788995932991e+20,5.4965386812992586e+20,0.0,-15868.427612714528,90571.56953096269,0.0
3200,58,2.973785299647119e+20,6.300177112225819e+20,0.0,-54633.06803250969,99166.86661645553,0.0
3200,59,2.9119136942912206e+20,7.119641300095051e+20,0.0,-94348.76701000241,100061.64528838094,0.0
3200,60,2.6764992272224767e+20,7.913731813192987e+20,0.0,-133251.1929581794,92772.46033256968,0.0
3200,61,2.2813098958818342e+20,8.644010610572606e+20,0.0,-169415.6302875731,77365.98042987268,0.0
3200,62,1.74763436472217e+20,9.277754186127046e+20,0.0,-200968.31064521294,54511.91356285305,0.0
3200,63,1.1016451065037975e+20,9.789439325981442e+20,0.0,-226302.3747649624,25411.929096929296,0.0
3200,64,3.719217990850748e+19,1.0160711169509407e+21,0.0,-244227.09206816912,-8361.30283307276,0.0
3200,65,-4.121561529717976e+19,1.0379340698353657e+21,0.0,-254020.65562960546,-45051.322913640535,0.0
3200,66,-1.2208975700780751e+20,1.0437968239344398e+21,0.0,-255403.1552396676,-82874.79572914858,0.0
3200,67,-2.0239199294258096e+20,1.0333376390448596e+21,0.0,-248470.15094341492,-120122.44783613185,0.0
3200,68,-2.7895073379113088e+20,1.0066731624701061e+21,0.0,-233624.4203057404,-155208.3176975861,0.0
3200,69,-3.484446142006777e+20,9.644815178682977e+20,0.0,-211527.65859170133,-186686.91655736382,0.0
3200,70,-4.074994516703097e+20,9.081822958613867e+20,0.0,-183078.5234141315,-213260.77434607982,0.0
3200,71,-4.529325801928585e+20,8.400918893571435e+20,0.0,-149411.54754510743,-233798.5095124096,0.0
3200,72,-4.8212135040684727e+20,7.634507917619636e+20,0.0,-111900.47884440781,-247377.67793085694,0.0
3200,73,-4.9339935442773154e+20,6.822381573990997e+20,0.0,-72140.97852188152,-253353.5234757956,0.0
3200,74,-4.8632976414256844e+20,6.007652104145176e+20,0.0,-31890.149131941376,-251434.52358133352,0.0
3200,75,-4.617216550025939e+20,5.2315349449778646e+20,0.0,7038.200225808816,-241730.21966814506,0.0
3200,76,-4.213650511599824e+20,4.528875609943467e+20,0.0,42891.41570711177,-224744.59298470942,0.0
3200,77,-3.676113521694709e+20,3.9260932889749416e+20,0.0,74062.78779969629,-201323.06725854942,0.0
3200,78,-3.0301011742638395e+20,3.441888009523405e+20,0.0,99125.33484777718,-172594.9141178072,0.0
3200,79,-2.301593242212539e+20,3.089537615376025e+20,0.0,116856.8079933282,-139940.9412927707,0.0
3200,80,-1.517696978666845e+20,2.879016403198054e+20,0.0,126330.50703790787,-104951.41114606036,0.0
3200,81,-7.08007483423648e+19,2.8178303780688108e+20,0.0,127088.50905841166,-69294.48115816874,0.0
3200,82,9.497744267290876e+18,2.910624525882524e+20,0.0,119287.84576274989,-34491.78546688791,0.0
3200,83,8.569945075349961e+19,3.158156228267111e+20,0.0,103659.54929831898,-1748.793744976256,0.0
3200,84,1.5440246243665337e+20,3.5559426654790196e+20,0.0,81259.34848891605,28010.192432444797,0.0
3200,85,2.124233728934837e+20,4.0926813244249584e+20,0.0,53187.125898041806,53949.13259679335,0.0
3200,86,-5.6342837395222266e+20,7.898549500362246e+20,0.0,-107129.12236724862,-228242.77749126073,0.0
3200,87,-5.745694858703748e+20,7.083432086006282e+20,0.0,-76700.23318066582,-234016.32905414398,0.0
3200,88,-5.699720639719164e+20,6.251634000361773e+20,0.0,-45132.504258398076,-234840.64566393368,0.0
3200,89,-5.496175419837371e+20,5.433640021136466e+20,0.0,-13414.840903537612,-230414.0268255817,0.0
3200,90,-5.142371861801213e+20,4.659234852416752e+20,0.0,17284.91228737578,-220660.17515920987,0.0
3200,91,-4.6528231409158285e+20,3.955358744717394e+20,0.0,45664.86350859729,-205824.01476254617,0.0
3200,92,-4.048240953558354e+20,3.344123173370296e+20,0.0,70390.7905461532,-186549.12688126552,0.0
3200,93,-3.3538374552310566e+20,2.8413307881521912e+20,0.0,90256.84565157001,-163887.52910922022,0.0
3200,94,-2.5970772264427533e+20,2.4559258767167593e+20,0.0,104374.90790261434,-139187.22876964824,0.0
3200,95,-1.8052354011327316e+20,2.1907405420297847e+20,0.0,112325.94585388346,-113841.15426441524,0.0
3200,96,-1.0032935472801225e+20,2.0445585006983617e+20,0.0,114201.33241698369,-88969.0348867259,0.0
3200,97,-2.1268706284443996e+19,2.0149235162252712e+20,0.0,110509.06041058336,-65186.130121413706,0.0
3200,98,5.488319097254842e+19,2.100612784892258e+20,0.0,101986.3549831313,-42595.08775135075,0.0
3200,99,1.2662807664025802e+20,2.302725183062783e+20,0.0,89390.51072303466,-21000.405628661585,0.0
3200,100,1.9258067602112197e+20,2.6239658952007506e+20,0.0,73329.37555251979,-207.14433195090083,0.0
3200,101,2.5128447221926927e+20,3.06646832339254e+20,0.0,54173.73509481522,19746.532022031417,0.0
3200,102,3.0107434413198764e+20,3.628880956264006e+20,0.0,32072.861777871847,38481.21149502704,0.0
3200,103,3.400535361044196e+20,4.3034473980190255e+20,0.0,7066.747171924736,55270.382450102035,0.0
3200,104,3.662299127016539e+20,5.073735892296733e+20,0.0,-20736.12168611194,69103.20760749615,0.0
3200,105,3.778108320946979e+20,5.913700643836672e+20,0.0,-50962.54717183442,78809.01567056519,0.0
3200,106,3.7359318132080574e+20,6.788736208438636e+20,0.0,-82820.89415019599,83251.96350136782,0.0
3200,107,3.533226112657478e+20,7.65902984491321e+20,0.0,-115060.10067126923,81582.44965054998,0.0
3200,108,3.178699270091427e+20,8.484698828512258e+20,0.0,-146093.47760031454,73479.66961601772,0.0
3200,109,2.691224839215808e+20,9.231226726330432e+20,0.0,-174272.743413609,59279.61230941945,0.0
3200,110,2.0961361201826716e+20,9.873282214016217e+20,0.0,-198207.78875759584,39909.99830113403,0.0
3200,111,1.4204418320600673e+20,1.0395640865611887e+21,0.0,-216988.7895765657,16653.32833044376,0.0
3200,112,6.8894054107201225e+19,1.0791339111925632e+21,0.0,-230226.79509886203,-9144.505067900078,0.0
3200,113,-7.750455912433421e+18,1.1058398578550304e+21,0.0,-237938.93883631556,-36292.25772107415,0.0
3200,114,-8.614999942804834e+19,1.1196738816746196e+21,0.0,-240372.84560568485,-63841.1244607753,0.0
3200,115,-1.647331777788233e+20,1.1206341196702982e+21,0.0,-237856.68305346306,-91064.36720369307,0.0
3200,116,-2.418935924785022e+20,1.1086923355770776e+21,0.0,-230712.8135753439,-117385.12351041514,0.0
3200,117,-3.158442747318186e+20,1.0838799400825982e+21,0.0,-219231.05441120765,-142300.3494686929,0.0
3200,118,-3.8456802672724194e+20,1.0464359369191674e+21,0.0,-203680.0116237105,-165324.95195876135,0.0
3200,119,-4.458658682279156e+20,9.969612666350063e+20,0.0,-184335.91878560057,-185960.81671394562,0.0
3200,120,-4.974830146974171e+20,9.365376279279176e+20,0.0,-161516.4073584989,-203686.37283066532,0.0
3200,121,-5.372816168111339e+20,8.667859090647802e+20,0.0,-135614.10496217568,-217961.18781632232,0.0
3600,0,-2.908519365369365e+20,3.825596972251135e+20,0.0,-52206.51856632418,-105272.25005168635,0.0
3600,1,2.908519365369365e+20,-3.825596972251135e+20,0.0,52206.51856632418,105272.25005168635,0.0
3600,2,-4.2413915199876366e+20,3.0330142709375985e+20,0.0,96025.47492336991,-355382.8287785365,0.0
3600,3,-3.663719568486813e+20,2.475464310784785e+20,0.0,203331.84158800033,-245947.55758600042,0.0
3600,4,-2.8829783977105015e+20,2.285820348200868e+20,0.0,241886.20277118246,-98462.61112190499,0.0
3600,5,-2.1130580773827045e+20,2.5081135796506323e+20,0.0,201045.7653451898,46373.08391061543,0.0
3600,6,-1.554761561357079e+20,3.075952834153164e+20,0.0,93037.33469739003,149245.8408247223,0.0
3600,7,-1.3509691941857893e+20,3.842170520724018e+20,0.0,-52401.8974724495,184609.85370768292,0.0
3600,8,-1.5608127741805507e+20,4.609809667147365e+20,0.0,-198107.7379290538,144214.65191979377,0.0
3600,9,-2.1353840865826167e+20,5.169886302346031e+20,0.0,-306232.1384292303,36951.80365808615,0.0
3600,10,-2.9164641334884273e+20,5.3654281909863816e+20,0.0,-346270.6801406106,-109901.56997468047,0.0
3600,11,-3.688958437782953e+20,5.147566877621678e+20,0.0,-306387.17787980736,-255941.83304280447,0.0
3600,12,-4.250820254077756e+20,4.578448202619542e+20,0.0,-198010.15544404756,-361100.5701551587,0.0
3600,13,-4.455134558996203e+20,3.805276804513384e+20,0.0,-50794.12187067171,-397426.29075705365,0.0
3600,14,-4.075545499488988e+20,1.8196309346290103e+20,0.0,155992.5582618842,-218044.994342296,0.0
3600,15,-3.2772645784138364e+20,1.5643028490545414e+20,0.0,187823.75404442192,-137367.05738857947,0.0
3600,16,-2.4301950618889162e+20,1.5981460735600846e+20,0.0,188063.89798743266,-51985.99762459509,0.0
3600,17,-1.6523862516522077e+20,1.905564519253178e+20,0.0,156673.79014122713,23863.197850367782,0.0
3600,18,-1.0385713917846379e+20,2.428409310063621e+20,0.0,100902.70503076204,79894.39335127619,0.0
3600,19,-6.4663623877618794e+19,3.094713970671713e+20,0.0,30449.450205174173,112777.32754603731,0.0
3600,20,-5.070052545975771e+19,3.8368602834633405e+20,0.0,-46985.89144881716,122828.4371666304,0.0
3600,21,-6.357688749554486e+19,4.5883286593812084e+20,0.0,-125660.83906124099,109967.29932194765,0.0
3600,22,-1.0343866526765882e+20,5.271628647148177e+20,0.0,-199140.69642575696,72943.3250793725,0.0
3600,23,-1.674342471110864e+20,5.795392500113745e+20,0.0,-258217.20746184068,11786.724983679038,0.0
3600,24,-2.4807811730600942e+20,6.07275352215947e+20,0.0,-291995.1253828008,-68266.74028159564,0.0
3600,25,-3.337715099882158e+20,6.05496844484248e+20,0.0,-292849.4611274052,-155211.47913917678,0.0
3600,26,-4.121563637739232e+20,5.752170995691473e+20,0.0,-261135.9804767509,-234284.80025385023,0.0
3600,27,-4.7370377918301136e+20,5.2210429238327974e+20,0.0,-204306.55986690137,-294280.6455466897,0.0
3600,28,-5.126930115894075e+20,4.535896898714897e+20,0.0,-131972.00633010096,-329891.8044471531,0.0
3600,29,-5.260295676570922e+20,3.7719706015628755e+20,0.0,-52514.69977634843,-339692.15042876534,0.0
3600,30,-5.121956105225793e+20,3.006803033695716e+20,0.0,26991.271817989837,-323622.92985836155,0.0
3600,31,-4.7154884073855674e+20,2.326017092830623e+20,0.0,99321.48563851851,-282274.0885674135,0.0
3600,32,3.967391198395576e+19,4.154679004227505e+20,0.0,-71058.76620992745,76881.02629978328,0.0
3600,33,1.5004761101430139e+19,4.914051595157239e+20,0.0,-125956.38355041356,67906.25702311052,0.0
3600,34,-3.1643323770790195e+19,5.614347527226082e+20,0.0,-178452.9276018312,45771.83339901391,0.0
3600,35,-9.715213807535484e+19,6.189414466232815e+20,0.0,-223455.55843847472,9651.801492112374,0.0
3600,36,-1.761655360828865e+20,6.584277497099112e+20,0.0,-255469.197646581,-38351.32883181793,0.0
3600,37,-2.6195906830976847e+20,6.76700022987374e+20,0.0,-270538.2091237685,-93218.4656701741,0.0
3600,38,-3.477485695196852e+20,6.731815177186082e+20,0.0,-267694.47920540377,-148618.92084576676,0.0
3600,39,-4.277145322229987e+20,6.493250410379999e+20,0.0,-248806.1037342124,-199010.68742031476,0.0
3600,40,-4.972985384211835e+20,6.076898905708631e+20,0.0,-217204.80318241206,-240788.41154570115,0.0
3600,41,-5.529189679736966e+20,5.512948993485855e+20,0.0,-176315.45420503098,-272154.3475869907,0.0
3600,42,-5.915585138006962e+20,4.834732714201458e+20,0.0,-129001.91921457076,-292365.7078908857,0.0
3600,43,-6.105992078120536e+20,4.080922423927193e+20,0.0,-77584.6405105659,-301025.8569590406,0.0
3600,44,-6.080594204542401e+20,3.298391738831695e+20,0.0,-24213.33701022852,-297709.13413235376,0.0
3600,45,-5.831608779443926e+20,2.5425912491930957e+20,0.0,28675.485271509617,-281964.6567246435,0.0
3600,46,-5.369497630796535e+20,1.873317293495044e+20,0.0,78010.45688990764,-253662.26241264294,0.0
3600,47,-4.725949061649861e+20,1.3461383215024688e+20,0.0,120012.6931583831,-213600.09463495456,0.0
3600,48,-3.9511558880773066e+20,1.0025373429004355e+20,0.0,150553.46136542578,-164211.94053032593,0.0
3600,49,-3.106210826275927e+20,8.628335634649468e+19,0.0,166047.8342563352,-110030.1338438506,0.0
3600,50,-2.2539959282108957e+20,9.244300739159484e+19,0.0,164737.4459555217,-57253.684809700084,0.0
3600,51,-1.4518136820743412e+20,1.1662024457659862e+20,0.0,147583.979948355,-11822.919241222742,0.0
3600,52,-7.477045089110342e+19,1.5586128165478875e+20,0.0,117706.95781321888,23170.856266042345,0.0
3600,53,-1.8085418903205978e+19,2.074969680330969e+20,0.0,78638.09999757716,48205.746410720596,0.0
3600,54,2.160430424828598e+19,2.6951929078901788e+20,0.0,33043.7613915782,65242.216628740476,0.0
3600,55,4.1551730518908715e+19,3.398909652895883e+20,0.0,-17345.289278846463,75168.06473339684,0.0
3600,56,-7.16314950838179e+19,6.736449786960321e+20,0.0,-221843.01247107127,-10973.456879288675,0.0
3600,57,-1.603506086950103e+20,7.166298767236424e+20,0.0,-245218.6627570717,-49165.38859267469,0.0
3600,58,-2.535668397901915e+20,7.395642523946478e+20,0.0,-255471.29389225002,-91198.20402983873,0.0
3600,59,-3.45257028452521e+20,7.426629983265469e+20,0.0,-253241.59092807502,-132222.803707329,0.0
3600,60,-4.30761154508161e+20,7.279564652496713e+20,0.0,-240994.5742539995,-168959.1631956255,0.0
3600,61,-5.070044181422473e+20,6.982033206077276e+20,0.0,-221542.54128718842,-199972.59443723,0.0
3600,62,-5.7215170213392856e+20,6.561349821457199e+20,0.0,-197139.42610431102,-225061.168434989,0.0
3600,63,-6.251066594295475e+20,6.041273818474044e+20,0.0,-169262.5917768364,-244544.61713423693,0.0
3600,64,-6.650783078339957e+20,5.441663908305216e+20,0.0,-138746.22062683318,-258795.0545333562,0.0
3600,65,-6.912732104840614e+20,4.77975479949037e+20,0.0,-106001.88432328093,-267997.4454839636,0.0
3600,66,-7.027156535301277e+20,4.072365408979029e+20,0.0,-71229.56031302222,-272040.4947805581,0.0
3600,67,-6.98205855864504e+20,3.338722504984246e+20,0.0,-34619.03899551686,-270470.4981172585,0.0
3600,68,-6.764516262634713e+20,2.6035586073492537e+20,0.0,3424.020093808062,-262495.14288874145,0.0
3600,69,-6.364243372960949e+20,1.8997344846806552e+20,0.0,41993.69990543875,-247082.11897908887,0.0
3600,70,-5.7796651605411457e+20,1.2688944358571133e+20,0.0,79347.66444890283,-223264.19747242692,0.0
3600,71,-5.0257190804381073e+20,7.578726194177971e+19,0.0,112650.44546723232,-190812.49318847875,0.0
3600,72,-4.140311993146254e+20,4.087482128603291e+19,0.0,138174.06400109743,-151321.14269063852,0.0
3600,73,-3.1837201798750863e+20,2.4371634972211933e+19,0.0,152478.30954586423,-109140.32724117546,0.0
3600,74,-2.226356392889908e+20,2.533524969734949e+19,0.0,154335.9888450433,-70657.31859560082,0.0
3600,75,-1.3298301057448854e+20,4.013056313783719e+19,0.0,145479.67121208235,-41099.883660805186,0.0
3600,76,-5.353684422453037e+19,6.467090572831984e+19,0.0,128840.0564557321,-21390.343003786107,0.0
3600,77,1.3459177984082213e+19,9.66106534349972e+19,0.0,106529.75164542315,-8431.863646868427,0.0
3600,78,6.696889737839992e+19,1.3582070509407453e+20,0.0,79715.60638004547,1945.4228808884957,0.0
3600,79,1.0656815996290518e+20,1.8339063916047326e+20,0.0,49202.69200629201,12463.438237703584,0.0
3600,80,1.3188011624794622e+20,2.403435175257984e+20,0.0,15511.863791783915,23654.700792866184,0.0
3600,81,1.4210750076484752e+20,3.067436629283211e+20,0.0,-21203.253680928094,34292.946569845895,0.0
3600,82,1.3589421319522514e+20,3.811918287521763e+20,0.0,-60923.57651050512,42032.8664273895,0.0
3600,83,1.1164616641838663e+20,4.6054690954824614e+20,0.0,-103201.68136442233,43900.89237883878,0.0
3600,84,6.828958757956109e+19,5.3990598667868085e+20,0.0,-146459.052909412,36833.082844424425,0.0
3600,85,6.273805740479743e+18,6.130657860034416e+20,0.0,-187500.72177633183,18592.61915064283,0.0
3600,86,-5.966061459024342e+20,6.678322018156401e+19,0.0,87341.29171695308,-197387.24234018486,0.0
3600,87,-5.086881048739707e+20,1.8321869089848822e+19,0.0,114801.73252966338,-168776.10057602674,0.0
3600,88,-4.113566544556205e+20,-1.4812120120403556e+19,0.0,135220.15415930637,-136388.89081055918,0.0
3600,89,-3.101284624363819e+20,-3.2751775289265476e+19,0.0,146861.71805342284,-104890.0673180019,0.0
3600,90,-2.1031559544586938e+20,-3.834333304163396e+19,0.0,150236.82890508388,-79772.50209221714,0.0
3600,91,-1.1599189494026396e+20,-3.5968770223748223e+19,0.0,147516.98407654127,-64732.12014304424,0.0
3600,92,-3.002077523901323e+19,-2.939997491427864e+19,0.0,140303.07372242725,-59864.41921821185,0.0
3600,93,4.526796763676822e+19,-1.9963677163266945e+19,0.0,128312.23986243644,-61773.675889985454,0.0
3600,94,1.079626647315324e+20,-5.974241604451395e+18,0.0,110519.31600920545,-64887.96734623075,0.0
3600,95,1.5722174322211134e+20,1.6256432481493357e+19,0.0,87204.58260213993,-63737.3789164641,0.0
3600,96,1.9356613678445268e+20,5.038387256864135e+19,0.0,60282.4816232924,-55553.875774283646,0.0
3600,97,2.1810930012101004e+20,9.842861402788068e+19,0.0,31707.178933820676,-41050.889231004236,0.0
3600,98,2.3145074655598602e+20,1.604813746450277e+20,0.0,2205.9995862712262,-22987.265197473673,0.0
3600,99,2.331136486639557e+20,2.3515476833018528e+20,0.0,-28609.5540066938,-4540.038531886101,0.0
3600,100,2.2162253139056106e+20,3.1993549570878924e+20,0.0,-61489.683311367146,11313.296336602318,0.0
3600,101,1.9499016702623187e+20,4.111964954005666e+20,0.0,-96786.97237164216,21752.164552523398,0.0
3600,102,1.514922124709376e+20,5.0409491778859755e+20,0.0,-133789.65393089264,24100.78953604874,0.0
3600,103,9.063978121703524e+19,5.9274354075694e+20,0.0,-170249.7543782962,16306.799227773221,0.0
3600,104,1.404617137010795e+19,6.709804805436724e+20,0.0,-202548.37889492445,-2066.3011370168892,0.0
3600,105,-7.436489374428455e+19,7.33674646279338e+20,0.0,-226918.55972352644,-29049.713786132874,0.0
3600,106,-1.6915894827949195e+20,7.779162643898882e+20,0.0,-241176.0297394453,-60741.623552898396,0.0
3600,107,-2.6479854808187637e+20,8.033331648222922e+20,0.0,-245514.06058544992,-92990.58819116448,0.0
3600,108,-3.567993893565609e+20,8.11463912374381e+20,0.0,-241802.7772734284,-122881.72322115341,0.0
3600,109,-4.4217287802520443e+20,8.04771072979096e+20,0.0,-232340.85026580977,-149080.27797921604,0.0
3600,110,-5.19296182179278e+20,7.858203376298594e+20,0.0,-219037.39768890804,-171378.65647518262,0.0
3600,111,-5.875231882799915e+20,7.567833466059121e+20,0.0,-203167.69778691052,-190123.65623133437,0.0
3600,112,-6.467373470085165e+20,7.192229494850952e+20,0.0,-185434.37512127316,-205824.09753300477,0.0
3600,113,-6.969398618412847e+20,6.740921926261776e+20,0.0,-166113.6169420551,-218939.02652772766,0.0
3600,114,-7.379238804704644e+20,6.21889287904591e+20,0.0,-145197.07541000124,-229772.3288116447,0.0
3600,115,-7.6906725592046e+20,5.629130081460488e+20,0.0,-122511.20366393558,-238419.14404580713,0.0
3600,116,-7.892597307241448e+20,4.9756310108232856e+20,0.0,-97818.8917763601,-244737.17921788286,0.0
3600,117,-7.969648468129766e+20,4.2663577745790645e+20,0.0,-70913.71457023671,-248332.62252872874,0.0
3600,118,-7.904065176370407e+20,3.515726058692501e+20,0.0,-41719.30746143332,-248560.14286916572,0.0
3600,119,-7.678654862623058e+20,2.746263401716341e+20,0.0,-10408.613217545699,-244546.88493561736,0.0
3600,120,-7.280686287771748e+20,1.9890429021524653e+20,0.0,22442.72586529459,-235268.37061843686,0.0
3600,121,-6.706465773530684e+20,1.2823536480943926e+20,0.0,55668.376725187954,-219735.25693416584,0.0
4000,0,-3.857129391166126e+20,5500067606821120.0,0.0,-2.207078364255139,-131161.65568822034,0.0
4000,1,3.857129391166126e+20,-5500067606821120.0,0.0,2.207078364255139,131161.65568822034,0.0
4000,2,-5.3281832652740146e+20,-3.396714120989927e+19,0.0,64717.96022458316,-425080.3305591447,0.0
4000,3,-4.9509579019136487e+20,-1.078452413865081e+20,0.0,200870.39129845586,-346591.20429347584,0.0
4000,4,-4.285187945552527e+20,-1.5031944135269548e+20,0.0,275187.4284671473,-215050.20919584314,0.0
4000,5,-3.519422389332114e+20,-1.5303131842332492e+20,0.0,279209.28462317213,-67359.01025015641,0.0
4000,6,-2.8339620332568664e+20,-1.1607904272811024e+20,0.0,214358.3786577507,66958.74860044447,0.0
4000,7,-2.4034397274749328e+20,-4.6856286601714156e+19,0.0,89096.26790069515,153612.69753775554,0.0
4000,8,-2.3643068100576277e+20,3.6535534922852323e+19,0.0,-63571.56331879796,158790.4829030968,0.0
4000,9,-2.726130716555226e+20,1.0899385865573165e+20,0.0,-192716.77562293888,82708.3667702734,0.0
4000,10,-3.367170238379484e+20,1.514601943518706e+20,0.0,-267469.2426422265,-42408.93509109908,0.0
4000,11,-4.123342376300912e+20,1.5565147440020845e+20,0.0,-278880.16686710186,-186488.46926597424,0.0
4000,12,-4.8243388879325705e+20,1.20149976587181e+20,0.0,-220858.24876267795,-323571.4467586626,0.0
4000,13,-5.279876371744637e+20,5.0858755225532e+19,0.0,-95153.71524706652,-416252.7181580138,0.0
4000,14,-2.4027020786779465e+20,2.2026828839473486e+20,0.0,-164449.84595159907,-23990.93917045601,0.0
4000,15,-3.090351495187886e+20,2.3869773569274053e+20,0.0,-203879.71024597553,-93373.29411887695,0.0
4000,16,-3.9519362748253294e+20,2.2989684769916073e+20,0.0,-225972.80909866706,-182457.1492682365,0.0
4000,17,-4.8379361818415386e+20,1.8759104112679227e+20,0.0,-207516.22022635659,-283242.01836711325,0.0
4000,18,-5.5408986154750234e+20,1.1548793034933835e+20,0.0,-138633.53095815692,-363556.5455102475,0.0
4000,19,-5.929735904376192e+20,2.953016847407666e+19,0.0,-45366.6268704065,-394512.15748209256,0.0
4000,20,-6.011574102398303e+20,-5.412291205230723e+19,0.0,39326.42177667731,-381553.38071481115,0.0
4000,21,-5.846444270060959e+20,-1.2705570683760917e+20,0.0,105149.05312014637,-343809.5523152886,0.0
4000,22,-5.477050691788314e+20,-1.85425870724464e+20,0.0,155058.29019696868,-292304.95186342165,0.0
4000,23,-4.927759054601849e+20,-2.2556517979622382e+20,0.0,192335.715057035,-229591.241030957,0.0
4000,24,-4.229751597689909e+20,-2.4244521199214087e+20,0.0,215942.87603330755,-154689.7528091475,0.0
4000,25,-3.445820484965504e+20,-2.305762183980584e+20,0.0,219410.6443034447,-67805.82792896382,0.0
4000,26,-2.6826168112804525e+20,-1.8686471051465618e+20,0.0,192321.06923310048,23520.617176808897,0.0
4000,27,-2.074166573024956e+20,-1.150803529210908e+20,0.0,129534.73300045673,97926.74850253401,0.0
4000,28,-1.7164104129162868e+20,-2.8717126409818132e+19,0.0,47656.21079082102,129229.20271622515,0.0
4000,29,-1.6039121768885803e+20,5.513476607151358e+19,0.0,-24199.58838182378,115903.34584755942,0.0
4000,30,-1.6825270977475327e+20,1.2620677169595672e+20,0.0,-77547.32633857758,78570.84458438223,0.0
4000,31,-1.9391499518669626e+20,1.8161031943129262e+20,0.0,-121717.06180668734,31427.443769924354,0.0
4000,32,-5.633157104595575e+20,1.499635388501661e+20,0.0,-159685.44321905935,-346902.7441338026,0.0
4000,33,-6.314976579270908e+20,7.988966698652734e+19,0.0,-96797.59826266763,-363770.3350168213,0.0
4000,34,-6.753055715481585e+20,1.3472128364871119e+19,0.0,-48988.5819188654,-357237.61788367445,0.0
4000,35,-7.004929096805338e+20,-4.869169481957863e+19,0.0,-11832.31445745068,-343258.2989845653,0.0
4000,36,-7.090267372876536e+20,-1.0738682938907057e+20,0.0,20534.94236363505,-326425.64163486724,0.0
4000,37,-7.01158292497678e+20,-1.6256131791735757e+20,0.0,51501.510735916745,-306980.4938249198,0.0
4000,38,-6.764420418288744e+20,-2.1304088072318632e+20,0.0,82680.2288380507,-283610.0511562357,0.0
4000,39,-6.341309858979422e+20,-2.5643321809710757e+20,0.0,114523.86553188355,-254142.43445099398,0.0
4000,40,-5.7355072951348344e+20,-2.8882547091998887e+20,0.0,146299.75733738445,-215545.34919843546,0.0
4000,41,-4.949488484347634e+20,-3.043361858827008e+20,0.0,175249.0153989133,-163890.80700262543,0.0
4000,42,-4.0134075528652305e+20,-2.9507325028094568e+20,0.0,194605.7314311019,-95378.79497435944,0.0
4000,43,-3.014707807467339e+20,-2.5325943940717855e+20,0.0,191441.77946904214,-11644.195616395753,0.0
4000,44,-2.1081421673506364e+20,-1.7879488600650377e+20,0.0,153764.39765026513,67312.04321668486,0.0
4000,45,-1.4140426158775216e+20,-8.861207360374171e+19,0.0,98881.58502330813,106261.59454446494,0.0
4000,46,-8.786990185472539e+19,-6.821880498916637e+18,0.0,65303.4718629403,101361.64430458727,0.0
4000,47,-3.96940897255897e+19,5.516380407036583e+19,0.0,57955.098958896415,76134.3545053592,0.0
4000,48,2.2425606531884895e+18,9.77360470828777e+19,0.0,58399.3025093234,44060.40284946844,0.0
4000,49,2.7680693177070727e+19,1.2705228573258179e+20,0.0,49518.7251771723,11258.410663963112,0.0
4000,50,2.491313117513585e+19,1.5255490367223264e+20,0.0,21005.298670274024,-16641.45421753859,0.0
4000,51,-1.3356272815147887e+19,1.8228368154544046e+20,0.0,-28928.843097538032,-38093.8505039404,0.0
4000,52,-8.87374369622768e+19,2.166658074559684e+20,0.0,-94939.77503444726,-60937.38796714917,0.0
4000,53,-1.982513988597038e+20,2.453806832065935e+20,0.0,-166691.1017552364,-102114.71686771476,0.0
4000,54,-3.311116138962899e+20,2.49364774733358e+20,0.0,-220928.66935044117,-179698.0220164338,0.0
4000,55,-4.619141814685094e+20,2.1401946925010934e+20,0.0,-218018.02996802126,-280562.07025386894,0.0
4000,56,-7.460155183518835e+20,1.006024191560143e+20,0.0,-106506.90193341562,-315426.26870986825,0.0
4000,57,-7.949975205412257e+20,6.106434146754842e+19,0.0,-85849.02797876856,-308049.08248900715,0.0
4000,58,-8.304596751586017e+20,1.5876148680167045e+19,0.0,-65110.73625907657,-301684.1247410859,0.0
4000,59,-8.514686423731924e+20,-3.4357798212081807e+19,0.0,-43032.55648576733,-295535.1769817924,0.0
4000,60,-8.570930973108725e+20,-8.82335172475921e+19,0.0,-19004.964769404967,-288588.52213211555,0.0
4000,61,-8.465120603792081e+20,-1.4377289338264175e+20,0.0,7262.882575660006,-279721.0066749786,0.0
4000,62,-8.19005956690775e+20,-1.9852171125566816e+20,0.0,35878.00095807595,-267646.927111229,0.0
4000,63,-7.739247666310088e+20,-2.4950176113497476e+20,0.0,66769.17832479312,-250776.5414368516,0.0
4000,64,-7.107365478913338e+20,-2.9299851201875454e+20,0.0,99535.63540530576,-226994.90690255022,0.0
4000,65,-6.293202052169877e+20,-3.2419386564435404e+20,0.0,132996.3545496,-193389.24143442578,0.0
4000,66,-5.307916062391255e+20,-3.367879968432156e+20,0.0,164103.01961381876,-146165.68477879412,0.0
4000,67,-4.1927776324323325e+20,-3.2325896992995194e+20,0.0,185775.15230244544,-81943.9612166502,0.0
4000,68,-3.0441903950628546e+20,-2.7783727104352472e+20,0.0,185308.20050449387,-4282.905500441022,0.0
4000,69,-2.000583433749725e+20,-2.051544319728054e+20,0.0,155650.72053704088,63245.34718731123,0.0
4000,70,-1.1048236445330884e+20,-1.2635233144698474e+20,0.0,123533.37838396765,90132.19512696256,0.0
4000,71,-2.1168991179553505e+19,-6.358693973302737e+19,0.0,126098.33327405633,81583.55857589764,0.0
4000,72,8.476436513082045e+19,-2.69307397389875e+19,0.0,173685.5188324889,55874.19639032946,0.0
4000,73,2.196056890546875e+20,-2.234431107498511e+19,0.0,301064.8685123801,17947.51115134004,0.0
4000,74,4.1147993093121874e+20,4.759160327058833e+19,0.0,-128137.56258171349,778311.2578349558,0.0
4000,75,3.8241223119745745e+20,1.6761359858483164e+20,0.0,-129557.94709953117,426660.42468271585,0.0
4000,76,4.052918890225974e+20,1.977029419979945e+20,0.0,-80857.79170540154,403433.230788205,0.0
4000,77,4.6188628243512086e+20,1.4750329497882955e+20,0.0,-9792.587644713092,463399.35708571307,0.0
4000,78,3.8540463723643005e+20,-6.771217230531872e+19,0.0,589596.089869318,133325.65803523225,0.0
4000,79,1.3357591444873717e+20,3.2858752282268865e+19,0.0,58246.21484392032,-141661.31020334215,0.0
4000,80,-4.354101912984932e+19,1.4154454363505046e+20,0.0,-106118.60851913315,-113896.42892067922,0.0
4000,81,-2.2093785318356563e+20,2.0884212492163498e+20,0.0,-214913.81524242324,-154836.4431016603,0.0
4000,82,-3.8602051066458125e+20,2.204038356525551e+20,0.0,-249009.12523194766,-253851.76353261402,0.0
4000,83,-5.132833443627737e+20,1.9661437958709753e+20,0.0,-206529.81080052,-318574.2831907853,0.0
4000,84,-6.082305088538014e+20,1.662407019497889e+20,0.0,-160776.7100281642,-329886.8676920819,0.0
4000,85,-6.840644872710696e+20,1.3501578985239339e+20,0.0,-129717.82438688,-323795.64202389115,0.0
4000,86,-1.2506522591363082e+20,-1.8663091674957732e+20,0.0,145599.88947208488,74365.35507043806,0.0
4000,87,-1.206624735354091e+19,-1.3562665484934106e+20,0.0,154718.10530662298,72467.72666151905,0.0
4000,88,1.2914896685349613e+20,-1.1043103241419807e+20,0.0,223416.95070322196,63546.32787720847,0.0
4000,89,3.5523429960927026e+20,-8.813542590478179e+19,0.0,482565.1852523327,235890.92592222345,0.0
4000,90,4.198392977285823e+20,1.8991618837236836e+20,0.0,-127250.39242390305,418015.08570236916,0.0
4000,91,3.457791393413666e+20,3.2001405983228736e+20,0.0,-106326.11806110166,305032.10199855367,0.0
4000,92,3.347108006415481e+20,3.9249579974829434e+20,0.0,-70455.71925381242,271296.66880108777,0.0
4000,93,4.9899275512520226e+20,5.158392383597509e+20,0.0,23346.56134840818,340309.4948667372,0.0
4000,94,1.679357106955037e+21,8.250049282145843e+20,0.0,721915.6742643336,588002.1213167928,0.0
4000,95,4.183607651796973e+20,1.759747968466804e+20,0.0,-97893.28679424795,-30500.741538217047,0.0
4000,96,5.622856832485647e+20,3.819561452589029e+20,0.0,27676.329717354805,277460.83169898426,0.0
4000,97,6.264239944560377e+20,2.46515116794057e+20,0.0,71478.17305004076,325623.528155194,0.0
4000,98,4.5705144528340654e+20,-1.4922100092530196e+20,0.0,364234.57562799176,124390.72416555967,0.0
4000,99,1.3924809816288346e+19,1.281914210965718e+19,0.0,-69664.70498345219,-140917.5696777549,0.0
4000,100,-2.2319897762477824e+20,1.5130526727736954e+20,0.0,-256367.73295281842,-174516.32903814808,0.0
4000,101,-4.010149381348485e+20,1.8908772459838308e+20,0.0,-273189.52547458024,-296563.0674011534,0.0
4000,102,-5.1961632215153895e+20,2.0202941547326027e+20,0.0,-215659.8258592589,-317312.5038915275,0.0
4000,103,-6.13896933036663e+20,2.140696295651831e+20,0.0,-183445.40022162945,-300973.9303656209,0.0
4000,104,-6.969044234844549e+20,2.2001158049275013e+20,0.0,-164689.92690078044,-285540.14182369015,0.0
4000,105,-7.711069733912889e+20,2.1629018793042444e+20,0.0,-150350.33814072542,-275173.7382702405,0.0
4000,106,-8.362487603331672e+20,2.0176484443198416e+20,0.0,-136950.28901517147,-268989.6499608656,0.0
4000,107,-8.913553988884992e+20,1.7676303746642333e+20,0.0,-123093.51038053707,-265668.87729102373,0.0
4000,108,-9.354441856898367e+20,1.4251279697829292e+20,0.0,-108198.67760055017,-264076.7151110701,0.0
4000,109,-9.678184374925214e+20,1.0070124334211024e+20,0.0,-92026.72310263525,-263308.5972003291,0.0
4000,110,-9.881013083354252e+20,5.308633788876398e+19,0.0,-74458.83844999886,-262649.058620198,0.0
4000,111,-9.960720472542156e+20,1.2177731077890819e+18,0.0,-55367.26455490535,-261505.99572687817,0.0
4000,112,-9.913932336302804e+20,-5.365727610974819e+19,0.0,-34538.74315365767,-259321.78522704766,0.0
4000,113,-9.733390677594235e+20,-1.1046867336707822e+20,0.0,-11644.589550997056,-255458.3812813216,0.0
4000,114,-9.406245023497005e+20,-1.6799648232669558e+20,0.0,13739.989180272536,-249052.28968927616,0.0
4000,115,-8.914090728184856e+20,-2.2439334277752714e+20,0.0,42055.509166153,-238827.38511647354,0.0
4000,116,-8.235403279229953e+20,-2.7661262966197862e+20,0.0,73573.84087940457,-222841.53125056656,0.0
4000,117,-7.351427665020345e+20,-3.1980615358066e+20,0.0,107979.22860688994,-198148.40327502647,0.0
4000,118,-6.257821553720307e+20,-3.468496253698922e+20,0.0,143369.21634111938,-160490.34305856185,0.0
4000,119,-4.986172823004259e+20,-3.486126057113063e+20,0.0,173991.12934951074,-104926.13705961235,0.0
4000,120,-3.635194337370864e+20,-3.171194175640385e+20,0.0,187148.2232994058,-31304.091593396683,0.0
4000,121,-2.366594945586523e+20,-2.554626157746941e+20,0.0,170640.7252502308,40231.413921334686,0.0
4400,0,-2.9086519894212795e+20,-3.825515945288049e+20,0.0,52202.69768343436,-105273.92964475337,0.0
4400,1,2.9086519894212795e+20,3.825515945288049e+20,0.0,-52202.69768343436,105273.92964475337,0.0
4400,2,-4.448591006011505e+20,-3.636282592867747e+20,0.0,20325.263263891036,-394596.6922388689,0.0
4400,3,-4.331187678831561e+20,-4.4255966680389485e+20,0.0,170689.90088115796,-373662.2599799556,0.0
4400,4,-3.8325287091749945e+20,-5.04371960127436e+20,0.0,290881.79781461414,-281478.80036893295,0.0
4400,5,-3.082062933242135e+20,-5.331119627198253e+20,0.0,349148.9731364514,-139424.28396759988,0.0
4400,6,-2.2728985620002646e+20,-5.202433206991328e+20,0.0,324503.2534193815,15370.204627155072,0.0
4400,7,-1.6331972483655968e+20,-4.680698676758064e+20,0.0,221179.5639623576,134733.4564898984,0.0
4400,8,-1.350991823650404e+20,-3.918251896395263e+20,0.0,74070.92204873283,183094.81868059153,0.0
4400,9,-1.492000161154253e+20,-3.1395210687662653e+20,0.0,-72227.10528119968,154343.17949546108,0.0
4400,10,-1.995479724916243e+20,-2.5462267742311966e+20,0.0,-183445.17915587715,62127.57459244439,0.0
4400,11,-2.7267318485225167e+20,-2.273933973662812e+20,0.0,-236107.43841077044,-72100.89460656932,0.0
4400,12,-3.5113564294535165e+20,-2.3921891793326568e+20,0.0,-215236.806795416,-218441.63870981577,0.0
4400,13,-4.146661340346983e+20,-2.8882243172573702e+20,0.0,-121596.33743410504,-337813.49456315837,0.0
4400,14,-1.8677344701548528e+20,-5.393964101879703e+20,0.0,318935.74664406024,-16989.91896015984,0.0
4400,15,-1.1841913743316446e+20,-5.299556581451124e+20,0.0,243642.41579769086,31923.91040982769,0.0
4400,16,-8.450743502584727e+19,-5.25474863645629e+20,0.0,198067.31980084415,48578.71517826754,0.0
4400,17,-6.710705949104497e+19,-5.2003457415002056e+20,0.0,165989.90654507524,61603.722662327804,0.0
4400,18,-5.777998695486588e+19,-5.038281841419888e+20,0.0,134917.36360688214,79345.3090645227,0.0
4400,19,-5.474556493552417e+19,-4.679044357598712e+20,0.0,93685.18330742113,104225.17230215999,0.0
4400,20,-6.416468443423921e+19,-4.050686237040167e+20,0.0,27201.767950120076,131359.80878631474,0.0
4400,21,-1.0385215719754256e+20,-3.1585267544493844e+20,0.0,-81926.34605805168,132830.92968773475,0.0
4400,22,-1.947268177470112e+20,-2.279952482403767e+20,0.0,-202549.71162231034,45115.568847179245,0.0
4400,23,-3.127294260583475e+20,-1.881678685915861e+20,0.0,-224644.72767226433,-100966.99834467145,0.0
4400,24,-4.041430256671367e+20,-1.884015377779596e+20,0.0,-174094.67464755653,-190584.28205528326,0.0
4400,25,-4.575973020468227e+20,-1.9533480163492885e+20,0.0,-124001.65133647661,-228587.23087373486,0.0
4400,26,-4.835631192229912e+20,-1.9887792474688222e+20,0.0,-87876.14480318026,-248074.48275540763,0.0
4400,27,-4.925757118744226e+20,-2.0624322713582554e+20,0.0,-59239.64203546649,-267987.8699034988,0.0
4400,28,-4.928142961029637e+20,-2.3269307177199537e+20,0.0,-26836.598948836705,-300812.8598163381,0.0
4400,29,-4.861546651991756e+20,-2.984482910681949e+20,0.0,34806.2234338671,-355576.76887373225,0.0
4400,30,-4.4608891830796904e+20,-4.189838240176036e+20,0.0,199043.43924461366,-393253.236731033,0.0
4400,31,-3.154458536255748e+20,-5.2734517601743064e+20,0.0,384692.52857459744,-195918.03759588418,0.0
4400,32,-2.106013714134638e+20,-7.622266307220702e+20,0.0,211973.94832816758,-121299.60719587909,0.0
4400,33,-2.788573729714413e+20,-8.057800485578955e+20,0.0,197299.68246546324,-143482.0585047601,0.0
4400,34,-3.136737097307317e+20,-8.263846601812233e+20,0.0,187675.57167998434,-145225.5907438372,0.0
4400,35,-3.1463091769041296e+20,-8.285627204419003e+20,0.0,184964.28559047793,-131097.95390509276,0.0
4400,36,-2.8455951153430738e+20,-8.100214127229661e+20,0.0,187061.5432225632,-101531.91569045847,0.0
4400,37,-2.2866078557092767e+20,-7.625549052037894e+20,0.0,188569.5109725683,-52579.02281033965,0.0
4400,38,-1.5787095560249328e+20,-6.709874041079896e+20,0.0,175270.3643237269,25255.238559552618,0.0
4400,39,-1.0338439297612708e+20,-5.1247208681819885e+20,0.0,97143.18667695869,141127.1280708505,0.0
4400,40,-1.5715551090695845e+20,-2.990525334740487e+20,0.0,-163827.40826532737,159101.3818031325,0.0
4400,41,-3.155979150836469e+20,-1.936962381885607e+20,0.0,-243986.30543935043,-70490.5047884566,0.0
4400,42,-3.9888334881028184e+20,-1.5027946315725006e+20,0.0,-180731.58835575558,-130806.45104816805,0.0
4400,43,-4.009815900164699e+20,-7.953241738303031e+19,0.0,-137496.63108330287,-109242.88294383613,0.0
4400,44,-3.263252474192449e+20,1.74786401395905e+19,0.0,-90632.57068562137,-60103.54181043619,0.0
4400,45,-1.7115994133105302e+20,1.1362273558400628e+20,0.0,-13239.291961155095,-5526.471914592515,0.0
4400,46,7.49051231816693e+19,1.9225454622932622e+20,0.0,135943.86168786936,69070.09478794139,0.0
4400,47,3.1395637889344366e+20,4.834167458434519e+20,0.0,-345954.041765085,432087.36151583417,0.0
4400,48,2.1132412448438246e+20,5.967004528017213e+20,0.0,-265379.82530860277,197924.63439701655,0.0
4400,49,3.2603688255507504e+20,6.068773102345889e+20,0.0,-227199.9027653534,279526.8841074597,0.0
4400,50,4.332597962248036e+20,2.0838607962972357e+20,0.0,164080.03697272553,259450.8549306984,0.0
4400,51,-1.0411729958871448e+20,-1.6779379965694224e+20,0.0,-74946.29929899557,-185801.9848892435,0.0
4400,52,-4.240205341720033e+19,-3.251322120905447e+20,0.0,169688.310635041,45278.439572479765,0.0
4400,53,8.575701905282442e+17,-4.146699177502242e+20,0.0,160672.31514666806,35551.57737299177,0.0
4400,54,-3.282497989171787e+19,-5.595774951926235e+20,0.0,202146.12068243325,-7613.152611096185,0.0
4400,55,-1.1849159291310288e+20,-6.835737367864468e+20,0.0,220718.12317344,-72908.58866581362,0.0
4400,56,-7.111978297972498e+20,-8.433819441750926e+20,0.0,85932.88305078252,-257881.7585649598,0.0
4400,57,-7.52036662152629e+20,-8.486263683266825e+20,0.0,79511.9077146774,-251376.78318346225,0.0
4400,58,-7.571508376145847e+20,-8.607475510596795e+20,0.0,83503.76695445311,-241210.97560446293,0.0
4400,59,-7.297475786218317e+20,-8.751242608629556e+20,0.0,95588.72278861965,-227081.635359254,0.0
4400,60,-6.714985678129636e+20,-8.852227807099714e+20,0.0,114258.69891102018,-207213.08140557157,0.0
4400,61,-5.835390841630751e+20,-8.824174895663145e+20,0.0,138267.56951530586,-178246.27389295108,0.0
4400,62,-4.675071030176905e+20,-8.545843406797419e+20,0.0,165665.09089506164,-133893.1581173401,0.0
4400,63,-3.28267254437641e+20,-7.824544624262165e+20,0.0,190253.77798656936,-60732.01453837698,0.0
4400,64,-1.8606088802676805e+20,-6.30637881937793e+20,0.0,179608.55342264363,74414.6411739084,0.0
4400,65,-1.5311630615343815e+20,-3.550629755093716e+20,0.0,-100846.19088141996,234985.67487661718,0.0
4400,66,-3.365726916289896e+20,-2.043961455743207e+20,0.0,-258110.53849528875,-74125.83158085462,0.0
4400,67,-4.071650403289991e+20,-1.426313759025689e+20,0.0,-184654.62734973352,-111487.80604979175,0.0
4400,68,-3.575258045606257e+20,-3.3648430462102532e+19,0.0,-132288.18420136985,-50976.610772853775,0.0
4400,69,-1.7576044787799867e+20,1.0303008555746494e+20,0.0,-34787.390090798624,40330.39947757366,0.0
4400,70,2.1876265968727903e+20,2.8255023582388417e+20,0.0,286951.668405347,284856.2866289748,0.0
4400,71,-9.414725142075138e+18,4.535542869390928e+20,0.0,-177548.3550799573,53099.78365688243,0.0
4400,72,-6.1340414272074424e+19,5.2506956556954776e+20,0.0,-110620.2545547918,51606.22486578442,0.0
4400,73,-4.977466626105419e+19,6.091815840372679e+20,0.0,-79684.54835343306,51775.929232745846,0.0
4400,74,-1.032448008415456e+18,6.84024430383951e+20,0.0,-61663.32687557973,50206.939253925855,0.0
4400,75,7.215999904843583e+19,7.498389528770128e+20,0.0,-57149.46257107445,51635.17719514853,0.0
4400,76,1.4151655377637528e+20,8.053513588405346e+20,0.0,-65443.60573966114,64737.30959648404,0.0
4400,77,2.1994186006161408e+20,8.698985775169594e+20,0.0,-84962.001708761,103454.31776638469,0.0
4400,78,4.269400050092909e+20,9.005463891956829e+20,0.0,-95611.60435461596,193225.3010543477,0.0
4400,79,6.544715835628013e+20,2.462171721271611e+20,0.0,74299.92787231445,239335.43684896096,0.0
4400,80,2.938157581775166e+20,-6.742364239702295e+20,0.0,370854.971293225,-240610.70933977125,0.0
4400,81,8.539417563883818e+19,-4.081166952590007e+20,0.0,121532.81116275449,3188.3764452564756,0.0
4400,82,-3.75352647672629e+19,-6.753838422357456e+20,0.0,203106.58166306227,-73029.2128092819,0.0
4400,83,-2.8349514348723487e+20,-8.2173214614003e+20,0.0,195982.7703522818,-188972.55475994505,0.0
4400,84,-4.907613611909752e+20,-8.503820962976277e+20,0.0,144978.7830667992,-243594.23678201588,0.0
4400,85,-6.281898200384746e+20,-8.463893587953461e+20,0.0,106373.93909511187,-258347.94521460927,0.0
4400,86,2.4434912653648367e+20,2.9027563138586418e+20,0.0,286520.9783378817,379696.02735045936,0.0
4400,87,4.2879897295954877e+18,4.7243171185959515e+20,0.0,-213109.99281056537,41071.3291785892,0.0
4400,88,-2.0682909919513596e+19,6.467846123091935e+20,0.0,-171927.38915419107,85589.89292883797,0.0
4400,89,2.5151457268293217e+18,7.889662216880664e+20,0.0,-135760.90368382647,109884.63078731236,0.0
4400,90,2.089583951489809e+19,8.612813701911898e+20,0.0,-102208.88249605829,106943.53171633642,0.0
4400,91,4.489006391169525e+19,8.929368881748809e+20,0.0,-75739.83305611052,95496.6827262992,0.0
4400,92,1.2142607517913976e+20,9.276611810149114e+20,0.0,-56893.52468575622,89372.69999765161,0.0
4400,93,5.1588324798372295e+20,1.426126141332047e+21,0.0,-4759.081026778011,254668.176885421,0.0
4400,94,3.939726254553178e+21,2.670086095933968e+21,0.0,713354.3897377804,582845.5367842731,0.0
4400,95,3.7264579126165864e+20,-4.250997447296539e+20,0.0,-22668.572056211266,-195445.63826722145,0.0
4400,96,5.1958862702200894e+20,1.0039485090873674e+21,0.0,-41089.75692213447,135114.4209749383,0.0
4400,97,6.329867417410033e+20,1.0184414813319911e+21,0.0,-35942.66898369783,188877.9211012014,0.0
4400,98,9.01222792671215e+20,6.233464378109741e+20,0.0,34058.915019399414,240956.5823681552,0.0
4400,99,-1.534007913335074e+21,-9.913514902197955e+20,0.0,-1103634.6491275767,-677720.2352030099,0.0
4400,100,1.4419290091596808e+20,-3.819200880138498e+20,0.0,99800.58038246332,-16317.148976565772,0.0
4400,101,-1.936452652108443e+19,-7.307917355214467e+20,0.0,191096.3402964038,-99137.38364443163,0.0
4400,102,-4.07954235733277e+20,-8.693150007508196e+20,0.0,157436.38418907387,-244184.5386843682,0.0
4400,103,-6.918365196688489e+20,-8.106228453211433e+20,0.0,75227.98934356986,-286748.23328512185,0.0
4400,104,-8.616557500744333e+20,-7.375630401086521e+20,0.0,24998.2291348081,-285484.2717692566,0.0
4400,105,-9.68532136721005e+20,-6.908466532003857e+20,0.0,119.69387671080813,-276339.1802438259,0.0
4400,106,-1.036373110823555e+21,-6.71324787415682e+20,0.0,-9667.940156651219,-267687.4351576625,0.0
4400,107,-1.0749780763256577e+21,-6.736214807868372e+20,0.0,-9936.522118104886,-260642.88745776637,0.0
4400,108,-1.0886722631154717e+21,-6.918519939812705e+20,0.0,-3594.348409409427,-254658.0071724539,0.0
4400,109,-1.079660048716487e+21,-7.205626052857458e+20,0.0,7764.833666034269,-248840.4354135042,0.0
4400,110,-1.0491577372964832e+21,-7.548984694753157e+20,0.0,23270.885995562257,-242228.3071022433,0.0
4400,111,-9.975836730445111e+20,-7.905048154732022e+20,0.0,42546.25505068536,-233752.91530864814,0.0
4400,112,-9.24383336667246e+20,-8.230989019409853e+20,0.0,65622.05240080961,-222025.78210158533,0.0
4400,113,-8.278310142475566e+20,-8.475670553384169e+20,0.0,92888.26577700874,-204893.76038835384,0.0
4400,114,-7.050814388011159e+20,-8.56321455934816e+20,0.0,124960.8730548467,-178472.57566451514,0.0
4400,115,-5.5294921373418947e+20,-8.361369636192112e+20,0.0,162034.88300274932,-134611.36278951066,0.0
4400,116,-3.7153368647558516e+20,-7.606425303634729e+20,0.0,199616.872639598,-52161.38083243263,0.0
4400,117,-1.886369293570905e+20,-5.6655623782261654e+20,0.0,177335.5396888791,142927.34277942,0.0
4400,118,-2.6932188589869705e+20,-2.5069380231371424e+20,0.0,-303609.2802106933,54782.8794877421,0.0
4400,119,-4.1594555404646364e+20,-1.7963446173488254e+20,0.0,-209438.07303285057,-119181.71942011976,0.0
4400,120,-3.865549004699599e+20,-6.799709233117016e+19,0.0,-154515.49913448808,-59480.80637002965,0.0
4400,121,-1.851203304605103e+20,8.32778357011874e+19,0.0,-50678.70037910859,54912.456237171595,0.0
4800,0,-1.0003693204952562e+20,-6.639144627595544e+20,0.0,64846.77582289381,-75352.52471723213,0.0
4800,1,1.0003693204952562e+20,6.639144627595544e+20,0.0,-64846.77582289381,75352.52471723213,0.0
4800,2,-2.4193196691103767e+20,-6.012408009048776e+20,0.0,-52151.3306968615,-342149.0116300784,0.0
4800,3,-2.545125774052001e+20,-6.799167316734556e+20,0.0,97550.99545600601,-364489.06208853645,0.0
4800,4,-2.2622100709530203e+20,-7.5274002730157e+20,0.0,237642.98319119902,-312135.1655460362,0.0
4800,5,-1.6483553141704173e+20,-8.017413975684712e+20,0.0,335830.42467676976,-197506.28237578188,0.0
4800,6,-8.474747457576858e+19,-8.138158692703645e+20,0.0,363623.9550679906,-44192.464703880214,0.0
4800,7,-7.172205488904381e+18,-7.830198983895574e+20,0.0,304082.05211696,104747.3428471567,0.0
4800,8,4.393414237076053e+19,-7.170459636231762e+20,0.0,174287.78270305938,197980.44741472736,0.0
4800,9,5.383670620639508e+19,-6.370187716468191e+20,0.0,21140.770809804246,210493.60437284413,0.0
4800,10,2.3116104366583878e+19,-5.658806957750624e+20,0.0,-112666.39207580927,150467.391191073,0.0
4800,11,-3.808203453880127e+19,-5.198790857681898e+20,0.0,-201044.37170196127,37322.98398431641,0.0
4800,12,-1.1555700478412102e+20,-5.09195274064814e+20,0.0,-224767.0410281448,-106451.41972243197,0.0
4800,13,-1.9064039639407523e+20,-5.383456691317217e+20,0.0,-171574.91601538679,-247028.88428694467,0.0
4800,14,-1.2558563685347939e+20,-4.180376054243862e+20,0.0,-142846.60962195924,-138481.36590590965,0.0
4800,15,-1.841702774653298e+20,-4.6138073241170844e+20,0.0,-144014.50432682605,-208338.37028354572,0.0
4800,16,-2.3905842006156483e+20,-5.212430947961482e+20,0.0,-112179.23474783501,-281889.13468354364,0.0
4800,17,-2.8259174747467376e+20,-5.991750490630658e+20,0.0,-35971.33765850347,-335974.8375593502,0.0
4800,18,-3.034832879261895e+20,-6.89438419508054e+20,0.0,62922.426599690414,-341203.6148188932,0.0
4800,19,-2.969830355439573e+20,-7.77035639662941e+20,0.0,146213.3748798396,-302399.46299338265,0.0
4800,20,-2.6781602886603237e+20,-8.481106418764155e+20,0.0,202272.16388648882,-245449.58237513097,0.0
4800,21,-2.2348850991539215e+20,-8.952451783337308e+20,0.0,238947.13700397286,-185607.9592786991,0.0
4800,22,-1.7041829903499025e+20,-9.163183906917097e+20,0.0,264773.6980691825,-126303.6087506257,0.0
4800,23,-1.1302121092137375e+20,-9.12788690388827e+20,0.0,283628.07840908464,-65484.846758892345,0.0
4800,24,-5.256927156395757e+19,-8.867824218579944e+20,0.0,293190.1617239147,2595.137207368459,0.0
4800,25,1.2328150955538082e+19,-8.351467157883929e+20,0.0,277876.9772774199,86117.06841175354,0.0
4800,26,7.4690789475622e+19,-7.457448700124163e+20,0.0,200363.01686766188,171137.35828310947,0.0
4800,27,1.0420172746340498e+20,-6.207394455718547e+20,0.0,66904.45333707157,185524.37110672644,0.0
4800,28,8.547612806319987e+19,-5.027465669559707e+20,0.0,-30427.823945970966,122691.33741793681,0.0
4800,29,4.124037855256483e+19,-4.250716781982831e+20,0.0,-76845.23175327377,48529.80591104894,0.0
4800,30,-1.0829988038428774e+19,-3.910505568633981e+20,0.0,-103611.01399644451,-16151.676541375904,0.0
4800,31,-6.690242618948884e+19,-3.922175913523895e+20,0.0,-125875.25861705272,-76009.71693285884,0.0
4800,32,2.6947715485525076e+20,-7.925429444053505e+20,0.0,60002.22179610777,72875.37390333127,0.0
4800,33,2.4607188090698206e+20,-9.231118446459929e+20,0.0,106848.11278326684,52258.471326597624,0.0
4800,34,2.1389971992471103e+20,-9.586873479351203e+20,0.0,117521.29762272917,51310.31637341694,0.0
4800,35,1.9454161888797006e+20,-8.985691019097734e+20,0.0,98870.00326692122,82501.80698861554,0.0
4800,36,1.534406220207353e+20,-7.288979003340031e+20,0.0,5750.798195848655,149852.64959730452,0.0
4800,37,-1.0293168255763107e+20,-5.225080362857596e+20,0.0,-307065.1880377204,-74932.98150164695,0.0
4800,38,-3.427496507900249e+20,-7.03816191624204e+20,0.0,-4952.315283088832,-301421.0096880725,0.0
4800,39,-3.623037359646339e+20,-8.467376347286509e+20,0.0,111876.58153489919,-243825.56054541515,0.0
4800,40,-3.468723636430553e+20,-9.047836554611214e+20,0.0,159108.04669827188,-203596.9329298853,0.0
4800,41,-3.483901459410513e+20,-9.077656405955964e+20,0.0,179878.99937218076,-190007.50083481544,0.0
4800,42,-3.818881936612032e+20,-8.578340820180667e+20,0.0,179673.15410784187,-203558.75245257674,0.0
4800,43,-4.304070026616657e+20,-7.225633943538037e+20,0.0,145657.72115868193,-234163.39306510088,0.0
4800,44,-4.1101768591009854e+20,-4.376081115070835e+20,0.0,57321.767289511416,-217008.12821653084,0.0
4800,45,-8.901486479480164e+19,4.3064274353062175e+19,0.0,53723.60441570354,-23843.939221377175,0.0
4800,46,-2.0784827590184564e+20,7.692596603938311e+20,0.0,-176627.8911894243,-26387.760357813688,0.0
4800,47,-2.188425263692078e+20,6.587542941477238e+20,0.0,11552.0962249846,-35500.46483506282,0.0
4800,48,-1.7787721526874623e+20,6.801543185785892e+20,0.0,49374.01267958035,-60072.62680261324,0.0
4800,49,-2.1266241202730582e+20,8.205515492363437e+20,0.0,-65003.023180975615,-58375.47880937763,0.0
4800,50,9.89128748340785e+19,1.0121777069236689e+21,0.0,-240038.88109942173,101925.549952716,0.0
4800,51,2.0228063480655626e+19,-1.3199317836541877e+21,0.0,187935.540904125,-647294.9324552842,0.0
4800,52,-1.2977156355216847e+19,-4.025677768307794e+20,0.0,-101782.50893245044,-146738.28659372995,0.0
4800,53,-1.004695436000071e+19,-3.892057004160376e+20,0.0,-127128.33954251793,-97330.22816357702,0.0
4800,54,8.495957607820627e+19,-4.4592615040955194e+20,0.0,-129769.03277375145,-11743.001201160494,0.0
4800,55,2.204062877843875e+20,-5.969049704829688e+20,0.0,-39172.5021932089,71021.16488906127,0.0
4800,56,-3.58078571127799e+20,-1.5300998284496114e+21,0.0,127206.20545113792,-183386.13091878817,0.0
4800,57,-4.193147464227636e+20,-1.5269549262588027e+21,0.0,121714.58490629336,-183210.53539636233,0.0
4800,58,-4.129194388896878e+20,-1.5077276527710692e+21,0.0,125603.55478843767,-172749.6898619438,0.0
4800,59,-3.482237941976503e+20,-1.4675958329246621e+21,0.0,137274.82346326704,-151716.39002769714,0.0
4800,60,-2.323599474540509e+20,-1.3909228387315944e+21,0.0,154498.89708333593,-115435.06080885409,0.0
4800,61,-7.51097196721738e+19,-1.2462691287085078e+21,0.0,171328.2941922929,-50486.521407670494,0.0
4800,62,8.556585371211399e+19,-9.587091912688349e+20,0.0,148003.99063514572,89805.58632256163,0.0
4800,63,-1.882105411235813e+20,-5.353928355803646e+20,0.0,-274671.74700399523,-161205.49404114968,0.0
4800,64,-4.097304041701523e+20,-7.794557268282796e+20,0.0,41011.07756951388,-246992.6279919111,0.0
4800,65,-4.166238208352691e+20,-8.82705976047971e+20,0.0,113815.55191472534,-207156.6579659718,0.0
4800,66,-4.3719515925967975e+20,-8.860755728451844e+20,0.0,130671.8078032147,-197977.27059541488,0.0
4800,67,-5.0187358771914677e+20,-7.809881691806513e+20,0.0,105907.06454478322,-210675.49924059035,0.0
4800,68,-5.297782570963701e+20,-4.645306765654533e+20,0.0,29502.819552147823,-187119.58290354034,0.0
4800,69,-1.3822531746393319e+20,1.900425583414088e+20,0.0,55307.89161678454,41647.53231306909,0.0
4800,70,-2.2650763566785538e+20,5.5722126952817125e+20,0.0,15253.40718325171,32028.01223969562,0.0
4800,71,-6.251264255212168e+17,5.6578689002391935e+20,0.0,279935.6712927982,136660.49331147145,0.0
4800,72,9.476732373578021e+19,7.563499076679931e+20,0.0,-390409.9616020566,419690.1374989931,0.0
4800,73,1.2629571924320549e+19,8.575999591704586e+20,0.0,-259806.12206241552,239670.6126049957,0.0
4800,74,3.762687516879296e+19,9.322988283934384e+20,0.0,-162258.77682240153,227973.39258151225,0.0
4800,75,5.039554097162903e+20,1.282520431985282e+21,0.0,329420.1561694201,707270.3444076439,0.0
4800,76,2.77045492770095e+20,6.174092701364127e+20,0.0,108467.281492991,75972.3577734005,0.0
4800,77,2.230729520625102e+19,8.307652437833481e+20,0.0,3295.083373969109,-215511.6503901786,0.0
4800,78,8.631076016392105e+19,1.2990993075595457e+21,0.0,-112864.22345611406,66236.44882857062,0.0
4800,79,5.39431806176227e+20,9.825382587862273e+20,0.0,-119372.75649178762,200780.12106431127,0.0
4800,80,1.3866049699619435e+21,-1.3666145455265926e+21,0.0,331785.0219686556,-208017.1828513274,0.0
4800,81,7.703351007872506e+19,-4.112832451002326e+20,0.0,-125738.75118894465,-62967.247838145246,0.0
4800,82,3.119487059787573e+20,-6.69275015035994e+20,0.0,7144.5838102523385,44385.6331759951,0.0
4800,83,2.7908828887250364e+20,-1.144016062548388e+21,0.0,149463.59853140972,-37192.22366054222,0.0
4800,84,1.392824595093824e+19,-1.4121718789105102e+21,0.0,161967.3759595375,-126297.53267899241,0.0
4800,85,-2.1639337083367355e+20,-1.5064614529341147e+21,0.0,142613.6543919957,-168694.0171856689,0.0
4800,86,-2.3416288950395408e+20,5.2665745251900155e+20,0.0,8724.048624062598,42065.411214921936,0.0
4800,87,-1.9240196546177794e+20,5.087997525741552e+20,0.0,78680.84954267115,26211.916549957066,0.0
4800,88,-2.7616371365742664e+20,7.075056035092034e+20,0.0,25528.301449528186,-26579.75103058378,0.0
4800,89,-2.6366427292512266e+20,9.167942736217455e+20,0.0,-20380.67475391993,-24514.153567778543,0.0
4800,90,-1.810283370826304e+20,9.797888427856065e+20,0.0,-12279.974652029325,-37855.90381294708,0.0
4800,91,-8.676639718007633e+19,9.549323568938828e+20,0.0,10514.26156778659,-78106.37258411678,0.0
4800,92,1.2730490209012847e+19,9.405934687665295e+20,0.0,2471.64781137265,-122537.51911718324,0.0
4800,93,4.865665401640551e+20,2.1741041720624522e+21,0.0,-12729.972577440005,223276.44364128978,0.0
4800,94,6.187364078121286e+21,4.5070027523429536e+21,0.0,711428.594157075,581524.2190243283,0.0
4800,95,9.227953970616477e+19,-9.178839664023828e+20,0.0,-180943.4003069381,-81434.36634054825,0.0
4800,96,3.3107152055034334e+20,1.275754873978166e+21,0.0,-77691.701150125,37486.46469811272,0.0
4800,97,4.637860934530777e+20,1.5034138077827215e+21,0.0,-67410.08366438512,123201.84982230538,0.0
4800,98,8.965184645731706e+20,1.3166344166411623e+21,0.0,-26103.557625491925,200918.3368628233,0.0
4800,99,-5.000775334212834e+21,-3.1209351266257275e+21,0.0,-1096371.1278766512,-673548.9552960905,0.0
4800,100,1.3948067574489358e+20,-4.230578935356574e+20,0.0,-111054.26473601739,-51317.17747390695,0.0
4800,101,3.816939905387517e+20,-8.284863157920218e+20,0.0,58347.39853921333,17481.951869649383,0.0
4800,102,1.066159562814983e+20,-1.4320539494952484e+21,0.0,159075.26492490203,-129607.2359126075,0.0
4800,103,-3.690466540066886e+20,-1.5840900703403353e+21,0.0,116945.46957822393,-212108.2615227019,0.0
4800,104,-6.901595997084932e+20,-1.553574473470521e+21,0.0,72932.35980176664,-235701.13132683845,0.0
4800,105,-8.8066456869857e+20,-1.5011049457947674e+21,0.0,46596.516676468076,-239247.96456174817,0.0
4800,106,-9.851689070951877e+20,-1.4652799861559287e+21,0.0,34410.45655015885,-236754.08501056567,0.0
4800,107,-1.0288042294430623e+21,-1.4498622859431327e+21,0.0,32307.51320694925,-232243.67008030883,0.0
4800,108,-1.0248342482613524e+21,-1.449696707690871e+21,0.0,37658.264967272284,-226465.31690164626,0.0
4800,109,-9.80601509153414e+20,-1.457443852605383e+21,0.0,48887.16466529242,-219000.92618944187,0.0
4800,110,-9.001474596742066e+20,-1.4652405283603059e+21,0.0,65123.19181373036,-208838.8367460827,0.0
4800,111,-7.850357382145477e+20,-1.4645302774102515e+21,0.0,86035.07376146919,-194310.5027827252,0.0
4800,112,-6.34424973374168e+20,-1.4444322772251522e+21,0.0,111745.16486087741,-172451.38160850407,0.0
4800,113,-4.452005179927624e+20,-1.3875618049994032e+21,0.0,142566.92835851616,-137042.60465942795,0.0
4800,114,-2.1413588411112502e+20,-1.2582452770103566e+21,0.0,176888.5994296618,-71279.80955757044,0.0
4800,115,3.626046860802281e+19,-9.507201334382359e+20,0.0,175406.8287044786,99980.74270109799,0.0
4800,116,-3.0610569164686924e+20,-5.725029540320023e+20,0.0,-160559.1956262049,-216450.27825016654,0.0
4800,117,-4.5788916280389324e+20,-8.030283138682689e+20,0.0,51561.36102219611,-217750.70254355407,0.0
4800,118,-4.7295420323634964e+20,-8.761758163514386e+20,0.0,101493.47209004317,-195262.78501746577,0.0
4800,119,-5.291879702129896e+20,-8.180158584682061e+20,0.0,92619.9171198102,-199541.94367067094,0.0
4800,120,-5.83951267503242e+20,-5.237055681168883e+20,0.0,25903.8960031208,-184042.73838142017,0.0
4800,121,-2.0286246477239822e+20,1.9400718824249393e+20,0.0,39049.18454453273,41428.23032816293,0.0
5200,0,1.062872063625412e+20,-8.712816429370187e+20,0.0,65096.21245335956,-57639.93069306712,0.0
5200,1,-1.062872063625412e+20,8.712816429370187e+20,0.0,-65096.21245335956,57639.93069306712,0.0
5200,2,-1.1690741182810616e+19,-7.70599087435384e+20,0.0,-123885.73344261435,-279832.53556179575,0.0
5200,3,-4.657518455006974e+19,-8.426379190588075e+20,0.0,13155.611352091932,-343703.0494686584,0.0
5200,4,-4.078880860350575e+19,-9.20362938045265e+20,0.0,161397.35323798118,-332903.90895842505,0.0
5200,5,2.959605787005265e+18,-9.844781237855195e+20,0.0,286825.84872343554,-252421.76070080668,0.0
5200,6,7.50187264151485e+19,-1.0191505887783187e+21,0.0,358671.5164857648,-116140.85342558926,0.0
5200,7,1.5805274053309003e+20,-1.0124896340290883e+21,0.0,348145.1171090562,44128.390406343315,0.0
5200,8,2.2697021472344343e+20,-9.636207704719736e+20,0.0,251243.09886005992,174584.95658797657,0.0
5200,9,2.6003813081011664e+20,-8.885161311991574e+20,0.0,104952.08137164451,231820.45899607224,0.0
5200,10,2.5083410837623443e+20,-8.108962181394984e+20,0.0,-42238.68813466777,210169.21819455083,0.0
5200,11,2.054726703858434e+20,-7.497829925989663e+20,0.0,-158048.47151390844,124927.0648655887,0.0
5200,12,1.3507739878853196e+20,-7.180995357362367e+20,0.0,-220542.85617621485,-5613.1243267092805,0.0
5200,13,5.5468916683277885e+19,-7.248288953468393e+20,0.0,-210348.91962756304,-154498.65345069653,0.0
5200,14,3.2828262775646034e+20,-9.24609674635815e+20,0.0,169959.96846584353,152640.26254491208,0.0
5200,15,3.473089913821156e+20,-9.24889617774981e+20,0.0,141015.41159380032,146302.79592038208,0.0
5200,16,3.551313028033573e+20,-9.370231673195092e+20,0.0,127757.74506083022,142179.85160528315,0.0
5200,17,3.5783428216830833e+20,-9.4072063079303e+20,0.0,111690.4802205367,144440.21323040331,0.0
5200,18,3.562803222697364e+20,-9.220068414108248e+20,0.0,81301.58214889266,155090.1975040447,0.0
5200,19,3.4352968004794686e+20,-8.72231089415991e+20,0.0,24278.155655657847,169330.7610534786,0.0
5200,20,3.006276567418711e+20,-7.924257000318025e+20,0.0,-73926.25796121,162016.10363153723,0.0
5200,21,2.0408268263024637e+20,-7.117663662172865e+20,0.0,-191054.25655603522,73260.5325621646,0.0
5200,22,7.510989925543422e+19,-6.838089070780385e+20,0.0,-217426.03798134316,-85523.13773525716,0.0
5200,23,-2.3385891883689853e+19,-7.02305490742475e+20,0.0,-157314.35610121005,-185064.35292234257,0.0
5200,24,-7.874169156083222e+19,-7.221422005119586e+20,0.0,-99504.55310126986,-218994.63525641718,0.0
5200,25,-1.0848019523430631e+20,-7.304435678831604e+20,0.0,-59911.968073514065,-229485.11832679913,0.0
5200,26,-1.2547056370177317e+20,-7.388378598340282e+20,0.0,-25647.11054687907,-239452.19179363758,0.0
5200,27,-1.3242146647268853e+20,-7.672276530007304e+20,0.0,18887.855992327342,-260458.6281986124,0.0
5200,28,-1.1808956268393154e+20,-8.378899889149913e+20,0.0,100094.71640482922,-294531.6321339214,0.0
5200,29,-3.8580123103131025e+19,-9.581556077730296e+20,0.0,282040.94778275094,-279809.6663236171,0.0
5200,30,1.5069350290008772e+20,-1.0165227027906497e+21,0.0,396286.91090252914,3276.9505179938687,0.0
5200,31,2.80178869160513e+20,-9.591372433215099e+20,0.0,248994.1508162897,144527.81801626628,0.0
5200,32,-6.397955639405376e+19,-8.952152220478038e+20,0.0,10305.056993246839,-382968.0011718725,0.0
5200,33,5.5343187727204794e+19,-7.342890124974495e+20,0.0,-272355.7386767843,-213282.05924431217,0.0
5200,34,4.172533979581277e+19,-7.410517525285666e+20,0.0,-271088.5828539952,-220053.8705711753,0.0
5200,35,-1.0139133323218316e+20,-9.16461283427425e+20,0.0,-3597.758229539123,-332419.03044585907,0.0
5200,36,-9.191992194543424e+19,-1.1395968968295291e+21,0.0,144180.42472318662,-220765.39250269253,0.0
5200,37,1.131441136975268e+19,-1.2474859611288277e+21,0.0,191693.88526853526,-117229.12285447522,0.0
5200,38,1.382599667582768e+20,-1.2359293556055597e+21,0.0,207571.7866089022,-18845.71261772194,0.0
5200,39,2.4548367121159088e+20,-1.1360061541972797e+21,0.0,191135.77845355638,87440.25648243129,0.0
5200,40,3.008917293278038e+20,-1.003246178481394e+21,0.0,126543.07451951406,182097.66002046425,0.0
5200,41,3.131278271932698e+20,-9.079350601267586e+20,0.0,57464.49083868396,218387.275866307,0.0
5200,42,3.165840820942703e+20,-8.553688360890571e+20,0.0,35435.27574840831,219753.3065871866,0.0
5200,43,2.9738333727547576e+20,-7.674908789475099e+20,0.0,-2645.6460383761278,207898.80223252118,0.0
5200,44,2.115596875957436e+20,-6.415553480267847e+20,0.0,-33642.34043457497,158891.39277198206,0.0
5200,45,9.441425553618497e+19,-2.1938036116685742e+19,0.0,56410.707396729704,-21138.111919160146,0.0
5200,46,-2.2558072162562022e+20,6.887228931270397e+20,0.0,185472.54999148462,78569.1445189243,0.0
5200,47,-3.69065066578651e+20,1.0485923295059332e+21,0.0,-195149.57636633064,9232.397786402995,0.0
5200,48,-3.700456832349044e+20,1.1009878102050522e+21,0.0,-167620.09689878955,12108.25144099475,0.0
5200,49,-1.4127597890987924e+20,1.1371101817381594e+21,0.0,-236192.2228929375,168217.12264992276,0.0
5200,50,-4.292379862283342e+20,8.892734351370706e+20,0.0,-30014.300987047736,-129037.58830731457,0.0
5200,51,6.023031118786045e+20,-3.297574028874224e+21,0.0,182797.43594468277,-617550.9088571102,0.0
5200,52,3.902023776507996e+20,-6.894954993207797e+20,0.0,41199.974989779475,58953.597624214526,0.0
5200,53,3.618994206296512e+20,-9.620265861794761e+20,0.0,210291.40172995412,88341.9503923174,0.0
5200,54,2.026054340748564e+20,-1.1212172158049393e+21,0.0,284523.676561392,-61697.09981283077,0.0
5200,55,2.0774161537258897e+19,-1.101229477897101e+21,0.0,237344.40220059454,-232304.46312875973,0.0
5200,56,5.8345877858829844e+19,-2.031516253087143e+21,0.0,134231.68797825722,-137918.9842926906,0.0
5200,57,-1.6116607935571098e+19,-2.0305900476454567e+21,0.0,131223.36415477036,-139094.45178655977,0.0
5200,58,3.4827009394780733e+18,-1.9738395581099e+21,0.0,135535.89859405014,-125563.14718441718,0.0
5200,59,1.0274273814872341e+20,-1.8529521605782712e+21,0.0,145329.005577811,-95196.22361076264,0.0
5200,60,2.618693435831933e+20,-1.627182698612489e+21,0.0,153728.40561547992,-35906.79633210375,0.0
5200,61,4.057067558731799e+20,-1.1774922470993811e+21,0.0,109103.82787210033,100679.50940946824,0.0
5200,62,-1.639800671907862e+20,-8.839221989776332e+20,0.0,-46375.96664229751,-264815.5575003874,0.0
5200,63,-1.2037628147655847e+20,-1.22731250575232e+21,0.0,159481.44026265704,-139828.0612729224,0.0
5200,64,6.2793449183910085e+19,-1.2417931893253818e+21,0.0,209766.41128590325,-23602.686108950038,0.0
5200,65,1.8065690309229196e+20,-1.16651985873425e+21,0.0,215329.16243038175,69246.47122936168,0.0
5200,66,2.0723481957868706e+20,-1.1410244230257345e+21,0.0,222474.29505819944,89482.8506564994,0.0
5200,67,1.4618125989581021e+20,-1.1567354486000688e+21,0.0,264622.9097815543,42187.7755292814,0.0
5200,68,-6.770972761434819e+19,-1.0540792037775652e+21,0.0,309878.97663698863,-118963.37673004667,0.0
5200,69,8.292156045657545e+19,5.127519519996165e+20,0.0,55094.50606698401,184889.3358577874,0.0
5200,70,-4.428621892654246e+20,8.826651600094889e+20,0.0,-140351.33837513163,-8438.590144890855,0.0
5200,71,-4.6736669889472725e+20,8.667333886923524e+20,0.0,-29522.245834699814,-16580.48485520014,0.0
5200,72,-4.736019801065962e+20,9.711017750145123e+20,0.0,-37338.385162244835,-23121.10780747992,0.0
5200,73,-4.398150985858044e+20,1.0898551811651908e+21,0.0,-45006.78370220065,-20274.67896846058,0.0
5200,74,-2.965934885510336e+20,1.1513884370101507e+21,0.0,-38953.48156583083,-61553.573964743155,0.0
5200,75,1.5180933047037943e+21,3.470628004563662e+21,0.0,318111.5665274069,687467.6535707803,0.0
5200,76,-1.5100825047101895e+21,8.963648650678167e+20,0.0,-1005029.2392714733,69956.07014990647,0.0
5200,77,1.3264555900775545e+21,2.1024090191568172e+21,0.0,423002.6359201466,490232.0381681016,0.0
5200,78,-2.492564178263692e+20,1.3115128613784458e+21,0.0,-90910.62001808042,-70161.23386844498,0.0
5200,79,2.6372088521105756e+19,1.443932519088905e+21,0.0,-190507.25079147244,86812.38208274012,0.0
5200,80,2.41266999910034e+21,-2.0086039651837092e+21,0.0,320153.50816587795,-200090.11739421266,0.0
5200,81,3.387141882835827e+20,-1.0546049556828746e+21,0.0,251488.76808387873,12501.888860548475,0.0
5200,82,1.5350678949425234e+19,-1.0166937459370228e+21,0.0,226169.90456290834,-345645.67992299265,0.0
5200,83,6.218657906611589e+20,-1.1262347494048391e+21,0.0,60496.568753030035,42750.38538770338,0.0
5200,84,4.995877153335757e+20,-1.7017885653449488e+21,0.0,143924.68181902723,-62378.18090107924,0.0
5200,85,2.3790448075129353e+20,-1.950885519358125e+21,0.0,143047.72215612224,-117195.44068003813,0.0
5200,86,-4.3832735483282063e+20,8.663061661850286e+20,0.0,-157885.67252702467,-9716.97158266726,0.0
5200,87,-4.3442537089722024e+20,9.703882375006604e+20,0.0,-185970.34958039975,-18473.074559603065,0.0
5200,88,-3.2301455220257974e+20,1.139231540503193e+21,0.0,-223429.82908215493,95050.65523724782,0.0
5200,89,-2.3269254647273046e+20,1.1792876335813675e+21,0.0,-194292.33229451743,181955.42914604617,0.0
5200,90,-8.473442461232213e+19,1.2606050057268106e+21,0.0,-95526.89290709406,182830.41967857038,0.0
5200,91,3.888632190861066e+21,4.729837699135344e+21,0.0,1863439.6830348808,1926879.906082972,0.0
5200,92,2.2782465568164617e+20,7.992111612619137e+21,0.0,77736.64608805391,3110250.1811599224,0.0
5200,93,4.395745509461828e+20,2.8504072573841666e+21,0.0,-16662.300054847863,206818.5153313565,0.0
5200,94,8.430988742874104e+21,6.341092748008943e+21,0.0,710587.4610292863,580915.1118340144,0.0
5200,95,6.520183543455198e+18,-4.852182491426737e+20,0.0,187024.38285034982,114486.74855631114,0.0
5200,96,1.2601593237280524e+19,1.1903024946142962e+21,0.0,-135603.67701255254,-123459.93116950856,0.0
5200,97,2.2146931082931205e+20,1.8130585244611287e+21,0.0,-84867.38162846857,74419.92987896425,0.0
5200,98,7.722229812812225e+20,1.9053544614243446e+21,0.0,-49666.71909864094,173900.45971804936,0.0
5200,99,-8.458394016905016e+21,-5.245131498770976e+21,0.0,-1095149.645494896,-672812.6373419754,0.0
5200,100,3.343542479352856e+20,-1.0741891583868485e+21,0.0,262072.00914130392,-19778.303119231277,0.0
5200,101,1.7586754970592795e+20,-7.50277707603314e+20,0.0,-315290.0374312274,-106014.40281916175,0.0
5200,102,5.776839401009387e+20,-1.7454918139758568e+21,0.0,138810.13766298184,-74013.22966757417,0.0
5200,103,1.324338523230871e+19,-2.186929185460749e+21,0.0,123282.18515105288,-173731.2813688411,0.0
5200,104,-4.347370174215333e+20,-2.2475314878257355e+21,0.0,86460.0218795781,-206697.26725562726,0.0
5200,105,-7.04819194639824e+20,-2.2153997034943886e+21,0.0,62367.86085458865,-215345.26640603275,0.0
5200,106,-8.467894628160981e+20,-2.1763340676124492e+21,0.0,50902.407039232516,-215414.73130389093,0.0
5200,107,-8.967239542717731e+20,-2.1483846411901385e+21,0.0,49090.47038453941,-211802.06159085513,0.0
5200,108,-8.755179773600882e+20,-2.1294624222829674e+21,0.0,54696.61575669643,-205629.54359714867,0.0
5200,109,-7.952254032177296e+20,-2.1110217657479395e+21,0.0,66300.55740004012,-196513.6997628749,0.0
5200,110,-6.62527981266483e+20,-2.081546215129125e+21,0.0,83087.90598741084,-183128.60876578258,0.0
5200,111,-4.800454414502245e+20,-2.0258107168976428e+21,0.0,104687.88949631111,-162884.70659801364,0.0
5200,112,-2.4697019796279663e+20,-1.9198449096542241e+21,0.0,130837.67454236536,-130322.52135891344,0.0
5200,113,3.77514373508948e+19,-1.7147650867074444e+21,0.0,159201.8786910343,-70883.93749180489,0.0
5200,114,3.3685469674194226e+20,-1.2630330124455096e+21,0.0,152379.00375242377,78342.92870473611,0.0
5200,115,-2.0546066074364392e+20,-8.477026608954914e+20,0.0,-59341.972467755164,-224857.1370499714,0.0
5200,116,-1.8766560059420207e+20,-1.2052820617233527e+21,0.0,149406.22635227343,-135750.9740174343,0.0
5200,117,3.7935385281180836e+18,-1.2370220943963581e+21,0.0,212477.9239403806,-31938.777516451417,0.0
5200,118,8.8807780633774e+19,-1.2138598031212725e+21,0.0,228026.8076701736,17495.928178733306,0.0
5200,119,2.148490796504925e+19,-1.2327156360077933e+21,0.0,237993.20769571845,-28389.722918261978,0.0
5200,120,-2.178930990366971e+20,-1.0828164505081228e+21,0.0,217028.59283070476,-141860.25340616988,0.0
5200,121,3.7410602314515753e+18,4.9172799406206865e+20,0.0,69118.47862611414,176599.2229830475,0.0
5600,0,3.0839758538564973e+20,-1.0348829018430666e+21,0.0,62847.45365009721,-46851.88264930188,0.0
5600,1,-3.0839758538564973e+20,1.0348829018430666e+21,0.0,-62847.45365009721,46851.88264930188,0.0
5600,2,2.237505433665109e+20,-9.048366991886765e+20,0.0,-181403.9143175201,-206170.35072188976,0.0
5600,3,1.696340238148618e+20,-9.642743191167473e+20,0.0,-68048.51622283652,-306239.57074607344,0.0
5600,4,1.5288509467391872e+20,-1.0404525273273117e+21,0.0,76707.35618089099,-337150.04327048134,0.0
5600,5,1.760447449910441e+20,-1.1139231916764943e+21,0.0,218170.11013955408,-295750.6874258186,0.0
5600,6,2.3427378933021154e+20,-1.1674340919195208e+21,0.0,325267.0415684733,-187707.97151137516,0.0
5600,7,3.152885703303213e+20,-1.1850901661411663e+21,0.0,363290.2917793767,-32315.100443987394,0.0
5600,8,3.959595519611352e+20,-1.1579689462508723e+21,0.0,309559.8926445629,122814.38063210808,0.0
5600,9,4.498361278264725e+20,-1.0945054971487798e+21,0.0,183866.89669362712,221783.46054313815,0.0
5600,10,4.631014220811101e+20,-1.0166752726777785e+21,0.0,34322.96076232776,241989.8052610253,0.0
5600,11,4.368392704055038e+20,-9.453510360417809e+20,0.0,-100707.06769657295,191144.21211192632,0.0
5600,12,3.787293680584099e+20,-8.956241114881399e+20,0.0,-196209.2338619296,83320.14721743386,0.0
5600,13,3.010476230307981e+20,-8.79847144410564e+20,0.0,-228313.0922232056,-61577.329764210604,0.0
5600,14,1.4752087532071456e+20,-9.026897253210269e+20,0.0,-54384.76099859557,-276752.1594300737,0.0
5600,15,1.2845834387561883e+20,-9.653360987917256e+20,0.0,-6910.6328475611135,-316443.14211752196,0.0
5600,16,1.1847883472982732e+20,-1.0215228603996892e+21,0.0,43717.64981655123,-329365.20870963193,0.0
5600,17,1.161965146923854e+20,-1.0846606172937144e+21,0.0,104374.71949372432,-317531.4162520498,0.0
5600,18,1.2912034355831479e+20,-1.1574883730762727e+21,0.0,167932.11448410552,-276363.1179872909,0.0
5600,19,1.6372092755090296e+20,-1.2277091154567792e+21,0.0,217650.8918837602,-212940.94823788776,0.0
5600,20,2.1766304494578414e+20,-1.2784174082319324e+21,0.0,248394.557599678,-141338.65785531834,0.0
5600,21,2.8185392219662067e+20,-1.2987437746233257e+21,0.0,264301.9754073426,-69219.77684991698,0.0
5600,22,3.4521065760745384e+20,-1.2876545413840264e+21,0.0,269015.8432686417,1328.6232818697845,0.0
5600,23,3.990778831204334e+20,-1.2528084112757568e+21,0.0,263201.4373411692,68888.47366549434,0.0
5600,24,4.420787692538846e+20,-1.2028623240621809e+21,0.0,243862.10106349122,132958.48464740478,0.0
5600,25,4.7953180286399277e+20,-1.1343105654185605e+21,0.0,195233.80769490066,194768.52724962903,0.0
5600,26,5.0539222099760395e+20,-1.029509893095313e+21,0.0,88321.07622735112,228536.09637182206,0.0
5600,27,4.8649149128335045e+20,-8.963720275404923e+20,0.0,-36061.943218251996,174950.33625430177,0.0
5600,28,4.168000291765703e+20,-7.903664173935595e+20,0.0,-97776.31455638801,71283.74134830687,0.0
5600,29,3.297004195379852e+20,-7.47296443658657e+20,0.0,-113847.8006676627,-26897.63260663611,0.0
5600,30,2.4869465753135435e+20,-7.671996055251765e+20,0.0,-112049.38959704437,-117796.68576818716,0.0
5600,31,1.8575355245745104e+20,-8.295752305484338e+20,0.0,-93447.19978005854,-205669.0588050852,0.0
5600,32,5.303565824492209e+20,-1.4050567804584416e+21,0.0,185206.9681202386,-6430.208432689352,0.0
5600,33,3.8324360669580794e+20,-1.4565216273054596e+21,0.0,197257.1086116516,-76223.98426426318,0.0
5600,34,3.3038455763892476e+20,-1.4690123268325565e+21,0.0,190969.23240639767,-90278.49278969935,0.0
5600,35,3.757847684808959e+20,-1.4790582823756528e+21,0.0,185938.32692524797,-48322.39199146292,0.0
5600,36,4.7885784701117e+20,-1.4112939826895826e+21,0.0,169484.0598412714,34723.687189690514,0.0
5600,37,5.510247457271127e+20,-1.1778159363000984e+21,0.0,75091.19081504282,165435.36760995412,0.0
5600,38,2.8444065996814336e+20,-8.87143247456175e+20,0.0,-291474.39856646216,-72457.85716914968,0.0
5600,39,5.6373528059816935e+19,-1.0583591239291622e+21,0.0,-8069.208650763516,-265096.88594447647,0.0
5600,40,2.2073506835416093e+19,-1.133069481730237e+21,0.0,67013.43212985208,-236216.86845229456,0.0
5600,41,-5.068454649517069e+18,-1.087681035680025e+21,0.0,53409.63232762263,-229202.8346382827,0.0
5600,42,-1.575605382276926e+19,-9.512807057597098e+20,0.0,-6524.484406359155,-209856.16992284075,0.0
5600,43,9.958453875929377e+18,-7.946517665252023e+20,0.0,-40339.42458628686,-157167.89369217263,0.0
5600,44,6.048891849965622e+19,-6.416988100293131e+20,0.0,-19016.9002428437,-100489.69988461376,0.0
5600,45,2.5549601216273793e+20,-1.1352513943791047e+20,0.0,46036.17180185436,-39675.96204572988,0.0
5600,46,-6.570506126443625e+20,1.09999655425129e+21,0.0,-123533.42829867214,-65252.497143845976,0.0
5600,47,-4.0213874025840614e+20,9.334502155903044e+20,0.0,294032.44555860944,57334.400074630576,0.0
5600,48,-2.986718878863212e+20,9.734762037662696e+20,0.0,458098.6831826197,349166.6253947803,0.0
5600,49,-6.219232000267994e+20,1.1608920838389018e+21,0.0,-35249.14075153161,-95017.44469570753,0.0
5600,50,-7.576083439023478e+19,1.0307697035338112e+21,0.0,-9981.940500436665,302664.60796177783,0.0
5600,51,1.1771644624067006e+21,-5.23650284328289e+21,0.0,181697.2641689708,-612182.3820275381,0.0
5600,52,2.784162176647644e+20,-1.0950474879630764e+21,0.0,532297.0727559826,-378022.81748374633,0.0
5600,53,4.127314291701445e+20,-7.645250432995307e+20,0.0,-127324.33227594543,-53926.129134028044,0.0
5600,54,6.279733584358944e+20,-9.225383479196182e+20,0.0,-28689.538549939338,89429.89954690594,0.0
5600,55,6.668619526370419e+20,-1.211783394253155e+21,0.0,114665.46885350591,78648.49960120775,0.0
5600,56,4.805183421893669e+20,-2.4168215554763947e+21,0.0,132606.37091002794,-108141.00089414993,0.0
5600,57,3.9940305615013216e+20,-2.4197066489147713e+21,0.0,131270.0392059364,-109271.32292324312,0.0
5600,58,4.318822478508951e+20,-2.3144939401117845e+21,0.0,134954.9806356592,-92066.74834860978,0.0
5600,59,5.554124655392552e+20,-2.081872393555273e+21,0.0,140055.2661955109,-51539.245938510925,0.0
5600,60,7.077439746236438e+20,-1.6235274127152445e+21,0.0,123421.71474424032,37896.267714819005,0.0
5600,61,1.705260998538975e+20,-8.881060399420978e+20,0.0,-210924.27196376811,-193622.81129614878,0.0
5600,62,1.4278087749635434e+20,-1.4774681163022344e+21,0.0,168625.12009935617,-99412.02297918718,0.0
5600,63,4.6605945471716957e+20,-1.281937857158477e+21,0.0,158427.96286531226,138448.59533719154,0.0
5600,64,1.931125972650753e+20,-9.020158148568165e+20,0.0,-237846.24078482148,-151925.36417835366,0.0
5600,65,3.448415375051454e+19,-9.974152221270369e+20,0.0,-60109.299307549736,-225634.5592668946,0.0
5600,66,5.2180284498257986e+19,-9.080523409435087e+20,0.0,-100415.0613658706,-188912.40237908124,0.0
5600,67,1.9659069899706692e+20,-7.636127339878116e+20,0.0,-156082.1051148262,-60540.477594008655,0.0
5600,68,2.50934647079035e+20,-6.74495537160586e+20,0.0,-102315.19467920777,19654.671457083678,0.0
5600,69,-2.2110473114015128e+20,1.27047472483721e+21,0.0,-307667.6892519463,147507.95337873694,0.0
5600,70,-3.274237977921457e+20,1.0867972179975122e+21,0.0,-620656.4944121743,362810.2703733708,0.0
5600,71,-5.825690973700683e+20,1.1513148544593291e+21,0.0,-208943.70322148217,11065.851317515664,0.0
5600,72,-5.344386590301677e+20,1.236808583691031e+21,0.0,-220330.26842274505,70070.95420995235,0.0
5600,73,-4.773727552105267e+20,1.3100342989149878e+21,0.0,-188615.91551164287,126604.50474395702,0.0
5600,74,-3.5822552440516896e+20,1.2724964276704518e+21,0.0,-105656.5417960679,-55423.12817027511,0.0
5600,75,2.518741971997232e+21,5.633849349213551e+21,0.0,316369.9538869111,684076.7017486837,0.0
5600,76,-4.661844914444124e+21,1.1127745839915534e+21,0.0,-995506.045984845,67927.31838578601,0.0
5600,77,2.6511832783649495e+21,3.638089924369663e+21,0.0,417726.23539071705,484280.68198733573,0.0
5600,78,-1.6602826504294937e+20,1.330436893830517e+21,0.0,-66306.3719003387,246756.17438886705,0.0
5600,79,-5.712110315732452e+20,1.5139948932876172e+21,0.0,-172342.28937827653,-42964.16121220047,0.0
5600,80,3.413277629645119e+21,-2.633735623177537e+21,0.0,314553.04948273976,-196470.89832724788,0.0
5600,81,6.49808223340763e+20,-8.627355934384571e+20,0.0,-35421.085343679704,49650.646383209765,0.0
5600,82,6.983032612393579e+20,-1.281942418078981e+21,0.0,140200.50605409022,30180.235360060276,0.0
5600,83,5.339134537889688e+20,-9.226558404981297e+20,0.0,-181102.62269263944,50347.13002618741,0.0
5600,84,9.154948431888262e+20,-1.8271072004699445e+21,0.0,118900.3540929418,-19237.636927166706,0.0
5600,85,6.791678381406903e+20,-2.2648751041220392e+21,0.0,136054.2588152466,-83882.20058407194,0.0
5600,86,-3.9884230469597096e+20,9.384791740571931e+20,0.0,281090.183629241,172453.021257885,0.0
5600,87,-5.729246247342302e+20,8.818566652945777e+20,0.0,104312.51807342879,5715.5221474335995,0.0
5600,88,-7.405589994929631e+20,1.187551508655565e+21,0.0,-45789.03533347114,-35637.83691516696,0.0
5600,89,-6.702283624340571e+20,1.4349318154106472e+21,0.0,-89552.11343003143,12301.205793511237,0.0
5600,90,-3.802900531066864e+20,1.5158668957290503e+21,0.0,-85867.79001877962,-7018.162975774263,0.0
5600,91,9.767931648396749e+21,1.080917997772828e+22,0.0,1862811.3463071594,1926176.7627707047,0.0
5600,92,4.7310396788257194e+20,1.7806116114642233e+22,0.0,77717.47008704158,3109649.847179296,0.0
5600,93,3.830916672107928e+20,3.485886648541302e+21,0.0,-18949.095442623595,196634.5536913437,0.0
5600,94,1.0672627446309102e+22,8.173722545004727e+21,0.0,710116.3319963091,580563.2565952331,0.0
5600,95,5.919729088018646e+20,-3.439626607802026e+20,0.0,171077.31557218885,1647.1085815569486,0.0
5600,96,-1.3107596167011324e+21,-1.1191764708574133e+22,0.0,-525862.7530495867,-5605058.400800174,0.0
5600,97,-6.6373758184749425e+19,1.9763240973970705e+21,0.0,-96961.08039204266,28750.233902529093,0.0
5600,98,5.949843758655824e+20,2.4225002075647666e+21,0.0,-61459.38067520012,154851.53719601358,0.0
5600,99,-1.191352771662724e+22,-7.367820777553244e+21,0.0,-1094640.0766267183,-672501.7426724354,0.0
5600,100,7.514703918870164e+20,-9.488915224442122e+20,0.0,22855.796523291683,52889.401991256644,0.0
5600,101,6.400244468001898e+20,-1.380055860985358e+21,0.0,175461.58420507066,-36126.20600922711,0.0
5600,102,9.813348390007177e+20,-1.9191034707744606e+21,0.0,116923.63556831359,-38025.985534053034,0.0
5600,103,4.0261379485331495e+20,-2.6967720030162523e+21,0.0,123014.26423531475,-151126.14396579462,0.0
5600,104,-1.532747083357305e+20,-2.8698907703022075e+21,0.0,91151.98073826461,-189048.39064029083,0.0
5600,105,-4.9631662855716766e+20,-2.869327261168795e+21,0.0,68911.6027242322,-200150.9748223483,0.0
5600,106,-6.731459185078593e+20,-2.832484937758652e+21,0.0,58257.410037292,-201351.12185330916,0.0
5600,107,-7.28130497246527e+20,-2.793574741971772e+21,0.0,56856.210987222374,-197955.44108341858,0.0
5600,108,-6.88805253489146e+20,-2.754273252403707e+21,0.0,62715.24514940092,-191206.9480738903,0.0
5600,109,-5.7155386204995315e+20,-2.7046977761967473e+21,0.0,74499.74268680486,-180632.9519384376,0.0
5600,110,-3.8564510946438264e+20,-2.6285564675113e+21,0.0,91371.93648901855,-164531.6418310276,0.0
5600,111,-1.3519775127124812e+20,-2.5008505671253355e+21,0.0,112720.90582412081,-139294.8658430661,0.0
5600,112,1.7810533790521636e+20,-2.2756129209270788e+21,0.0,137084.15547945866,-96368.13385022458,0.0
5600,113,5.355717635037206e+20,-1.8380099467318956e+21,0.0,152647.33889635353,-7587.037375554867,0.0
5600,114,3.697671237922668e+20,-8.257740285250761e+20,0.0,-222241.72348804807,40699.72753804893,0.0
5600,115,1.3965409861977444e+19,-1.425182004458331e+21,0.0,150322.93868467197,-120814.90595236985,0.0
5600,116,4.222506051602829e+20,-1.2698118695360154e+21,0.0,187077.84696623348,153167.37636254908,0.0
5600,117,1.629737828072808e+20,-8.996617920840292e+20,0.0,-214253.14271639482,-142165.24284504997,0.0
5600,118,9.841124683872579e+19,-8.957697547827403e+20,0.0,-152266.2644784285,-163404.7698593101,0.0
5600,119,3.3358916135673705e+20,-8.15826498905806e+20,0.0,-199316.97983681157,56235.29648106723,0.0
5600,120,4.5682091707417094e+20,-8.630094778038455e+20,0.0,-73515.60057324181,198179.44791809205,0.0
5600,121,-3.250787248779538e+20,1.268114816536436e+21,0.0,-338348.74664426054,89904.02398571558,0.0
6000,0,5.026382838378683e+20,-1.170766253546904e+21,0.0,60259.804324016244,-39709.26660909161,0.0
6000,1,-5.026382838378683e+20,1.170766253546904e+21,0.0,-60259.804324016244,39709.26660909161,0.0
6000,2,4.58059850842137e+20,-1.0221094509087616e+21,0.0,-219019.81277135055,-123357.65181957441,0.0
6000,3,3.891100779488061e+20,-1.0640695790406401e+21,0.0,-138394.79546985758,-251519.02122829974,0.0
6000,4,3.5132804754712356e+20,-1.1325250551940056e+21,0.0,-8214.765573207947,-321336.76091701235,0.0
6000,5,3.5246137840272284e+20,-1.2091668634566858e+21,0.0,137820.7000732033,-321008.26211162313,0.0
6000,6,3.923933369774054e+20,-1.2764958888209487e+21,0.0,269616.2483835432,-249108.60190348164,0.0
6000,7,4.643944216456867e+20,-1.3165192610879693e+21,0.0,351292.04058445466,-112996.87087485164,0.0
6000,8,5.497920506922094e+20,-1.3137144905864446e+21,0.0,346378.20752619306,51931.143864631034,0.0
6000,9,6.20354108035941e+20,-1.267659566493667e+21,0.0,253627.1766408384,185249.978718,0.0
6000,10,6.55431177084205e+20,-1.195991438887135e+21,0.0,113728.01445922583,247378.00058855963,0.0
6000,11,6.503015660985993e+20,-1.1200730628855418e+21,0.0,-30821.301039381648,235232.1558483132,0.0
6000,12,6.087926051802646e+20,-1.0564799707861541e+21,0.0,-151868.93027267107,157947.56437792425,0.0
6000,13,5.3916677247462834e+20,-1.0198186635672034e+21,0.0,-222943.30303364515,28441.13981884665,0.0
6000,14,7.384274175471177e+20,-1.0668939346006992e+21,0.0,1698.8230423284454,156763.6848114034,0.0
6000,15,7.502368295595108e+20,-1.0958329560976473e+21,0.0,8310.27474638485,159850.98895470562,0.0
6000,16,7.581587017471357e+20,-1.1334028620284006e+21,0.0,23144.014703642893,165696.60346548338,0.0
6000,17,7.569416872466994e+20,-1.1527319578743952e+21,0.0,23429.431027525006,170320.8413898017,0.0
6000,18,7.43552303842229e+20,-1.1368079958946522e+21,0.0,-7002.910416128796,175050.10196337645,0.0
6000,19,7.03441652220776e+20,-1.0814477343043954e+21,0.0,-81552.85485299728,165445.58624357433,0.0
6000,20,6.077446399142928e+20,-1.0099962118208609e+21,0.0,-191956.24166164917,85719.70029552266,0.0
6000,21,4.6127548906304655e+20,-9.901718576326004e+20,0.0,-224880.1719043414,-93461.76341544313,0.0
6000,22,3.457673843027395e+20,-1.037606942360719e+21,0.0,-137145.13745595329,-215361.37802152478,0.0
6000,23,2.8966728395726907e+20,-1.0837823565632417e+21,0.0,-58816.16030998918,-245108.4986960648,0.0
6000,24,2.653722149940045e+20,-1.0993618866115522e+21,0.0,-20254.698472966127,-244739.38744846563,0.0
6000,25,2.537134728392778e+20,-1.0975045870342278e+21,0.0,988.7971476015974,-241159.67221091237,0.0
6000,26,2.486092574272171e+20,-1.1064246232256034e+21,0.0,31431.11210588764,-245469.94379001448,0.0
6000,27,2.601118984949588e+20,-1.1563556584537305e+21,0.0,98730.91828504157,-261471.9316849878,0.0
6000,28,3.3883014200427066e+20,-1.26487843682105e+21,0.0,258740.44642074074,-243601.4836522868,0.0
6000,29,5.700381105641425e+20,-1.308736411287544e+21,0.0,374619.1876184391,76313.06921844267,0.0
6000,30,7.11482414117608e+20,-1.1633813149571137e+21,0.0,130163.40397107134,206741.64410058712,0.0
6000,31,7.31486221168275e+20,-1.0776989274980107e+21,0.0,28062.270262672264,172111.72014349257,0.0
6000,32,8.526751756544691e+20,-1.1894945681715867e+21,0.0,-15146.273226765921,117711.62060512393,0.0
6000,33,8.681099774092096e+20,-1.4075429269791548e+21,0.0,87619.63426907141,90831.72776859277,0.0
6000,34,8.345420325116391e+20,-1.4549330912485984e+21,0.0,104512.54020704378,86765.39105535435,0.0
6000,35,8.158577068369428e+20,-1.3266552349061635e+21,0.0,51615.111392122715,138139.8743136044,0.0
6000,36,5.4890411059760064e+20,-1.0252408436054588e+21,0.0,-292529.7175545863,13152.66508595597,0.0
6000,37,2.746059095992439e+20,-1.3681964207934192e+21,0.0,109201.2018417054,-230606.61964626212,0.0
6000,38,4.0775537138081713e+20,-1.5268268586576694e+21,0.0,196110.6984417063,-89811.34161357205,0.0
6000,39,5.428988340341733e+20,-1.50474970984588e+21,0.0,214019.96485602082,17868.997892526444,0.0
6000,40,6.063994444688012e+20,-1.4452562758699686e+21,0.0,213645.87802206862,84359.44728895181,0.0
6000,41,5.8457302713909156e+20,-1.4401302349342536e+21,0.0,236774.22698865962,75277.74720864727,0.0
6000,42,4.7203209208031144e+20,-1.4504869572951327e+21,0.0,273631.95330938365,-8219.396576339195,0.0
6000,43,3.331175511522138e+20,-1.3715549011647238e+21,0.0,279823.7434063293,-117538.54007215188,0.0
6000,44,2.743280582953271e+20,-1.180114061303327e+21,0.0,240968.21308737094,-227807.2515059864,0.0
6000,45,3.9106307356057607e+20,-2.8679463850342875e+20,0.0,41140.080854624975,-72425.08013196896,0.0
6000,46,-5.0452792992814865e+20,1.0295525619458528e+21,0.0,246010.03130691318,228212.45200097482,0.0
6000,47,-8.480837045674545e+20,1.254340548419203e+21,0.0,-64935.8381163804,-60457.592364648255,0.0
6000,48,-8.285505195508536e+20,1.3203570065388344e+21,0.0,-69369.6462950531,-62634.66536336026,0.0
6000,49,-5.8555125382602175e+20,1.4582848638385426e+21,0.0,-222543.7773871123,108899.03213242054,0.0
6000,50,-6.64857629127909e+20,1.4997433022472276e+21,0.0,-211423.2735332997,-23303.519773897,0.0
6000,51,1.7496724678818524e+21,-7.164383976938305e+21,0.0,181188.510976756,-609891.1655201243,0.0
6000,52,6.977487323733272e+20,-9.037075067757644e+20,0.0,-62807.749195715274,-12211.383748627959,0.0
6000,53,7.475184813834966e+20,-1.276823272308245e+21,0.0,217538.59791528064,99288.04992195709,0.0
6000,54,4.044843123898495e+20,-1.3320084787855887e+21,0.0,259177.75223787237,-262816.66290745727,0.0
6000,55,5.225921686954395e+20,-9.88065256592034e+20,0.0,-242223.7468734413,-109307.89583490335,0.0
6000,56,8.926560423910956e+20,-2.723006977827233e+21,0.0,128362.67107616716,-86989.06136076109,0.0
6000,57,8.091008106347004e+20,-2.7288442199704973e+21,0.0,128070.32709369957,-87702.27871563421,0.0
6000,58,8.510550783078248e+20,-2.5635531149114805e+21,0.0,130267.19224759158,-66855.05981826609,0.0
6000,59,9.792501428372587e+20,-2.1864590694845708e+21,0.0,127562.53940226563,-15759.279439094245,0.0
6000,60,9.889134354220603e+20,-1.3887013564258952e+21,0.0,40640.57599673412,109862.64586597824,0.0
6000,61,2.348396736391179e+20,-1.5832795725685625e+21,0.0,131959.35483409333,-155663.01045567353,0.0
6000,62,6.945019074621565e+20,-1.4767086902635062e+21,0.0,145908.64045712294,115328.31916942517,0.0
6000,63,2.0569461170861877e+20,-1.2603123559435057e+21,0.0,16710.207702680043,-230325.64757937405,0.0
6000,64,2.9367544645650226e+20,-1.5095082190189036e+21,0.0,170106.12691176584,-111428.48580287765,0.0
6000,65,3.616682179511542e+20,-1.525387401796226e+21,0.0,202011.13413450873,-65181.392063429776,0.0
6000,66,2.6386593540679614e+20,-1.483037363905211e+21,0.0,186236.01715728774,-114204.62236264153,0.0
6000,67,9.7614668476163e+19,-1.265781381892862e+21,0.0,94191.95647553285,-180765.74457316627,0.0
6000,68,7.77461832842519e+19,-9.095534229372102e+20,0.0,5556.4628558743225,-135432.7551864076,0.0
6000,69,-9.173165745367455e+20,1.0947752199282565e+21,0.0,-81717.57403239228,-123888.00316465517,0.0
6000,70,-8.227746979656424e+20,1.107281117564247e+21,0.0,39515.785399104454,-11177.416252380093,0.0
6000,71,-6.828393580395868e+20,1.0881755324890395e+21,0.0,197588.54639773982,11224.326931681137,0.0
6000,72,-7.993401516904863e+20,1.2008113552550024e+21,0.0,68152.99987393619,-60956.09120283257,0.0
6000,73,-7.912055280262964e+20,1.3650890516976417e+21,0.0,-77.66213639798843,-72572.58868705337,0.0
6000,74,-4.741137057958144e+20,1.4178512386010112e+21,0.0,-135156.4538932731,-68434.40193489383,0.0
6000,75,3.515859843165248e+21,7.790084672463658e+21,0.0,315647.8347443985,682623.8155529632,0.0
6000,76,-7.799467938774517e+21,1.3265071317255885e+21,0.0,-993349.3235391795,67595.39365680453,0.0
6000,77,3.9661495398176375e+21,5.162531671533108e+21,0.0,415884.202331691,482122.1349744514,0.0
6000,78,-4.7434730051452e+20,1.7777419221283425e+21,0.0,-108771.18902568282,68917.34811987478,0.0
6000,79,-9.313280393758056e+20,1.201922452960261e+21,0.0,-28879.87299137578,-138332.30619494535,0.0
6000,80,4.4003435653564103e+21,-3.2501908072521977e+21,0.0,311265.225990302,-194378.77019791136,0.0
6000,81,4.766781484037443e+20,-1.3321641135846816e+21,0.0,341318.79203535564,-221679.13253321144,0.0
6000,82,8.36518314942352e+20,-1.082555376764661e+21,0.0,-78310.59508819126,68678.8799564426,0.0
6000,83,6.081822769301617e+20,-1.593351808493992e+21,0.0,196979.13837445845,-118526.10926836714,0.0
6000,84,1.2449534147459704e+21,-1.8327754386748715e+21,0.0,88899.41157949854,14625.96736917819,0.0
6000,85,1.0947266898011942e+21,-2.490094922485012e+21,0.0,127162.94938396403,-60013.11733059112,0.0
6000,86,-8.678608376009051e+20,1.1129080612653915e+21,0.0,-11606.391971448815,-11498.66575456591,0.0
6000,87,-8.567304791913706e+20,1.2571541142547323e+21,0.0,-157699.3083538002,-39319.03960798542,0.0
6000,88,-5.275309825957214e+20,1.328482087028232e+21,0.0,-304565.9655761397,275637.23673363175,0.0
6000,89,-7.374389573636239e+20,1.279538814505167e+21,0.0,100547.96332757158,-130722.75613071884,0.0
6000,90,-4.059437988695019e+20,1.3367403354003362e+21,0.0,-36813.23462102353,235487.4845432765,0.0
6000,91,1.5646210120658595e+22,1.6887398694948889e+22,0.0,1862642.1354470216,1925993.779015395,0.0
6000,92,7.183525587479551e+20,2.761911488888612e+22,0.0,77712.47655509844,3109478.528314166,0.0
6000,93,3.2083872569100757e+20,4.094804359553631e+21,0.0,-20403.59891312209,189669.56236360947,0.0
6000,94,1.2913077200872423e+22,1.0005455635489487e+22,0.0,709814.9540769431,580333.6900390036,0.0
6000,95,1.0745843892674418e+21,-4.097747088160625e+20,0.0,135403.5980672466,-39275.06929089775,0.0
6000,96,-2.9701933519830385e+21,-2.887945268451594e+22,0.0,-525832.9387532516,-5604801.166065068,0.0
6000,97,-3.875043447968926e+20,1.9861686005330058e+21,0.0,-106095.06254634215,-25321.56492697919,0.0
6000,98,3.895966051283512e+20,2.8877215883404625e+21,0.0,-68123.65357270437,140619.44156169746,0.0
6000,99,-1.536746949892038e+22,-9.489780852987028e+21,0.0,-1094359.8642979346,-672329.8535298784,0.0
6000,100,4.537245379242197e+20,-1.0324150795653044e+21,0.0,-190535.5781205969,-305985.1530805225,0.0
6000,101,9.964930630918815e+20,-1.3402469610692472e+21,0.0,47569.48155329056,48607.29139863203,0.0
6000,102,1.314827633763878e+21,-1.9942371787572015e+21,0.0,94202.21614726153,-10528.04095424866,0.0
6000,103,7.881037734026715e+20,-3.148746004192223e+21,0.0,121183.27484933208,-136242.55121502903,0.0
6000,104,1.3757012121898869e+20,-3.4468922932175516e+21,0.0,92885.21334629896,-177360.6856194366,0.0
6000,105,-2.7340690155571655e+20,-3.483754894495321e+21,0.0,72001.09571430397,-189862.84508395655,0.0
6000,106,-4.828218867174141e+20,-3.451686993156079e+21,0.0,61973.270620330855,-191629.2292032949,0.0
6000,107,-5.417098658067754e+20,-3.4020726700284607e+21,0.0,60883.05325479253,-188220.36829927858,0.0
6000,108,-4.8364046548520894e+20,-3.340588179741678e+21,0.0,66887.19720346868,-180920.6851010061,0.0
6000,109,-3.2914697144310825e+20,-3.255680470173471e+21,0.0,78683.992204356,-169143.49755281233,0.0
6000,110,-9.026264740810511e+19,-3.1251094384821315e+21,0.0,95351.45621264886,-150825.98665833674,0.0
6000,111,2.2636532267980692e+20,-2.910900252675524e+21,0.0,115875.55977788327,-121361.12486942376,0.0
6000,112,6.113709154541863e+20,-2.534762702341564e+21,0.0,136700.200721494,-68784.09080067636,0.0
6000,113,9.758091987636684e+20,-1.7644065605696815e+21,0.0,121520.81164841058,53920.118948804164,0.0
6000,114,7.907216943980628e+19,-1.3474858645370186e+21,0.0,50499.08363524517,-196682.74123783913,0.0
6000,115,5.920399811991003e+20,-1.5237430277271417e+21,0.0,189367.9930588347,84056.47516920789,0.0
6000,116,1.595763371820222e+20,-1.23657000889927e+21,0.0,3109.4808445886447,-201710.43107862066,0.0
6000,117,2.0326931534837734e+20,-1.4704190489766613e+21,0.0,143512.63788203883,-127914.72702611244,0.0
6000,118,1.8555556930303712e+20,-1.4620041105545468e+21,0.0,146518.24977524742,-131918.26264671216,0.0
6000,119,7.068946202859939e+19,-1.226424576902476e+21,0.0,46894.15200847559,-179406.41415969766,0.0
6000,120,1.3611113206568962e+20,-8.570519003113606e+20,0.0,-53492.14577210442,-105202.80108384666,0.0
6000,121,-9.566742534082732e+20,1.0500989823169686e+21,0.0,-73076.05394843892,-102765.34213998057,0.0
6400,0,6.888986252864684e+20,-1.2876697519037418e+21,0.0,57823.39123387864,-34644.69697176893,0.0
6400,1,-6.888986252864684e+20,1.2876697519037418e+21,0.0,-57823.39123387864,34644.69697176893,0.0
6400,2,6.879194751127636e+20,-1.1325224399316867e+21,0.0,-233765.23437849223,-35929.03752758405,0.0
6400,3,6.096580048646004e+20,-1.1535310446259445e+21,0.0,-192424.50841625134,-181965.82754077867,0.0
6400,4,5.5387513470501283e+20,-1.208756154276987e+21,0.0,-86721.09507194685,-285192.0383800047,0.0
6400,5,5.332028701630668e+20,-1.2823574516676858e+21,0.0,52737.11660721928,-324960.12302815623,0.0
6400,6,5.520081445865765e+20,-1.3576168498244944e+21,0.0,197590.27521499063,-293573.2961179597,0.0
6400,7,6.090252074679864e+20,-1.416160403451044e+21,0.0,314192.83717605507,-188350.6666157913,0.0
6400,8,6.917075087528985e+20,-1.4379709971007194e+21,0.0,358572.52746859007,-29385.085785253865,0.0
6400,9,7.732483166819088e+20,-1.4136719648820746e+21,0.0,308435.7907006718,127064.63773275631,0.0
6400,10,8.277299827009129e+20,-1.3542105723918688e+21,0.0,190211.0043418971,227609.4900403022,0.0
6400,11,8.44255056450864e+20,-1.2796914340877687e+21,0.0,46887.25235796652,255871.33481244498,0.0
6400,12,8.224245867760858e+20,-1.2073693593309526e+21,0.0,-90584.69567307904,214812.28713539845,0.0
6400,13,7.6627501780496e+20,-1.1530184191396884e+21,0.0,-194603.10333912997,110673.37079400854,0.0
6400,14,5.322711664573462e+20,-1.362578948474831e+21,0.0,209508.22255152353,-297159.75574140187,0.0
6400,15,5.39146770474953e+20,-1.393472254479215e+21,0.0,220744.55685473484,-275806.2776416071,0.0
6400,16,5.357636518387328e+20,-1.4107480604614908e+21,0.0,209974.34680212647,-264317.62944251596,0.0
6400,17,5.415093435199642e+20,-1.4404590413429012e+21,0.0,214448.34097552494,-239249.7904510443,0.0
6400,18,5.673485256664891e+20,-1.4866852337738952e+21,0.0,234083.81503492512,-190627.12866176642,0.0
6400,19,6.181437480377693e+20,-1.5325350278750882e+21,0.0,252555.00846203073,-122437.9714759685,0.0
6400,20,6.883580821984517e+20,-1.554567042166154e+21,0.0,259274.1821723866,-44451.923488503286,0.0
6400,21,7.630580570802732e+20,-1.5387246187487885e+21,0.0,250785.12391404103,36884.74298692262,0.0
6400,22,8.244445418304071e+20,-1.4885363957616728e+21,0.0,224789.0153482296,115364.65612279957,0.0
6400,23,8.617529015799011e+20,-1.423561092484362e+21,0.0,183680.5112979325,179563.21187912792,0.0
6400,24,8.791377765500724e+20,-1.3609541518104619e+21,0.0,135906.6605347008,221281.3223342307,0.0
6400,25,8.864543471978342e+20,-1.2916704223786676e+21,0.0,72799.26067878562,240826.42874358597,0.0
6400,26,8.742252551671223e+20,-1.1903402223934518e+21,0.0,-24380.786855290957,214125.13025638243,0.0
6400,27,8.099985573244923e+20,-1.0727530404301463e+21,0.0,-105866.41249695294,114437.68038682241,0.0
6400,28,6.995357243097005e+20,-1.0044085934096367e+21,0.0,-125255.53959038356,-8393.782242714686,0.0
6400,29,5.8669000342928595e+20,-1.0265652559453047e+21,0.0,-102588.12841032297,-126589.05024947236,0.0
6400,30,5.1167616914898276e+20,-1.1367495679241984e+21,0.0,-32696.738080303923,-245668.0221829403,0.0
6400,31,5.049276468069023e+20,-1.2773320159175314e+21,0.0,107250.35403870483,-317695.1782134768,0.0
6400,32,5.6577374246955536e+20,-1.506805406799962e+21,0.0,184409.45456809198,-245201.00198391275,0.0
6400,33,6.117802747783225e+20,-1.1668744797612823e+21,0.0,-255695.43953418377,-243380.0740991798,0.0
6400,34,6.3398048470038e+20,-1.1526329669051411e+21,0.0,-282812.8616407408,-186431.66139781396,0.0
6400,35,4.77476129871282e+20,-1.432334729822708e+21,0.0,78187.62877795508,-277378.9523624226,0.0
6400,36,6.127208080113682e+20,-1.677647337741332e+21,0.0,182562.97025852776,-103728.34896709026,0.0
6400,37,8.291359784625274e+20,-1.6353667844938835e+21,0.0,175577.73101000072,54752.45128507621,0.0
6400,38,8.959908065561046e+20,-1.2995574351463165e+21,0.0,-32415.367109503502,227438.72836497138,0.0
6400,39,5.5434580612703794e+20,-1.1608363546240638e+21,0.0,-203416.1103226518,-187113.7599396394,0.0
6400,40,4.526481716029642e+20,-1.2216238719923847e+21,0.0,-79723.60943196565,-228674.30350515674,0.0
6400,41,4.848134531767213e+20,-1.1347599403847326e+21,0.0,-128445.43934867483,-174091.55599460032,0.0
6400,42,6.262474739947826e+20,-1.0325443719979376e+21,0.0,-172903.46915384807,-32832.388832535355,0.0
6400,43,6.936611279984963e+20,-9.857532725148702e+20,0.0,-130977.67763911045,40267.32312888446,0.0
6400,44,6.089019096198193e+20,-8.904085714653547e+20,0.0,-65010.39988007589,15563.21487578346,0.0
6400,45,5.25366229267218e+20,-5.907805890354961e+20,0.0,46370.45219810505,-125408.5371363327,0.0
6400,46,-1.0556362185471007e+21,1.305890860518774e+21,0.0,-75071.62360119545,-81087.35756085334,0.0
6400,47,-8.364856347755281e+20,1.4766613244176347e+21,0.0,-269641.3350267563,69575.43269255452,0.0
6400,48,-8.14632075410138e+20,1.5188927067870777e+21,0.0,-241032.92792358075,96411.20364750523,0.0
6400,49,-9.922771070290484e+20,1.3760366638965182e+21,0.0,840.45989753977,-116749.9557205368,0.0
6400,50,-9.26284306991844e+20,1.1443682341726607e+21,0.0,104523.96476160764,-118999.1639469075,0.0
6400,51,2.3209559438434514e+21,-9.086877767640525e+21,0.0,180892.02761711538,-608618.1987632669,0.0
6400,52,9.609213886661451e+20,-1.2223999252326583e+21,0.0,131384.41699257842,123869.23590187101,0.0
6400,53,8.095221975482398e+20,-1.0192337119082313e+21,0.0,-128470.35705171783,-29176.876351967872,0.0
6400,54,1.0494321254633313e+21,-1.3073311819878892e+21,0.0,60290.247543773985,114581.04989141387,0.0
6400,55,8.814231297040127e+20,-1.6008364947559586e+21,0.0,210161.25593605763,-2285.273125904743,0.0
6400,56,1.2898632080658478e+21,-2.9712562185697514e+21,0.0,123307.57962221817,-71021.71255685299,0.0
6400,57,1.2064904911822798e+21,-2.9785659968348005e+21,0.0,123664.12655314017,-71239.16046889451,0.0
6400,58,1.2521500307021984e+21,-2.741958786757506e+21,0.0,123718.10855236251,-46919.7743849704,0.0
6400,59,1.3545592840342203e+21,-2.1864254639990537e+21,0.0,109325.56099714452,15143.869816152528,0.0
6400,60,7.600885106248221e+20,-1.0560537372541324e+21,0.0,-227713.06550856552,-6433.904658554577,0.0
6400,61,7.295678823384161e+20,-1.8522444956785873e+21,0.0,165187.50127481332,-17598.912340878516,0.0
6400,62,4.4643819243616915e+20,-1.2488165882488734e+21,0.0,-95225.33307676371,-240486.83821133428,0.0
6400,63,6.184727708809615e+20,-1.6914773671916347e+21,0.0,190214.68665325432,-28335.83786395096,0.0
6400,64,8.689492148113159e+20,-1.3767974871560644e+21,0.0,65313.028530148185,252792.66575117176,0.0
6400,65,7.737425677270837e+20,-1.1606658028476155e+21,0.0,-232707.68677667508,166573.9754886494,0.0
6400,66,8.859749633117017e+20,-1.318793528650831e+21,0.0,36756.817830769425,259513.15792599827,0.0
6400,67,7.153950230453032e+20,-1.5734881518218253e+21,0.0,261112.69605567286,57961.21254687265,0.0
6400,68,3.783589559530044e+20,-1.405503290283007e+21,0.0,217455.43025863302,-148976.0141004101,0.0
6400,69,-9.01255586216872e+20,8.432771087939e+20,0.0,66437.95065597924,-17994.770200354822,0.0
6400,70,-1.0376898885772961e+21,1.3399137856150378e+21,0.0,-116449.6625048654,-21120.86497552071,0.0
6400,71,-1.0557421259733842e+21,1.3324197458498746e+21,0.0,-51732.873730049185,-37681.91658481889,0.0
6400,72,-1.0149049607757461e+21,1.4931310787945675e+21,0.0,-132431.2063064576,2222.291367455203,0.0
6400,73,-8.890971366141172e+20,1.6190332689811261e+21,0.0,-142536.46047986092,71756.00925254868,0.0
6400,74,-6.41948064426212e+20,1.4316114790688225e+21,0.0,-234161.43953369142,-175622.75563033667,0.0
6400,75,4.511289795819347e+21,9.942894292347094e+21,0.0,315251.2177906684,681811.6370804355,0.0
6400,76,-1.0932577647819353e+22,1.539609439788321e+21,0.0,-992399.6148693603,67476.6146587397,0.0
6400,77,5.276936480342294e+21,6.682048725167391e+21,0.0,414929.12803189305,480991.27073334315,0.0
6400,78,-8.08222489688916e+20,1.8123179734599215e+21,0.0,-97049.20329031159,-51063.87954578058,0.0
6400,79,-6.545895508439754e+20,9.478498922110186e+20,0.0,162462.15487930324,50204.51540191565,0.0
6400,80,5.379001582500522e+21,-3.861308943685805e+21,0.0,309106.50144152093,-193010.86252015273,0.0
6400,81,1.0922491030726402e+21,-1.2424604627970737e+21,0.0,47522.82886116896,87816.08036216469,0.0
6400,82,7.87405256597943e+20,-1.5778050900938945e+21,0.0,248074.72272661916,-103124.07999190025,0.0
6400,83,1.1243449924048201e+21,-1.7368202386081278e+21,0.0,127535.58999952598,6742.3330636770625,0.0
6400,84,1.4674619305859993e+21,-1.739173556639021e+21,0.0,49966.59407931841,44242.590907304635,0.0
6400,85,1.48126021376645e+21,-2.649364254559809e+21,0.0,117768.97796700621,-41635.61114146558,0.0
6400,86,-9.966609269718157e+20,1.3559733764764037e+21,0.0,-183291.10968116747,-7097.94421862389,0.0
6400,87,-9.205617270924838e+20,1.1328899791265955e+21,0.0,135500.24218099288,7905.419838523343,0.0
6400,88,-1.1107352141238946e+21,1.5162058783331034e+21,0.0,-94311.48670013937,-22438.652037481064,0.0
6400,89,-9.266095282609386e+20,1.7081208690006507e+21,0.0,-134368.0439934934,75240.63771159669,0.0
6400,90,-5.75608349591386e+20,1.4420152146900696e+21,0.0,-146174.9296831373,47948.18704479452,0.0
6400,91,2.152412441745429e+22,2.2965226132434823e+22,0.0,1862563.2855316843,1925909.6134351173,0.0
6400,92,9.635905048110806e+20,3.743174167376263e+22,0.0,77710.19574659783,3109397.287921073,0.0
6400,93,2.5480421220728078e+20,4.684942119505275e+21,0.0,-21386.64488727166,184580.35943508448,0.0
6400,94,1.5152734137593056e+22,1.1836580715877708e+22,0.0,709605.4939186315,580171.9601185825,0.0
6400,95,1.4500887905199123e+21,-5.773577735799699e+20,0.0,102834.75007229381,-65614.37028496576,0.0
6400,96,-4.6295842569107066e+21,-4.65667476424814e+22,0.0,-525826.6033743621,-5604739.678608626,0.0
6400,97,-7.297233975122893e+20,1.7736800647108252e+21,0.0,-107602.55727136387,-126126.37871621277,0.0
6400,98,1.677484348705164e+20,3.313280945981647e+21,0.0,-72154.85192338726,129507.4539713094,0.0
6400,99,-1.8820707775233552e+22,-1.1611308743784162e+22,0.0,-1094182.4486470367,-672220.7069330153,0.0
6400,100,1.0998881670028519e+21,-1.3940631668109743e+21,0.0,138397.38309571595,60276.760584240656,0.0
6400,101,7.729851209391225e+20,-1.1728827915070432e+21,0.0,-320006.754936036,-62010.714364944986,0.0
6400,102,1.573418141889075e+21,-1.9895994067689362e+21,0.0,69075.87475642402,13065.5270965388,0.0
6400,103,1.1671574707019439e+21,-3.561155066048053e+21,0.0,119036.67500053563,-125675.23335877912,0.0
6400,104,4.3177205293467435e+20,-3.9928631896639663e+21,0.0,93446.00669950582,-169092.41756155065,0.0
6400,105,-4.344391681222931e+19,-4.070687514313573e+21,0.0,73570.88673189198,-182490.75119081515,0.0
6400,106,-2.8373118984482177e+20,-4.044733716565305e+21,0.0,64010.622909301754,-184570.78702983988,0.0
6400,107,-3.456941480352271e+20,-3.9842322440123905e+21,0.0,63138.99792495791,-181073.43892816696,0.0
6400,108,-2.685563312387475e+20,-3.8989366512403397e+21,0.0,69209.41776016842,-173295.41110070594,0.0
6400,109,-7.694871079003942e+19,-3.7752654958147425e+21,0.0,80922.9536779849,-160539.35311151788,0.0
6400,110,2.1400459039396617e+20,-3.5839459007216694e+21,0.0,97238.65020036556,-140417.489712582,0.0
6400,111,5.936695093878758e+20,-3.2709718347064835e+21,0.0,116629.36907465007,-107389.51077975622,0.0
6400,112,1.0369874444326086e+21,-2.7147278700377717e+21,0.0,132560.1698031427,-45952.29997278984,0.0
6400,113,1.260054048342509e+21,-1.5036448792549725e+21,0.0,48774.56702320937,108662.40522189863,0.0
6400,114,4.3468558473758835e+20,-1.8113257505436163e+21,0.0,154332.2046199059,-92755.48270735634,0.0
6400,115,4.7648101035408825e+20,-1.1600313107662657e+21,0.0,-160913.22463126553,-169658.34085119632,0.0
6400,116,5.14024377124869e+20,-1.6701448781011516e+21,0.0,186010.5041907282,-52038.966239568945,0.0
6400,117,8.14821645751996e+20,-1.4770348171771715e+21,0.0,174292.4385336595,200595.22138913884,0.0
6400,118,8.150693106132835e+20,-1.5014438562046371e+21,0.0,189978.26932122424,174925.89996086087,0.0
6400,119,5.091705806932833e+20,-1.6445233860954077e+21,0.0,215697.51453256575,-53772.34343875232,0.0
6400,120,1.887456489162325e+20,-1.2912322285122295e+21,0.0,91755.90947876341,-151896.67873968164,0.0
6400,121,-9.579293207232229e+20,8.454178775179333e+20,0.0,55983.436254315784,-13597.94107025182,0.0
6800,0,8.678555616917859e+20,-1.3907645499599487e+21,0.0,55635.00825746466,-30862.7963874012,0.0
6800,1,-8.678555616917859e+20,1.3907645499599487e+21,0.0,-55635.00825746466,30862.7963874012,0.0
6800,2,9.105067717232089e+20,-1.2417195630192078e+21,0.0,-224627.88215524922,50382.16320731863,0.0
6800,3,8.292045920781453e+20,-1.2399620295234125e+21,0.0,-226157.08221103478,-101864.04987889895,0.0
6800,4,7.597981815092116e+20,-1.2774754403426862e+21,0.0,-153097.6077746337,-230665.63802301648,0.0
6800,5,7.19142302945075e+20,-1.3422000148104337e+21,0.0,-30464.409071796057,-306896.58429408126,0.0
6800,6,7.157492042331362e+20,-1.4191255455161139e+21,0.0,115706.88729562375,-316977.6456172728,0.0
6800,7,7.533204382030572e+20,-1.4908865493165775e+21,0.0,255912.28879677027,-250579.44524906416,0.0
6800,8,8.261630682338553e+20,-1.535325727279539e+21,0.0,344899.30353542673,-112380.88265166784,0.0
6800,9,9.118430039438462e+20,-1.5352365927969338e+21,0.0,343042.26307066396,53116.627175163936,0.0
6800,10,9.81628998540515e+20,-1.493201561151698e+21,0.0,257444.27158029823,184890.33197389482,0.0
6800,11,1.0187004688285571e+21,-1.426065405864108e+21,0.0,126519.49844580413,252353.87813207594,0.0
6800,12,1.0181565511725538e+21,-1.3507765365684641e+21,0.0,-17065.482653203726,250715.24718462914,0.0
6800,13,9.7980298671177e+20,-1.283259968260371e+21,0.0,-145659.76118982263,179886.18055490725,0.0
6800,14,1.014015302142091e+21,-1.1697985440573956e+21,0.0,-112659.67506316576,73672.11526959336,0.0
6800,15,1.0474281192968571e+21,-1.2073657881325008e+21,0.0,-102583.02149836761,104528.53514271436,0.0
6800,16,1.0795729927750998e+21,-1.2562742119321114e+21,0.0,-78252.55784907559,138557.8072435003,0.0
6800,17,1.0880856153631077e+21,-1.2869852559740832e+21,0.0,-68586.01755775348,156130.24552873237,0.0
6800,18,1.0648083670283888e+21,-1.2765427686933586e+21,0.0,-100522.23610479721,152895.72266160403,0.0
6800,19,9.898089267223347e+20,-1.2301365205375527e+21,0.0,-182006.68008637545,97970.67744877351,0.0
6800,20,8.450202040459611e+20,-1.2086467869993636e+21,0.0,-234485.25386141645,-71320.17827438831,0.0
6800,21,7.052019349378315e+20,-1.277312846958334e+21,0.0,-129536.28294137378,-232031.8645280572,0.0
6800,22,6.432542306140053e+20,-1.366198938323884e+21,0.0,-8530.31414999974,-263567.31934777845,0.0
6800,23,6.244051773882707e+20,-1.4101522693038392e+21,0.0,49267.25620104985,-253595.7655347566,0.0
6800,24,6.150577126347575e+20,-1.4097648927007097e+21,0.0,64096.105300827825,-245368.82444870207,0.0
6800,25,6.099044713658063e+20,-1.39336136616706e+21,0.0,67796.41730153857,-241908.31583985622,0.0
6800,26,6.153368738147366e+20,-1.4007773289931397e+21,0.0,96707.03599095854,-243512.44709681862,0.0
6800,27,6.61706200417084e+20,-1.4677484454253015e+21,0.0,195770.06313381586,-236786.80256238085,0.0
6800,28,8.553082247649881e+20,-1.5512128935230348e+21,0.0,380330.69988121564,-33376.35793101425,0.0
6800,29,1.0683435158265416e+21,-1.373841225404457e+21,0.0,114452.88244071421,229688.97636630386,0.0
6800,30,1.05346634857426e+21,-1.2076479525047614e+21,0.0,-48961.67795231659,140854.61883614465,0.0
6800,31,1.013386044941447e+21,-1.1604411741275813e+21,0.0,-98114.04433979285,80038.05501014179,0.0
6800,32,1.1758888360785897e+21,-1.711316578985191e+21,0.0,145553.1402025367,50054.41194173489,0.0
6800,33,9.702923895772517e+20,-1.8121418780390014e+21,0.0,188534.4772984944,-49546.64260726581,0.0
6800,34,9.016560220367528e+20,-1.8225725936779054e+21,0.0,184947.43016143583,-71779.91570065731,0.0
6800,35,9.952316482793671e+20,-1.8252641600769158e+21,0.0,173130.98107268603,-3905.615062227182,0.0
6800,36,1.1339538884209681e+21,-1.627188732751688e+21,0.0,103020.75320671203,130092.24741398357,0.0
6800,37,7.643314468300735e+20,-1.270103525300694e+21,0.0,-245148.2345825454,-196426.52983562514,0.0
6800,38,6.642419233292697e+20,-1.6586143439943974e+21,0.0,149765.39674443193,-168303.2171134262,0.0
6800,39,7.978218633562128e+20,-1.735855523458979e+21,0.0,206874.54774784678,-52414.604095386334,0.0
6800,40,8.394957285830588e+20,-1.7197208596811245e+21,0.0,224333.97003210956,-12933.993022916364,0.0
6800,41,7.391936489776263e+20,-1.6950988725756766e+21,0.0,224354.12943145283,-74096.38754348246,0.0
6800,42,5.630016912253729e+20,-1.5488586835252887e+21,0.0,148543.32265683336,-174923.21515163698,0.0
6800,43,4.9904237371865884e+20,-1.3117221619475908e+21,0.0,49264.556955046195,-184724.65075125027,0.0
6800,44,5.374373675616304e+20,-1.1331023517360028e+21,0.0,40209.65327584179,-154307.5404029219,0.0
6800,45,7.288460284541921e+20,-1.168482921555432e+21,0.0,114807.57347786202,-292762.1930161466,0.0
6800,46,-7.845498428973267e+20,1.4083082374993653e+21,0.0,-120627.88962568142,529574.4533491358,0.0
6800,47,-1.1320871995178596e+21,1.3459232302820033e+21,0.0,96848.02765253435,-74595.25864497168,0.0
6800,48,-1.1381143531051971e+21,1.4112774168599855e+21,0.0,69487.07148381915,-106104.42461484567,0.0
6800,49,-9.934454900307794e+20,1.691743045959834e+21,0.0,-205767.46732264943,66310.4967842492,0.0
6800,50,-6.73704379251291e+20,1.5946130101347824e+21,0.0,-168572.0600902222,220049.257384418,0.0
6800,51,2.8914809730860125e+21,-1.100616658576338e+22,0.0,180697.05486986786,-607807.7250454774,0.0
6800,52,8.697877783971198e+20,-1.189458341536459e+21,0.0,-136713.09111815487,-205605.93861060444,0.0
6800,53,1.101111921988682e+21,-1.5082829010072654e+21,0.0,225390.03023470406,100987.46177791922,0.0
6800,54,7.454775178736173e+20,-1.2801296423392589e+21,0.0,-121102.99682120953,-310874.68732506427,0.0
6800,55,1.2086925331556472e+21,-1.349293942132645e+21,0.0,-31575.166443341088,116179.67996796752,0.0
6800,56,1.67073304146899e+21,-3.174770586532133e+21,0.0,118068.62478600294,-58413.9987642429,0.0
6800,57,1.5891669432682474e+21,-3.1819938728574184e+21,0.0,118823.81283669313,-58146.812072631576,0.0
6800,58,1.6308903439596674e+21,-2.863398307554618e+21,0.0,116189.1933214913,-30532.93071537281,0.0
6800,59,1.6623248785224266e+21,-2.0941545892771227e+21,0.0,84410.53441875217,42897.10731249478,0.0
6800,60,5.2822449627679444e+20,-1.6910849853261228e+21,0.0,85319.59348195676,-205153.34638633943,0.0
6800,61,1.1806625966673966e+21,-1.6875306298781406e+21,0.0,96856.06158516712,126433.97314976569,0.0
6800,62,6.874217615006592e+20,-1.8187866382840937e+21,0.0,159623.93605882576,-94396.81540791891,0.0
6800,63,9.718884917683592e+20,-1.2885676989661813e+21,0.0,-232800.8707050743,196128.45294414865,0.0
6800,64,5.6329836551237206e+20,-1.5794635233535252e+21,0.0,84386.79433126605,-184998.2535325655,0.0
6800,65,5.7046205169140715e+20,-1.630488704085149e+21,0.0,124074.60988180278,-156981.49306219103,0.0
6800,66,5.128761014996706e+20,-1.4230469826903883e+21,0.0,19350.725297303223,-195418.97302145636,0.0
6800,67,7.541745727288767e+20,-1.1181858108724884e+21,0.0,-161563.827917368,-42991.84466977177,0.0
6800,68,8.894900379026615e+20,-1.0881751834960488e+21,0.0,-114641.03861648704,100408.70790938452,0.0
6800,69,-6.518042650325594e+20,1.0677020116354885e+21,0.0,55625.999973388876,173801.03950830956,0.0
6800,70,-9.685917903624035e+20,1.4866470144823919e+21,0.0,-391232.3433614152,128208.41681487771,0.0
6800,71,-1.0933761099263533e+21,1.531388496580866e+21,0.0,-238207.49037294122,28730.683585661773,0.0
6800,72,-9.34071363296143e+20,1.3413283364551194e+21,0.0,452925.68173851044,22487.03668197576,0.0
6800,73,-1.0825248424354529e+21,1.5274455787665883e+21,0.0,64779.21040816179,-141516.49766336667,0.0
6800,74,-6.328012227981794e+20,1.4158739479516988e+21,0.0,26645.953023690992,105613.93630844168,0.0
6800,75,5.505724109357922e+21,1.209365368447614e+22,0.0,315000.1386019173,681291.6676207327,0.0
6800,76,-1.4063441756696804e+22,1.7524475040260198e+21,0.0,-991866.2752837166,67417.81227639368,0.0
6800,77,6.585359935263022e+21,8.198761531829933e+21,0.0,414341.19154968526,480292.45701348624,0.0
6800,78,-7.593659833176993e+20,1.450056014807379e+21,0.0,117795.38841177172,410212.60185201524,0.0
6800,79,-4.2034195139569025e+20,1.4586831770656244e+21,0.0,-36794.49047561798,201750.8999537343,0.0
6800,80,6.351935134479698e+21,-4.4688009154312227e+21,0.0,307582.4271498531,-192045.43367547262,0.0
6800,81,8.354369994672995e+20,-1.2111284025614713e+21,0.0,-187552.38751601096,-220609.95868496533,0.0
6800,82,1.3101471550844696e+21,-1.553219481627298e+21,0.0,81152.32547460495,68920.21068836525,0.0
6800,83,1.3921056873419186e+21,-1.6073396418596016e+21,0.0,34927.97128859574,70951.40307735218,0.0
6800,84,1.5369954597292079e+21,-1.5561280785350677e+21,0.0,-12439.312848502734,71033.85942875542,0.0
6800,85,1.8378911887786257e+21,-2.756501680636976e+21,0.0,108235.77313003494,-26729.241604000545,0.0
6800,86,-1.0398289365362779e+21,1.311408216805915e+21,0.0,215242.2565182038,32468.191576589976,0.0
6800,87,-1.2406677359135435e+21,1.4639634683421983e+21,0.0,-133974.9445379368,-50485.08741209234,0.0
6800,88,-1.069365770994492e+21,1.339691830507632e+21,0.0,205336.06106047344,-62399.03854697373,0.0
6800,89,-1.2104129914846283e+21,1.7401713454369706e+21,0.0,-40416.44689075938,-50154.70836792763,0.0
6800,90,-7.893983263835471e+20,1.434810439652027e+21,0.0,-404138.7562658818,28278.532977707775,0.0
6800,91,2.740184945790729e+22,2.9042852252238674e+22,0.0,1862517.649098296,1925861.2375524517,0.0
6800,92,1.2088230103858102e+21,4.724417261086211e+22,0.0,77708.89243538407,3109349.857435476,0.0
6800,93,1.8615728599272463e+20,5.261032382000526e+21,0.0,-22081.210961534747,180684.31729693364,0.0
6800,94,1.739182417062628e+22,1.366726592160053e+22,0.0,709451.4111499486,580051.8154134221,0.0
6800,95,1.7227937884529613e+21,-8.185209465693253e+20,0.0,69426.08930525105,-86686.64632438272,0.0
6800,96,-6.288961989994442e+21,-6.4253912686224575e+22,0.0,-525823.8469162884,-5604712.058123586,0.0
6800,97,-5.8491556148362845e+20,1.642892340971578e+21,0.0,34086.96874547369,219777.98661732936,0.0
6800,98,-6.424994275239865e+19,3.7073547594972025e+21,0.0,-74686.07060930923,120540.8627801877,0.0
6800,99,-2.2273480911194088e+22,-1.3732550231470717e+22,0.0,-1094059.9761226147,-672145.2339709677,0.0
6800,100,1.2070927496835516e+21,-1.1975553044443884e+21,0.0,-72605.88255147063,35510.83972387037,0.0
6800,101,1.210693592322095e+21,-1.731332217545806e+21,0.0,165087.89877019858,-19806.097347798663,0.0
6800,102,1.7448185674177024e+21,-1.9130881584391539e+21,0.0,38112.6435952678,35396.37187344176,0.0
6800,103,1.5394637579992142e+21,-3.9447176721586455e+21,0.0,116937.59783180736,-117764.40557439403,0.0
6800,104,7.268290888909445e+20,-4.5163369073387713e+21,0.0,93494.25664731994,-162947.19400542017,0.0
6800,105,1.901642439197731e+20,-4.637478010254413e+21,0.0,74393.29474473534,-176966.8795854409,0.0
6800,106,-7.97094047804157e+19,-4.6184074763788306e+21,0.0,65187.137110942414,-179234.15243907552,0.0
6800,107,-1.441670281530999e+20,-4.5466991681541783e+21,0.0,64468.849999793856,-175627.90134451436,0.0
6800,108,-4.7834489239477715e+19,-4.43620146682099e+21,0.0,70557.21817297068,-167445.35424408535,0.0
6800,109,1.8053939740395638e+20,-4.2709714585689947e+21,0.0,82139.4437553693,-153889.22359957566,0.0
6800,110,5.223335432495352e+20,-4.0137392757918296e+21,0.0,98038.42959373703,-132285.32946366817,0.0
6800,111,9.611907985563445e+20,-3.591645228943441e+21,0.0,116145.61553092352,-96238.487838123,0.0
6800,112,1.4455880764543462e+21,-2.828538260308318e+21,0.0,126079.78217877314,-26693.93578005304,0.0
6800,113,1.1869372925551452e+21,-1.1453910326086375e+21,0.0,-114074.78206132425,87761.94125913683,0.0
6800,114,9.668093026970846e+20,-1.909242809528329e+21,0.0,169745.60499997882,36502.22942343077,0.0
6800,115,5.280610081823029e+20,-1.7234790829062042e+21,0.0,122348.86076104414,-131920.96268545222,0.0
6800,116,9.621298099050293e+20,-1.2951596926199876e+21,0.0,-227682.5865502823,235550.4607303253,0.0
6800,117,5.16855820921999e+20,-1.4780531784802915e+21,0.0,20524.46899287428,-186608.76389648768,0.0
6800,118,5.252616925935069e+20,-1.3768469442179626e+21,0.0,-30946.33020036267,-186799.29857494732,0.0
6800,119,1.0105954197146443e+21,-1.2581654750465895e+21,0.0,-134812.67206816046,211638.04074847384,0.0
6800,120,7.92106173878534e+20,-1.6394790586794396e+21,0.0,304810.093890872,12474.286909046765,0.0
6800,121,-7.095648699983064e+20,1.069726664337858e+21,0.0,68189.33002826163,182610.38712194728,0.0
7200,0,1.0402973141218087e+21,-1.4833433333975703e+21,0.0,53690.51179701806,-27925.396537518383,0.0
7200,1,-1.0402973141218087e+21,1.4833433333975703e+21,0.0,-53690.51179701806,27925.396537518383,0.0
7200,2,1.1230898218192283e+21,-1.3524963686959885e+21,0.0,-192448.84962229818,129442.89092997061,0.0
7200,3,1.0453033018731887e+21,-1.3279779559588393e+21,0.0,-237111.32636116212,-16690.125655101412,0.0
7200,4,9.677094126456569e+20,-1.3446375072625097e+21,0.0,-202630.83053399716,-161324.02422691212,0.0
7200,5,9.10332289155818e+20,-1.3953884356405308e+21,0.0,-105707.51199495814,-268089.1041780926,0.0
7200,6,8.853895263381632e+20,-1.467813434936418e+21,0.0,30759.803633989068,-317580.3246080979,0.0
7200,7,9.008511477187149e+20,-1.546594874381804e+21,0.0,182076.41608722333,-293961.7281010909,0.0
7200,8,9.577555718539262e+20,-1.6096472502898744e+21,0.0,306628.40343390824,-188653.65760690748,0.0
7200,9,1.0402527461251238e+21,-1.6340162190362844e+21,0.0,353774.34030349134,-29483.87478667885,0.0
7200,10,1.1197942721875078e+21,-1.6132884173597033e+21,0.0,309396.1548315465,122919.33424315485,0.0
7200,11,1.1746686182836032e+21,-1.5590717321780624e+21,0.0,201693.13785700963,225236.19816490915,0.0
7200,12,1.1954169881924707e+21,-1.4868150412733975e+21,0.0,62914.657702123724,263454.9552811932,0.0
7200,13,1.1777655039482402e+21,-1.411644588568282e+21,0.0,-80117.41125125854,231334.266421055,0.0
7200,14,1.0768905360398242e+21,-1.6624572588645912e+21,0.0,343553.97921509005,-12094.392685021496,0.0
7200,15,1.0391593744896654e+21,-1.6823555460416052e+21,0.0,321574.6835984845,-67776.8729200001,0.0
7200,16,9.918647553686717e+20,-1.6909655543014207e+21,0.0,291318.91381805454,-122066.26660761586,0.0
7200,17,9.748135815301794e+20,-1.7027332711266556e+21,0.0,268916.25853113324,-132823.6301183279,0.0
7200,18,9.96650666217131e+20,-1.7274369915400995e+21,0.0,262286.7751050627,-99571.77148961129,0.0
7200,19,1.053392949835153e+21,-1.747638660411082e+21,0.0,258024.19164309083,-35567.625027579124,0.0
7200,20,1.1301672706181548e+21,-1.735225194870303e+21,0.0,241040.4385644697,45392.566614307994,0.0
7200,21,1.201268597960424e+21,-1.6755523695142544e+21,0.0,199406.47276845961,131982.2238944136,0.0
7200,22,1.2405064940215864e+21,-1.583374750748734e+21,0.0,126797.97125126417,204585.46956264257,0.0
7200,23,1.244120207938097e+21,-1.498210298606739e+21,0.0,46059.19006280616,238149.997049519,0.0
7200,24,1.2345065952702827e+21,-1.441632085764916e+21,0.0,-7010.535198462667,239131.46006738674,0.0
7200,25,1.220976334657734e+21,-1.389801053613377e+21,0.0,-48293.84996125045,220750.68127638576,0.0
7200,26,1.1817719992924302e+21,-1.3089944299507137e+21,0.0,-105145.52473339242,158774.17962226836,0.0
7200,27,1.085410772190338e+21,-1.2230558880531793e+21,0.0,-138800.92226795404,41924.061298762004,0.0
7200,28,9.508818264599103e+20,-1.210784034801935e+21,0.0,-117331.23554402204,-90022.87588223619,0.0
7200,29,8.470170888902017e+20,-1.3266449980185803e+21,0.0,-29203.56998258255,-226114.88357136236,0.0
7200,30,8.791007542268157e+20,-1.5412516140951082e+21,0.0,218924.7277158868,-285401.23143636837,0.0
7200,31,1.0327218895401684e+21,-1.6435354788710156e+21,0.0,373913.4870785482,-66390.20642541195,0.0
7200,32,1.3004590698728063e+21,-1.386051290115456e+21,0.0,-121233.45822197426,112627.08732937793,0.0
7200,33,1.4128671627500092e+21,-1.694302033202124e+21,0.0,69517.20818052885,108233.6746361016,0.0
7200,34,1.378645254742545e+21,-1.7558495541417945e+21,0.0,93470.94183986221,101141.78320966949,0.0
7200,35,1.3399765561982979e+21,-1.5492537659008195e+21,0.0,-9862.913123968552,167756.6815921854,0.0
7200,36,8.2173444429363e+20,-1.538649375541054e+21,0.0,-1863.9196173772802,-288956.2868530548,0.0
7200,37,1.0006726694185662e+21,-1.8711487381680496e+21,0.0,188666.97527573534,-57000.89038145487,0.0
7200,38,1.2383029041735716e+21,-1.701398344644771e+21,0.0,134445.73314638657,152446.64620954898,0.0
7200,39,1.1310768858972667e+21,-1.352088010496836e+21,0.0,-239757.93433877346,139742.56515655562,0.0
7200,40,9.838215957201872e+20,-1.3072815277092986e+21,0.0,-247428.98583964547,-63169.18251843795,0.0
7200,41,1.1250898621665199e+21,-1.3096924896019287e+21,0.0,-201271.6188977684,121522.96480914378,0.0
7200,42,1.2472080341561872e+21,-1.5120626266958814e+21,0.0,73995.24731681579,252759.37924858648,0.0
7200,43,1.1655110747190024e+21,-1.6164051221958673e+21,0.0,265123.2253538965,204198.69691096505,0.0
7200,44,1.1577164708293757e+21,-1.3304473099216515e+21,0.0,-14423.494408831666,263678.8854368505,0.0
7200,45,1.1689912492684863e+21,-9.247695368703398e+20,0.0,41784.58314416412,102428.66579571117,0.0
7200,46,-1.4063017758747276e+21,1.4539417268233975e+21,0.0,-29326.035999388776,-86501.21953272834,0.0
7200,47,-1.3570115677060876e+21,1.6356570929578262e+21,0.0,-127563.1853264288,-46021.161322648346,0.0
7200,48,-1.312923451766996e+21,1.7146732121629377e+21,0.0,-145638.76009591474,-20364.214525707383,0.0
7200,49,-1.323093219234109e+21,1.5305816815498203e+21,0.0,43056.62225286677,-132015.54992675775,0.0
7200,50,-1.320145074497632e+21,1.7192055514040618e+21,0.0,-149411.58640895254,-105205.2123156456,0.0
7200,51,3.461487930183665e+21,-1.2923326899787435e+22,0.0,180558.76997229527,-607246.3510963537,0.0
7200,52,1.3113646199430515e+21,-1.2680828690875126e+21,0.0,-9676.008112059866,63237.234819273915,0.0
7200,53,1.1764544544700445e+21,-1.216812931940911e+21,0.0,-127801.33833354269,-11212.488188596197,0.0
7200,54,1.3604306244743384e+21,-1.6282583652419434e+21,0.0,144052.3389505502,99262.17182529534,0.0
7200,55,9.474914866551643e+20,-1.693558903773926e+21,0.0,221937.55587644677,-225732.04640035896,0.0
7200,56,2.0351111592816712e+21,-3.342351737308284e+21,0.0,112877.91559943487,-48114.27848086547,0.0
7200,57,1.9563327990551234e+21,-3.3480154481834585e+21,0.0,113867.11817562176,-47400.13925698633,0.0
7200,58,1.9848305782436848e+21,-2.9372822929154596e+21,0.0,108035.24612738173,-16643.418728367953,0.0
7200,59,1.8765054060903496e+21,-1.9183904214706188e+21,0.0,49023.21258315219,67985.81910265979,0.0
7200,60,9.277532401548691e+20,-2.1436436653816792e+21,0.0,146928.46628508496,-89515.68788704887,0.0
7200,61,9.264375464201353e+20,-1.3173534546641803e+21,0.0,-232172.19057255768,-150118.09387225623,0.0
7200,62,1.223049359961307e+21,-1.805753661090734e+21,0.0,146079.75737632296,116563.56355163656,0.0
7200,63,7.720925683948838e+20,-1.7783993048973087e+21,0.0,125492.41627495034,-146814.70880995272,0.0
7200,64,1.0885336907884425e+21,-1.8100318427364807e+21,0.0,200021.69017690807,69818.53940257331,0.0
7200,65,1.1645821695390257e+21,-1.7235530273238517e+21,0.0,186696.587682156,149953.58533723923,0.0
7200,66,9.525459191915458e+20,-1.8296076643905626e+21,0.0,221537.91280988985,-18457.939842478972,0.0
7200,67,6.324668547456211e+20,-1.5725601944283175e+21,0.0,85598.39659655716,-169060.24022732492,0.0
7200,68,6.431312217072548e+20,-1.1799505522140355e+21,0.0,-21972.315564913137,-107039.70572068349,0.0
7200,69,-1.0071079393489285e+21,1.7417018967110637e+21,0.0,-304725.14568462543,85197.17539748421,0.0
7200,70,-1.3457958668941884e+21,1.4609807716048327e+21,0.0,63760.47186057567,-36267.35536720678,0.0
7200,71,-1.2834736823517344e+21,1.4334308253276958e+21,0.0,135247.18706984632,-40238.44098559977,0.0
7200,72,-1.3965603220405488e+21,1.6560979408584214e+21,0.0,-60594.30126521891,-40661.06909828141,0.0
7200,73,-1.243336076921772e+21,1.8505706447750294e+21,0.0,-110619.01643801629,29551.69052275914,0.0
7200,74,-8.57463756664721e+20,1.4877531417649367e+21,0.0,-180332.00869983208,109454.40833124482,0.0
7200,75,6.499500103209131e+21,1.4243044409616097e+22,0.0,314826.77948836493,680929.8212371478,0.0
7200,76,-1.7192959532317723e+22,1.9651431261826557e+21,0.0,-991524.9733796677,67383.22086801042,0.0
7200,77,7.892254452882034e+21,9.713655582189098e+21,0.0,413941.744388997,479816.9739559108,0.0
7200,78,-9.627996417118959e+20,2.0488787866236528e+21,0.0,-100282.82785686446,89186.92594896886,0.0
7200,79,-7.723878441221384e+20,1.970471918689735e+21,0.0,-163513.05840605084,109223.89937496177,0.0
7200,80,7.320722667131674e+21,-5.073665467394817e+21,0.0,306450.0192033427,-191327.37523280038,0.0
7200,81,1.407134901096355e+21,-1.572434205689683e+21,0.0,135091.7243660961,88058.89273711338,0.0
7200,82,1.194205318005225e+21,-1.3221344519553766e+21,0.0,-215232.4331164537,2854.7778032442843,0.0
7200,83,1.190029226765021e+21,-1.3501314656853106e+21,0.0,-252096.42441491832,24962.289136473002,0.0
7200,84,1.2808836135330384e+21,-1.3257513095856057e+21,0.0,-198889.75868648474,41801.70356890042,0.0
7200,85,2.1642938542010655e+21,-2.8205002906304816e+21,0.0,98605.14878506423,-14150.58543262961,0.0
7200,86,-1.4162726050824407e+21,1.514313488570482e+21,0.0,-35995.106967651154,-29705.532806817293,0.0
7200,87,-1.2326238447132753e+21,1.3285062724166917e+21,0.0,170585.35894962226,21798.969210960044,0.0
7200,88,-1.399139545990889e+21,1.7578385827327797e+21,0.0,-139974.75789427137,4485.843409932692,0.0
7200,89,-1.0718014431022936e+21,1.721192137135054e+21,0.0,-176724.55482133306,246837.1355531268,0.0
7200,90,-1.0214523710371492e+21,1.380221879733229e+21,0.0,134253.22326520813,-197649.59642688674,0.0
7200,91,3.32794582061594e+22,3.5120355366087002e+22,0.0,1862487.8868733584,1925829.8257155824,0.0
7200,92,1.4540522094284466e+21,5.705648236667933e+22,0.0,77708.05007694948,3109318.7630090397,0.0
7200,93,1.1563348176571308e+20,5.826180485032418e+21,0.0,-22588.839305251517,177596.97474336156,0.0
7200,94,1.9630488457513747e+22,1.5497617927303814e+22,0.0,709333.2789055185,579959.0207151459,0.0
7200,95,1.8808563780154231e+21,-1.122168110490034e+21,0.0,28726.291882374946,-105475.76696939609,0.0
7200,96,-7.948333218127679e+21,-8.194101204294096e+22,0.0,-525822.3045729904,-5604696.363432538,0.0
7200,97,-6.42969667432316e+20,2.1449844601791035e+21,0.0,-47012.97222376518,117578.02887362566,0.0
7200,98,-3.026772090526618e+20,4.0756963133307004e+21,0.0,-76299.58027741939,113120.34694074589,0.0
7200,99,-2.5725923384168806e+22,-1.585358784132282e+22,0.0,-1093970.3236685917,-672089.9286818029,0.0
7200,100,1.1608020033945146e+21,-1.688455500198445e+21,0.0,305207.2088904218,-63316.22787960683,0.0
7200,101,1.535862052768854e+21,-1.6497189844965715e+21,0.0,38219.94141659316,59625.97775396806,0.0
7200,102,1.7987526635222126e+21,-1.7653123764118138e+21,0.0,-8026.766014824583,58532.8782108938,0.0
7200,103,1.905375740436131e+21,-4.306260100178004e+21,0.0,114992.2534479527,-111607.35031368078,0.0
7200,104,1.0216208499319209e+21,-5.022773830385849e+21,0.0,93307.85405852634,-158204.936235773,0.0
7200,105,4.256785280549991e+20,-5.188911254048737e+21,0.0,74818.36289622665,-172680.49204471643,0.0
7200,106,1.2720295570132027e+20,-5.17719565225913e+21,0.0,65886.61087365405,-175065.9256211151,0.0
7200,107,6.06601795369348e+19,-5.093933325255873e+21,0.0,65277.37901629327,-171350.4543255511,0.0
7200,108,1.761953257926149e+20,-4.957060262163297e+21,0.0,71355.3646141409,-162826.9169472654,0.0
7200,109,4.408824360308345e+20,-4.747975358432122e+21,0.0,82785.01202390846,-148609.8542341745,0.0
7200,110,8.321613233134466e+20,-4.4205647194945613e+21,0.0,98246.48092449392,-125773.93667288902,0.0
7200,111,1.3260486594190492e+21,-3.8805406154960436e+21,0.0,115010.4505165287,-87146.5572694534,0.0
7200,112,1.8310494898441452e+21,-2.8860862544055113e+21,0.0,117978.37527748955,-10180.73444962972,0.0
7200,113,7.075018224059426e+20,-1.3052706070417415e+21,0.0,-93572.4939272992,-188231.7059642066,0.0
7200,114,1.3398388561757749e+21,-1.5305370674174107e+21,0.0,1638.144335596507,200072.9680310049,0.0
7200,115,1.0567200206655125e+21,-1.8874933897105084e+21,0.0,191146.58864884716,47562.933326233666,0.0
7200,116,6.873022558163398e+20,-1.7075155843030773e+21,0.0,87821.3172954788,-153942.65026565728,0.0
7200,117,9.158809036961128e+20,-1.8450415388112074e+21,0.0,200078.50160277332,-17766.512076688952,0.0
7200,118,8.190274052519403e+20,-1.8332466136719103e+21,0.0,182763.10995121495,-70666.60072181138,0.0
7200,119,6.236489785645843e+20,-1.4599731766579293e+21,0.0,1475.2350157777921,-168493.33921983102,0.0
7200,120,9.284494675832849e+20,-1.1365026135431276e+21,0.0,-128517.77457008809,11870.314288220734,0.0
7200,121,-1.1614209039341734e+21,1.7229626318018023e+21,0.0,-302300.53801331535,-6579.831853338073,0.0
7600,0,1.2069509888005924e+21,-1.5676285575840242e+21,0.0,51961.47710320303,-25573.157452614538,0.0
7600,1,-1.2069509888005924e+21,1.5676285575840242e+21,0.0,-51961.47710320303,25573.157452614538,0.0
7600,2,1.3231309444507288e+21,-1.4656209343357916e+21,0.0,-139861.65143796554,195360.2024229817,0.0
7600,3,1.2551894516406283e+21,-1.4201995578083246e+21,0.0,-224444.41094367544,67401.91247945133,0.0
7600,4,1.1755360709763155e+21,-1.4144498396267775e+21,0.0,-231786.82202113362,-81937.13888433338,0.0
7600,5,1.1059100503721723e+21,-1.4471841302449598e+21,0.0,-167718.85768268548,-211373.64138939366,0.0
7600,6,1.0616390171305969e+21,-1.509451271888706e+21,0.0,-50703.14272438241,-295713.63646352256,0.0
7600,7,1.0542084706479332e+21,-1.5887399754934803e+21,0.0,99344.5526612299,-315076.49780761905,0.0
7600,8,1.0906537409457526e+21,-1.6648454901909362e+21,0.0,247467.3079716919,-250920.78946346624,0.0
7600,9,1.1629140326039152e+21,-1.711657937303572e+21,0.0,339197.9069579283,-112835.93177145718,0.0
7600,10,1.2456518810224188e+21,-1.714335590487798e+21,0.0,341036.7422104291,47008.783437391285,0.0
7600,11,1.314075834168938e+21,-1.677665560737411e+21,0.0,266074.25267427025,176673.31576438466,0.0
7600,12,1.3544853505515897e+21,-1.6142537785543298e+21,0.0,142956.1035013877,252258.11951204157,0.0
7600,13,1.3588157388683868e+21,-1.5375169425532718e+21,0.0,-3297.4610192523146,261335.26460626436,0.0
7600,14,1.2041713939827445e+21,-1.318858745364839e+21,0.0,-158638.69838018768,-63396.730890581144,0.0
7600,15,1.2627606377862663e+21,-1.3328700284727515e+21,0.0,-170803.74814139347,-6777.750715910176,0.0
7600,16,1.3289291485520213e+21,-1.365308052667492e+21,0.0,-160944.30151987154,63010.909659075805,0.0
7600,17,1.356437585870261e+21,-1.3955281552745567e+21,0.0,-152960.3827260042,100241.66899534198,0.0
7600,18,1.3254602585966473e+21,-1.393533946133376e+21,0.0,-183933.67979061845,83840.05154178875,0.0
7600,19,1.2177526415485226e+21,-1.3797315172188406e+21,0.0,-235219.56503475521,-31525.35833862961,0.0
7600,20,1.0657296615073304e+21,-1.4415384973638125e+21,0.0,-157426.07565496114,-219362.75719861872,0.0
7600,21,9.876839309644417e+20,-1.5699682395457813e+21,0.0,10968.997176258974,-271060.3333207841,0.0
7600,22,9.817187318560601e+20,-1.6611205822455522e+21,0.0,109336.16012987577,-240828.42349696349,0.0
7600,23,9.854947669484663e+20,-1.690235320331976e+21,0.0,145155.24575278358,-218290.9082379049,0.0
7600,24,9.760374818766602e+20,-1.674659618474754e+21,0.0,144913.17443818026,-218012.30263513667,0.0
7600,25,9.667083106445537e+20,-1.6459573973129888e+21,0.0,137262.18659197944,-224466.99194287547,0.0
7600,26,9.819488758289844e+20,-1.6508544365944116e+21,0.0,168335.85524636987,-222995.55226152224,0.0
7600,27,1.08172815109855e+21,-1.7181250939824673e+21,0.0,296228.3891242524,-157259.84815734593,0.0
7600,28,1.3522029269352978e+21,-1.6566894124103898e+21,0.0,255561.8363063306,208633.3634644708,0.0
7600,29,1.384060353016364e+21,-1.3887480457614304e+21,0.0,-51857.44759004289,159076.61840374954,0.0
7600,30,1.2730032290012198e+21,-1.293991200910888e+21,0.0,-123203.21882475,22069.806224719254,0.0
7600,31,1.2019692564184595e+21,-1.302342624374888e+21,0.0,-141945.33486502536,-56950.38597531162,0.0
7600,32,1.1985475936610303e+21,-1.899249340972446e+21,0.0,211142.97702058655,-123071.11375939417,0.0
7600,33,1.0858684354240005e+21,-1.4855909341223277e+21,0.0,-191095.14657924435,-306813.8469522545,0.0
7600,34,1.135129432727574e+21,-1.4401690568164117e+21,0.0,-273349.9764640662,-206199.5220028747,0.0
7600,35,1.0195035693382369e+21,-1.809377891890668e+21,0.0,128613.76094197622,-217108.80271265795,0.0
7600,36,1.2767147258897126e+21,-1.9841755139000741e+21,0.0,178840.1876153491,-7945.446351895936,0.0
7600,37,1.4434950250812397e+21,-1.6145914447653233e+21,0.0,-11014.145384318294,213289.39142811732,0.0
7600,38,9.571980708002988e+20,-1.6701133117551343e+21,0.0,42986.89228272579,-242649.91753806002,0.0
7600,39,1.0364080681396407e+21,-1.8702225649287781e+21,0.0,176752.14364760942,-119232.73855603937,0.0
7600,40,1.0509990970080702e+21,-1.873535897757903e+21,0.0,195617.20782922235,-96398.43564441025,0.0
7600,41,9.260376779133125e+20,-1.7567307061119206e+21,0.0,136473.81353535145,-171259.8032404598,0.0
7600,42,8.939952783449331e+20,-1.4551944981191965e+21,0.0,-35531.974100628984,-181570.49830929877,0.0
7600,43,1.0020678578394337e+21,-1.2631465622126052e+21,0.0,-98205.48610501012,-81794.54275252514,0.0
7600,44,9.6574770352277e+20,-1.1718515231328557e+21,0.0,-34760.24967853663,-68933.21757852008,0.0
7600,45,1.2710176868025217e+21,-7.42340790859193e+20,0.0,26447.598177767286,22796.09919473811,0.0
7600,46,-1.2345753974582645e+21,1.7193544118291926e+21,0.0,-358105.8960848827,166151.73631810615,0.0
7600,47,-1.1741845516072566e+21,1.6484691034807722e+21,0.0,-311805.527752937,440247.6983941186,0.0
7600,48,-1.1550173148762914e+21,1.558922495733592e+21,0.0,171077.67455407573,649819.6280717525,0.0
7600,49,-1.3711041085074642e+21,1.8745452997842059e+21,0.0,-188383.70271274145,32890.51712809899,0.0
7600,50,-1.2411855775153743e+21,1.3430833849555668e+21,0.0,214761.93858112342,29036.74652348413,0.0
7600,51,4.0311177204936286e+21,-1.4838969858428234e+22,0.0,180455.4485805391,-606834.4999698361,0.0
7600,52,1.3608605370933054e+21,-1.628167502562862e+21,0.0,328246.88136950135,115190.58475975902,0.0
7600,53,1.4272926069507778e+21,-1.6954339263200842e+21,0.0,234707.6691420311,98407.55610887097,0.0
7600,54,1.29966943053815e+21,-1.3419114013109358e+21,0.0,-187854.2068501762,-29825.302793680374,0.0
7600,55,1.5654589383671784e+21,-1.7530832197162775e+21,0.0,108085.26228486121,95281.89080529907,0.0
7600,56,2.383303717266225e+21,-3.4801826199878925e+21,0.0,107817.92106522444,-39473.824752137916,0.0
7600,57,2.3078627992342964e+21,-3.4829441134151855e+21,0.0,108928.1532774993,-38355.78919700846,0.0
7600,58,2.3122295519387693e+21,-2.970354211868349e+21,0.0,99376.04316585895,-4577.437026460266,0.0
7600,59,1.9500828258790807e+21,-1.670782488998502e+21,0.0,-7611.851019311389,87112.26113101804,0.0
7600,60,1.3931700061433988e+21,-2.2908763921880137e+21,0.0,142473.64549858513,-7053.347251228373,0.0
7600,61,9.354425154090655e+20,-1.9655302977542176e+21,0.0,123262.64233103575,-147056.28738274818,0.0
7600,62,9.887702603797918e+20,-1.4963082065669422e+21,0.0,-134433.81651081497,-222099.59399576852,0.0
7600,63,1.3156828480764783e+21,-1.8838224823580654e+21,0.0,175549.1693984577,104460.28857589049,0.0
7600,64,9.608634947066605e+20,-1.524869041318142e+21,0.0,-94682.70419524229,-213510.14812205275,0.0
7600,65,9.015742235682856e+20,-1.5803104469297788e+21,0.0,-22781.43754416935,-205613.11029594435,0.0
7600,66,1.2110010574391384e+21,-1.3694111249705743e+21,0.0,-235776.35355283305,45341.17891493094,0.0
7600,67,1.2257518384243813e+21,-1.855104276307156e+21,0.0,256439.1038614984,62298.69838549028,0.0
7600,68,8.230711115801091e+20,-1.6205453407247079e+21,0.0,158145.43939546513,-151890.91003027518,0.0
7600,69,-1.6259520139497623e+21,1.4697532084640466e+21,0.0,-60755.673523535195,-135648.6245710074,0.0
7600,70,-1.5544008468661207e+21,1.6680372367978222e+21,0.0,-98186.3778552793,-24923.499533140468,0.0
7600,71,-1.5663951677333606e+21,1.6613644137316777e+21,0.0,-75396.68780711343,-40527.29045996042,0.0
7600,72,-1.353430887467475e+21,1.7747308598121907e+21,0.0,-237796.13713575818,113807.79832210552,0.0
7600,73,-1.2784415720671622e+21,1.5740591961975748e+21,0.0,397325.0589431347,-302560.1455176905,0.0
7600,74,-1.0993553120344209e+21,1.3815199457079274e+21,0.0,75312.34289387455,-50973.70007150882,0.0
7600,75,7.492807970689812e+21,1.6391455207849273e+22,0.0,314699.83197030093,680663.3075689431,0.0
7600,76,-2.0321579654370784e+22,2.177750423116087e+21,0.0,-991287.8967860462,67360.59269590101,0.0
7600,77,9.198075965081987e+21,1.1227272019747149e+22,0.0,413652.23959838087,479472.1980214317,0.0
7600,78,-1.2858267329906923e+21,2.1443039890023753e+21,0.0,-99133.74523570464,-27892.736624811492,0.0
7600,79,-1.3381199498694073e+21,2.1158306325531604e+21,0.0,-179272.60289846844,-18517.299162010007,0.0
7600,80,8.28637062769445e+21,-5.676537883003172e+21,0.0,305576.0508993251,-190772.3982367552,0.0
7600,81,1.4196587772789926e+21,-1.332664842205168e+21,0.0,-127500.35443882427,9793.30098041734,0.0
7600,82,1.4640830785373772e+21,-1.8753659095285068e+21,0.0,193946.13463328106,-8373.355302643939,0.0
7600,83,1.367348372944731e+21,-2.0081787257962368e+21,0.0,183437.10369415596,-82976.4736415802,0.0
7600,84,1.1530651216146498e+21,-2.012463147511833e+21,0.0,160550.8215814816,-180057.76143994273,0.0
7600,85,2.4600530840246954e+21,-2.847516448644134e+21,0.0,88795.19737080357,-3198.694542921794,0.0
7600,86,-1.4642296721866178e+21,1.7002458592065946e+21,0.0,-210029.16840975574,25215.862298375316,0.0
7600,87,-1.5940245679673495e+21,1.6277172757473846e+21,0.0,-112985.57220224688,-57609.081323406244,0.0
7600,88,-1.5729982910631874e+21,1.6253090282154036e+21,0.0,48912.07637030931,-77557.83916745294,0.0
7600,89,-1.4888114962341067e+21,2.0264040666191458e+21,0.0,-92860.89458168414,12523.407984843509,0.0
7600,90,-1.1883615790336872e+21,1.499805073549109e+21,0.0,53034.06844157749,456901.6032234637,0.0
7600,91,3.915698816679653e+22,4.119777544944611e+22,0.0,1862466.941813552,1925807.7858167712,0.0
7600,92,1.6992791859331326e+21,6.68687096638692e+22,0.0,77707.46124902384,3109296.8037536875,0.0
7600,93,4.371984564413509e+19,6.3825413375199e+21,0.0,-22969.81595740076,175084.6660226108,0.0
7600,94,2.186882115069167e+22,1.732770871406821e+22,0.0,709239.8124266505,579885.1803612309,0.0
7600,95,1.8803755010229952e+21,-1.4813635460137267e+21,0.0,-35987.608935104254,-121000.46987127671,0.0
7600,96,-9.60770055577606e+21,-9.96280716285505e+22,0.0,-525821.318955824,-5604686.241577983,0.0
7600,97,-8.344273665737536e+20,2.429815030283379e+21,0.0,-71577.52489387663,65701.25999044927,0.0
7600,98,-5.45198783277637e+20,4.4225280411648115e+21,0.0,-77321.93713904153,106855.97333908555,0.0
7600,99,-2.9178118601834228e+22,-1.7974472871258203e+22,0.0,-1093901.846910151,-672047.6585367793,0.0
7600,100,1.6676064826267515e+21,-1.5440045681614473e+21,0.0,47297.00225668666,76634.9841217353,0.0
7600,101,1.2775264839594397e+21,-1.456107902531041e+21,0.0,-342815.08580418676,-73277.52583171084,0.0
7600,102,1.6342119256502672e+21,-1.5451371225437307e+21,0.0,-120654.32039168768,77178.9313892663,0.0
7600,103,2.265425450323611e+21,-4.65040705830504e+21,0.0,113222.68747929588,-106670.89715285659,0.0
7600,104,1.315633323998736e+21,-5.515869385471878e+21,0.0,93014.72277473171,-154436.29583474938,0.0
7600,105,6.621497502491071e+20,-5.728261332812438e+21,0.0,75020.27554447207,-169260.56339033644,0.0
7600,106,3.358435842511454e+20,-5.724204421294451e+21,0.0,66306.03928113004,-171723.73565854385,0.0
7600,107,2.6750916380893715e+20,-5.629053208081988e+21,0.0,65775.6466509117,-167905.89529566583,0.0
7600,108,4.0218613573040865e+20,-5.464813833241195e+21,0.0,71827.03126644364,-159093.52360053136,0.0
7600,109,7.026916503851763e+20,-5.209966225087182e+21,0.0,83097.40004684168,-144323.8484358741,0.0
7600,110,1.1420739932396653e+21,-4.808809417503544e+21,0.0,98123.67697122584,-120450.98761322482,0.0
7600,111,1.6867290573557006e+21,-4.1432887689610485e+21,0.0,113535.79586267253,-79596.26529449027,0.0
7600,112,2.1888851580244378e+21,-2.895066650696249e+21,0.0,108609.77023106067,4166.316083976219,0.0
7600,113,7.408650321559985e+20,-1.9224803675498031e+21,0.0,84717.1092053361,-171036.52686902008,0.0
7600,114,8.71382545236523e+20,-1.4928129312637334e+21,0.0,-75501.04773761815,-193286.57475949542,0.0
7600,115,1.1418295168735024e+21,-1.3902016382974299e+21,0.0,-262919.8406772532,-40161.63473334869,0.0
7600,116,1.1904505931498156e+21,-1.9192367251468528e+21,0.0,204170.34908180992,51073.16894879366,0.0
7600,117,1.1026978135746405e+21,-1.416706041317865e+21,0.0,-254835.60142906316,-77678.12343824157,0.0
7600,118,1.3565684460961726e+21,-1.519798503955414e+21,0.0,-97447.11479289802,292262.1073206941,0.0
7600,119,9.454302520149216e+20,-1.9016887418097442e+21,0.0,187365.14326983684,-80952.89538600227,0.0
7600,120,7.19624549768996e+20,-1.374483063241291e+21,0.0,1145.5038712878854,-125744.51637106025,0.0
7600,121,-1.6654783733498732e+21,1.4058368611433463e+21,0.0,-45492.691684999256,-110901.89918209446,0.0
8000,0,1.3684470298126154e+21,-1.6451912229106853e+21,0.0,50416.81423289995,-23643.262640917088,0.0
8000,1,-1.3684470298126154e+21,1.6451912229106853e+21,0.0,-50416.81423289995,23643.262640917088,0.0
8000,2,1.5085140335400214e+21,-1.5803463383821973e+21,0.0,-71141.9085993311,243041.04107644246,0.0
8000,3,1.456000245717927e+21,-1.5176197460844796e+21,0.0,-189063.88287843423,144068.59413185503,0.0
8000,4,1.3806723691536206e+21,-1.4896520216976357e+21,0.0,-238395.4414438631,1869.6728813433801,0.0
8000,5,1.3041922861353775e+21,-1.501643533972122e+21,0.0,-212239.3414185103,-140806.0532048089,0.0
8000,6,1.24416929402307e+21,-1.5489435604578633e+21,0.0,-122799.84456005103,-253420.6549079816,0.0
8000,7,1.214859263295731e+21,-1.6224323086340357e+21,0.0,14654.985236584884,-312775.3994510658,0.0
8000,8,1.2282276772198566e+21,-1.705098605648515e+21,0.0,173027.91731331137,-293713.98133610823,0.0
8000,9,1.284188818592767e+21,-1.7703016692283655e+21,0.0,300419.8020178126,-189024.37513693908,0.0
8000,10,1.3631546865600574e+21,-1.796415188260086e+21,0.0,348987.8244197202,-36152.9240058696,0.0
8000,11,1.4396404789071142e+21,-1.7805678840598883e+21,0.0,313929.43687585834,110526.80978569241,0.0
8000,12,1.4965173144025673e+21,-1.7311892492345257e+21,0.0,216487.999500738,218029.6235504852,0.0
8000,13,1.5223829692688895e+21,-1.659093852651718e+21,0.0,78538.01015314943,267682.2167134351,0.0
8000,14,1.575018226635771e+21,-1.7280548976192127e+21,0.0,186530.9519341299,175903.42202895338,0.0
8000,15,1.5226662235319288e+21,-1.8102178788171514e+21,0.0,251202.9481254349,107474.24148880302,0.0
8000,16,1.4435510736089566e+21,-1.8652885442072976e+21,0.0,281272.8628455504,17417.30939312506,0.0
8000,17,1.3986965776770807e+21,-1.8876589618951317e+21,0.0,274058.8825111528,-28219.856413124748,0.0
8000,18,1.4090344330813275e+21,-1.901260589587816e+21,0.0,259924.66984493774,-13817.562234276935,0.0
8000,19,1.4639879053068232e+21,-1.8966881346421756e+21,0.0,239143.3039066383,43812.9098508262,0.0
8000,20,1.5356549588556828e+21,-1.8455825147374705e+21,0.0,194980.05339575725,124747.84877499861,0.0
8000,21,1.5818638061432894e+21,-1.7385188540530523e+21,0.0,105938.5492158572,203915.88811340134,0.0
8000,22,1.570267827238366e+21,-1.61472242932876e+21,0.0,-23190.807384775602,232118.17977805197,0.0
8000,23,1.529441525915778e+21,-1.534976239757827e+21,0.0,-113414.22507719968,200336.74094941173,0.0
8000,24,1.5082855764699751e+21,-1.5009002054719725e+21,0.0,-134160.03927785196,174875.60388342125,0.0
8000,25,1.4947107012279733e+21,-1.4726853663432903e+21,0.0,-136169.55789757712,152816.1235733546,0.0
8000,26,1.4452665903306286e+21,-1.4182304563073455e+21,0.0,-150411.0230730178,87392.59606831128,0.0
8000,27,1.331471105193091e+21,-1.3718976119817673e+21,0.0,-143691.69949930295,-29540.766054106105,0.0
8000,28,1.194498136145828e+21,-1.4302785051757503e+21,0.0,-76885.4820600309,-166320.9992164218,0.0
8000,29,1.1716753594516284e+21,-1.6562521406292298e+21,0.0,144612.78521376525,-279072.40471570427,0.0
8000,30,1.4428318900592304e+21,-1.7856229747082763e+21,0.0,356921.3944630057,84617.35244393027,0.0
8000,31,1.5679305575283944e+21,-1.7019384868021102e+21,0.0,183828.8907806622,197077.07781007368,0.0
8000,32,1.732096377542575e+21,-1.8894219358479526e+21,0.0,100502.00764829415,90213.84380246325,0.0
8000,33,1.4958443910331352e+21,-2.067206872993676e+21,0.0,180583.6762745336,-30540.494013281696,0.0
8000,34,1.4123311697190708e+21,-2.0779419356957924e+21,0.0,180022.17887119605,-60016.94289633167,0.0
8000,35,1.5501242669676102e+21,-2.0587245041321084e+21,0.0,157935.54055985835,31859.06746115595,0.0
8000,36,1.6180540161866898e+21,-1.657517343010157e+21,0.0,-52260.35567878536,198142.98173754767,0.0
8000,37,1.1670765133134662e+21,-1.9069828863987362e+21,0.0,135632.9770590121,-178700.10278740566,0.0
8000,38,1.462493807700411e+21,-1.980891944981626e+21,0.0,186901.19846432272,56590.27646110352,0.0
8000,39,1.5750984319875075e+21,-1.6901891328521203e+21,0.0,13058.326457130832,244772.00851422717,0.0
8000,40,1.5304495974962317e+21,-1.5677735105485907e+21,0.0,-124439.7116139658,232470.4557165822,0.0
8000,41,1.5649590188356623e+21,-1.756821247081253e+21,0.0,120194.7905944489,226537.17805317612,0.0
8000,42,1.29915829940791e+21,-1.9267992049965872e+21,0.0,259356.70933569738,-20470.17260492587,0.0
8000,43,1.0612897140355948e+21,-1.7507709137548151e+21,0.0,167997.2907946247,-169286.42788135586,0.0
8000,44,1.1085410033619462e+21,-1.6232617837705938e+21,0.0,191660.54684022628,-207648.1456321742,0.0
8000,45,1.3465250244251125e+21,-7.556172968082862e+20,0.0,22431.39543288341,-29975.046832323427,0.0
8000,46,-1.7156520965902696e+21,1.5697432696153254e+21,0.0,16356.302855367754,-84255.97325080741,0.0
8000,47,-1.7010404063901697e+21,1.6844434988039697e+21,0.0,189.4963467431105,-86205.79926104192,0.0
8000,48,-1.691152267561423e+21,1.7934839832096651e+21,0.0,-51037.151422626994,-82505.14207302038,0.0
8000,49,-1.618320896717083e+21,1.6488938713536835e+21,0.0,95968.78622945718,-141127.08195429755,0.0
8000,50,-1.312250139849642e+21,1.9694585519504787e+21,0.0,-221843.7557176259,98287.8271789747,0.0
8000,51,4.600460264566483e+21,-1.6753476068961296e+22,0.0,180375.2475604267,-606519.4384925745,0.0
8000,52,1.5085606063838098e+21,-1.3816109066206467e+21,0.0,-105219.45384530585,-42559.63508345894,0.0
8000,53,1.519413397429265e+21,-1.3810740952274722e+21,0.0,-125792.70563118074,3452.827737216294,0.0
8000,54,1.571601736291345e+21,-1.8785062689186133e+21,0.0,225030.70227579903,40421.261500363056,0.0
8000,55,1.4204539479915988e+21,-1.4578656828938967e+21,0.0,-245185.80111164483,-56515.26076167127,0.0
8000,56,2.715766948600611e+21,-3.5927877661871136e+21,0.0,102910.02021092777,-32069.939532247914,0.0
8000,57,2.6439111704213256e+21,-3.5914384530297324e+21,0.0,104060.41701304539,-30589.28049587221,0.0
8000,58,2.611511807326985e+21,-2.9676126011554325e+21,0.0,90207.87179352957,6115.305851452023,0.0
8000,59,1.771286973103447e+21,-1.4041065135352038e+21,0.0,-120721.97316398575,65859.94420974141,0.0
8000,60,1.7961519957626446e+21,-2.1998745297936455e+21,0.0,107469.48755097104,63858.31399821358,0.0
8000,61,1.4086660577174584e+21,-2.2056877917310985e+21,0.0,159152.04977585463,-8124.071073199789,0.0
8000,62,1.1730199084374958e+21,-2.0615003262790832e+21,0.0,151481.35531850683,-95847.25219153827,0.0
8000,63,1.1098379138209279e+21,-1.6331433014868194e+21,0.0,-73255.89498237328,-223632.59922168613,0.0
8000,64,1.2313082830735037e+21,-2.0105969531571376e+21,0.0,183804.1828017208,-51262.747594745066,0.0
8000,65,1.2730490295487072e+21,-2.0007431740388053e+21,0.0,202920.12344389412,-21813.709309657224,0.0
8000,66,1.0244651058288603e+21,-1.8328776987139165e+21,0.0,105013.27404220293,-160328.18369947316,0.0
8000,67,1.256433083651821e+21,-1.372563042905958e+21,0.0,-167218.33559064646,-33612.16585859173,0.0
8000,68,1.4722601595478273e+21,-1.436172834189929e+21,0.0,-96294.13813466711,202055.12682527487,0.0
8000,69,-1.5580005959864633e+21,1.195548165960629e+21,0.0,79138.79611621327,-20874.287961505437,0.0
8000,70,-1.509366232508868e+21,1.7794146101200497e+21,0.0,-298229.0357385416,102681.6481202657,0.0
8000,71,-1.530931523493751e+21,1.7966798237298972e+21,0.0,-274985.37033686263,73614.88592845466,0.0
8000,72,-1.6893574251338083e+21,1.7528930447241356e+21,0.0,22413.52357182682,-80283.38278999653,0.0
8000,73,-1.5565921374029034e+21,2.02513877252772e+21,0.0,-87638.2846493184,-10811.608862094647,0.0
8000,74,-1.2876106434967471e+21,1.473464690824628e+21,0.0,-16575.82180341931,142938.59593639433,0.0
8000,75,8.485765656335722e+21,1.8539129201438082e+22,0.0,314602.82822716725,680458.7493853418,0.0
8000,76,-2.3449558401157e+22,2.3902978474702904e+21,0.0,-991113.6617791367,67344.69207831925,0.0
8000,77,1.0503101739891027e+22,1.2739940781418007e+22,0.0,413432.58105366456,479210.60745341994,0.0
8000,78,-1.5081516129157492e+21,1.778054824592513e+21,0.0,29073.263520055596,-277626.68564156623,0.0
8000,79,-1.7933428819121296e+21,1.862072865708689e+21,0.0,-87170.10568878186,-135524.92652252785,0.0
8000,80,9.24955970992214e+21,-6.277847775254412e+21,0.0,304881.4351992777,-190330.66023831055,0.0
8000,81,1.5890486402536508e+21,-1.8367854158846e+21,0.0,243483.9091967073,34013.61969649468,0.0
8000,82,1.8098900185116658e+21,-1.707094029129852e+21,0.0,19116.832960321564,89506.92864721955,0.0
8000,83,1.833623789496371e+21,-2.072090309883797e+21,0.0,110508.2072409793,25982.433785178866,0.0
8000,84,1.64623413392348e+21,-2.3673814136843933e+21,0.0,145565.3693864073,-66343.72652705712,0.0
8000,85,2.724383563179188e+21,-2.8419136848100013e+21,0.0,78657.33514216087,6584.251043157224,0.0
8000,86,-1.6032903971932581e+21,1.618390711644499e+21,0.0,152514.42623388843,-42463.2221662662,0.0
8000,87,-1.5139926973700569e+21,1.4945259086943006e+21,0.0,212024.6789255597,49548.703225725294,0.0
8000,88,-1.6125288209899457e+21,1.923246493569128e+21,0.0,-191917.71552852137,54098.02337121449,0.0
8000,89,-1.625784244650961e+21,1.8599409926924256e+21,0.0,33295.44342776397,-133433.9195736354,0.0
8000,90,-1.384976615423732e+21,1.593524222128299e+21,0.0,377074.78415329783,444029.56861513207,0.0
8000,91,4.5034461192724865e+22,4.7275135687479486e+22,0.0,1862451.4005837603,1925791.4680188668,0.0
8000,92,1.944504565991691e+21,7.668087719458411e+22,0.0,77707.02663358454,3109280.469143822,0.0
8000,93,-2.9247883574995202e+19,6.931675699993072e+21,0.0,-23261.87884020846,172996.82251695564,0.0
8000,94,2.4106888213934524e+22,1.9157589170029712e+22,0.0,709164.0063301859,579825.0195205872,0.0
8000,95,1.5314128567274093e+21,-1.829101614907275e+21,0.0,-241850.15046480088,-42766.482292610366,0.0
8000,96,-1.1267065301978044e+22,-1.1731510451979808e+23,0.0,-525820.6347167358,-5604679.171736701,0.0
8000,97,-1.0849534564159307e+21,2.5674189729691966e+21,0.0,-86288.57867062185,21653.55310405666,0.0
8000,98,-7.902823572326289e+20,4.751054048836488e+21,0.0,-77948.59911426433,101482.14291615781,0.0
8000,99,-3.2630121894348646e+22,-2.0095239401500825e+22,0.0,-1093847.8304015081,-672014.3005121294,0.0
8000,100,1.4724938015780034e+21,-1.4277454673271178e+21,0.0,-193880.1198864015,-81369.17158430464,0.0
8000,101,1.7186041480249732e+21,-1.984518601568017e+21,0.0,157255.69373938662,-11017.789432464986,0.0
8000,102,1.3524484422247142e+21,-2.021349084298691e+21,0.0,169507.5206368497,-209777.69110194212,0.0
8000,103,2.6201612339605836e+21,-4.980442805555261e+21,0.0,111622.30336739392,-102619.53216637546,0.0
8000,104,1.6086396199260083e+21,-5.998237512439441e+21,0.0,92677.36253976356,-151370.19712970592,0.0
8000,105,8.99034931332037e+20,-6.257861878558959e+21,0.0,75092.03549437002,-166469.83540801026,0.0
8000,106,5.455157356094215e+20,-6.26166658970554e+21,0.0,66553.75933175196,-168985.7764562895,0.0
8000,107,4.756034175640976e+20,-6.154317395011589e+21,0.0,66081.23006412745,-165074.54567333165,0.0
8000,108,6.293226602285893e+20,-5.961869295474596e+21,0.0,72097.04262944014,-156015.6358187417,0.0
8000,109,9.65144192613742e+20,-5.659654595562532e+21,0.0,83209.21500208776,-140778.43616730813,0.0
8000,110,1.451276747727876e+21,-5.18173149640908e+21,0.0,97814.38243957242,-116022.5739025515,0.0
8000,111,2.042459297740367e+21,-4.384152976396505e+21,0.0,111894.49801513727,-73227.1261038446,0.0
8000,112,2.5153612894012026e+21,-2.8616425379759637e+21,0.0,98113.84019816088,16748.294778691823,0.0
8000,113,1.1120170804561264e+21,-2.3397066914981562e+21,0.0,139082.99758499564,-94130.35325431915,0.0
8000,114,9.96651231897675e+20,-2.0436599721830368e+21,0.0,114520.43032547394,-131794.2880479789,0.0
8000,115,9.968755905305161e+20,-1.9122598000354454e+21,0.0,91197.76167206709,-147072.54249849528,0.0
8000,116,1.1318447956171902e+21,-1.5557524354606254e+21,0.0,-140464.30661649632,-172400.59260883564,0.0
8000,117,1.053869419941238e+21,-1.925101342646541e+21,0.0,125329.82783846448,-121273.22791589626,0.0
8000,118,9.872574730339098e+20,-1.7666353486457505e+21,0.0,48550.736715370214,-167605.27862120033,0.0
8000,119,1.567185614219037e+21,-1.6623332194298167e+21,0.0,30417.73675821569,278876.9866415775,0.0
8000,120,9.648030659753387e+20,-1.8014151085934125e+21,0.0,165063.2339759314,-123943.87271256954,0.0
8000,121,-1.5988680335412775e+21,1.1927289835963846e+21,0.0,72782.23692983852,-10536.10959262723,0.0
