case,frame_us,time,x,y,z,vx,vy,vz,qw,qx,qy,qz,p,q,r
0,8000,0,5449387.1886701053,960873.98968958983,3173373.7226977898,-164.26000211708305,524.3764174302022,122.46902067237752,-0.45633719708098636,0.26438783688698342,0.81898292079183965,-0.22610265305333851,4.5787712080284339e-05,-4.460210700225898e-05,-3.5094609140643321e-05
0,8000,0.20000000000000001,5449354.3357200529,960978.86459571903,3173398.2165013156,-164.26949894828917,524.37264170683204,122.4690139180551,-0.45633555288448147,0.26438186605441649,0.8189848461671253,-0.22610597918633096,4.5786699561047482e-05,-4.441334890332331e-05,-3.5094590712232438e-05
0,8000,0.40000000000000002,5449321.4808715899,961083.73874591582,3173422.7103030998,-164.27898358412887,524.36885912784317,122.46900331657979,-0.45633393930051402,0.26437590372173581,0.81898675443354918,-0.22610929533345542,4.5785774838028797e-05,-4.3854017091036198e-05,-3.5094472567630914e-05
0,8000,0.59999999999999998,5449288.6241275165,961188.61213892186,3173447.2041024296,-164.2884546966126,524.36506983169591,122.46898953280692,-0.45633238272602383,0.26436995718838474,0.81898863087833318,-0.2261125929793272,4.5784779488311152e-05,-4.3026937027226411e-05,-3.509419450823859e-05
0,8000,0.80000000000000004,5449255.7654907638,961293.4847734177,3173471.69789878,-164.29790996165579,524.36127407146955,122.46897374246022,-0.45633090091940715,0.26436403137841513,0.81899046560176558,-0.2261158663889776,4.5783648174936296e-05,-4.2037036987497501e-05,-3.5093738723024847e-05
0,8000,1,5449222.9049647721,961398.35664813931,3173496.1916918862,-164.30734662296922,524.35747213943966,122.46895732955662,-0.45632950340616629,0.2643581289446375,0.81899225329184522,-0.22611911248259886,4.578238476399559e-05,-4.0978359070991561e-05,-3.5093121252402186e-05
0,8000,1.2,5449190.0425535375,961503.2277618798,3173520.6854817607,-164.31676194058056,524.35366430442923,122.4689416425818,-0.45632819269744068,0.26435225059943335,0.81899399254582705,-0.2261223304460391,4.5781036623341256e-05,-3.9926580019246794e-05,-3.5092380565013465e-05
0,8000,1.3999999999999999,5449157.1782615799,961608.09811348119,3173545.1792686675,-164.32615351003949,524.34985076981002,122.46892782422817,-0.45632696595010902,0.26434639556986983,0.81899568494551223,-0.22612552119700513,4.5779670876552272e-05,-3.8935736265944777e-05,-3.5091565753051571e-05
0,8000,1.6000000000000001,5449124.3120938437,961712.96770181635,3173569.67305307,-164.33551945323597,524.34603165100043,122.46891671289447,-0.45632581675533646,0.26434056209044055,0.81899733406075403,-0.22612868680833639,4.5778355245685185e-05,-3.803832225450439e-05,-3.5090726247338883e-05
0,8000,1.8,5449091.4440555898,961817.83652577153,3173594.1668355661,-164.34485849597274,524.34220696943419,122.46890880656915,-0.45632473681736102,0.26433474786719174,0.81899894451393929,-0.22613182996563685,4.5777144853704287e-05,-3.724778811977773e-05,-3.5089904224423875e-05
0,8000,2,5449058.5741522824,961922.70458422927,3173618.6606168183,-164.35416995586343,524.33837665898659,122.46890427536999,-0.45632371736469901,0.26432895046907157,0.81900052119343791,-0.22613495351063859,4.5776075153237613e-05,-3.65624704037432e-05,-3.5089130142641186e-05
0,8000,2.2000000000000002,5449025.7023894601,962027.5718760509,3173643.1543974942,-164.36345366751308,524.33454058058203,122.46890300744361,-0.45632275021115992,0.2643231676231052,0.81900206866211123,-0.22613806009735229,4.5775160256859366e-05,-3.5970103825716439e-05,-3.5088421261166202e-05
0,8000,2.3999999999999999,5448992.8287726529,962132.43840006425,3173667.6481782189,-164.37270987130603,524.33069854100836,122.46890467353727,-0.45632182844711561,0.26431739740749355,0.81900359077183693,-0.22614115196763301,4.5774395338348225e-05,-3.5452239822771937e-05,-3.5087782565348451e-05
0,8000,2.6000000000000001,5448959.9533073101,962237.30415505474,3173692.1419595294,-164.38193908871673,524.32685031262065,122.46890879764251,-0.45632094678871143,0.26431163834991933,0.8190050904686631,-0.2261442308374296,4.5773761551270793e-05,-3.4988100549840316e-05,-3.5087209311630695e-05
0,8000,2.7999999999999998,5448927.0759987701,962342.16913976043,3173716.6357418653,-164.39114200203858,524.32299565146423,122.46891482402154,-0.45632010164335007,0.26430588944695943,0.81900656975612385,-0.2261472978749956,4.577323196964273e-05,-3.4557595180716921e-05,-3.5086690368828872e-05
0,8000,3,5448894.1968522156,962447.03335286968,3173741.1295255492,-164.40031935081478,524.31913431222733,122.46892217410215,-0.45631929096508894,0.26430015012487035,0.81900802977569076,-0.22615035374730391,4.5772777308187809e-05,-3.4143397713492004e-05,-3.5086211625361219e-05
0,8000,3.2000000000000002,5448861.3158726878,962551.89679302415,3173765.6233107876,-164.40947185187244,524.31526605925023,122.46893028972826,-0.45631851397623924,0.26429442016286658,0.81900947096185217,-0.2261533987099861,4.5772370567160787e-05,-3.3732120007263839e-05,-3.5085758921754474e-05
0,8000,3.3999999999999999,5448828.4330650885,962656.75945881789,3173790.1170976823,-164.41860014523098,524.31139067347351,122.46893866179019,-0.45631777082474517,0.26428869959822515,0.81901089323303511,-0.22615643271824162,4.5771990162057421e-05,-3.3314706128466205e-05,-3.5085320192666584e-05
0,8000,3.6000000000000001,5448795.5484342091,962761.62134880445,3173814.610886239,-164.4277047645885,524.30750795570702,122.46894684518955,-0.45631706223429475,0.26428298862910421,0.81901229618661919,-0.2261594555402304,4.5771621429941921e-05,-3.2886225817828551e-05,-3.5084886694100331e-05
0,8000,3.7999999999999998,5448762.6619847342,962866.48246149917,3173839.1046763822,-164.43678612869388,524.30361772690287,122.468954462357,-0.45631638918866629,0.26427728752669738,0.8190136792748941,-0.22616246685944577,4.5771256726132661e-05,-3.2445261868740436e-05,-3.5084453387805548e-05
0,8000,4,5448729.7737212861,962971.34279538342,3173863.5984679665,-164.44584454861084,524.29971982625932,122.46896119820028,-0.45631575267611213,0.26427159656398003,0.81901504194756958,-0.22616546635766283,4.5770894451458216e-05,-3.1993076348016366e-05,-3.5084018644698881e-05
0,8000,4.2000000000000002,5448696.8836484272,963076.20234890841,3173888.0922607868,-164.45488024551679,524.2958141079896,122.46896678950168,-0.45631515350544843,0.26426591596437282,0.81901638375431629,-0.22616845377464267,4.5770537458741904e-05,-3.1532712743054269e-05,-3.5083583509204594e-05
0,8000,4.4000000000000004,5448663.9917706912,963181.06112049625,3173912.5860545919,-164.46389337401746,524.29190043750441,122.46897101155072,-0.45631459219411552,0.26426024587043939,0.81901770440718957,-0.22617142894448525,4.5770191240228742e-05,-3.106815348248501e-05,-3.5083150755519873e-05
0,8000,4.5999999999999996,5448631.0980925765,963285.91910854436,3173937.0798490867,-164.47288404677226,524.28797868761001,122.46897366431222,-0.45631406892028492,0.26425458633045273,0.81901900380734349,-0.22617439181118953,4.5769862222754683e-05,-3.0603611950100577e-05,-3.5082723935263089e-05
0,8000,4.7999999999999998,5448598.2026185626,963390.77631142456,3173961.573643941,-164.48185235727803,524.28404873514421,122.46897455982536,-0.45631358352613943,0.26424893729924998,0.8190202820432112,-0.22617734242759366,4.5769556410707759e-05,-3.0143000377646806e-05,-3.5082306572780265e-05
0,8000,5,5448565.3053531172,963495.63272748375,3173986.0674387827,-164.49079839876265,524.28011045831101,122.4689735119087,-0.45631313555736924,0.2642432986492122,0.81902153936849043,-0.22618028094255621,4.5769278484168453e-05,-2.9689583359725766e-05,-3.5081901590807639e-05
0,8000,5.2000000000000002,5448532.4063006807,963600.48835504509,3174010.5612332034,-164.49972227816704,524.27616373481624,122.46897032867652,-0.45631272432410869,0.2642376701872412,0.8190227761681721,-0.22618320758117563,4.5769031361563894e-05,-2.9245803054951881e-05,-3.5081510991114682e-05
0,8000,5.4000000000000004,5448499.505465677,963705.34319240635,3174035.055026758,-164.50862412503662,524.27220844078749,122.46896480791429,-0.45631234897034856,0.26423205167410885,0.81902399291984107,-0.22618612262226467,4.5768816163846982e-05,-2.8813246752828948e-05,-3.5081135769036149e-05
0,8000,5.5999999999999996,5448466.6028524907,963810.19723784144,3174059.5488189585,-164.51750409576661,524.26824445038142,122.46895673502145,-0.45631200854160275,0.26422644284331698,0.81902519015595077,-0.22618902637640084,4.5768632473637536e-05,-2.8392719830358841e-05,-3.5080776010894354e-05
0,8000,5.7999999999999998,5448433.698465487,963915.0504895983,3174084.0426092674,-164.52636237404576,524.26427163592598,122.46894588302821,-0.45631170204371968,0.26422084341748114,0.81902636843103627,-0.22619191916685993,4.5768478762295304e-05,-2.7984385788324939e-05,-3.5080431105982594e-05
0,8000,6,5448400.7923089741,964019.9029458994,3174108.5363971097,-164.53519916852838,524.26028986843471,122.46893201409449,-0.45631142848876094,0.26421525312109839,0.81902752829613601,-0.22619480131475744,4.5768352876795235e-05,-2.7587938455019568e-05,-3.5080100011601461e-05
0,8000,6.2000000000000002,5448367.8843872314,964124.75460494054,3174133.030181855,-164.54401470877946,524.25629901832906,122.46891488190769,-0.45631118692648476,0.26420967168929055,0.81902867028124582,-0.2261976731288684,4.576825248352998e-05,-2.720277775887713e-05,-3.5079781509063952e-05
0,8000,6.4000000000000004,5448334.9747044891,964229.60546489258,3174157.5239628265,-164.552809240442,524.25229895623113,122.46889423445532,-0.4563109764620118,0.26420409887268859,0.81902979488547367,-0.22620053489993069,4.5768175421486886e-05,-2.682816826128897e-05,-3.5079474418885247e-05
0,8000,6.5999999999999996,5448302.0632649194,964334.45552390057,3174182.0177392964,-164.56158302038358,524.24828955372254,122.46886981675914,-0.456310796261645,0.26419853443901647,0.81903090257380062,-0.22620338689879271,4.5768119923148465e-05,-2.6463367500930316e-05,-3.5079177746031829e-05
0,8000,6.7999999999999998,5448269.1500726482,964439.30478008324,3174206.5115104853,-164.57033631237024,524.24427068399029,122.46884137327956,-0.45631064554957923,0.26419297817213849,0.81903199377892,-0.22620622937750673,4.5768084714202104e-05,-2.6107718306040132e-05,-3.5078890756828167e-05
0,8000,7,5448236.2351317415,964544.15323153487,3174231.005275561,-164.5790693836004,524.24024222232799,122.46880864981763,-0.45631052359849272,0.26418742986941163,0.81903306890648786,-0.22620906257240081,4.5768069003604926e-05,-2.5760704959536795e-05,-3.5078612990721495e-05
0,8000,7.2000000000000002,5448203.3184462218,964649.00087632495,3174255.4990336411,-164.58778250223631,524.23620404647431,122.4687713948491,-0.45631042971683522,0.26418188933812786,0.81903412834221145,-0.22621188670821105,4.5768072403889578e-05,-2.5421977207213453e-05,-3.5078344227498819e-05
0,8000,7.4000000000000004,5448170.400020048,964753.84771249781,3174279.9927837984,-164.59647593592169,524.23215603680228,122.46872936030751,-0.45631036323520663,0.26417635639171566,0.81903517245944435,-0.22621470200249852,4.5768094806849518e-05,-2.5091348581926806e-05,-3.5078084423731168e-05
0,8000,7.5999999999999996,5448137.4798571384,964858.69373807625,3174304.4865250494,-164.60514995116532,524.22809807638248,122.46868230189018,-0.45631032349363482,0.26417083084620269,0.81903620162627999,-0.22621750866976895,4.5768136251160459e-05,-2.4768776560270384e-05,-3.5077833639471618e-05
0,8000,7.7999999999999998,5448104.5579613466,964963.53895105829,3174328.9802563656,-164.61380481340581,524.2240300509493,122.46862997899393,-0.45631030983094129,0.26416531251726827,0.81903721621147696,-0.22622030692490636,4.5768196801367323e-05,-2.4454331972156463e-05,-3.5077591967496001e-05
0,8000,8,5448071.6343364753,965068.38334941876,3174353.4739766722,-164.62244078755074,524.21995184880609,122.46857215439873,-0.45631032157681783,0.26415980121805499,0.81903821658887488,-0.22622309698572812,4.5768276461092002e-05,-2.4148164174598514e-05,-3.5077359479523686e-05
0,8000,8.1999999999999993,5448038.708986274,965173.22693111235,3174377.967684844,-164.63105813878755,524.21586336069879,122.46850859381087,-0.45631035804674563,0.2641542967577738,0.8190392031402246,-0.22622587907461625,4.5768375118928683e-05,-2.3850467121222999e-05,-3.5077136190048791e-05
0,8000,8.4000000000000004,5448005.7819144428,965278.06969407026,3174402.4613797115,-164.63965713349214,524.21176447968276,122.4684390653625,-0.45631041853953547,0.26414879894103721,0.81904017625655623,-0.22622865341930229,4.5768492529259557e-05,-2.3561449895742846e-05,-3.5076922040240268e-05
0,8000,8.5999999999999996,5447972.8531246269,965382.91163620364,3174426.9550600573,-164.64823804009757,524.20765510100171,122.46836333914122,-0.45631050233703352,0.26414330756779086,0.81904113633834275,-0.22623142025295193,4.576862832126945e-05,-2.328131375325655e-05,-3.5076716898924401e-05
0,8000,8.8000000000000007,5447939.9226204148,965487.75275540317,3174451.4487246182,-164.65680112983054,524.20353512199176,122.46828118679927,-0.45631060870542689,0.26413782243368689,0.81904208379476984,-0.22623417981373675,4.5768782024494674e-05,-2.301023639258543e-05,-3.5076520574425988e-05
0,8000,9,5447906.9904053444,965592.5930495389,3174475.9423720883,-164.66534667726415,524.19940444201598,122.46819238126737,-0.45631073689755847,0.26413234333073105,0.81904301904244547,-0.22623693234408129,4.5768953106388849e-05,-2.2748363175223422e-05,-3.5076332834779595e-05
0,8000,9.1999999999999993,5447874.0564828962,965697.43251645984,3174500.4360011127,-164.67387496067118,524.19526296242896,122.46809669658175,-0.45631088615572202,0.26412687004806068,0.81904394250384194,-0.22623967808975903,4.5769141005348309e-05,-2.2495804288610661e-05,-3.5076153426632992e-05
0,8000,9.4000000000000004,5447841.1208564928,965802.27115399716,3174524.9296102938,-164.68238626218758,524.19111058656881,122.46799390781462,-0.45631105571449992,0.26412140237272941,0.81904485460571541,-0.22624241729897623,4.5769345166741186e-05,-2.2252636481689202e-05,-3.507598209681478e-05
0,8000,9.5999999999999996,5447808.1835295046,965907.10895996168,3174549.4231981882,-164.69088086781596,524.1869472197742,122.46788379109258,-0.45631124480332935,0.264115940090415,0.81904575577767513,-0.22624515022154523,4.5769565061469134e-05,-2.2018907867087285e-05,-3.5075818604521719e-05
0,8000,9.8000000000000007,5447775.2445052406,966011.94593214616,3174573.9167633061,-164.69935906730882,524.18277276941433,122.467766123679,-0.45631145264860301,0.26411048298599632,0.81904664645101488,-0.22624787710821015,4.5769800197201993e-05,-2.1794644379100248e-05,-3.5075662729328032e-05
0,8000,10,5447742.303786952,966116.78206832428,3174598.4103041184,-164.70782115396989,524.17858714493059,122.46764068409881,-0.45631167847521481,0.26410503084397574,0.81904752705785255,-0.22625059821015059,4.5770050122067105e-05,-2.1579856679491327e-05,-3.5075514274735257e-05
0,8000,10.199999999999999,5447709.3613778315,966221.61736625282,3174622.9038190469,-164.71626742441589,524.17439025788076,122.4675072522825,-0.45631192150755284,0.26409958344875029,0.81904839803057727,-0.22625331377866401,4.5770314420942269e-05,-2.1374546613506607e-05,-3.5075373067130498e-05
0,8000,10.4,5447676.4172810176,966326.45182367088,3174647.3973064711,-164.7246981783278,524.17018202198369,122.4673656097135,-0.45631218097000231,0.26409414058474617,0.81904925980156995,-0.226256024065006,4.5770592705798372e-05,-2.1178712609961308e-05,-3.5075238950900223e-05
0,8000,10.6,5447643.471499579,966431.28543829988,3174671.8907647282,-164.73311371821569,524.16596235315933,122.46721553956525,-0.45631245608705773,0.26408870203644769,0.81905011280314199,-0.22625872932035554,4.5770884604569219e-05,-2.0992353720538738e-05,-3.50751117822121e-05
0,8000,10.800000000000001,5447610.5240365248,966536.11820784502,3174696.3841921119,-164.74151434921541,524.16173116956338,122.46705682681942,-0.45631274608316069,0.26408326758835093,0.81905095746762557,-0.22626142979586775,4.5771189750085815e-05,-2.0815472232739257e-05,-3.5074991422474339e-05
0,8000,11,5447577.5748948101,966640.95012999512,3174720.8775868695,-164.74990037892084,524.15748839161495,122.46688925836303,-0.45631305018237467,0.26407783702487408,0.81905179422755536,-0.22626412574277913,4.5771507769477262e-05,-2.0648074962869723e-05,-3.5074877731720412e-05
0,8000,11.199999999999999,5447544.6240773248,966745.78120242327,3174745.370947211,-164.75827211725726,524.15323394201641,122.4667126230616,-0.45631336760800029,0.26407241013025151,0.81905262351588293,-0.22626681741253105,4.5771838286716253e-05,-2.0490173472687243e-05,-3.5074770569546508e-05
0,8000,11.4,5447511.6715868972,966850.61142278812,3174769.8642713022,-164.76662987638775,524.14896774577107,122.46652671181359,-0.45631369758220475,0.26406698668843154,0.81905344576618366,-0.22626950505688867,4.5772180916133028e-05,-2.034178347917597e-05,-3.5074669790974918e-05
0,8000,11.6,5447478.7174262879,966955.44078873319,3174794.3575572656,-164.77497397064877,524.14468973019257,122.4663313175883,-0.45631403932572129,0.26406156648299489,0.81905426141282356,-0.2262721889280373,4.5772535260329645e-05,-2.0202923758748379e-05,-3.5074575244726178e-05
0,8000,11.800000000000001,5447445.7615982005,967060.26929788745,3174818.8508031834,-164.78330471650614,524.14039982491397,122.46612623545215,-0.45631439205765051,0.26405614929710103,0.81905507089107021,-0.22627486927864549,4.5772900914244683e-05,-2.0073614813496313e-05,-3.5074486775214765e-05
0,8000,12,5447412.8041052697,967165.09694786603,3174843.3440071,-164.79162243252478,524.13609796189189,122.46591126258745,-0.45631475499537233,0.26405073491346409,0.81905587463714213,-0.22627754636189348,4.577327746701821e-05,-1.9953877518672666e-05,-3.5074404223423373e-05
0,8000,12.199999999999999,5447379.8449500743,967269.92373627075,3174867.8371670162,-164.79992743934304,524.13178407541227,122.46568619830779,-0.4563151273545647,0.26404532311435819,0.81905667308819885,-0.22628022043146662,4.5773664508254998e-05,-1.9843731909046183e-05,-3.5074327430479618e-05
0,8000,12.4,5447346.8841351196,967374.74966069055,3174892.3302808939,-164.80822005964652,524.12745810209458,122.46545084407414,-0.45631550834931178,0.2640399136816477,0.81905746668227908,-0.2262828917415203,4.5774061628820732e-05,-1.9743196200404346e-05,-3.5074256238219563e-05
0,8000,12.6,5447313.9216628522,967479.57471870154,3174916.8233466558,-164.81650061813721,524.12311998089751,122.46520500351276,-0.45631589719228405,0.26403450639683684,0.81905825585820236,-0.2262855605466226,4.5774468422703504e-05,-1.9652286084973356e-05,-3.5074190490353577e-05
0,8000,12.800000000000001,5447280.9575356562,967584.39890786912,3174941.3163621831,-164.82476944149639,524.11876965312354,122.4649484824364,-0.45631629309496236,0.26402910104113092,0.81905904105544314,-0.2262882271016822,4.5774884490022997e-05,-1.9571014311194519e-05,-3.5074130034351779e-05
0,8000,13,5447247.9917558376,967689.22222574579,3174965.809325323,-164.8330268583388,524.11440706242615,122.46468108886945,-0.45631669526788893,0.2640236973955043,0.81905982271399247,-0.22629089166186778,4.5775309436990715e-05,-1.9499390505885184e-05,-3.5074074721615746e-05
0,8000,13.199999999999999,5447215.0243256548,967794.04466987355,3174990.3022338804,-164.84127319915942,524.11003215481719,122.46440263307713,-0.45631710292092276,0.26401829524077131,0.8190606012742141,-0.22629355448252592,4.5775742874210112e-05,-1.9437421194665053e-05,-3.5074024406574794e-05
0,8000,13.4,5447182.055247278,967898.86623778311,3175014.7950856243,-164.84950879627181,524.10564487867396,122.46411292759801,-0.4563175152634889,0.26401289435765479,0.81906137717670724,-0.22629621581910153,4.5776184414828355e-05,-1.9385109955790622e-05,-3.5073978945666156e-05
0,8000,13.6,5447149.0845228294,968003.68692699657,3175039.2878782884,-164.85773398374383,524.10124518474709,122.4638117872781,-0.45631793150481093,0.26400749452684896,0.81906215086217637,-0.22629887592706244,4.5776633677427625e-05,-1.9342457659876829e-05,-3.5073938198973569e-05
0,8000,13.800000000000001,5447116.1121543553,968108.50673502579,3175063.7806095663,-164.86594909732733,524.09683302616952,122.46349902930707,-0.45631835085412237,0.26400209552907811,0.81906292277131454,-0.22630153506183193,4.5777090283704367e-05,-1.9309462742502219e-05,-3.5073902028956609e-05
0,8000,14,5447083.1381438375,968213.32565937319,3175088.2732771146,-164.87415447438588,524.09240835846265,122.46317447325431,-0.45631877252085556,0.26399669714514812,0.81906369334469642,-0.22630419347872829,4.5777553858457407e-05,-1.9286121464124201e-05,-3.5073870300368421e-05
0,8000,14.199999999999999,5447050.1624931935,968318.14369753259,3175112.7658785572,-164.88235045382203,524.08797113954552,122.46283794110622,-0.45631919571481122,0.26399129915599329,0.81906446302268643,-0.22630685143290979,4.5778024026319211e-05,-1.9272428138360374e-05,-3.5073842878341309e-05
0,8000,14.4,5447017.1852042619,968422.96084698976,3175137.258411481,-164.89053737600418,524.08352132973971,122.46248925730107,-0.45631961964631018,0.26398590134271793,0.81906523224535188,-0.22630950917932627,4.5778500413116199e-05,-1.9268375309018969e-05,-3.5073819629045727e-05
0,8000,14.6,5446984.2062788233,968527.77710522246,3175161.7508734381,-164.89871558269454,524.07905889177664,122.46212824876395,-0.45632004352633332,0.26398050348663532,0.81906600145238639,-0.22631216697267365,4.5778982645706003e-05,-1.9273953871870498e-05,-3.507380041951762e-05
0,8000,14.800000000000001,5446951.2257185867,968632.59246970201,3175186.2432619459,-164.90688541697807,524.07458379080231,122.46175474493973,-0.45632046656665343,0.26397510536930341,0.81906677108303627,-0.22631482506735168,4.5779470352487329e-05,-1.9289153143295853e-05,-3.5073785117910837e-05
0,8000,15,5446918.2435251893,968737.40693789255,3175210.7355744913,-164.91504722319345,524.07009599438254,122.46136857782503,-0.45632088797996384,0.26396970677256026,0.8190675415760289,-0.22631748371742286,4.5779963161784795e-05,-1.931396088467444e-05,-3.5073773592508019e-05
0,8000,15.199999999999999,5446885.2597002061,968842.22050725168,3175235.227808523,-164.92320134686463,524.06559547250629,122.46096958199844,-0.45632130698000584,0.26396430747856009,0.81906831336950148,-0.22632014317657131,4.5780460704762966e-05,-1.9348363293421498e-05,-3.507376571334094e-05
0,8000,15.4,5446852.2742451392,968947.03317523142,3175259.7199614593,-164.93134813463345,524.06108219758949,122.4605575946499,-0.4563217227816973,0.26395890726980742,0.81906908690092939,-0.2263228036980611,4.5780962615319079e-05,-1.9392344968058669e-05,-3.5073761352140378e-05
0,8000,15.6,5446819.2871614154,969051.84493927856,3175284.2120306864,-164.93948793419267,524.0565561444779,122.46013245560948,-0.4563221346012668,0.26395350592919481,0.8190698626070515,-0.22632546553469352,4.5781468529547808e-05,-1.9445888861744168e-05,-3.5073760382043931e-05
0,8000,15.800000000000001,5446786.2984504048,969156.65579683613,3175308.7040135553,-164.94762109422101,524.05201729044882,122.45969400737418,-0.45632254165638969,0.26394810324003909,0.819070640923795,-0.22632812893876403,4.5781978085538072e-05,-1.9508976235319441e-05,-3.5073762677431729e-05
0,8000,16,5446753.308113399,969261.46574534092,3175333.1959073902,-164.95574796431697,524.04746561521313,122.45924209513474,-0.45632294316632871,0.26394269898612088,0.81907142228619645,-0.22633079416201607,4.5782490925518319e-05,-1.9581586613405466e-05,-3.5073768115170598e-05
0,8000,16.199999999999999,5446720.3161516152,969366.27478222665,3175357.6877094852,-164.96386889493249,524.04290110091688,122.4587765668021,-0.45632333835207728,0.26393729295172341,0.81907220712832174,-0.22633346145559552,4.5783006693333928e-05,-1.9663697748703723e-05,-3.5073776573194409e-05
0,8000,16.399999999999999,5446687.3225662112,969471.08290492441,3175382.1794170989,-164.97198423730703,524.03832373214129,122.45829727303318,-0.45632372643650637,0.26393188492167319,0.8190729958831845,-0.22633613107000372,4.5783525033416278e-05,-1.9755285593686107e-05,-3.5073787929806864e-05
0,8000,16.600000000000001,5446654.3273582663,969575.89011086174,3175406.6710274653,-164.98009434340179,524.03373349590413,122.45780406725572,-0.45632410664451273,0.26392647468138053,0.81907378898266414,-0.22633880325504974,4.5784045596201932e-05,-1.9856324291347137e-05,-3.5073802066817159e-05
0,8000,16.800000000000001,5446621.3305287994,969680.69639746437,3175431.1625377871,-164.98819956583236,524.029130381659,122.45729680569357,-0.45632447820316679,0.26392106201688015,0.81907458685742229,-0.22634147825980269,4.5784568032811571e-05,-1.9966786169977386e-05,-3.5073818866501287e-05
0,8000,17,5446588.3320787437,969785.50176215544,3175455.6539452393,-164.99630025780161,524.02451438129469,122.45677534739104,-0.45632484034186171,0.26391564671487217,0.81907538993682005,-0.22634415633254437,4.5785091998614208e-05,-2.0086641750143356e-05,-3.5073838213610366e-05
0,8000,17.199999999999999,5446555.3320089728,969890.30620235717,3175480.1452469695,-165.00439677303197,524.0198854891355,122.45623955423736,-0.45632519229246099,0.26391022856276208,0.81907619864883663,-0.22634683772072189,4.5785617150349586e-05,-2.02158597529116e-05,-3.507385999371711e-05
0,8000,17.399999999999999,5446522.3303202884,969995.10971549095,3175504.6364400946,-165.01248946569856,524.01524370193908,122.45568929098964,-0.45632553328944442,0.26390480734870159,0.8190770134199864,-0.22634952267089997,4.5786143148417834e-05,-2.0354407120026404e-05,-3.5073884094481198e-05
0,8000,17.600000000000001,5446489.3270134162,970099.91229897831,3175529.12752171,-165.02057869036059,524.01058901889428,122.4551244252966,-0.45632586257005553,0.2638993828616289,0.8190778346752382,-0.22635221142871514,4.5786669654109994e-05,-2.0502249029290527e-05,-3.5073910404036522e-05
0,8000,17.800000000000001,5446456.3220890192,970204.71395023889,3175553.6184888817,-165.0286648018936,524.0059214416201,122.45454482772118,-0.45632617937444225,0.26389395489130707,0.81907866283793518,-0.2263549042388289,4.5787196332658485e-05,-2.0659348914824415e-05,-3.5073938812720138e-05
0,8000,18,5446423.3155476786,970309.51466669515,3175578.1093386505,-165.03674815542121,524.00124097416244,122.45395037176228,-0.45632648294580175,0.26388852322836387,0.81907949832971605,-0.2263576013448827,4.5787722851567239e-05,-2.0825668484593145e-05,-3.5073969212094277e-05
0,8000,18.199999999999999,5446390.3073899178,970414.31444576953,3175602.6000680295,-165.04482910624719,523.99654762299076,122.45334093387685,-0.45632677253051951,0.26388308766433016,0.81908034157043619,-0.22636030298945237,4.5788248880683697e-05,-2.1001167734789462e-05,-3.507400149495637e-05
0,8000,18.399999999999999,5446357.2976161726,970519.113284886,3175627.0906740148,-165.0529080097875,523.99184139699537,122.45271639350031,-0.45632704737831042,0.2638776479916784,0.81908119297808879,-0.22636300941400356,4.5788774092373578e-05,-2.118580496512642e-05,-3.5074035555427922e-05
0,8000,18.600000000000001,5446324.2862268221,970623.9111814705,3175651.5811535725,-165.06098522150228,523.98712230748242,122.45207663306718,-0.45632730674235567,0.2638722040038603,0.81908205296872916,-0.2263657208588469,4.5789298160999157e-05,-2.1379536791700536e-05,-3.507407128858682e-05
0,8000,18.800000000000001,5446291.2732221736,970728.70813295222,3175676.0715036457,-165.06906109682859,523.98239036817029,122.45142153802999,-0.45632754987944141,0.26386675549534544,0.81908292195639687,-0.22636843756309455,4.5789820766833647e-05,-2.1582318159184749e-05,-3.5074108592757233e-05
0,8000,19,5446258.2586024525,970833.50413676235,3175700.5617211573,-165.07713599111253,523.9776455951835,122.45075099687915,-0.45632777605009528,0.26386130226165755,0.81908380035304029,-0.22637115976461622,4.579034159054103e-05,-2.1794102349734128e-05,-3.5074147366337635e-05
0,8000,19.199999999999999,5446225.2423678199,970938.29919033591,3175725.0518030077,-165.08521025954096,523.97288800704905,122.45006490116113,-0.45632798451872164,0.26385584409941221,0.81908468856843986,-0.22637388769999531,4.5790860316530012e-05,-2.20148409908926e-05,-3.5074187509664571e-05
0,8000,19.399999999999999,5446192.2245183662,971043.09329111199,3175749.5417460739,-165.09328425707483,523.9681176246886,122.44936314549615,-0.45632817455373753,0.26385038080635503,0.81908558701013323,-0.22637662160448591,4.5791376630918906e-05,-2.2244484064550331e-05,-3.5074228923805202e-05
0,8000,19.600000000000001,5446159.2050541108,971147.88643653435,3175774.0315472134,-165.101358338382,523.96333447141376,122.44864562759534,-0.45632834542770623,0.26384491218139627,0.81908649608334094,-0.22637936171196943,4.5791890224557667e-05,-2.2482979915402256e-05,-3.5074271512317766e-05
0,8000,19.800000000000001,5446126.1839750018,971252.67862405081,3175798.5212032646,-165.10943285777043,523.95853857291843,122.44791224827688,-0.45632849641747192,0.26383943802464993,0.81908741619088965,-0.2263821082549122,4.579240079048811e-05,-2.2730275263319294e-05,-3.507431517976576e-05
0,8000,20,5446093.1612809142,971357.46985111549,3175823.0107110487,-165.1175081691203,523.95372995727132,122.44716291148271,-0.45632862680429265,0.26383395813746879,0.81908834773313965,-0.2263848614643223,4.5792908023936109e-05,-2.2986315209918896e-05,-3.507435983167672e-05
0,8000,20.199999999999999,5446060.1369716562,971462.26011518831,3175847.5000673598,-165.12558462581796,523.94890865490936,122.44639752429318,-0.45632873587397055,0.26382847232248069,0.81908929110791151,-0.22638762156970779,4.5793411625054991e-05,-2.3251043251373391e-05,-3.5074405376107671e-05
0,8000,20.399999999999999,5446027.1110469643,971567.04941373423,3175871.9892689823,-165.13366258068896,523.94407469862915,122.44561599694202,-0.45632882291698601,0.26382298038362556,0.81909024671041053,-0.22639038879903478,4.5793911296264653e-05,-2.3524401287866618e-05,-3.507445172213034e-05
0,8000,20.600000000000001,5445994.0835065031,971671.8377442261,3175896.4783126772,-165.14174238593165,523.93922812357744,122.44481824283041,-0.45632888722862569,0.26381748212618933,0.81909121493315651,-0.22639316337868495,4.5794406743001749e-05,-2.380632963770589e-05,-3.5074498780206729e-05
0,8000,20.800000000000001,5445961.0543498648,971776.62510414433,3175920.9671951919,-165.14982439305066,523.9343689672437,122.44400417854047,-0.45632892810911158,0.26381197735684098,0.81909219616591022,-0.22639594553341494,4.5794897673155172e-05,-2.4096767047031375e-05,-3.5074546461862513e-05
0,8000,21,5445928.0235765744,971881.41149097669,3175945.455913255,-165.15790895278991,523.92949726944983,122.4431737238486,-0.45632894486373121,0.26380646588366746,0.81909319079560217,-0.22639873548631492,4.5795383796246633e-05,-2.4395650700851741e-05,-3.5074594679139269e-05
0,8000,21.199999999999999,5445894.9911860852,971986.19690221909,3175969.9444635818,-165.16599641506846,523.92461307234066,122.4423268017366,-0.45632893680296283,0.26380094751620803,0.81909419920626148,-0.22640153345876801,4.5795864827723864e-05,-2.4702916241526309e-05,-3.5074643347066846e-05
0,8000,21.399999999999999,5445861.9571777899,972090.98133537604,3175994.4328428721,-165.17408712891415,523.91971642037265,122.44146333840401,-0.45632890324260283,0.26379542206548934,0.819095221778945,-0.22640433967040979,4.579634048545011e-05,-2.5018497781540695e-05,-3.5074692381663237e-05
0,8000,21.600000000000001,5445828.9215509947,972195.76478796045,3176018.9210478109,-165.18218144239751,523.91480736030496,122.44058326327895,-0.45632884350389002,0.26378988934405884,0.81909625889166882,-0.2264071543390889,4.5796810491773291e-05,-2.5342327918540563e-05,-3.5074741701141094e-05
0,8000,21.800000000000001,5445795.8843049472,972300.54725749639,3176043.4090750669,-165.19027970256667,523.90988594118664,122.43968650902882,-0.4563287569136284,0.26378434916601978,0.81909731091933735,-0.22640997768082677,4.5797274571416217e-05,-2.5674337746919694e-05,-3.5074791224630394e-05
0,8000,22,5445762.845438825,972405.32874151634,3176067.8969212971,-165.19838225538189,523.90495221434651,122.43877301157004,-0.45632864280431101,0.26377880134706333,0.81909837823367726,-0.22641280990977899,4.5797732451522044e-05,-2.6014456872210791e-05,-3.5074840872196048e-05
0,8000,22.199999999999999,5445729.804951732,972510.10923756519,3176092.3845831477,-165.20648944565232,523.90000623337983,122.43784271007625,-0.45632850051424134,0.26377324570450356,0.81909946120316723,-0.22641565123819657,4.5798183864230282e-05,-2.6362613429518586e-05,-3.5074890566288998e-05
0,8000,22.399999999999999,5445696.7628427092,972614.88874319696,3176116.8720572558,-165.21460161696993,523.89504805413719,122.43689554698815,-0.45632832938765161,0.26376768205730905,0.81910056019297284,-0.22641850187638687,4.5798628542477781e-05,-2.6718734094282765e-05,-3.5074940229318342e-05
0,8000,22.600000000000001,5445663.7191107292,972719.66725597752,3176141.3593402398,-165.22271911164671,523.89007773471042,122.43593146801982,-0.4563281287748237,0.26376211022613583,0.81910167556487867,-0.22642136203267621,4.5799066224248341e-05,-2.7082744103342364e-05,-3.5074989786040783e-05
0,8000,22.800000000000001,5445630.6737546893,972824.44477348542,3176165.8464287119,-165.23084227064962,523.88509533542026,122.43495042216722,-0.4563278980322048,0.26375653003336003,0.81910280767722354,-0.22642423191337246,4.5799496650462191e-05,-2.7454567265821646e-05,-3.5075039162385471e-05
0,8000,23,5445597.6267734217,972929.22129331052,3176190.3333192747,-165.23897143353759,523.88010091880244,122.43395236171433,-0.45632763652252489,0.26375094130310911,0.81910395688483528,-0.22642711172272742,4.5799919565101629e-05,-2.7834125978826588e-05,-3.5075088285471096e-05
0,8000,23.199999999999999,5445564.578165696,973033.99681305583,3176214.8200085205,-165.24710693839822,523.87509454959365,122.43293724223895,-0.45632734361491145,0.26374534386129389,0.81910512353896636,-0.22643000166290025,4.5800334716713814e-05,-2.8221341244439037e-05,-3.5075137084468735e-05
0,8000,23.399999999999999,5445531.5279302048,973138.77133033797,3176239.3064930337,-165.25524912178497,523.87007629471702,122.43190502261827,-0.45632701868500314,0.26373973753563934,0.81910630798723072,-0.22643290193392121,4.580074185561134e-05,-2.8616132684251341e-05,-3.5075185488990601e-05
0,8000,23.600000000000001,5445498.4760655807,973243.54484278616,3176263.7927693874,-165.26339831865425,523.86504622326743,122.43085566503352,-0.45632666111506248,0.26373412215571534,0.81910751057354003,-0.22643581273365565,4.5801140735556615e-05,-2.9018418555869555e-05,-3.5075233429983729e-05
0,8000,23.800000000000001,5445465.422570386,973348.31734804425,3176288.2788341544,-165.27155486230362,523.86000440649616,122.4297891349739,-0.45632627029408651,0.26372849755296784,0.81910873163804232,-0.22643873425776886,4.5801531114811653e-05,-2.9428115768759535e-05,-3.5075280840360948e-05
0,8000,24,5445432.3674431248,973453.08884377091,3176312.7646838957,-165.27971908431087,523.85495091779512,122.42870540123945,-0.45632584561791673,0.26372286356074764,0.81910997151706011,-0.22644166669969051,4.5801912755402223e-05,-2.9845139904752855e-05,-3.5075327654562864e-05
0,8000,24.199999999999999,5445399.3106822195,973557.85932763864,3176337.2503151675,-165.28789131447138,523.84988583268068,122.4276044359446,-0.45632538648934717,0.26371722001434139,0.8191112305430307,-0.22644461025058074,4.5802285423839782e-05,-3.0269405234615952e-05,-3.5075373808985629e-05
0,8000,24.399999999999999,5445366.2522860412,973662.62879733613,3176361.7357245227,-165.29607188073686,523.84480922877799,122.42648621452044,-0.45632489231823209,0.26371156675099999,0.81911250904444566,-0.22644756509929573,4.5802648887662555e-05,-3.0700824728919415e-05,-3.5075419239952364e-05
0,8000,24.600000000000001,5445333.1922528846,973767.39725056733,3176386.2209085044,-165.30426110915616,523.83972118580346,122.42535071571537,-0.45632436252159042,0.2637059036099676,0.81911380734579198,-0.22645053143235416,4.5803002921440401e-05,-3.1139310083800713e-05,-3.5075463887151272e-05
0,8000,24.800000000000001,5445300.1305809943,973872.16468505329,3176410.7058636555,-165.31245932381427,523.83462178554805,122.42419792159639,-0.45632379652371052,0.26370023043251017,0.81911512576749368,-0.22645350943390383,4.5803347299940653e-05,-3.1584771733857037e-05,-3.5075507689700459e-05
0,8000,25,5445267.0672685355,973976.93109853019,3176435.1905865171,-165.32066684771971,523.82951111173611,122.42302781704896,-0.45632319373342972,0.2636945470487565,0.81911646464594579,-0.22645649927436615,4.5803681801304509e-05,-3.2037119467215883e-05,-3.5075550587956621e-05
0,8000,25.199999999999999,5445234.0023136148,974081.69648875215,3176459.6750736274,-165.3288839998161,523.82438925039685,122.42184039133522,-0.45632255363537388,0.26368885333043313,0.81911782425318025,-0.22645950115574548,4.580400621360399e-05,-3.2496262985656962e-05,-3.5075592527108513e-05
0,8000,25.399999999999999,5445200.9357142719,974186.46085349051,3176484.1593215205,-165.33711109794538,523.81925628943452,122.42063563647247,-0.45632187565327981,0.26368314911181034,0.81911920491726375,-0.22646251524360758,4.580432032346341e-05,-3.2962108039499134e-05,-3.5075633451029869e-05
0,8000,25.600000000000001,5445167.8674684875,974291.22419053374,3176508.6433267267,-165.34534845777259,523.81411231875336,122.41941354778258,-0.45632115924144978,0.26367743424249751,0.8191206069418463,-0.2264655417123195,4.5804623918951758e-05,-3.3434559354943445e-05,-3.5075673303556876e-05
0,8000,25.800000000000001,5445134.7975741802,974395.98649768985,3176533.1270857826,-165.35359639270408,523.80895743024064,122.41817412390157,-0.45632040386201539,0.26367170857428013,0.81912203062620126,-0.22646858073369872,4.5804916793698897e-05,-3.3913520681832691e-05,-3.5075712030881473e-05
0,8000,26,5445101.7260292005,974500.74777278421,3176557.6105952207,-165.36185521382771,523.80379171774757,122.41691736677798,-0.45631960898501628,0.26366597196114022,0.81912347626518234,-0.22647163247698887,4.5805198745864004e-05,-3.439889483339053e-05,-3.5075749581006408e-05
0,8000,26.199999999999999,5445068.6528313477,974605.50801366149,3176582.0938515742,-165.3701252298537,523.79861527706976,122.41564328167047,-0.45631877408847471,0.26366022425927704,0.81912494414918202,-0.22647469710883505,4.5805469578284127e-05,-3.4890583695168371e-05,-3.5075785903822806e-05
0,8000,26.399999999999999,5445035.5779783428,974710.26721818605,3176606.5768513787,-165.37840674705782,523.79342820592774,122.41435187714369,-0.45631789865847411,0.26365446532712844,0.81912643456408718,-0.22647777479326042,4.5805729096554722e-05,-3.5388488214198778e-05,-3.5075820950035876e-05
0,8000,26.600000000000001,5445002.5014678612,974815.02538424195,3176631.0595911704,-165.38670006922621,523.78823060394586,122.41304316506323,-0.4563169821892355,0.26364869502539162,0.81912794779123599,-0.22648086569164072,4.5805977109816201e-05,-3.5892508377842822e-05,-3.5075854671530758e-05
0,8000,26.800000000000001,5444969.4232975077,974919.78250973264,3176655.5420674905,-165.39500549760024,523.78302257263147,122.41171716059002,-0.45631602418319778,0.26364291321704525,0.81912948410737429,-0.22648396996267939,4.5806213429847392e-05,-3.6402543188384986e-05,-3.5075887020850568e-05
0,8000,27,5444936.3434648318,975024.53859258257,3176680.0242768824,-165.40332333082404,523.77780421535329,122.41037388217272,-0.45631502415109848,0.26363711976737181,0.81913104378460866,-0.22648708776238138,4.5806437873326995e-05,-3.6918490646299259e-05,-3.5075917952471819e-05
0,8000,27.199999999999999,5444903.2619673256,975129.29363073723,3176704.5062158927,-165.41165386489041,523.77257563732053,122.4090133515413,-0.45631398161205705,0.26363131454397992,0.81913262709036128,-0.22649021924402776,4.5806650261552688e-05,-3.7440247733106517e-05,-3.5075947422657273e-05
0,8000,27.399999999999999,5444870.1788024167,975234.0476221632,3176728.9878810742,-165.41999739308906,523.76733694556037,122.40763559369844,-0.45631289609365899,0.26362549741682723,0.81913423428732235,-0.22649336455814809,4.5806850419139943e-05,-3.7967710407162104e-05,-3.5075975388722934e-05
0,8000,27.600000000000001,5444837.0939674806,975338.80056484882,3176753.4692689832,-165.42835420595375,523.76208824889545,122.40624063691131,-0.45631176713203925,0.26361966825824346,0.81913586563340368,-0.22649652385249494,4.5807038175938061e-05,-3.8500773607722865e-05,-3.5076001810096046e-05
0,8000,27.800000000000001,5444804.0074598296,975443.55245680339,3176777.9503761851,-165.43672459121069,523.75682965792248,122.40482851270276,-0.45631059427196491,0.26361382694295282,0.81913752138169227,-0.22649969727201646,4.5807213365148754e-05,-3.9039331266045353e-05,-3.5076026647289905e-05
0,8000,28,5444770.9192767199,975548.30329605995,3176802.4311992466,-165.44510883372647,523.75156128498861,122.40339925584244,-0.45630937706691826,0.2636079733480966,0.81913920178040356,-0.22650288495883139,4.5807375820999108e-05,-3.9583276322880589e-05,-3.5076049860459519e-05
0,8000,28.199999999999999,5444737.829415353,975653.05308067333,3176826.9117347463,-165.45350721545799,523.74628324416847,122.40195290433596,-0.45630811507917635,0.26360210735325595,0.81914090707283793,-0.22650608705220285,4.5807525383860214e-05,-4.0132500755203939e-05,-3.5076071412321817e-05
0,8000,28.399999999999999,5444704.7378728706,975757.80180872057,3176851.3919792692,-165.46192001540027,523.74099565124106,122.40048949941533,-0.45630680787988925,0.26359622884047162,0.81914263749733596,-0.22650930368851427,4.5807661895844263e-05,-4.0686895601213061e-05,-3.5076091265642383e-05
0,8000,28.600000000000001,5444671.6446463661,975862.54947830457,3176875.8719294113,-165.47034750953819,523.7356986236656,122.39900908552741,-0.45630545504915515,0.2635903376942661,0.81914439328723743,-0.22651253500124482,4.5807785205309678e-05,-4.1246350994527779e-05,-3.5076109385785051e-05
0,8000,28.800000000000001,5444638.5497328704,975967.2960875493,3176900.3515817733,-165.47878997079482,523.73039228055814,122.39751171032297,-0.4563040561760941,0.26358443380166258,0.81914617467083872,-0.22651578112094686,4.5807895163959577e-05,-4.1810756192036731e-05,-3.5076125739109894e-05
0,8000,29,5444605.4531293623,976072.04163460387,3176924.8309329674,-165.48724766898363,523.72507674266762,122.39599742464431,-0.45630261085891899,0.26357851705220481,0.81914798187135507,-0.2265190421752237,4.5807991629128898e-05,-4.2379999603114429e-05,-3.5076140294250326e-05
0,8000,29.199999999999999,5444572.3548327694,976176.78611764195,3176949.3099796185,-165.49572087075887,523.71975213235078,122.39446628251312,-0.45630111870500328,0.26357258733797501,0.81914981510688123,-0.22652231828870767,4.5808074458645595e-05,-4.2953968816929466e-05,-3.5076153019145106e-05
0,8000,29.399999999999999,5444539.2548399642,976281.52953486051,3176973.7887183614,-165.50420983956863,523.71441857354773,122.39291834111677,-0.45629957933094767,0.2635666445536135,0.81915167459035443,-0.22652560958303927,4.5808143515885163e-05,-4.3532550629760133e-05,-3.5076163883882269e-05
0,8000,29.600000000000001,5444506.1531477645,976386.27188448317,3176998.2671458391,-165.51271483560757,523.70907619175682,122.39135366079462,-0.45629799236264407,0.26356068859633425,0.81915356052951971,-0.22652891617684742,4.5808198668150039e-05,-4.4115631071063103e-05,-3.5076172859812626e-05
0,8000,29.800000000000001,5444473.0497529414,976491.01316475763,3177022.7452587131,-165.52123611576974,523.70372511400967,122.38977230502377,-0.45629635743533742,0.26355471936594338,0.81915547312689396,-0.22653223818572935,4.5808239785696011e-05,-4.4703095422842468e-05,-3.5076179918935267e-05
0,8000,30,5444439.9446522128,976595.75337395759,3177047.2230536533,-165.52977393360422,523.69836546884449,122.38817434040361,-0.45629467419368663,0.26354873676485446,0.8191574125797334,-0.22653557572223229,4.5808266744386615e-05,-4.5294828247286412e-05,-3.5076185035437074e-05
0,500,0,5449387.1886701053,960873.98968958983,3173373.7226977898,-164.26000211708305,524.3764174302022,122.46902067237752,-0.45633719708098636,0.26438783688698342,0.81898292079183965,-0.22610265305333851,4.5787712080284339e-05,-4.460210700225898e-05,-3.5094609140643321e-05
0,500,0.20000000000000001,5449354.3357198257,960978.86459562054,3173398.216501323,-164.2694987135034,524.37264173938229,122.46901404551134,-0.45633555409447346,0.26438186638933725,0.81898484549310657,-0.2261059787940447,4.5786703267469919e-05,-4.4391351103831449e-05,-3.5094590051849408e-05
0,500,0.40000000000000002,5449321.4808714371,961083.73874582769,3173422.7103031506,-164.27898302389784,524.36885920965892,122.46900362570373,-0.45633394379707132,0.26437590496494412,0.8189867519283448,-0.22610929387895168,4.5785778902237477e-05,-4.3818084660468678e-05,-3.5094471130644371e-05
0,500,0.59999999999999998,5449288.6241275277,961188.61213885667,3173447.2041025665,-164.28845364119786,524.3650699812365,122.46899010936845,-0.45633239170961393,0.26436995967165855,0.8189886258729806,-0.22611259007511342,4.5784783824812233e-05,-4.2985521397040901e-05,-3.5094193690142504e-05
0,500,0.80000000000000004,5449255.7654910479,961293.48477339116,3173471.6978990645,-164.29790822019791,524.36127430809688,122.46897468116627,-0.45633091479753735,0.26436403521450152,0.81899045786920188,-0.22611586190345778,4.5783654445873916e-05,-4.1996963210773175e-05,-3.5093740582236057e-05
0,500,1,5449222.9049654892,961398.35664817027,3173496.1916924007,-164.30734402288664,524.35747247847303,122.46895871332586,-0.45632952197145993,0.26435813407620995,0.8189922429476888,-0.22611910648275033,4.5782394929358411e-05,-4.0944232128317849e-05,-3.5093127670626517e-05
0,500,1.2,5449190.042554874,961503.22776199004,3173520.6854826044,-164.31675835179433,524.35366475441242,122.46894353018591,-0.45632821534386225,0.26435225685876457,0.81899397992788314,-0.22612232312765937,4.5781051885534153e-05,-3.9900706608918039e-05,-3.5092392632224322e-05
0,500,1.3999999999999999,5449157.178263736,961608.09811369295,3173545.1792699401,-164.32614885502463,524.34985133173404,122.46893024560491,-0.45632699188440345,0.26434640273731069,0.81899567049593391,-0.22612551281642421,4.577969114854202e-05,-3.8918417861874641e-05,-3.5091583472668347e-05
0,500,1.6000000000000001,5449124.3120970381,961712.96770215104,3173569.6730548847,-164.3355137056717,524.34603231900508,122.46891967052356,-0.45632584517439956,0.26434056994355637,0.81899731822718225,-0.22612867762508471,4.5778379139054686e-05,-3.8028366193098322e-05,-3.5090748568753334e-05
0,500,1.8,5449091.4440600481,961817.83652625012,3173594.1668380206,-164.34485167158451,524.34220773244567,122.46891228089751,-0.45632476703583263,0.26433475621615898,0.81899892767838067,-0.22613182020118147,4.5777170064315006e-05,-3.7243098259385331e-05,-3.5089929332156466e-05
0,500,2,5449058.5741582112,961922.70458486897,3173618.660620024,-164.35416209912808,524.33837750276882,122.46890823227768,-0.4563237488887481,0.26432895917717175,0.81900050363113508,-0.22613494332450965,4.5776099050961027e-05,-3.656060841259176e-05,-3.5089155882693617e-05
0,500,2.2000000000000002,5449025.7023970587,962027.57187686628,3173643.1544015682,-164.36344483742201,524.3345414897617,122.46890740602807,-0.45632278276321042,0.26432317661360827,0.81900205052775776,-0.22613804957914413,4.5775180481585306e-05,-3.5968748022089513e-05,-3.5088445577912098e-05
0,500,2.3999999999999999,5448992.828782103,962132.43840106681,3173667.6481832103,-164.37270012860503,524.33069950077777,122.46890947294567,-0.45632186195180496,0.26431740665976849,0.81900357210740515,-0.22614114114155087,4.5774410273737034e-05,-3.5449503979653995e-05,-3.5087803861724064e-05
0,500,2.6000000000000001,5448959.9533187943,962237.30415625323,3173692.1419655187,-164.38192848612383,524.32685130993502,122.46891396218136,-0.4563209813328849,0.26431164788832068,0.81900507122570809,-0.22614421967524703,4.5773770598295173e-05,-3.4982705437970169e-05,-3.5087226676634099e-05
0,500,2.7999999999999998,5448927.0760124521,962342.16914116102,3173716.6357489266,-164.39113057810999,524.32299667569532,122.46892032623407,-0.45632013742292477,0.26430589932605525,0.81900654982540566,-0.22614728631326464,4.5773235571790397e-05,-3.4548908374983396e-05,-3.5086703637862754e-05
0,500,3,5448894.196868266,962447.03335447458,3173741.1295337412,-164.40030712739863,524.31913535530919,122.46892799589087,-0.45631932822985782,0.26430016041409582,0.81900800901794846,-0.22615034170522583,4.5772776775134715e-05,-3.4131371216417837e-05,-3.5086221297366861e-05
0,500,3.2000000000000002,5448861.3158912612,962551.89679483883,3173765.6233201739,-164.40945883460537,524.31526711542301,122.46893642185381,-0.45631855298093804,0.26429443093291971,0.81900944923508434,-0.22615338610525107,4.5772367761379389e-05,-3.3717161377550655e-05,-3.5085765972382669e-05
0,500,3.3999999999999999,5448828.433086344,962656.7594608455,3173790.1171083269,-164.41858632623666,524.31139173876215,122.4689451022267,-0.45631781179155118,0.26428871091065315,0.81901087041340459,-0.22615641947915835,4.5771987127048219e-05,-3.3297518298888234e-05,-3.5085325834031367e-05
0,500,3.6000000000000001,5448795.5484583061,962761.62135104649,3173814.6108982004,-164.42769012645627,524.30750902727209,122.46895359684575,-0.45631710532897279,0.26428300052969422,0.81901227218174932,-0.22615944161342727,4.5771620048161489e-05,-3.2867645679131759e-05,-3.5084892139312273e-05
0,500,3.7999999999999998,5448762.6620119121,962866.48246395658,3173839.1046897252,-164.43677064887854,524.30361880238343,122.468961530633,-0.45631643451012427,0.26427730004260097,0.8190136540296874,-0.22616245221322662,4.5771258463427946e-05,-3.242611990402027e-05,-3.5084459660955957e-05
0,500,4,5448729.7737516491,962971.3427980569,3173863.5984827532,-164.44582820352773,524.29972090320052,122.46896858876293,-0.45631580025737051,0.26427160970402125,0.81901501544366173,-0.22616545098166421,4.5770900179845944e-05,-3.1974090844635304e-05,-3.5084026438926513e-05
0,500,4.2000000000000002,5448696.8836821504,963076.20235179749,3173888.0922770868,-164.4548630138768,524.29581518340865,122.46897450651583,-0.45631520332302727,0.26426592972169377,0.81901635600483791,-0.226168437676768,4.5770547432565801e-05,-3.1514424026697547e-05,-3.5083593139750629e-05
0,500,4.4000000000000004,5448663.9918079516,963181.06112359872,3173912.5860724673,-164.46387523913498,524.2919015076277,122.46897905649435,-0.45631464418248585,0.2642602602265513,0.81901767544870363,-0.22617141214620523,4.5770205182269975e-05,-3.1050896923866256e-05,-3.5083162187910728e-05
0,500,4.5999999999999996,5448631.098133551,963285.91911185917,3173937.0798685956,-164.47286499778343,524.28797974776535,122.46898203539654,-0.45631412298823976,0.26425460125980338,0.81901897369071774,-0.22617437434223084,4.5769879469615584e-05,-3.0587523632301795e-05,-3.5082736859448655e-05
0,500,4.7999999999999998,5448598.2026634403,963390.77631494985,3173961.5736651369,-164.48183238936963,524.28404977979653,122.46898325195161,-0.45631363957248322,0.26424895277359317,0.81902025082486918,-0.22617732432085647,4.5769576088116327e-05,-3.0128046649471849e-05,-3.508232050505384e-05
0,500,5,5448565.3054020787,963495.63273121614,3173986.0674617477,-164.49077751262212,524.28011148119708,122.46898251703904,-0.45631319348407823,0.26424331464126216,0.81902150710307509,-0.22618026222986104,4.5769299688835266e-05,-2.967560463975076e-05,-3.5081915987384539e-05
0,500,5.2000000000000002,5448532.4063539123,963600.48835897876,3174010.5612580068,-164.49970047890145,524.27616472913894,122.46897963647721,-0.45631278404591419,0.26423768667332098,0.81902274290320587,-0.22618318829017309,4.5769053305201793e-05,-2.9232562828243969e-05,-3.5081525344851448e-05
0,500,5.4000000000000004,5448499.5055233547,963705.34319653595,3174035.0550534511,-164.50860142082576,524.27220939943732,122.46897440652475,-0.45631241042041026,0.26423206863570314,0.81902395869256672,-0.22618610277461532,4.5768838271467336e-05,-2.8800478350681137e-05,-3.5081149681428532e-05
0,500,5.5999999999999996,5448466.6029148018,963810.19724215823,3174059.5488475966,-164.51748049647796,524.26824536614527,122.46896661182718,-0.45631207167351717,0.26422646026760838,0.81902515499221484,-0.22618900598714228,4.5768654425624165e-05,-2.8380165694626903e-05,-3.508078923044804e-05
0,500,5.7999999999999998,5448433.6985326037,963915.05049409519,3174084.0426399102,-164.52633788999145,524.26427250166228,122.46895602533895,-0.4563117668305226,0.26422086129704719,0.81902633234584854,-0.22619189824474525,4.5768500483750512e-05,-2.7971826215513168e-05,-3.5080443533141912e-05
0,500,6,5448400.7923810808,964019.9029505637,3174108.5364298071,-164.53517380948082,524.26029067720606,122.46894240967077,-0.45631149491977396,0.26421527145301993,0.81902749129543129,-0.22619477986328651,4.5768374495731578e-05,-2.7575208864877643e-05,-3.5080111681470878e-05
0,500,6.2000000000000002,5448367.8844645005,964124.75460975978,3174133.0302166562,-164.5439884833053,524.25629976348114,122.46892551930642,-0.45631125500292735,0.26420969047391957,0.81902863236433088,-0.22619765114771381,4.5768274263567985e-05,-2.7189775200243539e-05,-3.5079792555353493e-05
0,500,6.4000000000000004,5448334.9747870928,964229.60546985432,3174157.52399978,-164.55278215555458,524.25229963142567,122.46890510319737,-0.45631104619221347,0.26420411811231542,0.81902975604769745,-0.22620051238649011,4.5768197681454315e-05,-2.6814849000379681e-05,-3.5079485026468534e-05
0,500,6.5999999999999996,5448302.063353017,964334.4555289892,3174182.017778446,-164.56155508148083,524.24829015292812,122.4688809073422,-0.45631086765653517,0.26419855413661847,0.81903086280906778,-0.22620336384964362,4.5768142970698058e-05,-2.6449738181397058e-05,-3.5079188108829004e-05
0,500,6.7999999999999998,5448269.1501664184,964439.30478528317,3174206.5115518733,-164.57030752339776,524.24427120144242,122.46885267707093,-0.45631071861892752,0.26419299833034454,0.81903195308178667,-0.22620620578961756,4.5768108800959357e-05,-2.6093823326394284e-05,-3.5078901046593958e-05
0,500,7,5448236.2352313558,964544.15323683002,3174231.0053192298,-164.5790397473626,524.24024265247488,122.46882015886908,-0.45631059834816878,0.26418745048974962,0.8190330272736861,-0.22620903844401055,4.576809429730955e-05,-2.5746612500802075e-05,-3.5078623335616141e-05
0,500,7.2000000000000002,5448203.3185518431,964649.00088169647,3174255.4990796349,-164.58775202078414,524.23620438391424,122.46878310167693,-0.45631050614715618,0.26418191042057787,0.81903408577356973,-0.22621186203935628,4.5768098974310931e-05,-2.5407765901505652e-05,-3.5078354699120368e-05
0,500,7.4000000000000004,5448170.4001318561,964753.84771792777,3174279.9928321531,-164.59644461095547,524.23215627622449,122.46874125766803,-0.45631044134030474,0.26417637793454518,0.81903512895823904,-0.22621467679521087,4.5768122632396309e-05,-2.5077096246069112e-05,-3.5078095037162749e-05
0,500,7.5999999999999996,5448137.4799752925,964858.69374354358,3174304.4865758033,-164.60511778439573,524.22809821251212,122.46869438258285,-0.45631040326166433,0.26417085284603198,0.8190361571991166,-0.22621748292800353,4.5768165241930896e-05,-2.4754551792945795e-05,-3.5077844364298928e-05
0,500,7.7999999999999998,5448104.5580860171,964963.53895654087,3174328.9803095548,-164.61377180684659,524.22403007851153,122.46864223570478,-0.45631039124489037,0.26416533496929917,0.81903717086783923,-0.22622028065427507,4.5768226827024577e-05,-2.4440188896191688e-05,-3.5077602743265248e-05
0,500,8,5448071.6344678095,965068.38335489528,3174353.4740323313,-164.62240694372355,524.21995176250073,122.46858457959415,-0.45631040461568756,0.26415982411640337,0.81903817034046578,-0.22622307019311874,4.5768307373337753e-05,-2.4134140151926377e-05,-3.5077370229223055e-05
0,500,8.1999999999999993,5448038.7091244664,965173.22693655803,3174377.9677430065,-164.63102346083744,524.21586315519005,122.46852117968143,-0.45631044268685794,0.26415432009582923,0.81903915600023713,-0.22622585176777082,4.5768406780230166e-05,-2.3836582959746631e-05,-3.507714683801894e-05
0,500,8.4000000000000004,5448005.7820596546,965278.06969946309,3174402.4614404053,-164.63962162522543,524.21176414959791,122.46845180380949,-0.45631050475579243,0.26414882271180967,0.8190401282389731,-0.22622862560641083,4.5768524831710141e-05,-2.3547711917384947e-05,-3.5076932524985149e-05
0,500,8.5999999999999996,5447972.8532770211,965382.911641518,3174426.9551233118,-164.64820170594916,524.20765464094291,122.46837622180074,-0.45631059010399205,0.26414333176420524,0.81904108745733684,-0.22623139194230937,4.5768661191281399e-05,-2.3267716986293107e-05,-3.5076727177854235e-05
0,500,8.8000000000000007,5447939.9227801552,965487.75276061264,3174451.4487904636,-164.65676397478762,524.20353452655058,122.46829420508888,-0.45631069799811158,0.26413784704880333,0.81904203406425258,-0.22623415101348188,4.5768815419430992e-05,-2.2996768256395347e-05,-3.5076530623432557e-05
0,500,9,5447906.9905725932,965592.59305461519,3174475.9424405517,-164.66530870676689,524.19940370579104,122.4682055264461,-0.45631082769198456,0.26413236835788806,0.81904296847577562,-0.22623690306203023,4.5768987009438488e-05,-2.2735007097959842e-05,-3.5076342646282076e-05
0,500,9.1999999999999993,5447874.0566578181,965697.43252137548,3174500.4360722164,-164.67383618050135,524.19526208004311,122.4681099598123,-0.45631097842914609,0.26412689548093948,0.81904389111368692,-0.2262396483333261,4.576917542416934e-05,-2.2482542865443244e-05,-3.5076163009365433e-05
0,500,9.4000000000000004,5447841.1210392527,965802.27115872072,3174524.9296840606,-164.68234667836836,524.19110955268582,122.46800728022062,-0.45631114944543477,0.26412142820535778,0.8190448024040422,-0.22624238707517152,4.5769380123596128e-05,-2.2239453927467149e-05,-3.5075991470315162e-05
0,500,9.5999999999999996,5447808.1837202599,965907.10896446218,3174549.4232746358,-164.69084048652451,524.18694602911285,122.46789726380705,-0.4563113399713809,0.26411596631712042,0.81904570277584254,-0.22624511953702561,4.5769600578154579e-05,-2.2005791658110482e-05,-3.5075827790240351e-05
0,500,9.8000000000000007,5447775.2447041422,966011.94593639183,3174573.9168424569,-164.699317894811,524.18277141675435,122.46777968787974,-0.45631154923419959,0.26411050960133076,0.81904659265992408,-0.22624784596936745,4.5769836291962013e-05,-2.1781586099961536e-05,-3.5075671748182611e-05
0,500,10,5447742.3039941648,966116.78207228368,3174598.41038599,-164.70777919658104,524.1785856251206,122.46765433103016,-0.45631177645928206,0.2641050578426275,0.81904747248812759,-0.22625056662321663,4.5770086804456598e-05,-2.1566852192772492e-05,-3.507552314351783e-05
0,500,10.199999999999999,5447709.3615935165,966221.61736988742,3174622.9039036562,-164.71622468848116,524.17438856584056,122.46752097326487,-0.45631202087118838,0.2640996108254533,0.81904834269274707,-0.22625328174981355,4.5770351692198209e-05,-2.1361595698762119e-05,-3.5075381798186598e-05
0,500,10.4,5447676.4175053239,966326.45182694949,3174647.3973938329,-164.72465467022084,524.17018015270457,122.46737939614394,-0.45631228169418769,0.26409416833420352,0.81904920370622847,-0.22625599160045012,4.5770630550380109e-05,-2.1165818245819677e-05,-3.5075247546757946e-05
0,500,10.6,5447643.4717326611,966431.28544118581,3174671.8908548434,-164.73306944435129,524.16596030169956,122.46722938290976,-0.45631255815243044,0.26408873015326917,0.81905005596107416,-0.22625869642641333,4.5770922996093913e-05,-2.0979521187939977e-05,-3.5075120238448178e-05
0,500,10.800000000000001,5447610.5242785346,966536.11821030197,3174696.3842849997,-164.7414693160699,524.16172893104738,122.4670707186028,-0.45631284946985923,0.26408329606701036,0.81905089988989499,-0.22626139647901661,4.5771228655126306e-05,-2.0802708181178154e-05,-3.5074999729752477e-05
0,500,11,5447577.5751459058,966640.95013198489,3174720.8776825415,-164.74985459305961,524.15748596122774,122.46690319015264,-0.45631315486995416,0.26407786585968768,0.81905173592554981,-0.22626409200968076,4.5771547153392817e-05,-2.0635386574668674e-05,-3.5074885879160017e-05
0,500,11.199999999999999,5447544.6243376499,966745.78120390745,3174745.3710456719,-164.75822558535671,524.15323131500179,122.46672658645687,-0.45631347357541019,0.26407243931537216,0.81905256450132791,-0.22626678327003846,4.5771878115866485e-05,-2.0477567765797959e-05,-3.5074778546157864e-05
0,500,11.4,5447511.6718565952,966850.61142372736,3174769.8643725542,-164.7665826052565,524.14896491743025,122.46654069843461,-0.45631380480781908,0.26406701621785589,0.81905338605112454,-0.2262694705120378,4.5772221158760442e-05,-2.0329266806626886e-05,-3.5074677586434386e-05
0,500,11.6,5447478.7177055143,966955.4407890857,3174794.3576613138,-164.77492596724537,524.14468669588064,122.46634531906744,-0.4563141477874017,0.26406159635058046,0.81905420100959114,-0.22627215398802608,4.5772575887474814e-05,-2.0190501513525632e-05,-3.5074582850044334e-05
0,500,11.800000000000001,5447445.7618870959,967060.26929761213,3174818.8509100331,-164.78325598795035,524.14039658003935,122.46614024342905,-0.45631450173282784,0.26405617949658899,0.81905500981223511,-0.22627483395080816,4.5772941906022255e-05,-2.0061291317070249e-05,-3.5074494186618354e-05
0,500,12,5447412.804403984,967165.09694692038,3174843.3441167497,-164.79157298610085,524.13609450191757,122.46592526870728,-0.45631486586113362,0.26405076543850375,0.81905581289546614,-0.22627751065367252,4.5773318805389637e-05,-1.9941656049834894e-05,-3.5074411438443106e-05
0,500,12.199999999999999,5447379.8452587454,967269.92373461381,3174867.8372794669,-164.79987728250114,524.13178039585637,122.46570019422273,-0.45631523938773505,0.26404535395852663,0.81905661069659008,-0.22628018435038649,4.5773706178654294e-05,-1.9831614841347249e-05,-3.5074334448926856e-05
0,500,12.4,5447346.8844538899,967374.74965827481,3174892.3303961414,-164.80816919999839,524.12745419853081,122.46546482144618,-0.45631562152652344,0.26403994483847121,0.81905740365375268,-0.22628285529516634,4.577410362070895e-05,-1.9731185200864686e-05,-3.5074263062530719e-05
0,500,12.6,5447313.9219918642,967479.57471548277,3174916.8234646958,-164.81644906344906,524.12311584895701,122.46521895401811,-0.45631601149002915,0.26403453785980319,0.81905819220585208,-0.22628552374262292,4.5774510726608959e-05,-1.964038233701915e-05,-3.5074197123954336e-05
0,500,12.800000000000001,5447280.9578750441,967584.39890380006,3174941.3164830096,-164.82471719968191,524.11876528849712,122.46496239777053,-0.45631640848962918,0.26402913280369916,0.8190589767924209,-0.226288189947697,4.5774927096287881e-05,-1.9559218730745356e-05,-3.5074136480868568e-05
0,500,13,5447247.9921057411,967689.22222078021,3174965.8094489295,-164.83297393745022,524.11440246086761,122.46469496075306,-0.45631681173577943,0.26402372945111102,0.81905975785349783,-0.22629085416558281,4.5775352329981245e-05,-1.9487703925224891e-05,-3.5074080981410322e-05
0,500,13.199999999999999,5447215.0246862043,967794.04466396419,3174990.3023602585,-164.84121960737914,524.11002731214171,122.46441645326108,-0.45631722043825812,0.26401832758283295,0.81906053582949234,-0.22629351665165126,4.5775786034412751e-05,-1.9425844503725428e-05,-3.5074030477703454e-05
0,500,13.4,5447182.0556186112,967898.86623088166,3175014.795214761,-164.84945454190674,524.10563979076164,122.46412668786677,-0.45631763380640539,0.2640129269795663,0.81906131116105008,-0.22629617766137203,4.5776227826782135e-05,-1.9373644199508501e-05,-3.5073984828407973e-05
0,500,13.6,5447149.0849050833,968003.68691905285,3175039.288010166,-164.85767907521802,524.10123984754352,122.46382547945421,-0.4563180510493493,0.26400752742197842,0.81906208428892968,-0.22629883745024157,4.5776677323608174e-05,-1.9331104087934881e-05,-3.5073943892416058e-05
0,500,13.800000000000001,5447116.1125476528,968108.50672598882,3175063.780744174,-164.86589354317843,524.09682743568624,122.4635126452534,-0.45631847137621351,0.26400212869076622,0.81906285565388526,-0.22630149627371637,4.5777134146886306e-05,-1.9298222815672587e-05,-3.5073907532263004e-05
0,500,14,5447083.138548309,968213.32564919465,3175088.2734144372,-164.8740982832615,524.09240251077881,122.46318800487725,-0.45631889399630732,0.26399673056670303,0.81906362569655988,-0.22630415438715221,4.5777597922277708e-05,-1.9274996835204993e-05,-3.507387561313428e-05
0,500,14.199999999999999,5447050.1629089676,968318.14368615835,3175112.7660185713,-164.88229363447775,524.0879650308085,122.46285138035697,-0.45631931811929827,0.26399133283068765,0.81906439485739235,-0.22630681204574793,4.5778068275458591e-05,-1.9261420610641599e-05,-3.5073848000742822e-05
0,500,14.4,5447017.1856314605,968422.96083436674,3175137.2585541732,-164.8904799373025,524.08351495616637,122.46250259617578,-0.45631974295536565,0.26398593526378655,0.81906516357652914,-0.22630946950449654,4.5778544828726779e-05,-1.9257486787487048e-05,-3.5073824559220471e-05
0,500,14.6,5446984.2067176588,968527.7770912986,3175161.7510187887,-164.89865753360706,524.07905224965066,122.46214147930307,-0.45632016771534395,0.26398053764727408,0.81906593229374536,-0.22631212701813899,4.5779027217168843e-05,-1.926318632395736e-05,-3.5073805160175411e-05
0,500,14.800000000000001,5446951.2261690963,968632.59245442308,3175186.2434099326,-164.90682676658915,524.07457687647536,122.46176785922678,-0.45632059161085986,0.26397513976266751,0.81906670144836924,-0.22631478484112177,4.5779515084640667e-05,-1.9278508584353428e-05,-3.5073789681164624e-05
0,500,15,5446918.2439874932,968737.40692120383,3175210.7357250899,-164.91498798067963,524.07008880427861,122.4613815679987,-0.45632101385446228,0.2639697413917661,0.81906747147920833,-0.2263174432275516,4.5780008023739434e-05,-1.9303441254030396e-05,-3.5073777970056195e-05
0,500,15.199999999999999,5446885.2601744179,968842.22048909729,3175235.2279617037,-164.92314152150547,524.06558800311836,122.46098244024621,-0.45632143365975653,0.26396434231668947,0.81906824282447577,-0.22632010243115297,4.5780505670374794e-05,-1.9337970450778542e-05,-3.5073769899077048e-05
0,500,15.4,5446852.2747313725,968947.03315555514,3175259.7201171983,-164.93128773581154,524.0610744454824,122.46057031320888,-0.45632185024153471,0.26395894231990907,0.81906901592171732,-0.22632276270522828,4.5781007661273791e-05,-1.9382080676757912e-05,-3.5073765341289179e-05
0,500,15.6,5446819.2876597876,969051.84491802414,3175284.2121889545,-164.93942697139184,524.0565481062855,122.46014502676714,-0.45632226281591037,0.26395354118428815,0.81906979120773571,-0.22632542430261335,4.5781513637660813e-05,-1.9435754788621259e-05,-3.5073764172607477e-05
0,500,15.800000000000001,5446786.2989610266,969156.65577394527,3175308.7041743239,-164.94755957702409,524.05200896287704,122.45970642347018,-0.45632267060045417,0.26394813869311573,0.8190705691185165,-0.2263280874756349,4.5782023241651242e-05,-1.949897395533087e-05,-3.5073766269755928e-05
0,500,16,5446753.3086363729,969261.46572075482,3175333.1960706189,-164.9556859024037,524.04745699504133,122.45925434856272,-0.45632307281433421,0.26394273463014745,0.81907135008914933,-0.22633075247606513,4.5782536115596608e-05,-1.9571717616960507e-05,-3.5073771509802029e-05
0,500,16.199999999999999,5446720.3166870605,969366.27475588734,3175357.6878751488,-164.96380629807618,524.04289218499503,122.45878865001097,-0.45632346867845813,0.26393732877964454,0.81907213455374761,-0.22633341955507555,4.5783051902117842e-05,-1.9653963450845386e-05,-3.5073779770000375e-05
0,500,16.399999999999999,5446687.3231142312,969471.08287677157,3175382.1795851635,-164.97192111537402,524.03831451739256,122.45830917852801,-0.45632385741562098,0.26393192092641277,0.81907292294536815,-0.22633608896319019,4.5783570252605619e-05,-1.9745687355529673e-05,-3.5073790932740785e-05
0,500,16.600000000000001,5446654.3279189682,969575.89008083532,3175406.6711978922,-164.98003070634741,524.03372397932492,122.45781578760021,-0.4563242382506475,0.26392651085584323,0.81907371569593013,-0.22633876095023933,4.5784090816838236e-05,-1.9846863428736192e-05,-3.5073804879646433e-05
0,500,16.800000000000001,5446621.3311022799,969680.69636550266,3175431.1627105414,-164.98813542369817,524.02912056032051,122.4573083335117,-0.45632461041054512,0.26392109835395433,0.81907451323613045,-0.22634143576531141,4.5784613244768802e-05,-1.9957463962570852e-05,-3.5073821492450001e-05
0,500,17,5446588.3326651007,969785.50172819907,3175455.6541202795,-164.99623562071184,524.02450425234235,122.45678667536914,-0.45632497312464737,0.26391568320743053,0.81907531599536432,-0.22634411365670484,4.5785137186876296e-05,-2.0077459445283885e-05,-3.5073840653110032e-05
0,500,17.199999999999999,5446555.3326083068,969890.30616634397,3175480.145424257,-165.0043316511927,524.01987504978763,122.45625067512465,-0.45632532562476447,0.26391026520366273,0.81907612440164013,-0.22634679487188258,4.5785662308002729e-05,-2.0206818572082092e-05,-3.5073862251784337e-05
0,500,17.399999999999999,5446522.3309326936,969995.10967735888,3175504.636619586,-165.01242386939398,524.01523294949243,122.45570019760041,-0.45632566714532841,0.26390484413079141,0.81907693888149946,-0.22634947965742305,4.5786188260186694e-05,-2.0345508260131843e-05,-3.5073886171455303e-05
0,500,17.600000000000001,5446489.3276389902,970099.91225866473,3175529.1277033626,-165.02051262995056,524.01057795072006,122.45513511051152,-0.45632599692353715,0.26389941977774289,0.81907775985993636,-0.22635216825897458,4.5786714705678e-05,-2.0493493665314233e-05,-3.5073912300637617e-05
0,500,17.800000000000001,5446456.3227278506,970204.71390768082,3175553.6186726484,-165.02859828781226,524.00591005516583,122.45455528448811,-0.45632631419949859,0.26389399193427049,0.81907858776031695,-0.22635486092121052,4.5787241310217367e-05,-2.0650738198502973e-05,-3.5073940529882994e-05
0,500,18,5446423.3161998587,970309.5146218281,3175578.1095244843,-165.03668119817345,524.00122926695178,122.45396059309854,-0.45632661821637616,0.26388856039099345,0.81907942300429848,-0.22635755788778103,4.5787767741426193e-05,-2.0817203539192849e-05,-3.5073970750753539e-05
0,500,18.199999999999999,5446390.3080555294,970414.31439852936,3175602.6002558819,-165.0447617164063,523.99653559262424,122.45335091287019,-0.4563269082205253,0.26388312493943422,0.81908026601175365,-0.2263602594012695,4.5788293668851921e-05,-2.0992849653465672e-05,-3.5074002855815407e-05
0,500,18.399999999999999,5446357.2982953079,970519.11323520739,3175627.0908638374,-165.05284019799282,523.99182904115071,122.45272612330979,-0.45632718346163476,0.26387768537206102,0.8190811172006901,-0.22636296570314818,4.5788818764903156e-05,-2.1177634807749828e-05,-3.5074036739123892e-05
0,500,18.600000000000001,5446324.2869195612,970623.91112928826,3175651.581345316,-165.06091699845794,523.98710962391419,122.45208610692424,-0.45632744319286822,0.26387224148232036,0.81908197698717311,-0.22636567703373164,4.5789342704569399e-05,-2.1371515584392653e-05,-3.5074072296085856e-05
0,500,18.800000000000001,5446291.2739285957,970728.70807820046,3175676.0716972547,-165.06899247329932,523.98237735471082,122.45143074924071,-0.4563276866709971,0.26386679306467981,0.81908284578525059,-0.22636839363213465,4.5789865169066236e-05,-2.1574446890162971e-05,-3.507410942551594e-05
0,500,19,5446258.2593226293,970833.5040793753,3175700.5619165818,-165.07706697792239,523.9776322497446,122.45075993882519,-0.45632791315654092,0.26386133991466099,0.81908372400687546,-0.2263711157362279,4.5790385837032768e-05,-2.1786381965270663e-05,-3.5074148024619231e-05
0,500,19.199999999999999,5446225.2431018371,970938.29913024639,3175725.0520001934,-165.08514086757097,523.97287432761948,122.45007356730045,-0.45632812191390248,0.26385588182888114,0.8190846120618297,-0.22637384358259285,4.5790904392856632e-05,-2.2007272397981952e-05,-3.5074187993598143e-05
0,500,19.399999999999999,5446192.2252663011,971043.09322825249,3175749.5419449657,-165.09321449726059,523.96810360933569,122.44937152936345,-0.45632831221150078,0.26385041860508662,0.81908551035764932,-0.22637657740648165,4.5791420525948925e-05,-2.2237068132778716e-05,-3.5074229235393251e-05
0,500,19.600000000000001,5446159.2058160342,971147.88637083827,3175774.0317477542,-165.10128822171197,523.96332011828281,122.44865372280441,-0.45632848332190923,0.26384495004219205,0.81908641929954962,-0.22637931744177031,4.5791933927055797e-05,-2.2475717476384864e-05,-3.5074271653485774e-05
0,500,19.800000000000001,5446126.1847509863,971252.67855545017,3175798.5214053956,-165.10936239528178,523.95852388023354,122.44792004852147,-0.45632863452198658,0.26383947594031593,0.81908733929034938,-0.22638206392091878,4.5792444292937386e-05,-2.2723167109277959e-05,-3.5074315154602844e-05
0,500,20,5446093.1620710297,971357.46977954137,3175823.0109147113,-165.11743737189821,523.9537149233355,122.44717041053704,-0.45632876509301118,0.26383399610081687,0.81908827073039769,-0.22638481707492727,4.5792951322367146e-05,-2.2979362098786371e-05,-3.507435964645326e-05
0,500,20.199999999999999,5446060.1377759613,971462.26004057226,3175847.5002724929,-165.12551350499095,523.94889327810597,122.44640471601444,-0.45632887432081276,0.26382851032633003,0.81908921401750034,-0.22638757713329383,4.5793454704806095e-05,-2.3244245899304075e-05,-3.5074405031020391e-05
0,500,20.399999999999999,5446027.1118655233,971567.04933600826,3175871.9894755222,-165.13359114742732,523.94405897741865,122.44562287527086,-0.45632896149590174,0.26382301842080491,0.81909016954684577,-0.2263903443239727,4.5793954146136971e-05,-2.351776037026886e-05,-3.5074451219163572e-05
0,500,20.600000000000001,5445994.0843393775,971671.83766332176,3175896.4785205605,-165.14167065144483,523.93921205650042,122.44482480179185,-0.45632902591360264,0.2638175201895393,0.81909113771093267,-0.22639311887333166,4.5794449353525989e-05,-2.3799845791194101e-05,-3.5074498122306e-05
0,500,20.800000000000001,5445961.0551971179,971776.62501999247,3175920.967404352,-165.14975236858581,523.93435255292138,122.44401041224501,-0.45632906687418107,0.26381201543921484,0.81909211889949796,-0.22639590100611229,4.5794940033670387e-05,-2.4090440869907806e-05,-3.5074545651257417e-05
0,500,21,5445928.0244382666,971881.41140350734,3175945.4561236305,-165.15783664962859,523.92948050658151,122.44317962649279,-0.45632908368297204,0.26380650397793115,0.81909311349944591,-0.22639869094538681,4.5795425899182456e-05,-2.4389482757897117e-05,-3.5074593719793351e-05
0,500,21.199999999999999,5445894.9920622697,971986.1968113617,3175969.9446751033,-165.16592384452483,523.92459595970558,122.44233236760475,-0.45632907565050823,0.2638009856152439,0.81909412189477515,-0.22640148891252015,4.5795906665815123e-05,-2.4696907061568446e-05,-3.5074642243139926e-05
0,500,21.399999999999999,5445861.9580685124,972090.981241061,3175994.4330554716,-165.17401430233082,523.91969895683019,122.44146856186921,-0.45632904209264463,0.26379546016219568,0.81909514446651044,-0.2264042951271272,4.5796382049133974e-05,-2.5012647855565175e-05,-3.5074691136004984e-05
0,500,21.600000000000001,5445828.9224563111,972195.76469011791,3176018.9212614186,-165.18210837114401,523.91478954479339,122.44058813880395,-0.4563289823306842,0.26378992743135271,0.81909618159263187,-0.22640710980703407,4.5796851768655526e-05,-2.5336637698553051e-05,-3.5074740314841436e-05
0,500,21.800000000000001,5445795.8852249039,972300.54715605534,3176043.4092896166,-165.19020639803674,523.90986777272633,122.43969103116726,-0.45632889569150148,0.2637843872368385,0.81909723364800513,-0.2264099331682379,4.5797315547040254e-05,-2.5668807646910287e-05,-3.5074789697466724e-05
0,500,22,5445762.8463734658,972405.32863640692,3176067.8971367045,-165.19830872899138,523.90493369203489,122.43877717496649,-0.45632878150766426,0.26377883939436625,0.81909830100431469,-0.22641276542486843,4.5797773114110642e-05,-2.6009087269220338e-05,-3.5074839205257027e-05
0,500,22.199999999999999,5445729.8059011027,972510.10912871535,3176092.3847993538,-165.20641570883666,523.89998735639551,122.43784650946782,-0.45632863911755656,0.26377328372127268,0.81909938402999505,-0.22641560678914935,4.5798224203812719e-05,-2.6357404664816228e-05,-3.5074888761644659e-05
0,500,22.399999999999999,5445696.7638068479,972614.88863053522,3176116.8722741837,-165.21452768118101,523.89502882173815,122.43689897720525,-0.45632846786549613,0.26376772003655097,0.81910048309016348,-0.22641845747135816,4.579866854721368e-05,-2.6713686473432125e-05,-3.5074938287903066e-05
0,500,22.600000000000001,5445663.7200896703,972719.66713943391,3176141.3595578158,-165.22264498834994,523.89005814623408,122.43593452398753,-0.45632826710185526,0.2637621481608835,0.81910159854655473,-0.22642131767979076,4.5799105884480342e-05,-2.7077857892017911e-05,-3.5074987709963897e-05
0,500,22.800000000000001,5445630.6747484729,972824.44465298869,3176165.8466468616,-165.23076797132305,523.8850753902841,122.4349530989055,-0.45632803618317813,0.26375656791667323,0.81910273075745355,-0.22642418762072233,4.579953595977454e-05,-2.7449842692072038e-05,-3.5075036955581992e-05
0,500,23,5445597.6277820803,972929.22116878943,3176190.3335379171,-165.23889696966864,523.88008061650282,122.43395465433879,-0.45632777447229622,0.26375097912807549,0.8191038800776318,-0.22642706749837022,4.5799958516803824e-05,-2.7829563234752051e-05,-3.5075085951787177e-05
0,500,23.199999999999999,5445564.5791892614,973033.99668443878,3176214.8202275811,-165.24703232148084,523.87507388970641,122.43293914596212,-0.45632748133844403,0.26374538162103101,0.81910504685828189,-0.22642995751485806,4.5800373303309063e-05,-2.821694048505771e-05,-3.507513462727493e-05
0,500,23.399999999999999,5445531.5289687039,973138.77119755198,3176239.3067124351,-165.25517436331722,523.87005527689757,122.43190653275006,-0.45632715615737196,0.26373977522329517,0.81910623144695616,-0.22643285787017911,4.5800780070533161e-05,-2.8611894028754566e-05,-3.5075182912173057e-05
0,500,23.600000000000001,5445498.4771190453,973243.54470575962,3176263.7929890533,-165.26332343013695,523.86502484725042,122.43085677698173,-0.45632679831145873,0.26373415976447262,0.81910743418750065,-0.22643576876215926,4.5801178573159038e-05,-2.9014342088561261e-05,-3.5075230737945893e-05
0,500,23.800000000000001,5445465.4236388355,973348.31720670685,3176288.2790540047,-165.27147985523666,523.85998267209425,122.42978984424526,-0.45632640718982387,0.26372853507604122,0.81910865541999589,-0.22643869038642397,4.5801568570643757e-05,-2.9424201540211252e-05,-3.5075278038193589e-05
0,500,24,5445432.3685265789,973453.08869805117,3176312.7649038476,-165.27964397019045,523.85492882490189,122.42870570344031,-0.45632598218843529,0.26372290099138801,0.81910989548069413,-0.22644162293636028,4.5801949822705937e-05,-2.9841387929376103e-05,-3.5075324746047191e-05
0,500,24.199999999999999,5445399.311780747,973557.85917746474,3176337.2505351384,-165.28781610479055,523.84986338126657,122.42760432678132,-0.45632552271021892,0.26371725734583618,0.81911115470195905,-0.22644456660308485,4.5802322096590223e-05,-3.0265815493907011e-05,-3.5075370798172642e-05
0,500,24.399999999999999,5445366.2533996422,973662.62864263635,3176361.7359444289,-165.29599658698447,523.84478641889177,122.42648568979756,-0.4563250281651639,0.26371160397667248,0.81911243341220752,-0.22644752157540893,4.5802685168473959e-05,-3.0697397194465057e-05,-3.5075416135979495e-05
0,500,24.600000000000001,5445333.1933815563,973767.39709126961,3176386.2211282691,-165.304185742805,523.83969801757326,122.42534977134218,-0.45632449797042857,0.26370594072318104,0.81911373193584824,-0.22645048803980564,4.5803038794389327e-05,-3.1136044675058637e-05,-3.5075460688485453e-05
0,500,24.800000000000001,5445300.1317247469,973872.16452108615,3176410.7060831911,-165.31238389632455,523.83459825917953,122.42419655358464,-0.45632393155044654,0.26370026742666863,0.81911505059322487,-0.22645346618037382,4.5803382748470506e-05,-3.1581668327230222e-05,-3.5075504394011833e-05
0,500,25,5445267.0684273802,973976.93092982331,3176435.1908057374,-165.32059136958958,523.82948722763558,122.42302602201364,-0.4563233283370281,0.263694583930495,0.81911638970055778,-0.2264564561788075,4.5803716811818332e-05,-3.2034177304516391e-05,-3.5075547194234184e-05
0,500,25.199999999999999,5445234.0034875544,974081.69631523266,3176459.6752924435,-165.32880848256087,523.82436500890492,122.42183816543688,-0.45632268776946222,0.26368889008009727,0.81911774956988748,-0.22645945821436439,4.5804040777018288e-05,-3.2493479537371362e-05,-3.5075589036847726e-05
0,500,25.399999999999999,5445200.9369033221,974186.46067508706,3176484.15953985,-165.33703555305624,523.81923169097126,122.42063297598,-0.45632200929461442,0.26368318572301785,0.81911913050902074,-0.22646247246383316,4.5804354433833002e-05,-3.2959481753066361e-05,-3.5075629867425983e-05
0,500,25.600000000000001,5445167.8686726503,974291.22400717565,3176508.6435444816,-165.34527289669128,523.81408736382116,122.41941044908452,-0.45632129236702518,0.26367747070893255,0.81912053282147379,-0.2264654991015029,4.5804657573491729e-05,-3.3432089497154338e-05,-3.5075669631682913e-05
0,500,25.800000000000001,5445134.7987934574,974395.98630930542,3176533.1273028702,-165.35352082682016,523.80893211942077,122.41817058350659,-0.45632053644900766,0.2636717448896766,0.81912195680641953,-0.22646853829913197,4.5804949988765222e-05,-3.3911207143934609e-05,-3.5075708275358602e-05
0,500,26,5445101.7272635959,974500.74757930264,3176557.6108115553,-165.36177965447996,523.80376605170341,122.41691338131275,-0.45631974101074008,0.26366600811927082,0.81912340275863438,-0.22647159022591765,4.580523147756744e-05,-3.4396737921234419e-05,-3.5075745746350739e-05
0,500,26.199999999999999,5445068.6540808529,974605.50781501213,3176582.0940670688,-165.37004968833548,523.79858925654128,122.41563884787683,-0.45631890553036036,0.26366026025394596,0.81912487096844599,-0.22647465504846734,4.5805501841598468e-05,-3.488858393162891e-05,-3.5075781993840781e-05
0,500,26.399999999999999,5445035.579242954,974710.26701429789,3176606.5770659405,-165.37833123461692,523.79340183173247,122.41434699187631,-0.45631802949405753,0.26365450115216948,0.81912636172168241,-0.22647773293076864,4.5805760886864582e-05,-3.5386646165150659e-05,-3.5075816968719995e-05
0,500,26.600000000000001,5445002.5027475674,974815.02517504396,3176631.0598047106,-165.38662459707007,523.78820387697749,122.41303782528674,-0.45631711239616324,0.26364873067466904,0.81912787529962061,-0.22648082403416042,4.5806008420196772e-05,-3.5890824519919846e-05,-3.5075850621468125e-05
0,500,26.800000000000001,5444969.424592305,974919.78229515417,3176655.5422799168,-165.39493007689768,523.78299549385815,122.41171136337663,-0.4563161537392379,0.26364294868445803,0.81912941197893774,-0.22648392851730587,4.5806244254755109e-05,-3.6401017824851993e-05,-3.5075882905299989e-05
0,500,27,5444936.3447747109,975024.53837255517,3176680.0244881026,-165.40324797270821,523.77777678581651,122.41036762470078,-0.45631515303416015,0.26363715504685747,0.8191309720316623,-0.22648704653616375,4.5806468211681477e-05,-3.6917123861388498e-05,-3.50759137771899e-05
0,500,27.199999999999999,5444903.2632922744,975129.29340518767,3176704.5064258073,-165.41157858045659,523.77254785813625,122.40900663109439,-0.45631410980020987,0.26363134962951856,0.81913255572512722,-0.22649017824396261,4.5806680111372488e-05,-3.7439039380596757e-05,-3.5075943192948073e-05
0,500,27.399999999999999,5444870.1801424176,975234.04739102302,3176728.9880895996,-165.41992219339315,523.76730881791673,122.40762840766556,-0.45631302356515296,0.26362553230245062,0.81913416332192168,-0.22649332379117287,4.5806879775856118e-05,-3.7966660119458575e-05,-3.5075971108349088e-05
0,500,27.600000000000001,5444837.0953225018,975338.8003280476,3176753.4694760256,-165.42827910201191,523.76205977405334,122.40623298278729,-0.45631189386532284,0.26361970293803716,0.81913579507984735,-0.22649648332548142,4.5807067028814177e-05,-3.8499880826192046e-05,-3.5075997479149373e-05
0,500,27.800000000000001,5444804.0088298628,975443.55221427302,3176777.9505816475,-165.43664959399516,523.75680083721386,122.40482038808825,-0.45631072024570185,0.26361386141106324,0.8191374512518701,-0.22649965699176633,4.580724170873826e-05,-3.90385952806127e-05,-3.5076022268590801e-05
0,500,28,5444770.9206617419,975548.30304773094,3176802.4314030376,-165.44503395416365,523.75153211981797,122.40339065844428,-0.45630950225999939,0.26360800759873321,0.81913913208607958,-0.22650284493207201,4.5807403649581184e-05,-3.9582696319706093e-05,-3.50760454366256e-05
0,500,28.199999999999999,5444737.8308153432,975653.05282647733,3176826.9119367721,-165.45343246442539,523.74625373601054,122.4019438319683,-0.45630823947072663,0.26360214138069249,0.81914083782564506,-0.22650604728558474,4.5807552694269986e-05,-4.0132075853330041e-05,-3.5076066947328358e-05
0,500,28.399999999999999,5444704.7392878011,975757.80154858984,3176851.3921794347,-165.46184540372306,523.74096580164223,122.40047995000039,-0.4563069314492757,0.26359626263904845,0.81914256870877278,-0.22650926418860942,4.5807688684411721e-05,-4.0686624887178558e-05,-3.5076086763168184e-05
0,500,28.600000000000001,5444671.6460762033,975862.54921216855,3176875.872127621,-165.47027304798411,523.73566843424283,122.39899905709677,-0.45630557777598763,0.26359037125839213,0.81914432496866607,-0.22651249577454596,4.5807811467877245e-05,-4.1246233540619472e-05,-3.5076104849135621e-05
0,500,28.800000000000001,5444638.5511775855,975967.29581534211,3176900.3517779293,-165.47871567007238,523.73036175299876,122.39750120101806,-0.45630417804022916,0.26358446712581396,0.81914610683348432,-0.22651574217386655,4.5807920897817587e-05,-4.1810791070001342e-05,-3.5076121172341679e-05
0,500,29,5444605.4545889217,976072.04135625763,3176924.8311269758,-165.4871735397393,523.725045878728,122.3959864327168,-0.45630273184045966,0.2635785501309249,0.81914791452630531,-0.22651900351409382,4.580801682660278e-05,-4.2380185892338161e-05,-3.5076135698467499e-05
0,500,29.199999999999999,5444572.3563071443,976176.7858330895,3176949.3101713802,-165.49564692357478,523.71972093385693,122.39445480632492,-0.45630123878429968,0.26357262016587801,0.81914974826508524,-0.22652227991977986,4.5808099116817062e-05,-4.2954305604336558e-05,-3.5076148398016044e-05
0,500,29.399999999999999,5444539.256329108,976281.52924403735,3176973.7889077812,-165.5041360849614,523.71438704239381,122.39290637913976,-0.4562996984885983,0.26356667712537962,0.81915160826262345,-0.22652557151248412,4.5808167633820798e-05,-4.3533037012054362e-05,-3.5076159242194417e-05
0,500,29.600000000000001,5444506.1546516428,976386.27158732049,3176998.2673328202,-165.51264128402315,523.70904432990483,122.39134121161221,-0.45629811057949526,0.26356072090671334,0.81915349472652688,-0.22652887841075486,4.5808222246718112e-05,-4.4116266140618687e-05,-3.5076168203363809e-05
0,500,29.800000000000001,5444473.0512715112,976491.01286118978,3177022.7454431551,-165.52116277758378,523.70369292348948,122.38975936732932,-0.45629647469248713,0.26355475140975404,0.8191554078591714,-0.22653220073010774,4.5808262825305179e-05,-4.4703878262218297e-05,-3.5076175253296658e-05
0,500,30,5444439.9461854324,976595.75306391902,3177047.2232354609,-165.52970081911886,523.6983329517534,122.3881609130011,-0.45629479047248539,0.26354876853698517,0.81915734785767247,-0.22653553858300826,4.5808289242731924e-05,-4.5295757920446651e-05,-3.5076180364579081e-05
1,8000,0,5449387.1886701053,960873.98968958983,3173373.7226977898,-164.26000211708305,524.3764174302022,122.46902067237752,-0.45633719708098636,0.26438783688698342,0.81898292079183965,-0.22610265305333851,4.5787712080284339e-05,-4.460210700225898e-05,-3.5094609140643321e-05
1,8000,0.20000000000000001,5449354.3357200529,960978.86459571903,3173398.2165013156,-164.26949894828917,524.37264170683204,122.4690139180551,-0.45633555288448147,0.26438186605441649,0.8189848461671253,-0.22610597918633096,4.5786699561047482e-05,-4.441334890332331e-05,-3.5094590712232438e-05
1,8000,0.40000000000000002,5449321.4808715899,961083.73874591582,3173422.7103030998,-164.27898358412887,524.36885912784317,122.46900331657979,-0.45633393930051402,0.26437590372173581,0.81898675443354918,-0.22610929533345542,4.5785774838028797e-05,-4.3854017091036198e-05,-3.5094472567630914e-05
1,8000,0.59999999999999998,5449288.6241275165,961188.61213892186,3173447.2041024296,-164.2884546966126,524.36506983169591,122.46898953280692,-0.45633238272602383,0.26436995718838474,0.81898863087833318,-0.2261125929793272,4.5784779488311152e-05,-4.3026937027226411e-05,-3.509419450823859e-05
1,8000,0.80000000000000004,5449255.7654907638,961293.4847734177,3173471.69789878,-164.29790996165579,524.36127407146955,122.46897374246022,-0.45633090091940715,0.26436403137841513,0.81899046560176558,-0.2261158663889776,4.5783648174936296e-05,-4.2037036987497501e-05,-3.5093738723024847e-05
1,8000,1,5449222.9049647721,961398.35664813931,3173496.1916918862,-164.30734662296922,524.35747213943966,122.46895732955662,-0.45632950340616629,0.2643581289446375,0.81899225329184522,-0.22611911248259886,4.578238476399559e-05,-4.0978359070991561e-05,-3.5093121252402186e-05
1,8000,1.2,5449190.0435908325,961503.22830607707,3173520.6865405091,-164.30934556889915,524.35859638079467,122.47780169984891,-0.45605703968109179,0.26427737940949036,0.81914501458396261,-0.22620983261567315,4.5764744565524413e-05,-0.0066301860425298275,-3.5081685098085716e-05
1,8000,1.3999999999999999,5449157.17931954,961608.09982418909,3173545.181780675,-164.33980779704527,524.35572110837461,122.47114347290361,-0.4553165137238302,0.26406731089745478,0.81955786711742296,-0.22645138571381015,4.5733077448951973e-05,-0.011368327000487783,-3.5072106700154834e-05
1,8000,1.6000000000000001,5449124.3046355667,961712.9701964556,3173569.6733811996,-164.41542357331963,524.34692104577721,122.44041380067885,-0.45426076550492867,0.26376997298904492,0.82014451288365464,-0.22679403929351313,4.5711865333709951e-05,-0.014254882569567464,-3.5093300403307729e-05
1,8000,1.8,5449091.4096479071,961817.83815081709,3173594.1561012585,-164.54331175456585,524.33152923483851,122.38215014810955,-0.45303397037712378,0.26342506259044113,0.82082380562932789,-0.22719097296272353,4.571276554972224e-05,-0.015500111643392642,-3.5158682873741573e-05
1,8000,2,5449058.4838591237,961922.70239286486,3173618.6244479804,-164.7227936166064,524.30993193602387,122.29708438783877,-0.45175791572323443,0.26306618788087927,0.82152779123662933,-0.22760284400922229,4.5730127812903291e-05,-0.015439066281646988,-3.5265173793871332e-05
1,8000,2.2000000000000002,5449025.5154295098,962027.56068178045,3173643.0712587717,-164.96245319101328,524.27326203133225,122.17104974357719,-0.45106926027636418,0.26286982304785311,0.82190709655649119,-0.22782603713053257,4.5777087252493966e-05,-0.0012684025372374599,-3.5418093825545124e-05
1,8000,2.3999999999999999,5448992.5002782857,962132.41200259887,3173667.4937647902,-165.18134253374851,524.24129211496029,122.05853752034986,-0.45142590412788064,0.2629631281885107,0.82171226167176814,-0.22771474549072609,4.5822698724940465e-05,0.0097766561986683004,-3.5569185175942638e-05
1,8000,2.6000000000000001,5448959.447250546,962237.25790645182,3173691.8971655238,-165.335519742131,524.21983542649082,121.98302833111549,-0.45255374964515438,0.26326999696543957,0.82109265010341004,-0.22735626740006001,4.5791765620295233e-05,0.017362088498408697,-3.5636456246557742e-05
1,8000,2.7999999999999998,5448926.3720712671,962342.10084114049,3173716.2903198209,-165.40024708054875,524.21185540310933,121.95735572420929,-0.4541696538108419,0.26371161411597771,0.82020096529818054,-0.22684022275958629,4.5641105711463203e-05,0.021615517882240202,-3.5572581926320395e-05
1,8000,3,5448893.2936694212,962446.94357253145,3173740.6836669748,-165.36764406831833,524.21766814535079,121.98482750813479,-0.4560151005032636,0.26421612123167554,0.81917739004208878,-0.22624869731805866,4.5373844109283279e-05,0.022988843511938008,-3.5371149924999841e-05
1,8000,3.2000000000000002,5448860.2322127605,962551.78926804382,3173765.0886021312,-165.23547091773349,524.24057487447465,122.07036121437578,-0.45760687242563686,0.26464999471184014,0.81829028516056479,-0.22573732482620495,4.5019414966047388e-05,0.015531193935821601,-3.5051435609106532e-05
1,8000,3.3999999999999999,5448827.2027950967,962656.64015711076,3173789.5134782167,-165.05360575061971,524.26872735623556,122.18079810529542,-0.45859517438552955,0.26491708127036234,0.81773783776394815,-0.22542012947081932,4.4652633522310084e-05,0.0084280561842201129,-3.4680236653848549e-05
1,8000,3.6000000000000001,5448794.2116929358,962761.49676359992,3173813.9612685647,-164.85761617388937,524.29700116136269,122.29661388371419,-0.45904031169966586,0.26503436559320204,0.81748905139974226,-0.22527855674882261,4.4376393851704387e-05,0.0023903898187951148,-3.4348927135377128e-05
1,8000,3.7999999999999998,5448761.2588524912,962866.35871561407,3173838.43149187,-164.67475777899077,524.3216959587528,122.40312877527825,-0.4590472735094564,0.26503091552710356,0.81748614379991302,-0.22527898080723763,4.4266589132170639e-05,-0.002192093559659884,-3.4127120850856998e-05
1,8000,4,5448728.339696032,962971.22505421832,3173862.9212639933,-164.52301478451321,524.34061759888516,122.49096407997048,-0.45874105016655997,0.26494116387585065,0.81765901833413945,-0.2253809182540587,4.4354640058333953e-05,-0.005210148041406828,-3.4051299710266807e-05
1,8000,4.2000000000000002,5448695.4469372388,963076.09451574367,3173887.4263202436,-164.41166838330099,524.352869197004,122.55557231047155,-0.45824651724884991,0.26479946175109481,0.81793726636935604,-0.2255437934633879,4.4625981305656715e-05,-0.0067682220993109518,-3.4123489336079027e-05
1,8000,4.4000000000000004,5448662.5721899262,963180.9657630797,3173911.9418978449,-164.34272246546701,524.35856178238396,122.59635020252632,-0.45767409448521651,0.26463619228520124,0.81825869153826714,-0.22573174941068944,4.5030020683199688e-05,-0.0071097214001349272,-3.4317444272364208e-05
1,8000,4.5999999999999996,5448629.7072410444,963285.837556215,3173936.4634187045,-164.31276941191732,524.35850426724085,122.61556323246801,-0.45711125998026841,0.26447545681354145,0.81857423886521796,-0.22591645404606797,4.5496026142394828e-05,-0.006547227841351669,-3.4589005340353767e-05
1,8000,4.7999999999999998,5448596.8449366605,963390.7088621147,3173960.9869536371,-164.31494325943834,524.35391187172058,122.6172607712805,-0.45661920967163538,0.26433414866690669,0.81884981496241871,-0.22607816290700344,4.5949932743185183e-05,-0.0054055153701468147,-3.4887494622970667e-05
1,8000,5,5448563.9796909187,963495.5789101905,3173985.5094794976,-164.3407024014368,524.34615655710263,122.6063065406329,-0.45623351918045019,0.26422211686312042,0.81906577342283804,-0.22620545471725803,4.6328447209042755e-05,-0.0039805731478444019,-3.5165774971631531e-05
1,8000,5.2000000000000002,5448531.1076694345,963600.44720317319,3174010.0289605008,-164.38128375730929,524.33657190622796,122.58759830383219,-0.45596753121977457,0.26414308150023169,0.81921488513250551,-0.22629408950797161,4.6588421560145443e-05,-0.0025144822216543578,-3.5387533367983099e-05
1,8000,5.4000000000000004,5448498.2267212067,963705.3134948212,3174034.5442952928,-164.42875827419033,524.32631675181938,122.56550806806666,-0.4558172671657601,0.26409597645160515,0.81929951565754267,-0.22634539495851755,4.6710883334561311e-05,-0.0011840031685946392,-3.5531212204429094e-05
1,8000,5.5999999999999996,5448465.3361399341,963810.17774610664,3174059.055174212,-164.47668557764419,524.31629557525628,122.54354112601115,-0.45576685788750004,0.26407644316416506,0.8193285747862914,-0.22636450683749798,4.6700184207256934e-05,-9.9844357608385573e-05,-3.5590702071427351e-05
1,8000,5.7999999999999998,5448432.4363310589,963915.04007062665,3174083.5618883162,-164.52041185425946,524.30712886286881,122.52418913975752,-0.45579373618199998,0.26407826415159275,0.81931463990844533,-0.22635870049907386,4.6579428165657655e-05,0.00068658373150784924,-3.5573392955207259e-05
1,8000,6,5448399.528449202,964019.90067825234,3174108.0651252647,-164.55708166365659,524.29916326486227,122.50893847723859,-0.45587308535101057,0.26409459366883697,0.8192715090114906,-0.22633596746756235,4.6383688179186711e-05,0.0011718807129411409,-3.5496459560177057e-05
1,8000,6.2000000000000002,5448366.6140550254,964124.75982380693,3174132.5657786797,-164.58544504976939,524.29250970127828,122.4983889589008,-0.45598126637082931,0.2641189065680748,0.81921231914375214,-0.22630391970811023,4.6152560792001515e-05,0.0013873471187782248,-3.5382345352345728e-05
1,8000,6.4000000000000004,5448333.6948244441,964229.61776516133,3174157.0647885478,-164.60554009114568,524.28709749127995,122.49243855198937,-0.456098137103218,0.26414564058529832,0.8191482699683782,-0.22626904715088542,4.5923400359787078e-05,0.0013856414591539715,-3.5254334684336009e-05
1,8000,6.5999999999999996,5448300.7723277695,964334.4747328558,3174181.5630218303,-164.61832167263915,524.28273389325238,122.49049464784758,-0.45620832019093083,0.26417054729792078,0.8190879212904808,-0.2262363094751268,4.5726194588498691e-05,0.0012288428291432297,-3.5132902889732362e-05
1,8000,6.7999999999999998,5448267.8478836119,964439.33091144997,3174206.0611952925,-164.62529307446729,524.27916069049752,122.49168060219868,-0.4563015767642884,0.26419079580235932,0.81903698115046275,-0.22620901388688486,4.5580580155268899e-05,0.00097882443361865367,-3.5033263194572712e-05
1,8000,7,5448234.9224827094,964544.18643139908,3174230.5598372561,-164.62818070846251,524.27610212980233,122.49501555768913,-0.45637249643814115,0.26420488747743642,0.81899847242443591,-0.22618891240353628,4.5495042991903464e-05,0.00069035698284124257,-3.4964244582302727e-05
1,8000,7.2000000000000002,5448201.9967703205,964649.0413693788,3174255.0592815052,-164.62867621807803,524.27330115238647,122.49955479839123,-0.45641973157996735,0.2642124450026036,0.81897315439820395,-0.2261764463981,4.5467978702946008e-05,0.00040695256953603235,-3.4928387886874315e-05
1,8000,7.4000000000000004,5448169.0710725626,964753.89575460064,3174279.5596848889,-164.62825583462563,524.27054311345182,122.5044859865724,-0.45644499145740031,0.26421393530295495,0.81896008044208224,-0.22617106978452869,4.5490052609056027e-05,0.0001591526460726114,-3.4922973882133942e-05
1,8000,7.5999999999999996,5448136.1454511844,964858.74957868399,3174304.0610598316,-164.62807543070605,524.26766788068801,122.5091829704097,-0.45645197746618971,0.26421037614762327,0.81895719083068985,-0.22617159191605241,4.5547209619738399e-05,-3.5231236359438534e-05,-3.4941611407404546e-05
1,8000,7.7999999999999998,5448103.2197725121,964963.60280694545,3174328.5633138618,-164.62893161200518,524.26457228881213,122.51322319512994,-0.45644539697771835,0.26420306435694108,0.81896186300892593,-0.226176495903541,4.5623724533868943e-05,-0.0001695022925422998,-3.4976010259386343e-05
1,8000,8,5448070.293778765,965068.45538942073,3174353.0662896591,-164.63127445415583,524.26120545622791,122.51637715632005,-0.45643014482127436,0.26419335000656002,0.81897136884880128,-0.2261842030661349,4.5704815987796627e-05,-0.00024566319527341866,-3.5017623231323903e-05
1,8000,8.1999999999999993,5448037.367152988,965173.30727045296,3174377.5698009781,-164.6352557260573,524.25755955112174,122.51857908622252,-0.45641069732355455,0.26418246904842629,0.81898321321887735,-0.22619326886931632,4.5778526803449626e-05,-0.00027170429931368083,-3.5058938232596333e-05
1,8000,8.4000000000000004,5448004.4395721257,965278.15839617781,3174402.0736615481,-164.64079701894244,524.25365835632044,122.519887553015,-0.45639072673664027,0.26417143656019865,0.81899534929790585,-0.22620250768487002,4.5836757829824135e-05,-0.00025898925896207558,-3.5094309185405068e-05
1,8000,8.5999999999999996,5447971.5107455915,965383.00871966721,3174426.5777057242,-164.64766439344811,524.24954554958288,122.52044330352822,-0.45637291661282031,0.26416099534576787,0.81900628153944288,-0.22621105260171545,4.5875499702360393e-05,-0.00022000744367634128,-3.5120312730674882e-05
1,8000,8.8000000000000007,5447938.5804391541,965487.85820381949,3174451.0818009032,-164.65553924318883,524.24527409656514,122.52042989255432,-0.45635894162262775,0.26415160995202935,0.8190150767631792,-0.22621836219774441,4.5894418580838263e-05,-0.00016664283571779975,-3.5135693310359537e-05
1,8000,9,5447905.6484856475,965592.70682231733,3174475.5858526663,-164.66407846197117,524.24089762744961,122.52004073473523,-0.45634956673837274,0.26414349363347139,0.81902130876908597,-0.22622418856297735,4.5896011785276127e-05,-0.00010900699593273685,-3.5141005966218494e-05
1,8000,9.1999999999999993,5447872.7147850497,965697.5545590946,3174500.0898041278,-164.67296017819191,524.23646419968543,122.5194544583909,-0.45634482081647393,0.26413665603595959,0.81902496147867776,-0.22622852147103867,4.588456125462231e-05,-5.4805980291253955e-05,-3.5138084456694867e-05
1,8000,9.4000000000000004,5447839.7792969188,965802.40140680189,3174524.5936312545,-164.68191402816569,524.23201246677854,122.51881896436093,-0.45634420346058796,0.26413096015876436,0.81902631364861256,-0.22623152168673388,4.5865087163047988e-05,-9.1594337451624421e-06,-3.5129456583600838e-05
1,8000,9.5999999999999996,5447806.8420283217,965907.24736472417,3174549.0973358047,-164.69073697581277,524.22756999839896,122.51824349948221,-0.45634689244076271,0.2641261795909447,0.81902582332367435,-0.22623345407637779,4.5842454340693458e-05,2.5237300026083265e-05,-3.5117805995590212e-05
1,8000,9.8000000000000007,5447773.9030198017,966012.09243654343,3174573.6009373581,-164.6992970267207,524.22315332813662,122.51779734935702,-0.45635192812697428,0.2641220494896202,0.8190240251167773,-0.22623462809594019,4.5820723865402432e-05,4.772443296939921e-05,-3.510554788276821e-05
1,8000,10,5447740.9623315772,966116.93662824412,3174598.1044656243,-164.70752787669986,524.2187692314634,122.51751340808427,-0.45635836073008618,0.2641183073455371,0.81902144820268352,-0.22623535024539371,4.5802783090869276e-05,5.9170843858769758e-05,-3.5094552050915946e-05
1,8000,10.199999999999999,5447708.0200314755,966221.77994635468,3174622.6079537934,-164.71541768685688,524.21441673939432,122.51739483060454,-0.45636535438842324,0.26411472185854257,0.81901855833414117,-0.22623589042364337,4.5790238010280078e-05,6.1439788299051976e-05,-3.5086016477820277e-05
1,8000,10.4,5447675.0761853969,966326.62239662709,3174647.1114333798,-164.72299492672892,524.21008945112987,122.51742313806069,-0.45637224869786908,0.26411111006189564,0.81901572354853014,-0.226236462005136,4.5783517237169259e-05,5.6895129619937867e-05,-3.5080471309673848e-05
1,8000,10.6,5447642.1308507593,966431.46398318047,3174671.614930728,-164.73031371729382,524.2057777996007,122.51756644786208,-0.45637858290363958,0.26410734411737585,0.81901320066660799,-0.22623721396792873,4.5782118496827276e-05,4.7992097913020984e-05,-3.5077878993440022e-05
1,8000,10.800000000000001,5447609.1840727087,966536.30470807152,3174696.1184650976,-164.73744046788795,524.20147102781732,122.51778686517464,-0.45638409068728453,0.26410334996073354,0.81901113817321503,-0.2262382325233161,4.5784925111770406e-05,3.6974543048613742e-05,-3.5077790796718808e-05
1,8000,11,5447576.2358828364,966641.1445712205,3174720.6220480739,-164.74444294334509,524.19715873564519,122.51804644205949,-0.45638867453063309,0.26409910027360978,0.81900959048287447,-0.22623954935403379,4.5790528200858249e-05,2.5682407017040455e-05,-3.507952187419051e-05
1,8000,11.199999999999999,5447543.2862997139,966745.98357059539,3174745.1256840201,-164.7513822996203,524.19283194519835,122.51831144148862,-0.45639236837624514,0.26409460419145592,0.81900853873504753,-0.22624115364796579,4.5797506084715932e-05,1.5459667239513369e-05,-3.5082314173746786e-05
1,8000,11.4,5447510.335330788,966850.82170256379,3174769.6293711984,-164.7583081380597,524.18848370217745,122.51855490962677,-0.45639529613410135,0.2640898958380003,0.81900791391205641,-0.22624300548826201,4.5804631296552899e-05,7.1444590901395889e-06,-3.5085466345108248e-05
1,8000,11.6,5447477.3829749422,966955.65896232624,3174794.1331032584,-164.76525627396566,524.1841092778759,122.51875774953568,-0.45639763189723964,0.26408502331318973,0.81900761901067398,-0.22624504870323742,4.5810994069381495e-05,1.1190368053700164e-06,-3.5088420260514262e-05
1,8000,11.800000000000001,5447444.4292253004,967060.49534435209,3174818.6368708168,-164.77224869603532,524.1797060631277,122.5189086032495,-0.4563995658624676,0.26408003924664331,0.81900754803789477,-0.22624722188128168,4.5816046432598485e-05,-2.6031423937909078e-06,-3.5090802984829268e-05
1,8000,12,5447411.4740718463,967165.33084277599,3174843.140662916,-164.77929509572206,524.17527325411879,122.51900289583027,-0.4564012781680013,0.26407499353514746,0.81900760059604072,-0.22624946683239466,4.5819581724803544e-05,-4.2736294990790735e-06,-3.5092430010375515e-05
1,8000,12.199999999999999,5447378.5175036583,967270.16545171745,3174867.6444682442,-164.78639534589271,524.17081142489678,122.51904138847725,-0.4564029213357042,0.26406992846012239,0.81900769167246867,-0.22625173427100095,4.5821669939276188e-05,-4.3049623163171719e-06,-3.5093279795689551e-05
1,8000,12.4,5447345.5595105812,967374.99916550994,3174892.1482760436,-164.79354237836071,524.16632206708971,122.51902854396194,-0.45640461083926392,0.26406487605676504,0.81900775689983696,-0.22625398687245921,4.5822570402716328e-05,-3.1782047579039274e-06,-3.5093451236920805e-05
1,8000,12.6,5447312.6000843272,967479.83197884052,3174916.6520766774,-164.80072502209364,524.1618071580524,122.51897094219034,-0.45640642254047892,0.26405985738925275,0.81900775398764358,-0.22625620010838424,4.5822640843701546e-05,-1.3691672507289188e-06,-3.5093115095179878e-05
1,8000,12.800000000000001,5447279.6392190484,967584.66388680984,3174941.1558619267,-164.80793049347096,524.15726879797091,122.518875910125,-0.45640839532108252,0.26405488327000759,0.8190076612571765,-0.22625836140073896,4.582225728233935e-05,7.0371187733682056e-07,-3.5092468306241227e-05
1,8000,13,5447246.6769114407,967689.49488492706,3174965.6596250175,-164.81514635731295,524.15270893712466,122.51875045923617,-0.45641053712981822,0.26404995592993946,0.819007474272201,-0.22626046817006695,4.5821753625782067e-05,2.7101372391947856e-06,-3.5091697218501615e-05
1,8000,13.199999999999999,5447213.7131605344,967794.32496906025,3174990.1633604835,-164.82236188881669,524.14812919829615,122.51860056239286,-0.45641283278815731,0.26404507117996751,0.81900720148881934,-0.22626252531364507,4.5821384464005425e-05,4.4200091231839978e-06,-3.5090952786175956e-05
1,8000,13.4,5447180.7479672637,967899.15413536201,3175014.6670639175,-164.8295688539977,524.14353078717613,122.51843075473941,-0.45641525217308015,0.26404022067985755,0.8190068596946809,-0.22626454256063461,4.5821310159510231e-05,5.7007458075311101e-06,-3.509033812010199e-05
1,8000,13.6,5447147.7813339345,968003.98238018248,3175039.1707316595,-164.83676178672536,524.13891447574383,122.51824401101875,-0.45641775774744603,0.26403539402783632,0.81900646981148484,-0.22626653203752475,4.582160018773387e-05,6.5043838326923755e-06,-3.5089906789962219e-05
1,8000,13.800000000000001,5447114.813263678,968108.80969998462,3175063.6743604965,-164.84393787487173,524.13428063966307,122.51804183422367,-0.45642031077598089,0.26403058048642608,0.81900605342988708,-0.22626850625829231,4.5822249112286235e-05,6.8488285754249882e-06,-3.5089669113972368e-05
1,8000,14,5447081.8437599493,968213.63609127363,3175088.1779473843,-164.85109657999459,524.12962933006736,122.51782448525074,-0.45642287590201858,0.26402577025364055,0.8190056302580172,-0.22627047664459132,4.5823199205780891e-05,6.7970378333010294e-06,-3.5089603208892791e-05
1,8000,14.199999999999999,5447048.8728261283,968318.46155053936,3175112.6814892348,-164.85823910947474,524.12496036182779,122.51759128742145,-0.45642542403754938,0.26402095526591401,0.81900521651016611,-0.2262724525914582,4.582436442018307e-05,6.4370737586681977e-06,-3.5089667763073991e-05
1,8000,14.4,5447015.9004652267,968423.28607421869,3175137.1849827562,-164.86536784269362,524.12027340365591,122.51734095018921,-0.45642793372266238,0.26401612957586101,0.81900482414871678,-0.22627444102808605,4.5825651691001086e-05,5.8650224747765011e-06,-3.5089814084140908e-05
1,8000,14.6,5446982.9266797109,968528.1096586748,3175161.6884243642,-164.87248578900599,524.11556805936539,122.51707187008878,-0.4564303912383032,0.26401128938363705,0.81900446082110012,-0.22627644638180594,4.5826977104086367e-05,5.1718867663662207e-06,-3.5089995778875632e-05
1,8000,14.800000000000001,5446949.9514714181,968632.93230019032,3175186.1918101418,-164.8795961294812,524.11084393366207,122.5167823815257,-0.45643278981561253,0.2640064328172817,0.81900413030043828,-0.22627847083417787,4.5828275934259778e-05,4.4347940141242284e-06,-3.5090175250890674e-05
1,8000,15,5446916.9748415677,968737.75399497291,3175210.6951358509,-164.88670187010891,524.10610067946425,122.51647094347985,-0.45643512828885224,0.26400155955851323,0.81900383323643322,-0.22628051475688404,4.5829506789058199e-05,3.7122777085962863e-06,-3.5090326927476896e-05
1,8000,15.199999999999999,5446883.9967908068,968842.57473916817,3175235.1983969682,-164.8938056136985,524.10133802669634,122.51613625939306,-0.45643740950251643,0.26399667040034464,0.81900356804333119,-0.22628257722691866,4.5830650926305647e-05,3.0430009705107014e-06,-3.5090437657586697e-05
1,8000,15.4,5446851.0173193179,968947.39452887769,3175259.7015887373,-164.90090944226915,524.09655579459775,122.51577733581698,-0.45643963872222254,0.2639917668059148,0.81900333178580109,-0.22628465654033164,4.5831708259016081e-05,2.447083077855276e-06,-3.5090505040890467e-05
1,8000,15.6,5446818.0364269232,969052.21336017444,3175284.2047062386,-164.90801489162061,524.0917538908642,122.51539349070319,-0.45644182222729535,0.26398685051797161,0.81900312096352468,-0.2262867506670119,4.5832691637650219e-05,1.9291363357388462e-06,-3.5090534552676874e-05
1,8000,15.800000000000001,5446785.0541131813,969157.03122912196,3175308.7077444452,-164.91512299461778,524.08693230147765,122.51498432478517,-0.45644396619169497,0.26398192324859909,0.81900293213503572,-0.2262888576120789,4.5833620805267998e-05,1.4821828477185437e-06,-3.5090536268045965e-05
1,8000,16,5446752.0703775017,969261.84813178598,3175333.2106982684,-164.92223436868599,524.08209107502682,122.51454966981413,-0.45644607589701902,0.26397698646127465,0.81900276235641656,-0.2262909756698129,4.5834517070210706e-05,1.0917587610264478e-06,-3.5090521821295075e-05
1,8000,16.199999999999999,5446719.0852191923,969366.66406424844,3175357.7135626129,-164.92934932502541,524.07723030485204,122.51408952609222,-0.45644815527142879,0.26397204124346102,0.81900260943829339,-0.2262931035721954,4.5835399326780238e-05,7.3969015870371504e-07,-3.5090502016840686e-05
1,8000,16.399999999999999,5446686.0986375241,969471.4790226128,3175382.2163323872,-164.93646798103316,524.07235011164903,122.51360399939597,-0.45645020671340431,0.26396708825823967,0.81900247204403942,-0.22629524054542108,4.5836281662229557e-05,4.07209055344153e-07,-3.5090485286325737e-05
1,8000,16.600000000000001,5446653.1106317528,969576.29300300707,3175406.7190025295,-164.94359036234175,524.06745062835807,122.51309324457164,-0.45645223113888539,0.26396212775785277,0.81900234966344865,-0.22629738629429849,4.5837172455167458e-05,7.724695779828544e-08,-3.5090476988031041e-05
1,8000,16.800000000000001,5446620.1212011296,969681.10600158677,3175431.2215680126,-164.95071648593751,524.06253198838306,122.51255742025043,-0.45645422818275388,0.26395715963993577,0.81900224250038156,-0.226299540936897,4.5838074676906108e-05,-2.6411751778788125e-07,-3.5090479420022708e-05
1,8000,17,5446587.1303449059,969785.91801453382,3175455.7240238348,-164.95784642038677,524.05759431751767,122.51199665661191,-0.45645619648792679,0.26395218352789945,0.81900215131158083,-0.22630170491101423,4.5838986992469346e-05,-6.2697847248319623e-07,-3.5090492337136884e-05
1,8000,17.199999999999999,5446554.138062302,969890.72903805296,3175480.2263650177,-164.96498032291007,524.05263772942988,122.5114110361033,-0.45645813402452901,0.26394719885949697,0.81900207722873775,-0.22630387887105058,4.5839905233382881e-05,-1.0175474813049263e-06,-3.5090513733110839e-05
1,8000,17.399999999999999,5446521.1443524966,969995.53906837106,3175504.7285865936,-164.97211845573077,524.04766232418967,122.51080058558726,-0.45646003839463956,0.26394220497125481,0.81900202158861368,-0.22630606358964511,4.5840823908397299e-05,-1.4385510806605672e-06,-3.5090540691590396e-05
1,8000,17.600000000000001,5446488.1492146105,970100.34810173418,3175529.230683594,-164.97926118576081,524.04266818914346,122.51016527754311,-0.45646190709244017,0.26393720117043762,0.81900198578803618,-0.22630825987378786,4.5841737474468453e-05,-1.889906966907441e-06,-3.5090570135285938e-05
1,8000,17.800000000000001,5446455.1526476862,970205.15613440343,3175553.7326510428,-164.98640897240682,524.03765540135691,122.50950503760038,-0.45646373770322468,0.26393218679000396,0.81900197117298457,-0.22631046850071748,4.5842641245712704e-05,-2.3695231949671913e-06,-3.5090599388321417e-05
1,8000,18,5446422.1546506491,970309.96316265571,3175578.2344839401,-164.99356234824739,524.0326240309065,122.50881975575382,-0.45646552803632978,0.26392716122522919,0.81900197896451266,-0.22631269017516153,4.5843531880934005e-05,-2.8740952584371974e-06,-3.509062650378569e-05
1,8000,18.199999999999999,5446389.1552223302,970414.76918278111,3175602.7361772652,-165.00072189678377,524.02757414440521,122.50810929894537,-0.45646727619590816,0.26392212395311698,0.8190020102193224,-0.22631492550663379,4.5844407500226119e-05,-3.3998119021440445e-06,-3.5090650374017897e-05
1,8000,18.399999999999999,5446356.1543614343,970519.57419108308,3175627.2377259708,-165.00788823059355,524.02250580829138,122.50737352320647,-0.45646898059932906,0.26391707453733987,0.81900206581952528,-0.22631717500360315,4.5845267515533433e-05,-3.9429162644323829e-06,-3.5090670665226118e-05
1,8000,18.600000000000001,5446323.1520665437,970624.37818387873,3175651.739124977,-165.01506197222042,524.01741909158159,122.50661228412278,-0.45647063995610665,0.26391201262229769,0.81900214648440273,-0.22631943908036634,4.584611228797637e-05,-4.5001004566235775e-06,-3.5090687638052454e-05
1,8000,18.800000000000001,5446290.1483361106,970729.18115749932,3175676.2403691779,-165.02224373916025,524.01231406792431,122.50582544492153,-0.4564722532210122,0.26390693792008063,0.81900225279654859,-0.22632171807221113,4.5846942719265865e-05,-5.0687367142738663e-06,-3.5090701916170943e-05
1,8000,19,5446257.1431684745,970833.98310829094,3175700.7414534409,-165.02943413345375,524.00719081692239,122.50501288195089,-0.45647381953403598,0.26390185019383866,0.81900238523533697,-0.22632401225478888,4.5847759870700443e-05,-5.6469657510023093e-06,-3.5090714259570723e-05
1,8000,19.199999999999999,5446224.1365618417,970938.78403261642,3175725.2423726092,-165.03663373573079,524.00204942478081,122.50417448768084,-0.45647533815773406,0.26389674924046636,0.8190025442118426,-0.22632632186430612,4.5848564656363332e-05,-6.233673136679844e-06,-3.5090725373547142e-05
1,8000,19.399999999999999,5446191.1285143252,971043.58392685745,3175749.743121508,-165.04384310309743,523.99688998439683,122.50331017159419,-0.45647680841977267,0.26389163487474965,0.81900273010085989,-0.22632864711602063,4.5849357655567388e-05,-6.8283883312143559e-06,-3.5090735783517309e-05
1,8000,19.600000000000001,5446158.1190239117,971148.38278741378,3175774.2436949438,-165.05106276999399,523.99171259503998,122.50241985947214,-0.4564782296656813,0.26388650691634918,0.81900294326722922,-0.22633098821944087,4.5850139034747003e-05,-7.4311398260466471e-06,-3.5090745774045415e-05
1,8000,19.800000000000001,5446125.1080884933,971253.18061070621,3175798.7440877138,-165.05829325106916,523.98651736177044,122.50150349161333,-0.45647960122423359,0.26388136518027666,0.81900318408512751,-0.22633334538945241,4.5850908563187084e-05,-8.0422952264715419e-06,-3.5090755385519311e-05
1,8000,20,5446092.0957058566,971357.97739317676,3175823.2442945996,-165.0655350451616,523.98130439473528,122.50056102049075,-0.45648092238576976,0.26387620947094304,0.8190034529501411,-0.22633571885327763,4.5851665693949277e-05,-8.6624085902108742e-06,-3.509076445342531e-05
1,8000,20.199999999999999,5446059.081873687,971462.7731312901,3175847.7443103776,-165.07278863961324,523.97607380845261,122.49959240827332,-0.45648219239222687,0.26387103957943314,0.81900375028481975,-0.22633810885367087,4.585240967999662e-05,-9.292090126969549e-06,-3.5090772672958213e-05
1,8000,20.399999999999999,5446026.0665895808,971567.56782153365,3175872.2441298175,-165.08005451432439,523.97082572116426,122.49859762452709,-0.45648341043667329,0.26386585528339218,0.8190040765389307,-0.22634051564905702,4.585313969979608e-05,-9.9319065591459543e-06,-3.5090779673583356e-05
1,8000,20.600000000000001,5445993.0498510329,971672.36146041995,3175896.7437476795,-165.08733314515729,523.96556025430993,122.49757664430676,-0.45648457566970835,0.26386065634879896,0.81900443218589158,-0.22634293951146969,4.5853854957223232e-05,-1.0582314601007791e-05,-3.5090785081895447e-05
1,8000,20.800000000000001,5445960.0316554438,971777.15404448553,3175921.243158727,-165.09462500648021,523.96027753214003,122.49652944673859,-0.45648568721006128,0.26385544253288862,0.81900481771686129,-0.22634538072313834,4.5854554756951129e-05,-1.1243625594561198e-05,-3.5090788571771058e-05
1,8000,21,5445927.0120001202,971881.9455702916,3175945.7423577118,-165.10193057280259,523.95497768147379,122.49545601411538,-0.45648674415701945,0.26385021358757482,0.81900523363381483,-0.22634783957249405,4.58552385431478e-05,-1.1915996393044846e-05,-3.509078989351347e-05
1,8000,21.199999999999999,5445893.990882271,971986.73603442544,3175970.2413393836,-165.10925031956464,523.94966083157942,122.49435633145828,-0.45648774560277605,0.26384496926284823,0.81900568044266153,-0.22635031635019889,4.5855905904416051e-05,-1.2599440028185607e-05,-3.5090788882495235e-05
1,8000,21.399999999999999,5445860.9682990173,972091.52543350006,3175994.7400984922,-165.11658472322549,523.94432711415618,122.49323038646166,-0.45648869064335423,0.26383970930977924,0.81900615864715798,-0.22635281134563695,4.5856556555574138e-05,-1.3293849314718771e-05,-3.5090785452708304e-05
1,8000,21.600000000000001,5445827.9442473743,972196.31376415503,3176019.2386297844,-165.12393426082969,523.93897666338592,122.49207816971689,-0.45648957838729387,0.26383443348290786,0.81900666874406824,-0.22635532484412235,4.585719030446843e-05,-1.3999027049872858e-05,-3.5090779579755958e-05
1,8000,21.800000000000001,5445794.9187242715,972301.10102305829,3176043.7369280076,-165.13129940923977,523.93360961602525,122.49089967511046,-0.45649040796178209,0.2638291415419291,0.81900721121974562,-0.22635785712492903,4.585780701149427e-05,-1.4714717525849675e-05,-3.5090771277786752e-05
1,8000,22,5445761.8917265395,972405.88720690412,3176068.2349879034,-165.13868064420737,523.92822611151439,122.48969490030092,-0.45649117851628218,0.26382383325269199,0.8190077865481119,-0.2263604084601242,4.5858406550799597e-05,-1.5440635439506418e-05,-3.5090760575944081e-05
1,8000,22.199999999999999,5445728.8632509094,972510.67231241486,3176092.7328042169,-165.14607843942227,523.92282629208148,122.48846384719849,-0.45649188922398065,0.26381850838759946,0.81900839518984891,-0.22636297911410211,4.5858988778161223e-05,-1.6176489687053458e-05,-3.5090747497647348e-05
1,8000,22.399999999999999,5445695.8332940256,972615.45633634273,3176117.2303716913,-165.15349326564629,523.9174103028264,122.48720652239014,-0.45649253928152966,0.26381316672553967,0.81900903759254229,-0.22636556934366447,4.5859553514364161e-05,-1.6922000835854221e-05,-3.5090732048379398e-05
1,8000,22.600000000000001,5445662.8018524349,972720.23927546793,3176141.7276850739,-165.16092558999259,523.91197829178088,122.48592293747843,-0.45649312790761487,0.26380780805149368,0.8190097141914775,-0.22636817939848033,4.586010053895847e-05,-1.7676912114596883e-05,-3.5090714209661313e-05
1,8000,22.800000000000001,5445629.7689225907,972825.02112660161,3176166.2247391152,-165.16837587538251,523.90653040993891,122.4846131093195,-0.45649365434085859,0.26380243215596189,0.81901042541080749,-0.22637080952175787,4.5860629587489217e-05,-1.8440994534012408e-05,-3.5090693935393893e-05
1,8000,23,5445596.7345008571,972929.80188658426,3176190.7215285692,-165.17584458018089,523.90106681125849,122.48327706015995,-0.45649411783750155,0.26379703883432637,0.8190111716648435,-0.22637345995098948,4.5861140364377517e-05,-1.9214047246980152e-05,-3.5090671157816915e-05
1,8000,23.199999999999999,5445563.6985834995,973034.58155228873,3176215.2180481935,-165.1833321579891,523.89558765263973,122.48191481768656,-0.45649451766919835,0.26379162788624544,0.81901195335928301,-0.22637613091865993,4.5861632554822609e-05,-1.9995894462074291e-05,-3.5090645793662366e-05
1,8000,23.399999999999999,5445530.6611667043,973139.36012061848,3176239.7142927512,-165.19083905756784,523.890093093887,122.48052641500517,-0.45649485312115867,0.26378619911514128,0.81901277089224378,-0.22637882265284454,4.5862105837004053e-05,-2.0786380251657161e-05,-3.5090617751090364e-05
1,8000,23.600000000000001,5445497.6222465588,973244.13758851029,3176264.2102570171,-165.19836572285033,523.8845832976541,122.47911189057075,-0.45649512349075755,0.26378075232781645,0.81901362465503835,-0.22638153537765698,4.5862559895513954e-05,-2.1585362443347085e-05,-3.5090586937782405e-05
1,8000,23.800000000000001,5445464.5818190705,973348.91395293269,3176288.7059357697,-165.20591259301062,523.8790584293871,122.47767128808852,-0.45649532808665111,0.26377528733420852,0.8190145150326662,-0.2263842693135352,4.5862994429517886e-05,-2.23927065423563e-05,-3.5090553266339865e-05
1,8000,24,5445431.5398801481,973453.68921088835,3176313.2013237975,-165.21348010255335,523.87351865726157,122.47620465640509,-0.45649546622836557,0.26376980394727523,0.81901544240404223,-0.22638702467737468,4.5863409159044195e-05,-2.3208280364908087e-05,-3.5090516658720517e-05
1,8000,24.199999999999999,5445398.496425624,973558.46335941332,3176337.6964159007,-165.22106868140222,523.86796415212382,122.47471204940076,-0.45649553724628306,0.26376430198298845,0.81901640714200385,-0.22638980168253489,4.5863803825528056e-05,-2.4031949788096907e-05,-3.5090477047350689e-05
1,8000,24.399999999999999,5445365.451451242,973663.23639557848,3176362.1912068892,-165.22867875496843,523.8623950874337,122.47319352589452,-0.45649554048192803,0.26375878126041119,0.81901740961315217,-0.22639260053874835,4.5864178192276561e-05,-2.4863575782278561e-05,-3.5090434376017636e-05
1,8000,24.600000000000001,5445332.4049526593,973768.00831648929,3176386.6856915867,-165.23631074418714,523.85681163921345,122.47164914956663,-0.45649547528844431,0.263753241601827,0.81901845017758379,-0.22639542145196884,4.5864532040663106e-05,-2.5703012691092573e-05,-3.5090388598155788e-05
1,8000,24.800000000000001,5445299.356925454,973872.77911928692,3176411.1798648294,-165.24396506552031,523.85121398600188,122.47007898890021,-0.4564953410311699,0.26374768283289879,0.81901952918857135,-0.22639826462418702,4.586486516452463e-05,-2.6550107603746241e-05,-3.5090339673839665e-05
1,8000,25,5445266.3073651176,973977.54880114866,3176435.6737214667,-165.25164213092719,523.84560230881232,122.46848311714024,-0.45649513708822748,0.26374210478282895,0.81902064699223476,-0.22640113025324127,4.5865177367363813e-05,-2.740470058540454e-05,-3.5090287568186445e-05
1,8000,25.199999999999999,5445233.2562670605,974082.31735928787,3176460.1672563655,-165.25934234780408,523.83997679109484,122.4668616122693,-0.4564948628510701,0.26373650728451153,0.81902180392723412,-0.22640401853264222,4.5865468457326196e-05,-2.8266625488688842e-05,-3.5090232248319857e-05
1,8000,25.399999999999999,5445200.2036266131,974187.0847909546,3176484.6604644074,-165.26706611890449,523.83433761870174,122.465214556993,-0.45649451772494803,0.26373089017465945,0.81902300032451125,-0.22640692965142364,4.5865738247384091e-05,-2.9135711102762376e-05,-3.5090173683296746e-05
1,8000,25.600000000000001,5445167.1494390182,974291.85109343741,3176509.1533404905,-165.27481384224444,523.82868497985419,122.46354203873341,-0.45649410112927152,0.2637252532939055,0.819024236507086,-0.22640986379402511,4.5865986550148027e-05,-3.0011782414161541e-05,-3.5090111840869774e-05
1,8000,25.800000000000001,5445134.0936994497,974396.61626406189,3176533.6458795303,-165.2825859109993,523.82301906510907,122.46184414962622,-0.45649361249787584,0.26371959648687565,0.81902551278990765,-0.226412821140207,4.5866213177978882e-05,-3.0894661805407554e-05,-3.5090046687227507e-05
1,8000,26,5445101.0364030041,974501.3803001917,3176558.1380764646,-165.29038271340167,523.81734006732574,122.46012098651663,-0.4564930512791916,0.26371391960223556,0.81902682947976113,-0.22641580186499627,4.5866417946036853e-05,-3.1784170089602958e-05,-3.5089978188566411e-05
1,8000,26.199999999999999,5445067.9775446914,974606.14319922973,3176582.629926248,-165.29820463264019,523.81164818163165,122.45837265095396,-0.45649241693634074,0.26370822249271864,0.81902818687521062,-0.22641880613865578,4.5866600671748267e-05,-3.2680127306015853e-05,-3.5089906310649361e-05
1,8000,26.399999999999999,5445034.917119449,974710.90495861822,3176607.1214238545,-165.30605204676431,523.80594360538771,122.45659924918306,-0.45649170894717606,0.26370250501513487,0.81902958526657865,-0.22642183412667125,4.5866761174851486e-05,-3.3582353256699051e-05,-3.508983101872788e-05
1,8000,26.600000000000001,5445001.8551221481,974815.66557583888,3176631.6125642853,-165.31392532859832,523.80022653815024,122.45480089212927,-0.45649092680428771,0.26369676703037453,0.8190310249359416,-0.22642488598975102,4.5866899280557421e-05,-3.449066781161289e-05,-3.5089752279282246e-05
1,8000,26.800000000000001,5444968.7915475741,974920.42504841427,3176656.1033425583,-165.32182484566221,523.79449718163312,122.45297769537983,-0.45649007001499275,0.26369100840340348,0.81903250615713574,-0.22642796188382888,4.5867014820879556e-05,-3.5404891011646147e-05,-3.5089670060867999e-05
1,8000,27,5444935.7263904419,975025.1833739063,3176680.5937537164,-165.32975096009989,523.78875573966809,122.45112977916109,-0.45648913810132169,0.26368522900325969,0.81903402919576307,-0.22643106196006949,4.5867107633818965e-05,-3.6324843016866431e-05,-3.5089584333665834e-05
1,8000,27.199999999999999,5444902.6596453935,975129.94054991822,3176705.0837928304,-165.33770402861487,523.78300241816419,122.44925726831084,-0.45648813060001486,0.26367942870305144,0.81903559430919437,-0.22643418636487078,4.5867177564635406e-05,-3.7250343960072803e-05,-3.5089495070238625e-05
1,8000,27.399999999999999,5444869.5913070086,975234.6965740954,3176729.5734549928,-165.34568440240992,523.77723742506498,122.44736029224876,-0.45648704706253118,0.26367360737995954,0.81903720174656325,-0.22643733523986073,4.5867224466498441e-05,-3.818121374851929e-05,-3.5089402245977042e-05
1,8000,27.600000000000001,5444836.5213697897,975339.45144412457,3176754.0627353243,-165.35369242713227,523.77146097030709,122.44543898494327,-0.45648588705507698,0.26366776491524452,0.81903885174874969,-0.22644050872189017,4.5867248200164583e-05,-3.9117271861873893e-05,-3.5089305838985284e-05
1,8000,27.800000000000001,5444803.4498281721,975444.20515773387,3176778.5516289729,-165.36172844281865,523.76567326577708,122.44349348487854,-0.45648465015864637,0.26366190119425731,0.81904054454835862,-0.22644370694301966,4.5867248631742378e-05,-4.0058337163195585e-05,-3.5089205828790239e-05
1,8000,28,5444770.3766765241,975548.95771269512,3176803.0401311149,-165.36979278384348,523.75987452526772,122.44152393501982,-0.45648333596907975,0.26365601610645512,0.8190422803696854,-0.22644693003050145,4.5867225636009984e-05,-4.100422775389024e-05,-3.5089102198248205e-05
1,8000,28.199999999999999,5444737.3019091506,975653.70910682285,3176827.5282369521,-165.37788577886701,523.75406496443588,122.43953048277832,-0.45648194409712955,0.26365010954541879,0.81904405942867975,-0.22645017810675966,4.586717909342607e-05,-4.1954760876199277e-05,-3.5088994931876761e-05
1,8000,28.399999999999999,5444704.225520283,975758.45933797432,3176852.0159417237,-165.38600775078228,523.74824480075745,122.43751327997657,-0.45648047416853338,0.2636441814088733,0.81904588193290528,-0.22645345128936706,4.5867108889526898e-05,-4.2909752861232285e-05,-3.5088884015450645e-05
1,8000,28.600000000000001,5444671.147504095,975863.20840405079,3176876.503240692,-165.39415901676588,523.74241425347122,122.43547248275796,-0.45647892580125626,0.26363823158552058,0.81904774810159831,-0.22645674967969354,4.5867014914699351e-05,-4.3869019015950371e-05,-3.5088769435886723e-05
1,8000,28.800000000000001,5444638.0678547015,975967.95630299812,3176900.9901291528,-165.402339888771,523.73657354346926,122.43340825127008,-0.45647729869688669,0.26363226000780665,0.81904965808522456,-0.22646007340819735,4.58668970642058e-05,-4.4832375056851001e-05,-3.5088651180973144e-05
1,8000,29,5444604.986566145,976072.7030328057,3176925.4766024398,-165.41055067112026,523.73072289355514,122.43132075087021,-0.45647559250356751,0.26362626657277627,0.81905161208613175,-0.2264634225664828,4.586675524619429e-05,-4.5799635807400482e-05,-3.5088529244374068e-05
1,8000,29.199999999999999,5444571.9036324164,976177.44859150785,3176949.962655914,-165.41879166314493,523.72486252804435,122.42921015065792,-0.45647380690756467,0.26362025119488874,0.81905361027800772,-0.22646679725253499,4.5866589367824297e-05,-4.6770613272963697e-05,-3.5088403617471869e-05
1,8000,29.399999999999999,5444538.8190474464,976282.19297718396,3176974.448284972,-165.42706315815155,523.71899267285323,122.42707662396562,-0.45647194161054522,0.26361421379286032,0.81905565282592174,-0.22647019755935777,4.5866399343309869e-05,-4.7745118941436674e-05,-3.5088274293895357e-05
1,8000,29.600000000000001,5444505.7328051021,976386.93618795963,3176998.9334850465,-165.43536544336712,523.71311355545606,122.42492034832469,-0.45646999632961416,0.26360815428967477,0.81905773988630326,-0.22647362357496215,4.5866185092429032e-05,-4.8722963918315892e-05,-3.5088141268684386e-05
1,8000,29.800000000000001,5444472.6448992016,976491.67822200421,3177023.4182516066,-165.44369879988676,523.70722540483916,122.42274150542889,-0.45646797079734164,0.26360207261259005,0.81905987160692828,-0.22647707538235856,4.5865946541149458e-05,-4.9703959018996582e-05,-3.5088004538605121e-05
1,8000,30,5444439.5553234965,976596.41907753481,3177047.9025801565,-165.45206350262407,523.70132845145895,122.42054028109781,-0.45646586476178486,0.26359596869314367,0.81906204812690442,-0.22648055305955028,4.5865683621220398e-05,-5.0687914825095456e-05,-3.5087864101966966e-05
1,500,0,5449387.1886701053,960873.98968958983,3173373.7226977898,-164.26000211708305,524.3764174302022,122.46902067237752,-0.45633719708098636,0.26438783688698342,0.81898292079183965,-0.22610265305333851,4.5787712080284339e-05,-4.460210700225898e-05,-3.5094609140643321e-05
1,500,0.20000000000000001,5449354.3357198257,960978.86459562054,3173398.216501323,-164.2694987135034,524.37264173938229,122.46901404551134,-0.45633555409447346,0.26438186638933725,0.81898484549310657,-0.2261059787940447,4.5786703267469919e-05,-4.4391351103831449e-05,-3.5094590051849408e-05
1,500,0.40000000000000002,5449321.4808714371,961083.73874582769,3173422.7103031506,-164.27898302389784,524.36885920965892,122.46900362570373,-0.45633394379707132,0.26437590496494412,0.8189867519283448,-0.22610929387895168,4.5785778902237477e-05,-4.3818084660468678e-05,-3.5094471130644371e-05
1,500,0.59999999999999998,5449288.6241275277,961188.61213885667,3173447.2041025665,-164.28845364119786,524.3650699812365,122.46899010936845,-0.45633239170961393,0.26436995967165855,0.8189886258729806,-0.22611259007511342,4.5784783824812233e-05,-4.2985521397040901e-05,-3.5094193690142504e-05
1,500,0.80000000000000004,5449255.7654910479,961293.48477339116,3173471.6978990645,-164.29790822019791,524.36127430809688,122.46897468116627,-0.45633091479753735,0.26436403521450152,0.81899045786920188,-0.22611586190345778,4.5783654445873916e-05,-4.1996963210773175e-05,-3.5093740582236057e-05
1,500,1,5449222.9049654892,961398.35664817027,3173496.1916924007,-164.30734402288664,524.35747247847303,122.46895871332586,-0.45632952197145993,0.26435813407620995,0.8189922429476888,-0.22611910648275033,4.5782394929358411e-05,-4.0944232128317849e-05,-3.5093127670626517e-05
1,500,1.2,5449190.0435299836,961503.22828202229,3173520.6864883616,-164.30981215974771,524.35846240372211,122.47746278026653,-0.45604906309704701,0.26427517672142836,0.81914945544414286,-0.22621240607607668,4.576451069331769e-05,-0.0065794203652849133,-3.5082020880195292e-05
1,500,1.3999999999999999,5449157.1791205145,961608.09977066424,3173545.1816408089,-164.34072624785182,524.3555626728986,122.47060682026404,-0.45530711074258978,0.26406471283994004,0.81956309096502,-0.2264544154302533,4.5733299260562339e-05,-0.011278114935746071,-3.5073957226215008e-05
1,500,1.6000000000000001,5449124.3042160179,961712.97011096089,3173569.6731200041,-164.41666657144353,524.34676682283123,122.4397621251758,-0.45425529495853006,0.26376846007969129,0.82014754291998671,-0.22679579870807953,4.571235866976055e-05,-0.014143688129823128,-3.5096509931495383e-05
1,500,1.8,5449091.4089748869,961817.83803890878,3173594.1557134059,-164.54453559727776,524.33142827561267,122.38157158576554,-0.45303584393038326,0.26342558060769633,0.82082277177356211,-0.2271903715691985,4.5712462697183721e-05,-0.015388485374860136,-3.5162081574429225e-05
1,500,2,5449058.4829786392,961922.70227056951,3173618.6239703917,-164.72357366184571,524.30993741886743,122.29680216644789,-0.45176843209895901,0.26306910045557763,0.82152200862872415,-0.22759947601646147,4.5727630472660012e-05,-0.015344957493928467,-3.52672035897419e-05
1,500,2.2000000000000002,5449025.5145948939,962027.56062366371,3173643.0708777071,-164.96146226680423,524.27369250377546,122.17195028105544,-0.45110394435087242,0.26287943580809425,0.82188806142332016,-0.22781494268401253,4.5771863159384245e-05,-0.0013052540814182678,-3.5416811356975313e-05
1,500,2.3999999999999999,5448992.499839073,962132.41205460229,3173667.4936666675,-165.17833841590411,524.24196069390564,122.06047892382939,-0.45146971225605337,0.26297526719233494,0.82168819410000449,-0.22770072340076111,4.5813149821217562e-05,0.0096249975962277214,-3.5561630984127856e-05
1,500,2.6000000000000001,5448959.4476093249,962237.25811169751,3173691.8975529182,-165.33062303092572,524.2206817231887,121.98589105744584,-0.45259326846486053,0.26328093957149451,0.82107086852503597,-0.22734359251623737,4.5779063533473258e-05,0.017131679376567222,-3.5623226607732762e-05
1,500,2.7999999999999998,5448926.3735428378,962342.10122278053,3173716.2913380265,-165.39416928505156,524.21274754530293,121.96071276373705,-0.45419513507862125,0.26371866356726437,0.82018685559292792,-0.22683202522967263,4.562911234343749e-05,0.021352126391633083,-3.5557141258462852e-05
1,500,3,5448893.2963907337,962446.94412405707,3173740.6853586654,-165.36140513967243,524.21844900113342,121.98810632087599,-0.45602132156952602,0.26421784396130843,0.81917392693310986,-0.22624668536667805,4.5367649224636448e-05,0.022737673620422623,-3.5358326372632658e-05
1,500,3.2000000000000002,5448860.2360466952,962551.78992805129,3173765.0908404221,-165.23060067934722,524.24096784754545,122.07265240342009,-0.45758503751334423,0.26464397755700891,0.81830249481651929,-0.22574438102370883,4.5023147251504629e-05,0.015380199130146694,-3.5046034199486663e-05
1,500,3.3999999999999999,5448827.2073917259,962656.64085972717,3173789.5160518675,-165.05097582088891,524.26875242343101,122.18180362743887,-0.45855470049874736,0.26490593092151971,0.81776053358320144,-0.22543323651765518,4.4669022305149483e-05,0.0083898057908472334,-3.46861523089654e-05
1,500,3.6000000000000001,5448794.2165492522,962761.49743325333,3173813.963897632,-164.85766849788294,524.29665252900884,122.29616291500292,-0.45899178144730779,0.26502099748828106,0.81751629930273217,-0.22529428716349861,4.4404114602987375e-05,0.0024550149520836386,-3.436620416898306e-05
1,500,3.7999999999999998,5448761.2634382974,962866.35928324226,3173838.4338944107,-164.67734278745098,524.32104011062131,122.40135913764666,-0.45900033877007496,0.26501798420083478,0.81751249662282732,-0.22529419638462594,4.4300507383324563e-05,-0.002050471825644468,-3.415233415357028e-05
1,500,4,5448728.3435575673,962971.22546896467,3173862.9232089464,-164.5275485055119,524.33976533772341,122.48822938676233,-0.45870305305782039,0.26493068918280221,0.81768033474219104,-0.22539323241938367,4.4387439153921981e-05,-0.0050250710832971087,-3.4078880980471843e-05
1,500,4.2000000000000002,5448695.44976494,963076.09475102159,3173887.4276600243,-164.41732542399137,524.35194810615553,122.55233635640109,-0.45822185575038299,0.26479265631485777,0.81795108265309435,-0.22555178221647354,4.4650320034970084e-05,-0.006573459302455122,-3.4147416997484621e-05
1,500,4.4000000000000004,5448662.5738476682,963180.96581751166,3173911.9425803456,-164.34862251387764,524.35769304331029,122.59308916071838,-0.45766422547851243,0.26463346135349852,0.81826421235695934,-0.22573494772645433,4.5040461250145259e-05,-0.0069337910842215212,-3.4332775826220991e-05
1,500,4.5999999999999996,5448629.7077612923,963285.83745055983,3173936.4634816665,-164.31812812465753,524.35778581653608,122.61268890528353,-0.45711515997271118,0.26447652289738621,0.8185720623825542,-0.22591520100693308,4.5490243200613917e-05,-0.0064102245803808414,-3.4592908373045345e-05
1,500,4.7999999999999998,5448596.8444902897,963390.70863350818,3173960.9865063638,-164.31917269829833,524.35340852927561,122.61507117016446,-0.45663409439268476,0.26433824783685156,0.81884151614750222,-0.22607336420280902,4.5929026304497744e-05,-0.0053180741380718863,-3.4879639793098481e-05
1,500,5,5448563.9785424015,963495.57860510296,3173985.5086775087,-164.34345851958753,524.34589680917236,122.6049643257405,-0.45625564267743973,0.26422821802790553,0.81905345142062247,-0.22619832236062315,4.6296441520660695e-05,-0.0039445033476969904,-3.5148129878871699e-05
1,500,5.2000000000000002,5448531.1061272267,963600.44687030138,3174010.0279783439,-164.38246731013629,524.33655033388004,122.5871334684454,-0.45599292642926215,0.26415009064251682,0.81920075113108748,-0.22628590324253511,4.6551197441662638e-05,-0.0025244997819151146,-3.5363712923686374e-05
1,500,5.4000000000000004,5448498.2250917768,963705.31317891122,3174034.543301885,-164.42848067126752,524.32650061558957,122.56583875471973,-0.45584233801995233,0.26410290052275459,0.81928556778269102,-0.2263373129357272,4.6674860507998171e-05,-0.0012300130330833135,-3.5505595957641397e-05
1,500,5.5999999999999996,5448465.3346909182,963810.17748336319,3174059.0543134976,-164.47521309331322,524.31663382277407,122.54450545561913,-0.45578877932689116,0.26408250117421406,0.81931638045242794,-0.22635743843666006,4.6671059953649786e-05,-0.00016931843451316208,-3.5567531251536171e-05
1,500,5.7999999999999998,5448432.4352667434,963915.03988602257,3174083.561266853,-164.51810108246636,524.30756183864821,122.52558114848981,-0.45581065611933469,0.26408294344274869,0.81930522668459105,-0.22635324225198727,4.6561212538348043e-05,0.00060646912301796495,-3.5556023382421619e-05
1,500,6,5448399.5278987773,964019.90058472834,3174108.0648069158,-164.5543169907138,524.29963164848766,122.51054234523647,-0.45588415076239014,0.26409765742151731,0.81926535107450438,-0.22633239484636422,4.637817809522035e-05,0.0010925628796912112,-3.548688572746312e-05
1,500,6.2000000000000002,5448366.6140725296,964124.75982308527,3174132.5657855691,-164.58258596523996,524.29296161471382,122.50000732325236,-0.45598651311073657,0.26412036355665841,0.81920939787025615,-0.22630222238604553,4.6159288449418237e-05,0.0013177548080758928,-3.5381040532206598e-05
1,500,6.4000000000000004,5448333.6953978362,964229.61784974695,3174157.0651069242,-164.60288296598557,524.28749320263501,122.49391248163482,-0.45609829025537907,0.26414569006352784,0.81914818378651066,-0.22626899267518624,4.5939995919069457e-05,0.0013316428993519374,-3.5260385610841385e-05
1,500,6.5999999999999996,5448300.7733940165,964334.47488872358,3174181.5636109686,-164.61607765232566,524.28304800964543,122.49171453891914,-0.45620455258892856,0.26416951239618014,0.81909001893876443,-0.22623752074400616,4.5749034487807499e-05,0.0011932016357449125,-3.5144366610306614e-05
1,500,6.7999999999999998,5448267.8493466685,964439.33112094342,3174206.0619977615,-164.62358126887941,524.27938210625928,122.4925886282427,-0.45629526625987171,0.26418905653067393,0.81904049628425113,-0.22621104713234708,4.5605559517896459e-05,0.000961552025878873,-3.5047645082010316e-05
1,500,7,5448234.924231505,964544.18667593144,3174230.5607889132,-164.62703408699147,524.27623224105287,122.49560126880164,-0.45636501336627766,0.26420282208035373,0.81900264196237493,-0.22619132573691683,4.5518314040423874e-05,0.0006893257086864154,-3.4978991990033149e-05
1,500,7.2000000000000002,5448201.9986946071,964649.04163165658,3174255.0603201194,-164.62805660709532,524.27335095865385,122.49984597315344,-0.45641227613293311,0.2642103850626355,0.8189773094175461,-0.22617885241420418,4.5486530009035003e-05,0.00041863195140773177,-3.4941310057386683e-05
1,500,7.4000000000000004,5448169.0730751753,964753.89602020977,3174279.5607566489,-164.62807409215063,524.27052982411624,122.50453695590976,-0.45643848951818283,0.26421213691912754,0.81896370461334134,-0.22617316931276327,4.5502054798489279e-05,0.00017934758761488316,-3.4932528554253442e-05
1,500,7.5999999999999996,5448136.1474560956,964858.74983699014,3174304.0621234253,-164.62821313844117,524.26761155747147,122.50906242657011,-0.45644703413611187,0.26420900702895722,0.81895994658520088,-0.22617318922074842,4.5552108415209434e-05,-1.0732960780189291e-05,-3.4947033572890422e-05
1,500,7.7999999999999998,5448103.2217285885,964963.60305136419,3174328.5643422203,-164.62926129460266,524.26449292173311,122.51300308487825,-0.45644229964669636,0.26420220454860788,0.81896358997042207,-0.22617749779244042,4.5622110291805472e-05,-0.00014443208159437492,-3.4977291006724537e-05
1,500,8,5448070.2956598382,965068.45561716252,3174353.0672696433,-164.63167622399882,524.26112072056344,122.51612374258751,-0.45642890360529059,0.26419300294053993,0.81897206130717648,-0.22618460590678308,4.5698132354115008e-05,-0.0002229487364862047,-3.5015370982026087e-05
1,500,8.1999999999999993,5448037.3689550813,965173.30748190486,3174377.570731598,-164.63562919158562,524.25748335041055,122.5183467378549,-0.45641110893206521,0.26418257908694448,0.81898298448144347,-0.22619313800431901,4.5768696661415242e-05,-0.00025331899273606928,-3.5054168223642332e-05
1,500,8.4000000000000004,5448004.4413087685,965278.15859406872,3174402.0745511986,-164.64106815188242,524.25360013698423,122.51971535687122,-0.45639244838264054,0.26417190935043383,0.81899439043564271,-0.22620195358218115,4.5825803407873516e-05,-0.00024595040353091521,-3.5088209777791329e-05
1,500,8.5999999999999996,5447971.5124422628,965383.00890816201,3174426.5785689955,-164.64778773446682,524.24951028491739,122.52035423117476,-0.45637553867254493,0.26416171787844983,0.81900482084671444,-0.22621020741489978,4.5865219374430672e-05,-0.00021248716110768879,-3.511403093569845e-05
1,500,8.8000000000000007,5447938.5821276912,965487.85838766873,3174451.0826554555,-164.6554962992146,524.24526278314886,122.52043201083723,-0.45636205056812651,0.26415246794302716,0.81901334469837284,-0.22621735938439252,4.5886160940556916e-05,-0.00016415094312888229,-3.5130169931007536e-05
1,500,9,5447905.6501992233,965592.70700614143,3174475.5867164917,-164.66387339004208,524.24090811561962,122.52012983372629,-0.45635279344440055,0.26414438493316761,0.81901951102233361,-0.22622314733136567,4.5890563480636096e-05,-0.00011060654417225187,-3.5136876314075853e-05
1,500,9.1999999999999993,5447872.716554217,965697.55474685167,3174500.09069343,-164.67261391309282,524.23649218265712,122.51961745094701,-0.45634787193003046,0.26413749934514041,0.81902326151437854,-0.22622753661519276,4.5882143271799507e-05,-5.9328067668616707e-05,-3.5135646635412921e-05
1,500,9.4000000000000004,5447839.7811469017,965802.40160145401,3174524.5945590404,-164.68145791020979,524.23205247700537,122.51903747878917,-0.45634687639158561,0.26413169922726581,0.81902482436361823,-0.22623065872490497,4.5865438000611273e-05,-1.5392336110897009e-05,-3.512869810235026e-05
1,500,9.5999999999999996,5447806.8439775445,965907.24756809976,3174549.0983111504,-164.69020673574951,524.22761629534318,122.51849720481295,-0.45634907623128768,0.26412678350622359,0.81902460656610054,-0.22623274894840359,4.5844969142702061e-05,1.8400384475380478e-05,-3.5118472140874281e-05
1,500,9.8000000000000007,5447773.9050795296,966012.09264935728,3174573.6019653203,-164.69872773309231,524.22320060220363,122.51806669620713,-0.45635359358009048,0.26412250998359416,0.81902309718252531,-0.22623409033133729,4.5824616270874915e-05,4.1185949836841781e-05,-3.5107232251888505e-05
1,500,10,5447740.9645064706,966116.93685023487,3174598.1055475916,-164.70695019019925,524.21881308839659,122.51778161363059,-0.45635954360013575,0.26411863416813691,0.81902078919493759,-0.22623496837742715,4.5807240033497422e-05,5.3577307461617268e-05,-3.5096790407423923e-05
1,500,10.199999999999999,5447708.022320685,966221.78017649648,3174622.6090881811,-164.71485552976429,524.21445396353261,122.51764906591276,-0.45636613529921277,0.26411493723202834,0.8190181233467515,-0.22623563846694802,4.5794545164609232e-05,5.7172145688900479e-05,-3.5088368680900418e-05
1,500,10.4,5447675.0785840703,966326.62263337593,3174647.1126164817,-164.72246448517578,524.21011807179525,122.51765497848815,-0.45637273292078989,0.26411124308445139,0.81901545393044728,-0.2262363059853538,4.5787142228476115e-05,5.4091744809884796e-05,-3.5082581311655991e-05
1,500,10.6,5447642.1333515979,966431.46422471642,3174671.6161575834,-164.72982356078376,524.20579700159033,122.51777171717546,-0.4563788823594962,0.26410742577329316,0.81901303405076886,-0.22623711773857025,4.5784748434435108e-05,4.6593582764922798e-05,-3.5079508589336363e-05
1,500,10.800000000000001,5447609.1866673511,966536.30495251075,3174696.1197302802,-164.73699249552445,524.20148095471563,122.51796504131622,-0.45638430968381216,0.26410340915934383,0.81901101642654217,-0.22623816237939406,4.5786462815480444e-05,3.6779831468361428e-05,-3.5078827851622694e-05
1,500,11,5447576.2385630999,966641.14481678384,3174720.6233463581,-164.74403384370837,524.19716023482954,122.5181998009577,-0.45638889993427384,0.26409916111384901,0.81900946518669948,-0.22623947721461221,4.579105694884181e-05,2.6406833829833116e-05,-3.5079967583301283e-05
1,500,11.199999999999999,5447543.2890584571,966745.98381572054,3174745.127010826,-164.75100523065726,524.19282629788461,122.51844410120782,-0.45639266422779795,0.26409468445762735,0.81900837418925376,-0.2262410588026724,4.5797235434599647e-05,1.6787909840974012e-05,-3.5082256168103854e-05
1,500,11.4,5447510.3381624604,966850.8219459668,3174769.6307228738,-164.75795438176814,524.18847237268983,122.51867190786753,-0.45639570220271553,0.26409000658877813,0.81900768794374135,-0.2262428750698609,4.5803836521100404e-05,8.7735969537431397e-06,-3.5085045037149608e-05
1,500,11.6,5447477.385875795,966955.65920301608,3174794.1344771986,-164.76491668520083,524.18409370555025,122.51886425024216,-0.45639816534187788,0.2640851693348481,0.81900732204996762,-0.2262448771541429,4.5809959913004032e-05,2.7893232446657664e-06,-3.5087795183910381e-05
1,500,11.800000000000001,5447444.4321933687,967060.49558161036,3174818.6382654053,-164.77191483377439,524.17968750951036,122.51900928924319,-0.45640022502397998,0.26408022010017085,0.81900718100533398,-0.22624700972963663,4.5815022731296047e-05,-1.0901794525587217e-06,-3.5090124288561943e-05
1,500,12,5447411.4771067053,967165.33107611176,3174843.1420773887,-164.77895998948944,524.17525270866918,122.51910156885927,-0.4564020475193255,0.26407520492741066,0.81900717214370489,-0.22624921909232149,4.5818754844150084e-05,-3.0485909082783075e-06,-3.5091818248648295e-05
1,500,12.199999999999999,5447378.5206061043,967270.16568080394,3174867.6459024879,-164.78605390348227,524.17078956494697,122.51914076911187,-0.45640377673328869,0.26407016370083097,0.81900721525674269,-0.226251458744474,4.5821150610990273e-05,-3.4333001193446479e-06,-3.5092815116429285e-05
1,500,12.4,5447345.5626822272,967374.99939012644,3174892.1497303755,-164.79319148012962,524.16629926278415,122.51913024305004,-0.45640552440353332,0.26406512741397453,0.81900724806069169,-0.22625369257059641,4.5822395897049162e-05,-2.6695733772034092e-06,-3.5093171362035358e-05
1,500,12.6,5447312.6033272222,967479.83219881181,3174916.6535516391,-164.80036337107492,524.16178351026019,122.51907556337902,-0.45640736670772525,0.26406011721563116,0.81900722808967841,-0.22625589594052289,4.5822787669579378e-05,-1.1906473884639488e-06,-3.5093020251297368e-05
1,500,12.800000000000001,5447279.642535341,967584.6641019613,3174941.1573580923,-164.80755830049804,524.15724419651269,122.51898323847873,-0.45640934582107434,0.26405514483102005,0.81900713182948892,-0.22625805521104017,4.5822659935731424e-05,6.1300523626753095e-07,-3.5092530652977488e-05
1,500,13,5447246.6803031238,967689.49509504216,3174965.6611428559,-164.81476493871813,524.15268312760986,122.51885969277438,-0.45641147482882266,0.26405021391674538,0.81900695198075868,-0.2262601661412971,4.5822325026531374e-05,2.4250678915917622e-06,-3.5091872203730687e-05
1,500,13.199999999999999,5447213.7166292612,967794.32517386496,3174990.1649002652,-164.8219732442503,524.14810184788394,122.51871054959516,-0.45641374448152849,0.26404532193017188,0.81900669369445378,-0.2262622317109533,4.5822034553691352e-05,4.0174711911466513e-06,-3.5091190206361031e-05
1,500,13.4,5447180.7515142476,967899.1543345137,3175014.6686256658,-164.82917527678472,524.14350154218994,122.5185402098972,-0.45641613050904184,0.26404046215649529,0.81900637049547165,-0.22626425975653294,4.5821960261791822e-05,5.2505737747327615e-06,-3.5090591247013077e-05
1,500,13.6,5447147.7849599347,968003.98257326731,3175039.1723151389,-164.83636554200785,524.13888300680026,122.51835168904387,-0.45641860051518862,0.26403562562143174,0.81900600043957783,-0.22626626074256473,4.5822191997025696e-05,6.0634050623497647e-06,-3.5090138642776612e-05
1,500,13.800000000000001,5447114.8169690259,968108.80988653039,3175063.6759652416,-164.84354096406409,524.13424667249842,122.51814665582978,-0.45642111980280042,0.26403080270826151,0.81900560286630897,-0.2262682458781671,4.5822748264592773e-05,6.4579130946909823e-06,-3.5089855616242322e-05
1,500,14,5447081.8475446114,968213.63627076044,3175088.1795727438,-164.85070059556878,524.12959266231292,122.51792561135214,-0.45642365578493965,0.26402598438303337,0.81900519593979593,-0.22627022569065011,4.582359427242772e-05,6.4806990185093464e-06,-3.5089733541724252e-05
1,500,14.199999999999999,5447048.8766897945,968318.46172241156,3175112.6831343975,-164.85784517290355,524.12492086750967,122.51768814759762,-0.45642618089500142,0.26402116300319545,0.81900479502628309,-0.22627220908454393,4.5824662624960239e-05,6.2050015047792748e-06,-3.5089742563387402e-05
1,500,14.4,5447015.9044074174,968423.28623790492,3175137.1866468373,-164.86497661089231,524.1202310280961,122.51743323396276,-0.45642867410121685,0.26401633273864522,0.81900441184961148,-0.22627420285201336,4.5825872857955425e-05,5.7148733791732176e-06,-3.5089842324242605e-05
1,500,14.6,5446982.9306998514,968528.10981359868,3175161.6901064347,-164.87209751074019,524.11552280755063,122.51715949165894,-0.45643112125678448,0.26401148966927235,0.81900405429582257,-0.22627621155988031,4.5827147233408164e-05,5.0926902703770559e-06,-3.5089991156332731e-05
1,500,14.800000000000001,5446949.9555689255,968632.93244578002,3175186.1935092737,-164.87921073241918,524.11079585507639,122.51686542881332,-0.45643351458065012,0.26400663164090715,0.81900372670245425,-0.22627823771779162,4.5828421494569555e-05,4.4104315113406714e-06,-3.5090152776893713e-05
1,500,15,5446916.9790158868,968737.75413067045,3175210.696851152,-164.88631906079996,524.10604985199916,122.51654962125968,-0.4564358515764585,0.26400175796514097,0.81900343046110047,-0.22628028212802356,4.5829650442196738e-05,3.7246254553536303e-06,-3.5090300204987379e-05
1,500,15.199999999999999,5446884.0010414608,968842.57486443548,3175235.2001275909,-164.89342497594558,524.10128454167273,122.51621083440205,-0.45643813367172337,0.26399686904143566,0.81900316477599067,-0.22628234432563377,4.5830808973920906e-05,3.0744726816476252e-06,-3.5090417095258591e-05
1,500,15.4,5446851.0216459185,968947.39464318997,3175259.7033338905,-164.90053052333428,524.09649974427123,122.5158480894415,-0.45644036480962108,0.26399196596614427,0.81900292744901571,-0.22628442303378393,4.5831889770995613e-05,2.4824449245639855e-06,-3.5090497046429668e-05
1,500,15.6,5446818.0408291696,969052.21346302761,3175284.2064651842,-164.90763726983846,524.09169535916158,122.51546068253371,-0.456442550164392,0.26398705017598462,0.81900271559585314,-0.22628651657893042,4.5832898952048133e-05,1.9565823219501217e-06,-3.5090541574186509e-05
1,500,15.800000000000001,5446785.0585908536,969157.03132002696,3175308.7095164894,-164.91474632575796,524.08687135814125,122.51504816824439,-0.45644469508846852,0.26398212315597841,0.81900252623291636,-0.22628862323094878,4.5833850976047569e-05,1.4937448191228685e-06,-3.5090557463995272e-05
1,500,16,5446752.0749304341,969261.84821026586,3175333.2124827555,-164.92185841148157,524.08202777292547,122.51461031940161,-0.45644680434252538,0.26397718622606542,0.81900235670656663,-0.22629074145168965,4.5834763759329722e-05,1.0831804791876941e-06,-3.5090554074010974e-05
1,500,16.199999999999999,5446719.0898472639,969366.66412983509,3175357.7153589367,-164.92897394850672,524.07716467992338,122.51414707460629,-0.45644888161333375,0.26397224040768691,0.81900220496187615,-0.22629287005044649,4.5835654745631956e-05,7.0992091081242679e-07,-3.5090541050604748e-05
1,500,16.399999999999999,5446686.1033406174,969471.47907484567,3175382.2181399129,-164.93609315764084,524.07228218478599,122.51365848281512,-0.45645092929074893,0.26396728636231309,0.81900206966691913,-0.22629500825566445,4.5836538217803997e-05,3.5767393110593393e-07,-3.509052667116413e-05
1,500,16.600000000000001,5446653.1154097514,969576.29304142587,3175406.7208206477,-164.94321615134405,524.06738040851474,122.51314465202816,-0.45645294845442391,0.26396232438813599,0.81900195022014688,-0.22629715571891632,4.5837423939239306e-05,1.1034407034127542e-08,-3.5090516911437242e-05
1,500,16.800000000000001,5446620.1260538986,969681.1060257327,3175431.2233960973,-164.95034301155604,524.0624594762337,122.51260570664023,-0.45645493901158418,0.26395735445860019,0.8190018466735518,-0.22629931247014379,4.5838316907941957e-05,-3.4303814788324518e-07,-3.5090515151827308e-05
1,500,17,5446587.1352722831,969785.91802394681,3175455.7258612607,-164.95747384846777,524.05751950911599,122.51204175574034,-0.45645689992715438,0.26395237628643814,0.81900175960435839,-0.22630147884315574,4.5839217954960455e-05,-7.1442995455417672e-07,-3.5090522394725579e-05
1,500,17.199999999999999,5446554.1430640854,969890.72903227282,3175480.2282111384,-164.9646088391209,524.05256061945749,122.51145287276141,-0.45645882949405081,0.26394738939873252,0.81900168996433109,-0.22630365538825217,4.5840124823991951e-05,-1.1096621462411702e-06,-3.5090537797981764e-05
1,500,17.399999999999999,5446521.1494284552,969995.53904693807,3175504.7304407516,-164.97174824730303,524.04758290854409,122.51083908549944,-0.45646072560193141,0.26394239321143276,0.81900163892995625,-0.22630584278543375,4.5841033439935659e-05,-1.532116225029309e-06,-3.5090559359263102e-05
1,500,17.600000000000001,5446488.1543644676,970100.34806418524,3175529.2325451141,-164.97889242786985,524.04258646675248,122.5102003746435,-0.45646258597484729,0.26393738709515563,0.81900160776996911,-0.22630804176772612,4.5841939073302711e-05,-1.9825454072571123e-06,-3.5090584577709723e-05
1,500,17.800000000000001,5446455.1578711327,970205.1560802788,3175553.7345192372,-164.98604181946985,524.03757137522473,122.50953667853986,-0.45646440836018137,0.26393237042742201,0.81900159774004277,-0.22631025306028191,4.5842837272981184e-05,-2.4597326965442783e-06,-3.5090611008640687e-05
1,500,18,5446422.1599473618,970309.96309149533,3175578.2363581117,-164.99319692979873,524.03253770847346,122.5088479018706,-0.45646619066175959,0.26392734262937967,0.81900161000860494,-0.22631247733752838,4.5843724469139594e-05,-2.9611800396814349e-06,-3.5090636643672267e-05
1,500,18.199999999999999,5446389.1605919432,970414.76909412642,3175602.7380567156,-165.00035831716519,524.0274855373699,122.50813392615835,-0.45646793101830141,0.2639223031873808,0.81900164561312383,-0.22631471519796184,4.5844598247371946e-05,-3.4837426423432903e-06,-3.5090660105815906e-05
1,500,18.399999999999999,5446356.159803574,970519.5740844789,3175627.2396099921,-165.00752657147493,524.02241493205418,122.50739462039478,-0.45646962783413592,0.2639172516613516,0.81900170544300344,-0.22631696715433439,4.5845457342574868e-05,-4.0241533095824202e-06,-3.509068067885763e-05
1,500,18.600000000000001,5446323.157580818,970624.37805887347,3175651.7410128624,-165.01470229691631,524.01732596447289,122.50662985057754,-0.45647127977247659,0.26391218768282282,0.81900179024334474,-0.22631923363589879,4.5846301453186979e-05,-4.5794097846976685e-06,-3.5090698224181859e-05
1,500,18.800000000000001,5446290.1539221201,970729.18101364491,3175676.2422602251,-165.02188609777778,524.01221871036125,122.50583948739958,-0.45647288572275496,0.26390711094581859,0.81900190063316258,-0.22632151499899308,4.5847130939422435e-05,-5.1470211155874797e-06,-3.5090713019705688e-05
1,500,19,5446257.1488258038,970833.98294514383,3175700.7433469468,-165.02907856807772,524.00709325060313,122.50502341176457,-0.4564744447531271,0.26390202119367956,0.81900203713186448,-0.2263238115423811,4.5847946499298659e-05,-5.7251259760022174e-06,-3.5090725575413118e-05
1,500,19.199999999999999,5446224.1422900762,970938.78384973761,3175725.2442678711,-165.03628028505676,524.00194967200275,122.50418151813921,-0.45647595605773694,0.26389691820446548,0.819002200188645,-0.2263261235242616,4.5848748879394896e-05,-6.3125064647047126e-06,-3.509073646080791e-05
1,500,19.399999999999999,5446191.1343130395,971043.58372381038,3175749.745017828,-165.04349180614582,523.9967880675315,122.50331371598325,-0.45647741890613874,0.26389180177698623,0.81900239021067545,-0.22632845117856076,4.5849538667369723e-05,-6.9085258400664876e-06,-3.5090746174361168e-05
1,500,19.600000000000001,5446158.1248926669,971148.38256376795,3175774.2455916293,-165.05071366873452,523.99160853618662,122.50241992965699,-0.45647883259993605,0.26388667171884128,0.81900260758726662,-0.22633079472888828,4.5850316158771963e-05,-7.5130189640955246e-06,-3.5090755054292206e-05
1,500,19.800000000000001,5446125.1140268482,971253.18036603613,3175798.7459840691,-165.0579463919573,523.98641118257694,122.50150009724851,-0.45648019643943144,0.26388152783723678,0.81900285270845241,-0.22633315439926335,4.5851081334650073e-05,-8.1261612712990882e-06,-3.5090763253934079e-05
1,500,20,5446092.1017133556,971357.97712706064,3175823.2461899323,-165.06519047970485,523.98119611636002,122.50055416876505,-0.45648150970115309,0.26387636993280539,0.81900312597751102,-0.22633553042133428,4.5851833881246929e-05,-8.7483370616979173e-06,-3.5090770744704439e-05
1,500,20.199999999999999,5446059.0879498692,971462.77284331038,3175847.7462039958,-165.07244642416396,523.97596345163549,122.49958210407144,-0.45648277162567052,0.26387119779627055,0.81900342781774904,-0.22633792303828484,4.5852573259587153e-05,-9.3800220284566836e-06,-3.5090777351230645e-05
1,500,20.399999999999999,5446026.0727339368,971567.56751127634,3175872.2460210305,-165.07971470933003,523.97071330636516,122.4985838708815,-0.45648398141412855,0.2638660112075048,0.81900375867443209,-0.22634033250594016,4.5853298800955424e-05,-1.0021689060772013e-05,-3.5090782805042858e-05
1,500,20.600000000000001,5445993.0560631016,971672.36112747516,3175896.7456358005,-165.08699581409692,523.96544580188436,122.49755944300588,-0.45648513823140119,0.26386080993641409,0.81900411901302117,-0.22634275909174373,4.585400981226981e-05,-1.0673741179637778e-05,-3.5090786807239036e-05
1,500,20.800000000000001,5445960.0379347252,971777.15368844732,3175921.2450430626,-165.09429021468773,523.96016106251955,122.49650879898543,-0.45648624121363268,0.26385559374501938,0.81900450931497193,-0.22634520307233066,4.5854705634104348e-05,-1.1336471311044794e-05,-3.5090789066446478e-05
1,500,21,5445927.0183461001,971881.94519075914,3175945.744237572,-165.10159838633334,523.95485921533054,122.49543192115034,-0.45648728947807676,0.26385036239016996,0.8190049300722485,-0.22634766473035639,4.5855385689380838e-05,-1.201004566421252e-05,-3.5090789331560371e-05
1,500,21.199999999999999,5445893.997294425,971986.73563100176,3175970.2432140806,-165.10892080422462,523.9495403899615,122.49432879508333,-0.45648828213350562,0.2638451156264115,0.81900538178152305,-0.22635014435115422,4.5856049505812789e-05,-1.2694505843445496e-05,-3.5090787409459424e-05
1,500,21.399999999999999,5445860.9747768026,972091.52500579448,3175994.7419673433,-165.11625794382118,523.94420471858325,122.49319940943583,-0.45648921828986427,0.26383985320864517,0.81900586493879379,-0.22635264221962995,4.5856696718438275e-05,-1.3389784069065658e-05,-3.5090783170371346e-05
1,500,21.600000000000001,5445827.9507902367,972196.31331177743,3176019.2404920962,-165.12361028066329,523.93885233590481,122.4920437560133,-0.4564900970663362,0.2638345748943412,0.81900638003489257,-0.22635515861766989,4.5857327050925064e-05,-1.4095726046992694e-05,-3.5090776539817743e-05
1,500,21.800000000000001,5445794.9253316466,972301.1005456245,3176043.7387830922,-165.1309782898378,523.93348337923294,122.49086183004408,-0.45649091759738214,0.26382928044520271,0.81900692755211857,-0.22635769382220092,4.5857940296472627e-05,-1.4812116741754889e-05,-3.5090767488914189e-05
1,500,22,5445761.8983978461,972405.88670403382,3176068.2368350774,-165.13836244524822,523.92809798855194,122.48965363054621,-0.45649167903668236,0.26382396962824856,0.81900750796204147,-0.22636024810392474,4.585853627958522e-05,-1.5538705355621319e-05,-3.5090756012491851e-05
1,500,22.199999999999999,5445728.8699855581,972510.67178373341,3176092.7346427925,-165.14576321881754,523.92269630660485,122.4884191607256,-0.45649238055915431,0.26381864221636797,0.81900812172437554,-0.2263628217266675,4.5859114832121374e-05,-1.6275226940712437e-05,-3.5090742114135292e-05
1,500,22.399999999999999,5445695.8400914129,972615.4557814803,3176117.23220099,-165.15318107972197,523.91727847896743,122.48715842834781,-0.4564930213613877,0.26381329798844272,0.81900876928673749,-0.22636541494724083,4.5859675773466309e-05,-1.702141921250814e-05,-3.5090725793164336e-05
1,500,22.600000000000001,5445662.8087119516,972720.23869405838,3176141.7295044148,-165.16061649372242,523.9118446541014,122.48587144605138,-0.45649360066091987,0.26380793672914704,0.81900945108504986,-0.2263680280156726,4.5860218896767342e-05,-1.7777034058915159e-05,-3.5090707034833212e-05
1,500,22.800000000000001,5445629.7758436138,972825.02051828173,3176166.2265478191,-165.16806992263324,523.90639498338555,122.48455823158206,-0.45649411769477921,0.26380255822854803,0.81901016754435074,-0.22637066117567731,4.5860743962963688e-05,-1.854184398802192e-05,-3.5090685805085313e-05
1,500,23,5445596.7414827542,972929.80125100201,3176190.7233259589,-165.1755418239355,523.90092962112215,122.48321880794401,-0.45649457171767799,0.26379716228161215,0.81901091907980017,-0.22637331466523111,4.5861250705079255e-05,-1.931564424703071e-05,-3.509066205154111e-05
1,500,23.199999999999999,5445563.7056256309,973034.58088909334,3176215.2198336078,-165.1830326505324,523.89544872452404,122.48185320347227,-0.45649496200018341,0.26379174868770089,0.81901170609769802,-0.22637598871716519,4.5861738836574807e-05,-2.0098251631273523e-05,-3.5090635707322406e-05
1,500,23.399999999999999,5445530.6682684068,973139.35942946607,3176239.7160655069,-165.19054285061773,523.88995245368324,122.4804614518427,-0.45649528782707571,0.2637863172501167,0.81901252899639965,-0.22637868355968879,4.5862208058922402e-05,-2.0889501050715684e-05,-3.5090606695053182e-05
1,500,23.600000000000001,5445497.6294071702,973244.13686905999,3176264.2120164484,-165.19807286763586,523.88444097152546,122.4790435920316,-0.45649554849605284,0.2637808677757506,0.81901338816703495,-0.2263813994168104,4.5862658068951466e-05,-2.1689240895843101e-05,-3.5090574930852585e-05
1,500,23.800000000000001,5445464.5890379092,973348.91320485109,3176288.7076812102,-165.20562314030411,523.87891444375805,122.47759966824206,-0.45649574331682652,0.26377540007482758,0.81901428399401333,-0.22638413650862665,4.5863088578563285e-05,-2.2497328078515759e-05,-3.5090540336157997e-05
1,500,24,5445431.5471565397,973453.68843384541,3176313.2030545836,-165.2131941026621,523.87337303881691,122.47612972981766,-0.4564958716106175,0.26376991396077026,0.81901521685530243,-0.22638689505148565,4.5863499306987708e-05,-2.3313623376197784e-05,-3.5090502833824435e-05
1,500,24.199999999999999,5445398.5037588645,973558.46255308553,3176337.6981313718,-165.22078618413002,523.86781692780733,122.47463383115038,-0.45649593271000782,0.26376440925015487,0.81901618712251179,-0.22638967525803771,4.5863889991931604e-05,-2.4137987530813928e-05,-3.5090462355050572e-05
1,500,24.399999999999999,5445365.4588406291,973663.23555964732,3176362.1929063881,-165.22839980956036,523.86224628445189,122.47311203159411,-0.45649592595906707,0.26375888576274437,0.8190171951608205,-0.22639247733719392,4.586426039049105e-05,-2.497027831916211e-05,-3.5090418840499316e-05
1,500,24.600000000000001,5445332.4123974806,973768.0074506423,3176386.6873744614,-165.2360353992664,523.85666128503783,122.47156439539161,-0.45649585071368431,0.26375334332157796,0.81901824132879375,-0.22639530149402265,4.586461027259287e-05,-2.5810348650108155e-05,-3.5090372236981979e-05
1,500,24.800000000000001,5445299.3644249821,973872.77822321537,3176411.1815304291,-165.2436933690241,523.85106210837057,122.46999099161472,-0.45649570634200809,0.26374778175309455,0.81901932597813443,-0.22639814792960591,4.5864939426336384e-05,-2.6658045605411904e-05,-3.5090322500766819e-05
1,500,25,5445266.3149186186,973977.5478745515,3176435.6753691346,-165.25137413004998,523.84544893573354,122.46839189412046,-0.45649549222493901,0.26374220088726302,0.81902044945341079,-0.22640101684088451,4.5865247651371255e-05,-2.7513210266457009e-05,-3.5090269594086893e-05
1,500,25.199999999999999,5445233.2638737857,974082.31640186976,3176460.1688854713,-165.25907808895244,523.83982195084559,122.46676718151866,-0.4564952077566069,0.26373660055771664,0.81902161209178825,-0.22640390842050401,4.5865534749976791e-05,-2.8375678131860024e-05,-3.5090213479900049e-05
1,500,25.399999999999999,5445200.2112858221,974187.08380242484,3176484.6620743098,-165.26680564766252,523.83418133982525,122.46511693715161,-0.45649485234479714,0.26373098060186928,0.81902281422279255,-0.2264068228566784,4.5865800534306632e-05,-2.9245279906050058e-05,-3.5090154125865775e-05
1,500,25.600000000000001,5445167.157149937,974291.8500735095,3176509.1549305501,-165.27455720334731,523.82852729115461,122.46344124908367,-0.45649442541130364,0.26372534086101201,0.81902405616811147,-0.22640976033307603,4.5866044815299113e-05,-3.0121842451513577e-05,-3.5090091497950693e-05
1,500,25.800000000000001,5445134.101461309,974396.61521245691,3176533.6474491176,-165.28233314832107,523.8228599956484,122.46174021008932,-0.45649392639220454,0.26371968118039169,0.81902533824144108,-0.22641272102873167,4.5866267409218843e-05,-3.1005189789166193e-05,-3.5090025563818733e-05
1,500,26,5445101.0442150272,974501.3792166377,3176558.13962495,-165.29013386995143,523.81717964641473,122.46001391764601,-0.45649335473805708,0.26371400140926082,0.81902666074837704,-0.22641570511798417,4.5866468128721311e-05,-3.1895144011011007e-05,-3.5089956287591502e-05
1,500,26.199999999999999,5445067.9854060905,974606.1420834593,3176582.6314530089,-165.2979597505603,523.81148643882284,122.4582624739264,-0.45649270991402052,0.26370830140091622,0.81902802398634433,-0.2264187127704369,4.5866646801324134e-05,-3.2791526023658312e-05,-3.5089883640249224e-05
1,500,26.399999999999999,5445034.9250294277,974710.9038103699,3176607.1229282701,-165.30581116733444,523.80578057046762,122.45648598578748,-0.45649199139993346,0.26370258101271576,0.81902942824455605,-0.22642174415093388,4.5866803247849194e-05,-3.3694156091915461e-05,-3.5089807587368021e-05
1,500,26.600000000000001,5445001.8630799027,974815.66439485771,3176631.6140457406,-165.31368849223975,523.8000622411314,122.45468456475443,-0.45649119869034693,0.2636968401060904,0.81903087380399153,-0.22642479941954965,4.5866937303431841e-05,-3.460285420123609e-05,-3.5089728100922939e-05
1,500,26.800000000000001,5444968.799552286,974920.42383445008,3176656.104800452,-165.32159209194228,523.79433165274725,122.45285832700375,-0.45649033129454242,0.26369107854654705,0.81903236093738896,-0.22642787873158335,4.5867048794840679e-05,-3.5517440234706747e-05,-3.5089645146387819e-05
1,500,27,5444935.7344412915,975025.18212671508,3176680.5951874331,-165.32952232773346,523.78858900935745,122.45100739334119,-0.45648938873653594,0.26368529620367093,0.81903388990923964,-0.22643098223755848,4.5867137559734782e-05,-3.6437734004715946e-05,-3.5089558693434244e-05
1,500,27.199999999999999,5444902.6677415539,975129.93926926283,3176705.0852017696,-165.3374795554667,523.78283451707364,122.44913188917373,-0.45648837055508418,0.26367949295112719,0.81903546097578728,-0.22643411008322128,4.5867203448605557e-05,-3.7363555200078831e-05,-3.5089468717330271e-05
1,500,27.399999999999999,5444869.5994476434,975234.69525974535,3176729.5748385615,-165.34546412549207,523.77706838403537,122.44723194448187,-0.45648727630370373,0.26367366866666286,0.81903707438501461,-0.22643726240953543,4.586724631509322e-05,-3.8294723258671754e-05,-3.5089375193545797e-05
1,500,27.600000000000001,5444836.5295540579,975339.45009585482,3176754.0640929304,-165.35347638260041,523.77129082037175,122.44530769378899,-0.45648610555069508,0.26366782323211446,0.819038730376632,-0.22644043935267583,4.5867266018930909e-05,-3.9231057217694522e-05,-3.5089278099361914e-05
1,500,27.800000000000001,5444803.4580552243,975444.20377532754,3176778.5529600284,-165.36151666596686,523.76550203815009,122.44335927612811,-0.4564848578791818,0.26366195653342106,0.81904042918205266,-0.22644364104401549,4.5867262425598436e-05,-4.0172375567935584e-05,-3.5089177413551598e-05
1,500,28,5444770.3849454997,975548.95629593858,3176803.0414350396,-165.36958530909632,523.75970225134222,122.44138683500844,-0.45648353288716059,0.26365606846063389,0.81904217102436616,-0.22644686761011057,4.5867235412167604e-05,-4.1118496122569291e-05,-3.5089073119957052e-05
1,500,28.199999999999999,5444737.3102191845,975653.70765550889,3176827.5295131719,-165.37768263977154,523.75389167577669,122.43939051838058,-0.45648213018756256,0.26365015890793442,0.81904395611830538,-0.22645011917268193,4.5867184854683034e-05,-4.2069235928368808e-05,-3.5088965200181024e-05
1,500,28.399999999999999,5444704.2338705109,975758.45785190398,3176852.0171896666,-165.38580898000248,523.74807052909387,122.43737047860117,-0.45648064940831767,0.26364422777365226,0.81904578467020683,-0.22645339584859475,4.5867110642290224e-05,-4.3024411214639597e-05,-3.5088853641592323e-05
1,500,28.600000000000001,5444671.1558936452,975863.20688303025,3176876.5044597941,-165.39396464597039,523.74223903070651,122.43532687239835,-0.4564790901924225,0.26363827496028264,0.81904765687797643,-0.22645669774983748,4.5867012669372482e-05,-4.3983837372233892e-05,-3.5088738432992989e-05
1,500,28.800000000000001,5444638.076282707,975967.95474683994,3176900.9913188564,-165.40214994798259,523.73639740175247,122.43325986083455,-0.45647745219800884,0.26363230037450358,0.81904957293104952,-0.22646002498350065,4.5866890843152085e-05,-4.4947328983495124e-05,-3.5088619568949564e-05
1,500,29,5444604.995031693,976072.70144133107,3176925.4777621888,-165.4103651904087,523.7305458650535,122.43116960927595,-0.45647573509840966,0.26362630392719794,0.81905153301035316,-0.22646337765175625,4.586674505587529e-05,-4.591469982894174e-05,-3.508849703382853e-05
1,500,29.199999999999999,5444571.9121346101,976177.44696454157,3176949.9637851636,-165.41861067163967,523.72468464507153,122.42905628735193,-0.45647393858222102,0.26362028553346628,0.81905353728827313,-0.22646675585183812,4.5866575214224265e-05,-4.6885762966169927e-05,-3.5088370818189319e-05
1,500,29.399999999999999,5444538.8275853861,976282.1913145585,3176974.4493831801,-165.42688668403488,523.71881396786046,122.42692006891912,-0.45647206235335941,0.26361424511264597,0.81905558592862104,-0.22647015967602449,4.586638123118285e-05,-4.7860330802531498e-05,-3.5088240914348136e-05
1,500,29.600000000000001,5444505.7413778771,976386.93448951258,3176998.9345516749,-165.43519351387033,523.71293406102791,122.42476113202594,-0.45647010613111177,0.26360818258832242,0.81905767908660665,-0.22647358921162197,4.5866163027023207e-05,-4.8838215161775823e-05,-3.5088107317086207e-05
1,500,29.800000000000001,5444472.6535059009,976491.67648758192,3177023.4192861258,-165.44353144129016,523.70704515368425,122.42257965887407,-0.45646806965018255,0.2636020978883416,0.81905981690881202,-0.22647704454095277,4.5865920528645248e-05,-4.9819227358132923e-05,-3.5087970023157926e-05
1,500,30,5444439.5639632139,976596.41730698873,3177047.9035820477,-165.45190074025945,523.70114747640116,122.42037583578002,-0.45646595266072937,0.26359599094482089,0.8190619995331706,-0.22648052574134292,4.5865653673239291e-05,-5.0803178268177741e-05,-3.5087829033496324e-05
2,8000,0,5449387.1886701053,960873.98968958983,3173373.7226977898,-164.26000211708305,524.3764174302022,122.46902067237752,-0.45633719708098636,0.26438783688698342,0.81898292079183965,-0.22610265305333851,4.5787712080284339e-05,-4.460210700225898e-05,-3.5094609140643321e-05
2,8000,0.20000000000000001,5449354.3357200529,960978.86459571903,3173398.2165013156,-164.26949894828917,524.37264170683204,122.4690139180551,-0.45633555288448147,0.26438186605441649,0.8189848461671253,-0.22610597918633096,4.5786699561047482e-05,-4.441334890332331e-05,-3.5094590712232438e-05
2,8000,0.40000000000000002,5449321.4808715899,961083.73874591582,3173422.7103030998,-164.27898358412887,524.36885912784317,122.46900331657979,-0.45633393930051402,0.26437590372173581,0.81898675443354918,-0.22610929533345542,4.5785774838028797e-05,-4.3854017091036198e-05,-3.5094472567630914e-05
2,8000,0.59999999999999998,5449288.6241275165,961188.61213892186,3173447.2041024296,-164.2884546966126,524.36506983169591,122.46898953280692,-0.45633238272602383,0.26436995718838474,0.81898863087833318,-0.2261125929793272,4.5784779488311152e-05,-4.3026937027226411e-05,-3.509419450823859e-05
2,8000,0.80000000000000004,5449255.7654907638,961293.4847734177,3173471.69789878,-164.29790996165579,524.36127407146955,122.46897374246022,-0.45633090091940715,0.26436403137841513,0.81899046560176558,-0.2261158663889776,4.5783648174936296e-05,-4.2037036987497501e-05,-3.5093738723024847e-05
2,8000,1,5449222.9049647721,961398.35664813931,3173496.1916918862,-164.30734662296922,524.35747213943966,122.46895732955662,-0.45632950340616629,0.2643581289446375,0.81899225329184522,-0.22611911248259886,4.578238476399559e-05,-4.0978359070991561e-05,-3.5093121252402186e-05
2,8000,1.2,5449190.0425865464,961503.22786528268,3173520.6853943644,-164.31609373401119,524.35575084997856,122.46717054320402,-0.45699270591284286,0.26319300158119163,0.81843140176919216,-0.22816036303279327,0.049516700492517565,-3.6752927181577578e-05,-0.00039630890802150543
2,8000,1.3999999999999999,5449157.1787800947,961608.09974354284,3173545.1778773046,-164.32109874156265,524.36584292670318,122.45522831734114,-0.45877316336102986,0.26005707463154698,0.81687647687380827,-0.23368851928160814,0.085598923393766208,-9.242772913459635e-06,-0.00024687258762194208
2,8000,1.6000000000000001,5449124.3145638648,961712.97559782781,3173569.6662679566,-164.31989253747599,524.39678522272345,122.42507966136857,-0.46131869858931518,0.25552017803902888,0.81452704039308355,-0.24174407420916738,0.11140597973422468,6.7274142640851326e-05,0.00048767111106845848
2,8000,1.8,5449091.4513218049,961817.86028862512,3173594.1462795772,-164.31123444281044,524.45513471487868,122.3705311252959,-0.46435171422475641,0.25002747532760294,0.8115190886958259,-0.25159593748733605,0.12941379621005714,0.0002146661094858798,0.001772955138868766
2,8000,2,5449058.5905921701,961922.75980004168,3173618.612529499,-164.29476342595933,524.54566702268414,122.28675280095446,-0.46766205140019013,0.24392093114191779,0.80795195861605784,-0.26269453286945643,0.14160675652135107,0.00044472876647324981,0.0034985213638345147
2,8000,2.2000000000000002,5449025.7338943379,962027.68073716073,3173643.0589720211,-164.27127432007359,524.66786897886436,122.1738926699712,-0.46989157513125551,0.23984181567596491,0.80525621258010038,-0.27062934647793907,0.050634175439766671,0.00066757868471675893,0.006240213981780234
2,8000,2.3999999999999999,5448992.8823601715,962132.62797844096,3173667.4812083608,-164.24357888203602,524.80572680284081,122.04768105108663,-0.47015125796453022,0.23966022135343729,0.80459803414436792,-0.27229171193080731,-0.01655206601222341,0.00073305916418635233,0.0081042785460709501
2,8000,2.6000000000000001,5448960.0365802562,962237.60303706257,3173691.8781913808,-164.21413518277927,524.94384231427625,121.92352808949028,-0.46898078347378369,0.24230437650407097,0.80547750857383926,-0.26935403661532592,-0.065232543483417518,0.00062481166529418147,0.0088039759554699691
2,8000,2.7999999999999998,5448927.1966440724,962342.60475239297,3173716.2514972184,-164.18564468545819,525.0705927609481,121.81242780998448,-0.46676677461041804,0.24688995504176126,0.8074455808731521,-0.26306988073073373,-0.099663758231294641,0.00039328986553171727,0.0083010154185618884
2,8000,3,5448894.3620396787,962447.62990432547,3173740.6045440249,-164.16139173037186,525.17683495094752,121.72195047465409,-0.46379741648605005,0.25271559185529563,0.81013526590022389,-0.25437695854551523,-0.12333095600790406,0.00012324282620604994,0.0067503816682294828
2,8000,3.2000000000000002,5448861.5316622537,962552.67363890994,3173764.9418168026,-164.14345099739887,525.25610211766923,121.65419125250101,-0.46094448334058963,0.25808258677637569,0.81265690445392003,-0.24599251477242917,-0.089627223371306158,-3.0225170757850015e-05,0.0040679783672285148
2,8000,3.3999999999999999,5448828.7042446714,962657.73080725793,3173789.2673992291,-164.13170401421868,525.31223565474875,121.60419527331024,-0.4588816512168804,0.26183092653856066,0.81444746732980455,-0.23989063976006925,-0.063701542012456203,-4.7610946455102333e-05,0.0014515325288544114
2,8000,3.6000000000000001,5448795.8786208136,962762.7973604186,3173813.5844044811,-164.12534789250117,525.35073074522802,121.56788938213894,-0.45745331798148603,0.26432787851044887,0.81571988379285554,-0.23551710276509655,-0.04423878116468638,-3.3840457928587091e-06,-0.00071725106030386739
2,8000,3.7999999999999998,5448763.0538149569,962867.87019570917,3173837.8952915049,-164.12335357626822,525.37563505317303,121.54265392579313,-0.45650774222682161,0.26589921059256599,0.81662573064818222,-0.23242355116584634,-0.030105583282115159,4.7461103672372504e-05,-0.0022272589100211658
2,8000,4,5448730.229051969,962972.94691168296,3173862.2020771159,-164.12477755812765,525.38997539799868,121.52659338331785,-0.4559069154453228,0.26682616992334596,0.81727382142774241,-0.23025242735325022,-0.020263018318361178,7.4728615285748912e-05,-0.0030258184020098503
2,8000,4.2000000000000002,5448697.4037258532,963078.02563762886,3173886.5064341142,-164.12887965729902,525.39607668993358,121.51811459659231,-0.45553403568479572,0.26734033029147491,0.81774229199582127,-0.2287256741465403,-0.013743731065808448,6.9299554964449831e-05,-0.0031848634258949539
2,8000,4.4000000000000004,5448664.577357607,963183.104916643,3173910.8097294364,-164.13512433869263,525.39578126122933,121.51573473114034,-0.45529763509580062,0.26762034307422505,0.81808671634867958,-0.22763466340353494,-0.0096653453771210502,3.5992741641310739e-05,-0.0028564790774983284
2,8000,4.5999999999999996,5448631.7495591082,963288.18362384196,3173935.1130396021,-164.14311693757065,525.39056902125105,121.51801841834445,-0.45513228921778259,0.26779256401004375,0.81834582508896669,-0.22683000800547892,-0.0072576225997838736,-1.2617669120017286e-05,-0.0022276532556400217
2,8000,4.7999999999999998,5448598.9200327331,963393.26087344519,3173959.4171349071,-164.15231663442643,525.38133799990635,121.52332752022211,-0.454997092822788,0.26793605464325165,0.81854544062105639,-0.22621069334472302,-0.0058875150702731313,-4.7070617431473199e-05,-0.0014815739988530323
2,8000,5,5448566.0885692639,963498.33596346504,3173983.7224997641,-164.16246298208856,525.3691666621329,121.53058107126485,-0.4548715755314463,0.26809080297903159,0.81870184746757257,-0.225713216460139,-0.0050728072554426865,-6.3490067237280607e-05,-0.00076986217288342357
2,8000,5.2000000000000002,5448533.2549951533,963603.40841480205,3174008.0294502247,-164.17339494427148,525.35510815859345,121.53908393061414,-0.45474874086134909,0.26826737279443202,0.81882556945271301,-0.22530176694697979,-0.0044808898648439647,-6.9268151943808502e-05,-0.00019721983942848156
2,8000,5.4000000000000004,5448500.4191699903,963708.47793645482,3174032.3381820801,-164.18494696648904,525.339987833495,121.54832288544948,-0.45462993683510688,0.26845746509446139,0.81892351586618695,-0.22495885208127681,-0.0039136556598627237,-7.0460422805772503e-05,0.00018240235929832803
2,8000,5.5999999999999996,5448467.5809848635,963813.54437919531,3174056.6488039345,-164.1969726217043,525.32439926352413,121.55793414486122,-0.45452062382563874,0.26864357032076197,0.81900042238674764,-0.22467741936562111,-0.0032821699428653914,-7.0963158475622929e-05,0.00036058017768415655
2,8000,5.7999999999999998,5448434.7403571121,963918.6076906349,3174080.9613641249,-164.20935688604825,525.30872182991584,121.56767428658027,-0.45442711321467244,0.26880665553394756,0.81905981583240517,-0.22445489258338647,-0.0025760825621961897,-7.2500154640982461e-05,0.00036339587815127286
2,8000,6,5448401.8972253622,964023.66787340899,3174105.2758700307,-164.22198062435598,525.29310507779212,121.57734629405111,-0.45435443455290603,0.26893141381302421,0.81910457718236451,-0.22428917518582311,-0.0018327144822294545,-7.2634941751949762e-05,0.00023793022165190155
2,8000,6.2000000000000002,5448369.0515607484,964128.72493101412,3174129.5922832708,-164.23467276843002,525.27747112628435,121.5867398984531,-0.45430564262460843,0.26900915776900297,0.81913700291458236,-0.22417632919639138,-0.0011098152130503778,-6.4070041661423973e-05,3.9077544553859733e-05
2,8000,6.4000000000000004,5448336.2033544397,964233.7788630008,3174153.9105500588,-164.24739208953432,525.2618530946047,121.59589598966109,-0.45428111133997351,0.26903834761197704,0.81915916915351428,-0.22411000643804282,-0.0004645935583519831,-5.0521493808375327e-05,-0.00018131572987866525
2,8000,6.5999999999999996,5448303.3526042774,964338.8296740693,3174178.2306324551,-164.26010612577383,525.24626174856303,121.60491400097894,-0.45427840852555723,0.26902354034798059,0.81917321358974882,-0.22408192346364997,5.9901655685201143e-05,-3.6220678931412008e-05,-0.00038189028250124925
2,8000,6.7999999999999998,5448270.4993141964,964443.87736901711,3174202.5525134848,-164.27278733233996,525.23069003507965,121.61389860698569,-0.45429311300133762,0.26897356406401368,0.81918124828466021,-0.22408273421449049,0.00044128493605181848,-2.4315971752171064e-05,-0.00053553397544493103
2,8000,7,5448237.6434927778,964548.92195064214,3174226.8761952841,-164.28541732828663,525.21512687489133,121.62293278935321,-0.4543198252441108,0.26889937142913833,0.81918522589211085,-0.22410307921861816,0.00067841127429700944,-1.6591353292055273e-05,-0.00062986116057463432
2,8000,7.2000000000000002,5448204.785151232,964653.96341988666,3174251.2016931586,-164.29798814254971,525.19956582084046,121.63206403444688,-0.45435312628121166,0.26881203207858168,0.8191868145957083,-0.22413453736720182,0.00078776145015950526,-1.3522593372878355e-05,-0.0006652211062455702
2,8000,7.4000000000000004,5448171.9243014064,964759.00177724077,3174275.5290280753,-164.31050091371486,525.18400914494055,121.64130183460207,-0.45438832642045945,0.26872117005697949,0.81918731335499306,-0.22417030850282232,0.00079750909664183739,-1.4557601095054012e-05,-0.00065121853852039718
2,8000,7.5999999999999996,5448139.0609542551,964864.03702458588,3174299.8582195272,-164.32296297387026,525.16846833508828,121.65062339422629,-0.45442192876622917,0.26863399413779465,0.81918761960517184,-0.22420555687932475,0.00074096260665915137,-1.850225989382725e-05,-0.00060270016324541725
2,8000,7.7999999999999998,5448106.1951189311,964969.06916687568,3174324.189280062,-164.33538433924701,525.15296217518699,121.65998403439063,-0.45445180034727117,0.26855492916865559,0.81918824936235102,-0.22423742615136491,0.00065068566893010556,-2.3911991231531143e-05,-0.00053598869454141217
2,8000,8,5448073.3268025937,965074.09821329126,3174348.5222120979,-164.34777446776138,525.13751356904049,121.66932906189538,-0.45447709704884093,0.26848575666020674,0.81918939762100718,-0.22426479338939076,0.00055411718259634442,-2.9419471913240369e-05,-0.00046589607972216608
2,8000,8.1999999999999993,5448040.4560107812,965179.12417771725,3174372.8570070313,-164.36013985737267,525.12214609773923,121.67860457779291,-0.45449801520111494,0.26842611282099876,0.8191910237816159,-0.22428785675930721,0.00047103419910595644,-3.396061705119926e-05,-0.00040378063751356745
2,8000,8.4000000000000004,5448007.5827481449,965284.14707856753,3174397.1936462643,-164.37248274984063,525.10688103577388,121.68776560757557,-0.45451545329610898,0.26837417511598016,0.81919294429840073,-0.22430765670740535,0.00041280291670434485,-3.6888526699366707e-05,-0.0003566756592684419
2,8000,8.5999999999999996,5447974.7070193235,965389.1669380964,3174421.5321035194,-164.38480093991501,525.0917352546104,121.69678084010808,-0.45453065912242602,0.26832738189572769,0.81919491812769929,-0.22432561636262016,0.00038308363223912183,-3.7986033079216739e-05,-0.00032733932647136714
2,8000,8.8000000000000007,5447941.82882981,965494.18378139497,3174445.8723477665,-164.39708849092466,525.07672016714116,121.70563403047501,-0.45454492063734303,0.26828306529299584,0.81919671464645127,-0.22434316283819813,0.00037950725149582981,-3.740103440699537e-05,-0.00031496983249642863
2,8000,9,5447908.9481865335,965599.1976352788,3174470.2143461388,-164.40933704307437,525.06184164677461,121.71432266830188,-0.45455933714315028,0.26823892301155822,0.81919815855492861,-0.22436146330819282,0.00039581116034976351,-3.5535154756823978e-05,-0.00031629290589485964
2,8000,9.1999999999999993,5447876.0650982149,965704.20852723438,3174494.5580663853,-164.42153736638573,525.04710070867668,121.72285481228054,-0.4545746843418742,0.26819329918047036,0.81919915186341474,-0.22438128312415528,0.00042398327808789067,-3.2916240671436476e-05,-0.00032674868080365273
2,8000,9.4000000000000004,5447843.1795753846,965809.2164845611,3174518.9034785968,-164.43368083530927,525.03249467104001,121.73124506659236,-0.45459136961636326,0.26814528298159734,0.81919967555663531,-0.22440295330708443,0.00045608040432180063,-3.0080301303345866e-05,-0.0003415626808920809
2,8000,9.5999999999999996,5447810.2916301368,965914.22153376357,3174543.2505560969,-164.4457605886038,525.01801850803406,121.73951056264254,-0.45460945946808334,0.26809465927431153,0.81919977700554358,-0.22442642087061793,0.00048552644794493615,-2.7480502485038656e-05,-0.00035656210767868671
2,8000,9.8000000000000007,5447777.401275699,966019.22370021802,3174567.5992755997,-164.45777223163356,525.00366615019607,121.74766759227018,-0.45462875566666772,0.2680417601201936,0.81919954870749034,-0.22445135051963952,0.00050782945112343278,-2.5431878296577469e-05,-0.00036867648626184895
2,8000,10,5447744.5085259071,966124.22300807294,3174591.949616787,-164.46971405565461,524.98943155703068,121.7557292612,-0.45464889418245996,0.26798726780953441,0.81919910469853241,-0.22447724644553674,0.00052076383009738627,-2.4092191024592441e-05,-0.00037612826621159919
2,8000,10.199999999999999,5447711.6133946832,966229.21948033827,3174616.3015615381,-164.48158682537363,524.97530946768643,121.76370427632516,-0.4546694451185358,0.26793201434436037,0.81919855892069215,-0.22450356885189535,0.00052413573149606187,-2.3473191582371482e-05,-0.00037836669135459715
2,8000,10.4,5447678.7158955978,966334.21313908615,3174640.6550930059,-164.49339325337084,524.96129580805837,121.7715967646793,-0.45468999703398394,0.26787681033684785,0.81919800882292293,-0.22452982746519562,0.00051928313197810991,-2.3472899009274842e-05,-0.0003758246428405987
2,8000,10.6,5447645.8160415357,966439.20400570228,3174665.0101947589,-164.50513730276796,524.94738779060424,121.77940688425369,-0.45471021656838517,0.26782232296366659,0.8191975252647592,-0.22455564315058316,0.00050846305058569006,-2.3918420590740435e-05,-0.00036958478541575116
2,8000,10.800000000000001,5447612.9138445323,966544.19210113434,3174689.3668500897,-164.51682345905581,524.93358377942786,121.78713192111093,-0.45472987997374581,0.2677690090598176,0.81919714910792318,-0.22458077597968501,0.0004942547233193022,-2.4609762628413783e-05,-0.00036103248155384108
2,8000,11,5447580.009315718,966649.17744609527,3174713.7250415692,-164.5284560840513,524.91988300918933,121.79476757044708,-0.45474887921658469,0.2677170993812697,0.81919689312160404,-0.22460512427380402,0.00047907004575608198,-2.5357347734714539e-05,-0.00035155416248251129
2,8000,11.199999999999999,5447547.1024654098,966754.16006120411,3174738.084750847,-164.54003893005128,524.90628524386091,121.80230914755096,-0.45476720830788037,0.26766662277034986,0.81919674764555817,-0.22462870241692609,0.00046482073637313636,-2.6008809242983963e-05,-0.00034231680959116359
2,8000,11.4,5447514.1933032731,966859.13996705739,3174762.4459586819,-164.55157484766204,524.89279044690784,121.8097525537124,-0.45478493713488488,0.26761745561973377,0.81919668827900749,-0.22465160652785365,0.0004527532995430886,-2.6463468275952462e-05,-0.00033414170957147968
2,8000,11.6,5447481.2818384776,966964.11718424107,3174786.8086451283,-164.56306568906371,524.87939851202941,121.81709490431015,-0.45480218055235722,0.26756938218844983,0.8191966836055663,-0.22467397679694556,0.0004434331153618644,-2.6675255825048951e-05,-0.00032746712659711367
2,8000,11.800000000000001,5447448.3680799389,967069.09173329663,3174811.1727898102,-164.57451237448021,524.86610908074806,121.82433480657026,-0.454819068359467,0.26752215300157456,0.819196702199259,-0.22469596306094855,0.00043684024580529715,-2.6646476414308718e-05,-0.00032238185683858284
2,8000,12,5447415.452036459,967174.06363466103,3174835.5383722223,-164.58591507219111,524.85292145222456,121.83147233394313,-0.45483572122208749,0.26747553293291615,0.81919671751648626,-0.22471769844151226,0.00043253182280109315,-2.6415659801834612e-05,-0.00031870523392833381
2,8000,12.199999999999999,5447382.5337168612,967279.03290859482,3174859.9053720026,-164.59727344581623,524.83983457341617,121.8385087754074,-0.45485223429536142,0.26742933387060236,0.81919671087574886,-0.22473928279764108,0.00042982742617621479,-2.6042849958387505e-05,-0.00031608836168882382
2,8000,12.4,5447349.6131300721,967383.99957511725,3174884.2737691337,-164.6085869099166,524.8268470899377,121.84544626064424,-0.45486866922481634,0.26738343104169543,0.81919667243350847,-0.22476077601726363,0.00042798192200276523,-2.5595252008528562e-05,-0.00031411477779608486
2,8000,12.6,5447316.6902851295,967488.96365395258,3174908.6435440802,-164.61985486099252,524.8139574321674,121.85228734851398,-0.45488505377242089,0.26733776495570899,0.81919660033838082,-0.22478219964442717,0.00042632177209598975,-2.5135365476430657e-05,-0.0003123847169730066
2,8000,12.800000000000001,5447283.7651911918,967593.92516449944,3174933.0146778235,-164.63107685377889,524.80116391358115,121.85903465393771,-0.45490138659675911,0.26729233226034343,0.81919649911343773,-0.22480354407228498,0.00042433307208368233,-2.4712801257192746e-05,-0.00031057401359831696
2,8000,13,5447250.8378574653,967698.88412581279,3174957.3871518513,-164.64225271056085,524.78846482247764,121.86569056154886,-0.45491764564698445,0.26724717030944067,0.81919637720036331,-0.22482477893328748,0.00042170039072166943,-2.4360119439749117e-05,-0.0003084651256091797
2,8000,13.199999999999999,5447217.9082931718,967803.84055661177,3174981.760948089,-164.6533825675487,524.77585849397951,121.8722570463428,-0.45493379727016459,0.26720233924035103,0.81919624481008757,-0.22484586385985461,0.00041830353436469526,-2.4092295993269512e-05,-0.00030595286708437561
2,8000,13.4,5447184.9765074719,967908.79447528964,3175006.1360488087,-164.66446686148183,524.7633433571599,121.87873560448703,-0.45494980501424287,0.2671579054430559,0.81919611179487328,-0.22486675809675211,0.00041418411366570999,-2.39089881724891e-05,-0.00030303075554093063
2,8000,13.6,5447152.042509418,968013.74589993677,3175030.5124365371,-164.67550628149172,524.75091795570074,121.88512727192237,-0.45496563620927166,0.26711392831795938,0.81919598640811797,-0.22488742743886672,0.00040949537720237161,-2.3798525153801296e-05,-0.00029976536627349408
2,8000,13.800000000000001,5447119.1063078959,968118.69484836468,3175054.8900939682,-164.68650169183664,524.73858094747891,121.8914327103392,-0.45498126647181503,0.26707045188694933,0.81919587438993635,-0.22490784839820865,0.00040444780086468143,-2.3742584645891538e-05,-0.00029626599816430949
2,8000,14,5447086.1679116115,968223.64133812569,3175079.2690038988,-164.69745405574099,524.72633108754906,121.89765232327862,-0.45499668152090839,0.2670275010151581,0.81919577883975547,-0.22492800945566407,0.00039926022602896065,-2.3720655884200135e-05,-0.0002926557311580806
2,8000,14.199999999999999,5447053.2273290772,968328.58538653131,3175103.649149192,-164.70836435803236,524.71416720353568,121.90378638344365,-0.45501187692037165,0.26698508170747304,0.8191957005266598,-0.22494791007184273,0.0003941228173249871,-2.3713676984068408e-05,-0.00028904809607984642
2,8000,14.4,5447020.2845686106,968433.52701066388,3175128.0305127646,-164.71923355168295,524.70208816777688,121.90983514126182,-0.45502685641300916,0.26694318437490766,0.81919563841195286,-0.22496755825121101,0.00038917454148077135,-2.3706498736369213e-05,-0.00028553154869649243
2,8000,14.6,5446987.3396383403,968538.46622738161,3175152.4130775835,-164.73006251580603,524.69009287337133,121.91579891034984,-0.45504162944810039,0.26690178872879433,0.8191955902803858,-0.22498696741757709,0.00038449483424877296,-2.3689118446481454e-05,-0.00028216211013043659
2,8000,14.800000000000001,5446954.3925462356,968643.40305332269,3175176.7968266909,-164.74085204163592,524.67818021518622,121.92167811556226,-0.45505620827513316,0.26686086894963884,0.81919555355867835,-0.22500615316784742,0.00038010695760464479,-2.3656807957689554e-05,-0.00027896314133041094
2,8000,15,5446921.4433001084,968748.33750490262,3175201.1817432283,-164.75160282858988,524.6663490791102,121.92747331289033,-0.45507060566146601,0.26682039851872719,0.81919552571663745,-0.22502513069223207,0.0003759893662542135,-2.3609420307973691e-05,-0.00027593036487961569
2,8000,15.199999999999999,5446888.4919076459,968853.26959831396,3175225.5678104614,-164.76231549904583,524.65459833759996,121.93318517984108,-0.45508483283776668,0.26678035369104836,0.81919550481960579,-0.22504391280115144,0.00037209112162011444,-2.3550183356247032e-05,-0.00027303992260569213
2,8000,15.4,5446855.5383764142,968958.19934952108,3175249.9550117967,-164.77299061643407,524.64292685156943,121.93881449014962,-0.45509889853837071,0.26674071577842934,0.81919548957135724,-0.22506250900831359,0.00036834781660807374,-2.3484314997015966e-05,-0.00027025737155245719
2,8000,15.6,5446822.5827138703,969063.12677426159,3175274.3433308075,-164.78362870796499,524.63133347587927,121.94436207828139,-0.45511280838616336,0.26670147184521914,0.81919547951348781,-0.22508092523161477,0.00036469534582295161,-2.3417701933927886e-05,-0.00026754593707321747
2,8000,15.800000000000001,5446789.6249273671,969168.05188804248,3175298.7327512368,-164.79423028683945,524.6198170666479,121.94982880234735,-0.45512656523293649,0.26666261448940065,0.81919547477239163,-0.22509916429294657,0.00036107991622513037,-2.3355839850844739e-05,-0.00026487291288638777
2,8000,16,5446756.6650241585,969272.97470614361,3175323.1232569949,-164.80479586664097,524.60837648916072,121.95521551381424,-0.45514016955870062,0.26662414064755546,0.819195476031784,-0.22511722663334507,0.00035746372256290358,-2.3303115975859013e-05,-0.00026221369134026132
2,8000,16.199999999999999,5446723.7030113917,969377.89524361899,3175347.5148321614,-164.81532597609288,524.59701062389422,121.96052303254966,-0.45515362030812284,0.26658605014427494,0.81919548427099931,-0.22513511129738609,0.00035382655495559093,-2.3262453590812509e-05,-0.00025955342259525289
2,8000,16.399999999999999,5446690.7388960971,969482.81351530063,3175371.9074609783,-164.82582116253695,524.58571837136219,121.96575213469097,-0.45516691575653812,0.26654834419299461,0.81919550051229517,-0.22515281688014424,0.00035016418010348294,-2.3235280249931409e-05,-0.00025688667830827869
2,8000,16.600000000000001,5446657.7726852149,969587.72953580297,3175396.3011278352,-164.83628199390915,524.57449865434955,121.97090354788286,-0.45518005406503687,0.26651102398472992,0.81919552578727428,-0.22517034219912693,0.00034648462261767176,-2.3221724370935678e-05,-0.00025421571093475504
2,8000,16.800000000000001,5446624.8043855531,969692.6433195275,3175420.6958172619,-164.84670905751855,524.5633504181327,121.97597795368775,-0.45519303385786652,0.26647408976242809,0.8191955609712841,-0.22518768682479059,0.00034280350292305642,-2.3220961119683923e-05,-0.0002515479634577466
2,8000,17,5446591.8340038015,969797.55488066655,3175445.0915139238,-164.857102951808,524.55227262977189,121.98097599746235,-0.45520585458380763,0.26643754031435751,0.81919560667195834,-0.22520485135365745,0.00033913942633466432,-2.3231607053566962e-05,-0.00024889342690883178
2,8000,17.199999999999999,5446558.8615465416,969902.46423320856,3175469.4882026105,-164.86746428378126,524.54126427560016,121.9858982970517,-0.45521851644625028,0.26640137272711045,0.81919566336607241,-0.22522183734222298,0.00033551014141402618,-2.3252085965583166e-05,-0.00024626230616460899
2,8000,17.399999999999999,5446525.88702022,970007.37139093981,3175493.8858682346,-164.87779366263146,524.53032435887724,121.9907454537836,-0.45523102051441444,0.26636558265127352,0.81919573126830836,-0.22523864724339424,0.00033192987043814557,-2.3280929486443573e-05,-0.00024366328154641487
2,8000,17.600000000000001,5446492.9104311699,970112.27636744909,3175518.284495824,-164.88809169328974,524.51945189765502,121.99551806246455,-0.45524336838429513,0.26633016456857739,0.81919581052344581,-0.22525528407526893,0.00032840791990715155,-2.3316971727299339e-05,-0.00024110248162302413
2,8000,17.800000000000001,5446459.9317855965,970217.17917613091,3175542.6840705294,-164.89835897581298,524.5086459225256,122.00021671650845,-0.45525556201974948,0.26629511228388841,0.81919590120301078,-0.2252717511717357,0.00032494844667312419,-2.3359442972271441e-05,-0.00023858313861120138
2,8000,18,5446426.9510895908,970322.07983018621,3175567.08457762,-164.90859610282288,524.49790547542818,122.00484201210443,-0.4552676035929597,0.26626041941114409,0.81919600329842168,-0.22528805195486468,0.00032155110556313104,-2.3407980015238874e-05,-0.00023610579715602193
2,8000,18.199999999999999,5446393.968349128,970426.97834262624,3175591.4860024839,-164.91880365750299,524.48722960917087,122.00939455016355,-0.45527949515613059,0.26622607966438466,0.81919611688345262,-0.22530418966362858,0.00031821223810971528,-2.3462565359214556e-05,-0.000233668894207816
2,8000,18.399999999999999,5446360.9835700607,970531.874726273,3175615.8883306305,-164.92898221638703,524.47661738703368,122.01387493421124,-0.45529123857529552,0.2661920871549619,0.81919624208077468,-0.22532016725849305,0.00031492626779458819,-2.3523430573588179e-05,-0.00023126951791884232
2,8000,18.600000000000001,5446327.9967581341,970636.76899376255,3175640.2915476882,-164.93913235040071,524.46606788309316,122.01828376824793,-0.45530283552689188,0.26615843656462801,0.81919637901334552,-0.22533598740118779,0.0003116870247765132,-2.3590951106783744e-05,-0.000228904176865127
2,8000,18.800000000000001,5446295.0079189753,970741.66115754656,3175664.6956394077,-164.94925462365828,524.45558018307293,122.02262165534403,-0.4553142873460328,0.2661251230865988,0.81919652792410769,-0.22535165239643554,0.00030848880881001863,-2.3665545347119315e-05,-0.00022656945469229107
2,8000,19,5446262.0170581024,970846.55122989579,3175689.1005916605,-164.95934959770386,524.44515338457074,122.02688919335236,-0.45532559514720428,0.2660921424148095,0.81919668908521437,-0.22536716429143755,0.00030532709203442342,-2.3747593468388512e-05,-0.0002242624771071485
2,8000,19.199999999999999,5446229.0241809199,970951.43922290136,3175713.5063904356,-164.96941783225338,524.43478659763525,122.03108697285167,-0.45533675983535205,0.26605949060082978,0.81919686282309057,-0.22538252493189553,0.00030219884725397406,-2.3837388982184363e-05,-0.00022198116767400402
2,8000,19.399999999999999,5446196.0292927148,971056.32514847699,3175737.9130218378,-164.97945988423692,524.42447894536519,122.03521557654693,-0.45534778226534212,0.26602716397129883,0.81919704942111404,-0.22539773609147695,0.0002991025504710163,-2.3935117713883471e-05,-0.00021972430870336528
2,8000,19.600000000000001,5446163.0323986728,971161.20901836338,3175762.3204720919,-164.98947630933529,524.41422956392819,122.03927557789866,-0.4553586631694696,0.26599515891839631,0.81919724922624504,-0.22541279947829948,0.00029603794497264129,-2.4040853754812605e-05,-0.00021749145006898341
2,8000,19.800000000000001,5446130.0335038602,971266.09084412979,3175786.7287275326,-164.99946766233813,524.40403760252161,122.04326754094754,-0.45536940327939501,0.26596347183661201,0.81919746257705262,-0.22542771682493243,0.00029300566871645357,-2.4154579428782122e-05,-0.00021528272140550105
2,8000,20,5446097.0326132411,971370.97063717619,3175811.1377746081,-165.00943449759444,524.3939022231267,122.04719202049081,-0.45538000343023322,0.26593209909421611,0.81919768973659046,-0.22544248995577093,0.00029000684096472027,-2.427621334380376e-05,-0.00021309860351940307
2,8000,20.199999999999999,5446064.029731662,971475.84840873606,3175835.5475998772,-165.01937736561342,524.3838226006302,122.05104956456785,-0.4553904644406857,0.26590103692097555,0.81919793101090899,-0.22545712073095581,0.00028704268481658662,-2.4405640019467268e-05,-0.00021093970629210515
2,8000,20.399999999999999,5446031.0248638606,971580.72416987945,3175859.9581900062,-165.02929681595705,524.37379792206286,122.05484071365852,-0.4554007872060693,0.26587028146106689,0.81919818666934896,-0.22547161108564426,0.0002841142357102608,-2.4542732558774932e-05,-0.00020880658653569918
2,8000,20.600000000000001,5445998.0180144627,971685.59793151426,3175884.3695317702,-165.03919339581969,524.36382738640714,122.05856600217969,-0.45541097264239006,0.26583982876901224,0.81919845698809712,-0.22548596298948487,0.00028122215916090665,-2.4687375429468827e-05,-0.00020669962397916545
2,8000,20.800000000000001,5445965.0091879908,971790.4697043905,3175908.7816120507,-165.04906765031475,524.35391020422492,122.06222595894334,-0.45542102176025517,0.26580967489868906,0.81919874217432886,-0.22550017846799178,0.00027836667711746832,-2.4839478081361934e-05,-0.0002046189593717972
2,8000,21,5445931.9983888576,971895.33949910081,3175933.1944178338,-165.05892011993231,524.34404559769507,122.06582110894252,-0.45543093550851232,0.26577981586315391,0.81919904249148545,-0.22551425951061899,0.00027554758542962666,-2.4998978269042291e-05,-0.00020256448780240445
2,8000,21.199999999999999,5445898.9856213648,972000.20732608344,3175957.6079362091,-165.06875134313569,524.33423280007355,122.06935197221974,-0.45544071484767285,0.26575024772408962,0.81919935818275491,-0.22552820809510382,0.00027276433497047003,-2.5165838536503919e-05,-0.00020053589338332484
2,8000,21.399999999999999,5445865.9708897015,972105.07319562428,3175982.0221543717,-165.07856185536275,524.3244710556886,122.07281906451382,-0.45545036071329809,0.2657209666063019,0.81919968949395172,-0.22554202616131722,0.00027001614650657075,-2.5340042703378852e-05,-0.00019853270866819895
2,8000,21.600000000000001,5445832.9541979674,972209.93711785937,3176006.4370596171,-165.08835218986326,524.31475961974775,122.07622289680764,-0.45545987398441762,0.26569196870152367,0.81920003669524677,-0.22555571559176524,0.00026730213190705393,-2.5521588400124998e-05,-0.0001965543826886195
2,8000,21.800000000000001,5445799.9355501393,972314.79910277668,3176030.8526393445,-165.09812287542522,524.30509775858388,122.07956397647774,-0.45546925557161821,0.26566325032845456,0.81920040000078065,-0.22556927825508061,0.00026462140080949506,-2.5710480389674312e-05,-0.00019460034449724414
2,8000,22,5445766.914950096,972419.65916021925,3176055.2688810574,-165.10787443854241,524.29548474932744,122.08284280602493,-0.45547850628065295,0.26563480785036031,0.81920077968919713,-0.22558271594086945,0.00026197313960296263,-2.5906719063355163e-05,-0.00019267005330726771
2,8000,22.199999999999999,5445733.8924016086,972524.51729988609,3176079.6857723519,-165.11760740309904,524.28591987991842,122.08605988317447,-0.45548762690832306,0.26560663772016602,0.81920117602158682,-0.22559603041113546,0.00025935665775815857,-2.6110298266561134e-05,-0.00019076303090642902
2,8000,22.399999999999999,5445700.8679083418,972629.37353133433,3176104.1033009267,-165.12732229035493,524.27640244905763,122.08921570084209,-0.45549661820243692,0.26557873644206481,0.81920158928043219,-0.22560922338502465,0.00025677140288535966,-2.6321202582302408e-05,-0.00018887887595361218
2,8000,22.600000000000001,5445667.8414738607,972734.22786398279,3176128.5214545806,-165.13701961933515,524.26693176609479,122.09231074694092,-0.45550548095957805,0.26555110061268389,0.81920201968742035,-0.22562229659150948,0.00025421695055279677,-2.6539408204488323e-05,-0.0001870172627674882
2,8000,22.800000000000001,5445634.8131016297,972839.08030711266,3176152.9402212049,-165.14669990470753,524.25750715120375,122.09534550556099,-0.45551421589295671,0.26552372683005082,0.81920246752353443,-0.22563525170739135,0.00025169297731587447,-2.6764881970145635e-05,-0.00018517792898112859
2,8000,23,5445601.7827950018,972943.93086987012,3176177.359588793,-165.15636365927512,524.24812793495323,122.09832045573113,-0.45552282372839087,0.26549661173894246,0.81920293304735914,-0.22564809040685119,0.00024919922564230787,-2.6997581687760506e-05,-0.00018336065698715853
2,8000,23.199999999999999,5445568.7505572326,973048.77956126921,3176201.779545431,-165.16601139299109,524.23879345831631,122.10123607207487,-0.45553130518402601,0.26546975201258677,0.81920341651482353,-0.22566081435232449,0.00024673546859871201,-2.7237460489677142e-05,-0.00018156525381720417
2,8000,23.399999999999999,5445535.7163914805,973153.62639019301,3176226.200079299,-165.17564361290607,524.22950307254905,122.10409282497581,-0.45553966097140153,0.26544314435075339,0.81920391817911475,-0.22567342519497494,0.0002443014798867956,-2.7484469097319816e-05,-0.00017979153304422654
2,8000,23.600000000000001,5445502.6803007899,973258.47136539523,3176250.621178668,-165.18526082406873,524.22025613894516,122.10689118023846,-0.45554789177235744,0.26541678546694331,0.81920443831105927,-0.22568592456247036,0.00024189701253557396,-2.7738558230205578e-05,-0.00017803930102913918
2,8000,23.800000000000001,5445469.6422881177,973363.31449550355,3176275.042831908,-165.19486352653723,524.21105202909416,122.10963160081856,-0.45555599832965038,0.26539067214398815,0.81920497711866558,-0.22569831410279659,0.00023952178736424395,-2.7999680338535983e-05,-0.00017630834853684396
2,8000,24,5445436.6023563156,973468.15578902035,3176299.4650274776,-165.20445221838222,524.20189012435969,122.11231454531973,-0.45556398130812664,0.26536480115689459,0.81920553486867742,-0.22571059541407246,0.00023717549026444455,-2.8267786230950491e-05,-0.00017459844756362674
2,8000,24.199999999999999,5445403.5605081348,973572.99525432626,3176323.8877539248,-165.21402739463554,524.19276981590588,122.11494046866592,-0.4555718413851445,0.26533916932933066,0.81920611180600833,-0.2257227700881142,0.0002348577764855938,-2.8542827974650917e-05,-0.000172909352502842
2,8000,24.399999999999999,5445370.5167462276,973677.83289968001,3176348.310999894,-165.22358954724254,524.18369050459421,122.11750982220975,-0.4555795792264925,0.26531377352275665,0.81920670817420072,-0.22573483969763589,0.00023256827928095787,-2.8824758481962276e-05,-0.0001712408042728426
2,8000,24.600000000000001,5445337.4710731534,973782.66873322171,3176372.7347541144,-165.23313916530552,524.17465160084657,122.12002305367196,-0.45558719546278287,0.26528861062475939,0.81920732423571996,-0.22574680578403111,0.00023030662037183889,-2.9113530717999526e-05,-0.00016959253595210768
2,8000,24.800000000000001,5445304.4234913662,973887.50276297482,3176397.159005404,-165.24267673495021,524.16565252457156,122.12248060728338,-0.45559469078065806,0.26526367760304936,0.81920796019135089,-0.22575866990241686,0.00022807242007658843,-2.9409098936976439e-05,-0.000167964278615285
2,8000,25,5445271.3740032269,973992.33499684825,3176421.5837426749,-165.25220273797308,524.15669270523165,122.12488292454842,-0.45560206578557938,0.26523897142534997,0.81920861630115049,-0.22577043355384055,0.00022586530559457561,-2.9711415007147595e-05,-0.00016635576638928903
2,8000,25.199999999999999,5445238.3226110041,974097.16544263635,3176446.0089549227,-165.26171765381611,524.14777158149468,122.12723044324643,-0.45560932109402313,0.2652144891119288,0.81920929280355625,-0.22578209823110271,0.00022368491655873799,-3.0020427617056758e-05,-0.00016476674011547943
2,8000,25.399999999999999,5445205.2693168679,974201.99410802312,3176470.434631228,-165.27122195874463,524.1388886012478,122.12952359792914,-0.45561645731134076,0.26519022772104872,0.81920998993534744,-0.22579366540815415,0.00022153090778282453,-3.0336083555736473e-05,-0.00016319694942695359
2,8000,25.600000000000001,5445172.2141228942,974306.82100058324,3176494.8607607661,-165.28071612582056,524.13004322150528,122.13176281999219,-0.45562347503254552,0.26516618434756006,0.81921070793146378,-0.22580513654089726,0.0002194029494692047,-3.0658327630102454e-05,-0.00016164615332095943
2,8000,25.800000000000001,5445139.1570310602,974411.64612778241,3176519.2873327909,-165.29020062487547,524.12123490831459,122.13394853774945,-0.45563037484307295,0.26514235612152831,0.81921144702483839,-0.22581651306792452,0.00021730072553338678,-3.0987102718927399e-05,-0.00016011411953936844
2,8000,26,5445106.0980432546,974516.46949698252,3176543.7143366439,-165.29967592331712,524.11246313655556,122.13608117606692,-0.45563715729664556,0.26511874019377696,0.81921220746635615,-0.22582779639981551,0.00021522393079518977,-3.1322350284719825e-05,-0.00015860062316568659
2,8000,26.199999999999999,5445073.037161272,974621.2911154388,3176568.1417617509,-165.30914248362467,524.10372739016964,122.13816115776953,-0.45564382300693235,0.26509533378802697,0.81921298944441878,-0.22583898796483406,0.00021317226784008968,-3.1664011756631442e-05,-0.00015710544488400997
2,8000,26.399999999999999,5445039.9743868122,974726.11099030601,3176592.5695976242,-165.31860076564183,524.0950271617495,122.14018890246474,-0.45565037251117635,0.26507213412064029,0.81921379320541954,-0.2258500891413234,0.00021114544402040311,-3.2012024311093717e-05,-0.00015562836923153792
2,8000,26.600000000000001,5445006.9097214863,974830.929128638,3176616.9978338564,-165.32805122601354,524.08636195252154,122.14216482691847,-0.45565680636183103,0.26504913845336175,0.81921461897323167,-0.22586110130301415,0.00020914316913169285,-3.2366323906894458e-05,-0.00015416918314795953
2,8000,26.800000000000001,5444973.8431668142,974935.74553738895,3176641.4264601278,-165.33749431800828,524.07773127227028,122.14408934521224,-0.45566312510392465,0.2650263440798436,0.8192154669692846,-0.2258720258077444,0.00020716515389407515,-3.272684556651636e-05,-0.00015272767495118722
2,8000,27,5444940.7747242218,975040.56022341643,3176665.8554661977,-165.34693049148655,524.06913463924298,122.14596286882085,-0.45566932927517662,0.26500374832555584,0.81921633741254996,-0.22588286399743396,0.00020521110926444264,-3.3093523464064449e-05,-0.00015130363378568166
2,8000,27.199999999999999,5444907.704395052,975145.37319348252,3176690.2848419049,-165.35636019287259,524.06057158005797,122.14778580668496,-0.4556754194060923,0.26498134854774014,0.81921723051952777,-0.22589361719804704,0.00020328074646128709,-3.3466290940464484e-05,-0.00014989684950004214
2,8000,27.399999999999999,5444874.6321805492,975250.18445425574,3176714.7145771752,-165.3657838657011,524.05204162953714,122.14955856497488,-0.45568139599721852,0.26495914212205818,0.81921814652435998,-0.22590428670824597,0.0002013737774838342,-3.3845080465530701e-05,-0.0001485071128460406
2,8000,27.600000000000001,5444841.5580818765,975354.99401231168,3176739.1446620114,-165.37520194919182,524.04354433080414,122.15128154791293,-0.45568725961061196,0.26493712649560869,0.81921908559830614,-0.22591487384476475,0.00019948991594420822,-3.4229825646296775e-05,-0.00014713421588933876
2,8000,27.800000000000001,5444808.4821001105,975459.80187413504,3176763.5750865014,-165.38461487887741,524.03507923509335,122.15295515747005,-0.45569301073287244,0.26491529910699024,0.81922004797052239,-0.22592537987450453,0.00019762887793595493,-3.4620456508932724e-05,-0.00014577795248983452
2,8000,28,5444775.4042362375,975564.60804612341,3176788.0058408086,-165.3940230871977,524.02664590158747,122.15457979310597,-0.45569864986694697,0.26489365743924093,0.81922103384737355,-0.22593580605991706,0.00019579038281477548,-3.5016901454882547e-05,-0.0001444381187603762
2,8000,28.199999999999999,5444742.3244911591,975669.41253458476,3176812.4369151797,-165.40342700302631,524.01824389738817,122.15615585207037,-0.45570417750951925,0.26487219900621356,0.81922204343250993,-0.22594615364782866,0.00019397415378793808,-3.5419087861482325e-05,-0.00014311451343140979
2,8000,28.399999999999999,5444709.2428656919,975774.21534574276,3176836.8682999387,-165.41282705164068,524.00987279742708,122.15768372946449,-0.45570959415126977,0.26485092135219374,0.81922307692681051,-0.22595642386962206,0.00019217991825235328,-3.5826942073436458e-05,-0.00014180693808250422
2,8000,28.600000000000001,5444676.159360569,975879.01648573612,3176861.2999854861,-165.4222236546951,524.00153218438004,122.1591638183008,-0.4557149002771419,0.26482982205149419,0.8192241345283241,-0.22596661794142736,0.00019040740789692649,-3.6240389393777516e-05,-0.00014051519723832522
2,8000,28.800000000000001,5444643.0739764329,975983.81596062123,3176885.731962306,-165.43161723019242,523.99322164857881,122.16059650956181,-0.45572009636661204,0.26480889870804641,0.8192252164322118,-0.22597673706431237,0.00018865635859982208,-3.6659354070371969e-05,-0.00013923909833975755
2,8000,29,5444609.9867138509,976088.61377637356,3176910.1642209576,-165.44100819267956,523.98494078789497,122.16198219213848,-0.45572518287115271,0.26478814894175767,0.81922632285077523,-0.22598678241315251,0.00018692651019521574,-3.7083759141382084e-05,-0.00013797845162995977
2,8000,29.199999999999999,5444576.8975733006,976193.40993888851,3176934.5967520745,-165.45039695327057,523.97668920765454,122.16332125286924,-0.45573016030567165,0.26476757044113175,0.81922745393306928,-0.22599675518203338,0.000185217606174903,-3.7513528289900227e-05,-0.00013673306999012372
2,8000,29.399999999999999,5444543.8065551873,976298.20445398311,3176959.0295463759,-165.45978391803422,523.96846652074794,122.16461407742858,-0.45573502911181568,0.26474716088339317,0.81922860988543811,-0.22600665651659077,0.00018352939339661502,-3.7948583209242154e-05,-0.00013550276876285125
2,8000,29.600000000000001,5444510.7136598295,976402.99732739793,3176983.4625946502,-165.46916949012939,523.96027234726307,122.16586104922904,-0.455739789749597,0.26472691798722453,0.81922979089101189,-0.22601648755930975,0.00018186162178574614,-3.8388842951954392e-05,-0.00013428736557756136
2,8000,29.800000000000001,5444477.6188874589,976507.78856479784,3177007.8958877651,-165.47855406893305,523.95210631451505,122.16706254992982,-0.45574444267484232,0.26470683949923485,0.81923099712972791,-0.22602624943832414,0.00018021404414145489,-3.8834225682817325e-05,-0.0001330866802184421
2,8000,30,5444444.5222382396,976612.57817177486,3177032.3294166634,-165.48793805001037,523.94396805696044,122.1682189594908,-0.45574898833938809,0.26468692319368042,0.81923222877829061,-0.22603594326752943,0.00017858641600305451,-3.9284648737111921e-05,-0.00013190053452883367
2,500,0,5449387.1886701053,960873.98968958983,3173373.7226977898,-164.26000211708305,524.3764174302022,122.46902067237752,-0.45633719708098636,0.26438783688698342,0.81898292079183965,-0.22610265305333851,4.5787712080284339e-05,-4.460210700225898e-05,-3.5094609140643321e-05
2,500,0.20000000000000001,5449354.3357198257,960978.86459562054,3173398.216501323,-164.2694987135034,524.37264173938229,122.46901404551134,-0.45633555409447346,0.26438186638933725,0.81898484549310657,-0.2261059787940447,4.5786703267469919e-05,-4.4391351103831449e-05,-3.5094590051849408e-05
2,500,0.40000000000000002,5449321.4808714371,961083.73874582769,3173422.7103031506,-164.27898302389784,524.36885920965892,122.46900362570373,-0.45633394379707132,0.26437590496494412,0.8189867519283448,-0.22610929387895168,4.5785778902237477e-05,-4.3818084660468678e-05,-3.5094471130644371e-05
2,500,0.59999999999999998,5449288.6241275277,961188.61213885667,3173447.2041025665,-164.28845364119786,524.3650699812365,122.46899010936845,-0.45633239170961393,0.26436995967165855,0.8189886258729806,-0.22611259007511342,4.5784783824812233e-05,-4.2985521397040901e-05,-3.5094193690142504e-05
2,500,0.80000000000000004,5449255.7654910479,961293.48477339116,3173471.6978990645,-164.29790822019791,524.36127430809688,122.46897468116627,-0.45633091479753735,0.26436403521450152,0.81899045786920188,-0.22611586190345778,4.5783654445873916e-05,-4.1996963210773175e-05,-3.5093740582236057e-05
2,500,1,5449222.9049654892,961398.35664817027,3173496.1916924007,-164.30734402288664,524.35747247847303,122.46895871332586,-0.45632952197145993,0.26435813407620995,0.8189922429476888,-0.22611910648275033,4.5782394929358411e-05,-4.0944232128317849e-05,-3.5093127670626517e-05
2,500,1.2,5449190.0425906377,961503.22787405329,3173520.6853878782,-164.3160520340081,524.35587075896751,122.46707108326228,-0.45701365757718732,0.26315664888621221,0.81841329729460432,-0.22822526097317514,0.049267759227282319,-3.6364299333954439e-05,-0.00038441642450865842
2,500,1.3999999999999999,5449157.1788004022,961608.09980130289,3173545.1778297876,-164.32097362300652,524.36622946186287,122.45490387739241,-0.45880278498992855,0.26000590061670698,0.81684902940661841,-0.23378323140774224,0.085219550745142369,-7.8596225697746795e-06,-0.00022573396911625934
2,500,1.6000000000000001,5449124.3146192562,961712.97576600069,3173569.6661279867,-164.31966471988082,524.39751005158189,122.42447489391417,-0.46134919100636662,0.25546822664284191,0.81449572297780048,-0.2418462866876456,0.11097883095104176,6.9754519451210192e-05,0.00050972631359513028
2,500,1.8,5449091.4514339445,961817.86063813453,3173594.1459894334,-164.31089311805681,524.4562247867616,122.36963557116894,-0.46437878576066038,0.24998284818004129,0.81148742648113359,-0.25169242263976838,0.12899472825210306,0.00021758100734425823,0.0017861505659650027
2,500,2,5449058.5907848161,961922.76040414325,3173618.6120325732,-164.29429762253906,524.54712045849453,122.28558581441902,-0.46768394543334918,0.24388714965091859,0.80792221942379117,-0.26277837197985338,0.14123013994633229,0.00044679673647791068,0.0034949705056698832
2,500,2.2000000000000002,5449025.7341908254,962027.68164982821,3173643.0582336914,-164.2707109229805,524.66943181808642,122.1727140299467,-0.46986992129988558,0.23989393475607504,0.80527317527176856,-0.27057026871519146,0.050814714902982332,0.00066288322844408609,0.0061922839350957324
2,500,2.3999999999999999,5448992.8827744182,962132.62918570964,3173667.4802605822,-164.24297547913332,524.80706779850664,122.04680055604373,-0.47010850716649566,0.23975203859799138,0.80464074301607658,-0.27215845780782333,-0.01604821806294952,0.00072277706151621028,0.0080176091786999231
2,500,2.6000000000000001,5448960.0371129625,962237.60447210365,3173691.8771108845,-164.21356804503762,524.94475167862129,121.92309642745165,-0.46893119968951619,0.24240405606625939,0.8055309329983924,-0.26919086080904819,-0.064577127780931179,0.00061341311783711403,0.0086993008485550857
2,500,2.7999999999999998,5448927.197279647,962342.60631437553,3173716.2503804341,-164.18519552504719,525.0709360921943,121.81250007504644,-0.46671913497646539,0.24697842726273739,0.8075001593587865,-0.26290378116181412,-0.098980659561451606,0.0003853118260567717,0.0082046049694430943
2,500,3,5448894.3627481069,962447.63147171086,3173740.6034927377,-164.16112055025235,525.17654112451078,121.72253370985439,-0.46375647049976015,0.25278430828521969,0.81018566353975519,-0.25422277661337667,-0.12270318811731164,0.00012116692050868186,0.006685817193953213
2,500,3.2000000000000002,5448861.5324049927,962552.67509446072,3173764.9409281751,-164.14337047414057,525.25531676614014,121.65520676733652,-0.46093264405482937,0.2580941903972313,0.81268147640330812,-0.24592133790861076,-0.089350554572398544,-2.8162708790006463e-05,0.0040623046005704147
2,500,3.3999999999999999,5448828.7049893858,962657.73207352683,3173789.2667452651,-164.13175392487048,525.31115489066576,121.6055080540015,-0.45888700168891927,0.26181154363886749,0.81445688813739214,-0.23986957427723615,-0.063673584033828223,-4.6235037089238378e-05,0.0015061398271290119
2,500,3.6000000000000001,5448795.8793476298,962762.79839288897,3173813.58403413,-164.12546791340236,525.3494929727583,121.56939639458226,-0.45746606557497105,0.26429759454048196,0.81572090038840661,-0.23552280789129235,-0.044369203038189649,-4.6672802301629503e-06,-0.00061717714688215282
2,500,3.7999999999999998,5448763.0545146884,962867.87097377062,3173837.8952337126,-164.12349830869863,525.3743436500298,121.54425590404765,-0.45652086571707645,0.26587175240742328,0.81662251732127522,-0.23244047547834784,-0.030315474290765327,4.3813301473242741e-05,-0.0021055617594735844
2,500,4,5448730.2297228305,962972.9474329307,3173862.2023409242,-164.12491796978026,525.38871019697717,121.52819135842368,-0.45591634255309527,0.2668090616013678,0.81726883107575321,-0.23027129867284402,-0.02048805033267713,7.0189250607321951e-05,-0.0029080808287454225
2,500,4.2000000000000002,5448697.4043705687,963078.02591367019,3173886.5070094885,-164.1289985754394,525.39489830907053,121.51961880292802,-0.45553835135116844,0.26733569828092857,0.81773682517011559,-0.22874203731192011,-0.013937598315727393,6.553503256468004e-05,-0.0030924034304321323
2,500,4.4000000000000004,5448664.5779816015,963183.1049693618,3173910.8105903054,-164.13521118729119,525.39473181705171,121.51707630204787,-0.45529744535288591,0.26762626881987817,0.8180813295287761,-0.22764743523509345,-0.0098013620498324256,3.4232319759101115e-05,-0.0028025600242410813
2,500,4.5999999999999996,5448631.7501694085,963288.18348191667,3173935.1141491779,-164.14317257427621,525.3896836417091,121.51916894471836,-0.45512941700969733,0.26780472398106769,0.81834063997037387,-0.22684012113979365,-0.0073276675961408827,-1.2344219670282091e-05,-0.0022161679961463822
2,500,4.7999999999999998,5448598.9206320224,963393.26057621208,3173959.4184590881,-164.15237087455881,525.38066965610528,121.52432399008136,-0.45499367756590409,0.26794931354088264,0.81854043583822866,-0.22621996738967762,-0.0058985275462635203,-4.6916995369546236e-05,-0.0015079098610996172
2,500,5,5448566.089157898,963498.33555309847,3173983.7240086966,-164.16251529509222,525.36869887880857,121.53143502658089,-0.45486948038064146,0.26810057068305959,0.81869698959808912,-0.22572345700145854,-0.0050416871773217263,-6.3520995584641598e-05,-0.00082328917607830086
2,500,5.2000000000000002,5448533.255573404,963603.40792795189,3174008.031117396,-164.1734467271408,525.35480357018264,121.53981641308194,-0.45474922892502423,0.26827052401614576,0.81882085162108786,-0.22531417551213903,-0.0044288958538421736,-6.9308753969981332e-05,-0.00026400155276978994
2,500,5.4000000000000004,5448500.4197377311,963708.47740097099,3174032.3399857767,-164.18500059337174,525.33979743197312,121.54896032512885,-0.45463351944750158,0.26845273405396991,0.8189189774236455,-0.22497377844792857,-0.0038613377664854704,-7.0226129442192982e-05,0.00011593541063027011
2,500,5.5999999999999996,5448467.5815415271,963813.54381276609,3174056.6507279514,-164.1970298683043,525.32427198252526,121.55850456052916,-0.45452709625136534,0.26863148016015187,0.81899614029697954,-0.2246943898251986,-0.0032455998418307081,-7.0195099085600389e-05,0.0003055752681401405
2,500,5.7999999999999998,5448434.7409019629,963918.60710123216,3174080.9633977478,-164.20941747616817,525.30861272572997,121.56820409010001,-0.45443572471150295,0.26878910456934157,0.81905588207990854,-0.22447282998404425,-0.0025647605700243633,-7.1062994742367435e-05,0.0003269729008731439
2,500,6,5448401.8977573235,964023.66726204974,3174105.2780083506,-164.22205307461681,525.29299682121416,121.57787299204932,-0.45436411610135979,0.26891107218735222,0.81910108124367409,-0.22430671849038056,-0.0018491545118011399,-7.1246044710143196e-05,0.00022270587384128391
2,500,6.2000000000000002,5448369.0520764124,964128.72429774655,3174129.5945293214,-164.23476322411813,525.27735863915518,121.58729285151227,-0.45431520636295053,0.2689888233538309,0.81913404042588001,-0.22419217201696393,-0.001150508775711431,-6.3426427620083439e-05,4.3589475817635671e-05
2,500,6.4000000000000004,5448336.2038504174,964233.77820623782,3174153.9129100419,-164.24749797991146,525.26173018016266,121.59648253178324,-0.45428951736205225,0.26902042606154841,0.81915680024335891,-0.22412313890287702,-0.00052187137859254894,-5.0635913722322873e-05,-0.00016155065523384287
2,500,6.5999999999999996,5448303.3530777907,964338.82899166073,3174178.2331128251,-164.26022384245022,525.24612869791781,121.60552979483077,-0.45428493908566558,0.26900969334161751,0.81917144302414024,-0.22409178017484196,-4.3571670127706701e-06,-3.6887404733820881e-05,-0.0003530069329484352
2,500,6.7999999999999998,5448270.4997633332,964443.87665936572,3174202.5551189613,-164.27291284250904,525.23055174777835,121.61453137784436,-0.45429744877218736,0.26896455702132682,0.81918002273263457,-0.22408923548703513,0.0003794709031364599,-2.5216569859435197e-05,-0.00050394697562109391
2,500,7,5448237.6439163815,964548.92121341254,3174226.8789277002,-164.28554645121648,525.21499072408562,121.62356668252704,-0.45432203398991505,0.26889510790687354,0.81918444340781904,-0.22410657744394533,0.00062664707993860557,-1.7398528328057554e-05,-0.00060113065116761805
2,500,7.2000000000000002,5448204.7855489952,964653.96265629923,3174251.2045511673,-164.29811667110584,525.19943964543597,121.63268364877594,-0.45435358384646468,0.26881172991704988,0.81918634278332381,-0.22413569662630589,0.00075084729013842231,-1.3980096092737008e-05,-0.00064330206203120385
2,500,7.4000000000000004,5448171.9246738786,964759.00098999054,3174275.5320075466,-164.31062471439165,525.1838996518311,121.64189526453896,-0.45438759885962476,0.26872361936040723,0.81918701094981938,-0.22416995224946745,0.0007771473577103293,-1.4525616566077086e-05,-0.00063814029525512074
2,500,7.5999999999999996,5448139.0613027634,964864.03621750465,3174299.8613144588,-164.32307813298175,525.16838006921967,121.65118394896059,-0.45442064423365119,0.26863783514764844,0.819187357326289,-0.22420451649828413,0.00073605934023587133,-1.7967744156597548e-05,-0.00059863785301048013
2,500,7.7999999999999998,5448106.1954455618,964969.06834444823,3174324.1924836803,-164.33548736506228,525.15289709063359,121.6605106177612,-0.45445053595699159,0.26855889860801069,0.81918792580425737,-0.22423641667528901,0.00065806715617301216,-2.297043862211662e-05,-0.00053962920751005148
2,500,8,5448073.327110081,965074.09738014091,3174348.5255179182,-164.34786251934727,525.13747113123497,121.66982544006106,-0.4544762966973912,0.26848886708867065,0.81918894856474334,-0.22426433184761532,0.0005694496680234048,-2.8238283804622703e-05,-0.00047497232769421691
2,500,8.1999999999999993,5448040.4563023243,965179.12333814602,3174372.860409684,-164.36021095394239,525.12212377786193,121.67907790729662,-0.45449794633301438,0.26842774927256385,0.81919042401279152,-0.22428822841442408,0.00048974652597848895,-3.2735117615614802e-05,-0.00041564734547692338
2,500,8.4000000000000004,5448007.5830272501,965284.1462362326,3174397.1971419994,-164.37253591085752,525.10687502755229,121.68822464552608,-0.4545162016481587,0.26837411054793558,0.81919220299648532,-0.22430892487081289,0.00043085549616116853,-3.5800461620696959e-05,-0.00036882123013231097
2,500,8.5999999999999996,5447974.7072895924,965389.16609583132,3174421.5356903602,-164.38483622657242,525.09174124613969,121.69723421752573,-0.45453215419599452,0.26832572639647501,0.81919406984515075,-0.2243276650043215,0.00039748797024361638,-3.7171826006098264e-05,-0.00033776278824970587
2,500,8.8000000000000007,5447941.8290947303,965494.18294118065,3174445.8760253298,-164.39710693026402,525.07673403097931,121.70608888007681,-0.45454698139776606,0.26828017207873778,0.81919580794046964,-0.22434575820448038,0.00038856371137939867,-3.6933846603968374e-05,-0.00032239053210439617
2,500,9,5447908.9484493025,965599.19679833204,3174470.2181152427,-164.40934044309617,525.06185995570775,121.71478377142023,-0.45456172572477216,0.26823527600832658,0.81919724486391865,-0.22436432028782766,0.00039908723464554644,-3.5421484040704123e-05,-0.00032019588675823868
2,500,9.1999999999999993,5447876.065361619,965704.20769418241,3174494.5619285391,-164.42152804751444,525.04712103428506,121.72332430587011,-0.45457715747312344,0.2681894048714954,0.81919827611068796,-0.22438412474059991,0.00042209308515236119,-3.3105017682028024e-05,-0.00032729536264461168
2,500,9.4000000000000004,5447843.1798417158,965809.21565565595,3174518.9074354842,-164.43366132089656,525.0325156664926,121.73172264433514,-0.45459371948973865,0.26814158302572916,0.81919886992730828,-0.22440555510673532,0.00045034559684797908,-3.0480541411744975e-05,-0.00033941203547574071
2,500,9.5999999999999996,5447810.291901187,965914.22070908756,3174543.2546091378,-164.44573329811553,525.01803981118542,121.73999403565264,-0.45461153997784381,0.26809147360494057,0.81919905796771153,-0.22442863659550835,0.00047760030691209259,-2.7982792320062174e-05,-0.00035265196144071106
2,500,9.8000000000000007,5447777.4015528131,966019.22287986137,3174567.6034256578,-164.45773922223955,525.00368816263915,121.74815363969373,-0.45463049266993116,0.26803926266444805,0.81919891733410855,-0.22445311903294912,0.0004993535102460633,-2.5929196538602513e-05,-0.00036400973843781945
2,500,10,5447744.5088100648,966124.22219226079,3174591.9538640073,-164.46967684055198,524.98945516219646,121.75621420819562,-0.4546502818729225,0.26798549142302763,0.81919854935720471,-0.22447858318931427,0.00051310526795731381,-2.4496586633907081e-05,-0.00037159767132018308
2,500,10.199999999999999,5447711.6136866305,966229.21866949601,3174616.3059053519,-164.48154628693746,524.97533574541137,121.76418476494784,-0.4546705321018627,0.26793087737634769,0.8191980594965852,-0.22450454673253104,0.00051822952548714277,-2.3726267356186922e-05,-0.00037463774947644497
2,500,10.4,5447678.7161959577,966334.21233385312,3174640.6595322504,-164.49334965012525,524.96132579040636,121.77207023128283,-0.45469086681015936,0.26787615560154926,0.8191975413597149,-0.22453055277569434,0.0005155803589245914,-2.3549543415241148e-05,-0.0003732821084717753
2,500,10.6,5447645.8163509481,966439.20320690493,3174665.0147278593,-164.50509035621749,524.9474222865357,121.77987180721009,-0.45471096664945093,0.26782195982004342,0.81919706636760825,-0.2245562314913073,0.00050696911617227809,-2.3824496599384018e-05,-0.00036833665135339562
2,500,10.800000000000001,5447612.9141637152,966544.19130973192,3174689.3714752677,-164.51677249536644,524.93362327872114,121.78758784888906,-0.45473060351334404,0.26776875118809573,0.81919667928497164,-0.22458133218064419,0.00049463044993857644,-2.4375333825811906e-05,-0.00036095738151820924
2,500,11,5447580.0096455691,966649.1766631077,3174713.7297570645,-164.52840020274706,524.91992766095427,121.79521497300541,-0.45474965145016727,0.26771679310736846,0.8191963988408969,-0.22460572860095118,0.00048076465566015102,-2.5027431651443206e-05,-0.00035237438408125966
2,500,11.199999999999999,5447547.1028070124,966754.15928765072,3174738.089555061,-164.53997717138435,524.90633489459287,121.80274915377984,-0.45476807888101278,0.26766616357798995,0.81919622206115517,-0.22462940383450342,0.00046720783997029273,-2.5633639048465228e-05,-0.00034367914892603578
2,500,11.4,5447514.1936578834,966859.13920390548,3174762.45085028,-164.55150633731162,524.89284471714097,121.81018664113701,-0.45478592830686948,0.26761679302144414,0.81919613070597386,-0.22465242251829298,0.00045524729156332252,-2.6089907809256882e-05,-0.00033569132360387178
2,500,11.6,5447481.2822075263,966964.1164323627,3174786.8136230819,-164.56298974286989,524.87945689007142,121.81752460174499,-0.45480328999368591,0.26756851477796284,0.81919609829304085,-0.22467489813482283,0.00044557186707160773,-2.6340482676678132e-05,-0.00032890418421716922
2,500,11.800000000000001,5447448.3684649626,967069.09099345852,3174811.1778533836,-164.57442855649165,524.86617101444267,121.82476145395221,-0.45482027532974795,0.26752111696446029,0.81919609648780489,-0.22469696176451279,0.00043832875260026367,-2.6374452669591036e-05,-0.00032349598534930668
2,500,12,5447415.4524390474,967174.06290752091,3174835.5435209046,-164.58582320952752,524.85298642439795,121.8318969232398,-0.45483699407732214,0.26747438723235589,0.81919610005707921,-0.22471873674585632,0.00043324902463053353,-2.6216351276536929e-05,-0.00031938752551797145
2,500,12.199999999999999,5447382.5341386246,967279.03219471604,3174859.9106054497,-164.59717360297344,524.83990215360177,121.83893188158503,-0.45485353800346512,0.26742814536942777,0.81919609001278826,-0.22474032156637688,0.00042980382159478106,-2.5913735073976735e-05,-0.00031632437098188008
2,500,12.4,5447349.6135725807,967383.99887498724,3174884.2790870727,-164.60847933799442,524.82691695966389,121.84586805134609,-0.45486997171610749,0.26738226196238046,0.8191960549483629,-0.2247617813951199,0.00042735848038213915,-2.5524395685770751e-05,-0.0003139641752400387
2,500,12.6,5447316.6907498939,967488.96296800754,3174908.6489462382,-164.61973993179129,524.81402938665963,121.85270765435118,-0.45488633018916952,0.26733666400020439,0.81919599084661443,-0.22478314720882728,0.00042530114821274546,-2.5105243853493812e-05,-0.00031195404617191848
2,500,12.800000000000001,5447283.765679636,967593.92449314403,3174933.0201638602,-164.63095499176458,524.8012378454531,121.85945307435259,-0.45490262155919858,0.26729133010092893,0.8191958997981148,-0.22480442056463634,0.0004231327329976624,-2.4704129899055192e-05,-0.00030998855638632013
2,500,13,5447250.8383709379,967698.88346943806,3174957.3927213405,-164.64212433451002,524.78854069425404,121.86610658064475,-0.4549188333151189,0.26724627892421926,0.81919578813926552,-0.22482558171003908,0.00042051465757138458,-2.4355093717194554e-05,-0.00030784457509725643
2,500,13.199999999999999,5447217.9088329365,967803.83991560456,3174981.7666004989,-164.65324804202163,524.77593630736055,121.872670141594,-0.4549349401305961,0.26720155451693478,0.81919566434018853,-0.22484659890321199,0.00041727843510897873,-2.4076885996424255e-05,-0.00030539376467888141
2,500,13.4,5447184.9770747358,967908.79385003971,3175006.1417835075,-164.66432647135633,524.76342312363863,121.87914532855133,-0.45495091138234295,0.26715721155092065,0.81919553729628847,-0.22486743699912978,0.00041340595791002028,-2.3874141933912084e-05,-0.00030259685108570042
2,500,13.6,5447152.043105334,968013.74529083504,3175030.5182528226,-164.67536022004197,524.75099967385688,121.88553330543256,-0.45496671764258806,0.26711330301603131,0.81919541484921532,-0.22488806433294145,0.00040899155441554623,-2.3740356603772383e-05,-0.0002994855136981225
2,500,13.800000000000001,5447119.1069335798,968118.69425579847,3175054.8959910767,-164.68635006730247,524.73866458806197,121.89183488092895,-0.454982335147879,0.26706987147539685,0.81919530293837362,-0.22490845714913549,0.00040419671559991749,-2.3661742773525533e-05,-0.00029613809014520146
2,500,14,5447086.1685681744,968223.64076247509,3175079.2749810545,-164.69729690488617,524.72641658755288,121.89805059926596,-0.45499774819849248,0.26702694434637114,0.81919520525400213,-0.22492860159658401,0.00039920657571269186,-2.3621165551396779e-05,-0.00029265457722835761
2,500,14.199999999999999,5447053.2280176142,968328.58482816047,3175103.6552056214,-164.70820166998078,524.71425446706064,121.9041808454965,-0.45501294965794847,0.26698453284400636,0.8191951233254201,-0.22494849362796548,0.00039419448842689854,-2.3601544674854529e-05,-0.00028913503092745579
2,500,14.4,5447020.2852902394,968433.52646991168,3175128.0366477165,-164.7190652891619,524.70217707270763,121.91022594545633,-0.45502793998824947,0.26694263375832128,0.81919505691419925,-0.22496813738741464,0.00038929804908897507,-2.3588354755058122e-05,-0.00028566382255499516
2,500,14.6,5446987.3403941821,968538.46570456377,3175152.4192903456,-164.72988863843131,524.69018328042876,121.91618624659927,-0.45504272536625973,0.26690123301764457,0.81919500457013306,-0.22498754274903182,0.00038460721138662964,-2.35710867645341e-05,-0.00028230062455619932
2,500,14.800000000000001,5446954.3933374137,968643.40254872513,3175176.8031165903,-164.7406725207444,524.67827197814586,121.92206217252921,-0.4550573154219032,0.26686030999499993,0.81919496422107141,-0.22500672262228244,0.00038016307719235471,-2.3543726422682692e-05,-0.00027907770926046093
2,500,15,5446921.4441277571,968748.33701877994,3175201.1881096247,-164.75141765957068,524.66644205347427,121.92785424997555,-0.45507172105126892,0.26681984168128814,0.81919493369724161,-0.22502569050972912,0.00037596465335502347,-2.3504438474673393e-05,-0.00027600226921010789
2,500,15.199999999999999,5446888.4927728865,968853.26913089701,3175225.5742527461,-164.76212470509273,524.65469238735807,121.93356311150994,-0.45508595262341323,0.26677980610778029,0.81919491112756171,-0.22504445863127212,0.00037198035675604441,-2.3454715213492515e-05,-0.00027306203255929399
2,500,15.4,5446855.5392803699,968958.19890101254,3175249.9615293732,-164.77279424873893,524.64302185297959,121.93918948012691,-0.45510001875211847,0.26674018468563948,0.81919489518202793,-0.22506303675503583,0.00036816117949806072,-2.3398259530770276e-05,-0.00027023240024776041
2,500,15.6,5446822.5836576521,969063.12634484086,3175274.3499230905,-164.78342684171412,524.63142931862933,121.9447341429339,-0.45511392566970793,0.2667009633900197,0.81919488516493255,-0.22508143172628911,0.00036445300446983692,-2.33398406292332e-05,-0.00026748357501630085
2,500,15.800000000000001,5446789.6259120749,969168.0514778659,3175298.7394176279,-164.79402301376936,524.61991365295512,121.9501979209172,-0.45512767713644053,0.26666213291687085,0.8191948809853139,-0.22509964757873438,0.0003608063756835236,-2.3284300905904542e-05,-0.00026478656902086632
2,500,16,5446756.6660508486,969272.97431535204,3175323.1299969112,-164.80458328944721,524.60847373106424,121.95558164046759,-0.45514127475388538,0.2666236880667005,0.81919488304274668,-0.22511768605264992,0.00035718288622557133,-2.3235821816955759e-05,-0.00026211745452840512
2,500,16.199999999999999,5446723.7040811181,969377.89487233397,3175347.5216450011,-164.81510820016919,524.59710844024039,121.96088611054373,-0.45515471852368583,0.266585626661551,0.81919489206922125,-0.22513554732824687,0.00035355810307890502,-2.3197488521551616e-05,-0.00025945966963973675
2,500,16.399999999999999,5446690.7400098955,969482.81316363008,3175371.9143461273,-164.82559829156503,524.58581668444594,121.96611210745054,-0.45516800749812814,0.26654794829142908,0.81919490896351166,-0.22515323080088695,0.00034992151169138409,-2.3171137284019113e-05,-0.00025680454632697939
2,500,16.600000000000001,5446657.7738440773,969587.72920383839,3175396.3080846653,-164.83605412632392,524.57459738719353,121.97126036749678,-0.45518114039645796,0.26651065313272271,0.81919493464563564,-0.22517073576529129,0.00034627429834005344,-2.3157431361475895e-05,-0.00025415046082299502
2,500,16.800000000000001,5446624.8055904796,969692.6430073441,3175420.7028451385,-164.84647628340659,524.56344949274649,121.97633158652539,-0.45519411610055249,0.26647374100403631,0.81919496994835395,-0.2251880619261736,0.00034262590445203404,-2.315609137320483e-05,-0.0002515011133184667
2,500,17,5446591.8352557672,969797.5545883259,3175445.0986122126,-164.85686535476967,524.55237196590031,121.98132642453008,-0.45520693398586226,0.26643721074280546,0.81919501555228535,-0.2252052097023422,0.00033899022550888566,-2.3166203031568935e-05,-0.00024886344250617178
2,500,17.199999999999999,5446558.8628465068,969902.46396075503,3175469.4953706632,-164.86722194078021,524.54136379074009,121.98624551328282,-0.45521959408118151,0.26640105991320379,0.81919507196266539,-0.22522218033259878,0.0003353821457747432,-2.3186534474471162e-05,-0.00024624560036073928
2,500,17.399999999999999,5446525.8883691244,970007.3711383997,3175493.8931054091,-164.8775466453705,524.53042396882347,121.99108946499946,-0.4552320970792218,0.26636528480113386,0.819195139519861,-0.22523897582057237,0.00033181485992247214,-2.3215812641408938e-05,-0.00024365528766413992
2,500,17.600000000000001,5446492.91182994,970112.27613483358,3175518.2918014815,-164.88784007172404,524.51955151723291,121.99585888045,-0.45524444423719096,0.26632988061913626,0.81919521843269061,-0.22525559877078341,0.00032829818696638978,-2.3252928227696052e-05,-0.00024109861271976737
2,500,17.800000000000001,5446459.9332351433,970217.17896343244,3175542.6914440296,-164.89810281896965,524.50874546680586,122.00055435544616,-0.45525663721300713,0.26629484183212693,0.81919530882307223,-0.22527205217109941,0.00032483787091479663,-2.3297058022871522e-05,-0.00023857950975948871
2,500,18,5446426.9525908129,970322.07963738323,3175567.0920183333,-164.90833548008715,524.49800486076867,122.00517648518039,-0.45526867788036213,0.26626016252011964,0.8191954107719126,-0.22528833917019331,0.00032143570968248093,-2.3347709084163404e-05,-0.00023609965606943828
2,500,18.199999999999999,5446393.9699029112,970426.97816967778,3175591.4935097652,-164.9185386409776,524.48732875386111,122.00972586636229,-0.4552805681573257,0.26622583671104483,0.81919552435874388,-0.22530446288622344,0.00031809026724160231,-2.3404699884322198e-05,-0.00023365876539404882
2,500,18.399999999999999,5446360.9851772822,970531.87457312283,3175615.8959038598,-164.92871288049753,524.47671621193649,122.01420309745794,-0.45529230987159464,0.26619185863960038,0.81919564969064218,-0.22532042626825824,0.00031479789925388068,-2.3468098976761218e-05,-0.0002312551095487093
2,500,18.600000000000001,5446327.9984196508,970636.76886033977,3175640.2991862362,-164.93885877116654,524.4661663119565,122.01860877754014,-0.45530390467345849,0.2661582229115983,0.81919578691886941,-0.22533623201788169,0.00031155384664803749,-2.3538142501179636e-05,-0.00022888612468765178
2,500,18.800000000000001,5446295.0096356263,970741.66104376502,3175664.7033426422,-164.9489768802367,524.45567814225694,122.02294350433743,-0.45531535399707174,0.26612492457362086,0.81919593624402431,-0.22535188256698158,0.00030835320759509891,-2.3615149114564053e-05,-0.00022654898438151887
2,500,19,5446262.0188307147,970846.55113565305,3175689.108358949,-164.95906777086125,524.44525080294511,122.02720787202379,-0.45532665906292097,0.26609195910267541,0.81919609791206327,-0.22536738010002233,0.00030519166884996539,-2.3699446183643077e-05,-0.00022424105886456697
2,500,19.199999999999999,5446229.0260103028,970951.43914808263,3175713.514221143,-164.96913200314236,524.43488340631893,122.03140246918646,-0.45533782090987801,0.26605932233907081,0.81919627220433366,-0.22538272660530528,0.00030206594736985652,-2.3791315417735157e-05,-0.00022196021950323075
2,500,19.399999999999999,5446196.0311796581,971056.32509295258,3175737.9209153233,-164.97917013493716,524.42457507720405,122.03552787725931,-0.45534884044377971,0.26602701038832077,0.81919645942482555,-0.22539792393939076,0.00029897395176937996,-2.3890960838869697e-05,-0.00021970498286713445
2,500,19.600000000000001,5446163.0343439495,971161.20898199256,3175762.3284277231,-164.98918272236511,524.41432495317349,122.03958466955099,-0.45535971849047285,0.26599501951572646,0.81919665988740709,-0.22541297389108222,0.00029591471440874905,-2.3998497738693638e-05,-0.00021747451540444742
2,500,19.800000000000001,5446130.035508276,971266.09082675632,3175786.7367446623,-164.99917032002784,524.40413218461094,122.04357341087834,-0.45537045584384012,0.2659633460520297,0.81919687390504137,-0.22542787823512309,0.00029288816700366512,-2.4113958388075787e-05,-0.00021526853582860692
2,500,20,5446097.0346774915,971370.97063863277,3175811.1458525881,-165.00913348097885,524.39399593464316,122.04749465771447,-0.45538105330272843,0.26593198632180115,0.81919710178212979,-0.22544263877003839,0.00028989483729676048,-2.4237308806276799e-05,-0.00021308715822935062
2,500,20.199999999999999,5446064.0318564735,971475.8484288411,3175835.5557380635,-165.01907275654139,524.38391537896234,122.05134895869321,-0.45539151169408637,0.26590093659952424,0.8191973438103034,-0.22545725733853425,0.00028693553571076182,-2.4368470886912031e-05,-0.00021093071656185829
2,500,20.399999999999999,5446031.0270499401,971580.72420844249,3175859.9663877455,-165.02898869603229,524.37388970557402,122.05513685532009,-0.45540183188251288,0.26587019309263732,0.81919760026737565,-0.22547173583202959,0.00028401108366511214,-2.4507344878692161e-05,-0.00020879960299242047
2,500,20.600000000000001,5445998.0202625087,971685.59798832925,3175884.377788411,-165.0388818464638,524.36391811451779,122.0588588827367,-0.45541201476850279,0.2658397519468052,0.81919787141872735,-0.22548607618294417,0.00028112211476105664,-2.4653828564273798e-05,-0.00020669414163237228
2,500,20.800000000000001,5445965.0114986803,971790.4697792402,3175908.7899269406,-165.04875275227434,524.35399981759076,122.06251557042143,-0.45542206127880969,0.26580960926648328,0.81919815752023484,-0.22550028034929814,0.00027826896009912252,-2.480783106663382e-05,-0.00020461450777187106
2,500,21,5445932.0007628547,971895.33959175635,3175933.2027903181,-165.05860195512446,524.34413403809754,122.06610744275093,-0.45543197235265986,0.26577976114334173,0.81919845882183018,-0.22551435029614597,0.00027545161286129553,-2.4969280627302897e-05,-0.00020256069291127253
2,500,21.199999999999999,5445898.9880593112,972000.20743630489,3175957.6163656288,-165.06842999376602,524.33432001063977,122.06963501939288,-0.45544174892717237,0.26575020368588992,0.81919877557095033,-0.22552828797763355,0.00027266975616678312,-2.513812684682682e-05,-0.00020053250861833526
2,500,21.399999999999999,5445865.9733922286,972105.0733231596,3175982.030640068,-165.07823740397717,524.32455698095521,122.07309881553296,-0.45545139192455097,0.26572093304527233,0.81919910801534934,-0.22554209532234767,0.00026992283263176423,-2.531433858457681e-05,-0.00019852961804573839
2,500,21.600000000000001,5445832.9567656871,972209.9372624465,3176006.4456009315,-165.08802471855861,524.31484420579272,122.07649934195808,-0.45546090224263353,0.26569194543416724,0.81919945640498659,-0.22555577422338002,0.00026721013345698308,-2.5497899112085518e-05,-0.00019655158268287281
2,500,21.800000000000001,5445799.9381836494,972314.79926414299,3176030.8612356186,-165.09779246782082,524.30518095276614,122.07983710480522,-0.4554702807266528,0.26566323712434831,0.81919982101300892,-0.22556932652213768,0.00026453088776907724,-2.5688800027817626e-05,-0.00019459791287318353
2,500,22,5445766.9176499732,972419.65933808091,3176055.2775316248,-165.10754117871144,524.29556650040729,122.08311260599821,-0.45547952825860644,0.26563480450300342,0.81920020205553057,-0.22558275405302278,0.00026188433820009151,-2.5887037255386826e-05,-0.00019266811317703871
2,500,22.199999999999999,5445733.8951684134,972524.51749394857,3176079.6944765402,-165.11727137477484,524.2860001381049,122.08632634320895,-0.45548864562200814,0.26560664399007916,0.81920059981150062,-0.2255960585786764,0.0002592697945775463,-2.6092602195528557e-05,-0.00019076171687155307
2,500,22.399999999999999,5445700.8707426256,972629.37374129414,3176104.1120580775,-165.12698357731853,524.27648116590319,122.08947880920924,-0.45549763359665801,0.26557875208444787,0.81920101454131178,-0.2256092418399514,0.00025668666325276651,-2.6305479533865053e-05,-0.00018887830712906016
2,500,22.600000000000001,5445667.8443761412,972734.22808952769,3176128.5302640167,-165.13667830484829,524.26700889450626,122.09257049217058,-0.45550649294039125,0.2655511253416431,0.81920144650574611,-0.22562230555028359,0.00025413445413380499,-2.6525646494744174e-05,-0.0001870175251872392
2,500,22.800000000000001,5445634.8160724249,972839.08054791926,3176152.9490822544,-165.14635607306502,524.25758264519686,122.09560187570086,-0.45551522439366054,0.2655237603647933,0.81920189596492454,-0.22563525140102975,0.00025161277032666152,-2.6753072618090953e-05,-0.00018517906774539553
2,500,23,5445601.7858348088,972943.93112560792,3176177.3685007724,-165.15601739484254,524.24820174974468,122.09857343892321,-0.45552382868350488,0.26549665379683279,0.81920236317746287,-0.22564808106577328,0.0002491212867406972,-2.6987720618447741e-05,-0.00018336267692348806
2,500,23.199999999999999,5445568.7536665294,973048.77983159886,3176201.7885076692,-165.16566278019255,524.23886555030379,122.10148565659077,-0.45553230652649396,0.26546980231479139,0.81920284839990754,-0.22566079620323071,0.0002466597239475042,-2.7229547863818876e-05,-0.00018156812634135728
2,500,23.399999999999999,5445535.7195707234,973153.62667476432,3176226.2090911102,-165.17529273622253,524.22957339929417,122.10433899922269,-0.45554065863051979,0.26544320262643173,0.81920335188644644,-0.22567339845871645,0.00024422782271495044,-2.7478508089674802e-05,-0.00017979520657244514
2,500,23.600000000000001,5445502.6835504277,973258.47166385199,3176250.630239374,-165.18490776709311,524.22032465929374,122.10713393324943,-0.45554888569551233,0.2654168514690467,0.81920387388886129,-0.22568588946435622,0.0002418253229750757,-2.773455298880696e-05,-0.0001780437123927152
2,500,23.800000000000001,5445469.6456085779,973363.31480748276,3176275.0519408304,-165.19450837397477,524.21111870291179,122.1098709211573,-0.45555698841331144,0.26539074560996068,0.81920441465665239,-0.22569827083838045,0.0002394519493009918,-2.7997633463907183e-05,-0.00017631343332364524
2,500,24,5445436.6057480099,973468.15611414635,3176299.474183918,-165.20409505501101,524.20195491267441,122.1125504216224,-0.45556496746699482,0.26536488184811635,0.81920497443725449,-0.22571054418389155,0.00023710740343017671,-2.8267700431060908e-05,-0.00017460414807200116
2,500,24.199999999999999,5445403.5639714543,973572.99559221871,3176323.8969571972,-165.21366830528291,524.19283268091522,122.11517288963272,-0.45557282352995632,0.26533925701615624,0.81920555347628354,-0.22572271108746103,0.00023479136301628672,-2.8544705153977344e-05,-0.00017291562263442391
2,500,24.399999999999999,5445370.5202815486,973677.83324994904,3176348.3202493051,-165.22322861678509,524.1837514096602,122.11773877659212,-0.45558055726500823,0.2653138679824617,0.81920615201774516,-0.22573477311785231,0.00023250348515931757,-2.8828599205856678e-05,-0.00017124761139241916
2,500,24.600000000000001,5445337.4746808326,973782.66909547301,3176372.7440489661,-165.23277647840104,524.17471051052939,122.12024853041223,-0.45558816932367741,0.2652887116527875,0.81920677030418199,-0.22574673182506053,0.00023024341283973477,-2.9119334150435793e-05,-0.00016959986019971142
2,500,24.800000000000001,5445304.4271717444,973887.50313680631,3176397.1683450025,-165.24231237588262,524.16570940463112,122.12270259559364,-0.45559566034580967,0.26526378497128111,0.81920740857673491,-0.22575858873975579,0.00022801078244886341,-2.9416861074807629e-05,-0.00016797211042922106
2,500,25,5445271.3777566394,973992.33538185153,3176421.593126317,-165.25183679183215,524.15674752247037,122.12510141329675,-0.45560303095950289,0.26523908492083503,0.81920806707512717,-0.22577034537313848,0.00022580523094364803,-2.9721130097622558e-05,-0.00016636410308701829
2,500,25.199999999999999,5445238.3264377611,974097.16583839396,3176446.0183819118,-165.26135020568051,524.1478243038498,122.12744542141115,-0.4556102817813405,0.2652146085228349,0.81920874603757943,-0.2257820032171379,0.00022362640158805241,-3.003208993534923e-05,-0.00016477558231877483
2,500,25.399999999999999,5445205.273217259,974201.99451411352,3176470.4441008708,-165.27085309366814,524.13893919777843,122.1297350546247,-0.45561741341685225,0.26519035283645087,0.81920944570067888,-0.22579356374485648,0.00022147394777166754,-3.034968757766885e-05,-0.00016320629792639121
2,500,25.600000000000001,5445172.218097196,974306.82141657616,3176494.8702723449,-165.28034592881878,524.13009166237805,122.13197074449289,-0.45562442646110846,0.26516631495764548,0.81921016629922838,-0.22580502841114777,0.0002193475348201133,-3.0673868108634019e-05,-0.00016165600676342726
2,500,25.800000000000001,5445139.1610795269,974411.64655324677,3176519.2968855975,-165.28982918091575,524.1212811647905,122.13415291951064,-0.45563132149937674,0.26514249201807139,0.81921090806608887,-0.22581639865322645,0.00021724684003801009,-3.1004574651798684e-05,-0.0001601244730818449
2,500,26,5445106.1021661274,974516.46993147663,3176543.7239299738,-165.2993033164762,524.11250718108124,122.13628200518541,-0.45563809910774972,0.26511888118400639,0.81921167123203453,-0.22582767589122973,0.00021517155148424825,-3.1341748445105951e-05,-0.00015861146807458827
2,500,26.199999999999999,5445073.0413587736,974621.29155851866,3176568.1513948902,-165.30876879872133,524.10376919614976,122.13835842411503,-0.45564475985370723,0.26509547965542174,0.81921245602563264,-0.22583886152868055,0.00021312136596921563,-3.1685328972831031e-05,-0.00015711676887689832
2,500,26.399999999999999,5445039.9786591539,974726.11144152132,3176592.5792698604,-165.31822608754692,524.09506670363021,122.14038259606461,-0.45565130429658135,0.26507228466523702,0.81921326267314643,-0.22584995695282781,0.00021109598681066133,-3.203525413601717e-05,-0.0001556401573347631
2,500,26.600000000000001,5445006.9140688572,974830.92958753381,3176617.007544471,-165.32767563949506,524.0863992058006,122.14235493804523,-0.45565773298792489,0.26504929347877609,0.81921409139846135,-0.22586096353487073,0.00020909512175653028,-3.2391460425217641e-05,-0.00015418141879074815
2,500,26.800000000000001,5444973.8475893838,974935.74600350356,3176641.436208406,-165.3371179077219,524.07776621348626,122.14427586439085,-0.4556640464717831,0.26502650339339334,0.81921494242303372,-0.22587188263008295,0.00020711848134929699,-3.2753883068772928e-05,-0.00015274034106850344
2,500,27,5444940.7792221485,975040.5606962865,3176665.8652514173,-165.34655334197089,524.06916724596886,122.14614578683324,-0.45567024528490602,0.26500391173823329,0.81921581596585091,-0.22588271557787076,0.00020516577784225902,-3.3122456139743434e-05,-0.00015131671374501166
2,500,27.199999999999999,5444907.7089684708,975145.37367263902,3176690.2946633385,-165.35598238854152,524.0606018308905,122.14796511457588,-0.45567632995691831,0.26498151587406943,0.81921671224339732,-0.22589346370179175,0.00020323672471177641,-3.3497112624101195e-05,-0.00014991032775900245
2,500,27.399999999999999,5444874.636829583,975250.18493922683,3176714.7244341094,-165.36540549026358,524.05206950416073,122.14973425436325,-0.45568230101047075,0.26495931319317212,0.81921763146962323,-0.22590412830956852,0.00020133103665393834,-3.3877784447874511e-05,-0.00014852097530990344
2,500,27.600000000000001,5444841.5628066352,975354.99450261949,3176739.1545537221,-165.37482308647,524.04356980986893,122.15145361054917,-0.45568815896139969,0.26493730111916397,0.81921857385590868,-0.22591471069311736,0.00019944842992162181,-3.4264402480840291e-05,-0.0001471484499756165
2,500,27.800000000000001,5444808.4869006872,975459.80236929737,3176763.5850122618,-165.3842356129677,524.03510230019253,122.15312358516229,-0.45569390431889978,0.26491547710684654,0.81921953961102256,-0.22592521212860125,0.00019758862286801713,-3.4656896509905824e-05,-0.00014579254697641002
2,500,28,5444775.4091127031,975564.60854565573,3176788.0157998898,-165.39364350201214,524.02666653530582,122.1547445779705,-0.45569953758572512,0.26489383864196814,0.819220528941075,-0.22593563387651994,0.00019575133652700237,-3.5055195202541606e-05,-0.00014445306348673581
2,500,28.199999999999999,5444742.3294435693,975669.41303800093,3176812.4469068544,-165.40304718227972,524.01826208329112,122.15631698654209,-0.45570505925841009,0.26487238324094481,0.81922154204946307,-0.22594597718182763,0.00019393629516444578,-3.5459226081271949e-05,-0.00014312979895218016
2,500,28.399999999999999,5444709.2478940859,975774.21585254988,3176836.8783234744,-165.41244707884172,524.00988852005253,122.15784120630641,-0.45571046982751767,0.26485110845053694,0.81922257913681218,-0.22595624327407859,0.00019214322666307663,-3.5868915499413369e-05,-0.00014182255532611644
2,500,28.600000000000001,5444676.1644649627,975879.01699544105,3176861.3100401526,-165.42184361313593,524.00154542922758,122.15931763061235,-0.45571576977789469,0.26483001184749694,0.81922364040091478,-0.22596643336758709,0.00019037186275466228,-3.628418862977902e-05,-0.00014053113722572902
2,500,28.800000000000001,5444643.0791568356,975983.81647272687,3176885.7420473685,-165.43123720294199,523.9932324020989,122.16074665078717,-0.4557209595889401,0.26480909103819794,0.81922472603666752,-0.22597654866159481,0.00018862193908573765,-3.6704969468720451e-05,-0.00013925535199339463
2,500,29,5444609.9919702495,976088.61429038178,3176910.174335673,-165.4406282623531,523.98494903750748,122.162128656194,-0.45572603973486914,0.26478834365826298,0.81922583623600931,-0.22598659034043889,0.00018689319516242771,-3.713118085659912e-05,-0.00013799500968474102
2,500,29.199999999999999,5444576.9029056765,976193.41045429511,3176934.6068957183,-165.45001720174909,523.97669494177046,122.16346403428747,-0.45573101068497091,0.26476776737220348,0.81922697118786325,-0.22599655957371007,0.00018518537417554242,-3.7562744499772782e-05,-0.0001367499229811976
2,500,29.399999999999999,5444543.8119635023,976298.20497028343,3176959.039718206,-165.45940442776961,523.96846972858941,122.164753170669,-0.45573587290385664,0.26474735987307157,0.81922813107808035,-0.22600645751640297,0.00018349822279134316,-3.7999581004455091e-05,-0.00013551990707440052
2,500,29.600000000000001,5444510.7191440156,976402.99784408673,3176983.4727939279,-165.46879034329046,523.96027301896891,122.16599644914017,-0.45574062685169864,0.26472711888213363,0.81922931608938487,-0.22601628530905521,0.00018183149094493103,-3.8441609922676851e-05,-0.00013430477954502802
2,500,29.800000000000001,5444477.624447437,976507.78908136662,3177007.9061137503,-165.47817534738306,523.9521044411307,122.16719425176234,-0.45574527298445588,0.26470704214856311,0.81923052640132377,-0.22602604407787319,0.00018018493160624786,-3.8888749736870973e-05,-0.00013310436021967458
2,500,30,5444444.5278739193,976612.57868771395,3177032.3396686167,-165.48755983530322,523.94396363043109,122.16834695890128,-0.45574981175409057,0.26468712744915252,0.81923176219021721,-0.22603573493485202,0.00017855830066258095,-3.9340917928342291e-05,-0.00013191847109050256
3,8000,0,5449387.1886701053,960873.98968958983,3173373.7226977898,-164.26000211708305,524.3764174302022,122.46902067237752,-0.45633719708098636,0.26438783688698342,0.81898292079183965,-0.22610265305333851,4.5787712080284339e-05,-4.460210700225898e-05,-3.5094609140643321e-05
3,8000,0.20000000000000001,5449354.3357200529,960978.86459571903,3173398.2165013156,-164.26949894828917,524.37264170683204,122.4690139180551,-0.45633555288448147,0.26438186605441649,0.8189848461671253,-0.22610597918633096,4.5786699561047482e-05,-4.441334890332331e-05,-3.5094590712232438e-05
3,8000,0.40000000000000002,5449321.4808715899,961083.73874591582,3173422.7103030998,-164.27898358412887,524.36885912784317,122.46900331657979,-0.45633393930051402,0.26437590372173581,0.81898675443354918,-0.22610929533345542,4.5785774838028797e-05,-4.3854017091036198e-05,-3.5094472567630914e-05
3,8000,0.59999999999999998,5449288.6241275165,961188.61213892186,3173447.2041024296,-164.2884546966126,524.36506983169591,122.46898953280692,-0.45633238272602383,0.26436995718838474,0.81898863087833318,-0.2261125929793272,4.5784779488311152e-05,-4.3026937027226411e-05,-3.509419450823859e-05
3,8000,0.80000000000000004,5449255.7654907638,961293.4847734177,3173471.69789878,-164.29790996165579,524.36127407146955,122.46897374246022,-0.45633090091940715,0.26436403137841513,0.81899046560176558,-0.2261158663889776,4.5783648174936296e-05,-4.2037036987497501e-05,-3.5093738723024847e-05
3,8000,1,5449222.9049647721,961398.35664813931,3173496.1916918862,-164.30734662296922,524.35747213943966,122.46895732955662,-0.45632950340616629,0.2643581289446375,0.81899225329184522,-0.22611911248259886,4.578238476399559e-05,-4.0978359070991561e-05,-3.5093121252402186e-05
3,8000,1.2,5449190.042504089,961503.22744096757,3173520.6856612479,-164.31776043616131,524.34717530516468,122.47256956927494,-0.45682916332505424,0.26267686733470752,0.81942828806111068,-0.2254889346025496,0.0039699532077896223,-8.1938709864657013e-06,-0.036943794802380789
3,8000,1.3999999999999999,5449157.1774860742,961608.09306142374,3173545.1821073107,-164.3336988501525,524.30047768113434,122.49679184084366,-0.45795307516064343,0.2586389210078297,0.82067930253977295,-0.22331675233543846,-0.0051543732922991886,0.0002510573374059748,-0.059140106414850638
3,8000,1.6000000000000001,5449124.3084507976,961712.94351386663,3173569.6868036659,-164.35809303520651,524.19242130254008,122.55725372631714,-0.45903134472841417,0.25407106975471244,0.82263161602136792,-0.2191240297014288,-0.027980442646240996,0.00090001775161494945,-0.067331921043857768
3,8000,1.8,5449091.4337656451,961817.76507474983,3173594.2081745001,-164.38959150655825,524.01036325427572,122.6650977974122,-0.45949067856523473,0.2505971566728592,0.82518442153132321,-0.21246188326651472,-0.061265258850901956,0.001828503173581432,-0.064278277758905558
3,8000,2,5449058.5524914088,961922.54251553386,3173618.7565324521,-164.42288997995038,523.75135354882002,122.82818869989934,-0.45893182768635038,0.24936381451845224,0.82822434506939491,-0.20308544945328999,-0.099819012664359108,0.002628006614932179,-0.053788947568013189
3,8000,2.2000000000000002,5449025.6650343109,962027.26133581961,3173643.3431174881,-164.44944268500385,523.43157573506062,123.04431949173161,-0.4562212181943669,0.25430624545579655,0.8307909227498762,-0.19229398396162464,-0.14597426023500867,0.0019582866207363148,0.033874551869961217
3,8000,2.3999999999999999,5448992.7737965258,962131.91553024238,3173667.9755174075,-164.46055403365779,523.1166839635971,123.27931652437485,-0.45100845028347991,0.2667617432280176,0.83200277280501078,-0.1822112405084185,-0.1611300910834754,-0.0011592194723894058,0.092108117139153428
3,8000,2.6000000000000001,5448959.8812891478,962236.51217593614,3173692.6533489595,-164.4647891299268,522.86353498537562,123.49209863202726,-0.44460128824265982,0.28259009013478942,0.83192313301157217,-0.1742883708420874,-0.14092618400806248,-0.0051187508349558467,0.11982409921856532
3,8000,2.7999999999999998,5448926.9876346374,962341.06682161673,3173717.3680321509,-164.47036884828373,522.69525249506739,123.637959793663,-0.43850944243906204,0.29790715117303973,0.83070023656251757,-0.16999386796800639,-0.090702048168798496,-0.0074463314774959443,0.12119413686430774
3,8000,3,5448894.09388451,962445.59524024185,3173742.1012136731,-164.4647984069646,522.60187677441093,123.67585574608447,-0.43420995767116766,0.30978929113700621,0.82853997842754401,-0.17033441197632063,-0.021149021123410692,-0.0063595835331650011,0.10348643104200315
3,8000,3.2000000000000002,5448861.2029967476,962550.11253839929,3173766.8320522727,-164.44044658621337,522.58147910234754,123.62075818277746,-0.43314555226833062,0.31483026161486716,0.82619960650088597,-0.17510296153822866,0.059326691868670428,-0.003345241328509635,0.038180040709874775
3,8000,3.3999999999999999,5448828.319259773,962654.63093098381,3173791.5466726376,-164.39291095266162,522.60777637459205,123.52254382424472,-0.43564961913506339,0.31173067662098286,0.82429749510059447,-0.1832130840627493,0.12264204670630224,-0.0011326827824563359,-0.015587190133340227
3,8000,3.6000000000000001,5448795.4472857891,962759.15696919535,3173816.2411869173,-164.32400699902797,522.65414394229708,123.42532522858714,-0.44062169072857582,0.30259328368016347,0.82271283374383697,-0.193477191225046,0.15980462443964139,-0.0010498984155874625,-0.052389208487867565
3,8000,3.7999999999999998,5448762.5902278647,962863.69265092246,3173840.9184299242,-164.24681386149189,522.70166750189469,123.35190008157065,-0.44666879071777826,0.2900113149881921,0.82133287299156521,-0.20443272810623694,0.16925507734383519,-0.0025920866311449492,-0.0709195788788783
3,8000,4,5448729.7477387972,962968.23688752414,3173865.5838773241,-164.18186120013092,522.73813737719001,123.30712110665118,-0.45256425077605239,0.27655209407626641,0.82012480444139479,-0.21470874067328111,0.15494974227518979,-0.0044838383303620107,-0.073128886990535047
3,8000,4.2000000000000002,5448696.9154210035,963072.78670864995,3173890.2428781474,-164.14749660067341,522.75681727815231,123.28625892932813,-0.45747557791512694,0.26434974088003038,0.81913621201265119,-0.22327376979270622,0.12411629353918249,-0.0056900820088981955,-0.063069494052622799
3,8000,4.4000000000000004,5448664.0861882735,963177.33818337577,3173914.8993481207,-164.15015314524777,522.75303709472894,123.27879355250447,-0.46099137793018657,0.25484965211909882,0.81844108159206341,-0.22954912383020698,0.085057256980069038,-0.0057066145479745404,-0.045666509431389168
3,8000,4.5999999999999996,5448631.2535873018,963281.88593124994,3173939.5541450963,-164.17969318754922,522.72036577446386,123.26850824129642,-0.46306425662817258,0.24873682262801111,0.81806430184568479,-0.23339298478757195,0.045378873073358562,-0.0043235270678500092,-0.025671273052240921
3,8000,4.7999999999999998,5448598.4131216034,963386.42514385388,3173964.2065397082,-164.22696705522179,522.66992688270022,123.25507202836488,-0.46386945931980567,0.24600420193918812,0.81796785567624786,-0.23502264660882255,0.010904453441664541,-0.0023708238701368564,-0.0069402745262691756
3,8000,5,5448565.5623905277,963490.9535980759,3173988.8560905484,-164.28046017384497,522.61484797081971,123.24036205459916,-0.46367953319891358,0.24612194465265411,0.81807467408466228,-0.23490233390519383,-0.014792065785097674,-0.00058088679992638313,0.0079236610910790317
3,8000,5.2000000000000002,5448532.7011821829,963595.47150423226,3174013.5026885848,-164.33042778708807,522.56595510301565,123.22567721936525,-0.46280855533027604,0.24826046364391141,0.81829080249948927,-0.23361323988411878,-0.030366005675143387,0.00066284679357904138,0.017626236074866505
3,8000,5.4000000000000004,5448499.8308421904,963699.98086828832,3174038.1463852418,-164.371190120248,522.53024875118479,123.21132428269154,-0.46157346948813632,0.2515039513598229,0.81853067334772511,-0.23173957690476668,-0.036335152964454831,0.0012880699070077837,0.022026035954265204
3,8000,5.5999999999999996,5448466.9534395374,963804.48469011439,3174062.7872127676,-164.40104204163765,522.51072605775585,123.19688125054594,-0.46026032326206862,0.25501924934849673,0.81873398354436311,-0.22978311835729795,-0.034521928987439637,0.0014043959352611861,0.021849223913600432
3,8000,5.7999999999999998,5448434.0710881343,963908.98622055736,3174087.4250880014,-164.42099584323338,522.50705397391323,123.18169899150206,-0.45909463424587477,0.25816422282685197,0.8188702977486586,-0.22811134632866742,-0.027437625891287586,0.0011799953103857411,0.018347198876116209
3,8000,6,5448401.1855945066,964013.48832874978,3174112.059745342,-164.43243049895372,522.51529367614455,123.16402746216495,-0.45822281953176663,0.26053563714984956,0.81893345831287145,-0.22693836231673248,-0.017716715714028677,0.00083457883637891328,0.012961616585736102
3,8000,6.2000000000000002,5448368.2986340104,964117.99271769589,3174136.6903761234,-164.43615528290684,522.5293422163187,123.1416555864047,-0.45771591018591368,0.26196824022715903,0.81892784886056902,-0.22633153787213856,-0.007676916816866562,0.00058015713022396462,0.0070468057700070344
3,8000,6.4000000000000004,5448335.4114427585,964222.50028718181,3174161.316240612,-164.43520414334662,522.54672081038518,123.11677917321258,-0.45756768475600579,0.26249245948937433,0.81886689841060434,-0.22624439278277131,0.00095352941698682446,0.00037468857484205707,0.0016783927985596645
3,8000,6.5999999999999996,5448302.5246951953,964327.01148571132,3174185.9370798115,-164.43209550401534,522.56530856430686,123.09176372615235,-0.45770915477597696,0.26227415862101505,0.81877113080939279,-0.22655778668367932,0.0071462093219566312,0.00017605826206689812,-0.0024426152339083627
3,8000,6.7999999999999998,5448269.6386110438,964431.52637603309,3174210.5530597311,-164.4288761834386,522.58339527655835,123.06842491569395,-0.45803771369388957,0.26155194512208346,0.81866288047517277,-0.2271191778979092,0.010544687211776368,-3.2419184595698159e-05,-0.0050003289639558622
3,8000,7,5448236.7530426569,964536.04473001999,3174235.164630549,-164.42717314654843,522.59979328418297,123.04777039876234,-0.45844460379080626,0.26058023137452724,0.81856241096058269,-0.22777635442312008,0.011338251544457705,-0.00024476615343580046,-0.006010688583486805
3,8000,7.2000000000000002,5448203.8675609836,964640.5661368029,3174259.7723619961,-164.42816600897692,522.61385965394743,123.0300062350809,-0.45883564327928883,0.25958503711589886,0.81848522500345267,-0.22840183320863774,0.010083534005229797,-0.00044319980649004046,-0.0057299606988520683
3,8000,7.4000000000000004,5448170.9815490665,964745.09010731755,3174284.3767982982,-164.43254001900033,522.62542609779098,123.01469388709499,-0.45914334797075113,0.25873593844209203,0.81844050835619375,-0.22890660640172672,0.0075162028831729554,-0.00060792326746447062,-0.0045497225577410903
3,8000,7.5999999999999996,5448138.0943526598,964849.61609063426,3174308.9782860354,-164.4398594150251,522.63385889145638,123.00018151007356,-0.45933236845119918,0.25813471008521338,0.81842998954702639,-0.22924353633699046,0.0043851856807128782,-0.00068204358767984892,-0.0028986046959080564
3,8000,7.7999999999999998,5448105.2054346437,964954.14346838952,3174333.576859429,-164.44972422449516,522.63955940256142,122.98550242773082,-0.45939850492013951,0.25781782230258893,0.81844806594485309,-0.22940302424209849,0.0013297807697441348,-0.00066539499566099552,-0.0011645526189233272
3,8000,8,5448072.3143170122,965058.67180977436,3174358.1724613421,-164.46177197137558,522.6436876977815,122.9704423360476,-0.45935741367211397,0.25776706292345308,0.81848637055406848,-0.22940568648904755,-0.001192344373218113,-0.00059767589288395914,0.00035558984909473703
3,8000,8.1999999999999993,5448039.4206177061,965163.20091104251,3174382.765004565,-164.4754415806936,522.64732149578458,122.95490801054576,-0.45923637821633984,0.25792688091101301,0.81853600509214042,-0.22929125886970614,-0.0029291245296734617,-0.00051244540724922755,0.0014784520263266521
3,8000,8.4000000000000004,5448006.5240709782,965267.73076213163,3174407.3543922231,-164.490155566661,522.65130118116201,122.93889069474466,-0.45906727349656534,0.25822323358387095,0.81858895821564337,-0.22910721841388407,-0.0038190273958087825,-0.00043306639796332355,0.0021325601323194214
3,8000,8.5999999999999996,5447973.6245183405,965372.26149068505,3174431.9405317809,-164.50543151559455,522.65615795302244,122.92243866783757,-0.45888069257477282,0.25858030782748653,0.81863904172095447,-0.22889922183383829,-0.0039498709710179252,-0.00037232503471103451,0.0023395553923226372
3,8000,8.8000000000000007,5447940.7218838856,965476.79329914146,3174456.5233443654,-164.52092963995614,522.66211343603027,122.90563752439157,-0.4587017572208133,0.25893301093956078,0.81868229278724169,-0.2287043883377331,-0.0035050887592934349,-0.0003342504899314644,0.0021857984889656515
3,8000,9,5447907.816145,965581.32640721765,3174481.1027706787,-164.53645401068584,522.66913024309747,122.88859506087471,-0.45854779734933399,0.25923438734374815,0.81871691449627815,-0.22854772779942395,-0.0027093007378516235,-0.00031680065065174971,0.0017914030972598822
3,8000,9.1999999999999993,5447874.9073090116,965685.86100355862,3174505.6787700802,-164.55186242660537,522.67690534966971,122.87134511265688,-0.45842786442086364,0.2594581831720898,0.81874285614708375,-0.22844141440570734,-0.001781957574326325,-0.00031029217382531719,0.0012822533404209498
3,8000,9.4000000000000004,5447841.9954173397,965790.39718769945,3174530.2512918087,-164.56701960476968,522.68496693053953,122.85385344397501,-0.45834418334233995,0.25959760320378411,0.81876094159423995,-0.22838610843658508,-0.0009041990509233138,-0.00030135344287141741,0.0007686083456492069
3,8000,9.5999999999999996,5447809.0805116566,965894.93499711237,3174554.8203133456,-164.58201913875212,522.69313082027952,122.83638873713269,-0.45829301942922768,0.25966098316607433,0.81877282182381483,-0.22837414128210023,-0.00020062810137226971,-0.00029406643617561966,0.00033189581603004065
3,8000,9.8000000000000007,5447776.1626138613,965999.4744367114,3174579.3858655584,-164.59695575853067,522.7012461369477,122.81919530132822,-0.45826631692450548,0.25966625903306401,0.81878079448778784,-0.22839314190704013,0.00026514349118297875,-0.00029175377564987024,1.9593091954777198e-05
3,8000,10,5447743.241727842,966104.01548447041,3174603.9480210044,-164.6119147151405,522.70919643713728,122.80244195093067,-0.45825415342239351,0.25963556796424164,0.81878726125438017,-0.22842925278204357,0.00048415311986490861,-0.00029560250673076093,-0.00015316290468626623
3,8000,10.199999999999999,5447710.3178414777,966208.55809924903,3174628.506877291,-164.62697067403323,522.71690760470506,122.78621017624076,-0.4582468548285023,0.25959064195476361,0.81879430298503375,-0.22846970925825666,0.0004888312514103396,-0.00030493642746252762,-0.0001972965897716047
3,8000,10.4,5447677.3909300091,966313.10222799215,3174653.0625387398,-164.6421605246494,522.72431522684781,122.77046969154166,-0.45823653097767136,0.25954950794732135,0.81880340025111609,-0.22850454336634873,0.00033677313255338803,-0.00031620992276756448,-0.00014108669676718823
3,8000,10.6,5447644.460971443,966417.64779769408,3174677.6150867702,-164.65744214865819,522.73131716558134,122.75506039912875,-0.45821821229622822,0.25952473926953062,0.81881515357534951,-0.22852729356142065,9.4892244577228653e-05,-0.00032211006537671496,-2.1054717995829426e-05
3,8000,10.800000000000001,5447611.5279458053,966522.19473180221,3174702.1645814506,-164.67283313903934,522.73797404994946,122.73992943146197,-0.45818976175222842,0.25952290816484558,0.81882947179000409,-0.22853511435050874,-0.00017364227113322923,-0.00032343331163451618,0.00012600586574020977
3,8000,11,5447578.5918307891,966626.74297070922,3174726.7110745125,-164.68833465281176,522.74438189849138,122.72503815903313,-0.45815118899491675,0.25954508352415745,0.81884591651642502,-0.22852834101125893,-0.000418374102473138,-0.00032210264993287634,0.00026890731240534831
3,8000,11.199999999999999,5447545.6526053892,966731.2924745084,3174751.2546104477,-164.7039343565985,522.75063844393708,122.71035311612199,-0.4581040658034134,0.25958813534983011,0.8188638673446158,-0.22850958762686482,-0.0006061188949820171,-0.00031988307566868326,0.00038548533851924494
3,8000,11.4,5447512.7102515725,966835.84322159679,3174775.7952276892,-164.71961628775841,522.75682682481113,122.69584728812912,-0.45805086876920276,0.2596463572868617,0.8188826634101376,-0.22848272217776455,-0.00072157500927713669,-0.00031805259416901963,0.00046367716324628087
3,8000,11.6,5447479.7647542702,966940.39520469552,3174800.332959963,-164.735367481227,522.7630061487489,122.68150069194766,-0.4579943610939744,0.25971306250653792,0.81890171101354481,-0.2284519163165111,-0.00076494819852705894,-0.00031728440769257033,0.00050071711481687272
3,8000,11.800000000000001,5447446.8161004316,967044.94842565211,3174824.8678377047,-164.75118110935398,522.76920857593359,122.66730037388011,-0.45793709712473091,0.25978190732531337,0.81892055031649236,-0.22842090091042533,-0.00074776559752540996,-0.0003176936530765493,0.00050108128011071848
3,8000,12,5447413.8642777074,967149.50289020885,3174849.399889424,-164.76705668533202,522.77544160876971,122.65323991194776,-0.45788109179745939,0.25984780568650478,0.81893888296078454,-0.22839249030827935,-0.00068802489582513702,-0.00031898576210607208,0.0004738406345958675
3,8000,12.199999999999999,5447380.9092733609,967254.05860359874,3174873.9291429305,-164.78299829645033,522.78169379123312,122.63931851350006,-0.45782766151176352,0.25990739954535685,0.81895656749743928,-0.22836837909187993,-0.00060562224817013038,-0.00032064505354564919,0.00042999863543592248
3,8000,12.4,5447347.9510735907,967358.61556746764,3174898.4556263369,-164.79901192376957,522.787941961716,122.62553981963731,-0.45777741464517291,0.25995912966994633,0.81897359285840965,-0.22834917066329255,-0.0005187055922911745,-0.00032211455536336432,0.0003802373905407915
3,8000,12.6,5447314.9896634389,967463.17377826804,3174922.9793688152,-164.8151027601528,522.79415845908829,122.61191054870564,-0.4577303531278385,0.2600030028635627,0.81899004014781618,-0.2283345713335434,-0.00044128074297858767,-0.00032293497435279109,0.00033331846066907226
3,8000,12.800000000000001,5447282.0250271717,967567.73322698299,3174947.5004010773,-164.83127316349817,522.80031712467519,122.59843911908239,-0.45768603930112794,0.26004017365140486,0.81900604210269234,-0.22832367489044239,-0.00038211226139784168,-0.00032282767565076806,0.00029521517345003714
3,8000,13,5447249.0571489641,967672.29389987781,3174972.0187555761,-164.84752157344434,522.80639745000519,122.58513437904314,-0.45764378474331524,0.26007245631063636,0.81902174692858754,-0.22831526846098357,-0.00034474557428477927,-0.00032172084414541357,0.00026891732905409926
3,8000,13.199999999999999,5447216.0860137064,967776.85577987274,3174996.5344664915,-164.86384243551242,522.81238669435379,122.57200454567415,-0.45760282577784467,0.26010186294566939,0.81903729079633303,-0.22830810545691754,-0.00032834642332158718,-0.0003197283588641879,0.00025475893376137785
3,8000,13.4,5447183.1116077406,967881.4188481553,3175021.0475695119,-164.88022695618096,522.8182801713956,122.5590564222984,-0.45756246247423987,0.26013023383672079,0.81905278032357143,-0.22830111130432654,-0.0003290062216612137,-0.00031709690884106209,0.00025107710063244579
3,8000,13.6,5447150.1339193936,967985.9830856967,3175045.558101505,-164.89666439675023,522.82408014477414,122.54629491903914,-0.45752214926754897,0.26015899361105249,0.81906828505328622,-0.22829350711913754,-0.00034118256270696977,-0.00031413869531580975,0.00025500942226975665
3,8000,13.800000000000001,5447117.1529392013,968090.54847445805,3175070.0661001154,-164.91314355470723,522.82979388173362,122.53372287476827,-0.45748153659186092,0.26018903822620371,0.81908383797903217,-0.22828485369382626,-0.00035901143438118733,-0.00031116546058674601,0.00026326691433269767
3,8000,14,5447084.1686598808,968195.1149981668,3175094.571603348,-164.92965413407347,522.83543140145071,122.5213411377871,-0.45744047076067246,0.26022073578730187,0.81909944144632341,-0.22827503016951037,-0.00037731852026026664,-0.00030843558949152284,0.00027276713748697947
3,8000,14.199999999999999,5447051.1810760172,968299.68264265056,3175119.0746492045,-164.94618777298896,522.84100336318966,122.50914884907296,-0.45739896313325262,0.26025401037604851,0.81911507631873071,-0.22826416791771964,-0.00039225068727797376,-0.00030612091817122075,0.00028106508439188036
3,8000,14.4,5447018.1901836302,968404.25139578839,3175143.5752753755,-164.96273861245396,522.84651939788762,122.4971438549579,-0.45735714239976721,0.26028847378968645,0.81913071149592542,-0.22825256229084021,-0.00040152981145218731,-0.00030429483463807207,0.00028656804413253564
3,8000,14.6,5446985.1959796492,968508.82124718931,3175168.0735190357,-164.97930339258343,522.85198703512685,122.48532317534512,-0.4573152016262057,0.26032357131827671,0.81914631255705395,-0.22824058184701115,-0.00040439009032083596,-0.00030293912267015068,0.00028855842730935658
3,8000,14.800000000000001,5446952.1984614125,968613.3921877133,3175192.5694167125,-164.99588114227879,522.85741124221295,122.47368346352532,-0.45727334993174173,0.26035871487428541,0.81916184827872618,-0.22822859013671951,-0.00040129353792360138,-0.00030196434650109864,0.00028707240350687622
3,8000,15,5446919.1976262759,968717.96420896007,3175217.0630042651,-165.01247259066571,522.86279448843436,122.46222140328454,-0.45723177528294906,0.26039338594476236,0.81917729444330589,-0.22821688915671923,-0.00039352798134602735,-0.00030123745115862602,0.00028269212957422697
3,8000,15.199999999999999,5446886.193471347,968822.53730280849,3175241.554316916,-165.02907944270288,522.86813718708424,122.4509340106743,-0.45719062082446432,0.26042719997705105,0.81919263543695464,-0.22820568745785158,-0.000382782467781689,-0.00030061049738949307,0.00027630750096697997
3,8000,15.4,5446853.1859933436,968927.11146106711,3175266.0433893469,-165.0457036542586,522.87343834623471,122.4398188262892,-0.45714997486825071,0.26045993242088095,0.81920786392605294,-0.22819509145242731,-0.00037077312881510542,-0.00029994566753332926,0.00026889318317146874
3,8000,15.6,5446820.1751886243,969031.68667526438,3175290.5302558024,-165.06234681963105,522.87869626958638,122.42887399747299,-0.45710987255484536,0.26049151268260717,0.81922297906105568,-0.22818511522785478,-0.00035896501790780289,-0.00029913339970449849,0.00026133201145035496
3,8000,15.800000000000001,5446787.1610532999,969136.26293657313,3175315.0149502177,-165.07900973624513,522.88390918329378,122.41809826740565,-0.4570703052028855,0.26052199523676861,0.81923798437791318,-0.228175702150795,-0.00034840809978930185,-0.0002981023334151674,0.00025430020229990681
3,8000,16,5446754.1435834253,969240.84023584379,3175339.4975063321,-165.09569217330741,522.88907570864922,122.40749089436046,-0.45703123432895593,0.26055151889292538,0.81925288533144713,-0.22816675201799133,-0.00033968268763696598,-0.0002968213617103539,0.00024821592900605035
3,8000,16.199999999999999,5446721.1227752129,969345.41856371588,3175363.9779577744,-165.11239283893386,522.89419514528538,122.3970515254253,-0.45699260620902699,0.26058026345614083,0.81926768751614754,-0.22815814769443066,-0.00033293361346969241,-0.00029529523985064157,0.00024324239881576068
3,8000,16.399999999999999,5446688.0986252222,969449.9979107664,3175388.4563381341,-165.1291094998424,522.8992675705199,122.38678005542397,-0.45695436512432974,0.2606084116605466,0.81928239514728496,-0.22814977748688678,-0.0003279639649254584,-0.00029355588986563157,0.00023933034298456669
3,8000,16.600000000000001,5446655.0711305412,969554.57826766209,3175412.9326809901,-165.14583921289417,522.90429378563351,122.37667648692283,-0.45691646293785348,0.26063612062047187,0.8192970105107773,-0.22814155056099583,-0.00032435763583334908,-0.00029165168627850329,0.00023628265388466073
3,8000,16.800000000000001,5446622.0402888935,969659.15962529043,3175437.407019923,-165.162578598355,522.909275159049,122.36674081494121,-0.45687886509362757,0.26066350510450065,0.81931153366695408,-0.22813340513326497,-0.00032160363072242151,-0.00028963680833010778,0.00023382503429913857
3,8000,17,5446589.0060986951,969763.74197485077,3175461.8793885028,-165.17932411909209,522.91421341620264,122.35697293805624,-0.4568415524627733,0.26069063176228213,0.81932596290933923,-0.22812530976958556,-0.00031920203616691472,-0.00028756222174252196,0.0002316698982064923
3,8000,17.199999999999999,5446555.9685590649,969868.32530790719,3175486.3498202683,-165.19607231150258,522.91911042482911,122.34737260743449,-0.45680452049207787,0.26071752263425635,0.81934029515450291,-0.22811725972751573,-0.00031673984739835056,-0.0002854692594072465,0.00022956524637843839
3,8000,17.399999999999999,5446522.9276698017,969972.90961639327,3175510.8183486895,-165.21281995929186,522.92396800881738,122.3379394039453,-0.45676777593107937,0.26074416456326993,0.8193545267385135,-0.22810926993501288,-0.00031393276003740026,-0.00028338612255734253,0.00022732482890023916
3,8000,17.600000000000001,5446489.8834313098,970077.49489259289,3175535.2850071341,-165.22956418707793,522.92878781401703,122.32867274534578,-0.456731332934185,0.260770521794225,0.81936865383836388,-0.22810136691049804,-0.00031063545093291077,-0.0002813271323126959,0.00022483984821531706
3,8000,17.800000000000001,5446456.8358445251,970182.08112909377,3175559.7498288434,-165.2463024902755,522.93357123199019,122.31957190922881,-0.45669520873201841,0.2607965485772451,0.8193826730752235,-0.22809358087310661,-0.00030682716859183046,-0.00027929416245488117,0.0002220753017287549
3,8000,18,5446423.7849108521,970286.66831873474,3175584.2128468985,-165.26303270386336,522.93831937972334,122.31063606919594,-0.45665942029313167,0.26082220013552215,0.81939658161329476,-0.22808593953695086,-0.0003025815235675674,-0.00027727952599824275,0.00021905565711965438
3,8000,18.199999999999999,5446390.7306321049,970391.25645455241,3175608.6740942122,-165.27975293559578,522.94303312297734,122.30186433276265,-0.45662398163684226,0.26084744035956897,0.81941037740422684,-0.22807846381068136,-0.00029802948071633859,-0.00027526951884201451,0.00021584497978144901
3,8000,18.399999999999999,5446357.6730104527,970495.84552973509,3175633.1336035104,-165.29646147904947,522.94771312867965,122.2932557771459,-0.45658890266069796,0.26087224624022692,0.81942405896182413,-0.22807116587417869,-0.00029332321659236938,-0.00027324795400446165,0.00021252613590964133
3,8000,18.600000000000001,5446324.6120483987,970600.43553759041,3175657.5914073396,-165.31315672291265,522.95235993071401,122.28480947927154,-0.45655418867320757,0.26089660887892152,0.81943762534534248,-0.22806404900556929,-0.00028860631541490416,-0.00027119915874432537,0.00020918260187655224
3,8000,18.800000000000001,5446291.5477487547,970705.02647152473,3175682.0475380598,-165.32983707558279,522.95697399471328,122.27652453489323,-0.45651984097413062,0.26092053209527422,0.81945107589565003,-0.22805710894759462,-0.00028399330986646941,-0.00026911013990201698,0.00020588505314122287
3,8000,19,5446258.4801146667,970809.61832503614,3175706.5020278539,-165.346500903303,522.96155577324942,122.26840007178406,-0.45648585794518204,0.26094402940345363,0.81946440997529757,-0.2280503361071369,-0.00027955929254289445,-0.0002669718118913344,0.00020268356913032666
3,8000,19.199999999999999,5446225.4091496067,970914.21109171398,3175730.9549087309,-165.36314649697781,522.96610574406895,122.26043525170265,-0.45645223611912644,0.26096712014595957,0.81947762694677539,-0.22804371791008754,-0.00027533853927404087,-0.00026477933892385391,0.00019960517980367704
3,8000,19.399999999999999,5446192.3348574052,971018.80476524832,3175755.4062125431,-165.37977205782965,522.97062443097002,122.25262926778731,-0.45641897154599459,0.26098982589814779,0.81949072590379224,-0.22803724114325427,-0.00027132994679607855,-0.00026253178321107492,0.00019665570979427081
3,8000,19.600000000000001,5446159.2572422484,971123.39933943923,3175779.8559709755,-165.39637570054688,522.97511240846973,122.24498133817583,-0.45638606058872855,0.2610121673130042,0.81950370576520182,-0.22803089363498807,-0.00026750660007318205,-0.00026023127626152064,0.00019382447724970549
3,8000,19.800000000000001,5446126.1763087204,971227.99480820564,3175804.3042155625,-165.41295547325649,522.97957029330587,122.2374906954981,-0.45635350062830876,0.26103416204622448,0.81951656522087235,-0.22802466541516364,-0.00026382685190732077,-0.00025788196637579574,0.00019109034040814589
3,8000,20,5446093.092061786,971332.59116559313,3175828.7509776875,-165.42950938033695,522.98399872854873,122.23015657834189,-0.45632129043196729,0.26105582370961716,0.81952930271660951,-0.22801854923366499,-0.00026024476021918114,-0.00025548895727070932,0.00018842777594945656
3,8000,20.199999999999999,5446060.0045068255,971437.18840577686,3175853.1962885791,-165.44603540854044,522.98839836414891,122.2229782228991,-0.45628943001780503,0.2610771616292058,0.8195419166441319,-0.22801254042908978,-0.00025671840697633237,-0.000253057385134,0.00018581202077023876
3,8000,20.399999999999999,5446026.9136496168,971541.78652306111,3175877.64017931,-165.4625315522847,522.99276983790423,122.21595485563931,-0.45625792050992986,0.26109818142390795,0.81955440535439306,-0.22800663651150604,-0.00025321535285069023,-0.00025059174353736572,0.00018322271622271411
3,8000,20.600000000000001,5445993.8194963308,971646.38551187504,3175902.0826808014,-165.47899583063014,522.99711376027676,122.20908568984568,-0.45622676386790317,0.26111888601266897,0.81956676716373367,-0.22800083653116199,-0.00024971513394567629,-0.00024809548726116066,0.00018064588067226255
3,8000,20.800000000000001,5445960.7220535371,971750.98536676657,3175926.5238238154,-165.49542629925048,523.00143070392915,122.2023699235025,-0.45619596237134702,0.26113927666409381,0.81957900052574073,-0.22799514029176604,-0.00024620919900602097,-0.00024557089014499457,0.00017807434688016288
3,8000,21,5445927.6213281909,971855.58608239342,3175950.9636389459,-165.5118210574596,523.00572119836249,122.1958067382281,-0.45616551834522495,0.26115935410488478,0.8195911040003766,-0.22798954774242519,-0.00024269898303246176,-0.00024301911956903937,0.00017550700659649132
3,8000,21.199999999999999,5445894.5173276188,971960.18765351514,3175975.4021566282,-165.52817824793266,523.00998572952528,122.18939530050537,-0.45613543396436085,0.26117911941595151,0.81960307620298223,-0.22798405852572451,-0.00023919292108737534,-0.00024044045559593118,0.00017294730137899146
3,8000,21.399999999999999,5445861.4100595163,972064.79007498419,3175999.8394071278,-165.54449605144066,523.01422474310777,122.18313476421412,-0.45610571095126307,0.26119857451943973,0.81961491591860847,-0.22797867161291208,-0.00023570315798378491,-0.00023783457666581764,0.00017040140004011172
3,8000,21.600000000000001,5445828.2995319422,972169.39334173896,3176024.2754205377,-165.56077268309474,523.01843864948898,122.17702427146068,-0.45607635060513285,0.26121772249619213,0.8196266220021925,-0.22797338524021066,-0.00023224255502065231,-0.00023520085668456579,0.00016787643460302462
3,8000,21.800000000000001,5445795.1857533054,972273.99744879582,3176048.7102267812,-165.57700638553047,523.02262782980915,122.17106295455858,-0.45604735377657901,0.26123656756179853,0.81963819339429866,-0.22796819692939607,-0.00022882238701619272,-0.00023253862717735707,0.00016537905773422902
3,8000,22,5445762.0687323688,972378.60239124612,3176073.1438556062,-165.59319542087627,523.02679264196274,122.16524993857927,-0.45601872103848817,0.26125511492938686,0.8196496290154226,-0.22796310368244796,-0.0002254509083623172,-0.00022984737345455559,0.00016291446334999138
3,8000,22.199999999999999,5445728.9484782312,972483.20816425071,3176097.5763365845,-165.60933806726339,523.03093342503848,122.15958434169015,-0.45599045265805693,0.26127337043055121,0.81966092786514666,-0.22795810211485631,-0.00022213278160487074,-0.00022712684750790274,0.0001604859009501121
3,8000,22.399999999999999,5445695.8250003429,972587.81476303609,3176122.0076991115,-165.62543261576266,523.03505050247827,122.15406527570573,-0.45596254880327253,0.26129134023439193,0.81967208892578902,-0.22795318871069184,-0.0002188692276364409,-0.00022437711515205065,0.00015809462804291843
3,8000,22.600000000000001,5445662.6983084995,972692.42218289198,3176146.4379724045,-165.64147736939296,523.03914418364889,122.14869184601235,-0.45593500959694461,0.26130903051605187,0.81968311119390969,-0.22794835998108828,-0.00021565868028867991,-0.00022159854212358234,0.00015574019072156525
3,8000,22.800000000000001,5445629.5684128283,972797.03041916958,3176170.8671855,-165.65747064079144,523.04321476446717,122.14346315266589,-0.45590783528120588,0.26132644727296678,0.81969399359785822,-0.22794361264244378,-0.00021249770670107301,-0.00021879174048000817,0.00015342090007747764
3,8000,23,5445596.4353237879,972901.63946727687,3176195.2953672549,-165.67341075537797,523.0472625264224,122.13837828891621,-0.45588102612185771,0.26134359609783331,0.81970473512149433,-0.22793894362336509,-0.00020938197668981997,-0.00021595748843939436,0.00015113437665207407
3,8000,23.199999999999999,5445563.2990521789,973006.24932267657,3176219.7225463432,-165.68929605269773,523.05128773539184,122.13343634097153,-0.45585458251176486,0.26136048217052316,0.81971533473044511,-0.22793435013259947,-0.00020630711487585555,-0.0002130966542304494,0.00014887805864982726
3,8000,23.399999999999999,5445530.1596091259,973110.85998088378,3176244.1487512579,-165.70512488862929,523.05529064017912,122.12863638740573,-0.45582850491272014,0.26137711024503074,0.81972579142072677,-0.22792982961572752,-0.00020326933230369751,-0.00021021012694486291,0.00014664960330490213
3,8000,23.600000000000001,5445497.0170060927,973215.47143746121,3176268.5740103042,-165.72089563629459,523.05927147135765,122.1239774992696,-0.45580279391896361,0.26139348476725921,0.81973610414660592,-0.22792537975276089,-0.00020026579686951187,-0.00020729876699521611,0.00014444714661233785
3,8000,23.800000000000001,5445463.8712548511,973320.083688015,3176292.9983516014,-165.73660668748468,523.06323044031603,122.11945873982042,-0.45577745008392911,0.26140960988902828,0.81974627194865735,-0.22792099832822627,-0.00019729475402640488,-0.00020436337054207502,0.00014226941834721041
3,8000,24,5445430.7223675046,973424.69672819239,3176317.4218030805,-165.75225645487174,523.06716773859273,122.11507916373176,-0.45575247397673485,0.26142548961938528,0.8197562938782974,-0.2279166832161898,-0.00019435544563774381,-0.0002014046588948352,0.00014011573299111356
3,8000,24.199999999999999,5445397.5703564612,973529.31055367703,3176341.8443924831,-165.76784337207593,523.07108353787669,122.11083781729889,-0.45572786612933297,0.26144112789872992,0.81976616902091959,-0.22791243231778699,-0.00019144789395193757,-0.00019842328316125129,0.00013798589126973369
3,8000,24.399999999999999,5445364.4152344484,973633.92516018439,3176366.2661473593,-165.78336589442571,523.07497799023315,122.1067337381439,-0.45570362699248546,0.26145652865096836,0.81977589651686233,-0.22790824351403771,-0.00018857262097535105,-0.00019541983842094225,0.00013588003182895576
3,8000,24.600000000000001,5445331.2570145018,973738.54054345877,3176390.6870950656,-165.7988224978736,523.07885122881305,122.10276595581564,-0.45567975701539332,0.26147169587472768,0.81978547548063996,-0.22790411469248895,-0.00018573036494722229,-0.00019239488531060244,0.00013379846986355496
3,8000,24.800000000000001,5445298.0957099507,973843.15669926954,3176415.1072627627,-165.81421167898921,523.08270336851353,122.09893349172756,-0.4556562565060937,0.26148663357835344,0.81979490511935293,-0.22790004367499392,-0.00018292183947825187,-0.00018934896565476537,0.00013174155170128803
3,8000,25,5445264.9313344257,973947.77362340654,3176439.5266774166,-165.82953195568786,523.08653450658528,122.09523535870872,-0.45563312572707682,0.26150134582523926,0.81980418465019134,-0.22789602827122199,-0.0001801475619842364,-0.00018628262129757214,0.00012970954404844647
3,8000,25.199999999999999,5445231.7639018577,974052.39131167741,3176463.9453657954,-165.84478186650418,523.09034472338465,122.09167056133141,-0.45561036488100215,0.26151583669979772,0.81981331331817064,-0.22789206628245695,-0.00017740775995867564,-0.00018319640747628942,0.00012770256610015489
3,8000,25.399999999999999,5445198.5934264651,974157.00975990552,3176488.3633544631,-165.85995997047439,523.09413408294688,122.08823809594475,-0.45558797412099861,0.26153011027975392,0.81982229039421362,-0.22788815551969765,-0.0001747023490028256,-0.00018009089999129201,0.0001257205637487793
3,8000,25.600000000000001,5445165.4199227495,974261.62896392378,3176512.7806697888,-165.87506484773812,523.09790263334867,122.08493695036883,-0.45556595353768686,0.26154417059479684,0.81983111519392793,-0.22788429380950923,-0.00017203096682995869,-0.00017696669740065925,0.00012376331867051507
3,8000,25.800000000000001,5445132.2434054986,974366.24891957373,3176537.197337931,-165.89009509807707,523.10165040724792,122.08176610473998,-0.45554430325881101,0.26155802165516984,0.81983978699648896,-0.2278804790538882,-0.00016939304286249664,-0.00017382442125358182,0.00012183048148744699
3,8000,26,5445099.0638897736,974470.86962270259,3176561.6133848494,-165.90504934199348,523.10537742196561,122.07872453101675,-0.45552302331707495,0.26157166735564402,0.81984830516526752,-0.22787670917076788,-0.00016678788282362546,-0.00017066470710568467,0.00011992161729791499
3,8000,26.199999999999999,5445065.881390918,974575.49106915866,3176586.0288362931,-165.91992622140393,523.10908367957984,122.07581119274764,-0.45550211374443489,0.26158511151894637,0.81985666906763854,-0.22787298214419632,-0.00016421475093563172,-0.00016748820133320852,0.00011803625304933949
3,8000,26.399999999999999,5445032.6959245335,974680.1132547895,3176610.4437178066,-165.93472439950665,523.11276916709744,122.07302504528948,-0.45548157454907395,0.26159835788062785,0.819864878095792,-0.22786929601292802,-0.00016167293736597249,-0.0001642955563770768,0.00011617391876203
3,8000,26.600000000000001,5444999.5075064898,974784.73617543885,3176634.8580547213,-165.94944256105299,523.11643385656623,122.07036503581625,-0.45546140571335952,0.26161141009278249,0.81987293166756325,-0.22786564886729124,-0.00015916180418476257,-0.00016108742636022585,0.00011433417772304126
3,8000,26.800000000000001,5444966.3161529303,974889.35982694244,3176659.2718721596,-165.96407941260452,523.12007770520415,122.06783010333373,-0.45544160719064791,0.26162427173141112,0.81988082922725769,-0.22786203884419406,-0.00015668080833124753,-0.00015786446403637052,0.00011251664383089988
3,8000,27,5444933.1218802342,974993.98420512734,3176683.6851950302,-165.97863368314108,523.12370065551124,122.06541917849921,-0.45542217887892211,0.2616369462922733,0.81988857026634809,-0.2278584641101418,-0.00015422950411097698,-0.00015462731905426975,0.0001107209867875978
3,8000,27.199999999999999,5444899.9247050434,975098.60930580681,3176708.0980480257,-165.99310412365702,523.12730263556023,122.06313118397995,-0.45540312070844485,0.26164943725193274,0.81989615424408024,-0.22785492290166581,-0.00015180753032652028,-0.0001513766397593071,0.00010894692757333548
3,8000,27.399999999999999,5444866.724644254,975203.23512477789,3176732.5104556265,-166.00748950675242,523.1308835592971,122.06096503477681,-0.45538443250229904,0.26166174799651432,0.8199035807077989,-0.22785141345292992,-0.00014941458817600245,-0.00014811306997519858,0.00010719422751511775
3,8000,27.600000000000001,5444833.5217149938,975307.86165781983,3176756.9224420902,-166.02178862823598,523.13444332660845,122.05891963748969,-0.45536611406576,0.26167388187919627,0.81991084921304536,-0.22784793403861461,-0.00014705041588588549,-0.00014483725093507893,0.00010546267440321277
3,8000,27.800000000000001,5444800.315934632,975412.48890069046,3176781.3340314571,-166.03600030658629,523.13798182369283,122.05699389071535,-0.45534816516250115,0.26168584220992741,0.8199179593435626,-0.22784448296132304,-0.00014471476497706035,-0.00014154982381999501,0.00010375206862914752
3,8000,28,5444767.1073207762,975517.11684912303,3176805.7452475494,-166.05012338306386,523.14149892335138,122.05518668509306,-0.45533058551429534,0.2616976322561439,0.81992491071123219,-0.2278410585516035,-0.00014240738145929652,-0.00013825143102573777,0.00010206221153164166
3,8000,28.199999999999999,5444733.8958912594,975621.74549882428,3176830.1561139589,-166.06415672182362,523.14499448527249,122.05349690335191,-0.45531337480126666,0.26170925524191829,0.81993170295596551,-0.22783765916883045,-0.00014012799360385263,-0.00013494271708162182,0.00010039289719625031
3,8000,28.399999999999999,5444700.6816641437,975726.37484547147,3176854.5666540624,-166.07809921002891,523.14846835631215,122.05192342035954,-0.45529653266246312,0.26172071434616656,0.81993833574559205,-0.22783428320255034,-0.00013787630645252199,-0.00013162432913958044,9.8743908071941561e-05
3,8000,28.600000000000001,5444667.4646577053,975831.00488470995,3176878.976891004,-166.09194975797195,523.15192037076281,122.05046510317271,-0.45528005869653326,0.26173201270050728,0.81994480877577058,-0.22783092907392483,-0.00013565200211997701,-0.00012829691704691794,9.7115014070449078e-05
3,8000,28.800000000000001,5444634.2448904412,975935.63561215077,3176903.386847706,-166.10570729919777,523.15535035061009,122.04912081109123,-0.45526395246233942,0.26174315338727827,0.81995112176993934,-0.22782759523699206,-0.00013345474428218609,-0.0001249611330723767,9.5505974352645402e-05
3,8000,29,5444601.022381057,976040.26702336816,3176927.7965468536,-166.1193707911691,523.15875810570662,122.04788939542861,-0.45524821345659644,0.26175413942493553,0.81995727449931755,-0.22782428016815817,-0.00013128418499074992,-0.00012161763139107354,9.3916540784201789e-05
3,8000,29.199999999999999,5444567.7971484652,976144.89911389758,3176952.2060109107,-166.13293921415817,523.16214343418847,122.04676970024141,-0.45523284120517088,0.26176497381961999,0.81996326670294617,-0.22782098241231957,-0.00012913997213710195,-0.00011826706961211769,9.2346462070075534e-05
3,8000,29.399999999999999,5444534.5692117745,976249.53187923203,3176976.6152621047,-166.14641157178391,523.16550612263836,122.04576056215802,-0.4552178351262523,0.26177565948635789,0.81996909820782149,-0.22781770051447386,-0.00012702175616855201,-0.00011491010366032992,9.0795487719216007e-05
3,8000,29.600000000000001,5444501.3385903034,976354.16531482211,3177001.0243224283,-166.15978689192241,523.16884594621786,122.04486081003616,-0.45520319462147818,0.26178619930195951,0.81997476884883913,-0.22781443306500193,-0.00012492919519837051,-0.0001115473890819085,8.926337125520208e-05
3,8000,29.800000000000001,5444468.1053035511,976458.79941607069,3177025.4332136423,-166.17306422633681,523.17216266896673,122.04406926529845,-0.4551889190527792,0.26179659609276368,0.81998027848888488,-0.22781117868773598,-0.0001228619581340444,-0.00010817958140476138,8.774987235964309e-05
3,8000,30,5444434.8693712056,976563.43417833315,3177049.8419572702,-166.18624265078708,523.1754560440404,122.04338474201133,-0.45517500774193742,0.26180685263572173,0.81998562701891697,-0.22780793603932684,-0.00012081972584718976,-0.00010480733590986587,8.6254757894132467e-05
3,500,0,5449387.1886701053,960873.98968958983,3173373.7226977898,-164.26000211708305,524.3764174302022,122.46902067237752,-0.45633719708098636,0.26438783688698342,0.81898292079183965,-0.22610265305333851,4.5787712080284339e-05,-4.460210700225898e-05,-3.5094609140643321e-05
3,500,0.20000000000000001,5449354.3357198257,960978.86459562054,3173398.216501323,-164.2694987135034,524.37264173938229,122.46901404551134,-0.45633555409447346,0.26438186638933725,0.81898484549310657,-0.2261059787940447,4.5786703267469919e-05,-4.4391351103831449e-05,-3.5094590051849408e-05
3,500,0.40000000000000002,5449321.4808714371,961083.73874582769,3173422.7103031506,-164.27898302389784,524.36885920965892,122.46900362570373,-0.45633394379707132,0.26437590496494412,0.8189867519283448,-0.22610929387895168,4.5785778902237477e-05,-4.3818084660468678e-05,-3.5094471130644371e-05
3,500,0.59999999999999998,5449288.6241275277,961188.61213885667,3173447.2041025665,-164.28845364119786,524.3650699812365,122.46899010936845,-0.45633239170961393,0.26436995967165855,0.8189886258729806,-0.22611259007511342,4.5784783824812233e-05,-4.2985521397040901e-05,-3.5094193690142504e-05
3,500,0.80000000000000004,5449255.7654910479,961293.48477339116,3173471.6978990645,-164.29790822019791,524.36127430809688,122.46897468116627,-0.45633091479753735,0.26436403521450152,0.81899045786920188,-0.22611586190345778,4.5783654445873916e-05,-4.1996963210773175e-05,-3.5093740582236057e-05
3,500,1,5449222.9049654892,961398.35664817027,3173496.1916924007,-164.30734402288664,524.35747247847303,122.46895871332586,-0.45632952197145993,0.26435813407620995,0.8189922429476888,-0.22611910648275033,4.5782394929358411e-05,-4.0944232128317849e-05,-3.5093127670626517e-05
3,500,1.2,5449190.0425016675,961503.22741666716,3173520.6856759111,-164.31780552428049,524.34685628746638,122.47275375933745,-0.45683751685037793,0.26264443126546094,0.81944068295880579,-0.22546474898579885,0.0036918364352370044,-3.6339198880423379e-06,-0.036422455470408371
3,500,1.3999999999999999,5449157.177468895,961608.09292639035,3173545.1821885649,-164.33378834221693,524.29972207223534,122.49726848949715,-0.45794138292961784,0.25865546378702536,0.82069640676380773,-0.22325870370178821,-0.0056327821630872523,0.00026400811308314477,-0.058312312860291149
3,500,1.6000000000000001,5449124.3084221547,961712.94321382151,3173569.6870017569,-164.35808616427073,524.19161923732156,122.55791630925778,-0.45898255283692951,0.25418702709897084,0.82264967104580899,-0.21902394885971865,-0.028396735335531106,0.00091147940485947188,-0.066489750918289375
3,500,1.8,5449091.4337641736,961817.76465952804,3173594.2085068058,-164.38930105449145,524.01011597472029,122.66573640242059,-0.45940233163810246,0.25081958083783623,0.82520135560031571,-0.21232465299443781,-0.061347094298022986,0.0018202816886688797,-0.063679335919380228
3,500,2,5449058.5525825787,961922.54215281573,3173618.7569678333,-164.422267823341,523.7521983950744,122.82853015268599,-0.45881327419423762,0.24966061347839333,0.82823868639009413,-0.20293012557914364,-0.099396323718791382,0.0025903060085245224,-0.053594165170419476
3,500,2.2000000000000002,5449025.6652723402,962027.26132720558,3173643.3435370424,-164.44866233315955,523.43444603339628,123.04366330915227,-0.45607274204938242,0.25468630135121512,0.83077843435664089,-0.19219712503449152,-0.14447025048726289,0.0018948699909549227,0.032584071236587332
3,500,2.3999999999999999,5448992.7741518505,962131.9163316621,3173667.9756459286,-164.46030020625457,523.12183410905175,123.27700842760854,-0.45090504371389878,0.26700072242667738,0.83198001569291191,-0.18222104506511172,-0.15882338928113196,-0.0011383752768833794,0.089833493409321438
3,500,2.6000000000000001,5448959.8815871952,962236.51416341134,3173692.6528498251,-164.46565424259555,522.87001816650002,123.48821915921525,-0.44460807947031167,0.28254277140906631,0.8319034411178623,-0.17444168839605032,-0.13856701684517908,-0.0049425522067798756,0.11730033880008506
3,500,2.7999999999999998,5448926.9876510538,962341.07012473408,3173717.3666865192,-164.47229444798393,522.70177944538852,123.63374136904501,-0.43865931329650221,0.2975388118048149,0.83069290506736648,-0.17028787331680259,-0.089086728629098763,-0.0071446956861569329,0.11911562056740355
3,500,3,5448894.0934544988,962445.59977159975,3173742.099178175,-164.46719471227499,522.60746824145497,123.67353890139556,-0.4344890473933038,0.30916301530820456,0.8285470924820898,-0.17072554934828543,-0.020828816389022457,-0.0060774212484470663,0.1023343496090561
3,500,3.2000000000000002,5448861.2020947952,962550.11800454755,3173766.8299181173,-164.44272136027092,522.5850749072722,123.62234727389905,-0.43350021522013804,0.31403727524073249,0.82623122033015184,-0.17549964021392961,0.05789830492846338,-0.0031961486364902323,0.038666433794809066
3,500,3.3999999999999999,5448828.317921143,962654.63686890947,3173791.5453118589,-164.39504779242711,522.60889701533517,123.52862772753524,-0.43597174300644637,0.31099671294814674,0.82433389726412021,-0.1835301328303236,0.11973269538856023,-0.0010960794826658147,-0.013753919330216285
3,500,3.6000000000000001,5448795.4455008022,962759.16290651925,3173816.2414167528,-164.32640400890685,522.65312450479837,123.43489067737553,-0.44082692702132026,0.30210247363130044,0.82274419120762909,-0.19364325878504862,0.15613783107749737,-0.0010099718501188504,-0.049786548152758799
3,500,3.7999999999999998,5448762.5879174648,962863.69823626138,3173840.9207819547,-164.24964177900225,522.69932913259845,123.36327427492202,-0.44672286031731906,0.28986864912292332,0.82135853187250718,-0.20441383134661992,0.16570122455483427,-0.0024589744832232254,-0.068209039383719375
3,500,4,5448729.7448638976,962968.2419589801,3173865.5885571595,-164.1844995553331,522.73551769322228,123.31882013115627,-0.45248117012858813,0.27677025257865084,0.82014771755922322,-0.21451512615433457,0.1522659330305999,-0.0042518637275003922,-0.070891320004168146
3,500,4.2000000000000002,5448696.9121485185,963072.79131722485,3173890.2498475257,-164.1485647604371,522.75497700018047,123.29734787516102,-0.45730007242702542,0.26485933059919248,0.81915707667203919,-0.22295260144457588,0.12277386026122107,-0.0054192115228898097,-0.061691594815172134
3,500,4.4000000000000004,5448664.0829649521,963177.34261722537,3173914.9084749464,-164.14858092606531,522.75356739982885,123.28955760350792,-0.46077867954587243,0.25552718694162929,0.8184562481360097,-0.22916857353657033,0.085178686687539668,-0.0054975759621621227,-0.045295035965723283
3,500,4.5999999999999996,5448631.2509942539,963281.89082014165,3173939.5654500136,-164.17485619830157,522.72443874415137,123.27954236572359,-0.46286351949240451,0.24943999069200254,0.8180687478812434,-0.23302484225226472,0.046773010064763205,-0.0042457301925726866,-0.026229750869938295
3,500,4.7999999999999998,5448598.4118489372,963386.43120262807,3173964.220083443,-164.21862730280804,522.67748071225867,123.26642525079926,-0.46371776819090899,0.24660567983636886,0.81795774690053769,-0.23472663764873511,0.013160529449810578,-0.0024165645496712291,-0.008188718682931969
3,500,5,5448565.5631010067,963490.96146013564,3173988.8719340195,-164.26909372837071,522.62516467584931,123.25199546374753,-0.46359997874927394,0.24653328847212369,0.81804937712093473,-0.23471602836373232,-0.01218419394678672,-0.0007052192933584663,0.00631083669000584
3,500,5.2000000000000002,5448532.7043963568,963595.48161493661,3174013.5208814293,-164.31691977637016,522.57792233456166,123.23752900171291,-0.46280973786768392,0.24844285282422493,0.81825329705898098,-0.23354836173159774,-0.027900772832166749,0.00051251581832990293,0.015983654929157116
3,500,5.4000000000000004,5448499.8368922221,963699.99343606015,3174038.1669677086,-164.35648822028466,522.5426562592279,123.22336934330129,-0.4616500922609022,0.25146660661239689,0.81848635796604652,-0.23178399405011416,-0.034401927125184278,0.0011517344828272356,0.020634996681916082
3,500,5.5999999999999996,5448466.9624824682,963804.49969240557,3174062.8102256847,-164.38592369466619,522.52250741444811,123.209149512542,-0.46039539020250542,0.25480874837511636,0.81868879577327847,-0.2299070292685477,-0.033352255975671596,0.0013033111175164108,0.020897240881506306
3,500,5.7999999999999998,5448434.0831507649,963909.00344928342,3174087.4505819986,-164.40598251805565,522.51743756511007,123.19425237423555,-0.45926353349304699,0.25784895476395708,0.81882911536843295,-0.22827571740236702,-0.02709156405101807,0.001120340683152406,0.017912280707165724
3,500,6,5448401.2005997011,964013.50748944946,3174112.0878153252,-164.41816722628593,522.52434824207069,123.17739397589756,-0.45839816444159076,0.26018934003930716,0.81889957674871727,-0.22710375022720786,-0.018103330805342877,0.00079186130422491581,0.013019303540451384
3,500,6.2000000000000002,5448368.3163864659,964118.01357055141,3174136.7212224696,-164.4229599182647,522.53721173798488,123.1560299811657,-0.45787172537218934,0.26165576795700835,0.81890357340542042,-0.22646562578757079,-0.008598305519726044,0.00054232636035098157,0.0074941646869066819
3,500,6.4000000000000004,5448335.4317242932,964222.52260159398,3174161.3500447641,-164.42310389060034,522.55349261801575,123.13193009680811,-0.45768541484030512,0.26226074467633009,0.81885280178002429,-0.22632598582858035,-0.00025193181604994067,0.00034588012076818128,0.0023672337736572275
3,500,6.5999999999999996,5448302.5472929766,964327.03506086674,3174185.973962042,-164.42101181802087,522.57118482767828,123.10732700778244,-0.45778013622212432,0.26214782001109532,0.81876621638080216,-0.22657835346155458,0.0059069878176065327,0.00016194995244034026,-0.0016713975637941642
3,500,6.7999999999999998,5448269.663337633,964431.55105872941,3174210.5930624735,-164.41863570261768,522.58864116214932,123.0840024240991,-0.45806302706494506,0.26153353449214767,0.81866494280022539,-0.22708189051980338,0.0094790749977404793,-2.816010043558226e-05,-0.0042876188401457837
3,500,7,5448236.7797532678,964536.07042211003,3174235.2077206238,-164.41752724946775,522.60468617422123,123.06301648137622,-0.45843302208745368,0.26065416114631296,0.81856847250517917,-0.22769327692625033,0.010584158073666462,-0.00022212015508036255,-0.0054592008016990726
3,500,7.2000000000000002,5448203.8961654147,964640.59279316687,3174259.818447357,-164.41882392577699,522.61864626109332,123.0446845210908,-0.45880056546961628,0.25972378546814967,0.81849203280529115,-0.22829014131389302,0.0097002572321297168,-0.00040553944021181097,-0.005394981367105982
3,500,7.4000000000000004,5448171.0120160114,964745.11772662424,3174284.4257529094,-164.42322129392178,522.63030887390505,123.02871680194781,-0.45909957283219571,0.2589070169842192,0.81844504812263852,-0.22878470662428591,0.007490588634836353,-0.00056144940385663791,-0.0044398445710254744
3,500,7.5999999999999996,5448138.1266810289,964849.6447348384,3174309.0300089405,-164.43053090896197,522.63923897466861,123.01385550908223,-0.45929276860883128,0.25830688391959133,0.81843025584901696,-0.22912796148505726,0.0046488029017905412,-0.00064629977466530383,-0.0029841665279146386
3,500,7.7999999999999998,5448105.2396440739,964954.17324015696,3174333.631288989,-164.4402208339784,522.6454457427086,122.99890903220157,-0.45937229262063517,0.25796597947091104,0.81844325035838206,-0.22930611886925675,0.0017817100740156835,-0.00064224070613883542,-0.0013906720722445635
3,500,8,5448072.3504527593,965058.70280154701,3174358.2295525572,-164.45200271026465,522.64997709078023,122.98366633267862,-0.45934991374735529,0.25787518353805761,0.81847652627500433,-0.22933430269436927,-0.00066216818084309699,-0.00058561570503666007,5.4612443526127756e-05
3,500,8.1999999999999993,5448039.4587367121,965163.23318704974,3174382.8247291604,-164.4653774589782,522.65384252766682,122.96803075585181,-0.45924905001729477,0.25798873989625903,0.81852186322131504,-0.22924676567764229,-0.0024200315725905184,-0.00050825615814741856,0.0011661017496418862
3,500,8.4000000000000004,5448006.5642315429,965267.7643492138,3174407.4167373497,-164.47980839050769,522.65785845887058,122.95198419111902,-0.45909830632365073,0.25824131882300977,0.81857166992812858,-0.22908641944555136,-0.0034057966091738169,-0.00043314976723230701,0.0018603080584508283
3,500,8.5999999999999996,5447973.6667741034,965372.29637746164,3174432.0054976763,-164.49483278475785,522.66257016251302,122.93556123726967,-0.45892596967164395,0.25856353180887615,0.81861990708212595,-0.22889583243980949,-0.0036759444447306599,-0.000373620406206618,0.0021411891830261792
3,500,8.8000000000000007,5447940.7662816178,965476.82944171911,3174456.5909413151,-164.51011413411251,522.66824016859948,122.91883093134011,-0.45875597137620222,0.25889386868469128,0.81866252917720994,-0.22871070548910685,-0.0033823871648191979,-0.00033468192227514235,0.0020758912623285069
3,500,9,5447907.8627251014,965581.36373896734,3174481.1730155428,-164.52544961473163,522.67488575268214,122.90188331060291,-0.45860551746419992,0.25918615701929493,0.81869749642553447,-0.22855617407439457,-0.0027232077012402981,-0.00031536209162723821,0.0017672435449761299
3,500,9.1999999999999993,5447874.9561047005,965685.89944997674,3174505.7516863006,-164.54073392113651,522.68232397007614,122.88479762856829,-0.45848433065594696,0.25941260311083153,0.81872447116183222,-0.22844574894492764,-0.001899506487507689,-0.00031002024343836418,0.0013281429404475697
3,500,9.4000000000000004,5447842.0464465264,965790.43668982049,3174530.3269185154,-164.55581381644609,522.69010777346409,122.86749819133139,-0.45839563664451599,0.25956326357126919,0.81874410855327906,-0.2283822173874254,-0.0010834085073993731,-0.00030402137501209204,0.00086129036927189379
3,500,9.5999999999999996,5447809.1337894434,965894.97550136654,3174554.8986835005,-164.57073926951736,522.69801613473794,122.8501667196546,-0.4583373365368123,0.25964273447374281,0.81875770670274906,-0.22836014119410941,-0.0003992006602384505,-0.00029802902119805465,0.00044597759356309474
3,500,9.8000000000000007,5447776.2181549827,965999.51589516702,3174579.4669984169,-164.58560192005234,522.705908809535,122.83303149245303,-0.4583030416644801,0.25966529866187715,0.81876723144092856,-0.22836916471030166,8.3020071458679578e-05,-0.00029541412296773975,0.00013207891272911689
3,500,10,5447743.2995474357,966104.05785622227,3174604.0319206202,-164.60048276217026,522.71367272017062,122.81626163505474,-0.45828420006646059,0.25965007774897569,0.81877484837182335,-0.22839697188906194,0.00034357983079672124,-0.0002977373681149765,-5.9758688534721581e-05
3,500,10.199999999999999,5447710.3779559536,966208.60135045601,3174628.5935338875,-164.61545201124451,522.72123096890971,122.79995146729107,-0.45827205270513133,0.25961676184821147,0.81878251615272457,-0.22843172704221296,0.00040264626891770765,-0.0003048647102267985,-0.00013343309717745854
3,500,10.4,5447677.4533571312,966313.1463318466,3174653.1519330754,-164.63055751644393,522.72853139093638,122.78410991027565,-0.45825910584936769,0.25958240839517122,0.8187917125497195,-0.22846377528570772,0.0003063151077603166,-0.00031473627891649589,-0.00011015335481759955
3,500,10.6,5447644.5257268697,966417.6927378244,3174677.7071994129,-164.64576130477653,522.73546642100109,122.76860218048556,-0.45824024298365973,0.25955958045319016,0.81880317414981862,-0.2284864676680492,0.0001124254295526097,-0.00032048551474497393,-2.0467694242949447e-05
3,500,10.800000000000001,5447611.595045561,966522.24049579445,3174702.2593923123,-164.66107009674283,522.74206302945242,122.7533700076964,-0.45821293375436933,0.25955562195078241,0.81881694921611359,-0.22849636787129307,-0.0001216150621483931,-0.00032187367307328111,0.0001030082212967164
3,500,11,5447578.6612916095,966626.78954579658,3174726.8085636282,-164.67648633278404,522.74840123841318,122.73838118164339,-0.45817664520954871,0.25957284584461138,0.81883273246766064,-0.22849301023050514,-0.00034764591217950088,-0.00032059693356137646,0.00023122110326439876
3,500,11.199999999999999,5447545.7244445654,966731.33984489006,3174751.3547590547,-164.69199893949252,522.75456811674428,122.72360658732504,-0.45813236385748124,0.25960952737488913,0.81885001848503802,-0.22847817775357895,-0.00053175118561436308,-0.00031829590189203882,0.00034223540546067229
3,500,11.4,5447512.7844866468,966835.89136688632,3174775.8980188835,-164.70759249457788,522.76064197227379,122.7090215564421,-0.45808203691500626,0.25966126467185069,0.81886823133035458,-0.22845501702241316,-0.00065569089443048476,-0.00031622506661548619,0.00042272169935205563
3,500,11.6,5447479.841403068,966940.44409949856,3174800.4383790018,-164.72325370954451,522.76668232996531,122.69460666577537,-0.45802802106661422,0.25972239011502929,0.81888682754670727,-0.22842717802666818,-0.00071550728528793541,-0.00031511023826072729,0.00046770503725661517
3,500,11.800000000000001,5447446.8951811809,967044.99804006924,3174824.9758719569,-164.73897481923183,522.7727257029992,122.68034806510727,-0.45797261913440207,0.2597871982345753,0.81890536484207144,-0.22839810679924544,-0.00071828595381450843,-0.00031516005553033303,0.00047908240019030367
3,500,12,5447413.9458092675,967149.55319096358,3174849.5105280727,-164.75475422971783,522.77878623514778,122.66623737899334,-0.45791775053326117,0.2598508480547711,0.81892353591135492,-0.22837056036673825,-0.00067807387621863721,-0.00031617946978204447,0.00046347210383412601
3,500,12.199999999999999,5447380.99327539,967254.10955545586,3174874.0423765294,-164.77059520757706,522.78485977002572,122.65227122945065,-0.45786476866909348,0.25990988683613558,0.8189411726701562,-0.22834635981783052,-0.00061181683447515103,-0.00031773105886959629,0.00042990985526256446
3,500,12.4,5447348.037566673,967358.66713464865,3174898.5714462469,-164.78650354695063,522.79092975307719,122.63845044214236,-0.45781441349760416,0.25996241599633296,0.81895822856978207,-0.22832635616818137,-0.00053594275438619519,-0.0003192986457413588,0.00038779103177991877
3,500,12.6,5447315.0786690768,967463.22592561226,3174923.0977666536,-164.80248504753132,522.79697352111225,122.62477903694339,-0.45776686954324031,0.26000796981310487,0.81897474830476347,-0.22831055696441033,-0.00046394785665840045,-0.00032042152657816013,0.00034531262001987731
3,500,12.800000000000001,5447282.1165675288,967567.78592075396,3174947.6213682196,-164.81854343596126,522.80296786699682,122.61126311396882,-0.45772189202407976,0.26004720340599291,0.81899083306495846,-0.22829835066899712,-0.00040509022172344737,-0.00032078238112854521,0.00030852216377769842
3,500,13,5447249.1512465477,967672.34710814327,3174972.1422827393,-164.83467908937311,522.80889318658853,122.59790975192686,-0.45767896332498248,0.26008149007254355,0.81900660784348278,-0.22828876748567106,-0.00036409493066466271,-0.00032024500592269287,0.00028095771256902606
3,500,13.199999999999999,5447216.1826909548,967776.90947250684,3174996.6605434329,-164.85088866396197,522.81473592850284,122.58472602188355,-0.45763744769608222,0.26011251516663836,0.81902219506363938,-0.22828072610940872,-0.00034164352758547518,-0.0003188478990625799,0.00026377518781041837
3,500,13.4,5447183.2108865837,967881.4729965505,3175021.1761848787,-164.86716552600566,522.82048941259961,122.57171819464666,-0.45759672108935912,0.26014193072338265,0.81903769658674119,-0.22827323167130931,-0.00033535995304479496,-0.00031676589479001199,0.00025621175728455359
3,500,13.6,5447150.2358208755,967986.03766228945,3175045.6892427686,-164.88350074976151,522.82615332454782,122.55889118865635,-0.45755626317570669,0.26017110826375922,0.81905318430472807,-0.22826550710472207,-0.00034100562324603076,-0.00031425456103609148,0.00025622244213643967
3,500,13.800000000000001,5447117.2574830782,968090.60345221136,3175070.1997536239,-164.89988439014897,522.83173232156912,122.54624827257342,-0.45751570793577823,0.26020100183478251,0.81906869817558259,-0.22825705532393897,-0.00035364138830351404,-0.00031159146300209153,0.00026114419722009918
3,500,14,5447084.2758645359,968195.1703500757,3175094.7077544536,-164.91630674875049,522.83723420893045,122.53379100688373,-0.45747485655435188,0.26023211292667642,0.81908424977286487,-0.22824766109714273,-0.00036858466191593095,-0.000309025520273527,0.00026827679214276866
3,500,14.199999999999999,5447051.2909583654,968299.73834136117,3175119.2132824101,-164.93275941113006,522.84266809187864,122.52151938501943,-0.45743366109237715,0.26026453529596305,0.81909982914929202,-0.22823734850896243,-0.00038206821720776182,-0.00030674157169308737,0.00027531263916399359
3,500,14.4,5447018.3027591892,968404.30741336884,3175143.7163745044,-164.94923591947946,522.84804280338119,122.50943211886432,-0.45739218954883382,0.26029805119902699,0.81911541295362811,-0.22822631255733822,-0.00039157876877825461,-0.00030484291687165178,0.00028058951956348293
3,500,14.6,5446985.3112626933,968508.87755503773,3175168.2170674019,-164.96573203561053,522.8533657841042,122.4975270068965,-0.45735058284700525,0.26033225021128897,0.81913097215446273,-0.22821484247681206,-0.00039590915067609287,-0.00030335083980387881,0.0002831747269648449
3,500,14.800000000000001,5446952.3164652102,968613.44875660026,3175192.7153972732,-164.98224562797995,522.85864247233769,122.48580132520075,-0.45730901260856716,0.2603666460550067,0.81914647827338549,-0.22820325094387761,-0.00039499330067936027,-0.00030221745095675411,0.00028281305670974094
3,500,15,5446919.3183633089,968718.0210091651,3175217.2113997042,-164.99877627193169,522.86387616557317,122.4742521906097,-0.45726764600749198,0.26040077378874449,0.81916190759065144,-0.22819181860319926,-0.00038960834658617388,-0.00030134679793805588,0.00027978348510210961
3,500,15.199999999999999,5446886.3169535166,968822.59430429712,3175241.705109729,-165.01532468051354,522.86906825107792,122.46287685892263,-0.45722662116472845,0.26043425752153854,0.81917724326758568,-0.22818075843508226,-0.00038102599861461147,-0.00030061900294730995,0.00027471147462497991
3,500,15.4,5446853.3122321684,968927.16863369069,3175266.1965618725,-165.03189208575461,522.87421867192018,122.45167293685805,-0.45718603395934698,0.26046684605126508,0.81919247567864406,-0.22817020018425627,-0.00037068114404289354,-0.00029991291437889448,0.00026837807145274086
3,500,15.6,5446820.3041953379,969031.74398892757,3175290.6857902058,-165.0484796727724,522.8793264932217,122.44063850162672,-0.45714593512273782,0.26049841951777331,0.81920760144534965,-0.22816019189082307,-0.00035990453719875876,-0.00029912405220613991,0.0002615563483136509
3,500,15.800000000000001,5446787.292838905,969136.32036136382,3175315.1728284741,-165.06508813910369,522.884390453469,122.42977213482493,-0.45710633520174893,0.26052897383792489,0.81922262172613769,-0.22815071369938297,-0.0003497438520465432,-0.00029817612606399208,0.00025489324600793734
3,500,16,5446754.2781586917,969240.89774210867,3175339.6577101927,-165.08171741701921,522.88940941852934,122.41907288651551,-0.45706721442292475,0.26055859132282733,0.81923754027089801,-0.2281416985086698,-0.0003408770722115885,-0.00029702581608956552,0.00024884293343611718
3,500,16.199999999999999,5446721.2601506105,969345.47612208372,3175364.1404687269,-165.09836656439941,522.89438269292782,122.40854019019481,-0.45702853452702552,0.26058740575106898,0.81925236165536575,-0.22813305440929213,-0.00033360676018845642,-0.00029566162614850345,0.00024364814182272203
3,500,16.399999999999999,5446688.2388108568,969450.05549213104,3175388.6211373471,-165.11503380069723,522.8993101776332,122.39817375215397,-0.45699025029860052,0.2606155688913408,0.81926708982614804,-0.22812468501076216,-0.00032791426225298496,-0.00029409834421680422,0.00023935942444634894
3,500,16.600000000000001,5446655.2141360482,969554.63584313577,3175413.099749296,-165.13171665364996,522.904192389679,122.38797343359462,-0.45695231877042286,0.26064322311688343,0.81928172736617499,-0.22811650492122054,-0.00032354923784840364,-0.00029236894659057322,0.0002358791074347167
3,500,16.800000000000001,5446622.1861233488,969659.21716613835,3175437.5763377808,-165.14841216969597,522.90903037703526,122.37793914267331,-0.45691470567585296,0.26067048294027573,0.81929627506958114,-0.22810844946634795,-0.00032013105242513972,-0.0002905157543119267,0.00023301642977227105
3,500,17,5446589.1547705475,969763.79945243301,3175462.0509360065,-165.16511714250973,522.91382556964129,122.3680707481947,-0.45687738863427579,0.2606974257832681,0.81931073203541716,-0.22810047855340285,-0.00031724306106825905,-0.00028858231896162123,0.00023054227536276989
3,500,17.199999999999999,5446556.120076078,969868.38269362319,3175486.5235771253,-165.18182832447684,522.91857960630284,122.35836801973824,-0.45684035757757313,0.26072409098743043,0.81932509602446268,-0.22809257570486224,-0.00031450703776109926,-0.00028660705830244163,0.00022823509425002041
3,500,17.399999999999999,5446523.0820389949,969972.96688164538,3175510.9942942332,-165.19854259498484,522.92329417067072,122.34883059526801,-0.45680361310006845,0.26075048499052839,0.81933936395543938,-0.22808474370072027,-0.00031163153385755315,-0.00028461915579623985,0.00022591324898637116
3,500,17.600000000000001,5446490.0406590141,970077.55200876761,3175535.4631203506,-165.21525707217617,522.92797085929556,122.33945797328802,-0.45676716356889924,0.26077659020406635,0.81935353241456232,-0.22807699841619636,-0.0003084336825186224,-0.0002826367761447463,0.00022345241970193655
3,500,17.800000000000001,5446456.9959363295,970182.13806755922,3175559.930088371,-165.231969166092,522.93261109370451,122.33024952417458,-0.45673102179578889,0.26080237521641075,0.8193675980860009,-0.22806936229496244,-0.00030483822657389472,-0.00028066729266923543,0.00022078939435734262
3,500,18,5446423.9478716571,970286.72505085578,3175584.3952310621,-165.24867658005442,522.93721607850307,122.32120451419055,-0.45669520191928809,0.26082780438007153,0.81938155805034507,-0.22806185856727768,-0.00030086007032720599,-0.00027870899953938769,0.00021791533035274573
3,500,18.199999999999999,5446390.8964661425,970391.31295170786,3175608.8585810247,-165.26537727286055,522.94178679984384,122.31232213571128,-0.45665971693435575,0.26085284546058818,0.81939540993544224,-0.22805450690849596,-0.00029657751781748964,-0.00027675369321805514,0.00021486237830899323
3,500,18.399999999999999,5446357.8417213168,970495.90176334267,3175633.3201707019,-165.28206939686021,522.94632405387529,122.30360153807443,-0.45662457708353132,0.2608774746819989,0.81940915193345121,-0.22804732082296342,-0.00029210287520249335,-0.0002747895327714126,0.00021168754103604361
3,500,18.600000000000001,5446324.7836390678,970600.49147913896,3175657.7800323609,-165.29875122668417,522.95082849293203,122.29504185484707,-0.45658978912867748,0.26090167908752193,0.81942278271696389,-0.22804030669407771,-0.00028755570231821042,-0.00027280369560088886,0.00020845702528297748
3,500,18.800000000000001,5446291.7222216222,970705.08209258865,3175682.2381981066,-165.31542109103228,522.95530067769619,122.28664222489633,-0.45655535637756728,0.26092545657301053,0.8194363012953223,-0.22803346419892001,-0.00028304215950285597,-0.00027078449692455753,0.00020523338773407518
3,500,19,5446258.6574715339,970809.67359729414,3175706.6946998551,-165.33207731635537,522.9597411258037,122.2784018061711,-0.45652127925436559,0.26094881421576632,0.81944970685140128,-0.22802678765551967,-0.00027864201717715402,-0.00026872280379792958,0.00020206672066965225
3,500,19.199999999999999,5446225.5893917093,970914.26598695759,3175731.1495693806,-165.34871818732879,522.9641503504248,122.27031978236198,-0.45648755617445719,0.2609717656181319,0.81946299859176874,-0.2280202678426049,-0.00027440328036638895,-0.00026661272063657965,0.00019899015799922182
3,500,19.399999999999999,5446192.5179853961,971018.8592553885,3175755.602838275,-165.36534192537013,522.9685288856042,122.26239536351056,-0.45645418450116998,0.26099432794424515,0.8194761756322575,-0.22801389388244181,-0.00027034320841699908,-0.00026445163543233009,0.00019601923434578041
3,500,19.600000000000001,5446159.4432562031,971123.4533965037,3175780.0545379864,-165.38194668354791,522.97287729805885,122.25462778215957,-0.4564211614095276,0.26101651919293894,0.81948923692934084,-0.22800765487796029,-0.00026645384448041202,-0.00026223978603421357,0.00019315415653660333
3,500,19.800000000000001,5446126.3652081201,971228.04840434063,3175804.5046997997,-165.39853055433284,522.97719618726319,122.24701628678743,-0.45638848454447234,0.26103835606658865,0.81950218125740271,-0.22800154111674797,-0.00026270997663681994,-0.00025997953453507416,0.00019038384762515046
3,500,20,5446093.2838455085,971332.64427305304,3175828.953354856,-165.41509158573825,522.98148617698644,122.23956013415473,-0.45635615242416239,0.26105985260601805,0.81951500722436954,-0.22799554477221776,-0.00025907763523019898,-0.00025767453129287384,0.00018769065550308919
3,500,20.199999999999999,5446060.1991731366,971437.24099692726,3175853.4005341535,-165.43162780135467,522.98574790188911,122.23225858188343,-0.45632416459279085,0.26108101959664565,0.81952771331377616,-0.22798966012905186,-0.00025552165929864311,-0.0002553289185984552,0.00018505481388031647
3,500,20.399999999999999,5446027.1111961715,971541.83857037127,3175877.8462685421,-165.44813722044353,522.98998199260825,122.22511088217961,-0.45629252156589911,0.26110186462986812,0.81954029794002259,-0.22798388342647985,-0.00025201140598043933,-0.00025294667865267929,0.00018245802825589673
3,500,20.600000000000001,5445994.0199201722,971646.43698791927,3175902.2905887128,-165.46461787524399,522.99418906203925,122.21811627720813,-0.45626122463250735,0.26112239263318837,0.81955275950474638,-0.22797821244697722,-0.00024852421582483405,-0.00025053118169783664,0.00017988586507365625
3,500,20.800000000000001,5445960.9253510749,971751.03624423104,3175926.7335252082,-165.4810678238255,522.99836969464093,122.21127399624358,-0.45623027558372681,0.2611426066601506,0.81956509644509223,-0.22797264598298969,-0.00024504670064701655,-0.00024808494600559046,0.00017732889538443305
3,500,21,5445927.8274952192,971855.6363340721,3175951.1751084141,-165.49748515790225,523.00252443962222,122.20458325445532,-0.45619967643048198,0.26116250874721503,0.81957730726822864,-0.22796718329738583,-0.00024157424153748241,-0.00024560958729327254,0.00017478275137327296
3,500,21.199999999999999,5445894.7263593087,971960.23725231586,3175975.6153685595,-165.513868005917,523.00665380804503,122.19804325299067,-0.45616942915786757,0.26118210068641945,0.81958939057008151,-0.22796182366303569,-0.00023810925848034254,-0.00024310591344217471,0.00017224738052027872
3,500,21.399999999999999,5445861.6219504215,972064.8389939355,3176000.0543357059,-165.53021453228658,523.0107582732677,122.19165317995132,-0.45613953554516762,0.26120138461661069,0.81960134503922943,-0.22795656603153647,-0.00023465885266214144,-0.00024057411097952198,0.00016972583018094831
3,500,21.600000000000001,5445828.5142760221,972169.44155399292,3176024.4920397671,-165.54652293402845,523.01483827379263,122.18541221184218,-0.45610999706241734,0.26122036339049737,0.81961316944902962,-0.22795140884753182,-0.00023123235785832538,-0.00023801397088087263,0.00016722287858757332
3,500,21.800000000000001,5445795.4033439076,972274.04492764012,3176048.9285104717,-165.56279143601625,523.0188942174741,122.17931951514237,-0.45608081483940044,0.26123904072119791,0.81962486264210133,-0.22794634999800603,-0.0002278392066391372,-0.00023542510973928877,0.00016474376687414569
3,500,22,5445762.2891622232,972378.64911010244,3176073.3637774005,-165.57901828596641,523.02292648610637,122.17337424773046,-0.45605198969266403,0.26125742114522948,0.8196364235114687,-0.22794138686784071,-0.00022448735851200751,-0.00023280715508161112,0.00016229320221833752
3,500,22.199999999999999,5445729.1717394888,972483.2540966802,3176097.7978699435,-165.59520175000543,523.02693543962494,122.16757555999725,-0.45602352219082332,0.26127550985744696,0.81964785098210058,-0.22793651646419236,-0.00022118238293406664,-0.00023015987753155002,0.00015987471406931654
3,500,22.399999999999999,5445696.0510845343,972587.85988274612,3176122.2308173366,-165.61134010932059,523.03092141941192,122.16192259557876,-0.45599541273765798,0.26129331247833659,0.81965914399559703,-0.22793173557167634,-0.00021792716305407678,-0.00022748326514117703,0.00015749036830768021
3,500,22.600000000000001,5445662.9272065666,972692.46646373882,3176146.6626486499,-165.62743165811676,523.03488475048994,122.15641449171314,-0.45596766165516101,0.26131083480824729,0.81967030149959597,-0.22792704090586294,-0.00021472209864343059,-0.00022477754510859325,0.00015514078715883481
3,500,22.800000000000001,5445629.8001151131,972797.07383515744,3176171.0933927433,-165.64347470283269,523.03882574260035,122.15105037928167,-0.45594026925343684,0.26132808261041501,0.81968132244235958,-0.22792242924164383,-0.00021156564177343947,-0.00022204316447810095,0.00015282538916382206
3,500,23,5445596.6698200358,972901.68199256656,3176195.5230783466,-165.65946756239833,523.04274469034488,122.14582938262285,-0.45591323587989618,0.26134506144882863,0.81969220577208846,-0.22791789750328648,-0.00020845499193244288,-0.00021928074426475679,0.00015054275238780598
3,500,23.199999999999999,5445563.5363315446,973006.29093158373,3176219.9517339868,-165.67540856923821,523.04664187266599,122.14075061920518,-0.45588656194543387,0.26136177659139603,0.81970295043991426,-0.22791344281253148,-0.00020538679925499425,-0.0002164910214330945,0.00014829101100437202
3,500,23.399999999999999,5445530.3996601701,973110.90064788226,3176244.3793880143,-165.69129607067262,523.05051755195336,122.13581319925267,-0.45586024792949398,0.26137823297588403,0.81971355540522572,-0.2279090624985958,-0.0002023577641623773,-0.00021367479085377831,0.00014606821447799844
3,500,23.600000000000001,5445497.2598167825,973215.51113718387,3176268.8060686239,-165.70712843043344,523.05437197307526,122.13101622537995,-0.45583429436871703,0.26139443522701472,0.8197240196419695,-0.22790475407883887,-0.00019936506798126768,-0.0002108328559933043,0.0001438726034890228
3,500,23.800000000000001,5445464.1168125803,973320.12239526643,3176293.2318038074,-165.72290403005971,523.05820536252088,122.12635879228785,-0.45580870183518318,0.2614103877082723,0.81973434214477403,-0.22790051522102922,-0.00019640661315679114,-0.0002079659932463757,0.00014170278212868691
3,500,24,5445430.9706590613,973424.73441794096,3176317.6566213947,-165.73862127002997,523.06201792781087,122.12183998653535,-0.45578347091030158,0.26142609459102861,0.81974452193405634,-0.22789634369806469,-0.00019348108704665847,-0.00020507493140039569,0.00013955778754326536
3,500,24.199999999999999,5445397.8213680647,973529.3472010619,3176342.0805489975,-165.75427857056928,523.0658098572261,122.11745888639517,-0.45575860215945913,0.26144155992560175,0.81975455805964759,-0.22789223734422309,-0.00019058788704946376,-0.00020216034495340788,0.00013743707389948098
3,500,24.399999999999999,5445364.6689517414,973633.9607405198,3176366.5036140694,-165.76987437213552,523.06958131984481,122.11321456177829,-0.45573409611108245,0.26145678770272751,0.81976444960280825,-0.22788819401932761,-0.00018772695616217628,-0.0001992228583004276,0.00013534043629840278
3,500,24.600000000000001,5445331.5134225283,973738.57503223477,3176390.9258438703,-165.78540713563743,523.07333246584142,122.10910607421354,-0.45570995324211117,0.26147178189853176,0.81977419567677712,-0.22788421158424471,-0.00018489857877996223,-0.00019626305697014511,0.00013326790271235133
3,500,24.800000000000001,5445298.3547932068,973843.19007215986,3176415.3472654871,-165.80087534245993,523.0770634269636,122.10513247686509,-0.45568617397034605,0.26148654650053066,0.81978379542619417,-0.22788028788843792,-0.00018210317928415778,-0.00019328150209946737,0.00013121961941477193
3,500,25,5445265.1930768071,973947.80585626839,3176439.7679057927,-165.81627749438516,523.08077431710376,122.10129281456236,-0.45566275865297051,0.26150108551582141,0.81979324802578823,-0.22787642076823228,-0.00017934115403442499,-0.00019027874496151849,0.00012919574950464213
3,500,25.199999999999999,5445232.0282867132,974052.42238055565,3176464.1877914793,-165.83161211346911,523.08446523288819,122.0975861238409,-0.45563970758975758,0.26151540296507703,0.81980255267875268,-0.22787260805312853,-0.00017661275392168971,-0.00018725533919281513,0.00012719639680098114
3,500,25.399999999999999,5445198.860436568,974157.03964103526,3176488.6069490337,-165.84687774195967,523.08813625422295,122.09401143297183,-0.45561702102915702,0.26152950286719601,0.81981170861515196,-0.22786884757697645,-0.00017391802205533299,-0.00018421184953045931,0.00012522156007261384
3,500,25.600000000000001,5445165.6895403182,974261.6576337344,3176513.0254047802,-165.86207294226736,523.09178744477072,122.09056776198402,-0.4555946991754854,0.26154338921960196,0.81982071509061338,-0.22786513719092275,-0.00017125678145299785,-0.0001811488566276564,0.00012327111656922331
3,500,25.800000000000001,5445132.5156121813,974366.27635469532,3176537.4431848098,-165.87719629701044,523.09541885232659,122.08725412267729,-0.45557274219575983,0.26155706597851008,0.81982957138543944,-0.22786147477561003,-0.00016862866108497825,-0.00017806695833500047,0.00012134482947023156
3,500,26,5445099.3386666737,974470.89579996071,3176561.8603150281,-165.89224640914188,523.09903050911498,122.08406951862584,-0.45555115022514381,0.26157053704232464,0.81983827680418431,-0.22785785825089341,-0.0001660331458508271,-0.00017496676825345456,0.00011944237162611993
3,500,26.199999999999999,5445066.1587185794,974575.51596558432,3176586.2768211509,-165.90722190213157,523.10262243200907,122.08101294517775,-0.45552992337048387,0.26158380623996935,0.81984683067565134,-0.22785428558221443,-0.00016346963621784332,-0.00017184891257335133,0.00011756335747944147
3,500,26.399999999999999,5445032.9757829709,974680.13684761839,3176610.6927286815,-165.92212142019409,523.10619462270961,122.07808338945432,-0.45550906171183353,0.26159687732470638,0.81985523235321911,-0.22785075478351285,-0.00016093750562248883,-0.0001687140261838011,0.00011570737598249771
3,500,26.600000000000001,5444999.7898751693,974784.75844211597,3176635.1080629118,-165.93694362852992,523.10974706789409,122.07527983035222,-0.45548856530221499,0.2616097539729943,0.81986348121537589,-0.22784726391713453,-0.00015843614727185815,-0.0001655627488650602,0.00011387401909836284
3,500,26.800000000000001,5444966.6010107575,974889.3807451264,3176659.5228489554,-165.95168721357228,523.11327973936466,122.07260123855212,-0.45546843416606814,0.26162243978725841,0.81987157666634181,-0.22784381109154397,-0.00015596500590220734,-0.00016239572214791313,0.00011206290262768721
3,500,27,5444933.4092056071,974994.00375269144,3176683.9371116785,-165.96635088326767,523.11679259420566,122.07004657650559,-0.45544866827414987,0.26163493828807388,0.81987951815667537,-0.22784039444636928,-0.00015352359360391841,-0.00015921358710820627,0.00011027367818417168
3,500,27.199999999999999,5444900.2144758217,975098.62746084004,3176708.3508757809,-165.98093336805329,523.12028557486758,122.06761479805104,-0.45542926763201891,0.26164725297281155,0.81988730510384455,-0.22783701219402355,-0.00015111149156155499,-0.000156016984172488,0.00010850603685166466
3,500,27.399999999999999,5444867.0168377357,975203.25186559209,3176732.764165719,-165.99543341835064,523.12375860974066,122.06530484987398,-0.45541023214083404,0.26165938724329041,0.81989493701265126,-0.22783366254774204,-0.00014872834124701184,-0.00015280655235760878,0.00010675970618179387
3,500,27.600000000000001,5444833.8163080094,975307.87696294859,3176757.1770057678,-166.00984980765571,523.12721161298452,122.06311566997142,-0.45539156168659528,0.26167134446331275,0.81990241339544923,-0.22783034376422323,-0.00014637382918949529,-0.00014958292698486411,0.0001050344427826523
3,500,27.800000000000001,5444800.6129034702,975412.50274889474,3176781.5894199656,-166.02418133163789,523.13064448493083,122.06104618825276,-0.45537325611601154,0.26168312794928622,0.81990973379224885,-0.22782705413032647,-0.00014404766957634829,-0.0001463467428818139,0.00010333002288446355
3,500,28,5444767.4066412076,975517.12921939162,3176806.0014321506,-166.03842680827333,523.13405711234793,122.05909532658056,-0.45535531523565798,0.2616947409723277,0.81991689777076648,-0.22782379196217276,-0.00014174958786217841,-0.00014309863535441007,0.00010164623285215938
3,500,28.199999999999999,5444734.1975385565,975621.75637038087,3176830.4130659434,-166.05258507796469,523.13744936871319,122.05726199881491,-0.45533773881165396,0.26170618675893187,0.81992390492641398,-0.2278205556050866,-0.00013947930769754813,-0.00013983924104225855,9.9982861148172471e-05
3,500,28.399999999999999,5444700.9856130714,975726.3841977719,3176854.824344724,-166.06665500366501,523.14082111448147,122.05554511085842,-0.45532052656971872,0.26171746849056349,0.81993075488225087,-0.22781734343413604,-0.00013723654231080528,-0.00013656919852981608,9.8339692601642726e-05
3,500,28.600000000000001,5444667.7708825227,975831.01269744919,3176879.2352916766,-166.0806354709982,523.14417219735333,122.05394356070519,-0.45530367819546091,0.26172858930258563,0.81993744728893436,-0.22781415385499812,-0.00013502099048062972,-0.00013328914864468283,9.67165052517563e-05
3,500,28.800000000000001,5444634.553364913,975935.6418652623,3176903.6459297608,-166.09452538838332,523.14750245253481,122.05245623849112,-0.45528719333474454,0.26173955228293583,0.81994398182467898,-0.22781098530490079,-0.00013283233647364915,-0.00012999973447536093,9.5113069553690128e-05
3,500,29,5444601.3330784636,976040.27169702935,3176928.0562817045,-166.10832368716513,523.15081170298424,122.05108202654382,-0.45527107159402574,0.26175036047088701,0.81995035819524398,-0.22780783625345136,-0.00013067025286748977,-0.00012670160115776317,9.3529149420906656e-05
3,500,29.199999999999999,5444568.11004161,976144.90218853194,3176952.4663700303,-166.12202932174239,523.15409975965815,122.04981979944009,-0.45525531254058005,0.26176101685612252,0.81995657613394402,-0.22780470520322277,-0.00012853440504285847,-0.00012339539549865037,9.1964504445987073e-05
3,500,29.399999999999999,5444534.8842729628,976249.53333550878,3176976.876217017,-166.13564126969621,523.15736642174966,122.04866842406524,-0.45523991570257255,0.2617715243782498,0.8199626354016899,-0.2278015906900504,-0.00012642445619394355,-0.00012008176552174218,9.0418892634654222e-05
3,500,29.600000000000001,5444501.6557913981,976354.16513365891,3177001.2858447162,-166.14915853191948,523.16061147692164,122.0476267596744,-0.45522488056898258,0.26178188592677032,0.81996853578704465,-0.22779849128304011,-0.00012434007189074124,-0.00011676136001659243,8.8892073061377263e-05
3,500,29.800000000000001,5444468.4246159317,976458.79757864273,3177025.6952749523,-166.16258013273995,523.16383470154074,122.04669365796072,-0.45521020658939526,0.26179210434144662,0.81997427710628923,-0.22779540558434339,-0.0001222809236486146,-0.00011343482813611078,8.7383808077924927e-05
3,500,30,5444435.190765786,976563.43066606822,3177050.1045293333,-166.17590512003741,523.16703586090944,122.04586796312729,-0.45519589317371084,0.2618021824129641,0.81997985920349059,-0.22779233222876621,-0.0001202466911679868,-0.00011010281906779294,8.5893864823328076e-05
4,8000,0,5449387.1886701053,960873.98968958983,3173373.7226977898,-164.26000211708305,524.3764174302022,122.46902067237752,-0.45633719708098636,0.26438783688698342,0.81898292079183965,-0.22610265305333851,4.5787712080284339e-05,-4.460210700225898e-05,-3.5094609140643321e-05
4,8000,0.20000000000000001,5449354.3357200529,960978.86459571903,3173398.2165013156,-164.26949894828917,524.37264170683204,122.4690139180551,-0.45633555288448147,0.26438186605441649,0.8189848461671253,-0.22610597918633096,4.5786699561047482e-05,-4.441334890332331e-05,-3.5094590712232438e-05
4,8000,0.40000000000000002,5449321.4808715899,961083.73874591582,3173422.7103030998,-164.27898358412887,524.36885912784317,122.46900331657979,-0.45633393930051402,0.26437590372173581,0.81898675443354918,-0.22610929533345542,4.5785774838028797e-05,-4.3854017091036198e-05,-3.5094472567630914e-05
4,8000,0.59999999999999998,5449288.6241275165,961188.61213892186,3173447.2041024296,-164.2884546966126,524.36506983169591,122.46898953280692,-0.45633238272602383,0.26436995718838474,0.81898863087833318,-0.2261125929793272,4.5784779488311152e-05,-4.3026937027226411e-05,-3.509419450823859e-05
4,8000,0.80000000000000004,5449255.7654907638,961293.4847734177,3173471.69789878,-164.29790996165579,524.36127407146955,122.46897374246022,-0.45633090091940715,0.26436403137841513,0.81899046560176558,-0.2261158663889776,4.5783648174936296e-05,-4.2037036987497501e-05,-3.5093738723024847e-05
4,8000,1,5449222.9049647721,961398.35664813931,3173496.1916918862,-164.30734662296922,524.35747213943966,122.46895732955662,-0.45632950340616629,0.2643581289446375,0.81899225329184522,-0.22611911248259886,4.578238476399559e-05,-4.0978359070991561e-05,-3.5093121252402186e-05
4,8000,1.2,5449190.042253633,961503.22819820594,3173520.685911342,-164.32110662936213,524.3600090895859,122.47519441679015,-0.45632890141384413,0.26435244627520155,0.81899359766249591,-0.22612210168533403,4.5780946096864397e-05,-1.3219066164539491e-05,-3.5092326305775439e-05
4,8000,1.3999999999999999,5449157.1759841125,961608.10146696831,3173545.1825805395,-164.34293148958122,524.37477512005603,122.493598238776,-0.45633242788082234,0.26434790364959476,0.81899264165594932,-0.22612375818093158,4.5778446706147693e-05,6.0159461337745096e-05,-3.5090782763561201e-05
4,8000,1.6000000000000001,5449124.3045477746,961712.97897016315,3173569.684221203,-164.37275134249006,524.4024696456828,122.52506186159808,-0.45634344765657575,0.2643454303295546,0.81898751030244099,-0.22612299576425601,4.5772820371558352e-05,0.0001695659239424984,-3.5087074427005321e-05
4,8000,1.8,5449091.4263631143,961817.86336291698,3173594.1935378541,-164.410375921926,524.4437851891106,122.57051443767783,-0.45636452510201569,0.26434573480590318,0.81897677422784165,-0.22611898636270641,4.5761434315103322e-05,0.00030527453519773516,-3.5079312014480998e-05
4,8000,2,5449058.5398941524,961922.75743764569,3173618.7134221126,-164.45554859481737,524.49940141484581,122.63089378243281,-0.45639746157024758,0.26434931514034715,0.81895942847766001,-0.22611114781144351,4.5741729225535542e-05,0.00045858453424988776,-3.5065551462291891e-05
4,8000,2.2000000000000002,5449025.6436630199,962027.66411544289,3173643.2469466818,-164.5077177104032,524.56958760189707,122.70673842966076,-0.45644340401664324,0.26435648888662899,0.81893483180877868,-0.22609910871907599,4.5711704239532572e-05,0.00062099537272950151,-3.5044129190759915e-05
4,8000,2.3999999999999999,5448992.7368826605,962132.58552080602,3173667.7964530694,-164.5594843773157,524.6445210871683,122.78861676490814,-0.45650147904644356,0.26436701590969031,0.81890346807854197,-0.22608314951882547,4.5670422801920476e-05,0.00074360310245284689,-3.5014014451474862e-05
4,8000,2.6000000000000001,5448959.8201115094,962237.5219451891,3173692.3625096274,-164.60762557857373,524.71977313508523,122.87223435700133,-0.45656741455419031,0.26437971776870772,0.81886771569437378,-0.2260646478185368,4.5619195265077678e-05,0.00081285422149714062,-3.4975647360010144e-05
4,8000,2.7999999999999998,5448926.8940674048,962342.47344853403,3173716.9454568401,-164.65224756668812,524.79530160984814,122.957499538379,-0.45663732393702267,0.26439352235186292,0.81882973944624804,-0.22604485732791901,4.5561526892682208e-05,0.00084141961425863532,-3.4931030455370567e-05
4,8000,3,5448893.9594294336,962447.44008011278,3173741.545607591,-164.69361816312744,524.87104398366841,123.04423552137712,-0.45670841194786899,0.26440765855126214,0.81879109701106745,-0.22602468009247928,4.5501990922625601e-05,0.00084294941962067855,-3.4883046358178307e-05
4,8000,3.2000000000000002,5448861.0168134114,962552.42187562049,3173766.1632344876,-164.73209040761745,524.94692876957538,123.13222285797346,-0.45677897839581355,0.26442165715204885,0.81875273645181379,-0.22600466516713347,4.5445132411374287e-05,0.0008302411388758055,-3.4834750852524449e-05
4,8000,3.3999999999999999,5448828.0667615263,962657.4188563535,3173790.7985650022,-164.7680379674421,525.02288478374408,123.22123484861454,-0.45684829698496116,0.26443531738612441,0.81871506320485488,-0.22598504760782553,4.53946277873036e-05,0.00081404171848809199,-3.478879810338942e-05
4,8000,3.6000000000000001,5448795.109743353,962762.43102997134,3173815.4517828017,-164.80180662220965,525.09884771793622,123.31106365874382,-0.45691641840549585,0.26444865259231032,0.8186780494612943,-0.22596581171464009,4.5352791591769864e-05,0.00080241065877541338,-3.4747067764586387e-05
4,8000,3.7999999999999998,5448762.1461648801,962867.45839230681,3173840.1230333289,-164.83368268060161,525.17476405721663,123.40153687050656,-0.45698394117323327,0.2644618270937798,0.81864136162127199,-0.22594676488692764,4.5320436893046541e-05,0.00080056580671318013,-3.4710510779599834e-05
4,8000,4,5448729.176382211,962972.50092971767,3173864.8124318016,-164.86387711674988,525.2505926539551,123.49252530540689,-0.45705178518625117,0.26447509385087609,0.81860448638620265,-0.22592761066105357,4.5297031300746503e-05,0.00081109564473718699,-3.4679188611596486e-05
4,8000,4.2000000000000002,5448696.2007171242,963077.55862155778,3173889.5200720294,-164.89252279598296,525.32630444357164,123.58394369499551,-0.457120992758412,0.26448873962254593,0.81856684172176275,-0.22590801275319947,4.5281052470752138e-05,0.00083441065278910896,-3.4652453472910508e-05
4,8000,4.4000000000000004,5448663.2194721,963182.63144245255,3173914.246034814,-164.91968141127487,525.40188086229318,123.67574614634887,-0.45719257234806449,0.2645030419454561,0.81852786402371758,-0.22588764554116442,4.5270435369652119e-05,0.0008693148420420866,-3.4629205799290603e-05
4,8000,4.5999999999999996,5448630.232943357,963287.71936417324,3173938.990395091,-164.94535659884525,525.47731151636128,123.76791839201537,-0.45726739054803978,0.264518239395307,0.81848706841357144,-0.22586622901255349,4.5263013533943745e-05,0.00091359832416887084,-3.4608167592675216e-05
4,8000,4.7999999999999998,5448597.2414308535,963392.82235701347,3173963.7532273401,-164.96950999298019,525.55259158173942,123.86046861853129,-0.45734611071572401,0.26453451460556654,0.81844408312642414,-0.22584354848200772,4.5256880962606929e-05,0.00096457735618588265,-3.4588122475217435e-05
4,8000,5,5448564.245245059,963497.9403906482,3173988.534609159,-164.99207755941364,525.62771930827171,123.95341832252021,-0.45742917250573195,0.26455198864663376,0.81839866098162506,-0.22581946140073061,4.5250632220131345e-05,0.001019535092720972,-3.4568090753686594e-05
4,8000,5.2000000000000002,5448531.2447105562,963603.07343452843,3174013.3346230849,-165.01298426437165,525.70269388450959,124.04679423140571,-0.45751680252752369,0.26457072389352526,0.81835067357405644,-0.22579389390400967,4.524346887609887e-05,0.0010760408604687677,-3.4547426229672575e-05
4,8000,5.4000000000000004,5448498.2401670422,963708.22145789606,3174038.153356981,-165.03215587617703,525.77751380543202,124.1406219103327,-0.45760904636598371,0.26459073281871048,0.8183000934927066,-0.22576683055821198,4.5235185525299113e-05,0.0011321459302701961,-3.452583758740207e-05
4,8000,5.5999999999999996,5448465.2319682427,963813.38442952686,3174062.9909033165,-165.04952736346863,525.85217578744641,124.23492130846316,-0.45770581209153749,0.26461198994373875,0.81824697012106362,-0.2257383003465302,4.5226065392379781e-05,0.0011864684508464244,-3.4503348835407125e-05
4,8000,5.7999999999999998,5448432.2204795294,963918.56231731188,3174087.8473577593,-165.06504789414689,525.92667419981717,124.32970420453709,-0.45780691715925148,0.26463444477218157,0.81819140347888264,-0.2257083616406752,4.5216723234055152e-05,0.0012381892896583032,-3.4480219672423516e-05
4,8000,6,5448399.2060748301,964023.75508776645,3174112.7228174331,-165.07868282692502,526.0010009311045,124.42497330534361,-0.45791213200837061,0.26465803374304653,0.81813351996406547,-0.22567708799526268,4.520793289059358e-05,0.0012869845562113497,-3.4456848068484792e-05
4,8000,6.2000000000000002,5448366.1891333926,964128.96270554978,3174137.6173791145,-165.09041332092488,526.07514558231492,124.52072263101627,-0.45802121680498059,0.26468269040583625,0.81807345178773427,-0.22564455640700715,4.5200470415960018e-05,0.0013329205247668301,-3.443367477673041e-05
4,8000,6.4000000000000004,5448333.1700368263,964234.18513304484,3174162.5311376201,-165.10023428459715,526.14909587158195,124.61693877712807,-0.45813394869187812,0.26470835294230893,0.81801132173694502,-0.22561083850013494,4.5194993824665041e-05,0.0013763336961676769,-3.4411104369130505e-05
4,8000,6.5999999999999996,5448300.1491666231,964339.42233003257,3174187.464184484,-165.108151370277,526.22283814378568,124.71360265984202,-0.45825013906141449,0.2647349688934289,0.81794723354926768,-0.22557599478732085,4.5191969575385733e-05,0.0014177139940894012,-3.4389451160978204e-05
4,8000,6.7999999999999998,5448267.1269023446,964444.67425346875,3174212.4166070134,-165.1141776326798,526.29635789634165,124.81069140514438,-0.45836964218248,0.26476249761763471,0.81788126699010111,-0.22554007202145734,4.5191646021815674e-05,0.0014576036334425606,-3.436891236266653e-05
4,8000,7,5448234.103620478,964549.94085736515,3174237.3884877125,-165.11833032969653,526.36964025632062,124.90818012471284,-0.45849235609460837,0.26479091051988773,0.81781347735493215,-0.22550310278463537,4.5194066599162005e-05,0.0014965188375762766,-3.4349565919378361e-05
4,8000,7.2000000000000002,5448201.0796938669,964655.22209275444,3174262.3799040336,-165.12062819393688,526.44267036788722,125.00604340607308,-0.45861821823030591,0.26482018986640687,0.81774389787864377,-0.2254651068982115,4.5199110966885398e-05,0.0015348969175828034,-3.4331387202006183e-05
4,8000,7.4000000000000004,5448168.055491644,964760.5179077239,3174287.390928389,-165.1210893561902,526.51543367107615,125.1042564265377,-0.45874719767740157,0.26485032666733721,0.81767254403367706,-0.22542609392177829,4.5206550860105442e-05,0.0015730675926224308,-3.4314277221664844e-05
4,8000,7.5999999999999996,5448135.031379492,964865.82824749465,3174312.4216283481,-165.11972997372587,526.58791607125499,125.20279567063442,-0.45887928590910471,0.264881318122073,0.81759941870628439,-0.22538606612789774,4.5216108367039214e-05,0.0016112449503475151,-3.4298095065008379e-05
4,8000,7.7999999999999998,5448102.007720124,964971.15305452084,3174337.4720669459,-165.11656352117561,526.66010401126323,125.30163928161942,-0.45901448756398167,0.26491316508859053,0.81752451733925624,-0.22534502150776883,4.5227507035936633e-05,0.0016495350905474486,-3.4282688439756762e-05
4,8000,8,5448068.9848738397,965076.49226859934,3174362.5423030066,-165.11160063749128,526.73198446607876,125.40076711117752,-0.45915281222461873,0.26494586980222884,0.81744783254869646,-0.22530295639960604,4.5240509755485572e-05,0.0016879540926493459,-3.4267918080931898e-05
4,8000,8.1999999999999993,5448035.9631990874,965181.845826971,3174387.6323914942,-165.10484938747243,526.80354488332432,125.50016054863106,-0.45929426797372369,0.26497943410131708,0.81736935773220765,-0.22525986759799355,4.5254940936988316e-05,0.0017264512777219756,-3.4253673815774389e-05
4,8000,8.4000000000000004,5448002.9430529028,965287.21366440493,3174412.7423837739,-165.09631578933732,526.87477309243627,125.59980221294751,-0.45943885689639102,0.26501385818010065,0.81728908960070423,-0.2252157538137311,4.5270693617223674e-05,0.0017649335578057131,-3.423988197062891e-05
4,8000,8.5999999999999996,5447969.924791282,965392.5957132678,3174437.8723278265,-165.08600447123825,526.94565720243293,125.6996755829999,-0.45958657251670965,0.2650491398764207,0.81720702962755731,-0.22517061651205225,4.528772427686542e-05,0.0018032877377435667,-3.4226505233951485e-05
4,8000,8.8000000000000007,5447936.9087693682,965497.99190356571,3174463.0222683856,-165.073919343141,527.0161855039039,125.79976462746971,-0.45973739891539173,0.26508527442566526,0.81712318455408239,-0.22512446021117924,4.5306039375933445e-05,0.0018413987665878574,-3.4213536989520063e-05
4,8000,9,5447903.8953415472,965603.40216297482,3174488.1922469987,-165.06006420237193,527.08634638567298,125.90005347755582,-0.45989131109549097,0.26512225454514643,0.81703756621047763,-0.22507729233449611,4.5325677837326555e-05,0.001879162978538802,-3.4200992459552662e-05
4,8000,9.1999999999999993,5447870.8848614153,965708.82641685358,3174513.3823020328,-165.04444322070268,527.15612827207246,126.00052616911915,-0.46004827639108797,0.26516007085702009,0.816950190696488,-0.22502912285671239,4.5346693246618045e-05,0.0019164962174398283,-3.4188898885703771e-05
4,8000,9.4000000000000004,5447837.8776816614,965814.26458824531,3174538.5924686412,-165.02706128996789,527.22551958258509,126.10116646491819,-0.46020825607477894,0.26519871228372194,0.81686107753793391,-0.22497996365728201,4.5369138587752181e-05,0.0019533373658393791,-3.4177286533594481e-05
4,8000,9.5999999999999996,5447804.8741539083,965919.71659787465,3174563.8227786869,-165.00792422707786,527.29450871233348,126.20195775471588,-0.46037120735908144,0.26523816663096145,0.81677024853574032,-0.22492982795497163,4.5393055189282856e-05,0.0019896481861203766,-3.4166181698651098e-05
4,8000,9.8000000000000007,5447771.8746285224,966025.18236414285,3174589.0732606766,-164.98703885388898,527.36308403015744,126.30288302347223,-0.46053708511780084,0.26527842104739874,0.8166777268200468,-0.2248787297052339,4.5418466459242839e-05,0.0020254105484324159,-3.4155602261466448e-05
4,8000,10,5447738.8794543995,966130.66180312273,3174614.3439396694,-164.96441297893594,527.43123388964568,126.40392487188129,-0.46070584348706539,0.26531946250389515,0.81658353591342447,-0.22482668317760884,4.544537607251932e-05,0.0020606221199055284,-3.4145555786460087e-05
4,8000,10.199999999999999,5447705.8889787821,966236.15482855844,3174639.6348372158,-164.94005531026485,527.49894664855742,126.50506557276887,-0.46087743678693588,0.26536127799608378,0.8164876992706821,-0.22477370251134263,4.5473769680730341e-05,0.0020952914588018342,-3.4136039763251848e-05
4,8000,10.4,5447672.9035470961,966341.6613518676,3174664.9459712915,-164.91397533034925,527.56621069206085,126.60628714622378,-0.4610518203137417,0.26540385479220391,0.81639023980324277,-0.22471980153254834,4.550361892069358e-05,0.0021294332607046801,-3.4127043366373135e-05
4,8000,10.6,5447639.9235028001,966447.18128214998,3174690.2773562577,-164.88618315757378,527.63301445643151,126.70757144024408,-0.46122895074502573,0.26544718056699018,0.81629117962823794,-0.22466499367907372,4.5534886454614372e-05,0.0021630642656044604,-3.4118550028683604e-05
4,8000,10.800000000000001,5447606.9491872694,966552.71452619915,3174715.6290028342,-164.85668941398615,527.69934645062858,126.80890020641915,-0.46140878602817031,0.26549124332733059,0.81619054017885628,-0.22460929191613002,4.5567530970817193e-05,0.002196200116215801,-3.4110540196740567e-05
4,8000,11,5447573.9809397375,966658.26098851906,3174741.0009180862,-164.82550511357383,527.76519527403752,126.91025516325762,-0.46159128527194587,0.26553603140384691,0.81608834224302695,-0.22455270882872091,4.5601511385361926e-05,0.0022288532627780366,-3.4102993788633728e-05
4,8000,11.199999999999999,5447541.0190971782,966763.820571344,3174766.3931054273,-164.79264157731231,527.83054962985307,127.01161804420641,-0.46177640852131663,0.26558153341428348,0.81598460606370515,-0.22449525676399459,4.5636789795092778e-05,0.0022610318573123857,-3.4095892039277966e-05
4,8000,11.4,5447508.0639942857,966869.39317466074,3174791.8055646173,-164.75811037706117,527.89539833410174,127.11297062959567,-0.46196411622899258,0.265627738069033,0.81587935169061299,-0.22443694787178017,4.5673333080332536e-05,0.0022927394824852126,-3.4089218619247859e-05
4,8000,11.6,5447475.115963419,966974.97869622952,3174817.2382917805,-164.72192330696976,527.95973032073709,127.21429476354585,-0.46215436897134149,0.26567463411594544,0.81577259911734734,-0.22437779426090204,4.5711113292594845e-05,0.0023239755075047264,-3.4082960059233362e-05
4,8000,11.800000000000001,5447442.1753345551,967080.577031611,3174842.6912794183,-164.68409237685006,528.02353464379746,127.31557235911502,-0.46234712722535742,0.2657222103062859,0.81566436837975265,-0.22431780814741489,4.5750107097429626e-05,0.0023547358470650415,-3.4077105600941537e-05
4,8000,12,5447409.242435242,967186.18807418772,3174868.1645164182,-164.64462982175806,528.08680047752637,127.41678539493414,-0.46254235094755081,0.2657704552256227,0.81555467985338559,-0.22425700184903882,4.5790294648873483e-05,0.0023850139183008942,-3.4071646673035466e-05
4,8000,12.199999999999999,5447376.3175905673,967291.81171518902,3174893.6579880733,-164.60354812238597,528.1495171152535,127.51791590631393,-0.46273999949522121,0.26581935729765965,0.81544355427338178,-0.22419538788078616,4.5831658228164562e-05,0.0024148016272216135,-3.4066576179256605e-05
4,8000,12.4,5447343.4011230851,967397.44784371473,3174919.1716760844,-164.56086002967334,528.21167396797932,127.61894597442721,-0.46294003163961006,0.2658689048177707,0.81533101269770303,-0.22413297903221172,4.5874180935931034e-05,0.0024440902584032635,-3.4061887768741391e-05
4,8000,12.6,5447310.493352781,967503.09634675877,3174944.7055585738,-164.51657858928749,528.27326056320908,127.71985771585284,-0.46314240535410989,0.26591908583763307,0.81521707669144716,-0.224069788281995,4.5917845633086322e-05,0.0024728711915458926,-3.4057575212575396e-05
4,8000,12.800000000000001,5447277.5945969867,967608.75710923178,3174970.2596100923,-164.47071716354404,528.33426654430014,127.82063327370562,-0.46334707793685675,0.2659698882269822,0.81510176823046121,-0.22400582883371262,4.5962634226536643e-05,0.0025011364117066637,-3.4053631956576581e-05
4,8000,13,5447244.7051703362,967714.43001398549,3174995.8338016164,-164.42328944799786,528.39468167067173,127.92125481180257,-0.46355400618095005,0.26602129975272443,0.814985109573092,-0.22394111414744328,4.6008527316486812e-05,0.0025288788107809042,-3.4050050871621519e-05
4,8000,13.199999999999999,5447211.8253846904,967820.11494183459,3175021.4281005603,-164.37430948087476,528.45449581902903,128.02170451273602,-0.4637631462247917,0.26607330796932344,0.814867123421541,-0.22387565780282417,4.6055504162140074e-05,0.0025560923056690095,-3.404682418811115e-05
4,8000,13.4,5447178.9555490669,967925.81177158118,3175047.0424707783,-164.32379164898515,528.51369898504197,128.12196457780823,-0.46397445386959141,0.26612590037620099,0.81474783266912387,-0.22380947358486883,4.6103542865320448e-05,0.0025827718147290782,-3.4043943564931754e-05
4,8000,13.6,5447146.0959695727,968031.5203800376,3175072.6768725654,-164.27175068665369,528.57228128594249,128.22201723068397,-0.46418788445442372,0.26617906432306704,0.81462726053858703,-0.22374257536110623,4.6152620685712077e-05,0.0026089131313116309,-3.4041400244448317e-05
4,8000,13.800000000000001,5447113.2469493318,968137.24064205354,3175098.3312626607,-164.21820167178794,528.63023296339611,128.32184472244151,-0.46440339311754536,0.2662327871406116,0.81450543037278811,-0.22367497715545187,4.6202714395850022e-05,0.0026345127437731614,-3.4039185243489355e-05
4,8000,14,5447080.4087884165,968242.97243053908,3175124.0055942615,-164.16316001854565,528.68754438675285,128.42142933834916,-0.46462093464602272,0.26628705603970415,0.81438236578635825,-0.22360669303618327,4.6253800604992545e-05,0.0026595676357406353,-3.4037289535625008e-05
4,8000,14.199999999999999,5447047.5817837846,968348.71561649104,3175149.699817027,-164.10664146927917,528.74420605626358,128.52075340486516,-0.46484046371359689,0.26634185823795409,0.81425809046678455,-0.22353773720396189,4.6305856006917562e-05,0.0026840750984492381,-3.4035704197865136e-05
4,8000,14.4,5447014.766229216,968454.47006901982,3175175.4138770793,-164.04866208527244,528.80020860637762,128.61979929718294,-0.46506193469185547,0.26639718084589648,0.81413262835053168,-0.22346812388589607,4.6358857538037541e-05,0.0027080325714257053,-3.4034420508628975e-05
4,8000,14.6,5446981.9624152454,968560.23565537715,3175201.1477170293,-163.98923823856407,528.85554280877307,128.71854944604522,-0.46528530187047379,0.26645301099101293,0.81400600343137242,-0.22339786743568057,4.6412782436582636e-05,0.0027314375247069335,-3.403342999076434e-05
4,8000,14.800000000000001,5446949.1706291046,968666.01224098145,3175226.9012759752,-163.92838660379616,528.91019957532603,128.81698634447127,-0.4655105192409944,0.26650933569405222,0.81387823995472508,-0.22332698223030223,4.6467608231801656e-05,0.0027542873819456038,-3.4032724411879314e-05
4,8000,15,5446916.3911546618,968771.79968944856,3175252.6744895214,-163.86612415192087,528.96416996073538,128.91509255337149,-0.46573754071232987,0.26656614199403306,0.81374936222601313,-0.22325548277792592,4.6523312688653943e-05,0.0027765794842760389,-3.4032295757710418e-05
4,8000,15.199999999999999,5446883.6242723502,968877.59786261979,3175278.4672897938,-163.8024681441872,529.01744516507654,129.01285070697003,-0.46596631988041609,0.26662341681843815,0.81361939481564705,-0.2231833836130806,4.6579873716502301e-05,0.0027983110847483871,-3.4032136180767701e-05
4,8000,15.4,5446850.8702591369,968983.40662059176,3175304.2796054487,-163.73743612794547,529.07001653603834,129.11024351716338,-0.46619681025028431,0.26668114711225577,0.8134883623610375,-0.22311069940840861,4.6637269287387935e-05,0.002819479367807699,-3.4032237952815264e-05
4,8000,15.6,5446818.129388446,969089.225821745,3175330.1113616959,-163.67104593238602,529.12187557115146,129.20725377789131,-0.46642896500085979,0.26673931970467035,0.81335628977686691,-0.22303744486548882,4.6695477365627122e-05,0.0028400814814783693,-3.4032593420960092e-05
4,8000,15.800000000000001,5446785.4019301049,969195.05532277434,3175355.9624803141,-163.60331566566825,529.17301391976548,129.303864368685,-0.46666273721959267,0.26679792144370779,0.81322320204738052,-0.22296363482828316,4.6754475855743799e-05,0.0028601145775308972,-3.4033194974210934e-05
4,8000,16,5446752.6881502941,969300.89497872023,3175381.8328796634,-163.53426371145738,529.22342338509122,129.4000582585131,-0.46689807966611768,0.26685693906051239,0.81308912443972636,-0.22288928416858622,4.6814242579258421e-05,0.0028795758496946776,-3.4034035025119449e-05
4,8000,16.199999999999999,5446719.98831149,969406.74464299972,3175407.7224747096,-163.46390872641308,529.27309592605116,129.49581850903854,-0.46713494502030278,0.26691635930973606,0.8129540822860728,-0.22281440790066431,4.6874755275308867e-05,0.0028984625688092988,-3.4035106006680696e-05
4,8000,16.399999999999999,5446687.3026724113,969512.60416743695,3175433.6311770361,-163.39226963666653,529.32202365924604,129.59112827839152,-0.46737328564433572,0.26697616883135167,0.81281810120015785,-0.2227390210616941,4.6935991613456742e-05,0.0029167721087032957,-3.4036400375711836e-05
4,8000,16.600000000000001,5446654.6314879628,969618.47340229491,3175459.5588948731,-163.31936563498289,529.37019886075655,129.6859708244877,-0.4676130538420189,0.26703635429609252,0.81268120685052525,-0.2226631388280666,4.6997929217058676e-05,0.0029345019653749678,-3.4037910624286642e-05
4,8000,16.800000000000001,5446621.975009189,969724.35219630809,3175485.5055331099,-163.245216176707,529.41761396808261,129.78032950896281,-0.46785420161704733,0.2670969022642703,0.81254342518146006,-0.22258677639178664,4.7060545690348695e-05,0.0029516497661270188,-3.4039629292845722e-05
4,8000,17,5446589.3334832108,969830.24039671523,3175511.4709933181,-163.16984097633065,529.46426158191946,129.87418780067759,-0.46809668094058254,0.26715779933535422,0.81240478217911283,-0.22250994907915814,4.7123818643649651e-05,0.0029682132735389766,-3.4041548984041042e-05
4,8000,17.199999999999999,5446556.7071531862,969936.13784929179,3175537.455173776,-163.09326000281354,529.51013446806678,129.96752927984645,-0.46834044350357529,0.26721903200329822,0.81226530409795272,-0.22243267222410315,4.7187725711341715e-05,0.0029841903822135328,-3.4043662371474929e-05
4,8000,17.399999999999999,5446524.0962582491,970042.04439838242,3175563.4579694904,-163.01549347560314,529.55522555916218,130.0603376416895,-0.46858544099030025,0.26728058680952382,0.81212501722119668,-0.22235496128972185,4.7252244563065601e-05,0.0029995791139077891,-3.4045962205886891e-05
4,8000,17.600000000000001,5446491.5010334719,970147.95988693531,3175589.4792722133,-162.93656185947165,529.59952795653351,130.15259670066976,-0.46883162482359131,0.26734245019455266,0.81198394809333496,-0.22227683173917318,4.7317352910291283e-05,0.0030143776089334687,-3.4048441317238833e-05
4,8000,17.800000000000001,5446458.9217098048,970253.88415653643,3175615.5189704793,-162.85648586017714,529.6430349318565,130.24429039418393,-0.4690789464431151,0.2674046086539586,0.81184212327566629,-0.22219829916022893,4.7383028505283654e-05,0.0030285841191270454,-3.4051092613523746e-05
4,8000,18,5446426.3585140295,970359.81704744254,3175641.5769496178,-162.77528641902086,529.68573992892107,130.3354027867945,-0.46932735704348094,0.26746704858639986,0.81169956958481948,-0.22211937913401475,4.7449249142652214e-05,0.0030421969995292719,-3.4053909079473558e-05
4,8000,18.199999999999999,5446393.811668722,970465.75839861715,3175667.653091786,-162.69298470833792,529.72763656518782,130.42591807385713,-0.46957680785692396,0.26752975645234522,0.81155631384369131,-0.22204008736237396,4.7515992647949314e-05,0.0030552147034009218,-3.4056883768871162e-05
4,8000,18.399999999999999,5446361.2813922036,970571.70804776414,3175693.7472759956,-162.60960212593358,529.76871863344536,130.51582058566288,-0.46982724988495422,0.26759271861880352,0.81141238312547803,-0.22196043953455147,4.7583236878790341e-05,0.0030676357768843546,-3.4060009802415799e-05
4,8000,18.600000000000001,5446328.7678984897,970677.66583136399,3175719.8593781353,-162.52516029052106,529.8089801032512,130.60509479094031,-0.47007863418554924,0.26765592152073475,0.8112678045000683,-0.22188045145702651,4.7650959723929552e-05,0.0030794588573613679,-3.4063280365822405e-05
4,8000,18.800000000000001,5446296.2713972479,970783.63158470846,3175745.9892709996,-162.4396810361107,529.84841512247294,130.69372530086966,-0.47033091159924606,0.26771935150283999,0.81112260528295466,-0.22180013891815553,4.7719139098342939e-05,0.0030906826712671252,-3.406668870410838e-05
4,8000,19,5446263.7920937631,970889.60514193738,3175772.1368243261,-162.35318640742963,529.88701801860759,130.78169687244204,-0.47058403304096524,0.26778299498357555,0.81097681277712286,-0.22171951782011837,4.7787752945001902e-05,0.0031013060351383309,-3.4070228121090835e-05
4,8000,19.199999999999999,5446231.3301888937,970995.58633607451,3175798.3019048125,-162.26569865427601,529.92478330020572,130.86899441233962,-0.4708379492213664,0.26784683829434308,0.81083045452625069,-0.22163860404156985,4.7856779242494381e-05,0.0031113278553944862,-3.4073891980989806e-05
4,8000,19.399999999999999,5446198.8858790146,971101.57499906234,3175824.4843761576,-162.17724022690379,529.96170565807324,130.95560298016156,-0.47109261094323029,0.26791086784596579,0.81068355805225567,-0.22155741357139624,4.7926196006132401e-05,0.0031207471306797349,-3.4077673707840037e-05
4,8000,19.600000000000001,5446166.4593560034,971207.57096180075,3175850.6840990856,-162.08783377030932,529.99777996658202,131.04150779218614,-0.47134796881869107,0.26797506996556897,0.81053615111230148,-0.22147596236950695,4.7995981293147899e-05,0.003129562952253021,-3.408156678584514e-05
4,8000,19.800000000000001,5446134.0508071864,971313.57405418239,3175876.9009313816,-161.99750211955279,530.03300128475644,131.12669422447792,-0.47160397356987116,0.2680394310653077,0.81038826143229892,-0.22139426650216226,4.8066113206685729e-05,0.003137774506409563,-3.4085564760574857e-05
4,8000,20,5446101.6604153002,971419.58410513133,3175903.1347279181,-161.90626829394887,530.0673648574716,131.2111478165458,-0.4718605757424198,0.26810393747718297,0.81023991696734465,-0.22131234200110333,4.813656990279641e-05,0.0031453810745285899,-3.4089661240500924e-05
4,8000,20.199999999999999,5446069.2883584648,971525.60094263777,3175929.3853406976,-161.81415549229342,530.10086611642964,131.29485427434591,-0.47211772600993035,0.26816857562376406,0.81009114563157403,-0.22123020500026203,4.8207329593984241e-05,0.0031523820349473094,-3.4093849898055701e-05
4,8000,20.399999999999999,5446036.9348101439,971631.62439379795,3175955.6526188767,-161.72118708694322,530.13350068124726,131.37779947384291,-0.47237537488412523,0.2682333318511595,0.80994197556169933,-0.22114787159346463,4.8278370551767148e-05,0.0031587768623231433,-3.4098124468693515e-05
4,8000,20.600000000000001,5446004.5999391023,971737.65428485058,3175981.9364088071,-161.62738661893957,530.16526436031961,131.45996946391088,-0.47263347302251446,0.26829819260145787,0.80979243484366104,-0.2210653579723475,4.8349671109574774e-05,0.0031645651288444896,-3.4102478751520015e-05
4,8000,20.800000000000001,5445972.2839093897,971843.69044121553,3176008.2365540639,-161.5327777919739,530.19615315179612,131.54135046979795,-0.47289197093555585,0.26836314424407681,0.80964255177893896,-0.22098268028288212,4.8421209666996021e-05,0.0031697465030028605,-3.4106906609242041e-05
4,8000,21,5445939.9868802847,971949.73268753092,3176034.5528954891,-161.43738446741295,530.22616324433272,131.62192889592296,-0.47315081929701935,0.26842817324964036,0.80949235460844537,-0.22089985476431445,4.8492964686529487e-05,0.0031743207503574398,-3.4111401965268348e-05
4,8000,21.199999999999999,5445907.7090063002,972055.78084769181,3176060.8852712233,-161.3412306581655,530.2552910179528,131.70169132923394,-0.47340996864849416,0.26849326601994156,0.80934187178125805,-0.22081689760474926,4.8564914702517856e-05,0.0031782877319742422,-3.4115958806178666e-05
4,8000,21.399999999999999,5445875.4504371146,972161.83474488824,3176087.2335167392,-161.24434052362176,530.28353304468476,131.78062454189339,-0.47366936971195528,0.2685584090629865,0.80919113167618473,-0.2207338250809156,4.8637038322260528e-05,0.003181647405013411,-3.412057118141255e-05
4,8000,21.600000000000001,5445843.2113175634,972267.89420164411,3176113.597464887,-161.1467383634326,530.31088608930781,131.85871549452474,-0.47392897309203891,0.26862358882181842,0.80904016287253133,-0.22065065341303691,4.8709314225025717e-05,0.0031843998211076615,-3.4125233200091795e-05
4,8000,21.800000000000001,5445810.9917876106,972373.95903985598,3176139.9769459278,-161.0484486123807,530.33734710987289,131.93595133877719,-0.47418872959034536,0.26868879185046574,0.80888899386975321,-0.22056739890520913,4.8781721166269611e-05,0.0031865451269817331,-3.4129939032295272e-05
4,8000,22,5445778.791982322,972480.02908083005,3176166.3717875727,-160.94949583408976,530.36291325833122,132.01231942045146,-0.47444858990594319,0.26875400464189192,0.80873765335984693,-0.22048407779977283,4.8854237978490941e-05,0.0031880835629076025,-3.4134682906956965e-05
4,8000,22.199999999999999,5445746.6120318342,972586.10414532351,3176192.7818150166,-160.84990471583879,530.38758188093675,132.08780728193892,-0.47470850495096134,0.26881921380458618,0.80858616994549048,-0.22040070641808257,4.8926843578597152e-05,0.0031890154634380396,-3.4139459115026947e-05
4,8000,22.399999999999999,5445714.4520613402,972692.18405358284,3176219.2068509869,-160.74970006221312,530.4113505187571,132.16240266522104,-0.47496842554980284,0.26888440588990781,0.80843457241363559,-0.22031730101459346,4.899951696691054e-05,0.0031893412559814713,-3.4144262006359104e-05
4,8000,22.600000000000001,5445682.3121910524,972798.26862538094,3176245.6467157798,-160.64890678987018,530.43421690795878,132.23609351417917,-0.4752283027555757,0.26894956756906008,0.80828288945254745,-0.22023387791779761,4.9072237232871796e-05,0.0031890614616468835,-3.4149085991966756e-05
4,8000,22.800000000000001,5445650.1925361995,972904.35768005787,3176272.1012272993,-160.54754992114493,530.45617898019862,132.30886797746254,-0.4754880875485048,0.2690146854600991,0.80813114992616397,-0.22015045338423789,4.9144983556139049e-05,0.0031881766938976638,-3.4153925542100626e-05
4,8000,23,5445618.093206984,973010.45103656012,3176298.5702011008,-160.44565457877206,530.47723486279199,132.38071441066731,-0.47574773115274549,0.26907974630502968,0.80797938259044844,-0.22006704373938832,4.9217735209851271e-05,0.0031866876594568,-3.4158775187156037e-05
4,8000,23.199999999999999,5445586.0143085858,973116.54851347825,3176325.0534504321,-160.34324597945314,530.49738287898447,132.45162137907047,-0.47600718473447079,0.26914473679674583,0.80782761636809164,-0.21998366523181059,4.9290471564738441e-05,0.0031845951569905483,-3.4163629517473595e-05
4,8000,23.399999999999999,5445553.955941122,973222.64992908796,3176351.550786274,-160.24034942854274,530.51662154800431,132.52157765967567,-0.47626639971860513,0.26920964375598522,0.80767588006459745,-0.21990033417376018,4.9363172090552198e-05,0.0031819000780142544,-3.4168483183261701e-05
4,8000,23.600000000000001,5445521.9181996519,973328.75510138832,3176378.0620173826,-160.13699031358371,530.53494958521571,132.59057224381127,-0.47652532748705545,0.26927445395846772,0.80752420264290403,-0.21981706679570118,4.9435816361042219e-05,0.0031786034055639621,-3.4173330894917782e-05
4,8000,23.800000000000001,5445489.9011741364,973434.8638481407,3176404.586950338,-160.03319409896221,530.55236590205425,132.65859433904211,-0.47678391969489425,0.26933915431144129,0.80737261293962836,-0.21973387938642375,4.9508384052414214e-05,0.0031747062150738674,-3.4178167421236885e-05
4,8000,24,5445457.9049494257,973540.97598694416,3176431.1253896174,-159.92898709892378,530.56887086970983,132.72563465113714,-0.4770421280189972,0.26940373169483262,0.80722113990975841,-0.2196507881315152,4.9580854948306774e-05,0.0031702148701897564,-3.4182987589640335e-05
4,8000,24.199999999999999,5445425.9296045275,973647.0913364283,3176457.6771388124,-159.8244010493612,530.58447399157194,132.79169321235278,-0.47729990635303965,0.26946817364853598,0.80706981123164556,-0.21956780862507647,4.9653208595115553e-05,0.0031651720131322474,-3.4187786062240015e-05
4,8000,24.399999999999999,5445393.9752125051,973753.20971654181,3176484.2420009491,-159.71946253212516,530.59917713139691,132.85676248386667,-0.4775572105726284,0.26953246821805354,0.80691865353745984,-0.2194849557023604,4.9725423370166421e-05,0.0031595772042724364,-3.4192556674665532e-05
4,8000,24.600000000000001,5445362.0418413375,973859.33094727574,3176510.8197772242,-159.61419667827272,530.61298019844207,132.92083303969869,-0.47781399596484947,0.26959660334472724,0.80676769383487734,-0.21940224454057503,4.9797476789656643e-05,0.0031534184076510608,-3.41972925788335e-05
4,8000,24.800000000000001,5445330.1295539802,973965.45484862314,3176537.4102669717,-159.50862859116182,530.62588329793596,132.98389570858927,-0.47807021676868111,0.26966056665156651,0.80661695987630433,-0.21931969057020587,4.9869346347122199e-05,0.0031466849363991772,-3.4201986784145851e-05
4,8000,25,5445298.2384083755,974071.58124061639,3176564.0132677192,-159.40278340670918,530.63788672396595,133.04594154299343,-0.47832582663629841,0.26972434565793973,0.80646647979168573,-0.21923730956318735,4.9941010192531845e-05,0.0031393685549899824,-3.420663261769593e-05
4,8000,25.199999999999999,5445266.3684574179,974177.709943366,3176590.6285752179,-159.29668633377426,530.64899095483656,133.10696179846741,-0.47858077855054287,0.26978792766843657,0.80631628223355267,-0.21915511742003305,5.0012447543268749e-05,0.0031314639732294737,-3.4211224023305415e-05
4,8000,25.399999999999999,5445234.5197489532,974283.84077709634,3176617.2559834961,-159.190362676793,530.65919665040087,133.16694792204194,-0.47883502536835487,0.26985130000888924,0.80616639596055562,-0.21907313022816835,5.0083638811902154e-05,0.003122968854946377,-3.4215755684826574e-05
4,8000,25.600000000000001,5445202.6923257615,974389.97356217972,3176643.8952848874,-159.08383784063403,530.66850465126993,133.22589154947383,-0.47908851974660227,0.2699144499181379,0.80601684997570777,-0.21899136404807396,5.0154565505141542e-05,0.0031138834792007802,-3.4220222997186683e-05
4,8000,25.800000000000001,5445170.8862255309,974496.10811917821,3176670.5462700715,-158.97713732342362,530.67691597910061,133.28378450827023,-0.47934121463251944,0.26997736476862139,0.80586767314080965,-0.21890983498652841,5.0225209955900499e-05,0.0031042102000971906,-3.422462192288437e-05
4,8000,26,5445139.1014808426,974602.24426887371,3176697.2087281151,-158.87028669922557,530.68443183776412,133.34061882553769,-0.47959306310852873,0.27004003193700454,0.80571889436102395,-0.21882855901204865,5.0295554989863249e-05,0.0030939528254058865,-3.422894879157412e-05
4,8000,26.199999999999999,5445107.338119152,974708.38183230732,3176723.8824465079,-158.76331159672483,530.69105361464733,133.39638673746941,-0.47984401878186878,0.27010243899632891,0.80557054225919156,-0.21874755205883342,5.0365583599141645e-05,0.0030831160156429716,-3.423320009212908e-05
4,8000,26.399999999999999,5445075.5961627923,974814.52063081798,3176750.5672112117,-158.65623767516001,530.69678288203227,133.45108069993847,-0.48009403553710489,0.27016457356264562,0.80542264541386921,-0.21866682987580804,5.0435278681656549e-05,0.0030717047659602694,-3.4237372293595906e-05
4,8000,26.600000000000001,5445043.8756289575,974920.66048607614,3176777.2628067015,-158.54909060227604,530.70162139801437,133.50469339777436,-0.48034306783934283,0.27022642346257186,0.8052752320856752,-0.21858640815631103,5.0504622879479938e-05,0.0030597240119097026,-3.4241461722621108e-05
4,8000,26.800000000000001,5445012.1765297158,975026.80122012284,3176803.9690160127,-158.44189603389401,530.70557110711036,133.55721775305625,-0.48059107042665627,0.27028797656483194,0.80512833048996624,-0.21850630241045529,5.0573598519634318e-05,0.0030471783663667072,-3.4245464501068009e-05
4,8000,27,5444980.4988720007,975132.94265540654,3176830.6856207894,-158.33467959812987,530.70863414022006,133.60864693089135,-0.48083799856644871,0.27034922093385277,0.80498196855217696,-0.21842652810712487,5.0642187642960605e-05,0.0030340719839279779,-3.4249376541525204e-05
4,8000,27.199999999999999,5444948.8426576285,975239.08461482124,3176857.4124013353,-158.22746688237311,530.71081281424574,133.6589743437504,-0.48108380772919118,0.2704101446575593,0.80483617419059916,-0.21834710055620102,5.0710372103420695e-05,0.0030204085281283891,-3.4253193589291372e-05
4,8000,27.399999999999999,5444917.2078832975,975345.22692174173,3176884.1491366546,-158.12028342481474,530.71210963115561,133.70819365343843,-0.48132845383429823,0.27047073599674715,0.80469097507930931,-0.218268035050422,5.0778133696397209e-05,0.0030061912185283314,-3.4256911290022195e-05
4,8000,27.600000000000001,5444885.59454061,975451.36940006178,3176910.8956045154,-158.01315470782521,530.71252727686021,133.75629877214965,-0.48157189293497749,0.27053098321731456,0.80454639892318414,-0.21818934674780155,5.0845454293977896e-05,0.0029914229252269693,-3.4260525266429277e-05
4,8000,27.800000000000001,5444854.0026160702,975557.51187423174,3176937.6515814951,-157.90610615445243,530.71206861972473,133.80328386192264,-0.48181408147392524,0.2705908747407999,0.80440247321639224,-0.21811105080623053,5.0912315957339939e-05,0.0029761062888476728,-3.4264031187932664e-05
4,8000,28,5444822.4320911141,975663.65416929254,3176964.4168430199,-157.79916312520368,530.71073670907754,133.84914333398569,-0.48205497599173397,0.27065039898452614,0.80425922550200457,-0.21803316226216896,5.0978701024478374e-05,0.0029602438408875306,-3.4267424827433461e-05
4,8000,28.199999999999999,5444790.8829421038,975769.79611091362,3176991.1911634291,-157.69235091640874,530.70853477352318,133.8938718472763,-0.48229453339656442,0.27070954451432006,0.80411668312358542,-0.21795569615626684,5.1044592153624144e-05,0.0029438381131518068,-3.4270702094899948e-05
4,8000,28.399999999999999,5444759.3551403442,975875.93752542732,3177017.97431602,-157.58569475760015,530.70546621937513,133.93746430747231,-0.48253271069515069,0.27076829989241052,0.80397487346974439,-0.21787866740888678,5.1109972333924051e-05,0.00292689172317138,-3.4273859049962969e-05
4,8000,28.600000000000001,5444727.8486521179,975982.07823986525,3177044.7660730942,-157.47921980948286,530.70153462898588,133.97991586567542,-0.48276946527078518,0.2708266538307007,0.80383382372223866,-0.21780209093833502,5.1174824869758803e-05,0.0029094074355812188,-3.427689189897981e-05
4,8000,28.800000000000001,5444696.3634386715,976088.21808199305,3177071.5662060007,-157.37295116030853,530.69674375924001,134.02122191788851,-0.48300475462979386,0.27088459504458728,0.80369356108954526,-0.21772598153584741,5.1239133348451423e-05,0.0028913881960097232,-3.4279796979036621e-05
4,8000,29,5444664.8994562374,976194.35688034503,3177098.3744852012,-157.26691382250004,530.69109753996668,134.06137810429504,-0.4832385366793629,0.27094211240439631,0.80355411255661469,-0.21765035397899821,5.1302881592911009e-05,0.0028728371445581233,-3.4282570732295701e-05
4,8000,29.199999999999999,5444633.4566560593,976300.49446425866,3177125.1906803069,-157.16113272764852,530.68460007250303,134.10038030932793,-0.48347076948220885,0.2709991947932493,0.80341550511168314,-0.21757522290883791,5.1366053621036467e-05,0.0028537576101258931,-3.4285209680860688e-05
4,8000,29.399999999999999,5444602.0349844061,976406.63066390844,3177152.0145601323,-157.05563272187635,530.67725562815349,134.13822466147232,-0.48370141152758378,0.27105583125477034,0.80327776550178287,-0.21750060294047727,5.1428633613267528e-05,0.0028341530948407497,-3.428771040616554e-05
4,8000,29.600000000000001,5444570.6343825804,976512.76531034033,3177178.8458927381,-156.95043855985097,530.66906864676685,134.1749075337099,-0.48393042148976878,0.27111201085390002,0.80314092045531804,-0.21742650854409218,5.149060589191876e-05,0.0028140272503075132,-3.4290069533107786e-05
4,8000,29.800000000000001,5444539.2547869459,976618.8982355044,3177205.6844454864,-156.84557489944845,530.66004373517671,134.2104255435554,-0.4841577584889869,0.27116772281989926,0.80300499644542034,-0.21735295415356207,5.1551954905700378e-05,0.002793383853788957,-3.4292283718011307e-05
4,8000,30,5444507.8961289478,976725.02927228995,3177232.5299850889,-156.74106629540736,530.65018566572451,134.24477555356549,-0.4843833818526288,0.27122295640990002,0.80287001990886975,-0.2172799540519447,5.1612665237253175e-05,0.0027722267842006042,-3.4294349648775977e-05
4,500,0,5449387.1886701053,960873.98968958983,3173373.7226977898,-164.26000211708305,524.3764174302022,122.46902067237752,-0.45633719708098636,0.26438783688698342,0.81898292079183965,-0.22610265305333851,4.5787712080284339e-05,-4.460210700225898e-05,-3.5094609140643321e-05
4,500,0.20000000000000001,5449354.3357198257,960978.86459562054,3173398.216501323,-164.2694987135034,524.37264173938229,122.46901404551134,-0.45633555409447346,0.26438186638933725,0.81898484549310657,-0.2261059787940447,4.5786703267469919e-05,-4.4391351103831449e-05,-3.5094590051849408e-05
4,500,0.40000000000000002,5449321.4808714371,961083.73874582769,3173422.7103031506,-164.27898302389784,524.36885920965892,122.46900362570373,-0.45633394379707132,0.26437590496494412,0.8189867519283448,-0.22610929387895168,4.5785778902237477e-05,-4.3818084660468678e-05,-3.5094471130644371e-05
4,500,0.59999999999999998,5449288.6241275277,961188.61213885667,3173447.2041025665,-164.28845364119786,524.3650699812365,122.46899010936845,-0.45633239170961393,0.26436995967165855,0.8189886258729806,-0.22611259007511342,4.5784783824812233e-05,-4.2985521397040901e-05,-3.5094193690142504e-05
4,500,0.80000000000000004,5449255.7654910479,961293.48477339116,3173471.6978990645,-164.29790822019791,524.36127430809688,122.46897468116627,-0.45633091479753735,0.26436403521450152,0.81899045786920188,-0.22611586190345778,4.5783654445873916e-05,-4.1996963210773175e-05,-3.5093740582236057e-05
4,500,1,5449222.9049654892,961398.35664817027,3173496.1916924007,-164.30734402288664,524.35747247847303,122.46895871332586,-0.45632952197145993,0.26435813407620995,0.8189922429476888,-0.22611910648275033,4.5782394929358411e-05,-4.0944232128317849e-05,-3.5093127670626517e-05
4,500,1.2,5449190.0422851443,961503.22815441596,3173520.6858689636,-164.32079968030956,524.35956581146445,122.47475883127201,-0.45632892237095307,0.26435245206805985,0.81899358598577898,-0.22612209491229121,4.5780969909889422e-05,-1.4259853642409571e-05,-3.509234298215984e-05
4,500,1.3999999999999999,5449157.1761080446,961608.10128815786,3173545.1824050858,-164.34231323082335,524.37386415795299,122.49269843040359,-0.45633242548479425,0.26434790299448951,0.81899264299138641,-0.2261237589453271,4.5778524309829807e-05,5.7861026314574096e-05,-3.5090832500417701e-05
4,500,1.6000000000000001,5449124.3048269534,961712.97856039216,3173569.6838170574,-164.37181644923658,524.4010669571602,122.52366999991847,-0.45634336947791621,0.26434540874784662,0.81898755386477673,-0.22612302099093148,4.5773025588061872e-05,0.00016590705512502916,-3.508720591617447e-05
4,500,1.8,5449091.4268611846,961817.86262143066,3173594.1928037358,-164.40912179388911,524.44186667056647,122.56860160613198,-0.45636429953211638,0.26434567251927849,0.81897689992623335,-0.22611905917040154,4.5761871746619997e-05,0.00030025626256775323,-3.5079603289016244e-05
4,500,2,5449058.5406749481,961922.75625885988,3173618.7122508287,-164.45397582101754,524.49694285769192,122.6284297520377,-0.4563970079351487,0.26434918986035533,0.81895968129057428,-0.22611129425231904,4.5742523637923871e-05,0.00045230880996693782,-3.5066104855036064e-05
4,500,2.2000000000000002,5449025.6447885232,962027.66239098227,3173643.2452268829,-164.50590599983039,524.56667463333224,122.70379977618845,-0.45644264251551048,0.26435627856365168,0.81893525625016861,-0.22609935459418243,4.5712982843996475e-05,0.00061389372213446758,-3.5045058952013438e-05
4,500,2.3999999999999999,5448992.7383622974,962132.5832127562,3173667.7941412618,-164.55775658960627,524.64159800600669,122.78563448295755,-0.456500344793903,0.2643667025957408,0.81890410039286043,-0.22608351581100081,4.5672277171311489e-05,0.00073706862850756209,-3.501542121339043e-05
4,500,2.6000000000000001,5448959.8219274087,962237.51905144448,3173692.3595965859,-164.60599251195336,524.71683917513474,122.86920349682732,-0.45656589074563236,0.26437929678118899,0.81886856534951025,-0.22606514000076675,4.5621636863939978e-05,0.00080732877264500836,-3.4977585354603914e-05
4,500,2.7999999999999998,5448926.8961996539,962342.46996687958,3173716.9419324333,-164.65071838484235,524.7923564798607,122.95441634521914,-0.45663544406398104,0.26439300288794099,0.8188307878705462,-0.22604546463861774,4.5564473072612828e-05,0.00083720271141795547,-3.4933484876656688e-05
4,500,3,5448893.9618566539,962447.43600834277,3173741.5414611683,-164.69219819655257,524.86808807540535,123.0410985076212,-0.45670624740435922,0.26440706027196154,0.81879230447750395,-0.22602537952315405,4.5505268123047431e-05,0.00084015131599512658,-3.4885925813244213e-05
4,500,3.2000000000000002,5448861.0195136191,962552.41721167893,3173766.1584553621,-164.73078001747095,524.94396321397539,123.12903329334256,-0.45677662135320946,0.26442100547039599,0.81875405160345294,-0.2260054270014378,4.5448499613242226e-05,0.00082878108469574814,-3.4837898386425431e-05
4,500,3.3999999999999999,5448828.0697131921,962657.4135984811,3173790.7931430149,-164.76683248151718,525.01991136836625,123.21799668119971,-0.45684584268101286,0.26443463856503491,0.81871643295112206,-0.22598584107825362,4.5397816045518763e-05,0.00081368058119832059,-3.4792017275349806e-05
4,500,3.6000000000000001,5448795.1129263397,962762.42517682072,3173815.4457088145,-164.80069715384747,525.09586870239218,123.30778298256973,-0.45691395021661813,0.26444796965011819,0.81867942728820708,-0.22596660987948924,4.5355550451136049e-05,0.0008028045315634745,-3.4750156711965607e-05
4,500,3.7999999999999998,5448762.1495611053,962867.45194300089,3173840.1162995673,-164.83265753676508,525.17178193262851,123.3982211055704,-0.45698152017017568,0.26446115692310507,0.81864271342876849,-0.22594754801022135,4.5322576986699329e-05,0.00080132721241254069,-3.4713296065173542e-05
4,500,4,5448729.1799760982,962972.4938838816,3173864.805032026,-164.86292346326965,525.24760989344065,123.48918227146541,-0.45704944486484567,0.26447444573853213,0.81860579346533191,-0.22592836786253037,4.5298454084843842e-05,0.00081185099279949412,-3.4681551682768176e-05
4,500,4.2000000000000002,5448696.2044956358,963077.55097929633,3173889.5120015433,-164.89162827505558,525.3233232832597,123.58058074101538,-0.45711873887045734,0.26448811521707205,0.81856810083931741,-0.22590874212990678,4.5281761713057764e-05,0.00083484588699606814,-3.4654345042668506e-05
4,500,4.4000000000000004,5448663.2234244943,963182.62320427387,3173914.237290279,-164.91883547693342,525.39890313998467,123.67236945600017,-0.45719038663340189,0.2645024362788479,0.81852908534993662,-0.22588835297276941,4.5270529555023908e-05,0.00086920488880162089,-3.4630646631527165e-05
4,500,4.5999999999999996,5448630.2370607639,963287.71053090924,3173938.9809742426,-164.94455142699866,525.47433858109264,123.76453253471014,-0.45726523698096644,0.26451764256866156,0.81848827207586583,-0.22586692607135253,4.5262662360232344e-05,0.00091281936219260202,-3.460923710180645e-05
4,500,4.7999999999999998,5448597.2457056297,963392.81292971491,3173963.7431286448,-164.96874091108938,525.54962427516841,123.85707636745119,-0.45734394319682858,0.26453391395510795,0.81844529486750461,-0.22584425008844314,4.5256291969513123e-05,0.00096310364426477498,-3.4588938770256906e-05
4,500,5,5448564.2496701963,963497.93037048692,3173988.5238314737,-164.99134302472586,525.62475800788206,123.95002071646789,-0.45742694214793311,0.26455137070760387,0.81839990813977093,-0.22582018335555004,4.5250014702276955e-05,0.00101742391285263,-3.4568786834901526e-05
4,500,5.2000000000000002,5448531.249279066,963603.06282270781,3174013.3231653245,-165.01228547443657,525.69973859246693,124.04339082939428,-0.45751446405211776,0.26457007617923234,0.81835198149485944,-0.22579465086014711,4.5243001851000656e-05,0.0010734099919885579,-3.4548127084749207e-05
4,500,5.4000000000000004,5448498.2448714711,963708.21025559842,3174038.1412178436,-165.0314961284823,525.77456426395167,124.1372111718722,-0.45760656275499434,0.26459004510687018,0.81830148292647276,-0.2257676345144258,4.5234994783042569e-05,0.0011291481287492916,-3.4526642005597408e-05
4,500,5.5999999999999996,5448465.2368003372,963813.37263786362,3174062.9780811211,-165.04891129155382,525.84923160168069,124.23150102884182,-0.45770315731674971,0.26461125504108035,0.81824845568443039,-0.22573915977939624,4.5226212289696188e-05,0.0011832668247669651,-3.4504318306895334e-05
4,500,5.7999999999999998,5448432.225430036,963918.54993731319,3174087.8338503568,-165.06448069779336,525.92373495209085,124.32627194147635,-0.4578040769316743,0.264633658704368,0.81819299325250361,-0.22570928119593681,4.521720540067877e-05,0.0012349364955670523,-3.4481375099319536e-05
4,500,6,5448399.2111334465,964023.74212038168,3174112.7086221804,-165.0781695914286,525.99806627453449,124.4215267470544,-0.45790910309495009,0.26465719559533024,0.81813521584144577,-0.22567806876713675,4.5208694894700597e-05,0.0012838075937129949,-3.4458173525026177e-05
4,500,6.2000000000000002,5448366.1942888955,964128.94915167289,3174137.6024929537,-165.08995848632696,526.07221530734466,124.51725987508796,-0.45801800513302543,0.2646818018093664,0.818075250523005,-0.22564559655936986,4.5201421049646418e-05,0.0013299118014419124,-3.4435126488537199e-05
4,500,6.4000000000000004,5448333.1752771614,964234.17099354474,3174162.515557169,-165.09984129918891,526.14616994288826,124.61345850443895,-0.45813056665065521,0.26470741729558972,0.81801321648836467,-0.22561193403587546,4.5196026025258316e-05,0.0013735480955397775,-3.4412622475336116e-05
4,500,6.5999999999999996,5448300.1544791656,964339.40760579275,3174187.4479061631,-165.10782253007241,526.21991670956959,124.71010420537907,-0.45824660285891466,0.26473399067551739,0.81794921531058518,-0.22557714051312325,4.5192979344324472e-05,0.0014151709777428948,-3.4390971858042584e-05
4,500,6.7999999999999998,5448267.1322741276,964444.65894541738,3174212.3996271752,-165.11391408469342,526.29344127502941,124.80717474018734,-0.4583659691314384,0.26476148160515911,0.81788332614440951,-0.22554126233440241,4.5192547459484169e-05,0.0014552930062624193,-3.4370378382719273e-05
4,500,7,5448234.1090384237,964549.92496650829,3174237.3708027671,-165.11813220332516,526.36672890710747,124.90464577159412,-0.45848856255934684,0.26478986124855441,0.81781560479304005,-0.22550433241787027,4.5194801335593348e-05,0.0014944086631647321,-3.4350933958380843e-05
4,500,7.2000000000000002,5448201.0851449436,964655.20562020096,3174262.3615105245,-165.12049481629495,526.43976485216649,125.00249231059676,-0.4586143180212891,0.26481911116759221,0.81774608591957021,-0.22546637139382344,4.5199651547716318e-05,0.0015329421590529618,-3.4332631707852297e-05
4,500,7.4000000000000004,5448168.0609630281,964760.50085470267,3174287.3718230831,-165.12101950947198,526.51253461099748,125.10068981132174,-0.4587432011725584,0.26484922142777551,0.81767478691478657,-0.22542738993057904,4.5206898687705525e-05,0.0015712182853838165,-3.4315390646555102e-05
4,500,7.5999999999999996,5448135.0368586183,964865.81061536109,3174312.4018082819,-165.11972215452784,526.58502411092275,125.19921489103876,-0.45887519975269919,0.26488018819433562,0.81760171275967597,-0.22538739149850015,4.5216287611255093e-05,0.001609453049030886,-3.4299085270965627e-05
4,500,7.7999999999999998,5448102.0131947398,964971.13484475785,3174337.4515294167,-165.11661616919446,526.65721978474357,125.29804570147371,-0.45901031492390171,0.26491201137405018,0.81752686083587656,-0.22534637524276599,4.5227556253027207e-05,0.001647759492550926,-3.4283574239869885e-05
4,500,8,5448068.9903319944,965076.47348281485,3174362.5210455847,-165.11171231773912,526.72910857377713,125.3971620061082,-0.45914855331013582,0.26494469237747242,0.81745022542705814,-0.225304338447949,4.5240473041814813e-05,0.0016861636809745739,-3.4268724036744626e-05
4,500,8.1999999999999993,5448035.9686290957,965181.82646688865,3174387.6104119946,-165.10501891490753,526.80067787761516,125.49654504217678,-0.45928992080535747,0.26497823242879187,0.81737180116995145,-0.22526127860267287,4.5254860070182551e-05,0.0017246260893609108,-3.4254425253581814e-05
4,500,8.4000000000000004,5448002.9484432926,965287.19373185281,3174412.7196802096,-165.09654229223605,526.87191547239797,125.59617724663177,-0.45943441821501585,0.26501263137991438,0.81729158548333591,-0.22521719487343472,4.5270602235295865e-05,0.0017630643878723188,-3.4240600971283105e-05
4,500,8.5999999999999996,5447969.9301307201,965392.57521016733,3174437.8488983857,-165.08628740464613,526.94280941550039,125.69604191344384,-0.45958203848374085,0.26504788689254755,0.81720958018540413,-0.225172088878973,4.5287644573946974e-05,0.0018013746059854551,-3.4227208018128286e-05
4,500,8.8000000000000007,5447936.9140465958,965497.97083192458,3174462.9981113914,-165.07425846106247,527.01334795283071,125.79612284534156,-0.45973276586155487,0.26508399425924412,0.81712579191385237,-0.2251259651173308,4.5305981285676116e-05,0.0018394486918651357,-3.4214232801648376e-05
4,500,9,5447903.9005453391,965603.38052487804,3174488.167360873,-165.06045949967131,527.08351943900391,125.89640404206439,-0.45988657597749916,0.26512094637205647,0.81704023214794563,-0.22507883081735724,4.5325640270413881e-05,0.0018771874927381307,-3.4201683781942729e-05
4,500,9.1999999999999993,5447870.8899805164,965708.8042144574,3174513.3566852841,-165.04489486332164,527.15331227539241,125.99686944778274,-0.46004343700796141,0.26515873406361451,0.81695291654046331,-0.2250306956210949,4.5346666764209426e-05,0.0019145089715186211,-3.4189582665944811e-05
4,500,9.4000000000000004,5447837.8827047748,965814.2418237729,3174538.5661198441,-165.02756953904188,527.22271486981424,126.0975027756319,-0.46020331133374132,0.26519734658428834,0.81686386397290345,-0.22498157110610278,4.5369108747734497e-05,0.001951352080198795,-3.4177955987632834e-05
4,500,9.5999999999999996,5447804.8790696878,965919.69327361532,3174563.7956964774,-165.00848937197858,527.29171561505643,126.19828740207528,-0.46036615713200818,0.26523677199327844,0.81677309571919399,-0.22493147014007953,4.5393005895955806e-05,0.0019876771041057507,-3.4166828275341208e-05
4,500,9.8000000000000007,5447771.8794255536,966025.15848245285,3174589.0454437546,-164.98766115566886,527.36030288497079,126.29920632878648,-0.46053193022887023,0.26527699772610658,0.81668063434903015,-0.22488040643052953,4.5418382784439018e-05,0.0020234634409658486,-3.4156217416932165e-05
4,500,10,5447738.8841212364,966130.63736642734,3174614.3153868066,-164.96509263119012,527.4284650427212,126.40024219328721,-0.46070058533109159,0.26531801088053697,0.81658650309720571,-0.22482839397518764,4.5445246231781373e-05,0.0020587058266712528,-3.414613233393333e-05
4,500,10.199999999999999,5447705.8935039509,966236.12983935419,3174639.6055472535,-164.94079241532359,527.49619045790723,126.50137731683287,-0.46087207728397206,0.26535979862048392,0.81649072509767828,-0.22477544680307074,4.5473586053630826e-05,0.0020934098788359845,-3.4136572686087639e-05
4,500,10.4,5447672.9079191051,966341.63581272156,3174664.915943156,-164.91476989187245,527.5634675275146,126.60259377064106,-0.46104636159380136,0.26540234826625947,0.81639332314942692,-0.22472157865436165,4.5503378166513018e-05,0.0021275876854798762,-3.4127530084936178e-05
4,500,10.6,5447639.9277101522,966447.15519570326,3174690.2465889677,-164.88703508322516,527.63028469832852,126.70387345122008,-0.46122339495434278,0.2654456474893459,0.81629431936802677,-0.22466680293991417,4.5534588946761648e-05,0.0021612539246789555,-3.411899022526277e-05
4,500,10.800000000000001,5447606.9532185178,966552.68789517204,3174715.5974955289,-164.85759852962693,527.69663048708321,126.80519815002813,-0.46140313525901822,0.26548968429582387,0.81619373520109673,-0.22461113268075975,4.5567179783445434e-05,0.002194422824136226,-3.411093532292829e-05
4,500,11,5447573.9847834557,966658.23381571134,3174740.9686700106,-164.82647117944651,527.76249349816374,126.90654961601795,-0.46158554140273339,0.26553444695142436,0.81609159156269395,-0.2245545805162209,4.5601111121943366e-05,0.0022271060610319824,-3.4103346422909763e-05
4,500,11.199999999999999,5447541.0227420107,966763.79285963462,3174766.3601159435,-164.79366430828142,527.82786243663611,127.00790960172088,-0.46177057318163212,0.26557992400251196,0.81598790883843608,-0.22449715886799751,4.5636345465101677e-05,0.0022593115811913042,-3.4096205224659126e-05
4,500,11.4,5447508.0674289307,966869.36492700339,3174791.7718332065,-164.7591894611667,527.89272611769388,127.10925989634063,-0.46195819078336331,0.26562610408017834,0.81588270723385059,-0.22443887995646167,4.5672849196034095e-05,0.0022910432066318006,-3.408949529549472e-05
4,500,11.6,5447475.1191766271,966974.94991565985,3174817.2038180442,-164.72305842043872,527.95707347240159,127.21058234477789,-0.46214835461808196,0.26567297590199634,0.81577600681933715,-0.22437975598764159,4.5710593275812281e-05,0.0023223008463697406,-3.4083202656690392e-05
4,500,11.800000000000001,5447442.1783151673,967080.54772124137,3174842.6560630896,-164.68528319638489,528.02089355031933,127.31185885436089,-0.46234102495400131,0.26572052815072233,0.81566782776032432,-0.22431979921651712,4.5749553016999881e-05,0.0023530811161687525,-3.4077315823674232e-05
4,500,12,5447409.2451721467,967186.15823720768,3174868.1285573328,-164.64587603197998,528.08417552033904,127.41307139416129,-0.46253616161323935,0.26576874936966155,0.81555819051392675,-0.22425902199070433,4.5789707246353419e-05,0.002383378172505517,-3.4071825457784651e-05
4,500,12.199999999999999,5447376.3200727114,967291.78135486227,3174893.6212861896,-164.60484941888907,528.14690867019169,127.51420198849515,-0.46273372394739654,0.26581762799752251,0.81544711580064255,-0.22419743687196528,4.5831037142756314e-05,0.0024131846017154991,-3.4066723784654852e-05
4,500,12.4,5447343.4033394912,967397.41696338006,3174919.1342314747,-164.56221611931909,528.20908240537972,127.615232707557,-0.46293367065256363,0.26586715228993624,0.8153346247414256,-0.22413505662243574,4.5873525055722979e-05,0.0024424922467355535,-3.4062003955489799e-05
4,500,12.6,5447310.4952925099,967503.06494982843,3174944.6673714253,-164.51798918834422,528.27068624825642,127.71614565806664,-0.46313595978508193,0.26591731033789801,0.8152207388365601,-0.2240718942379484,4.5917153471585871e-05,0.0024712928912690242,-3.405765945528077e-05
4,500,12.800000000000001,5447277.5962491604,967608.72519919195,3174970.2206807039,-164.47218199284916,528.33170983774426,127.81692297595356,-0.46334054868681213,0.26596809001981209,0.81510548004048389,-0.22400796289817357,4.5961904268097477e-05,0.0024995787617809375,-3.405368364996816e-05
4,500,13,5447244.7065241458,967714.39759439509,3174995.7941303891,-164.4248082283182,528.39214292944882,127.9175468203352,-0.46354739417548058,0.26601947909582874,0.81498887061176206,-0.22394327601799141,4.6007758279674357e-05,0.0025273428441819901,-3.4050069497891221e-05
4,500,13.199999999999999,5447211.8264293661,967820.08201632171,3175021.3876880035,-164.37588192901416,528.45197539673097,128.01799937112486,-0.46375645252204256,0.26607146517432395,0.81487093315808068,-0.22387784718064022,4.605469514984447e-05,0.0025545790300839028,-3.4046809422652743e-05
4,500,13.4,5447178.9562739069,967925.77834384562,3175047.0013175211,-164.32541747326565,528.5111972324504,128.11826282927072,-0.46396767957297769,0.26612403575977783,0.8147516905542691,-0.22381169013605165,4.6102693412971309e-05,0.0025812821257077535,-3.4043895321777863e-05
4,500,13.6,5447146.0963639393,968031.48645384831,3175072.6349793416,-164.27342958394595,528.56979855130237,128.21831941952527,-0.46418103072976363,0.26617717821976067,0.81463116598599472,-0.22374481873312477,4.6151730731938269e-05,0.0026074477622973257,-3.4041318673853386e-05
4,500,13.800000000000001,5447113.2470026268,968137.20622124732,3175098.2886303123,-164.21993332493096,528.62776959264181,128.31815139528538,-0.46439646115055339,0.26623087988232974,0.81450938279252239,-0.22367724696729283,4.6201784194483913e-05,0.0026330722467998837,-3.4039070690206879e-05
4,500,14,5447080.4084901428,968242.93751902459,3175123.962223745,-164.16494409557592,528.68510072347169,128.41774104437701,-0.46461392570625387,0.26628512799649351,0.81438636452345137,-0.22360898892037243,4.6252830616573003e-05,0.0026581523888358689,-3.4037142480537385e-05
4,500,14.199999999999999,5447047.581123475,968348.68021824548,3175149.6557093933,-164.10847762299548,528.74178244163181,128.51707069589676,-0.46483337903850475,0.26633990975533639,0.81426213490021726,-0.22354005876107594,4.63048467747324e-05,0.0026826853301579511,-3.4035525186031744e-05
4,500,14.4,5447014.7651964976,968454.43418808433,3175175.3690335103,-164.05054995386965,528.79780537895056,128.61612272718227,-0.4650547755813359,0.26639521230219648,0.8141367178056369,-0.22347047073858736,4.6357809593001366e-05,0.0027066683963750085,-3.4034210090897451e-05
4,500,14.6,5446981.9609998111,968560.19929586165,3175201.1021388015,-163.9911774463375,528.85316030429192,128.71487957062112,-0.46527806957203149,0.2664510227338589,0.81401013727955229,-0.22340023917965895,4.6411696233089661e-05,0.0027300989818070031,-3.403318868123717e-05
4,500,14.800000000000001,5446949.1688207323,968665.97540706373,3175226.854964491,-163.93037676248076,528.9078381264427,128.8133237200409,-0.46550321505416065,0.26650732810160183,0.81388241751890222,-0.22332937848830459,4.6466484116847703e-05,0.0027529744713873537,-3.4032452664883728e-05
4,500,15,5446916.3889431879,968771.76238537498,3175252.6274462859,-163.86816486167538,528.96182989681006,128.91143773654483,-0.46573016587559862,0.26656411541083136,0.81375358288066302,-0.22325790314703794,4.6522150889190573e-05,0.0027752921979705566,-3.4031993955551173e-05
4,500,15.199999999999999,5446883.6216477137,968877.56009270099,3175278.4195164237,-163.80455899489112,529.01512681193026,129.00920425376711,-0.46595887568433142,0.26662137162011784,0.81362365788604274,-0.22318582771882442,4.6578674366749312e-05,0.0027970494297805135,-3.4031804646169207e-05
4,500,15.4,5446850.8672113512,968983.36838920019,3175304.2311036717,-163.73957669989156,529.06772021580969,129.10660598257837,-0.46618929792431718,0.26667908364027088,0.81349266722459568,-0.22311316684909288,4.6636032461639122e-05,0.0028182433806379411,-3.4031876966013419e-05
4,500,15.6,5446818.1259076064,969089.18713331851,3175330.0621333537,-163.67323579716953,529.11960160212141,129.20362571534417,-0.46642138583283949,0.26673723833384527,0.81336063575746431,-0.22303993526725296,4.669420310680302e-05,0.002838871235125405,-3.4032203236267769e-05
4,500,15.800000000000001,5446785.3980064001,969195.01618181507,3175355.9125273526,-163.6055543863919,529.17076261628142,129.30024632985652,-0.46665509244013986,0.2667958225152362,0.81322758851933108,-0.22296614778736432,4.6753164204771638e-05,0.0028589301813713155,-3.403277583733205e-05
4,500,16,5446752.6837740038,969300.85538979329,3175381.7822041372,-163.53655084316458,529.22119505745479,129.3964507930431,-0.46689037057179456,0.26685482295152435,0.81309355071877432,-0.22289181930788612,4.6812893619246219e-05,0.0028784174453138993,-3.4033587200475782e-05
4,500,16.199999999999999,5446719.9834729629,969406.70461073029,3175407.6710787881,-163.46624381589791,529.27089088049968,129.49222216457085,-0.46712717285395311,0.26691422636416251,0.81295854773689025,-0.22281696481062632,4.6873369125754956e-05,0.0028973303220292141,-3.4034629775820706e-05
4,500,16.399999999999999,5446687.2973621069,969512.56369651086,3175433.5790630011,-163.39465222261722,529.31984219787194,129.58754360042383,-0.46736545172070898,0.26697401943118415,0.81282260512471316,-0.22274159935883076,4.6934568445264548e-05,0.0029156662012107121,-3.4035896047657915e-05
4,500,16.600000000000001,5446654.6256964291,969618.43249745923,3175459.5060651125,-163.32179524759383,529.36804128151073,129.68239835651707,-0.46760515942323194,0.2670341887898936,0.81268574859957465,-0.22266573809467483,4.6996469249721466e-05,0.0029334225855453368,-3.4037378534953619e-05
4,500,16.800000000000001,5446621.9687270718,969724.31086236925,3175485.4519901187,-163.24769233773981,529.41548056470276,129.7767697923741,-0.46784624804033464,0.26709472104001086,0.81254800404051331,-0.22258939623647536,4.7059049184536927e-05,0.0029505971018687878,-3.4039069801832382e-05
4,500,17,5446589.3267012546,969830.19863853802,3175511.4167397055,-163.17236319871074,529.46215264393152,129.87064137489406,-0.4680886694892169,0.26715560274672639,0.81240939748366947,-0.22251258907547039,4.7122285885895476e-05,0.0029671875058953274,-3.4040962465779783e-05
4,500,17.199999999999999,5446556.6998622194,969936.09567179647,3175537.4002122586,-163.09582779074927,529.50805028070477,129.96399668218581,-0.46833237553673279,0.26721682044400652,0.81226995511720435,-0.22243533197271323,4.7186157001298388e-05,0.002983191681849507,-3.4043049207939284e-05
4,500,17.399999999999999,5446524.0884492071,970042.00180654856,3175563.4023028817,-163.01810632427768,529.55316640335741,130.05681940746274,-0.46857731781045392,0.2672783606378295,0.81212970327627954,-0.22235764035602026,4.725064019921246e-05,0.0029986076385104077,-3.4045322777440488e-05
4,500,17.600000000000001,5446491.4926973861,970147.9168857981,3175589.4229034344,-162.93921925527903,529.59749410881852,130.14909336297765,-0.46882344780891189,0.26734020980907858,0.81198866843857787,-0.2222795297168583,4.7315713187175322e-05,0.0030134335031855785,-3.4047776000573662e-05
4,500,17.800000000000001,5446458.9128378173,970253.84075118182,3175615.4619025658,-162.85918728052329,529.64102666434349,130.24080248396075,-0.46907071691173724,0.26740235441653171,0.81184687721968285,-0.22220101560761155,4.7381353715579849e-05,0.0030276675149331833,-3.4050401781887336e-05
4,500,18,5446426.3490973897,970359.77324301493,3175641.5191857009,-162.77803133277837,529.68375750918051,130.33193083249211,-0.46931907636547626,0.26746478088614717,0.81170435639000604,-0.22212211362776907,4.7447539577633931e-05,0.0030413080181108994,-3.4053193102895335e-05
4,500,18.199999999999999,5446393.8016987881,970465.71420031239,3175667.5946351187,-162.69577257553894,529.72568025624423,130.42246260155099,-0.4695684773864639,0.2675274756672143,0.81156113278667819,-0.2220428394659239,4.7514248609028993e-05,0.0030543534565384517,-3.4056143020238068e-05
4,500,18.399999999999999,5446361.2708604373,970571.66346083081,3175693.6881299261,-162.61243239821488,529.76678869366549,130.51238211874576,-0.46981887102816811,0.26759042515437587,0.81141723343613448,-0.22196320883057968,4.758145866934162e-05,0.0030668023695004077,-3.4059244653316737e-05
4,500,18.600000000000001,5446328.756796469,970677.62086110015,3175719.7995461184,-162.52803241106434,529.80707678630631,130.60167385010428,-0.47007020828353685,0.26765361574369245,0.81127268546615128,-0.22188323749246885,4.7649147654514284e-05,0.0030786533888576169,-3.4062491189047064e-05
4,500,18.800000000000001,5446296.2597166756,970783.58623646386,3175745.9287565867,-162.44259444006477,529.84653867723671,130.69032240381662,-0.4703224400691548,0.26771703382138312,0.81112751612357126,-0.22180294127103564,4.7717293490860193e-05,0.0030899052374967098,-3.406587587662735e-05
4,500,19,5446263.7798264334,970889.5594211102,3175772.0756311822,-162.35614052182112,529.88516868912973,130.77831253388626,-0.47057551720972834,0.26778066575280207,0.81098175279169316,-0.22172233602119543,4.7785874128806831e-05,0.0031005567289434824,-3.4069392021691505e-05
4,500,19.199999999999999,5446231.3173267236,970995.54024811264,3175798.2400367013,-162.26869289857069,529.9229613255909,130.86562914365214,-0.47082939054002698,0.26784449793825194,0.81083542290225386,-0.2216414376754399,4.7854867558003714e-05,0.0031106067678020421,-3.4073032992740495e-05
4,500,19.399999999999999,5446198.8724140311,971101.52854946151,3175824.4218369443,-162.1802740125481,529.95991127250852,130.95225728956817,-0.4710840107713668,0.26790851673478566,0.81068855405852924,-0.22156026217492386,4.7924251800612639e-05,0.0031200543503480441,-3.4076792215476254e-05
4,500,19.600000000000001,5446166.445280348,971207.52415610116,3175850.6208927375,-162.09090650130034,529.99601339921537,131.03818218441108,-0.47133932859390687,0.26797270851219068,0.81054117394693037,-0.22147882551164436,4.7994004918790461e-05,0.0031288985661169686,-3.4080663174961167e-05
4,500,19.800000000000001,5446134.0361131364,971313.52689796977,3175876.8370619626,-162.00061319228976,530.03126275968737,131.1233892007842,-0.47159529466087047,0.26803705964173485,0.81039331035444406,-0.22139714371487645,4.806410503521612e-05,0.0031371385988469731,-3.4084639425712853e-05
4,500,20,5446101.645095245,971419.53660403437,3175903.070199592,-161.90941709771369,530.06565459364754,131.20786387443036,-0.47185185957293091,0.26810155648500877,0.81024499118593074,-0.22131523283767349,4.8134530316026258e-05,0.0031447737275618515,-3.4088714580395028e-05
4,500,20.199999999999999,5446069.2724049455,971525.55310233368,3175929.3201577296,-161.81734140901665,530.09918432765187,131.29159190762749,-0.47210897398108626,0.2681661854500752,0.81009624437492922,-0.22123310899889478,4.8205258985517707e-05,0.0031518033270940592,-3.4092882316257739e-05
4,500,20.399999999999999,5446036.9182157945,971631.57622000191,3175955.5867856354,-161.72440949145368,530.1318475760919,131.37455917247996,-0.47236658845267332,0.26823093291300326,0.80994709800719222,-0.22115078831406135,4.8276269318593905e-05,0.0031582268686881497,-3.4097136369032212e-05
4,500,20.600000000000001,5446004.582696666,971737.60578331968,3175981.8699297477,-161.63064487891077,530.16364014212456,131.45675171400018,-0.4726246535741962,0.2682957852739753,0.80979758023143733,-0.22106828693731945,4.8347539648457373e-05,0.0031640439203598431,-3.4101470535542005e-05
4,500,20.800000000000001,5445972.2660117596,971843.64161774737,3176008.1694337479,-161.53607126840097,530.19455801856395,131.53815575327883,-0.47288311991209242,0.26836072893267121,0.8096477192976741,-0.22098562103676736,4.8419048383496698e-05,0.0031692541467726767,-3.4105878681527888e-05
4,500,21,5445939.9683204908,971949.6835479599,3176034.4851385769,-161.44071251443097,530.22459738873192,131.61875769064571,-0.47314193811530364,0.26842575034415594,0.80949754346791791,-0.22090280683612262,4.8490773999743067e-05,0.003173857308812273,-3.4110354735897704e-05
4,500,21.199999999999999,5445907.6897774832,972055.73139789421,3176060.8168824599,-161.34459262325353,530.2537546272589,131.69854410880862,-0.4734010587816197,0.26849083594070056,0.80934708113933429,-0.22081986054597816,4.8562695034743619e-05,0.0031778532632715439,-3.4114892685352605e-05
4,500,21.399999999999999,5445875.4305325756,972161.78499077505,3176087.1645009685,-161.24773574758993,530.28202630076191,131.77750177567444,-0.47366043255998719,0.26855597218754762,0.80919636075504908,-0.22073679840541247,4.86347901024508e-05,0.0031812419626229007,-3.4119486580839941e-05
4,500,21.600000000000001,5445843.1907307161,972267.84414916171,3176113.5278270491,-161.15016618095498,530.30940916851364,131.85561764729584,-0.47392001011104301,0.26862114555822403,0.80904541084243953,-0.22065363665737409,4.8707037896783767e-05,0.0031840234544861894,-3.4124130538098554e-05
4,500,21.800000000000001,5445810.9705120083,972373.90869498532,3176139.9066910525,-161.05190835172328,530.3359001830778,131.93287887087317,-0.47417974220996156,0.26868634259056157,0.80889425992316788,-0.22057039159042219,4.8779417176689246e-05,0.0031861978809045047,-3.4128818727194408e-05
4,500,22,5445778.7700116299,972479.97844958794,3176166.3009207714,-160.95298681742258,530.36149649084996,132.00927278756049,-0.47443957961177979,0.26875154980807897,0.80874293663710151,-0.22048707946986468,4.8851906778230333e-05,0.0031877654781493343,-3.4133545377330895e-05
4,500,22.199999999999999,5445746.5893598795,972586.05323375692,3176192.7103415118,-160.85342625920964,530.38619543252241,132.08478693510261,-0.47469947315411065,0.26881675377595204,0.80859146965232698,-0.22040371657950528,4.8924485621334176e-05,0.0031887265764256965,-3.4138304778922719e-05
4,500,22.399999999999999,5445714.428682074,972692.13286777097,3176219.1347760702,-160.7532514761518,530.40999454350492,132.15940905049121,-0.474959373717045,0.26888194107604368,0.80843988770375208,-0.22032031919692752,4.8997132712349755e-05,0.0031890815995353388,-3.4143091283448792e-05
4,500,22.600000000000001,5445682.2880985877,972798.21717143431,3176245.5740448539,-160.65248737894248,530.4328915543482,132.23312707283668,-0.47521923232608593,0.26894709836293806,0.80828821950263408,-0.22023690363520679,4.9069827153291181e-05,0.0031888310641606404,-3.4147899306877173e-05
4,500,22.800000000000001,5445650.1677247528,972904.30596411356,3176272.0279658437,-160.55115898445612,530.45488439101428,132.30592914573091,-0.47547900001698545,0.26901221228517669,0.80813649386081332,-0.22015348617415545,4.914254812904941e-05,0.0031879755801151885,-3.4152723320854277e-05
4,500,23,5445618.0676709339,973010.3990647865,3176298.496354681,-160.44929140989572,530.47597117512589,132.37780361974319,-0.47573862791452698,0.2690772695276557,0.80798473962192108,-0.22007008309091255,4.9215274915549027e-05,0.003186515850007217,-3.415755785522327e-05
4,500,23.199999999999999,5445585.9880424533,973116.49629206851,3176324.9790246957,-160.34690986704757,530.49615022414787,132.44873905478468,-0.47599806731133287,0.26914225685396409,0.80783298559235439,-0.21998671069038114,4.9287986891250169e-05,0.0031844526689998932,-3.4162397503057267e-05
4,500,23.399999999999999,5445553.9289395669,973222.59746426228,3176351.4757869542,-160.24403965579418,530.51542005158819,132.51872422277469,-0.4762572695327289,0.2692071610277269,0.80768126066540302,-0.2199033852367136,4.9360663532814138e-05,0.0031817869242363609,-3.4167236916385375e-05
4,500,23.600000000000001,5445521.8904574737,973328.70239938924,3176377.9864503019,-160.14070615885697,530.53377936700144,132.58774810960563,-0.47651618603907547,0.26927196886828458,0.80752959373087774,-0.21982012299472151,4.9433284422757027e-05,0.0031785195951598046,-3.4172070809000188e-05
4,500,23.800000000000001,5445489.8726862846,973434.8109152345,3176404.5108213956,-160.0369348357286,530.55122707602436,132.65579991744528,-0.47677476838539268,0.26933666722566607,0.80737801371355489,-0.21973694020528464,4.9505829234382936e-05,0.003174651753091133,-3.4176893946021746e-05
4,500,24,5445457.8757109996,973540.92282941449,3176431.0487047927,-159.93275188840371,530.56776336903613,132.72287016923562,-0.47703296837646059,0.26940124305079688,0.8072265494510974,-0.21965385310962143,4.957827775828321e-05,0.0031701894131500978,-3.4181701157140544e-05
4,500,24.199999999999999,5445425.8996108295,973647.03796051152,3176457.5999040902,-159.82818899512503,530.58339764690686,132.78895879135086,-0.4772907398112422,0.26946568382792796,0.80707522870681869,-0.21957087725247357,4.9650609570479773e-05,0.0031651748629054348,-3.4186487118511469e-05
4,500,24.399999999999999,5445393.9444589596,973753.15612847765,3176484.1642223829,-159.72327289956419,530.59813203236308,132.85405850641354,-0.47754803861053097,0.26952997763691494,0.80692407805957889,-0.21948802751397975,4.9722803086201451e-05,0.0031596081616404423,-3.419124568793511e-05
4,500,24.600000000000001,5445362.0103235263,973859.27715332212,3176510.7414609334,-159.61802873007235,530.61196642863149,132.91815988194867,-0.47780481993017521,0.26959411235368536,0.80677312462366491,-0.21940531903463506,4.9794835853149185e-05,0.0031534773921341615,-3.4195970043722601e-05
4,500,24.800000000000001,5445330.0972676575,973965.40085505473,3176537.3314191662,-159.51248158905213,530.62490093480619,132.98125373943307,-0.47806103811485606,0.26965807566591121,0.80662239604750052,-0.21932276730721156,4.9866685395310724e-05,0.0031467720006081424,-3.420065322456113e-05
4,500,25,5445298.2053494146,974071.52705372206,3176563.9338946659,-159.40665661143424,530.63693583893428,133.04333112418396,-0.47831664671229729,0.26972185503500395,0.80647192055170225,-0.21924038805846993,4.9938329887449668e-05,0.0031394838639045523,-3.4205288581855361e-05
4,500,25.199999999999999,5445266.3346218504,974177.65556944837,3176590.5486832676,-159.30057900519262,530.64807161331521,133.10438328462655,-0.47857159878835731,0.26978543780983949,0.80632172671339575,-0.21915819722026536,5.0009748541500677e-05,0.0031316077638764484,-3.4209870062330089e-05
4,500,25.399999999999999,5445234.4851329532,974283.78622246848,3176617.1755790655,-159.19427407272289,530.65830891195753,133.1644016612839,-0.47882584714036885,0.26984881127768734,0.80617184334766445,-0.21907621083941525,5.0080921738592016e-05,0.0031231413868541566,-3.4214392331406242e-05
4,500,25.600000000000001,5445202.6569256764,974389.91883316799,3176643.8143744608,-159.08776721619446,530.66764856969337,133.2233778837294,-0.47907934449566097,0.26991196271102474,0.80602229939723646,-0.21899444499229215,5.0151830940073383e-05,0.0031140849889423634,-3.4218850751881137e-05
4,500,25.800000000000001,5445170.8500378281,974496.05322212027,3176670.4648602032,-158.98108392931172,530.67609160257825,133.28130377414072,-0.47933204379417588,0.26997487947218213,0.80587312373402031,-0.21891291576618188,5.0222458425339194e-05,0.0031044408647732469,-3.422324124435962e-05
4,500,26,5445139.0645021573,974602.18921011384,3176697.126825423,-158.87424978134121,530.68363920888658,133.33817135443954,-0.47958389818425906,0.27003754896998755,0.80572434520572733,-0.21883163914633974,5.0292786967647819e-05,0.0030942127420376607,-3.4227560094743787e-05
4,500,26.199999999999999,5445107.3003462683,974708.32661819877,3176723.8000576766,-158.76729039546615,530.6902927704615,133.39397285595939,-0.47983486120972368,0.2700999587384238,0.80557599249341227,-0.21875063102903458,5.0362799525736019e-05,0.003083405194145811,-3.4231803758006479e-05
4,500,26.399999999999999,5445075.5575926378,974814.46526772156,3176750.4843429853,-158.66023142566024,530.69605385398461,133.44870072955419,-0.48008488683223854,0.27016209643545241,0.80542809410429772,-0.21866990719437573,5.0432478984826026e-05,0.0030720231360658293,-3.4235968682859979e-05
4,500,26.600000000000001,5445043.836258621,974920.60498035827,3176777.1794659011,-158.55309853463365,530.70092421191646,133.50234765490714,-0.48033392941799435,0.27022394983227316,0.80528067838568795,-0.21858948329139871,5.0501807997246249e-05,0.0030600714384973141,-3.4240051191182509e-05
4,500,26.800000000000001,5445012.1363565065,975026.74557815481,3176803.8852095138,-158.44591737377607,530.70490578306169,133.55490654863291,-0.48058194381850156,0.27028550686310449,0.80513377344520098,-0.21850937488647276,5.0570768930046485e-05,0.0030475546706695516,-3.4244047420908948e-05
4,500,27,5444980.4578932477,975132.88688356348,3176830.6013555271,-158.33871356744442,530.70800069255392,133.6063705700561,-0.48082888519520145,0.27034675553539139,0.8049874072989105,-0.21842959740750612,5.0639343866769017e-05,0.0030344769653169643,-3.4247953306014463e-05
4,500,27.199999999999999,5444948.8008708768,975239.02871947736,3176857.3276843079,-158.23151270038824,530.71021125141976,133.65673312532104,-0.48107470907778876,0.27040768397346748,0.80484160780512004,-0.21835016619983511,5.0707514686143281e-05,0.0030208419847505383,-3.4251764605819232e-05
4,500,27.399999999999999,5444917.1652862905,975345.17090927507,3176884.063974923,-158.124340308726,530.71153995573002,133.70598786966647,-0.48131937130313784,0.27046828039486304,0.80469640270684895,-0.21827109652735666,5.0775263236452554e-05,0.0030066529625062881,-3.4255476997775679e-05
4,500,27.600000000000001,5444885.5511311833,975451.31327684876,3176910.8100051945,-158.01722187369745,530.7119894854269,133.75412870828728,-0.48156282798353189,0.27052853310149494,0.80455181964946831,-0.2181924035826778,5.0842571414875241e-05,0.0029919127934076284,-3.4259086122264937e-05
4,500,27.800000000000001,5444853.9583922513,975557.4556466483,3176937.5655517583,-157.91018281749956,530.71156270292556,133.80114979614086,-0.48180503548331843,0.270588430473161,0.8044078861933186,-0.21811410249451188,5.0909421312375012e-05,0.0029766241468963841,-3.4262587668833719e-05
4,500,28,5444822.3870510738,975663.59784371255,3176964.330390099,-157.80324850048643,530.7102626515674,133.84704553707149,-0.4820459503808176,0.27064796095001925,0.80426462984271563,-0.21803620832102821,5.0975795274738159e-05,0.0029607895834408504,-3.4265977417955645e-05
4,500,28.199999999999999,5444790.8370841835,975769.73969370709,3176991.1042946028,-157.69644421859201,530.70809255404276,133.8918105828136,-0.48228552955974791,0.27070711308518319,0.80412207795977697,-0.21795873609472416,5.104167595911203e-05,0.0029444116589250969,-3.426925128054499e-05
4,500,28.399999999999999,5444759.3084630389,975875.88102295925,3177017.8870386155,-157.58979520134497,530.70505581074519,133.93543983168945,-0.4825237300671949,0.27076587546400682,0.80398025789323713,-0.2178817007556503,5.1107046350454959e-05,0.0029274930088398687,-3.4272405314505388e-05
4,500,28.600000000000001,5444727.8011540752,975982.02165849297,3177044.6783944922,-157.48332660918138,530.70115599818212,133.97792842763363,-0.48276050921843883,0.27082423676031231,0.80383919688418826,-0.21780511719179466,5.1171889737697752e-05,0.0029100364075443385,-3.427543571649242e-05
4,500,28.800000000000001,5444696.3151187021,976088.161428069,3177071.4781336398,-157.37706353024501,530.69639686740618,134.01927175944033,-0.482995824584948,0.27088218572591705,0.80369892207933735,-0.2177290002235974,5.1236189684589706e-05,0.0028920448032259539,-3.4278338808281316e-05
4,500,29,5444664.8503132993,976194.30016021384,3177098.286026563,-157.27103097651892,530.69078234249127,134.05946546029961,-0.48322963400833463,0.27093971119417937,0.80355946052115534,-0.21765336459870219,5.1299929993863824e-05,0.0028735213314928219,-3.4281111017394109e-05
4,500,29.199999999999999,5444633.4066892769,976300.43768425251,3177125.1018429077,-157.16525387932472,530.68431651902824,134.09850540760272,-0.48346189561493241,0.27099680208379001,0.8034208391375105,-0.21757822498667895,5.1363094669074171e-05,0.0028544693122185033,-3.4283748854326378e-05
4,500,29.399999999999999,5444601.9841930736,976406.57383035298,3177151.9253515424,-157.05975708425578,530.67700366264489,134.13638772297062,-0.48369256782914816,0.27105344740209375,0.80328308473212406,-0.21750359597378796,5.1425667888375447e-05,0.002834892234875971,-3.4286248895457199e-05
4,500,29.600000000000001,5444570.5827661157,976512.70842954481,3177178.7563205753,-156.95456534571002,530.66884820751432,134.17310877242832,-0.48392160938569806,0.27110963624822254,0.80314622397552216,-0.21742949205839743,5.1487633976232877e-05,0.0028147937374617409,-3.4288607763783156e-05
4,500,29.800000000000001,5444539.2023449559,976618.84131376783,3177205.5945174079,-156.84970332115108,530.65985475484979,134.20866516665632,-0.48414897933995371,0.27116535781568785,0.80301028339710256,-0.2173559276469732,5.1548977387246097e-05,0.0027941775833244986,-3.4290822115971977e-05
4,500,30,5444507.8428611886,976724.9723158977,3177232.4397087912,-156.74519556526579,530.65002807137103,134.24305376123749,-0.48437463707631367,0.27122060139440118,0.80287528937838293,-0.21728291705062031,5.1609682713479296e-05,0.0027730476391496853,-3.4292888643168101e-05
5,8000,0,5449387.1886701053,960873.98968958983,3173373.7226977898,-164.26000211708305,524.3764174302022,122.46902067237752,-0.45633719708098636,0.26438783688698342,0.81898292079183965,-0.22610265305333851,4.5787712080284339e-05,-4.460210700225898e-05,-3.5094609140643321e-05
5,8000,0.20000000000000001,5449354.3357200529,960978.86459571903,3173398.2165013156,-164.26949894828917,524.37264170683204,122.4690139180551,-0.45633555288448147,0.26438186605441649,0.8189848461671253,-0.22610597918633096,4.5786699561349724e-05,-4.4413348903326115e-05,-3.5094590712409339e-05
5,8000,0.40000000000000002,5449321.4808715899,961083.73874591582,3173422.7103030998,-164.27898358412887,524.36885912784317,122.46900331657979,-0.45633393930051402,0.26437590372173581,0.81898675443354918,-0.22610929533345542,4.5785774838550305e-05,-4.3854017091039661e-05,-3.5094472567944784e-05
5,8000,0.59999999999999998,5449288.6241275165,961188.61213892186,3173447.2041024296,-164.2884546966126,524.36506983169591,122.46898953280692,-0.45633238272602389,0.26436995718838474,0.81898863087833318,-0.22611259297932726,4.5784779489024475e-05,-4.3026937027265361e-05,-3.5094194508677516e-05
5,8000,0.80000000000000004,5449255.7654907638,961293.4847734177,3173471.69789878,-164.29790996165579,524.36127407146955,122.46897374246022,-0.45633090091940709,0.26436403137841497,0.81899046560176547,-0.22611586638897771,4.5783648175657311e-05,-4.2037036987535055e-05,-3.5093738723484542e-05
5,8000,1,5449222.9049647721,961398.35664813931,3173496.1916918862,-164.30734662296922,524.35747213943966,122.46895732955662,-0.45632950340616629,0.26435812894463723,0.81899225329184522,-0.226119112482599,4.5782384764463424e-05,-4.0978359070991656e-05,-3.5093121252726546e-05
5,8000,1.2,5449190.0207851259,961503.18969579937,3173520.6985421497,-164.53180402718525,523.97027295989244,122.60383286078181,-0.45487435390039888,0.26835920049016299,0.81916835246792419,-0.22368699557855826,-0.085122199911022059,0.0055085322579219286,0.049677391010836701
5,8000,1.3999999999999999,5449157.096493871,961607.94814220048,3173545.2338632396,-164.6990003669583,523.62451590139597,122.75093193178677,-0.45096903301146213,0.27889538613507348,0.81949961359989809,-0.21740441156262874,-0.13096821563697106,0.0078729139209400278,0.07882427891610809
5,8000,1.6000000000000001,5449124.14598649,961712.64402260631,3173569.7993295682,-164.79497533566493,523.34601167102016,122.90405271634661,-0.44589092892259358,0.29212576320507433,0.81968103371509871,-0.20968266724778847,-0.13877397059177624,0.0075024220090909137,0.086496723810724638
5,8000,1.8,5449091.1822973024,961817.29114212119,3173594.3952801242,-164.83422941277357,523.13610259550285,123.0541447900858,-0.44082390016708045,0.30489345216450647,0.81959258298278659,-0.20244078094173054,-0.11853373242705266,0.0059000979974264079,0.077315194020168718
5,8000,2,5449058.2147136694,961921.90238789155,3173619.0201630821,-164.83621185349995,522.98362098002008,123.19098633355473,-0.43671651284478452,0.31506613469808337,0.81928421945794094,-0.19694005667281841,-0.081893056909929096,0.0042315652164046594,0.057402333158037527
5,8000,2.2000000000000002,5449025.2498835009,962026.48637930246,3173643.6696474603,-164.80800559288784,522.85972719253391,123.29921358755031,-0.43416801527323295,0.32158172436342408,0.81886621943988358,-0.19375614501063215,-0.0398220008080429,0.0034802582764166261,0.032978616985259133
5,8000,2.3999999999999999,5448992.2927670227,962131.04737347248,3173668.3383980142,-164.76079648747486,522.75225977867842,123.38577194852013,-0.43336144079626004,0.32429106161334725,0.81843054852296215,-0.19288495595323427,-0.0010352957659002288,0.0031927952044284455,0.0092946158858519604
5,8000,2.6000000000000001,5448959.3462569602,962235.58784044045,3173693.0233828491,-164.70317202757084,522.65319214294061,123.46363905893669,-0.43407683893369048,0.32369988899346508,0.81803897213519172,-0.19392761493648222,0.028769777469542738,0.0027954843630699044,-0.009973662586172766
5,8000,2.7999999999999998,5448926.4117141403,962340.10875251284,3173717.7239913433,-164.64231921960467,522.55572072392079,123.54340407856635,-0.43584708322012433,0.32070394063070845,0.81771908169267082,-0.19626972753876304,0.046998773941310835,0.0020734996554364836,-0.022887376354319495
5,8000,3,5448893.4890630264,962444.60990154278,3173742.4412711044,-164.58544201838939,522.45491021162195,123.63091272197836,-0.43813096260190193,0.31634378078049036,0.81747771870807351,-0.19924369848725434,0.053716033914133265,0.0011311378922858398,-0.029080988256246523
5,8000,3.2000000000000002,5448860.5768311629,962549.09029682644,3173767.1769665075,-164.53908720700579,522.34786654781306,123.72747063650918,-0.44044713997907681,0.31160294657824172,0.81731448815953567,-0.20225466128750993,0.050891492766776271,0.00020946621134692195,-0.029390033077254334
5,8000,3.3999999999999999,5448827.6724204663,962653.54856226326,3173791.9327492216,-164.50774515847846,522.23358677595115,123.8313300478696,-0.4424484779348733,0.30726559666728226,0.81722683877130942,-0.20485968727318055,0.041541905648029141,-0.00048264274891275259,-0.025383500145431892
5,8000,3.6000000000000001,5448794.7726322338,962757.98327003687,3173816.7097613928,-164.49262631783441,522.11213150342701,123.93887633751169,-0.44394255049121739,0.30384157331206291,0.81720820743912903,-0.2067995548465438,0.02893604378464221,-0.00082515605653219501,-0.018902480816816478
5,8000,3.7999999999999998,5448761.8745545847,962862.3927788398,3173841.5080885002,-164.48996373457689,521.98164751390664,124.0437066330925,-0.44488370457771076,0.30155763076231795,0.8172407904708523,-0.20798792061272764,0.015980126667078542,-0.00067130588212890808,-0.011681858241441929
5,8000,4,5448728.9760253811,962966.77556658699,3173866.3269624235,-164.49657804677602,521.84572011827845,124.14433737007346,-0.44533486597628208,0.30039606792252455,0.81729795431672059,-0.20847808851837818,0.0048405792078896458,-0.00020060154673897174,-0.0050953942411154727
5,8000,4.2000000000000002,5448696.0755552705,963071.13100859674,3173891.1655587256,-164.50871704323316,521.70888680424684,124.24100673870292,-0.44541387944830813,0.30016120090923265,0.81735587286162092,-0.20842050417881894,-0.003203932784685364,0.00036575780014456657,-3.2317366645295961e-05
5,8000,4.4000000000000004,5448663.1724196188,963175.45930507034,3173916.0231372761,-164.52267026530791,521.57476595280775,124.3342590970699,-0.44526010603628452,0.3005605165501446,0.81739699966510482,-0.20801191985593395,-0.0077255340113003357,0.00087246372650781211,0.0031115487017834356
5,8000,4.5999999999999996,5448630.2665594146,963279.76125396579,3173940.8990734313,-164.53557860120802,521.44568494022428,124.42467441917601,-0.44500860378355062,0.30127970644311314,0.81741180160211979,-0.2074507836710752,-0.0089819455148096184,0.001236312637292141,0.0043606763587945435
5,8000,4.7999999999999998,5448597.3583751963,963384.03798419063,3173965.7928513088,-164.54571772300093,521.32264317506599,124.51274983220846,-0.44477154545805925,0.30204026477392537,0.8173985610189044,-0.20690467189111772,-0.0076861927992119983,0.0014323414144619528,0.0040397201881327543
5,8000,5,5448564.4485269068,963488.29067069001,3173990.704011362,-164.55197135604644,521.20482715662331,124.59827129205877,-0.44462798487840177,0.30263513318860052,0.81736112895771817,-0.2064914431443933,-0.0047663228403346412,0.0015065169063787911,0.0026384224917474458
5,8000,5.2000000000000002,5448531.5378965624,963592.52012301411,3174015.6319417632,-164.55361400536654,521.09016450254762,124.68056639599742,-0.44462458156592366,0.30294356058726157,0.81730405848565246,-0.20627228739925432,-0.001156274118292155,0.0015395482001507035,0.00068704926585957124
5,8000,5.4000000000000004,5448498.6273406316,963696.72690113261,3174040.5760855395,-164.55137305314361,520.97796913404375,124.76057470701879,-0.44477339190461862,0.30292587364035878,0.81723307304690929,-0.20625869497112387,0.0023562119821723976,0.0015244855851084379,-0.0013406769088687793
5,8000,5.5999999999999996,5448465.7175432071,963800.91142802301,3174065.5360836401,-164.54619690912068,520.86753592974617,124.83925497079699,-0.44505648053562541,0.30260677299636918,0.81715509211759252,-0.20642535090500741,0.0052166844572684532,0.0014596660881927043,-0.003088883714495152
5,8000,5.7999999999999998,5448432.8089890126,963905.07398919936,3174090.5117483963,-164.53911270215497,520.75821275325359,124.91733705189823,-0.44543706586971377,0.30205358836564511,0.8170767720048292,-0.20672445127508809,0.0071296739820711141,0.0013533635954099195,-0.00434490275770267
5,8000,6,5448399.9019585596,964009.21475229529,3174115.5030062045,-164.53111772270393,520.64948308256203,124.99522408550582,-0.44587096519361719,0.3013537072315377,0.81700351996339493,-0.2070996714206548,0.0080353513326765248,0.0012213884616794457,-0.0050344347516191271
5,8000,6.2000000000000002,5448366.9965443555,964113.33379887498,3174140.5098306048,-164.52307944742523,520.54100607547093,125.07299084629314,-0.44631617399602119,0.3005949770131679,0.8169389585151462,-0.20749764018946018,0.0080543547518535218,0.0010826961507072292,-0.0051955861509092914
5,8000,6.4000000000000004,5448334.0926849628,964217.43116040784,3174165.5321823838,-164.5156602475503,520.43261948389704,125.15044977654912,-0.44673940086572589,0.29985139178985715,0.81688476595205228,-0.20787575546772746,0.0074184761440017873,0.00095496178965632909,-0.0049417845674361322
5,8000,6.5999999999999996,5448301.1902105119,964321.50685187837,3174190.5699667805,-164.5092790516438,520.32431481148933,125.22725075628048,-0.44711929272759238,0.29917492344429381,0.81684082160256366,-0.20820608880752586,0.0064023674263104418,0.00085143001855527648,-0.0044226540951192604
5,8000,6.7999999999999998,5448268.2888918938,964425.56089855963,3174215.6230115183,-164.50411255667964,520.21619570233167,125.30298528473777,-0.44744675736986578,0.2985931471505392,0.81680558239739431,-0.20847583159297478,0.005267104334750093,0.00077946400037429912,-0.0037897777025769773
5,8000,7,5448235.3884862736,964529.59335369244,3174240.6910643475,-164.50012913921705,520.10843023531459,125.37727474346718,-0.44772316539424428,0.29811146963025992,0.81677660221535631,-0.20868517177265483,0.0042215229724854005,0.0007405684117073216,-0.0031715720302435092
5,8000,7.2000000000000002,5448202.4887735331,964633.60430677666,3174265.7738056416,-164.49714321160556,520.00120604844494,125.44983174495066,-0.44795732934855093,0.29771834076662756,0.81675109203648244,-0.20884365997389936,0.0034027067709647514,0.00073139011714757935,-0.0026588462931324201
5,8000,7.4000000000000004,5448169.5895809308,964737.59388371394,3174290.8708702656,-164.49487701342633,519.8946945371639,125.52049129111899,-0.4481620902106232,0.29739178185362897,0.81672642248888927,-0.20896607330490133,0.0028734978416421358,0.00074521015016659905,-0.0023004398900167201
5,8000,7.5999999999999996,5448136.6907955315,964841.56224099395,3174315.9818728021,-164.49301924370309,519.78902734074825,125.58921411393801,-0.44835116668927533,0.29710580548263943,0.81670049496670194,-0.20906858491419006,0.0026327281724194008,0.00077356489569713009,-0.0021068612147705106
5,8000,7.7999999999999998,5448103.7923658714,964945.50955645624,3174341.1064311643,-164.49127355409021,519.68428552221712,125.65606828004721,-0.44853670082397468,0.29683571344111626,0.81667194568925727,-0.20916577244848303,0.0026329974159546299,0.00080775536361828105,-0.0020591276389812442
5,8000,8,5448070.8942952352,965049.43601903098,3174366.2441850067,-164.48939334353537,519.58049969199465,125.72119710712806,-0.44872770860629257,0.2965617238227769,0.81664018540973182,-0.20926871497232488,0.0028010369107567936,0.0008400840983513086,-0.0021199405715000954
5,8000,8.1999999999999993,5448037.9966294486,965153.34181934525,3174391.3948070607,-164.4872019596927,519.47765803588231,125.78478180872929,-0.44892944538256158,0.29627080220443086,0.81660530789589292,-0.20938418265452274,0.0030566548490373424,0.000864714623108158,-0.0022447456572997153
5,8000,8.4000000000000004,5448005.0994420275,965257.22714244109,3174416.5580071039,-164.48459932695962,519.37571877582991,125.84700626298803,-0.4491435482759768,0.29595689827939381,0.81656791403339213,-0.2095147469131011,0.003327593090274565,0.00087810300423256566,-0.0023909238977828048
5,8000,8.5999999999999996,5447972.2028191416,965361.09216315288,3174441.733529564,-164.48155733222751,519.27462385351157,125.90802927763767,-0.4493687272525787,0.29561999019235907,0.81652890125014954,-0.2096595377970929,0.0035590216044354772,0.00087901388382980914,-0.0025241447661724864
5,8000,8.8000000000000007,5447939.3068464044,965464.93704412959,3174466.9211465865,-164.47810711953369,519.17431133735204,125.96796721838875,-0.44960174735830222,0.29526441968370742,0.81648925982389786,-0.20981534699213128,0.0037176117806799673,0.00086819482451432344,-0.0026216365157309975
5,8000,9,5447906.4115986889,965568.76193607051,3174492.1206487073,-164.47432178850073,519.07472496343019,126.02688742999662,-0.44983846487309082,0.29489698165073197,0.81644990548717911,-0.20997780255037729,0.0037910200353495215,0.00084782682836022404,-0.0026726928942509497
5,8000,9.1999999999999993,5447873.5171336103,965672.56697951804,3174517.3318351954,-164.47029784491556,518.97582012269709,126.08481095198943,-0.45007473455283636,0.294525143497049,0.81641156440678464,-0.21014240568743667,0.0037841250157742683,0.00082088452811884295,-0.002677093200276536
5,8000,9.4000000000000004,5447840.6234885799,965776.3523074938,3174542.5545056341,-164.46613818251851,518.87756635865549,126.14172184450926,-0.45030707537548553,0.29415564558612312,0.81637471464196032,-0.21030530028947425,0.0037135167575505692,0.00079052655185404168,-0.0026422632789431313
5,8000,9.5999999999999996,5447807.730680964,965880.11804832797,3174567.7884537759,-164.46193852180002,518.77994696713495,126.19758001987226,-0.45053305205828503,0.29379360379622421,0.81633957880726093,-0.21046372477046479,0.0036016070966657463,0.00075960355622342287,-0.0025799810923796845
5,8000,9.8000000000000007,5447774.8387104943,965983.86432819685,3174593.0334640713,-164.45777828199121,518.68295657616318,126.25233468927352,-0.45075138737421205,0.29344212108770118,0.81630615640670723,-0.21061616121343241,0.0034714159739338102,0.00073033054048060641,-0.0025032834882673526
5,8000,10,5447741.9475630699,966087.59127304761,3174618.2893107482,-164.45371599327763,518.58659765371078,126.30593616886698,-0.45096185970742814,0.29310233100084798,0.81627428122531165,-0.21076224154527382,0.0033426896110724377,0.00070413188890890491,-0.0024240180934356429
5,8000,10.199999999999999,5447709.0572150527,966191.29900979437,3174643.5557589685,-164.44978869038448,518.49087679406614,126.35834462162781,-0.45116506002535012,0.29277374743029611,0.81624368896309518,-0.21090249324240196,0.003229611365078852,0.0006816386098117093,-0.0023512582381936963
5,8000,10.4,5447676.1676373631,966294.98766680236,3174668.8325673644,-164.44601431923792,518.39580143066621,126.40953515153051,-0.45136208483111934,0.29245478005632319,0.81621408237167004,-0.21103801017183088,0.00314003735610726,0.00066279967069777677,-0.0022905996890124681
5,8000,10.6,5447643.2787988968,966398.65737379435,3174694.1194912428,-164.44239602808213,518.30137737477219,126.45949937993181,-0.45155423115401838,0.29214328668747963,0.81618518468576107,-0.21117012257848114,0.0030759616146311146,0.00064706243182106437,-0.0022442105573018136
5,8000,10.800000000000001,5447610.3906689752,966502.30826136179,3174719.4162857942,-164.43892725684157,518.20760733671443,126.50824414387091,-0.45174274147199628,0.29183706319591729,0.81615677624434302,-0.21130011988399036,0.003034798352837602,0.00063357873415105699,-0.0022114196598103097
5,8000,11,5447577.5032187812,966605.94046027598,3174744.7227088385,-164.43559672034627,518.11449038625972,126.55578823703475,-0.45192862561081659,0.29153420910991762,0.81612871307569679,-0.2114290565782769,0.0030110505797626913,0.00062140055413709432,-0.0021896008399744206
5,8000,11.199999999999999,5447544.6164218634,966709.55410077143,3174770.0385228037,-164.43239263818418,518.02202217118418,126.60215818186764,-0.45211256715255638,0.2912333440221227,0.8161009293060596,-0.2115576496801834,0.0029979903859090329,0.00060963974273494184,-0.0021751297138948977
5,8000,11.4,5447511.7302539144,966813.14931192726,3174795.3634958314,-164.42930584084232,517.93019564302767,126.64738391929843,-0.45229490643798304,0.29093368085979981,0.81607342724793541,-0.21168625909924604,0.0029890772383454251,0.000597577966393053,-0.0021642390381888393
5,8000,11.6,5447478.8446920328,966916.72622122406,3174820.697402074,-164.42633163571165,517.83900202880272,126.69149508942466,-0.4524756822198765,0.29063498347300848,0.81604625989723822,-0.21181493122306175,0.0029789579089083435,0.00058472371426291671,-0.0021536629171711378
5,8000,11.800000000000001,5447445.9597137347,967020.28495429875,3174846.0400213487,-164.42347051897897,517.74843182202392,126.73451831349836,-0.45265470955549647,0.29033744709296566,0.81601951047941401,-0.21194348126259047,0.0029640018584211301,0.00057082178846279581,-0.0021410241416778223
5,8000,12,5447413.0752959326,967123.82563488523,3174871.3911383501,-164.42072795592634,517.65847562763679,126.77647562854919,-0.45283167183239942,0.29004154205327376,0.81599327290610102,-0.21207159036708009,0.0029424132520343635,0.0005558263071686676,-0.0021249727701011336
5,8000,12.199999999999999,5447380.1914140172,967227.34838490305,3174896.7505416824,-164.41811352082814,517.56912476591708,126.81738401055902,-0.45300620856474805,0.28974785600334257,0.8159676358419875,-0.21219889773911671,0.0029140175330232268,0.00053985078489068459,-0.0021051218018503957
5,8000,12.4,5447347.3080411572,967330.85332463612,3174922.1180228558,-164.41563969657869,517.48037160619947,126.85725577273934,-0.45317798624786054,0.28945696043145402,0.81594267181739655,-0.21232507422724711,0.0028798459282975745,0.00052310868782460163,-0.0020818458144330762
5,8000,12.6,5447314.4251478305,967434.34057295707,3174947.4933754629,-164.41332059803412,517.39220965315644,126.89609954825146,-0.45334674569546068,0.28916931633293613,0.81591843167577538,-0.21244987058273457,0.0028416399102803459,0.00050585571367455005,-0.0020560123900783631
5,8000,12.800000000000001,5447281.5427016253,967537.81024754536,3174972.8763945592,-164.41117081887955,517.30463344190935,126.93392155485186,-0.4535123247947318,0.28888522350138623,0.81589494375953908,-0.2125731395295524,0.0028013770682899404,0.00048834176974886501,-0.0020287078211298042
5,8000,13,5447248.660667263,967641.26246507186,3174998.2668763055,-164.40920452973734,517.21763831304565,126.97072687520176,-0.45367465981295929,0.28860480969403784,0.81587221665876763,-0.21269483526727381,0.0027608886244723206,0.00047077702934096425,-0.0020010026649850579
5,8000,13.199999999999999,5447215.7790067038,967744.69734133384,3175023.6646178644,-164.40743487749634,517.13122013843338,127.00652055830625,-0.45383377076072901,0.28832805043296211,0.8158502442686848,-0.21281499659881312,0.0027216048972607855,0.00045331316543530126,-0.0019737838527244013
5,8000,13.4,5447182.8976794118,967848.11499133334,3175049.0694174715,-164.40587368575677,517.04537505601945,127.04130842268475,-0.45398973789311786,0.2880548081618719,0.8158290113796477,-0.21293372108210562,0.0026844345550151505,0.0004360383286524705,-0.0019476620750731994
5,8000,13.6,5447150.0166426329,967951.515529308,3175074.4810746456,-164.40453140736676,516.96009925452097,127.07509752270744,-0.45414267470909792,0.2877848786976574,0.81580849949577572,-0.21305113647078275,0.0026497604522001872,0.00041898278504646884,-0.001922948716081419
5,8000,13.800000000000001,5447117.1358516375,968054.89906872693,3175099.8993904539,-164.4034172626321,516.87538882879119,127.10789629843862,-0.45429270365924551,0.28751803615856131,0.81578869102932805,-0.21316737525745497,0.0026175208611464731,0.00040213141700228927,-0.0018996870283203462
5,8000,14,5447084.2552599655,968158.26572226046,3175125.324167788,-164.40253948610578,516.79123970969533,127.13971447396011,-0.45443993657593251,0.28725406888994293,0.81576957264405503,-0.21328255507464819,0.0025873397602270351,0.0003854393192963274,-0.0018777177415981276
5,8000,14.199999999999999,5447051.3748195777,968261.61560174881,3175150.7552115838,-164.40190561583407,516.70764765864351,127.17056278738256,-0.45458446267036429,0.2869928037440066,0.81575113651622821,-0.21339676701002833,0.0025586719184760784,0.00036884732006749464,-0.001856759200000775
5,8000,14.4,5447018.4944809815,968364.94881817116,3175176.1923290053,-164.40152276884356,516.6246083095474,127.20045264076794,-0.4547263428789477,0.28673411733622867,0.81573338082698033,-0.21351007107847711,0.0025309355134687998,0.00035229514710473321,-0.0018364852379719775
5,8000,14.6,5446985.6141932765,968468.26548162522,3175201.635329525,-164.40139786914915,516.54211723758669,127.22939574400422,-0.45486561070906684,0.28647793665367871,0.81571630871795286,-0.21362249810466105,0.002503614464729677,0.00033573095867665901,-0.0018165889558630611
5,8000,14.800000000000001,5446952.7339041773,968571.56570132473,3175227.0840249676,-164.4015378081813,516.46017003593568,127.25740380929439,-0.45500227668042409,0.28622423119310131,0.81569992718446749,-0.21373405551012103,0.0024763223778312298,0.00031911685658517561,-0.0017968260448205952
5,8000,15,5446919.8535600314,968674.84958560928,3175252.5382294804,-164.40194953698165,516.37876238512956,127.28448832751126,-0.45513633562957889,0.28597300079644183,0.81568424523131444,-0.21384473546612898,0.002448828346521565,0.00030243071711252964,-0.0017770363142534595
5,8000,15.199999999999999,5446886.9731057761,968778.11724196968,3175277.997759473,-164.40264009644645,516.29789010559591,127.31066043849633,-0.45526777399818558,0.28572426170837123,0.8156692726275302,-0.21395452302117621,0.0024210508898730074,0.00028566512719900968,-0.0017571459259098929
5,8000,15.4,5446854.0924849324,968881.36877707532,3175303.4624335445,-164.40361660238881,516.21754918886984,127.33593088772919,-0.45539657687521246,0.28547803414705564,0.81565501846129607,-0.21406340333829632,0.0023930296793492904,0.00026882443086432976,-0.0017371552368143301
5,8000,15.6,5446821.2116395952,968984.60429681372,3175328.9320724076,-164.40488620054828,516.13773580811835,127.36031005258123,-0.45552273285374839,0.28523433240031787,0.81564149058172264,-0.21417136670251502,0.0023648856237955341,0.00025192088116819059,-0.0017171181135065769
5,8000,15.800000000000001,5446788.3305104403,969087.82390632399,3175354.4064988191,-164.4064560095315,516.05844631145635,127.38380801356287,-0.45564623741439725,0.28499315889504423,0.81562869497855017,-0.21427841151341873,0.002336778855954803,0.00023497074697023825,-0.0016971183420592521
5,8000,16,5446755.44903671,969191.02771003067,3175379.8855375261,-164.40833306279512,515.97967720376084,127.40643464777597,-0.45576709385414954,0.28475450157141013,0.81561663598219303,-0.21438454492722056,0.0023088718965251845,0.00021799097779125464,-0.0016772476879201711
5,8000,16.199999999999999,5446722.5671562711,969294.21581167332,3175405.3690152424,-164.41052426032633,515.90142512266846,127.42819972303725,-0.45588531312824954,0.28451833460859643,0.81560531627168686,-0.21448978207567507,0.0022813024617885105,0.00020099677447893151,-0.0016575886549471625
5,8000,16.399999999999999,5446689.6848056167,969397.38831433048,3175430.8567606285,-164.41303633290354,515.82368681419609,127.44911297883401,-0.45600091211783877,0.28428462096583507,0.81559473747455447,-0.21459414398772175,0.0022541676258357444,0.00018400016672752287,-0.0016382034127764183
5,8000,16.600000000000001,5446656.8019199129,969500.54532043915,3175456.3486042977,-164.41587582172139,515.74645911167158,127.46918418456195,-0.45611391182973771,0.28405331633940495,0.81558490038297182,-0.21469765527191534,0.0022275187718450947,0.0001670095191209496,-0.001619128978346405
5,8000,16.800000000000001,5446623.9184330385,969603.68693180883,3175481.8443788216,-164.41904907013719,515.66973892046224,127.48842317335327,-0.45622433505815957,0.28382437303458152,0.81557580555626674,-0.21480034162801803,0.0022013652018148303,0.00015002976126281031,-0.0016003777177473004
5,8000,17,5446591.0342776235,969706.81324963842,3175507.3439187477,-164.42256222607813,515.59352320904964,127.50683985248989,-0.45633220478651448,0.28359774363191342,0.81556745342561854,-0.21490222798849218,0.002175683474877098,0.0001330630906805222,-0.0015819416415975994
5,8000,17.199999999999999,5446558.1493850853,969809.92437452602,3175532.8470606068,-164.42642124985255,515.51780900613755,127.52444419630139,-0.45643754264014813,0.2833733834569232,0.8155598446876221,-0.21500333706689384,0.002150429429946153,0.00011610989268893996,-0.0015637987789455612
5,8000,17.399999999999999,5446525.2636856763,969913.02040648111,3175558.3536429368,-164.43063192548726,515.44259340227677,127.541246226985,-0.45654036834398404,0.28315125223408849,0.81555298019545386,-0.21510368877571706,0.0021255502495027925,9.9169668389006928e-05,-0.0015459200506545473
5,8000,17.600000000000001,5446492.3771084985,970016.10144493752,3175583.8635062794,-164.43519987131688,515.36787355446518,127.55725599058886,-0.45664069928933715,0.2829313144423698,0.81554686113849961,-0.21520330003882102,0.0021009946340745569,8.2241818074770538e-05,-0.0015282754133808293
5,8000,17.800000000000001,5446459.4895815458,970119.16758876818,3175609.3764931853,-164.44013054950128,515.29364669181678,127.57248353264313,-0.45673855093710897,0.28271353909533559,0.81554148878378774,-0.21530218524757955,0.0020767199823689521,6.5326200651474268e-05,-0.0015108384954347026
5,8000,18,5446426.6010317393,970222.21893629967,3175634.892448213,-164.44542927212404,515.21991012101819,127.58693887808538,-0.45683393709021114,0.28249789871716496,0.81553686454675034,-0.21540035679705577,0.002052696248721321,4.8423444550003234e-05,-0.0014935893972487675
5,8000,18.199999999999999,5446393.7113849549,970325.25558532821,3175660.4112179237,-164.45110120517467,515.14666123037853,127.60063201674717,-0.45692687068482607,0.28228436830248665,0.81553298969922272,-0.21549782590663311,0.0020289067666855757,3.1535037438274081e-05,-0.0014765157097118605
5,8000,18.399999999999999,5446360.8205660414,970428.27763313497,3175685.9326508692,-164.45715136932407,515.07389749211609,127.61357289581564,-0.45701736420118083,0.28207292403711809,0.81552986542862282,-0.2155946032203217,0.0020053467312554224,1.4663245251079226e-05,-0.0014596120721977351
5,8000,18.600000000000001,5446327.928498866,970531.28517650533,3175711.4565975913,-164.46358464007727,515.00161646257664,127.62577141755746,-0.4571054302975624,0.28186354239706407,0.81552749263543522,-0.21569069941844757,0.0019820202157033277,-2.189071976175808e-06,-0.0014428787365082408
5,8000,18.800000000000001,5446295.0351063283,970634.2783117434,3175736.9829106038,-164.47040574614354,514.92981578082606,127.63723744198755,-0.45719108202922393,0.28165619937044106,0.81552587200164484,-0.21578612551575824,0.0019589365940598487,-1.9018688426844292e-05,-0.0014263196341388687
5,8000,19,5446262.1403104067,970737.25713468902,3175762.5114443894,-164.47761926788641,514.85849316595659,127.6479807921192,-0.45727433320520883,0.28145087018496606,0.81552500381953386,-0.21588089310776543,0.0019361070978263263,-3.582223042356062e-05,-0.001409940388000619
5,8000,19.199999999999999,5446229.2440321641,970840.22174073406,3175788.042055394,-164.48522963589636,514.78764641368161,127.65801126038586,-0.45735519821603893,0.28124752909291029,0.81552488818868307,-0.21597501426955934,0.0019135420166383557,-5.2596352453478908e-05,-0.0013937465988469501
5,8000,19.399999999999999,5446196.3461918077,970943.17222483642,3175813.5746020181,-164.49324113067325,514.71727339265431,127.66733861447315,-0.45743369205870221,0.28104614957379148,0.81552552495173747,-0.21606850147923795,0.0018912488121243978,-6.9337852555243434e-05,-0.0013777426035128117
5,8000,19.600000000000001,5446163.4467086932,971046.10868153581,3175839.1089446153,-164.50165788252951,514.64737204103687,127.67597260219111,-0.45750983028075892,0.28084670467214373,0.8155269136491281,-0.21616136746698456,0.0018692311964985963,-8.6043727137821176e-05,-0.0013619307738596035
5,8000,19.800000000000001,5446130.54550137,971149.0312049652,3175864.6449454837,-164.51048387192353,514.57794036354744,127.68392295473953,-0.45758362862771196,0.28064916722806621,0.81552905371686701,-0.21625362491704195,0.0018474890605637651,-0.00010271117337762886,-0.0013463113209999363
5,8000,20,5446097.642487606,971251.93988886441,3175890.1824688693,-164.5197229307534,514.50897642904249,127.69119938791748,-0.45765510297643069,0.28045351026665377,0.81553194442995591,-0.21634528632036348,0.0018260190324704273,-0.00011933755343985864,-0.0013308824989670719
5,8000,20.199999999999999,5446064.737584414,971354.83482659492,3175915.7213809593,-164.52937874344019,514.440478368752,127.69781160206639,-0.45772426928938409,0.28025970731851102,0.81553558484799049,-0.216436363866815,0.0018048154080446039,-0.00013592033953203011,-0.0013156410674542579
5,8000,20.399999999999999,5446031.8307080874,971457.71611114999,3175941.261549877,-164.53945484788582,514.37244437503045,127.7037692809908,-0.45779114336031718,0.28006773249707134,0.81553997397869149,-0.21652686927408735,0.0017838712048732011,-0.00015245705456352329,-0.0013005828702887378
5,8000,20.600000000000001,5445998.9217742281,971560.58383516665,3175966.8028456811,-164.54995463681965,514.30487270041453,127.70908208996933,-0.45785574086514041,0.27987756064115754,0.8155451107006777,-0.21661681379479331,0.0017631791398048304,-0.00016894521933930645,-0.0012857034067994587
5,8000,20.800000000000001,5445966.0106977718,971663.43809093907,3175992.3451403631,-164.56088135855646,514.23776165692743,127.71375967381015,-0.45791807744194668,0.27968916736778793,0.81555099368977491,-0.21670620826502834,0.0017427323959499353,-0.00018538231524542918,-0.0012709983076198143
5,8000,21,5445933.0973930163,971766.27897042979,3176017.8883078424,-164.57223811740118,514.17110961544302,127.7178116551348,-0.45797816856300549,0.27950252891815525,0.81555762155417799,-0.2167950630732251,0.0017225251147526151,-0.00020176576431200522,-0.0012564636655074976
5,8000,21.199999999999999,5445900.181773656,971869.10656528105,3176043.4322239584,-164.5840278743494,514.10491500492685,127.72124763277134,-0.45803602966541279,0.27931762211492434,0.81556499275103522,-0.21688338826063525,0.0017025526095451619,-0.00021809292469504606,-0.0012420962080314677
5,8000,21.399999999999999,5445867.2637528107,971971.92096682638,3176068.9767664671,-164.59625344730338,514.03917631158151,127.72407718082957,-0.45809167627633401,0.27913442430043967,0.8155731055128036,-0.21697119362026374,0.001682811342034439,-0.00023436109962718699,-0.0012278933275095883
5,8000,21.600000000000001,5445834.3432430448,972074.72226610268,3176094.5218150392,-164.60891751111851,513.97389207782714,127.72630984829603,-0.45814512391119583,0.27895291314626147,0.81558195797495014,-0.21705848868301889,0.0016632987293763721,-0.00025056755433807473,-0.0012138530019599498
5,8000,21.800000000000001,5445801.4201564062,972177.5105538608,3176120.0672512515,-164.62202259812184,513.90906090106148,127.72795515874836,-0.45819638818796821,0.27877306662132156,0.81559154810296164,-0.21714528279716191,0.0016440128579057617,-0.00026670953524244494,-0.00119997364889244
5,8000,22,5445768.4944044463,972280.28592057666,3176145.6129585789,-164.63557109831532,513.84468143233153,127.72902261054118,-0.45824548492629935,0.27859486298553554,0.81560187362365788,-0.21723158519034519,0.0016249521738489923,-0.00028278428886724692,-0.0011862539530755828
5,8000,22.199999999999999,5445735.5658982545,972383.0484564607,3176171.1588224,-164.64956525971633,513.78075237490509,127.72952167707889,-0.45829242998651237,0.2784182806605125,0.81561293217995678,-0.21731740489872142,0.0016061152059346797,-0.0002987890765862626,-0.0011726927024051097
5,8000,22.399999999999999,5445702.6345484881,972485.79825147032,3176196.7047299854,-164.66400718929819,513.71727248274999,127.72946180682584,-0.45833723937952203,0.27824329829529776,0.81562472123459784,-0.21740275081676713,0.0015875003549430684,-0.0003147211843642184,-0.0011592886555072273
5,8000,22.600000000000001,5445669.7002653964,972588.53539531783,3176222.2505704877,-164.67889885333457,513.65424055908693,127.72885242360239,-0.45837992932053062,0.2780698948192647,0.81563723801826393,-0.21748763171556726,0.0015691057653224208,-0.0003305779268990712,-0.0011460404533404666
5,8000,22.800000000000001,5445636.7629588423,972691.25997748121,3176247.7962349462,-164.69424207804602,513.59165545495637,127.727702926628,-0.45842051604742928,0.27789804936410051,0.81565047968497362,-0.21757205614717406,0.0015509292768626282,-0.00034635664721520068,-0.0011329465768090967
5,8000,23,5445603.8225383498,972793.97208721354,3176273.3416162743,-164.71003855072229,513.52951606778765,127.72602269016699,-0.45845901592534627,0.27772774136256362,0.81566444321020803,-0.21765603248472962,0.0015329684424086956,-0.00036205471217945305,-0.0011200053446200611
5,8000,23.199999999999999,5445570.8789131073,972896.6718135518,3176298.8866092619,-164.72628982041374,513.46782134009095,127.72382106329562,-0.45849544537824538,0.27755895053825907,0.81567912544483434,-0.21773956888231141,0.0015152205910120896,-0.00037766950725097865,-0.0011072149408421546
5,8000,23.399999999999999,5445537.9319920102,972999.35924532532,3176324.4311105618,-164.7429972988686,513.40657025817336,127.7211073694132,-0.4585298209887716,0.27739165698891144,0.81569452302060974,-0.21782267331738286,0.0014976829142496753,-0.00039319843038979416,-0.0010945734597793107
5,8000,23.600000000000001,5445504.9816836892,973102.03447116609,3176349.9750186913,-164.76016226112634,513.34576185094829,127.71789090586701,-0.45856215933080346,0.27722584109743248,0.81571063249761799,-0.21790535350933404,0.0014803525558721659,-0.00040863888741443882,-0.0010820789564062344
5,8000,23.800000000000001,5445472.0278965309,973204.69757951517,3176375.5182340238,-164.77778584659814,513.28539518871594,127.71418094325496,-0.45859247707807471,0.27706148360006438,0.81572745026734061,-0.21798761697185917,0.00146322668966696,-0.00042398828797755877,-0.0010697294928780059
5,8000,24,5445439.0705387089,973307.34865863167,3176401.0606587832,-164.7958690596941,513.22546938202424,127.70998672497473,-0.4586207909541436,0.27689856555014258,0.81574497259994294,-0.21806947099213017,0.0014463025764504787,-0.00043924404428927438,-0.0010575231748245915
5,8000,24.199999999999999,5445406.1095182048,973409.98779660149,3176426.6021970436,-164.81441277065335,513.16598358050737,127.70531746666357,-0.45864711783726309,0.27673706836973377,0.81576319555456578,-0.21815092268496242,0.0014295775967527919,-0.00045440357109833034,-0.0010454581744210225
5,8000,24.399999999999999,5445373.1447428446,973512.61508134345,3176452.142754714,-164.83341771605185,513.10693697176373,127.70018235584939,-0.45867147461425573,0.27657697374680495,0.81578211511488097,-0.21823197892823734,0.0014130492605590062,-0.00046946428763389414,-0.00103353274012401
5,8000,24.600000000000001,5445340.1761203231,973615.23060061783,3176477.6822395409,-164.85288449978674,513.04832878016907,127.69459055136748,-0.458693878287046,0.2764182636846404,0.81580172709878629,-0.21831264641837592,0.0013967151986508774,-0.00048442361960994332,-0.0010217451950813327
5,8000,24.800000000000001,5445307.2035582233,973717.8344420339,3176503.2205610988,-164.87281359367049,512.99015826573725,127.68855118303875,-0.45871434592825627,0.2762609204616846,0.81582202720265851,-0.21839293165352172,0.001380573141812718,-0.0004992790024713566,-0.0010100939274592085
5,8000,25,5445274.2269640444,973820.42669305566,3176528.7576307836,-164.89320533825213,512.93242472294355,127.68207335124428,-0.45873289477817053,0.2761049266793088,0.8158430109185022,-0.21847284098323633,0.0013646208943536968,-0.00051402788413293799,-0.00099857737633355444
5,8000,25.199999999999999,5445241.2462452296,973923.00744100951,3176554.293361811,-164.9140599432574,512.8751274795942,127.67516612673322,-0.45874954209981372,0.27595026516703647,0.81586467366640014,-0.21855238054222206,0.0013488563076088918,-0.00052866772776144987,-0.00098719401651582326
5,8000,25.399999999999999,5445208.2613092009,974025.57677309134,3176579.8276692089,-164.93537748900201,512.81826589559284,127.66783854991128,-0.45876430529130879,0.27579691904574477,0.81588701069619518,-0.21863155630577394,0.0013332772574303059,-0.00054319601326730145,-0.00097594234491679005
5,8000,25.600000000000001,5445175.2720633717,974128.13477637118,3176605.3604698065,-164.95715792666942,512.7618393618385,127.66009963074856,-0.45877720184460297,0.2756448717007477,0.81591001712577538,-0.21871037407158353,0.001317881628208527,-0.00055761023934319494,-0.00096482087015573471
5,8000,25.800000000000001,5445142.2784151807,974230.68153780047,3176630.8916822351,-164.97940107931609,512.70584729905772,127.65195834828764,-0.45878824935043816,0.27549410678434788,0.81593368793755872,-0.21878883946323485,0.0013026673040093118,-0.00057190792383705056,-0.00095382810611505955
5,8000,26,5445109.2802721085,974333.21714421874,3176656.4212269168,-165.00210664272709,512.65028915666596,127.64342365022466,-0.45879746549719547,0.27534460821549023,0.81595801798020118,-0.21886695793067962,0.001287632166301762,-0.0005860866040528186,-0.00094296256935728906
5,8000,26.199999999999999,5445076.2775417203,974435.74168235622,3176681.9490260594,-165.02527418629182,512.59516441164305,127.63450445246917,-0.45880486806971454,0.27519636017947191,0.81598300197026896,-0.21894473475078263,0.0012727740968104053,-0.00060014383676839603,-0.00093222277973657242
5,8000,26.399999999999999,5445043.2701316709,974538.25523884327,3176707.4750036541,-165.04890315389392,512.54047256742274,127.62520963868661,-0.45881047494827676,0.27504934712729567,0.81600863449385286,-0.21902217502815258,0.001258090983617777,-0.00061407719813454987,-0.00092160726321327351
5,8000,26.600000000000001,5445010.2579497406,974640.75790021196,3176732.9990854631,-165.07299286480949,512.48621315279615,127.61554805982901,-0.45881430410785912,0.27490355377442122,0.81603491000811568,-0.21909928369636841,0.0012435807286330105,-0.00062788428358480624,-0.00091111455579849748
5,8000,26.800000000000001,5444977.240903859,974743.24975290289,3176758.5211990164,-165.09754251461629,512.43238572082794,127.60552853365566,-0.45881637361768213,0.27475896509883552,0.81606182284277651,-0.21917606551962115,0.0012292412548490796,-0.0006415627078641766,-0.00090074320767557223
5,8000,27,5444944.2189021269,974845.73088327073,3176784.0412736,-165.12255117610843,512.37898984778383,127.59515984424867,-0.45881670164101285,0.27461556633848866,0.81608936720155978,-0.21925252509471962,0.0012150705122588265,-0.00065511010523252385,-0.00089049178676866019
5,8000,27.199999999999999,5444911.1918528508,974948.20137758623,3176809.5592402597,-165.14801780021983,512.32602513207053,127.58445074152588,-0.45881530643514679,0.2744733429882345,0.81611753716361957,-0.21932866685336325,0.0012010664818076348,-0.0006685241298615295,-0.00088035888130792467
5,8000,27.399999999999999,5444878.1596645517,975050.66132204211,3176835.0750317834,-165.17394121695304,512.27349119318251,127.573409940754,-0.45881220635146586,0.27433228079645733,0.816146326684973,-0.21940449506457033,0.0011872271772443662,-0.00068180245640196431,-0.00087034310122408856
5,8000,27.600000000000001,5444845.1222459953,975153.11080275755,3176860.588582701,-165.20032013631629,512.22138767066212,127.56204612206227,-0.45880741983548773,0.27419236576156825,0.81617572959995544,-0.21948001383715462,0.0011735506450925059,-0.00069494278067861609,-0.00086044307843004925
5,8000,27.800000000000001,5444812.0795062231,975255.54990578175,3176886.0998292733,-165.22715314926921,512.16971422306392,127.55036792995664,-0.45880096542682181,0.27405358412852743,0.81620573962271337,-0.21955522712216191,0.0011600349632027236,-0.0007079428204697357,-0.00085065746620858757
5,8000,28,5444779.0313545652,975357.97871709696,3176911.6087094871,-165.25443872867947,512.11847052693076,127.53838397283317,-0.45879286175898298,0.2739159223855071,0.81623635034874364,-0.21963013871521028,0.001146678238444918,-0.00072080031632078029,-0.00084098493800562383
5,8000,28.199999999999999,5444745.9777006702,975460.39732262236,3176937.1151630469,-165.282175230288,512.06765627577693,127.52610282249205,-0.45878312755903761,0.27377936726075935,0.81626755525647787,-0.21970475225870567,0.001133478604081164,-0.00073351303233979185,-0.00083142418594023618
5,8000,28.399999999999999,5444712.9184545288,975562.80580821726,3176962.6191313718,-165.31036089363127,512.01727117908843,127.51353301367881,-0.4587717816653592,0.27364390573061026,0.81629934769261814,-0.21977907125269092,0.0011204342172719942,-0.0007460787570154235,-0.00082197391930598565
5,8000,28.600000000000001,5444679.8535264926,975665.20425968559,3176988.120557576,-165.33899384313844,511.96731496130974,127.5006830435304,-0.45875884293099373,0.27350952495951653,0.8163317209592913,-0.21985309901085626,0.0011075432570182731,-0.00075849530352599674,-0.00081263286326645754
5,8000,28.800000000000001,5444646.7828273028,975767.59276277642,3177013.6193864741,-165.36807208921417,511.91778736085172,127.48756137104188,-0.4587443304283183,0.27337621242006438,0.81636466813268072,-0.21992683876087468,0.0010948039226959362,-0.00077076051087148314,-0.00080339975786124771
5,8000,29,5444613.7062681112,975869.97140318819,3177039.1155645717,-165.39759352888572,511.86868812915424,127.474176416763,-0.45872826322446131,0.27324395575712684,0.81639818226400218,-0.22000029353912251,0.0010822144332410897,-0.00078287224462992688,-0.00079427335736636574
5,8000,29.199999999999999,5444580.6237604944,975972.34026657057,3177064.6090400475,-165.4275559471736,511.82001702967369,127.46053656210132,-0.45871066050355591,0.27311274285897336,0.81643225627143046,-0.22007346625157112,0.0010697730268434571,-0.00079482839683847129,-0.00078525242997656245
5,8000,29.399999999999999,5444547.5352164879,976074.69943852723,3177090.0997627596,-165.4579570179838,511.77177383694823,127.44665014889857,-0.45869154153827474,0.2729825618385136,0.81646688296627912,-0.22014635966250246,0.0010574779610542195,-0.00080662688681155188,-0.00077633575774277842
5,8000,29.600000000000001,5444514.4405486071,976177.04900461796,3177115.5876842239,-165.48879430517565,511.72395833564519,127.43252547890518,-0.45867092568874213,0.27285340103087202,0.81650205505475992,-0.22021897639638677,0.0010453275131310012,-0.00081826566153934738,-0.00076752213667852687
5,8000,29.800000000000001,5444481.3396698544,976279.38905036054,3177141.0727576171,-165.52006526361529,511.67657031962585,127.4181708132685,-0.45864883237572329,0.27272524897563166,0.81653776516262255,-0.22029131892744983,0.0010333199804527791,-0.00082974269615102903,-0.00075881037693665339
5,8000,30,5444448.2324937657,976381.71966123173,3177166.5549377645,-165.55176724030656,511.62960959101054,127.403594371981,-0.45862528118247498,0.27259809447556438,0.8165740057452775,-0.22036338963107854,0.0010214536808867613,-0.00084105599428574288,-0.00075019930298454577
5,500,0,5449387.1886701053,960873.98968958983,3173373.7226977898,-164.26000211708305,524.3764174302022,122.46902067237752,-0.45633719708098636,0.26438783688698342,0.81898292079183965,-0.22610265305333851,4.5787712080284339e-05,-4.460210700225898e-05,-3.5094609140643321e-05
5,500,0.20000000000000001,5449354.3357198257,960978.86459562054,3173398.216501323,-164.2694987135034,524.37264173938229,122.46901404551134,-0.45633555409447346,0.26438186638933719,0.81898484549310657,-0.22610597879404473,4.5786703267711602e-05,-4.4391351103845131e-05,-3.5094590051990869e-05
5,500,0.40000000000000002,5449321.4808714371,961083.73874582769,3173422.7103031506,-164.27898302389784,524.36885920965892,122.46900362570373,-0.45633394379707143,0.26437590496494401,0.8189867519283448,-0.22610929387895168,4.5785778902548738e-05,-4.3818084660527286e-05,-3.5094471130833226e-05
5,500,0.59999999999999998,5449288.6241275277,961188.61213885667,3173447.2041025665,-164.28845364119786,524.3650699812365,122.46899010936845,-0.45633239170961393,0.26436995967165838,0.8189886258729806,-0.22611259007511347,4.5784783825011814e-05,-4.2985521397093729e-05,-3.5094193690273232e-05
5,500,0.80000000000000004,5449255.7654910479,961293.48477339116,3173471.6978990645,-164.29790822019791,524.36127430809688,122.46897468116627,-0.4563309147975374,0.26436403521450136,0.81899045786920188,-0.22611586190345787,4.5783654446029892e-05,-4.1996963210811996e-05,-3.5093740582344044e-05
5,500,1,5449222.9049654892,961398.35664817027,3173496.1916924007,-164.30734402288664,524.35747247847303,122.46895871332583,-0.45632952197146009,0.26435813407620978,0.8189922429476888,-0.22611910648275038,4.5782394929450894e-05,-4.0944232128357836e-05,-3.5093127670698555e-05
5,500,1.2,5449190.0207497161,961503.18961412227,3173520.6986278538,-164.53123253940629,523.9705829634396,122.60426572245892,-0.45477527565532805,0.26862352016606711,0.81918376549118899,-0.22351467831417116,-0.08566038976138679,0.0055185417492690722,0.049745038608422269
5,500,1.3999999999999999,5449157.0967283715,961607.94823792623,3173545.2340642083,-164.69690966738233,523.62595431356374,122.75165669788056,-0.45084656713397725,0.27920211004078949,0.81952216484380969,-0.21717959384342367,-0.13020160333780406,0.0078072419458563649,0.078017686813274464
5,500,1.6000000000000001,5449124.1467430713,961712.6444793141,3173569.7997048516,-164.79199037589268,523.34804327632833,122.90507479954378,-0.4458076733465493,0.29231295561966375,0.81970645077397264,-0.20949937690067119,-0.13739742754932932,0.0074444341215554131,0.085327693925482381
5,500,1.8,5449091.1836712537,961817.29198645952,3173594.3958967994,-164.83114776305851,523.13778188715264,123.05557110959776,-0.4408147699449349,0.30489326510147163,0.81962126132069424,-0.20234481333909279,-0.11724755188442076,0.0058875886219331795,0.076275147604575558
5,500,2,5449058.2166698314,961921.90346128028,3173619.0211338336,-164.83358440421009,522.98421856483913,123.19325943270907,-0.43678336815259616,0.31489308069000582,0.81931701898944265,-0.19693211884577019,-0.081200624212968087,0.0042525461857922178,0.056838910468437039
5,500,2.2000000000000002,5449025.2522842735,962026.48745362123,3173643.6712236661,-164.80619970744519,522.85910509342375,123.30306995709633,-0.43428499086772493,0.32130387342246014,0.81890146139515052,-0.19380599618079564,-0.039938664294242976,0.0034915916267661833,0.033039400953145004
5,500,2.3999999999999999,5448992.2954443516,962131.04819238861,3173668.3409261885,-164.75983469540051,522.75033490394776,123.39142868533897,-0.43348710885910846,0.32399678996395392,0.81846519758443881,-0.19295006320053518,-0.0018978830680303788,0.0031767000070990919,0.0099348513165619812
5,500,2.6000000000000001,5448959.3490432408,962235.58815510815,3173693.0272029103,-164.7030401560078,522.65011820960081,123.47081696039001,-0.43417152081599136,0.3234700588916265,0.81806990180001238,-0.19396867603274279,0.027425517585607496,0.002767085053435381,-0.0089386287717327251
5,500,2.7999999999999998,5448926.4144480536,962340.10836456018,3173717.7293474837,-164.64295507047433,522.55183612739074,123.55146320887302,-0.4358856468459974,0.320593049816912,0.81774409144908322,-0.1962610511101249,0.04552982750950698,0.0020596108255132566,-0.021710135705851698
5,500,3,5448893.4916082919,962444.60869162262,3173742.4482646543,-164.58664325240579,522.45065120431798,123.63910793679472,-0.43810754669410951,0.31637130773059041,0.81749572030072104,-0.1991776103494324,0.052466342957696907,0.0011496026540350408,-0.028011207466945531
5,500,3.2000000000000002,5448860.5791100617,962549.08823498536,3173767.1855586641,-164.54047284921504,522.34367654921482,123.73517499598154,-0.44037283156793117,0.31175435277037405,0.81732505326010418,-0.20214042163539572,0.050112089353385694,0.00026113625475800416,-0.028619415287312027
5,500,3.3999999999999999,5448827.6744448021,962653.54570140236,3173791.9427985433,-164.50881929871068,522.22983985467863,123.83815498053339,-0.44234503720977569,0.30750086139033905,0.81722973515395547,-0.20471846101482288,0.041349088740044976,-0.00040990161892306108,-0.025014837422417648
5,500,3.6000000000000001,5448794.7745087631,962757.97973418841,3173816.7210819721,-164.49305315652578,522.10930363688601,123.94488840479444,-0.4438351763567725,0.30410791305495133,0.81720338204553533,-0.20665755688833096,0.029308515062448703,-0.00075696542895508506,-0.018944149025806531
5,500,3.7999999999999998,5448761.8764131526,962862.38881982991,3173841.5205711578,-164.48967847947881,521.98023943327428,124.04933495442516,-0.44479385466503091,0.30180245957661217,0.81722928850982735,-0.20787013312992375,0.016787019010920078,-0.00063655114279472815,-0.01206316784868351
5,500,4,5448728.9780240646,962966.77145760786,3173866.3405422568,-164.49545992689244,521.84558513575178,124.14970010256104,-0.44527730385311376,0.30057796591447772,0.8172816467596774,-0.20840278057119768,0.0058865923938691521,-0.00019938180688811255,-0.0056949605878446755
5,500,4.2000000000000002,5448696.0778561113,963071.12697284541,3173891.1801937637,-164.5068389193757,521.70968642787329,124.24621285758477,-0.44539557670885049,0.30025645459699746,0.81733705367283005,-0.20839621497150324,-0.0021289744600057731,0.00034194706799536975,-0.00071056654976005404
5,500,4.4000000000000004,5448663.1751560299,963175.45548681263,3173916.0388056873,-164.52023253540628,521.57606608903598,124.33940045150409,-0.445280388410009,0.3005647034574993,0.81737799620399754,-0.2080371266252127,-0.0068038365782599735,0.00083548242728232586,0.0024831000291662851
5,500,4.5999999999999996,5448630.2698186291,963279.75770920492,3173940.9157698173,-164.53283011209564,521.44705195640915,124.4298231001677,-0.44506053162135611,0.30120513902882351,0.81739453934158257,-0.20751567283004174,-0.0083386989935783518,0.0011973883529158031,0.0038781990806601671
5,500,4.7999999999999998,5448597.3621954154,963384.03468885366,3173965.8105825256,-164.54289102640186,521.32372030425722,124.51795582461038,-0.44484413331884226,0.3019107154751553,0.81738424538556986,-0.20699423259731339,-0.0073769913339177687,0.0014000140302462556,0.0037561107547629878
5,500,5,5448564.4528950928,963488.28755618422,3173990.7228048947,-164.54938308322357,521.20559250825738,124.60374373117092,-0.44470857440038569,0.30247941011278401,0.81735025544536455,-0.20658908547160973,-0.004780006322542437,0.0014772497840886644,0.0025624284545381353
5,500,5.2000000000000002,5448531.5427410966,963592.51713143045,3174015.6518646986,-164.55145670406878,521.09062334093085,124.68638222825686,-0.44470084567262541,0.30278937598537553,0.81729674973693545,-0.20636321018505166,-0.0014294409778227255,0.0015126901841427608,0.00079050710826083755
5,500,5.4000000000000004,5448498.6325670602,963696.72397027723,3174040.597200274,-164.54971715740879,520.97812280116966,124.76665804678998,-0.44483585771039558,0.30279537084894953,0.81722894077214625,-0.2063319690497325,0.0019182263087729732,0.0015033005000614972,-0.0011105107805763539
5,500,5.5999999999999996,5448465.7230500765,963800.90850157582,3174065.5584307499,-164.54504300010004,520.86743889702939,124.84546963609083,-0.44509977502515768,0.30251386608748643,0.81715336154432694,-0.20647502225248246,0.0047174016999959696,0.0014471133837242129,-0.0027952321313838833
5,500,5.7999999999999998,5448432.8146810792,963905.07102544152,3174090.5353384246,-164.53839995362841,520.75795305485974,124.92352566485953,-0.44546011741519598,0.30200326199805699,0.81707645228832471,-0.2067495698928962,0.0066620289788808613,0.0013511188610884617,-0.0040485014885926649
5,500,6,5448399.9077577991,964009.21172872582,3174115.5278192055,-164.53073764316329,520.64916150895203,125.00124425847585,-0.44587635926478442,0.30134299455883823,0.81700356986419065,-0.2071034492910768,0.0076680810059441429,0.0012293579014212143,-0.0047837516370032281
5,500,6.2000000000000002,5448367.0023976704,964113.33071285451,3174140.5358219072,-164.522894517758,520.54071771176802,125.07874105303667,-0.44630897063542424,0.3006150946042056,0.81693843089655438,-0.20748606640140552,0.0078254059985396179,0.0010991070099249803,-0.0050212521242109813
5,500,6.4000000000000004,5448334.0985679124,964217.42802655569,3174165.5592922582,-164.51552485334054,520.43244002629547,125.15588187730752,-0.44672575783682938,0.29989041916143283,0.8168829210623374,-0.20785602482717211,0.0073350953732646907,0.00097687166043520894,-0.0048552865333893087
5,500,6.5999999999999996,5448301.19612695,964321.50369731872,3174190.5981312818,-164.50905907045603,520.32429282656369,125.23236983513942,-0.44710519044570102,0.29922044866842706,0.81683720062202081,-0.20818515666386778,0.0064464139275740105,0.00087540831060824045,-0.00441857521884909
5,500,6.7999999999999998,5448268.294870032,964425.55775721674,3174215.6521722865,-164.50370041839872,520.21635081407237,125.30783976595286,-0.44743702890127696,0.29863442948520247,0.81680003411780633,-0.20845931727604852,0.005403525999718788,0.00080223486346087418,-0.0038504080793677017
5,500,7,5448235.3945723949,964529.59026075271,3174240.7211757512,-164.49945260448146,520.10875627832274,125.38194072104827,-0.44772092986604722,0.29814085185297745,0.81676926165953212,-0.2086767227661144,0.0044078376593931056,0.00075949419058735459,-0.0032725661344527295
5,500,7.2000000000000002,5448202.4950245945,964633.60129413998,3174265.8048385847,-164.49616770760574,520.00167761498597,125.45439545849301,-0.44796383428507436,0.29773183415369087,0.81674231819457621,-0.20884478392874317,0.0035976438477233947,0.00074475633975841526,-0.0027747252785917786
5,500,7.4000000000000004,5448169.5960572399,964737.59097694897,3174290.9028125387,-164.49360255205616,519.8952751163265,125.5250330835494,-0.44817689899375535,0.2973889083358916,0.81671670987669609,-0.20897636281482351,0.0030435192305006079,0.00075232154712105801,-0.0024090408736905807
5,500,7.5999999999999996,5448136.6975545082,964841.55945793609,3174316.0147266318,-164.49147353855966,519.78967737340895,125.59379627507754,-0.44837258478377934,0.29708889085701212,0.81669037774303466,-0.20908620960169147,0.0027558050077832641,0.00077468188306856992,-0.0021922241725493888
5,500,7.7999999999999998,5448103.7994573507,964945.50690729765,3174341.1402087878,-164.4895030628046,519.6849690836234,125.66072808682961,-0.44856231849197525,0.2968088753155273,0.81666191199956628,-0.20918809586649151,0.0026996295199937675,0.00080390764549630037,-0.0021126948704073261
5,500,8,5448070.9017586783,965049.43350754387,3174366.2789034634,-164.48745379095863,519.58118903769798,125.72594527238762,-0.44875494504943608,0.29652979367170401,0.81663061453051111,-0.20929290520754412,0.0028129724333830807,0.00083280366701424669,-0.0021402582061680678
5,500,8.1999999999999993,5448038.004492986,965153.33944476792,3174391.430483093,-164.4851496140364,519.47833577945232,125.78960559603763,-0.4489560037094682,0.29623837639664496,0.81659643601683995,-0.20940771659062354,0.0030240494620903595,0.00085573600255595768,-0.0022360642987255433
5,500,8.4000000000000004,5448005.1077230815,965257.22490158828,3174416.5946530751,-164.48248395896576,519.3763779121623,125.85187586391345,-0.44916772471619965,0.29592764552980888,0.81655982860388432,-0.20953574872763608,0.0032654388133972461,0.00086907985579796161,-0.002361186727667902
5,500,8.5999999999999996,5447972.2115262551,965361.09005235322,3174441.7711508241,-164.47941742585536,519.27526614178032,125.91290574860446,-0.44938955542525855,0.29559627062071908,0.81652155859748732,-0.20967693391344108,0.0034836047962149164,0.00087129418200449936,-0.0024828388914900348
5,500,8.8000000000000007,5447939.3159817625,965464.93506072718,3174466.9597404464,-164.47596752628996,519.17494469849771,125.97281033958367,-0.44961899016561591,0.29524720574839314,0.81648251855132847,-0.20982885426055586,0.0036435782157982176,0.00086268175770710172,-0.0025778940714689179
5,500,9,5447906.4211608935,965568.76007936534,3174492.1602048664,-164.47219366054406,519.07536054563673,126.03166219798899,-0.44985248946118811,0.29488602350308846,0.8164435674394207,-0.2099877902519561,0.0037293891951314705,0.00084493333176353502,-0.0026338957666702471
5,500,9.1999999999999993,5447873.5271202689,965672.5652511298,3174517.3723372575,-164.46818039768556,518.97646958116707,126.08949192233824,-0.45008631777098967,0.29451929466374011,0.81640541528724297,-0.21014968359669092,0.0037413582011618595,0.00082057129021922222,-0.002648091781917365
5,500,9.4000000000000004,5447840.6338984165,965776.35071124299,3174542.5959332515,-164.46402166251482,518.87823972786657,126.14629507247345,-0.45031718726565251,0.29415325783040697,0.81636855862711533,-0.21031088475396453,0.003691544676229733,0.00079240067330512559,-0.0026251919793085312
5,500,9.5999999999999996,5447807.7415152527,965880.11658975889,3174567.8307849579,-164.45980770840339,518.78065131685412,126.20204280091005,-0.45054265806095539,0.29379291047222705,0.81633326302023712,-0.21046862642769165,0.0035985863994412262,0.00076304952011700504,-0.0025745589800937811
5,500,9.8000000000000007,5447774.8499738146,965983.86301392282,3174593.0766772525,-164.45561591941984,518.68369547110274,126.25669361532638,-0.45076129684493033,0.29344154897022501,0.81629958389284907,-0.21062122386168367,0.0034829186926696523,0.00073464615525850162,-0.0025074352024504571
5,500,10,5447741.9592634011,966087.590110049,3174618.3333863681,-164.45150569304332,518.58737130421355,126.31020417318753,-0.45097263443579694,0.29310070669469435,0.81626741290328853,-0.21076804633833862,0.0033630286604076796,0.00070864738046814524,-0.0024346370305129168
5,500,10.199999999999999,5447709.0693633836,966191.29800480942,3174643.6006804188,-164.44751702789156,518.49168270278449,126.36253769479472,-0.45117698351509611,0.29277038989235349,0.81623653654121719,-0.21090932829938203,0.0032530538065555416,0.00068580475373446464,-0.0023649534940126293
5,500,10.4,5447676.1802469781,966294.98682587792,3174668.8783212816,-164.44367202640481,518.39663530917574,126.4136693110964,-0.4513751830362161,0.2924494914333633,0.81620669522763534,-0.21104589492565742,0.0031617350086272492,0.00066623883305891285,-0.0023043091620273694
5,500,10.6,5447643.2918844325,966398.65670201986,3174694.1660672682,-164.43997833487347,518.30223411671602,126.46358830561432,-0.45156832907934025,0.29213626726513475,0.81617763416539912,-0.21117886970305166,0.0030925157807925774,0.00064958332763129375,-0.0022556129745040809
5,500,10.800000000000001,5447610.4042456727,966502.30776279466,3174719.4636759432,-164.4364335404407,518.20848187795286,126.51229769393584,-0.45175753820161607,0.29182878258561951,0.81614914026373064,-0.21130941573764267,0.0030444552096765614,0.00063516088858042458,-0.0022191274284111885
5,500,11,5447577.5173016181,966605.9401380237,3174744.7709066556,-164.43302967834393,518.11537834291767,126.55981187582792,-0.45194377153406501,0.291525265186037,0.81612106319668398,-0.211438542693828,0.0030135847765386733,0.00062215757390609281,-0.0021931557375738332
5,500,11.199999999999999,5447544.6310250415,966709.55395716592,3174770.087522496,-164.42975721643205,518.0229202094522,126.60615319961364,-0.45212773039839027,0.2912243352994604,0.81609332182738492,-0.21156699176131466,0.0029943711377261426,0.00060977160263998094,-0.0021748501228085536
5,500,11.4,5447511.745390512,966813.14934874605,3174795.4132915107,-164.42660812457899,517.93110158934417,126.65134822933825,-0.45230982061495179,0.29092510973598085,0.81606589864892809,-0.21169519541712606,0.002981023598232024,0.0005973218608193193,-0.0021609796260529781
5,500,11.6,5447478.8603738798,966916.72643992305,3174820.7479871963,-164.42357786706569,517.83991476861945,126.6954243475767,-0.45249017236912648,0.29062719845603835,0.81603882629824942,-0.2118232975872299,0.0029684818791278294,0.00058431107686129891,-0.0021485469423158823
5,500,11.800000000000001,5447445.9759514621,967020.28535619483,3174846.0913883713,-164.42066634569744,517.749351057225,126.73840711363441,-0.45266869734488652,0.29033062376433116,0.81601217034855245,-0.21195121417850599,0.0029530158881435498,0.00057044640956381782,-0.0021351982261279797
5,500,12,5447413.0920991246,967123.82622129295,3174871.4432786275,-164.41787795780039,517.65940156762304,126.78031857397944,-0.4528451643899552,0.29003569650203409,0.81598601165601681,-0.21207871327627689,0.0029324495371032405,0.00055562565169361901,-0.0021194180972750206
5,500,12.199999999999999,5447380.2087914888,967227.34915720369,3174896.803445573,-164.41522100911743,517.57005781897999,126.82117652731608,-0.45301927654026181,0.28974288052518427,0.8159604313162313,-0.21220549661622001,0.0029060768604230059,0.00053990011568759585,-0.0021005382209901627
5,500,12.4,5447347.3260011971,967330.85428428953,3174922.1716799224,-164.41270674348408,517.48131212082114,126.86099460281076,-0.45319073718798264,0.28945267028612287,0.81593549963856693,-0.21233126906041924,0.0028743685567211275,0.00052342575279496384,-0.0020786095060481707
5,500,12.6,5447314.4436984025,967434.34172147023,3174947.5477747568,-164.41034823126077,517.39315773818919,126.89978292501412,-0.45335929826921162,0.28916549744698095,0.81591126951750981,-0.21245578842058735,0.0028385731620601999,0.00050641270081960214,-0.0020541957294203479
5,500,12.800000000000001,5447281.5618505841,967537.81158641714,3174972.9315249426,-164.40815931098172,517.30558887436507,126.93754911046811,-0.453524787571848,0.28888167312242008,0.81588777430190496,-0.21257889297055194,0.0028003049819114822,0.00048908094772375866,-0.0020281428745370757
5,500,13,5447248.6804224513,967641.26399572182,3174998.3227266753,-164.40615371286015,517.21860052618467,126.97429936099296,-0.45368711678484497,0.28860136518683221,0.81586502913289205,-0.21270050849430647,0.0027611875925008141,0.00047162682224610118,-0.0020013673375493257
5,500,13.199999999999999,5447215.7993760062,967744.69906503521,3175023.7211773428,-164.40434443482664,517.13218827124081,127.0100394646705,-0.45384627453873683,0.28832460472877458,0.81584303441305028,-0.21282063949488503,0.0027225939605679222,0.00045420216417147726,-0.0019746912746463796
5,500,13.4,5447182.9186707856,967848.11690916494,3175049.1266755252,-164.40274338147228,517.04634804060083,127.0447755826473,-0.45400230916184303,0.28805131230783987,0.81582178074040157,-0.21293935010468507,0.0026854976440590919,0.00043690567136086622,-0.0019487381214198861
5,500,13.6,5447150.0382640623,967951.51764212502,3175074.5390211153,-164.40136124102528,516.96107591734642,127.07851476213033,-0.45415530723796538,0.28778133478087092,0.8158012536404976,-0.21305674084131182,0.0026504279986900238,0.00041978428986722807,-0.001923888219712494
5,500,13.800000000000001,5447117.1581110721,968054.90137714485,3175099.9580155183,-164.40020754418086,516.8763679860499,127.111265175786,-0.45430537187205877,0.28751448359676196,0.81578143796371394,-0.21317292577654612,0.002617507839372635,0.0004028416406719818,-0.0019002850150505745
5,500,14,5447084.2781652613,968158.26822666533,3175125.383461894,-164.39929084531124,516.79222024254136,127.14303612526838,-0.45445260456599895,0.28725056838181273,0.81576232097267021,-0.21328801384228699,0.0025865449236571257,0.00038605029053454323,-0.0018778769332302044
5,500,14.199999999999999,5447051.3983784262,968261.61830231245,3175150.8151653544,-164.39861896154434,516.7086285614007,127.17383787448691,-0.45459709236570672,0.28698942169699576,0.81574389415768855,-0.2134020960326283,0.0025571480171680898,0.00036936500085944481,-0.0018564785168233931
5,500,14.4,5447018.518700866,968364.9517148782,3175176.2529331562,-164.39819921905413,516.62558870981854,127.20368138405709,-0.45473890062429168,0.28673091335260731,0.81572615403514548,-0.21351523882388479,0.0025288424736991106,0.0003527347516658963,-0.0018358358856053634
5,500,14.6,5446985.6390814595,968468.26857429789,3175201.6965747802,-164.39803867056204,516.54309639214534,127.23257801323915,-0.45487807130514618,0.28647495510506082,0.81570910177271216,-0.2136274833171499,0.0025011672394827486,0.00033611213660864991,-0.0018156850144684423
5,500,14.800000000000001,5446952.7594676698,968571.56898965209,3175227.145901999,-164.39814426062762,516.46114730913257,127.26053924355179,-0.45501462529118675,0.28622149746248693,0.81569274226445765,-0.21373884854780537,0.0024737430980780236,0.00031945950711120645,-0.0017957956205278335
5,500,15,5446919.8798055602,968674.85306915583,3175252.6007288825,-164.39852293210055,516.37973721778678,127.28757645877631,-0.45514856731020409,0.28597052131466721,0.81567708288025542,-0.21384933733458972,0.0024463093054722614,0.00030275190080415417,-0.0017759977009630826
5,500,15.199999999999999,5446887.0000398252,968778.12092019548,3175278.0608717231,-164.39918167604992,516.29886198174893,127.3137007988355,-0.45527989209631203,0.28572202719396617,0.81566213207203364,-0.21395894310041186,0.0024187315282380565,0.00028597725312070829,-0.0017561913086279702
5,500,15.4,5446854.12011375,968881.37264934077,3175303.5261490499,-164.40012753689723,516.21851760630102,127.33892308799238,-0.45540859019109864,0.28547602432248453,0.81564789835679774,-0.21406765618215989,0.0023909877147841739,0.00026913465169174752,-0.0017363426293614968
5,500,15.6,5446821.239969206,968984.60836237518,3175328.9963815156,-164.40136758517903,516.13870025640904,127.36325382776087,-0.45553465295412715,0.28523252146347977,0.81563438939191291,-0.21417546894738013,0.0023631401809502649,0.00025223146309558364,-0.0017164707381803895
5,500,15.800000000000001,5446788.359546639,969087.82816433394,3175354.4713918306,-164.40290887278638,516.05940625927531,127.38670323699419,-0.4556580759598815,0.28499152035790126,0.81562161149566781,-0.21428237911186443,0.0023353020843309034,0.00023528009069444827,-0.0016966296748314224
5,500,16,5446755.4787851041,969191.03215953498,3175379.9510047277,-164.4047583828908,515.98063209501163,127.409281319763,-0.45577886080325197,0.28475301213623672,0.81560956947011187,-0.21438839127389572,0.0023076050986850756,0.00021829495606408921,-0.0016768899403755194
5,500,16.199999999999999,5446722.5976222791,969294.22045160283,3175405.4350469289,-164.4069229837834,515.90237437996393,127.43099794286987,-0.45589701546031242,0.28451697644671886,0.81559826668207303,-0.21449351690248103,0.0022801730405395092,0.00020129009000338012,-0.0016573224811349992
5,500,16.399999999999999,5446689.7159944549,969397.39314349822,3175430.9233471239,-164.4094093923043,515.82462984716051,127.45186290854167,-0.45601255355124198,0.28428338269433617,0.81558770531674663,-0.21459777320304385,0.002253103959985001,0.00018427751418001069,-0.0016379869937738114
5,500,16.600000000000001,5446656.8338366142,969500.55033754278,3175456.4157359661,-164.41222414928461,515.74739532759452,127.47188601267219,-0.4561254929274095,0.28405219261907289,0.8155778867152651,-0.21470118134534577,0.0022264611884840581,0.00016726642173738095,-0.0016189252033938814
5,500,16.800000000000001,5446623.9510824699,969603.69213542657,3175481.9120460572,-164.41537360681602,515.67066773490399,127.49107708392701,-0.45623585399260619,0.28382336344224468,0.81556881171967832,-0.21480376450639976,0.0022002722947685673,0.00015026304152240071,-0.0016001588070325182
5,500,17,5446591.0676644379,969706.81863823114,3175507.4121119883,-164.41886392536958,515.59444405477586,127.509446003289,-0.45634365809557431,0.2835968509311565,0.81556048096944567,-0.21490554608657211,0.0021745339461189304,0.00013327100075803035,-0.0015816911271372808
5,500,17.199999999999999,5446558.1835137671,969809.92994644621,3175532.9157703109,-164.4227010779415,515.51872133926736,127.52700270671527,-0.45644892622594191,0.28337261192267227,0.81555289511692064,-0.2150065483321755,0.002149220294952665,0.00011629197972280995,-0.0015635111996685233
5,500,17.399999999999999,5446525.2985604955,969913.02615997428,3175558.422859584,-164.42689085821962,515.44349670541465,127.54375717540105,-0.45655167813373343,0.28315060605675291,0.81554605495105992,-0.21510679147048886,0.0021242926101568307,9.9326468657567402e-05,-0.0015455989893207198
5,500,17.600000000000001,5446492.4127335334,970016.10737814591,3175583.9332203642,-164.43143889011111,515.36876733696693,127.55971941875602,-0.4566519318929142,0.28293079666291948,0.81553996143599938,-0.21520629335389679,0.0020997083023439429,8.2374478138691056e-05,-0.0015279306059365557
5,500,17.800000000000001,5446459.5259606959,970119.17369974137,3175609.446695202,-164.43635063686833,515.29453048789594,127.57489945473432,-0.45674970387688596,0.28271315090501536,0.81553461566227692,-0.21530506954160977,0.0020754280943752275,6.5436106083633944e-05,-0.0015104827045135031
5,500,18,5446426.6381686702,970222.22522299655,3175634.9631286622,-164.4416314076685,515.220783486492,127.58930729179139,-0.4568450089081485,0.28249763928410426,0.81553001885770937,-0.21540313362754526,0.0020514207211545805,4.8511915182259291e-05,-0.001493235602967235
5,500,18.199999999999999,5446393.7492831741,970325.26204561838,3175660.4823673028,-164.44728636286445,515.14752373888223,127.60295291402815,-0.45693786080745052,0.28228423493580657,0.81552617217319923,-0.21550049783688885,0.0020276650980781607,3.160311978709462e-05,-0.0014761749800988248
5,500,18.399999999999999,5446360.8592288345,970428.28426480654,3175686.0042596706,-164.45332051643334,515.07474873145145,127.61584627154093,-0.45702827277333069,0.28207291265602258,0.8155230766747894,-0.21559717354932872,0.0020041503107615672,1.4711610091499889e-05,-0.0014592922761120103
5,500,18.600000000000001,5446327.9679293521,970531.2919772634,3175711.5286563109,-164.45973873671173,515.00245603180258,127.6279972757003,-0.45711625786785753,0.28186364805987019,0.81552073322742624,-0.2156931718239338,0.0019808740228974176,-2.1601402809241319e-06,-0.0014425840874883182
5,500,18.800000000000001,5446295.0753074232,970634.28527921496,3175737.0554097439,-164.46654574624463,514.93064328824573,127.63941579850639,-0.45720182927395409,0.28165641682632619,0.81551914252508328,-0.21578850373515737,0.0019578399833544455,-1.9009232210435505e-05,-0.0014260509254997388
5,500,19,5446262.181284829,970737.26426642307,3175762.5843744599,-164.47374611975351,514.8593082281958,127.65011167571021,-0.45728500066124733,0.28145119431668869,0.81551830494036359,-0.21588318066757534,0.0019350552684635409,-3.5832520364671219e-05,-0.0014096957061834412
5,500,19.199999999999999,5446229.2857824545,970840.22903420439,3175788.1154069002,-164.48134428395306,514.78844865555288,127.66009471063389,-0.45736578620098289,0.28124795529365876,0.81551822060196133,-0.21597721435860742,0.0019125277624026768,-5.2626775798452186e-05,-0.0013935222809189803
5,500,19.399999999999999,5446196.3887203187,970943.1796774423,3175813.6483654771,-164.48934451661643,514.71806244772927,127.66937467906747,-0.45744420061318414,0.28104667393531629,0.81551888936613315,-0.21607061688783585,0.0018902642045983851,-6.9388811410938867e-05,-0.0013775342260327215
5,500,19.600000000000001,5446163.4900175761,971046.11629060225,3175839.1831105505,-164.49775094587534,514.64814755261852,127.67796133385905,-0.4575202590012945,0.2808473239196993,0.81552031092163657,-0.21616340052101593,0.001868268954262658,-8.6115560362041855e-05,-0.001361734009679143
5,500,19.800000000000001,5446130.5895925956,971149.03896774945,3175864.7195044388,-164.50656755013623,514.57870198576518,127.68586440840807,-0.45759397687301379,0.28064987874020925,0.81552248469330391,-0.2162555776212618,0.0018465434692379688,-0.0001028041098310965,-0.0013461225630644433
5,500,20,5446097.6873629633,971251.9478025561,3175890.2574113915,-164.51579815947295,514.50972382781015,127.69309361827496,-0.45766536994335238,0.28045431192364256,0.81552540992908329,-0.21634716045756539,0.0018250863855208701,-0.0001194516955826626,-0.0013306992125923002
5,500,20.199999999999999,5446064.7832454937,971354.8428883173,3175915.7966976129,-164.52544645585493,514.44121122251499,127.69965866228419,-0.45773445394946261,0.28026059722847663,0.81552908578224337,-0.21643816103428537,0.0018038940214794342,-0.00013605567175769575,-0.0013154618851124564
5,500,20.399999999999999,5446031.8771562912,971457.72431796114,3175941.3372312244,-164.53551597384822,514.37316237521611,127.70556922237344,-0.45780124469924044,0.28006870891717617,0.81553351120165518,-0.21652859105529723,0.0017829611121657645,-0.00015261346981948213,-0.0013004074797735973
5,500,20.600000000000001,5445998.9690107899,971560.59218406631,3175966.8788823145,-164.54601010287271,514.30557555146231,127.7108349618464,-0.45786575794800027,0.27987862183403844,0.81553868500013715,-0.21661846183377267,0.0017622815963288985,-0.00016912255317594628,-0.0012855323030663691
5,500,20.800000000000001,5445966.0587237282,971663.44657887018,3175992.4215228665,-164.55693208644689,514.2384490761923,127.71546552479974,-0.45792800930898309,0.27969031141453693,0.81554460591668221,-0.21670778424264073,0.001741849319469937,-0.00018558038073081642,-0.0012708324820666838
5,500,21,5445933.1462092251,971766.28759427927,3176017.9650268215,-164.56828502413003,514.17178133276502,127.71947053393684,-0.45798801442118736,0.27950375377612779,0.8155512724688303,-0.21679656880602147,0.001721658565706893,-0.00020198438169501503,-0.0012563042973457216
5,500,21.199999999999999,5445900.231380783,971869.1153218823,3176043.5092700231,-164.58007187201795,514.1055707621282,127.72285958921829,-0.45804578879316643,0.27931892555699001,0.81555868311076962,-0.21688482564984143,0.0017017043824487227,-0.00021833194073933912,-0.0012419444055591
5,500,21.399999999999999,5445867.3141513513,971971.92985296238,3176069.0541302338,-164.59229544210967,514.0398158620352,127.72564226735743,-0.45810134802362451,0.279135803955121,0.81556683606216585,-0.21697256463621051,0.0016819827036844907,-0.00023462039909600632,-0.0012277499470479305
5,500,21.600000000000001,5445834.3944332944,972074.73127850774,3176094.5994871426,-164.60495840484251,513.97451518583921,127.72782811990808,-0.45815470765740424,0.27895436653741484,0.81557572946638379,-0.21705979532479985,0.0016624903069697016,-0.00025084705904106208,-0.0012137185528704121
5,500,21.800000000000001,5445801.4721385119,972177.51968922385,3176120.1452223286,-164.61806328651531,513.90966734164977,127.72942667441684,-0.45820588338058232,0.27877459126553616,0.81558536124235004,-0.21714652709020868,0.0016432246567070464,-0.00026700919905378161,-0.0011998482775585051
5,500,22,5445768.547178369,972280.29517554236,3176145.6912192865,-164.63161247289025,513.84527099077877,127.73044743252601,-0.45825489097799638,0.27859645639791153,0.81559572914393608,-0.21723276911976913,0.001624183687971479,-0.00028310408612255674,-0.0011861374880705316
5,500,22.199999999999999,5445735.6194637632,972383.05782763334,3176171.2373634125,-164.64560820656047,513.78132484670505,127.73089987162132,-0.45830174628056619,0.27841994041165335,0.81560683082143837,-0.21731853039896146,0.0016053655815972427,-0.00029912899025122484,-0.0011725847381727308
5,500,22.399999999999999,5445702.6889051814,972485.80773541273,3176196.7835419811,-164.66005259027898,513.7178276734046,127.73079344339422,-0.45834646533244877,0.2782450220834507,0.8156186636793048,-0.21740381979398524,0.0015867685668119226,-0.00031508119440537281,-0.0011591886515531014
5,500,22.600000000000001,5445669.7554126866,972588.54498855642,3176222.3296441534,-164.67494758492808,513.65477828418796,127.73013757530522,-0.45838906420620673,0.27807168037764507,0.81563122504327845,-0.21748864596229359,0.0015683907754423969,-0.00033095800113877729,-0.0011459478295220821
5,500,22.800000000000001,5445636.81889599,972691.26967650256,3176247.8755610012,-164.6902950128169,513.59217554002919,127.72894166916771,-0.45842955917988154,0.27789989456880149,0.81564451199935573,-0.21757301743121013,0.0015502301553960379,-0.00034675673556162874,-0.0011328607907765487
5,500,23,5445603.8792644152,972793.98188847443,3176273.4211854422,-164.70609655567389,513.53001834845099,127.72721510249538,-0.45846796654416988,0.2777296441475432,0.81565852156164886,-0.21765694249988446,0.0015322844415544118,-0.00036247474487640134,-0.0011199259439535194
5,500,23.199999999999999,5445570.9364269925,972896.68171347503,3176298.9664122825,-164.72235375850892,513.46830566187691,127.72496722661643,-0.45850430277659632,0.27756090895046304,0.81567325051118056,-0.21774042931542359,0.0015145511720661155,-0.00037810939532271381,-0.0011071415881600819
5,500,23.399999999999999,5445537.9902924402,972999.36924030527,3176324.511138197,-164.73906802696547,513.40703647667874,127.7222073681807,-0.45853858437284317,0.27739366907896928,0.81568869554227208,-0.21782348578792646,0.0014970277361203083,-0.00039365806957461491,-0.0010945059339069535
5,500,23.600000000000001,5445505.0407692213,973102.04455756675,3176350.0552617176,-164.75624063180328,513.34620983155708,127.71894482676997,-0.45857082791010928,0.27722790495251531,0.815704853202877,-0.21790611961748357,0.001479711436098538,-0.00040911816075043232,-0.0010820171354575716
5,500,23.800000000000001,5445472.0877655623,973204.70775367797,3176375.5986832287,-164.77387270614892,513.28582480668547,127.71518887632867,-0.4586010501132044,0.27706359735595826,0.81572171983440211,-0.21798833832489084,0.0014625995516781606,-0.00042448707227102107,-0.0010696733266237404
5,500,24,5445439.1311894404,973307.35891687253,3176401.141304987,-164.79196524929148,513.22588052221806,127.71094876304758,-0.45862926769388562,0.276900727342694,0.81573929171630455,-0.21807014917644965,0.0014456893942368899,-0.00043976221184392842,-0.0010574726533012883
5,500,24.199999999999999,5445406.1709487056,973409.99813521421,3176426.6830310728,-164.81051912537438,513.16637613734008,127.70623370598803,-0.4586554975364352,0.27673927634133949,0.8157575649024762,-0.2181515592748749,0.0014289783466496443,-0.00045494099495502481,-0.0010454132986981749
5,500,24.399999999999999,5445373.206950983,973512.6254966018,3176452.2237674212,-164.82953506500982,513.10731084901306,127.70105289612779,-0.45867975651737591,0.27657922603746132,0.81577653538591166,-0.21823257547726066,0.0014124638855542546,-0.00047002084099381607,-0.0010334934991815094
5,500,24.600000000000001,5445340.2391038258,973615.24108877766,3176477.7634217986,-164.84901366659943,513.04868389077387,127.69541549560958,-0.45870206169299577,0.27642055847543739,0.81579619893500821,-0.21831320448821961,0.001396143587603763,-0.00048499917802428662,-0.0010217115508265916
5,500,24.800000000000001,5445307.2673146296,973717.84499933198,3176503.301903795,-164.86895539509362,512.99049453177543,127.68933063836191,-0.45872243014236863,0.27626325595231399,0.81581655123788099,-0.21839345278930855,0.001380015123163401,-0.00049987344298296928,-0.0010100658081552928
5,500,25,5445274.291490756,973820.43731571618,3176528.8391248332,-164.88936058560336,512.93274207534159,127.68280742816393,-0.45874087903951105,0.27610730105100706,0.81583758784156668,-0.21847332667682642,0.0013640762412157098,-0.00051464108329914268,-0.00099855467723519633
5,500,25.199999999999999,5445241.3115394842,973923.01812524477,3176554.3749981513,-164.91022944132567,512.87542585810615,127.6758549397719,-0.45875742572447037,0.27595267667472928,0.81585930409162588,-0.21855283229882339,0.0013483247509400778,-0.00052929956216791248,-0.00098717660583033857
5,500,25.399999999999999,5445208.3273680639,974025.5875151006,3176579.9094387968,-164.93156203609257,512.81854524866708,127.66848221757361,-0.45877208754411031,0.27579936594499288,0.8158816952769441,-0.21863197558175004,0.0013327585028463592,-0.00054384635609116834,-0.00097593007273576681
5,500,25.600000000000001,5445175.3388837427,974128.14557234372,3176605.4423636273,-164.9533583154373,512.76209964641964,127.66069827506759,-0.4587848820363058,0.27564735230838511,0.81590475646711835,-0.21871076232010689,0.0013173753729512959,-0.00055827896014860011,-0.00096481357822116173
5,500,25.800000000000001,5445142.3459938262,974230.69238391973,3176630.9736912991,-164.97561809517916,512.7060884806358,127.65251209564599,-0.45879582676907116,0.27549661943750908,0.81592848265756623,-0.21878919810152944,0.0013021732515851921,-0.00057259488770104402,-0.00095382563670847332
5,500,26,5445109.3486056346,974333.22803666268,3176656.5033422536,-164.99834106514879,512.65051120903229,127.6439326306414,-0.45880493940893102,0.27534715127089077,0.81595286870957917,-0.21886728834063041,0.0012871500367562243,-0.00058679166957292599,-0.00094296477210485923
5,500,26.199999999999999,5445076.3466265528,974435.75261729641,3176682.0312387249,-165.02152678822085,512.59536731684375,127.63496879988097,-0.45881223778892372,0.27519893205316254,0.81597790929051428,-0.21894503831281523,0.0012723036324657202,-0.00060086685824941222,-0.00093222951584411007
5,500,26.399999999999999,5445043.3399640936,974538.26621244953,3176707.5573047386,-165.04517470112953,512.54065631570768,127.62562949126134,-0.45881773976996143,0.27505194625132118,0.81600359899840447,-0.21902245308962198,0.0012576319504283679,-0.00061481802420414687,-0.00092161840712024921
5,500,26.600000000000001,5445010.3285258915,974640.76890865027,3176733.0814660736,-165.06928411710402,512.48637774239194,127.61592355936222,-0.45882146330904611,0.27490617859483868,0.81602993230197918,-0.21909953757266509,0.0012431329139354983,-0.00062864275723534214,-0.00091112999462697095
5,500,26.800000000000001,5444977.3122197194,974743.26079234376,3176758.6036502966,-165.0938542245427,512.4325311579405,127.60585982617286,-0.45882342652743441,0.27476161411520239,0.8160569034808115,-0.21917629652802839,0.001228804463068052,-0.0006423386691708252,-0.00090076283917771944
5,500,27,5444944.2909535421,974845.74194988422,3176784.1237867279,-165.11888408901243,512.37911614648294,127.59544708001843,-0.45882364757244892,0.2746182380611934,0.81608450674976074,-0.21925273452223712,0.0012146445594833034,-0.00065590338975776295,-0.00089051551641543606
5,500,27.199999999999999,5444911.2646355107,974948.21246754611,3176809.6418064428,-165.1443726551941,512.32613231406538,127.58469407454088,-0.45882214468619625,0.27447603593766118,0.81611273619890889,-0.21932885595706975,0.0012006511903956483,-0.0006693345692569473,-0.00088038661920092625
5,500,27.399999999999999,5444878.2331739925,975050.67243152985,3176835.157642256,-165.17031874547581,512.27357928784875,127.57360952946058,-0.45881893627413378,0.27433499354374036,0.81614158573370099,-0.21940466510470633,0.001186822371493205,-0.00068262988078402376,-0.00087037475938302091
5,500,27.600000000000001,5444845.1964776041,975153.12192795926,3176860.6712287301,-165.19672106245375,512.22145671489386,127.56220212924306,-0.45881404076722276,0.27419509688729676,0.81617104919927108,-0.21948016604417936,0.0011731561480975458,-0.00069578701657854204,-0.0008604785687296167
5,500,27.800000000000001,5444812.1544552473,975255.561042891,3176886.1825021636,-165.223578190545,512.16976426106066,127.55048052226294,-0.45880747669074523,0.27405633222296316,0.81620112032044656,-0.21955536269655543,0.0011596505951643366,-0.00070880369114712026,-0.00085069669913674347
5,500,28,5444779.1070161127,975357.98986231792,3176911.6914005694,-165.2508885948196,512.11850161021857,127.5384533214505,-0.45879926273279847,0.2739186860899957,0.8162317926419892,-0.2196302588602391,0.0011463038164547478,-0.00072167764382300565,-0.00084102782223174943
5,500,28.199999999999999,5444746.0540697025,975460.40847216791,3176937.197863692,-165.27865062333669,512.0676684630713,127.52612910305932,-0.4587894176062397,0.27378214522685795,0.816263059652937,-0.21970485814731738,0.0011331139428281906,-0.0007344066351956019,-0.00083147062852304118
5,500,28.399999999999999,5444712.9955258556,975562.81695831649,3176962.7018329734,-165.30686250877821,512.0172645360891,127.51351640583019,-0.45877796011718419,0.27364669660943686,0.8162949147267442,-0.21977916401860231,0.0011200791303582873,-0.00074698845005539212,-0.00082202382634608895
5,500,28.600000000000001,5444679.9312948147,975665.21540657978,3176988.203251583,-165.33552236783876,511.96728956069012,127.50062373135582,-0.45876490923310287,0.27351232748920706,0.81632735106168153,-0.21985317981870936,0.0011071975586684159,-0.00075942090031772447,-0.00081268614081061693
5,500,28.800000000000001,5444646.8612871813,975767.60390272085,3177013.7020643675,-165.36462820273815,511.91774328218486,127.4874595432952,-0.45875028394437317,0.27337902530838498,0.81636036180520244,-0.21992690871212942,0.0010944674293426246,-0.000771701821505414,-0.00080345631282127152
5,500,29,5444613.7854139488,975869.98253245547,3177039.1982178655,-165.3941779032352,511.86862545870002,127.47403226634599,-0.45873410333239184,0.27324677773847539,0.81639393999422483,-0.22000035371806284,0.0010818869647203542,-0.00078382907487058737,-0.00079433309829573932
5,500,29.199999999999999,5444580.7035865849,975972.3513814531,3177064.6916602906,-165.42416924688186,511.81993586029841,127.46035028615775,-0.4587163866373779,0.27311557271872794,0.8164280784956246,-0.22007351774534639,0.0010694544072649065,-0.00079580055042181559,-0.00078531526765206682
5,500,29.399999999999999,5444547.615716978,976074.71053533326,3177090.18234155,-165.45459989904489,511.77167426812099,127.44642194935129,-0.4586971531195973,0.27298539837162589,0.81646277013062907,-0.22014640352838188,0.0010571680192532195,-0.0008076141644403228,-0.00077640160549084791
5,500,29.600000000000001,5444514.5217175093,976177.06007967831,3177115.6702132011,-165.48546741569842,511.72384047325687,127.43225556207923,-0.45867642215019566,0.27285624305515466,0.81649800759476976,-0.22021901367296459,0.0010450260826049005,-0.00081926785992198273,-0.00076759091044355894
5,500,29.800000000000001,5444481.4215010582,976279.40010002709,3177141.1552284583,-165.5167692446565,511.6764342757898,127.41785938942385,-0.45865421316419547,0.27272809533302922,0.81653378350050199,-0.22029135063616673,0.0010330268989946268,-0.00083075960899047006,-0.00075888199515580096
5,500,30,5444448.3149810405,976381.73068188119,3177166.6373421885,-165.54850272384019,511.62945548417559,127.40324165637109,-0.458630545750916,0.27260094402671703,0.81657009029743866,-0.22036341677236831,0.0010211687902222451,-0.00084208741381797754,-0.000750273686363217
