alpha,beta,mach,dynamic_pressure,span_over_twice_speed,chord_over_twice_speed,roll_rate,pitch_rate,yaw_rate,alpha_rate,lift_coefficient_squared,height_over_span,elevator,elevator_magnitude,left_aileron,right_aileron,rudder,flaps_norm,gear,speedbrake_norm,spoilers_norm,cg_x,cg_y,cg_z,drag,side,lift,force_x,force_y,force_z,moment_x,moment_y,moment_z
0.05307066095495027,4.3192615173999871e-10,0.220422034069406,3441.1930107747412,0.19243543617282741,0.025014574649287278,-6.7220534694101275e-18,-0.00054481830965041444,-3.5236570605778894e-19,0.085305812126746844,0.19136584592223765,0.46698607747129195,-0.089999999999999997,0.089999999999999997,0,0,0,0.00062500000000000001,1,0,0,15.514652336448599,0,-0.89066168224299069,19895.524784941455,-0.00016169826221915288,158274.559479861,-11471.720466478184,-0.00017029165967636037,-159107.09511065576,-0.00067554347354755904,6871.1290119474879,0.0012748749917904424
0.055846948131236758,3.3350219801861736e-07,0.22073226315041453,3450.8885564352067,0.19216496513493564,0.024979416270444116,0.00017232166176564865,-0.0002257314302918508,-4.8448679053286909e-05,0.082964412967080514,0.18797902545029493,0.46679694315864018,-0.082023682642661147,0.082023682642661147,0.010482508747916956,-0.010482508747916956,0.0046547238083563857,0.0014583333333333334,1,0,0,15.514658033016826,0,-0.89066255952506723,19827.401545618235,-0.12520349590535812,164241.17547223947,-10628.888692667904,-0.13181597790181246,-165091.842008354,10870.509113628597,-10065.413456225515,-10051.737794849418
0.05857437726468484,4.5674094625274884e-06,0.22099203991200919,3459.0209485005657,0.19193904825533395,0.024950049461701804,0.00079361216862971747,-0.00019133262477024019,-0.00022482352269524578,0.081370106801357131,0.20079869100054987,0.466374299687697,-0.074188956531387892,0.074188956531387892,0.020860279733481424,-0.020860279733481424,0.0092465943317357243,0.0022916666666666667,1,0,0,15.514663567229265,0,-0.89066341180405106,19990.586694799415,-1.718739111714316,170073.33962971557,-10000.058625957534,-1.8100443065273741,-170951.93253181459,21273.918861300386,-26618.435885301849,-19909.475778815853
0.061243857615934268,1.7914664762768766e-05,0.22123942031137805,3466.7772110589763,0.19172438917019416,0.024922146047361034,0.0018427444611220992,-0.00043109379383821209,-0.00052617522335496661,0.079543742993689812,0.21377587039381465,0.46571615585187998,-0.066634899461480962,0.066634899461480962,0.031029621699440658,-0.031029621699440658,0.013753093554084035,0.0031250000000000002,1,0,0,15.514668939083993,0,-0.89066423907964687,20159.148293710274,-6.7564946791398377,175797.84277384976,-9361.5446425960436,-7.1176390616210838,-176702.1059884718,31107.680595500166,-42334.175706575865,-29506.236688936282
0.063848084834951233,4.5580963700284708e-05,0.22147473246389229,3474.1663001345719,0.19152063063936117,0.02489565958997398,0.0032943872621227738,-0.00092996373172797141,-0.00094873716350269213,0.077505164621432907,0.22682909888788005,0.46482693017593507,-0.059495606944121919,0.059495606944121919,0.040888925942408297,-0.040888925942408297,0.018155028254501611,0.0039583333333333337,1,0,0,15.514674148579161,0,-0.89066504135156854,20335.020594061367,-17.227447168077266,181390.44934854301,-8720.0195869133258,-18.154336985402679,-182318.31889043975,40274.829987325022,-56995.386804843627,-38782.603903528208
0.066380475089398733,9.2713075361407332e-05,0.22169830275855196,3481.1972233835577,0.19132742326188551,0.024870544671106762,0.0051192411359469621,-0.0016695406115937081,-0.0014879562539295839,0.075277075509621122,0.23987520520028396,0.46371093389082108,-0.052897811815815772,0.052897811815815772,0.050339681553441311,-0.050339681553441311,0.022433756247971028,0.0047916666666666654,1,0,0,15.51467919571296,0,-0.8906658186195382,20519.980718954157,-35.112070193523742,186828.62224945513,-8082.1177762956977,-37.014540558702585,-187778.28131966485,48684.728666813964,-70401.443382766607,-47680.926390911955
0.068835251834666003,0.00016434545279609154,0.22191045749294327,3487.8790860658564,0.19114442367175991,0.024846756656804272,0.0072843146397773431,-0.0026283651948076055,-0.0021385124816097854,0.072884644732921167,0.25283119112462438,0.46237235004923549,-0.046958634546028624,0.046958634546028624,0.059287459706478723,-0.059287459706478723,0.02657126984863423,0.0056249999999999972,1,0,0,15.514684080483644,0,-0.89066657088328693,20715.623350590809,-62.359975165880961,192091.87819714259,-7454.3007662844948,-65.764492807907786,-193061.80275754488,56254.055198074944,-82372.071562636542,-56145.713558565862
0.071207518379705292,0.00026534653470224208,0.22211152615794022,3494.2211893485764,0.19097129135047705,0.024824251283256313,0.0097532416405682037,-0.0037822676219384371,-0.0028943465672874773,0.070355066733359811,0.26561615144040901,0.46081521560433203,-0.041783504178335318,0.041783504178335318,0.067642857159957548,-0.067642857159957548,0.030550274882062488,0.006458333333333329,1,0,0,15.514688802889522,0,-0.89066729814255441,20923.339669432688,-100.86735524744407,197162.10970035303,-6842.7255903858841,-106.41928730700126,-198151.10294941536,62907.717919866125,-92750.713243011822,-64124.015156000765
0.073493315571582438,0.00040036570013233098,0.2223018451214267,3500.2331418584354,0.19080768514268928,0.024802984203870171,0.012486636476157399,-0.0051047631272441683,-0.0037486956460711283,0.067717104918786714,0.27815316882015356,0.45904340471221733,-0.037464286811398462,0.037464286811398462,0.075322389544449878,-0.075322389544449878,0.034354264865579055,0.0072916666666666607,1,0,0,15.514693362928961,0,-0.89066800039708893,21144.300246659568,-152.45464352163737,202023.86692460184,-6253.1187570910815,-160.92008364885848,-203031.08159354527,68579.678889574672,-101407.46798673688,-71565.781748321111
0.07568966389233979,0.0005737818218624379,0.22248176047168386,3505.9249453509742,0.19065326053456269,0.024782910635485392,0.015442483133846113,-0.0065674902971936495,-0.0046941366454097654,0.065000614115344454,0.29037112337465237,0.45706061564333184,-0.034077654841966419,0.034077654841966419,0.082249325510885735,-0.082249325510885735,0.0379675900677015,0.0081249999999999933,1,0,0,15.514697760600381,0,-0.89066867764664737,21379.441571198651,-218.84479410193407,206664.59253100894,-5690.6593125416503,-231.11189233929787,-207689.54043193886,73213.678429094725,-108241.54704710597,-78424.200835209936
0.077794589390097646,0.00078965431639416346,0.22265163019150669,3511.3070596664661,0.19050766753406917,0.024763985082834124,0.018576554155737175,-0.0081406838595195642,-0.005722636803166644,0.062236048819845874,0.30220635620400832,0.45487036028085409,-0.031683725918201226,0.031683725918201226,0.088354453404829114,-0.088354453404829114,0.041375521250744215,0.0089583333333333251,1,0,0,15.514701995902259,0,-0.89066932989099512,21629.456040974554,-301.642577913048,211074.80549974286,-5159.8740812517044,-318.72227541682872,-212117.3542857923,76763.851525039034,-113183.19052692056,-84656.004645548295
0.079807133164519511,0.0010516775128985782,0.22281182555301035,3516.3904433212529,0.19037054923697211,0.024746161152134388,0.021842854579502826,-0.0097936733417193032,-0.0068256105583754502,0.059453966242610873,0.31360413371073564,0.45247595583725425,-0.030324995763896606,0.030324995763896606,0.0935767728064507,-0.0935767728064507,0.044564307988556304,0.0097916666666666569,1,0,0,15.514706068833135,0,-0.89066995712990649,21894.785200241608,-402.31525397440817,215248.23046417825,-4664.5477991632233,-425.34128048918001,-216308.58807063746,79195.228729781898,-116195.01025360978,-90221.746185708122
0.081727344418185438,0.001363139063342767,0.22296273167755917,3521.1865678051995,0.19024154111678276,0.024729391458791931,0.025194085889695881,-0.011495398476031427,-0.0079939818672883217,0.056684532831999659,0.32451986744348565,0.44988052042151322,-0.030025583817509683,0.030025583817509683,0.097864104026558763,-0.097864104026558763,0.047521231531210482,0.010624999999999989,1,0,0,15.51470997939159,0,-0.89067055936316475,22175.616022210867,-522.17493387063462,219181.87017396977,-4207.6503747522793,-552.40288782360471,-220260.55787398343,80484.115887743363,-117272.73228648101,-95086.040888986172
0.083556257362676342,0.0017268829969710033,0.22310474723635851,3525.7074046877465,0.19012027105184334,0.024713627630920713,0.028582124698558829,-0.01321493192933232,-0.0092182508567937391,0.053957042479589372,0.33492005448727763,0.44708697159021382,-0.030790805077012144,0.030790805077012144,0.10117360946880526,-0.10117360946880526,0.050234652256748669,0.01145833333333332,1,0,0,15.514713727576277,0,-0.89067113659056107,22471.880065157991,-662.36290403886039,222876.01987906118,-3791.282959097583,-701.16820472160941,-223973.8352845794,80618.348803611341,-116445.32491098184,-99217.772048768078
0.085295852526830016,0.0021452778894908756,0.22323828331172765,3529.9653860587455,0.19000636006657365,0.024698820405697167,0.031958510703406585,-0.01492199980800705,-0.010488563633079791,0.051299454031290014,0.34478291444341391,0.44409802745044608,-0.032607075750937992,0.032607075750937992,0.1034722216487883,-0.1034722216487883,0.052694051804160896,0.012291666666666652,1,0,0,15.514717313385896,0,-0.89067168881189551,22783.255373449992,-823.83611017254907,226334.22358167765,-3416.6439157492218,-872.71059095022451,-227452.19523285882,79597.420838510006,-113774.51021463324,-102590.25909752112
0.086949003252620935,0.002620190476920786,0.22336376149127884,3533.9733405224242,0.18989942372133087,0.024684919810027274,0.035274938384230077,-0.016587490434734165,-0.011794784019945232,0.048737955068908122,0.35409871096308027,0.44091621138694725,-0.035442154390459092,0.035442154390459092,0.10473697359342571,-0.10473697359342571,0.054890070019775521,0.013124999999999984,1,0,0,15.514720736819203,0,-0.89067221602697744,23109.171053630274,-1007.35594368368,229563.17323826844,-3084.0151893670936,-1067.9028463763275,-230702.50864225323,77432.483302893685,-109353.66953864468,-105181.38867385658
0.088519408380725237,0.0031529649019339406,0.22348161131984795,3537.7444086440755,0.18979907404265162,0.024671875411457673,0.038483746911110561,-0.018183942119823861,-0.013126566010020345,0.046296558284239897,0.36286975748120165,0.43754385926012862,-0.039245714222043239,0.039245714222043239,0.10495522831935804,-0.10495522831935804,0.05681453687027576,0.013958333333333316,1,0,0,15.514723997875024,0,-0.89067271823562388,23448.814501348967,-1213.4794050369378,232572.55316566012,-2792.7689756931018,-1287.4065399460069,-233734.58226293395,74146.220338668354,-103306.16504772905,-106973.70924940538
0.090009243599235442,0.003744318455734176,0.22359790456597739,3541.4705136194902,0.18970013906487709,0.024659014909066915,0.041538450885558874,-0.019681077010176826,-0.014473445762271881,0.043902796246235269,0.37108802312416389,0.43398316874681236,-0.043950236520956719,0.043950236520956719,0.1041248050975092,-0.1041248050975092,0.058460496673136374,0.014791666666666647,1,0,0,15.514727096552216,0,-0.89067319543766144,23801.935814793371,-1442.5910357505754,235382.80579514365,-2542.0053647723885,-1531.7027425628137,-236568.9552262853,69776.955939493564,-95735.002088304624,-107960.45444366663
0.091422610278307545,0.0043944323190914418,0.22371552701823397,3545.2430191967055,0.18960016890043069,0.024646019843340038,0.044394344436622456,-0.021052201996865878,-0.015824975386555373,0.041668111185070592,0.37878326033417536,0.43023628294449295,-0.049472209166930937,0.049472209166930937,0.10225400124221048,-0.10225400124221048,0.059822206087551962,0.015624999999999979,1,0,0,15.514730032849718,0,-0.89067364763292456,24167.885450036269,-1694.8669500457461,238012.78881708722,-2329.8563965438643,-1801.0543803416676,-239224.52816106111,64370.640626961882,-86871.600665586724,-108136.32738321762
0.092765406410498172,0.005102975262033938,0.22383435374657035,3549.058013670845,0.18949927285748239,0.02463290442318488,0.047008746463228897,-0.022278018307896226,-0.017170716705493361,0.039615577503794484,0.38599140279776678,0.42630519871330075,-0.055713609105885152,0.055713609105885152,0.099361509207178511,-0.099361509207178511,0.060895168712612711,0.016458333333333318,1,0,0,15.514732806766506,0,-0.89067407482125671,24545.165203337045,-1970.2592806466489,240479.41310395274,-2153.1120068914456,-2095.4864548040605,-241718.15866524621,57980.843408657784,-76915.689850885217,-107497.30287948073
0.094043943762147086,0.0058690665403942875,0.2239543404049191,3552.9141358459369,0.18939749166164782,0.024619673942501422,0.049341381050031836,-0.02334241684202672,-0.018500286451013693,0.037757267679452561,0.39275812108042457,0.4221917765213466,-0.062563642401851263,0.062563642401851263,0.095476229816696567,-0.095476229816696567,0.061676162116210576,0.017291666666666657,1,0,0,15.514735502247692,0,-0.8906744899303608,24932.112644386507,-2268.5093084764562,242801.52063974878,-2007.8890682487136,-2414.7976261535241,-244068.58039142139,50670.817973442638,-66080.705651511249,-106043.83381480006
0.09526486144068004,0.0066912830815977088,0.22407544738717555,3556.8101739600406,0.18929486188763617,0.024606333155615643,0.051354773054225714,-0.024232719092130126,-0.019803413781551309,0.036101689057303966,0.39913717788784403,0.41789775672239876,-0.069900710990645681,0.069900710990645681,0.090636983498131748,-0.090636983498131748,0.062163247703390608,0.018124999999999995,1,0,0,15.514738197610601,0,-0.89067490502124957,25326.900313214996,-2589.1482112301328,244999.44070799794,-1889.7002033746771,-2758.5584440923658,-246295.96201241089,42512.855654012586,-54594.44410350504,-103780.76076441424
0.096435005307064517,0.0075676698425856288,0.22419763994699496,3560.7450696346086,0.18919141587765143,0.024592886266672536,0.053014616199028759,-0.024939876946959833,-0.021069994166714099,0.034653685050024217,0.40518902798749423,0.41342477856821558,-0.077594571222546968,0.077594571222546968,0.08489212240105698,-0.08489212240105698,0.062355776190306564,0.018958333333333334,1,0,0,15.51474089285511,0,-0.89067532009390482,25727.558294346218,-2931.4998662947742,247094.6280340814,-1793.5511424580038,-3126.1117323993531,-248421.55049490384,33587.611158568499,-42695.101244558617,-100717.28080661321
0.097561305134705442,0.0084957539521271167,0.22432088826396504,3564.7179201336799,0.18908718170635649,0.02457933692508182,0.054290110678021031,-0.02545860961545466,-0.022290139798951652,0.0334143888848615,0.41097932727025716,0.40877440106874913,-0.085508645876704356,0.085508645876704356,0.078299047278555592,-0.078299047278555592,0.062254388325587738,0.019791666666666673,1,0,0,15.514743587981139,0,-0.89067573514831422,26131.999471895477,-3294.685131380505,249109.2820441066,-1714.0463573705001,-3516.5745975627196,-250467.29625887072,23983.346140899896,-30627.077503579327,-96866.896892298944
0.098650651527077721,0.0094725622247095499,0.22444516745312615,3568.7279788431738,0.18898218319449447,0.024565688227288562,0.05515426695418206,-0.025787475179596654,-0.023454226587267923,0.032381239283313164,0.41657739192541071,0.40394812323361512,-0.093502448605654792,0.093502448605654792,0.07092363395787081,-0.07092363395787081,0.061861010767945285,0.020625000000000011,1,0,0,15.51474628298863,0,-0.890676150184468,26538.047241254608,-3677.6274551946835,251065.95369014793,-1645.500711698387,-3928.8420051296862,-252455.46641997731,13795.098195088134,-18636.681099551417,-92247.348043536113
0.099709774579132285,0.010494641660281082,0.2245704575161756,3572.7746538988622,0.1888764399722089,0.024551942725004133,0.055584172810548498,-0.025928875584179455,-0.024552937933001749,0.031548055111694062,0.4220546455441298,0.39894740523618738,-0.10143407777252912,0.10143407777252912,0.062839575130915426,-0.062839575130915426,0.061178847006812184,0.02145833333333335,1,0,0,15.51474897787754,0,-0.89067656520236016,26941.90613221722,-4079.0596789547349,253011.18439502118,-1578.1106821590847,-4361.5755126725207,-254432.0158482324,3123.8079465068772,-6982.2642004977833,-86880.526975631219
0.1007443845490114,0.011558082017243076,0.22469674880412979,3576.8576820030312,0.18876996291381137,0.024538101831774212,0.055561222735495422,-0.025889500045410518,-0.025577305650274784,0.030874607861745944,0.42786043408668772,0.39377371232181374,-0.10916273541170543,0.10916273541170543,0.054127644041253732,-0.054127644041253732,0.060212363175715475,0.022291666666666689,1,0,0,15.514751672647828,0,-0.89067698020198494,27342.157686889997,-4497.5319052115638,255037.13527156017,-1499.8674069331098,-4813.2473624860731,-256488.48862147084,-7924.692126682562,4083.4115655636065,-80792.366312062528
0.10176017471482371,0.012658540830054492,0.22482402810588289,3580.9766854620143,0.18866276586326697,0.024524167347168072,0.055071300754587937,-0.025679379367097539,-0.026518747804644124,0.030375391513783837,0.43372317803497323,0.3884285771628147,-0.11655122659769113,0.11655122659769113,0.044874887424552125,-0.044874887424552125,0.058967268811827539,0.023125000000000027,1,0,0,15.514754367299474,0,-0.89067739518333822,27737.21936903771,-4931.4196419660711,257075.08469822584,-1414.5406871991784,-5282.1278922127021,-258556.31806278846,-19240.651120065962,14365.619826569322,-74012.711673118203
0.10276265855045998,0.013791271921945479,0.22495228897113667,3585.1315013846493,0.18855485696114258,0.024510140329373445,0.054104925923348271,-0.025311806968751287,-0.027369105636983099,0.030035727282428676,0.4396955576466216,0.38291355904864144,-0.12346839485479694,0.12346839485479694,0.035173755766370038,-0.035173755766370038,0.057450492008844931,0.023958333333333366,1,0,0,15.514757061832448,0,-0.89067781014641512,28124.611370436276,-5378.934204526563,259144.98446647666,-1316.2105896450946,-5766.2845458611318,-260655.07327551671,-30711.425969630833,23652.095012513997,-66575.189292364361
0.10375675395269227,0.014951155333333514,0.22508152886116478,3589.3220912695551,0.18844624106253419,0.02449602140950154,0.052657350971739847,-0.024803291253711057,-0.028120678434239894,0.029836836115133356,0.44584289916125619,0.37723025862916365,-0.12979145037553499,0.12979145037553499,0.025121179567468153,-0.025121179567468153,0.055670149097981528,0.024791666666666705,1,0,0,15.514759756246704,0,-0.89067822509121031,28502.159325562465,-5838.1332869753523,261265.21967537547,-1199.4759250553279,-6263.6051148318284,-262802.77853742166,-42222.573245069711,31750.418669373368,-58517.037167810602
0.10474670320582338,0.016132728971680211,0.22521174904775357,3593.5485379583547,0.18833691984091852,0.024481810805086664,0.050728615905773711,-0.024173243250864208,-0.028766257192964571,0.029757495821619625,0.45222578425459292,0.37138033297344203,-0.1354081497184757,0.1354081497184757,0.014817600846286057,-0.014817600846286057,0.053635508883609018,0.025625000000000044,1,0,0,15.514762450542209,0,-0.89067864001771679,28867.788799625785,-6306.9323609652438,263452.28678119142,-1059.3214572023821,-6771.8076534450174,-265015.57406194031,-53658.937123256219,38490.347940208747,-49878.926113076435
0.10599336639380837,0.017330367255979636,0.22534366521813839,3597.8338161862298,0.18822629785231684,0.024467431114699265,0.048323807065011548,-0.023289684512103993,-0.02929919878801561,0.042163372883497974,0.31403986075736706,0.36535905060029322,-0.1402187882927515,0.1402187882927515,0.0043659695554954542,-0.0043659695554954542,0.051356948463594142,0.026458333333333382,1,0,0.055555555555555559,15.514765144718897,0,-0.89067905492592603,28003.875305640584,-6783.2166142694978,204586.13406208219,-6081.4521264346176,-7267.4911490965451,-206387.77779381681,-64874.86454401727,65961.042896539424,-40712.1921424061
0.10781818391023648,0.018538646087569274,0.22548038624356584,3602.277862971288,0.188111783730469,0.024452545488089474,0.045454103472116897,-0.02201549993263608,-0.029713679376511121,0.059184872008533639,0.16668362321706648,0.35912600368472064,-0.14413797025970806,0.14413797025970806,-0.0061292850598959085,0.0061292850598959085,0.048845819373653059,0.027291666666666721,1,0,0.11111111111111113,15.514767838774102,0,-0.89067946981542612,27023.811399356415,-7265.1074737247491,157494.05431074832,-9780.5360784283002,-7764.8152477630319,-159472.54958323191,-75785.600564708293,82253.541196781356,-31056.528541202981
0.10983290630654781,0.019751676435577122,0.22561956546079828,3606.8063739078298,0.18799534507092377,0.024437409691901498,0.042132728197974402,-0.020613883113394252,-0.030004193511365664,0.060661249321869587,0.16490670409186231,0.35264661761430038,-0.14709612443337097,0.14709612443337097,-0.016563297885041108,0.016563297885041108,0.046114529108330291,0.02812500000000006,1,0,0.16666666666666671,15.514770532703968,0,-0.89067988468562465,28135.203433588267,-7750.2125180184275,159970.90040573172,-10273.305577878595,-8304.3820787334589,-162073.56623995883,-86344.933801743478,83000.928400534234,-20942.997552174089
0.11186536486460839,0.02096283852875155,0.22575879403215524,3611.3424492163972,0.18787899385660073,0.024422285262669007,0.038376747103857918,-0.019200752784310798,-0.030165580522862979,0.061300274268174477,0.16982791137347844,0.34592058839209916,-0.14904073927028733,0.14904073927028733,-0.026831815712817276,0.026831815712817276,0.04317656674091358,0.028958333333333398,1,0,0.22222222222222229,15.514773226508808,0,-0.89068029953656791,29321.799115868773,-8235.7960313296535,162564.99569910715,-10813.08179171088,-8848.6096488955154,-164802.16453602479,-96390.97235665402,82591.679709430071,-10436.121837353307
0.11391863369072809,0.02216521381520237,0.22589818038371356,3615.8895518573336,0.18776263999297713,0.024407160489055422,0.034209139076453822,-0.017801674816020865,-0.030193428823805865,0.06191755963153605,0.17507062147669838,0.3389498155070087,-0.14993729502587569,0.14993729502587569,-0.036832238907410081,0.036832238907410081,0.040046291200334025,0.029791666666666737,1,0,0.27777777777777785,15.514775920190228,0,-0.89068071436850471,30490.391157235736,-8719.145035504127,165283.23508766002,-11305.185136604658,-9392.7739817373367,-167655.01433022867,-105817.82811029126,80376.08411672755,407.68512740461915
0.11599141648550704,0.023351721072792465,0.22603773363073665,3620.447967298488,0.18764627629893893,0.024392034437591744,0.029657113467671629,-0.016444944201297013,-0.030084019185192171,0.062485610713584785,0.18064782712048347,0.3317366144696377,-0.14976987653015045,0.14976987653015045,-0.046464646545959463,0.046464646545959463,0.036738877009476291,0.030625000000000076,1,0,0.33333333333333343,15.514778613749781,0,-0.89068112918167364,31640.034582723627,-9197.4624866602171,168126.27734782419,-11748.041872094449,-9933.7370139370669,-170632.45476912186,-114527.73402586473,76364.232779508442,11530.537560065603
0.11808151051296176,0.024515166910452812,0.22617746345576073,3625.0179985896266,0.18752989516580909,0.024376906119230306,0.024751835852497867,-0.015158568441168434,-0.029834353902781375,0.062977380603519553,0.18656775797187766,0.32428341443876191,-0.14854145570516056,0.14854145570516056,-0.0556327947953918,0.0556327947953918,0.033270247973827959,0.031458333333333408,1,0,0.38888888888888901,15.514781307188986,0,-0.89068154397630872,32770.106129186257,-9667.8931541143957,171092.31601605783,-12140.873439312507,-10468.272283954517,-173732.38926871319,-122429.47445368549,70599.208225072638,22872.7423802351
0.12018583115763332,0.025648297801920163,0.22631737950011249,3629.5999469296012,0.18741348906392535,0.024361774555194522,0.019528142625298259,-0.013969758710606999,-0.029442186527541776,0.063366736314874217,0.19283346988949263,0.31659275416118293,-0.1462738388090464,0.1462738388090464,-0.064245078548985479,0.064245078548985479,0.029657000754949484,0.032291666666666732,1,0,0.44444444444444459,15.514784000509334,0,-0.89068195875263922,33880.305697095406,-10127.54374931554,174177.08633087666,-12483.732874805934,-10993.089704501441,-176950.29825206814,-129439.28882784944,63156.448091588907,34373.146222540461
0.12230045178060113,0.026743854624467992,0.2264574907804259,3634.1940929805214,0.1872970510247009,0.02434663883964169,0.014024220351110183,-0.012904432898895262,-0.028906048565058549,0.063628913900436831,0.19944247973795112,0.30866727566344243,-0.14300727934320917,0.14300727934320917,-0.072215446714317275,0.072215446714317275,0.02591632528685512,0.033125000000000057,1,0,0.50000000000000011,15.51478669371228,0,-0.89068237351088975,34970.651722981027,-10573.504181765762,177373.91480716522,-12777.527860086831,-11504.861686281023,-180279.29461254171,-135481.70749874235,54142.531020736176,45969.497352513703
0.12442065836398124,0.027794629325175253,0.22659780514115985,3638.8006792907554,0.18718057508923838,0.024331498197978082,0.0082812527820767239,-0.011986739216470851,-0.028225272291999316,0.063740955506814009,0.20638646061149293,0.3005097163381299,-0.13879976349405479,0.13879976349405479,-0.079464262007332448,0.079464262007332448,0.022065922639919695,0.033958333333333382,1,0,0.55555555555555547,15.514789386799249,0,-0.89068278825128044,36041.470736994859,-11002.869805850545,180673.81091822498,-13024.029384436491,-12000.25033415259,-183710.2211611419,-140490.3111512124,43693.40321043224,57598.819386184368
0.12654050355016211,0.028793523238638614,0.2267383365214449,3643.4201436537955,0.18706405030722867,0.024316351206779146,0.0023430441724705832,-0.011239021953033921,-0.027400009250770317,0.063656347142913738,0.21387428715215293,0.29212291101412113,-0.13372598079376113,0.13372598079376113,-0.085919096661763061,0.085919096661763061,0.018123920886868129,0.034791666666666707,1,0,0.61111111111111083,15.514792079771654,0,-0.89068320297402714,37085.250579589934,-11412.765264558613,184196.81289172731,-13201.339395941979,-12475.70210011633,-187360.92014149376,-144408.06868960528,31904.545897506508,69197.71352452616
0.12865310678922368,0.029733606758291817,0.22687909692115366,3648.0528606668181,0.18694746739157012,0.024301196658819725,-0.0037443915793763296,-0.010681230889740241,-0.026431242466951575,0.063368789500193853,0.22178485494280439,0.28350984717915267,-0.12787599827233928,0.12787599827233928,-0.091515456103426707,0.091515456103426707,0.014108789655867102,0.035625000000000032,1,0,0.66666666666666619,15.514794772630838,0,-0.89068361767933812,38110.67952421528,-11800.36759942467,187813.27226870583,-13334.934261785866,-12928.152701465529,-191103.4803595148,-147188.9266133183,19032.100460204136,80702.989275544925
0.13075179436021961,0.030608179390063047,0.22702008801439502,3652.6988724872472,0.18683082560612771,0.024286034458410054,-0.0099332705633221104,-0.010329682546633658,-0.025320791868510256,0.062874336646539145,0.22999531734885684,0.27467359587387186,-0.12135366163671904,0.12135366163671904,-0.09619742335869276,0.09619742335869276,0.010039254571861129,0.036458333333333356,1,0,0.72222222222222154,15.514797465378134,0,-0.89068403236741822,39118.161369766894,-12162.92948750888,191499.79760186016,-13429.380096182404,-13354.381200577987,-194914.47390382414,-148797.26470393618,5281.4255082941063,92051.802458641381
0.13282942486984736,0.031410829034404987,0.22716130950648503,3657.3581572274816,0.18671412584192906,0.024270864721374307,-0.016174478740153788,-0.010197402341305173,-0.024071313946896652,0.062161019806202811,0.23847357332492455,0.26561727842367877,-0.11427475185825903,0.11427475185825903,-0.099918217758399139,0.099918217758399139,0.0059342109926600224,0.037291666666666681,1,0,0.7777777777777769,15.51480015801485,0,-0.89068444703846816,40108.967711141573,-12497.804054764552,195239.78124169674,-13489.603692109018,-13751.287910837998,-198777.33585440106,-149208.66741110545,-9121.7590683616963,103182.13186133014
0.13487853086467125,0.032135489846642822,0.22730275815024137,3662.0305972218862,0.18659737141374899,0.024255687878598206,-0.02241803420646293,-0.010293846818835351,-0.022686293088290534,0.061220366780055692,0.24718146399071331,0.25634405078734912,-0.10676492989193555,0.10676492989193555,-0.10264066235483517,0.10264066235483517,0.001812638596362206,0.038125000000000006,1,0,0.83333333333333226,15.514802850542264,0,-0.8906848616926859,41084.560417403278,-12802.468423653823,199015.29041200943,-13521.215451790185,-14115.903751076927,-202674.24136826803,-148410.16820592445,-23938.281924300452,114033.1464595338
0.13689143938328072,0.032776497774916029,0.22744442756409175,3666.7159730317385,0.18648056819320027,0.024240504693329414,-0.028613558751402132,-0.0106247060212058,-0.021170025009086674,0.060047596626734132,0.25607515353929311,0.24685708690684002,-0.098957506011438323,0.098957506011438323,-0.10433755538151376,0.10433755538151376,-0.0023064829429787488,0.038958333333333331,1,0,0.88888888888888762,15.514805542961648,0,-0.89068527633026628,42046.559873070903,-13074.5466042813,202807.36115529339,-13530.424641614236,-14445.416481952467,-206586.39901145815,-146400.40953316164,-38919.741008204735,124545.56646447051
0.13886039777893178,0.033328642829081323,0.22758630812065414,3671.4139597085741,0.18636372468297169,0.02422531627082768,-0.034710754724790745,-0.011191771226808967,-0.019527592144004149,0.058641755203406955,0.26510567610662505,0.23715956168268934,-0.090991073357721691,0.090991073357721691,-0.10499194204423057,0.10499194204423057,-0.006404256735142928,0.039791666666666656,1,0,0.94444444444444298,15.51480823527425,0,-0.8906856909514026,42996.711744170687,-13311.83127786675,206596.31322274689,-13523.939681585653,-14737.195345066762,-210494.36296220194,-143189.68745281277,-53812.911341947154,134662.00728718407
0.1407777027658863,0.033787217143276933,0.22772838690503697,3676.1241252961736,0.18624685203336891,0.024210124060515009,-0.040659882721938413,-0.011992870814842113,-0.017764831101071611,0.057005787944574442,0.27421964994150161,0.22725463332680673,-0.083007047708970369,0.083007047708970369,-0.10459728392776325,0.10459728392776325,-0.010461949525428907,0.040624999999999981,1,0,0.99999999999999833,15.514810927481316,0,-0.89068610555628625,43936.852872036659,-13512.304091336036,210362.08077046249,-13508.854821067933,-14988.813722713445,-214378.35882579989,-138799.87943222784,-68364.262130784016,144327.30265611055
0.14263578148645417,0.034148058605058859,0.22787148911817526,3680.8731136219262,0.18612927674890425,0.024194840515089879,-0.046411539829085476,-0.01302948866738029,-0.01588834812292856,0.055142198927772855,0.28335816150672666,0.2171454166854502,-0.075147157144645413,0.075147157144645413,-0.1031575243255549,0.1031575243255549,-0.014461080162136229,0.041458333333333305,1,0,1,15.514813619583894,0,-0.89068652014507821,43979.314560335988,-13674.255341288677,214086.08004284653,-12612.300031915724,-15167.799764567737,-218093.74767437682,-133220.37127155953,-83590.219177806037,153479.01634652217
0.14442691604273933,0.034407594787822716,0.22801660710338509,3685.6930440453725,0.18601019238304314,0.024179360805018597,-0.051917438599496671,-0.014304043640675008,-0.01390544251262831,0.053045780506572222,0.29246219997441969,0.20683492300035097,-0.067550926165726791,0.067550926165726791,-0.10068704883962953,0.10068704883962953,-0.01838351243760512,0.04229166666666663,1,0,1,15.514816311581427,0,-0.89068693471769322,44013.966084106061,-13796.225946404982,217749.95153485818,-11720.542022562675,-15302.176109131622,-221745.52702427315,-126542.43083531666,-97955.23526417221,162079.80555926633
0.14614357233767816,0.034562870788349916,0.22816366777147587,3690.5816571790042,0.18588966469415211,0.024163693478194428,-0.057132450186257032,-0.015802365064819402,-0.011823927672339776,0.050726374081881562,0.30151037760812327,0.19632608800450493,-0.060353198931683505,0.060353198931683505,-0.097210541644411896,0.097210541644411896,-0.02221146292745825,0.043124999999999955,1,0,1,15.514819003472848,0,-0.8906873492739662,44032.81483115525,-13876.867676050424,221387.90795544867,-10823.619141751995,-15390.177402515852,-225366.48760527154,-118820.55509187421,-111274.085761044,170083.17934167272
0.14777775376633767,0.034611570051601953,0.22831269029001433,3695.5396758707743,0.18576768412586347,0.024147837292390489,-0.062013792579087394,-0.017507893575248224,-0.0096521733737491289,0.048167964047937828,0.3107940670706692,0.18562180812280621,-0.053681745580318525,0.053681745580318525,-0.092762738850616075,0.092762738850616075,-0.025927607955972733,0.04395833333333328,1,0,1,15.514821695257076,0,-0.89068776381373249,44031.144531760954,-13915.089048921029,225031.66146855196,-9915.1064364548129,-15430.437797669467,-228987.36277148401,-110119.61706105799,-123352.88410985211,177446.00633207129
0.14932289711994393,0.034552031181164809,0.22846366031074883,3700.5667407961682,0.185644268495614,0.024131794563685409,-0.066521501622543916,-0.019400031579171018,-0.007399038388695503,0.045428360104888127,0.31987862073518752,0.17472495555718276,-0.047654994121798688,0.047654994121798688,-0.087388081433509623,0.087388081433509623,-0.02951515431213235,0.044791666666666605,1,0,1,15.514824386933022,0,-0.89068817833682201,44024.653939545402,-13910.048511892905,228563.49850226022,-9030.5160592615011,-15422.584698342545,-232494.14210387866,-100514.93142008343,-133945.27992278442,184128.74603299613
0.15077348537301383,0.034383254648663375,0.22861655498408123,3705.6622186440836,0.18551944250967389,0.024115568503633427,-0.070618804626954218,-0.021454897192303243,-0.0050738054070382744,0.042532460171191673,0.32870330104689127,0.16363829566997054,-0.042379928169050805,0.042379928169050805,-0.081140271193378646,0.081140271193378646,-0.032957903917216001,0.04562499999999993,1,0,1,15.514827078499573,0,-0.89068859284306501,44014.971943391909,-13861.161823830009,231967.23688846195,-8176.6698865212802,-15366.049059733663,-235871.31058654105,-90089.777448331981,-142886.3692277738,190095.18596841008
0.15212488459095991,0.034104902471542048,0.22877134940676491,3710.8254104488733,0.18539323248796805,0.024099162533546849,-0.074272461990409225,-0.023646077409004165,-0.0026861149808040442,0.039507723235210762,0.33721091364967959,0.15236447216052898,-0.037950187822871635,0.037950187822871635,-0.07408173418489114,0.07408173418489114,-0.036240317370636363,0.046458333333333254,1,0,1,15.514829769955648,0,-0.89068900733229406,44003.620606035489,-13768.104517296733,235228.55346140935,-7359.8389957462477,-15260.546423435973,-239105.20735609479,-78935.324743437828,-150038.70052151772,195312.73836101219
0.15337086647049747,0.033717292504266028,0.22892803589336591,3716.0561764780186,0.18526565075561618,0.02408257825556109,-0.077453072736835507,-0.025947073875759962,-0.00024589987801183245,0.036238518849160607,0.34693779372320294,0.1409060441601484,-0.034444407423804939,0.034444407423804939,-0.066282996976593761,0.066282996976593761,-0.039347574521734936,0.047291666666666579,1,0,1,15.514832461300154,0,-0.89068942180434219,43971.586701731059,-13630.813780359245,239134.71451244125,-6443.9436942126395,-15105.388328482415,-242971.22059915043,-67148.737809854661,-155701.66465942035,199752.31899074381
0.15450217008018713,0.033221396339346246,0.22908660257098754,3721.3542367278055,0.1851367130635086,0.024065817717125564,-0.080135367648194941,-0.028332902029252684,0.002236677367061833,0.032769229212923551,0.3576903076450324,0.12926596394066681,-0.031924819678110811,0.031924819678110811,-0.057821981972752019,0.057821981972752019,-0.042265633946210607,0.048124999999999904,1,0,1,15.514835152531999,0,-0.89068983625903997,43940.987119710393,-13449.486876041328,243104.41671643063,-5541.3038813469875,-14901.578166576955,-246898.14376126701,-54835.347827726466,-159432.60330709498,203389.1755463529
0.1555168612312863,0.032618810406179324,0.22924701673798129,3726.7186332620704,0.18500645197406318,0.024048885151010748,-0.082298485104737626,-0.030772239975117438,0.0047512920552257665,0.029252808754333347,0.36811118551949895,0.11744726710782122,-0.030436150936622802,0.030436150936622802,-0.04878322883844452,0.04878322883844452,-0.044981287428735958,0.048958333333333229,1,0,1,15.514837843650097,0,-0.89069025069621999,43907.653412176085,-13224.569510923429,246921.21190947614,-4682.7855866887376,-14649.496210211651,-250671.7374130828,-42104.119812527206,-161144.67302358657,206202.03521520787
0.15641407778675984,0.031911720751211341,0.22940925100965504,3732.1485811632724,0.18487489565657811,0.024031784218927949,-0.083926143463281089,-0.033233142631186631,0.0072875190617910993,0.025723002236095475,0.37815782637245682,0.10545285064679608,-0.03000482723690228,0.03000482723690228,-0.039257049807174871,0.039257049807174871,-0.047482212598023196,0.049791666666666554,1,0,1,15.514840534653365,0,-0.89069066511571593,43872.229718869195,-12956.746700161257,250578.11216330869,-3871.9044998567965,-14349.950689456333,-254285.52336230082,-29068.20144572296,-160828.98471412135,208173.52132399345
0.052239300724556903,-7.3271678917962013e-11,0.63196832030337391,13200.614413429905,0.072166023290116801,0.0093808209788948018,-6.7220534694101275e-18,-0.0012966095529675608,-3.5236570605778894e-19,-0.014470077289022335,0.18293280017881672,207.91861534590856,0,0,0,0,0,0,0.99499999999999988,0,0,15.514652336448599,0,-0.89066168224299069,68947.200840228877,0.00010522455770188468,613392.40246104775,-36824.527540811803,0.00011027643486414217,-616155.75147200783,0.00043879696796294469,-322201.07399878238,-0.00082942560068661824
0.050003739122376073,3.2219160890346291e-05,0.63211428207134035,13206.681952993411,0.072149375458593512,0.0093786569365922508,0.0024379912604529045,-0.015869650109688518,-0.0010228678679972867,-0.028395891755829961,0.17597502730244358,207.91921973321067,0.0058335364178862684,0.0058335364178862684,0.012582996887721546,-0.012582996887721546,0.0070442808560459667,0,0.97499999999999942,0,0,15.514661274208693,0,-0.89066305867462869,68361.989347420225,-46.290808396396876,601385.65797269775,-38217.538920080828,-48.493374305557836,-604050.90076326765,40667.853201286882,-306220.66363180656,-56990.740762509457
0.046521578905505477,0.00028215128235053148,0.63217677661510263,13209.213759027431,0.072142284462098388,0.0093777351819264113,0.0095497024688805335,-0.029614685591268675,-0.0040249599633043719,-0.040154655582281408,0.1647828883990809,207.92078094208725,0.011568624835146981,0.011568624835146981,0.025064140279615389,-0.025064140279615389,0.0133536779990294,0,0.95499999999999896,0,0,15.514669336318567,0,-0.89066430025450827,67403.553138072457,-405.45794704307031,581392.95539830171,-40292.946939856833,-424.47592960450373,-583898.51019303221,73280.594348590254,-284639.42421294597,-103368.23914506068
0.041961639991472503,0.00094111122202810034,0.63218698646902238,13209.519443936992,0.072141182216354571,0.0093775919016190583,0.020299688139895449,-0.042273813180129044,-0.0085717276630061755,-0.050142211844704618,0.15022362512966994,207.92315268062188,0.017108478680542261,0.017108478680542261,0.037342401136436359,-0.037342401136436359,0.019037566833848534,0,0.9349999999999985,0,0,15.514676607501677,0,-0.89066542003019866,66196.869458814632,-1352.4299847705834,554507.80128894711,-42876.069004848432,-1414.727993368153,-556796.54949964432,97746.340623772892,-258230.5328589165,-138298.64708382578
0.036504534128776259,0.0021435279190430674,0.63215023336771703,13207.83157788371,0.072145455477170745,0.0093781473804009693,0.033659152921508749,-0.053650033989848286,-0.014208295984623641,-0.058296103142718984,0.13338200158235805,207.92613590573856,0.02235960620296815,0.02235960620296815,0.049318392658512594,-0.049318392658512594,0.024219548727298878,0,0.91499999999999804,0,0,15.514683158022988,0,-0.8906664288226348,64860.876240452417,-3079.9770979894206,521853.95690827526,-45765.113421137772,-3219.0010147954126,-523873.23303681449,114331.70510006994,-228150.17265856944,-161745.31132778735
0.030333170578482723,0.0039675404504672263,0.6320713671218956,13204.36558319299,0.072154546066496808,0.0093793290610198077,0.048650049138206634,-0.063605249712812256,-0.020489622611333382,-0.064623725054541031,0.11532581857543006,207.92948997914851,0.027233388258121778,0.027233388258121778,0.060895174775572228,-0.060895174775572228,0.029021109594149441,0,0.89499999999999758,0,0,15.514689046403111,0,-0.89066733564409895,63498.509102449039,-5699.3551907499832,484573.16819807136,-48749.810673682194,-5951.2425754058613,-486275.37189994444,123591.78015097945,-195470.05826003451,-174293.15111459274
0.023626660124235307,0.0064396586773670418,0.63195658285791045,13199.395047319804,0.072167742819658612,0.0093810444995775875,0.064379344270115352,-0.072051492225356076,-0.02700448432960342,-0.069187541378374837,0.0970292607719941,207.93294118413132,0.031647573864018452,0.031647573864018452,0.071979038831435846,-0.071979038831435846,0.033553205625484181,0,0.87499999999999711,0,0,15.514694339609452,0,-0.89066815080769668,62192.890925254229,-9247.0604457767367,443787.83238441206,-51630.464239907742,-9647.3669339687549,-445131.80907973362,126292.34609597905,-161147.27061521538,-176999.10179566185
0.016556305128456676,0.0095418944876065094,0.63183972868652749,13194.349765065357,0.072181175262644448,0.0093827905753236865,0.080063293817723397,-0.078918790786667761,-0.033393036745082066,-0.072063265853864647,0.079322378735855611,207.93619157343014,0.03552766828604776,0.03552766828604776,0.082480266111917735,-0.082480266111917735,0.037910106209531724,0,0.85499999999999665,0,0,15.514699465213088,0,-0.89066894016016707,61010.81226726286,-13696.494353455097,400606.74965639826,-54236.738349327359,-14278.020739943293,-401559.7033796169,123342.63685800691,-126078.71694939504,-171254.20351012656
0.0092862449940772362,0.013221211797036666,0.63173222294501463,13189.722671588175,0.072193530377630794,0.0093843966098060734,0.095040950068015981,-0.084191768412386389,-0.039357504876158154,-0.073339493574136286,0.062872801824166116,207.938927227915,0.038808190225950223,0.038808190225950223,0.092313854076006258,-0.092313854076006258,0.042165582228458287,0,0.83499999999999619,0,0,15.514704590513713,0,-0.89066972946597311,59994.430315617981,-18971.153891500016,356051.926694414,-56429.458896465752,-19762.671794071855,-356591.31204207253,115695.4860183905,-91007.720945058361,-158597.60348257591
0.0019693633303879614,0.017399209652224659,0.63163423243637984,13185.537061967976,0.072204779365511701,0.0093858588594450797,0.10877576188902455,-0.087891928749787449,-0.044665534664854456,-0.073138205175196189,0.0481625712010193,207.94082512967967,0.0414337768981261,0.0414337768981261,0.10140020441181996,-0.10140020441181996,0.046371726062621292,0,0.81499999999999573,0,0,15.514709715546084,0,-0.89067051873046743,59164.716534364648,-24958.251998934618,311058.78964658099,-58108.828019699155,-25983.84162527417,-311173.83039452345,104289.80583333493,-56518.435544098546,-140596.88334355687
-0.0052513480564312896,0.02198121448011842,0.63154299521004897,13181.694096750802,0.072215228324053637,0.0093872171137180608,0.12084951831891118,-0.090029532072585058,-0.049149051049268318,-0.071518417308759547,0.035404220834217418,207.94156010979643,0.043360118343773686,0.043360118343773686,0.10966576734784768,-0.10966576734784768,0.050559379220110424,0,0.79499999999999527,0,0,15.514714840349951,0,-0.89067130795977167,59737.265040189857,-31521.707384916685,266107.22828014567,-60426.605596214104,-32827.084355587693,-265793.57344133523,89969.950073161715,-21238.744487047425,-118745.99703591742
-0.012235342577758984,0.026864523169332109,0.63145115041525746,13177.902941637711,0.07222570985743286,0.0093885796023759072,0.13095015634357865,-0.090578391442718023,-0.052699629562362994,-0.068528395909307926,0.02482886825077538,207.94080958755825,0.044554705215172997,0.044554705215172997,0.11704363700407287,-0.11704363700407287,0.054739832175376986,0,0.7749999999999948,0,0,15.514719964956379,0,-0.89067209715867024,60894.116294368701,-38513.435576998876,222318.76917259546,-62553.222794166555,-40135.233423399928,-221570.01286669206,73541.458021697559,12894.991814383055,-94412.614498728901
-0.01885382074426336,0.031945333275912556,0.63135890351763058,13174.188176247473,0.072236192124680937,0.0093899421864289574,0.13886581527202707,-0.089617626324786426,-0.055261662053204291,-0.064307315665158529,0.016485683325851694,207.9382614899267,0.044997377410348482,0.044997377410348482,0.12347409296389265,-0.12347409296389265,0.05890726522987464,0,0.75499999999999434,0,0,15.514725089394231,0,-0.89067288633160691,62136.757551101284,-45784.461047238408,180645.96164476636,-64037.590614547,-47745.743246324346,-179470.57686721958,55707.895445523463,44761.099310954589,-68784.165204601872
-0.024990710152124777,0.037124020561509645,0.63126707206155797,13170.599007936115,0.072246573667136299,0.009391291677322576,0.14446681788922036,-0.08724412993193513,-0.056822970767950405,-0.058980118203593682,0.010230936504145947,207.93362181496659,0.044680664299235326,0.044680664299235326,0.128905083683059,-0.128905083683059,0.063042133462422295,0,0.73499999999999388,0,0,15.514730213699542,0,-0.89067367548413301,63415.004528328638,-53192.126450795658,141816.46965385482,-64921.612523419746,-55509.155362521604,-140237.99085506925,37046.905429883875,74050.114752640206,-42838.210942427257
-0.030542269127497867,0.042308797176768394,0.63117671616518634,13167.193560912467,0.072256725756352821,0.0093926113417180917,0.14768997097767975,-0.083564697337345117,-0.05740533707177442,-0.052669958653118583,0.0058198823349268,207.92662016001563,0.043609910799620531,0.043609910799620531,0.13329264782267219,-0.13329264782267219,0.067114607321335895,0,0.71499999999999342,0,0,15.514735337915889,0,-0.8906744646229583,64677.239695131037,-60605.31584910411,106482.73972103154,-65278.765276893566,-63286.681051821703,-104538.04239422736,18024.1519762807,100516.88260568556,-17342.350364288683
-0.035417075350170593,0.047417887129740557,0.63108911969629344,13164.037845587369,0.0722664946439803,0.009393881193953511,0.14852398144845577,-0.078695106606970225,-0.05705536146596054,-0.045501129912716237,0.0029405678394462146,207.91701450738179,0.04180318717517411,0.04180318717517411,0.13660127009573228,-0.13660127009573228,0.071087902184822541,0,0.69499999999999296,0,0,15.514740462094435,0,-0.89067525375596179,65873.079879591009,-67907.562365480146,75222.226952776982,-65204.559914390629,-70953.624951452963,-72959.108955625517,-997.48007558871859,123967.97490828241,7133.068666091156
-0.03953628512758784,0.052380412115347601,0.63100575770631739,13161.204194743455,0.072275705378149896,0.0093950784921333179,0.14699653681842484,-0.072759625438958489,-0.055836203659812601,-0.037601557387336386,0.0012476540409849628,207.90459526083268,0.039290984077838237,0.039290984077838237,0.1388041687468361,-0.1388041687468361,0.074921304243549938,0,0.67499999999999249,0,0,15.514745586293888,0,-0.89067604289218538,66955.690561298936,-74998.289528932888,48535.942806050283,-64806.46125948539,-78400.989475323266,-46010.358650974631,-19743.748741386662,144250.90678585289,30191.139706328991
-0.042834100984943009,0.057136225026682828,0.63092825256586582,13158.769270490704,0.072284166911428416,0.0093961784021085945,0.14316356223400847,-0.065890736699818042,-0.053820582469143063,-0.029104551844223114,0.00039506599169029076,207.88918851510221,0.036115697981103624,0.036115697981103624,0.13988351233800664,-0.13988351233800664,0.07857275383492239,0,0.65499999999999203,0,0,15.514750710580294,0,-0.89067683204179959,67883.733661077,-81792.528810676566,26845.719748351334,-64193.865734553685,-85535.567602910058,-24118.996884665652,-38012.10616309163,161245.14118799084,51577.721027797612
-0.04525836878028959,0.061634946425885184,0.63085832135254927,13156.811749249217,0.07229167821179501,0.0093971547918394582,0.13710089318482094,-0.058228940441599722,-0.051085242494971039,-0.020149758865231317,6.6169885190965594e-05,207.87065854925024,0.03233091568811066,0.03233091568811066,0.13983056408587335,-0.13983056408587335,0.082000908664974767,0,0.63499999999999157,0,0,15.514755835026635,0,-0.89067762121604399,68622.932870628632,-88219.48211819776,10490.678185770195,-63468.726168212968,-92278.861506038811,-7626.9776124569044,-55653.768908053622,174855.06845661704,71147.630014478884
-0.046771228652135122,0.065834457847716479,0.63079771715287547,13155.409795706179,0.072298035073244851,0.009397981116701629,0.12889837755255051,-0.049922529252902505,-0.047706950190622877,-0.010883395305258921,7.9149965831504169e-08,207.84890954440996,0.028000509989368722,0.028000509989368722,0.13864575258186213,-0.13864575258186213,0.085166660790299401,0,0.61499999999999111,0,0,15.514760959712284,0,-0.89067841042714246,69147.235883192203,-94220.296143040177,-276.65097366594085,-62717.369592007606,-98565.169322361777,3212.4631115266557,-72556.30544573412,185005.28020333961,88830.848494212391
-0.047349757162813151,0.069699091285909495,0.63074816705562631,13154.638440382139,0.072303037306863882,0.0093986313542502049,0.11865624461833828,-0.041127249609961683,-0.043759967231869507,-0.0014579238367725658,1.2690012053159417e-05,207.82388653481024,0.023197561731965886,0.023197561731965886,0.1363386683229473,-0.1363386683229473,0.088034122282723157,0,0.59499999999999065,0,0,15.514766084722275,0,-0.89067919968819054,69439.551341302198,-99745.3944712589,-5294.1870204733632,-62003.978972598139,-104339.16872815565,8238.1967443861195,-88627.901316835923,191638.48514615092,104601.24934043223
-0.04698655303226941,0.073197731606152561,0.63071130971374201,13154.566978196232,0.072306495979308646,0.0093990809451456117,0.10648344958897044,-0.032005761044554278,-0.039314862344132805,0.007968692372370835,1.1169260170990377e-05,207.79557561406071,0.018003126491658861,0.018003126491658861,0.13292798608104825,-0.13292798608104825,0.090571125695906765,0,0.57499999999999019,0,0,15.514771210146407,0,-0.89067998901301726,69492.041944617333,-104751.68062518773,-4493.8833877440602,-61366.108793963678,-109553.29971303736,7384.3543258197606,-103784.1450282111,194716.32872343709,118449.74619127202
-0.045690230351098197,0.076302021579163659,0.6306886354041854,13155.256506865881,0.072308240357071202,0.0093993076958347049,0.092497614855336738,-0.022726796268902609,-0.034438460428391729,0.017234065303391912,8.6031896889266137e-07,207.76400342632581,0.012504866661746385,0.012504866661746385,0.12844131373945336,-0.12844131373945336,0.092749307977959938,0,0.55499999999998972,0,0,15.514776336078214,0,-0.89068077841602544,69305.964053286763,-109199.88612175306,2095.150806952629,-60812.486214504395,-114165.21488776694,683.1319813172438,-117937.89384991185,194223.19488720121,130363.20967836988
-0.043485788182649927,0.07898482992048933,0.63068143149863654,13156.757722438966,0.072308124215072503,0.0093992925986012936,0.076826137138208281,-0.013463917563220495,-0.029194685753926745,0.026172769578205586,8.3922257464056219e-05,207.72923598119488,0.0067955720438854931,0.0067955720438854931,0.12291496881987093,-0.12291496881987093,0.094543861792305797,0,0.53499999999998926,0,0,15.514781462613774,0,-0.89068156791201381,68891.057519102411,-113052.29551761162,14344.148516935005,-60323.221597949596,-118135.52708818989,-11732.864109746453,-130992.53240106953,190172.81539267005,140309.99440067282
-0.040414823337572313,0.081219112002857807,0.63069073614568982,13159.109084632986,0.072306031179916949,0.0093990205261328154,0.059608006586124661,-0.0043937650358331004,-0.02364603012518848,0.034618092296445635,0.00044945338335659484,207.69137683271131,0.00097159390767431806,0.00097159390767431806,0.11639368450901563,-0.11639368450901563,0.095933047745235145,0,0.5149999999999888,0,0,15.514786589850493,0,-0.89068235751598235,68264.506568527067,-116271.03660179327,32022.979897400633,-59852.418629898806,-121426.04284057062,-29628.907425698315,-142838.72480761283,182617.21972972783,148232.47500026214
-0.036535046866525075,0.08297725875537483,0.63071509043215945,13162.243116844074,0.0723021324127857,0.0093985137275754173,0.040991308386612212,0.004328129208537426,-0.017855008245798377,0.042422060251705022,0.0013554818030124438,207.65056470644316,-0.0048687810538548771,0.0048687810538548771,0.10893024756430897,-0.10893024756430897,0.096897666497936005,0,0.49499999999998856,0,0,15.514791717884544,0,-0.89068314724274089,68271.646105676249,-118816.24198296205,54802.240349716369,-60151.937482394373,-124065.93380333393,-52640.203788563114,-153450.02487232132,172849.02553018471,154068.90113461783
-0.031916460755142498,0.084230985300734251,0.63075083728937587,13165.998902914223,0.072296852137839152,0.0093978273475902839,0.021135779875389036,0.012568380168988926,-0.011886157287887132,0.049466304532184202,0.0031054520193089024,207.60697080028379,-0.010626989431360385,0.010626989431360385,0.10058507102967763,-0.10058507102967763,0.097420415183873732,0,0.47499999999998876,0,0,15.514796846801142,0,-0.89068393710541327,68266.841553342689,-120645.88565464993,82275.685448276243,-60470.731333349067,-125961.54215023524,-80386.941403390781,-162601.66169661304,159893.994624493,157690.82397701999
-0.026643791090344711,0.084951799424046015,0.63079819236059287,13170.375617877477,0.072290171534963837,0.0093969589397614028,0.00022872477484043018,0.020149270424086964,-0.0058086831454707694,0.055585212945263349,0.0060189921244591408,207.56079537426461,-0.016205854476238585,0.016205854476238585,0.091425705220117073,-0.091425705220117073,0.097484859705150834,0,0.45499999999998897,0,0,15.514801976678667,0,-0.8906847271160705,68099.23653497234,-121718.77250429291,113944.91016762567,-60541.006567164579,-127058.0228668786,-112371.94266675507,-170136.26741731464,143698.91726904016,158979.60780866983
-0.020818043181846636,0.085111989630762275,0.63085723331677268,13175.365374275132,0.072282088468121272,0.0093959082264263236,-0.021524648922155932,0.02690047629008311,0.00030322677149799095,0.060621001748721065,0.010396625586436604,207.51226394658011,-0.02151122607609041,0.02151122607609041,0.081526290933371465,-0.081526290933371465,0.097075282747164149,0,0.43499999999998917,0,0,15.514807107591995,0,-0.89068551728624301,67783.213328525817,-121994.49430843363,149208.44202247472,-60260.802374794708,-127315.09514999793,-147986.08740546522,-175921.98399563073,124550.24618693419,157828.77918576941
-0.014555139640914835,0.08468610847285904,0.63092784964544224,13180.951323429925,0.072272623114164658,0.009394677830362904,-0.043902268313343068,0.032665797059480063,0.0063698342104026341,0.064432251376929511,0.016482641714618031,207.46162309461212,-0.02645356965203172,0.02645356965203172,0.070966959314727476,-0.070966959314727476,0.0961764229318261,0,0.41499999999998938,0,0,15.514812239611571,0,-0.89068630762677947,67332.362692000781,-121435.52453758883,187369.28756658608,-59540.519087497079,-126695.63543576795,-186522.45483301699,-179841.73373659106,102826.24338694669,154158.57631465726
-0.0079839686295386635,0.083652868325465146,0.63100977328181973,13187.109153850641,0.072261814301990662,0.0093932727989176883,-0.066667256227346997,0.037308631988362054,0.012306087694094895,0.066899853900015308,0.024429351714757797,207.40913580849761,-0.030949477163278831,0.030949477163278831,0.059833183232736169,-0.059833183232736169,0.094773470613990718,0,0.39499999999998958,0,0,15.514817372802616,0,-0.89068709814772584,66757.719187832699,-120009.95094680591,227646.18255799223,-58312.504701040605,-125168.25659246105,-227187.86316116879,-181803.64640378981,78996.270978838205,147937.11101159488
-0.0012438220193533396,0.081997296342368853,0.6311026218787259,13193.809140787083,0.072249714387656538,0.00939169993782526,-0.089571408107080253,0.040717412834327581,0.0180228085974798,0.067933184470419586,0.034266507861887584,207.35507644400985,-0.034923074718974954,0.034923074718974954,0.0482150854161746,-0.0482150854161746,0.092852381946950377,0,0.37499999999998979,0,0,15.514822507224546,0,-0.89068788885822914,66066.304556502946,-117694.60362410976,269188.73192327615,-56539.279520667915,-122710.35195102924,-269118.61531634827,-181751.25267435954,53613.939774267223,139200.96252443708
0.0055212624366032907,0.0797129364188809,0.63120259219300934,13200.878111759912,0.072236767482954017,0.0093900169769288687,-0.11236679551872295,0.042845487482645446,0.023429437538424868,0.067542019191472943,0.045772686071096989,207.29972510009927,-0.038307303042100845,0.038307303042100845,0.036206708952555455,-0.036206708952555455,0.090400686773947608,0,0.35499999999998999,0,0,15.514827642928699,0,-0.89068867976619759,66533.427867929757,-114477.05521890728,310695.20683188754,-55490.223633290159,-119411.50551426898,-311006.32176163606,-179813.322449208,29241.91234795882,128105.77082329482
0.012171885746823466,0.076803721438660932,0.63130267427337872,13208.008485013917,0.072223784040505834,0.0093883292665113711,-0.13481026937446053,0.043715099941353641,0.02843728066265757,0.065754835475146059,0.058741292042984464,207.24336059065519,-0.041045049176088609,0.041045049176088609,0.023905256053160406,-0.023905256053160406,0.087408614117101088,0,0.33499999999999019,0,0,15.51483277994506,0,-0.89068947087624872,67139.636914731585,-110358.66124991902,351625.07582933677,-54189.920756056163,-115184.83459934431,-352310.75100921519,-175873.01952567996,4723.0576118252366,114830.56352355373
0.018567591500893071,0.073285557061750675,0.63140264194518814,13215.176424047871,0.07221079747071682,0.0093866411495725881,-0.15664736851991634,0.043300708851490365,0.032961307514736235,0.06256430422110873,0.07282812049176364,207.18625602332347,-0.043090110335217195,0.043090110335217195,0.011410301246437677,-0.011410301246437677,0.083869523995500947,0,0.3149999999999904,0,0,15.514837918290606,0,-0.8906902621909969,67559.066841287713,-105360.58641987439,391205.81730077398,-52389.609593123707,-110024.45230089266,-392246.12283073063,-169984.36365897569,-19766.886833257176,99685.658042705254
0.024570376575896113,0.06918742759448053,0.63150271879283204,13222.37738684404,0.072197789461236228,0.0093849502457002947,-0.17763628437417084,0.041609696007382464,0.036925450460339654,0.058015603559310007,0.087529269995468645,207.12867408467156,-0.044407973632645641,0.044407973632645641,-0.0011770146314008065,0.0011770146314008065,0.079781638150141221,0,0.2949999999999906,0,0,15.514843057977266,0,-0.89069105371227841,67749.279414530974,-99523.02148183102,428582.18724501802,-50159.250178510934,-103968.57267979604,-429944.26779088523,-162291.74099258072,-43581.36043721866,83089.434691342176
0.030049189311097738,0.064551737350430891,0.63160347223963265,13229.622019749479,0.072184702017248095,0.0093832490161808238,-0.19755556819515602,0.038685779729694017,0.040266833595688827,0.052198565387405513,0.10224482203878486,207.07086157960265,-0.044976398527227776,0.044976398527227776,-0.013754803124315216,0.013754803124315216,0.07514941325314678,0,0.27499999999999081,0,0,15.514848199012921,0,-0.89069184544130831,67667.441072120084,-92905.664097196553,462937.4998504644,-47596.867462724324,-97077.183708939614,-464577.26201490464,-152989.52173100045,-66093.338447159433,65548.309208962135
0.034884293799663131,0.059433820466572966,0.63170583029297978,13236.937176821813,0.072171435467276515,0.009381524504774804,-0.21621053533563472,0.034607549230023113,0.042939702984447436,0.045245482698372752,0.11631887676608574,207.01304411549367,-0.044785792159612307,0.044785792159612307,-0.02622125289600644,0.02622125289600644,0.069984797255557299,0,0.25499999999999101,0,0,15.51485334140261,0,-0.89069263737886162,67273.207295077256,-85587.033976069011,493521.15514890832,-44820.245904565862,-89431.865766096191,-495385.75103322184,-142313.5062875911,-86726.625144342164,47636.962193069208
0.038971266627346637,0.053900582898062127,0.63181107734797315,13244.366048120652,0.072157848876664862,0.0093797583914650932,-0.23343840410068581,0.029485118815764599,0.044918716872166871,0.037326224834309585,0.12908722852334895,206.9554211048216,-0.043839371243376418,0.043839371243376418,-0.038475453845237359,0.038475453845237359,0.064308265053737865,0,0.23499999999999094,0,0,15.514858485149794,0,-0.89069342952547248,66531.777905551076,-77662.516252451111,519673.92223828379,-41956.635337865118,-81134.093592291974,-521704.73350789165,-130528.58667457425,-104984.35374602403,29971.078703545325
0.042224368949793561,0.048028327146775227,0.63192082817891537,13251.967348590431,0.07214376297143596,0.0093779273725277373,-0.24911166947658889,0.023455108219271204,0.046201236495130069,0.028640927979165315,0.13992772513859519,206.89816126429648,-0.04215310777908355,0.04215310777908355,-0.050418213926075546,0.050418213926075546,0.058149506849146292,0,0.21499999999999081,0,0,15.514863630257736,0,-0.89069422188164205,65416.799303847052,-69241.208265654277,540849.31722288602,-39131.591082581195,-72302.01524724545,-542985.1044588997,-117913.52188996472,-120472.04852588642,13174.576246741535
0.044579079150797445,0.041899895917248464,0.63203698143736542,13259.813611623098,0.072128965425678593,0.009376003847836361,-0.26313935116255854,0.016674319593100454,0.046808334576049368,0.019410804874613351,0.14830785639834215,206.84139877539249,-0.039755459507406894,0.039755459507406894,-0.061952862061279347,0.061952862061279347,0.051547668109248865,0,0.19499999999999068,0,0,15.514868776730834,0,-0.89069501444804766,63912.788295456463,-60441.771397959317,556629.69414338411,-36458.184370186042,-63065.879014592028,-558809.59578028601,-104744.12096555858,-132913.12762351945,-2155.9956504117504
0.045993638312876423,0.035601342513656882,0.63216165606621322,13267.988720435644,0.072113218126667378,0.009373956865251061,-0.27546594736085389,0.009312606833383974,0.046784353091016098,0.0098678320469092681,0.15382443884465921,206.7852302595627,-0.036686889650248355,0.036686889650248355,-0.072986030649616909,0.072986030649616909,0.044551079198788306,0,0.17499999999999055,0,0,15.514873924575909,0,-0.89069580722574071,62016.800945648218,-51387.594615187685,566736.10777682578,-34027.747815143615,-53562.4473107105,-568902.24200174259,-91276.375714199981,-142155.55861650803,-15486.810415093769
0.046449543972048514,0.029218383187559115,0.63229711571394964,13276.584883034096,0.072096265839389412,0.0093717532469153493,-0.28606814699395777,0.0015454997694283035,0.046194979846807371,0.00024418886115163692,0.15623135627671389,206.72971268447941,-0.032999184044804515,0.032999184044804515,-0.083428411333086983,0.083428411333086983,0.037216460616797974,0,0.15499999999999042,0,0,15.514879073803407,0,-0.89069660021632968,59739.161652266863,-42201.644742870718,571031.55169686768,-31903.080160991896,-43928.865328761523,-573131.07362489135,-77731.137308094854,-148169.39202670645,-26378.788736225124
0.045951016132990609,0.022832903575118371,0.63244568725011274,13285.699301933797,0.072077845573935526,0.0093693588069181238,-0.29494957342223915,-0.0064528548094589053,0.045123956031180745,-0.0092376765998539896,0.1554529700456698,206.67486227653757,-0.028754577194770065,0.028754577194770065,-0.093195477906456672,0.093195477906456672,0.029607639846928654,0,0.13499999999999029,0,0,15.514884224428421,0,-0.89069739342213838,57103.186067556104,-33001.401341454759,569517.74910367548,-30114.673668029453,-34296.517469402839,-571504.32038001402,-64281.771014116268,-151035.92548840167,-34513.574998680437
0.044523541804393281,0.016519776674285749,0.63260967971932114,13295.430802447936,0.072057695929726301,0.009366739565944358,-0.30213402168530223,-0.014515938886011904,0.043668654716300492,-0.018373589859750301,0.15158271570335943,206.62065447484181,-0.024024701987623954,0.024024701987623954,-0.10220817051750199,0.10220817051750199,0.021793861259328504,0,0.11499999999999026,0,0,15.514889376471521,0,-0.8906981868463355,54143.955187829626,-23894.250168866547,562326.20140673104,-28660.115896451978,-24785.395202164007,-564160.91835974599,-51045.875667169836,-150930.13109341179,-39711.431474765806
0.042211670481864354,0.010344207439132828,0.63279130954196905,13305.876664239653,0.072035565748329103,0.0093638628760499606,-0.30765778351343764,-0.022489916790619138,0.041934866844406532,-0.02698423246031997,0.14486820996491101,206.56702490726681,-0.018889380802793652,0.018889380802793652,-0.11039353561966729,0.11039353561966729,0.013847805397271247,0,0.094999999999990301,0,0,15.51489452995944,0,-0.89069898049303697,50906.305477833957,-14973.645088705929,549704.61635061877,-27506.428438304534,-15499.419979034645,-551356.50136432401,-38081.677594921777,-148098.58510901761,-41939.899579631958
0.03907627633576656,0.0043597569348462874,0.63299263662220129,13317.129855200257,0.072011221535763142,0.0093606983854830454,-0.31156171470171395,-0.030237266743138605,0.040031185937232268,-0.0349194435409916,0.13568561305206897,206.51387133081946,-0.013435278412211748,0.013435278412211748,-0.11768531649702724,0.11768531649702724,0.0058434544432626597,0,0.074999999999990338,0,0,15.514899684925506,0,-0.89069977436737613,47442.274817604368,-6316.2561212597311,532000.1020144904,-26594.798680098775,-6523.0322246977103,-533446.28577622247,-25389.18272453091,-142835.406847598,-41313.02392419723
0.035191533423724983,-0.0013928728721989431,0.63321495916480508,13329.253424932214,0.071984516419404579,0.0093572270023534361,-0.3138836752264208,-0.037634376186807858,0.038063393534636579,-0.04205869192926194,0.124507120684388,206.46105644108152,-0.0077544394072024611,0.0077544394072024611,-0.12402448958152437,0.12402448958152437,-0.0021460547229259943,0,0.054999999999990376,0,0,15.51490484140991,0,-0.8907005684755418,44585.058314375055,2019.7802705035729,509639.79764929088,-26623.294051352375,2081.8796093723463,-510892.84226381063,-12913.799272277607,-134310.90180395171,-38082.169884693845
0.030647417444247316,-0.0068863602595718278,0.63344588468235574,13341.735605913471,0.071956858716153788,0.0093536317929868336,-0.31464994020950093,-0.044439779647737564,0.036129891069319409,-0.048184441832579097,0.11187817960398447,206.40841187905781,-0.0019427348343927905,0.0019427348343927905,-0.1293597422212463,0.1293597422212463,-0.010050265372248991,0,0.034999999999990414,0,0,15.514909999446139,0,-0.89070136282269097,43906.141040672344,9995.1401805684236,483127.9762793628,-29011.378098652178,10297.254302068064,-484244.35980893031,-519.96116587563347,-120915.48873921733,-32629.369056522883
0.025553275078698957,-0.012106957275205993,0.63368039616370897,13354.375795621574,0.071928814807822664,0.0093499863810379835,-0.31386787679683747,-0.050518280223000409,0.034317739767506072,-0.053180223687368113,0.098397988936914108,206.35574298458315,0.0039017557444500995,0.0039017557444500995,-0.13364788803243027,0.13364788803243027,-0.017802901586033055,0,0.014999999999990417,0,0,15.514915159044342,0,-0.89070215741038816,43698.500796826003,17589.173120672564,453106.29261737416,-31891.066757907367,18116.926997401813,-454069.36387476552,11939.287996250281,-105803.81756025224,-25443.832792634734
0.020024129836450518,-0.01705380843887214,0.63391568888513883,13367.067432851733,0.071900697853340148,0.0093463314738607955,-0.31152510287878249,-0.05579259847432682,0.032697155800888243,-0.057010167728877285,0.084647458396837988,206.3028335168479,0.0096803994639516975,0.0096803994639516975,-0.13685421647311358,0.13685421647311358,-0.025344006331974898,0,0,0,0,15.514920320211111,0,-0.89070295223964657,43782.783872296342,24799.580795332779,420259.04201386252,-34930.059896468374,25542.601639450713,-421042.84839284391,24611.665164921862,-89735.669979205384,-17089.495613370342
0.014175533423684607,-0.021737444711805602,0.63415126524818932,13379.8019772345,0.071872558114476542,0.0093426736049546585,-0.30758930414862989,-0.060232964714330012,0.031318281814721967,-0.05969179153944433,0.071149610254978124,206.24945125121363,0.015295674704333071,0.015295674704333071,-0.13895277380879484,0.13895277380879484,-0.032621281812789629,0,0,0,0,15.51492548295376,0,-0.89070374731159363,44085.344412000886,31640.620855319314,385280.59820272541,-37921.462963283841,32591.373061477374,-385856.9046682677,37648.662289756845,-73187.428416737341,-8176.803348919786
0.0081197756010748887,-0.026177764135984084,0.6343879335318422,13392.626623043358,0.07184429749445119,0.0093390000227739616,-0.30200879004953218,-0.063839670445620389,0.030209236228073595,-0.061273322358293539,0.058343871543053795,206.1953536710493,0.020652816886996096,0.020652816886996096,-0.13992657319581975,0.13992657319581975,-0.039590986393225995,0,0,0,0,15.514930647283846,0,-0.89070454262800913,44317.318302640102,38140.390209472585,348849.64522015734,-40469.841046586254,39287.318430384366,-349189.75874631782,51184.923755218217,-56849.948925305405,672.00558325188149
0.0019629977804661073,-0.030401701474493479,0.63462707814595043,13405.613346680982,0.071815752833128021,0.0093352895182239274,-0.29471417768407238,-0.066630765271906076,0.029375417323983934,-0.061821649806466858,0.046572172729171434,206.14029347183319,0.025661417741696068,0.025661417741696068,-0.13976773218196425,0.13976773218196425,-0.046218373764962448,0,0,0,0,15.514935813220664,0,-0.89070533819186459,44512.463483689804,44337.520230628172,311609.77777645044,-42532.393989727389,45670.07820970584,-311693.86925202585,65343.903199881999,-40837.393649350946,8849.7641771194612
-0.0041939147767229264,-0.034440779829998908,0.63486772224256027,13418.7345438171,0.071787028444925946,0.0093315556510774906,-0.28561930953782311,-0.068605997291712906,0.02880009203375386,-0.061358997932022034,0.036006070982443426,206.08402368393033,0.030236951055728795,0.030236951055728795,-0.13847753651121178,0.13847753651121178,-0.052477677876091547,0,0,0,0,15.514940980790428,0,-0.89070613400719534,45683.812186074436,50277.231851190882,273853.12945649889,-45073.602793244514,51820.491279877904,-273666.50190759153,80269.201793568922,-23698.021716969939,15780.839248461532
-0.01024891703545637,-0.038328859422828654,0.63510412927392901,13431.761090167549,0.07175876617294058,0.0093278818541594356,-0.27462255188915263,-0.069716050176689678,0.028446505732982377,-0.059888583949727375,0.026856996374299898,206.02630131059777,0.034302199156263501,0.034302199156263501,-0.13606642971625491,0.13606642971625491,-0.058351590861559208,0,0,0,0,15.514946150014163,0,-0.89070693007724266,47310.976693862722,56007.433861511694,236376.82283204052,-47550.246976417206,57779.230398280713,-235901.88232125837,95996.594919171112,-6543.9865327938633,20967.841045639048
-0.01610655461284444,-0.042100029083649494,0.63533687707497977,13444.730147332142,0.071730893201258181,0.0093242586621698868,-0.26162278698918157,-0.069991941057878315,0.028260637299716888,-0.057498197768464425,0.019245830298568838,205.96689257373123,0.037788556052204075,0.037788556052204075,-0.13255392858296525,0.13255392858296525,-0.063830396665748954,0,0,0,0,15.514951320911415,0,-0.89070772640501328,48931.570653529445,61577.394109853529,199927.28408747321,-49510.564717215064,63582.243966723734,-199155.7059893421,112515.7037544068,9821.3401458019453,23993.820565557511
-0.021679008015364876,-0.045786403665999301,0.63556697117882444,13457.69639973341,0.07170328903860837,0.0093206704125160401,-0.24652046053106139,-0.069471848907254705,0.028173097444873719,-0.054259750921920293,0.013150273989061455,205.90557792724019,0.040637185243478313,0.040637185243478313,-0.12796846517110699,0.12796846517110699,-0.068911479651528704,0,0,0,0,15.514956493508425,0,-0.89070852299455061,50537.923097026331,67033.837120538228,165057.32934878743,-50983.649448460303,69276.726042510374,-163990.67558725816,129790.51226621306,25358.694073702718,24534.349232107081
-0.026885169411495883,-0.049416086235412326,0.63579541086795133,13470.713527603375,0.071675834706167826,0.0093171016392072439,-0.22922336998486362,-0.068193277034734906,0.028102577441988599,-0.050236834837116037,0.0084762111712658288,205.842155550943,0.042800012658319897,0.042800012658319897,-0.12234715667006313,0.12234715667006313,-0.07359827214583245,0,0,0,0,15.514961667838039,0,-0.8907093198509114,52118.423203668339,72417.873349296278,132281.17513992445,-52016.103600188122,74903.911364635875,-130930.19797817472,147735.00744786291,40029.735925231595,22373.861615146307
-0.031649841089961953,-0.053011364527950536,0.63602320137137791,13483.834563332137,0.071648411431942158,0.0093135369031384172,-0.20965318025856897,-0.06619344089030918,0.027959679617210437,-0.045485490560379524,0.0050736907134392249,205.77644417958643,0.044240537961522851,0.044240537961522851,-0.115735504952485,0.115735504952485,-0.077899042101185118,0,0,0,0,15.51496684393932,0,-0.89071011698011249,53657.975619070399,77762.321787572422,102079.75657874801,-52667.739318558022,80496.23377876803,-100463.42281155616,166212.3632575956,53783.117806482631,17412.592102298295
-0.035903087760941213,-0.056587142737085525,0.63625136514133929,13497.112241347808,0.071620899443254296,0.0093099606351262978,-0.18775187670120336,-0.063510557005567944,0.027650922274842105,-0.040056345770366868,0.0027530629735255147,205.70828531244973,0.04493445054185722,0.04493445054185722,-0.1081870282578382,0.1081870282578382,-0.08182560667833734,0,0,0,0,15.514972021857213,0,-0.89071091438907579,55138.534986380073,83089.366058629239,74905.0558411354,-53007.294440478916,86074.838378390778,-73049.415584705683,185035.7743381763,66544.710363996477,9670.0138549990879
-0.039579867234546304,-0.060149601526634726,0.63648095149502537,13510.599308771414,0.07159317693841187,0.0093063570022370659,-0.16348796381847558,-0.060185823213706101,0.027082808521933611,-0.033997891860894587,0.0013011252341534527,205.6375448466666,0.044870039783112013,0.044870039783112013,-0.099762827987194602,0.099762827987194602,-0.085392010885859931,0,0,0,0,15.514977201642157,0,-0.89071171208556787,56539.722434724601,88408.533994636382,51182.622020654198,-53108.175531083252,91647.443746381527,-49119.625807808421,203970.62121877383,78212.311544114084,-714.69929848609934
-0.042620039333941609,-0.063695080903611173,0.63671304381570437,13524.348759411281,0.071565119328940816,0.0093027098092847028,-0.13686226047413744,-0.056265846410653249,0.026165880166944835,-0.027360638377740391,0.00049732205517935058,205.56411419137865,0.044048392694943629,0.044048392694943629,-0.090531094115865685,0.090531094115865685,-0.088613199208593493,0,0,0,0,15.514982383349691,0,-0.89071251007814234,57839.536784637683,93714.992680512572,31311.619375069709,-53044.196519669989,97206.556493336393,-29077.96359358148,222737.72544968335,88654.864415542019,-13484.8139003592
-0.044968824886694153,-0.067209191331583887,0.63694876339064843,13538.413948363494,0.071536598856588876,0.0092990024490455011,-0.10791317282082585,-0.051805250149224734,0.024818701836694011,-0.02020184957894049,0.00013005389175284448,205.48791092728848,0.042483375568269886,0.042483375568269886,-0.080566553227330404,0.080566553227330404,-0.091503699534297683,0,0,0,0,15.514987567040057,0,-0.89071330837607665,59015.17394316331,98988.166294654366,15661.918510801162,-52885.284914640586,102728.05866479316,-13297.974124619581,241017.56585878244,97715.983514684602,-28270.628474645902
-0.046577755215864075,-0.070666176773249559,0.63718926888719285,13552.848540720452,0.07150748469741891,0.0092952179157890901,-0.076721341084523997,-0.046869178687966785,0.02297173269045219,-0.012590531914540275,1.2975471456184373e-05,205.40887908191692,0.040201399964796831,0.040201399964796831,-0.069949863636366225,0.069949863636366225,-0.094076334071547238,0,0,0,0,15.514992752777786,0,-0.89071410698930908,60043.959108098505,104190.71078838855,4567.9446547166735,-52693.175969333293,108170.21647010183,-2116.7979141545211,258455.45987562469,105221.41713198209,-44596.627686627755
-0.047406117106022015,-0.074028576853573461,0.6374357504955982,13567.706248715796,0.071477643661496712,0.0092913388962304593,-0.043413553812558313,-0.041535406394919469,0.020571040736156239,-0.0046122973400951877,8.3802952911030564e-07,205.32698909402419,0.037240976989889235,0.037240976989889235,-0.058766962497580247,0.058766962497580247,-0.096340972384632795,0,0,0,0,15.514997940631281,0,-0.89071490592837299,60904.378674276799,109267.91422639953,-1680.7772107702142,-52517.201698199162,113473.19179411775,4174.1709315481621,274667.84796226415,110989.93933397923,-61891.579018487908
-0.047422857863769909,-0.077247260632600151,0.63768941795472689,13583.04031979197,0.071446941574471026,0.0092873479491207851,-0.0081658036272287265,-0.035895762928789959,0.017581796388132846,0.0036263254209390507,3.9933492032816582e-06,205.24223753529293,0.03365206737097004,0.03365206737097004,-0.047108370184190708,0.047108370184190708,-0.098303347686078138,0,0,0,0,15.515003130672341,0,-0.8907157052043263,61577.173949258155,114147.62965647802,-2852.1829205153663,-52390.393983208094,118559.17037138472,5341.759477451581,289249.93322926806,114847.04753501259,-79502.178634626616
-0.046608869117209843,-0.08026192706693594,0.6379514820698049,13598.902754748004,0.071415245382119449,0.0092832277788161607,0.028794675253688562,-0.030056598575325444,0.01399144812066618,0.011994616985385695,2.0632748220611903e-07,205.15464665167161,0.029495238309664079,0.029495238309664079,-0.035068457567790493,0.035068457567790493,-0.099963968987667393,0,0,0,0,15.515008322975687,0,-0.8907165048286757,62046.430157949399,118740.88223871993,1213.1570084561201,-52326.240616986986,123333.2454700224,1226.1585649484027,301784.99876488117,116640.71428099046,-96710.988466189607
-0.044959516506818384,-0.083002181580041939,0.63822312993973229,13615.343262042814,0.071382425949224143,0.0092789615991018919,0.067188589788222008,-0.02413804555221228,0.00981243690991759,0.020335966657945244,4.2019477412855978e-05,205.06426376810435,0.024840641336828981,0.024840641336828981,-0.022744682130121586,0.022744682130121586,-0.10131717763022514,0,0,0,0,15.515013517618415,0,-0.89071730481329403,62300.566633072842,122943.31600724354,10585.075577150348,-52316.534908692745,127685.20598702194,-8242.0704821178406,311855.72795202705,116258.28350549949,-112759.39806711387
-0.042487227133797136,-0.085389297993991281,0.6385054949134692,13632.407989593907,0.071348361433113003,0.0092745335717172236,0.10668523539266347,-0.01827188639603064,0.0050842536025992547,0.028468304475696427,0.00025770634949693651,204.97116058024304,0.019766828420407823,0.019766828420407823,-0.010236799090176709,0.010236799090176709,-0.10235041508676057,0,0,0,0,15.515018714679384,0,-0.8907181051703259,62333.114090751063,126637.6488069864,25226.246537643732,-52330.81273431849,131492.36576991764,-23024.30248207472,319057.76610753546,113643.39918931182,-126876.14292406211
-0.039223891743783032,-0.087338754121848119,0.63879962320851846,13650.138116467755,0.071312941008958991,0.0092699292906049131,0.14690488236300869,-0.012597926213157173,-0.00012540640876524742,0.036187193876410777,0.00084398215557009539,204.87543232402271,0.014359426305720844,0.014359426305720844,0.0023539460678089598,-0.0023539460678089598,-0.10304378664064563,0,0,0,0,15.515023914238542,0,-0.8907189059120838,62143.160127668874,129697.27713537152,44975.572994735674,-52317.842708328884,134623.53092021713,-42957.030508487842,323015.5695167277,108811.6132490063,-138311.47789702259
-0.035222791437158125,-0.088763582466655153,0.63910644001683381,13668.5684272666,0.071276068624051531,0.0092651362699268675,0.18742318089440957,-0.0072588861863974556,-0.0057206715891538473,0.043271993685551506,0.0020492326238621028,204.77719678071597,0.0087096914603091071,0.0087096914603091071,0.014925637129371174,-0.014925637129371174,-0.10337001839013647,0,0,0,0,15.515029116376196,0,-0.89071970705093506,61735.36190866468,131991.10769494824,69534.403608143606,-52209.496972549081,136944.13057536096,-67737.83457201242,323400.28638355172,101863.07125605483,-146376.42702515947
-0.030559729669796781,-0.089578502425014986,0.63942671860627864,13687.726024101916,0.071237666382840709,0.0092601443840841513,0.22777782876987107,-0.0023939911228325586,-0.011578991638311801,0.049495262144422777,0.0041471384899155932,204.67659304038111,0.0029129700103903851,0.0029129700103903851,0.027376512114076192,-0.027376512114076192,-0.10329490807026799,0,0,0,0,15.515034321172196,0,-0.89072050859917618,61119.47021176992,133389.58510990546,98457.668345129947,-51927.067946578194,138322.43469997103,-96916.289569212502,319949.01702081127,92990.483373897732,-150485.63550727794
-0.025332962977011039,-0.089704698881316589,0.63976023700327889,13707.594239957511,0.071197768303572953,0.0092549580550895776,0.26747942465001645,0.0018760954025011855,-0.017554505478398291,0.054640536839182574,0.0074022068633263901,204.57377994046223,-0.0029329113406348752,0.0029329113406348752,0.039605786991329016,-0.039605786991329016,-0.10277839393274432,0,0,0,0,15.515039528704841,0,-0.8907213105688655,60825.312592025533,133771.39421256329,131152.2990739035,-51903.44075864186,138682.53183938641,-129879.24512366472,312550.30043346196,83240.216017010927,-150217.07092317854
-0.019658868149136491,-0.089074925008493094,0.64010235699572482,13727.965784554506,0.07115689997555745,0.0092496456040032961,0.3060306601363047,0.0054934511659640072,-0.023484125084182347,0.058557532837098379,0.0120330206959371,204.46893452889299,-0.008729296256425453,0.008729296256425453,0.051514471480133849,-0.051514471480133849,-0.10177659503826748,0,0,0,0,15.515044739043008,0,-0.89072211297061088,60858.522250609552,133029.65778594377,166901.57737141484,-52054.76087311274,137916.05773487399,-165910.36435242248,301105.41802267951,72833.783553470304,-145312.83904769353
-0.013669103757907437,-0.087638487741791254,0.64045259020981393,13748.809742569758,0.071115124503944305,0.0092442152338284515,0.34291789368493336,0.0083754038838334492,-0.029192783461624464,0.06108209701165606,0.018176894260165378,204.36224953194886,-0.014378363713002313,0.014378363713002313,0.063006170329286473,-0.063006170329286473,-0.10024357518371253,0,0,0,0,15.515049952244594,0,-0.89072291581332796,60707.80443871444,131083.1283756484,204884.89560620475,-51797.52097867689,135893.59051175578,-204195.96810507326,285582.86557605438,61381.129217276059,-135722.69535662374
-0.0075103369436130612,-0.085365938136483868,0.64081118586608632,13770.125978853956,0.071072423387449471,0.0092386645395934833,0.37763627377722114,0.010459005775295438,-0.034502250698549591,0.062085686900478762,0.025854835061457269,204.253929728874,-0.019784778847143678,0.019784778847143678,0.073987863592010303,-0.073987863592010303,-0.098134255101268858,0,0,0,0,15.515055168363659,0,-0.89072371910534187,60374.477616513308,127881.97984658259,244177.61173441293,-51083.565322652823,132563.96926095794,-243800.83633362784,266152.05196829344,49346.224072229568,-121658.41197986525
-0.0013386206096132316,-0.082252908857975163,0.64117834144255181,13791.911578909967,0.071028784305255263,0.0092329919197222006,0.40970875741857354,0.011716961402454387,-0.039240952868884127,0.061504291684926861,0.034949274728003833,204.14418806056224,-0.024857301847801896,0.024857301847801896,0.084370659579076218,-0.084370659579076218,-0.095407755951000955,0,0,0,0,15.515060387450415,0,-0.89072452285438641,59859.620160147126,123413.46623382827,283786.33233797754,-49897.406532605717,127914.30004443071,-283719.79286061384,243113.30218332022,37217.249485146865,-103584.62792181809
0.0046896658576041994,-0.078322527805437775,0.64155136493631748,13814.038933058411,0.070984514916784869,0.0092272373666908315,0.43870824976229872,0.012189494066345863,-0.043254808858005166,0.05940404873932735,0.045108878347060691,204.0332409089057,-0.029510327738549409,0.029510327738549409,0.094070514395600602,-0.094070514395600602,-0.092031042321588749,0,0,0,0,15.515065609549525,0,-0.89072532706733831,60295.611055259571,117704.80485941895,322336.92788118444,-49389.044375536294,122061.64197116269,-322572.09229934309,217013.78094556817,27193.32134003305,-82237.265545190865
0.01043084040210278,-0.073625665332958931,0.64192425678557097,13836.237448133345,0.070940286926390275,0.0092214881949721685,0.46427208502562733,0.011989515919033819,-0.046418265213543204,0.055915654032144567,0.055995574535276843,203.92130212755944,-0.033665331065358281,0.033665331065358281,0.10300891223720911,-0.10300891223720911,-0.087982786080309572,0,0,0,0,15.515070834687855,0,-0.89072613174833604,60804.547710385727,110824.06075115778,359177.2171740575,-48738.386247850089,114996.55408749824,-359705.15850415238,188244.03133569754,18092.656592119638,-58491.398193404064
0.015752160785291042,-0.068239268049834323,0.6422975792378196,13858.519012875899,0.070896044321059698,0.0092157371234661539,0.48609280549016065,0.011180500869201264,-0.048640402696233126,0.051161527992984991,0.067190943211924106,203.80857828706343,-0.037252191108854416,0.037252191108854416,0.11111350093888143,-0.11111350093888143,-0.083255433059836806,0,0,0,0,15.515076062881931,0,-0.89072693689992466,61033.600688080587,102881.66929518522,393555.57933619712,-47670.650496961243,106803.87958315814,-394355.38883569033,157382.66105289533,9675.5918998180678,-33400.971157978383
0.020537350863870318,-0.062263074889816881,0.64267233650803768,13880.915413488819,0.070851682265225813,0.0092099705246560682,0.5039441152661337,0.0098455146374987566,-0.049871925981100247,0.045332933491138032,0.078189175981834641,203.69526383198138,-0.040210375256483473,0.040210375256483473,0.11831867763201041,-0.11831867763201041,-0.077857552692371421,0,0,0,0,15.515081294146059,0,-0.89072774252430653,60958.098792148761,94023.300653085083,424716.0025982642,-46256.056220985382,97634.096759989756,-425755.69773033523,125102.78214344986,2129.9187123122906,-8122.5908074386434
0.024691915904568675,-0.055814556114306406,0.64304974981573837,13903.469047785646,0.070807072005779084,0.0092041716619972597,0.51768671270615241,0.0080828235210603366,-0.050108953674336154,0.038666413775278595,0.08848123448585471,203.58153595090474,-0.042489960563747646,0.042489960563747646,0.12456611976905034,-0.12456611976905034,-0.071815131235539523,0,0,0,0,15.51508652849324,0,-0.89072854862348472,60561.805909244758,84422.356392294707,452038.1812189538,-44580.395876671239,87669.367069947446,-453277.01712594077,92094.191976576374,-4461.8009135166758,16168.889633117455
0.028146608801210907,-0.04902251649887792,0.64343121896614586,13926.231622042038,0.070762065104488223,0.0091983212400871175,0.52726840855409884,0.005996480939296364,-0.049393585551419102,0.031424258716199666,0.097602208574487745,203.46754992693727,-0.044052476264429069,0.044052476264429069,0.1298052572173598,-0.1298052572173598,-0.065171725871575048,0,0,0,0,15.515091765936099,0,-0.89072935519940299,59838.693649042114,74270.446681269212,475061.12204133859,-42735.514051917577,77113.489461666846,-476452.54093644884,59024.358750811509,-10123.588209157739,38358.48747927331
0.030858836356814193,-0.042019951133915941,0.64381827126133928,13949.262235999176,0.070716499066600741,0.0091923981363237085,0.53271921906768216,0.0036868353243695601,-0.04781115648651333,0.02387345981049541,0.10517088717865236,203.35343527400224,-0.044871553011418423,0.044871553011418423,0.13399368160085842,-0.13399368160085842,-0.057987451369608443,0,0,0,0,15.51509700648778,0,-0.89073016225408519,58793.730216929493,63766.650058671905,493493.35429322883,-40810.244160265232,66180.145425168172,-494988.17301748897,26501.115781768578,-14974.253982708187,57465.151495407474
0.032811999973191633,-0.034936823152710524,0.64421250364182836,13972.625092984903,0.070670203714721436,0.0091863802294426689,0.53414186531654262,0.0012420866387794472,-0.045484399561097608,0.016265755848174204,0.11091626418607765,203.23929289099362,-0.044933367891422042,0.044933367891422042,0.13709748957606799,-0.13709748957606799,-0.050336867308206391,0,0,0,0,15.515102250162807,0,-0.89073096978976862,57442.526728843703,53106.568270222822,507209.5818656871,-38882.999665143536,55080.612283107133,-508759.02930007776,-4959.1313221525925,-19204.345468422478,72704.508657394894
0.034013012441896202,-0.027893417188786407,0.64461552482161855,13996.387118172392,0.070623007564143039,0.0091802452282428813,0.53169858804283798,-0.0012681654186669051,-0.04256507715589182,0.0088210730462139272,0.11468858066489669,203.12519337095171,-0.044236877703384969,0.044236877703384969,0.1390915572638782,-0.1390915572638782,-0.042305953302500136,0,0,0,0,15.515107496977841,0,-0.89073177780901902,55809.895142667992,42472.173721565232,516235.26512983488,-37016.731719539828,44012.179039399954,-517793.55786756251,-34954.573636340072,-23045.409875896094,83534.547846501606
0.034488428912701215,-0.020994817404524798,0.64502890373028998,14020.615758312801,0.070574743507088644,0.0091739714104779428,0.52559553925600633,-0.0037967592190017571,-0.039223889520764277,0.0017160078718743697,0.11645554455367094,203.01117649427326,-0.042793836563773724,0.042793836563773724,0.13995974361563965,-0.13995974361563965,-0.033988450528027146,0,0,0,0,15.515112746952328,0,-0.89073258631483099,53927.56510771747,32023.29452631242,520721.94221997855,-35256.42276575604,33148.353342670285,-522248.20354362583,-63210.598958626208,-26736.135996064433,89680.76575745389
0.034279748116150706,-0.014326889338243699,0.64545412901744859,14045.377177105844,0.07052525328626788,0.0091675382043712519,0.51606618596386677,-0.0063199635064756293,-0.03563960060126601,-0.0049218554788648238,0.11628682305164283,202.89725183789682,-0.040628597541608212,0.040628597541608212,0.13969502106743037,-0.13969502106743037,-0.025481897217493416,0,0,0,0,15.515118000109029,0,-0.89073339531071005,51831.435115570959,21891.329260709055,520916.91066014644,-33628.825185152738,22631.640426325568,-522376.3650309337,-89581.279024677016,-30490.066297842113,91139.895035747002
0.033438469580986889,-0.0079539448188046119,0.64589258214591716,14070.734970447918,0.070474390483673377,0.0091609265771279754,0.50335514443281015,-0.0088357790048381145,-0.031988321712507962,-0.011013877837250606,0.11433130121191312,202.78340034987161,-0.037777701670892359,0.037777701670892359,0.13829953242491122,-0.13829953242491122,-0.016883689787398456,0,0,0,0,15.515123256474453,0,-0.89073420480073795,49558.773716877105,12175.482395187673,517131.11862190434,-32143.86405284439,12569.280849869148,-518495.60601193877,-114040.56548125049,-34468.910312534019,88163.788475940804
0.032021441080376536,-0.0019180737516150501,0.64634552423880187,14096.749426770259,0.070422022009746829,0.0091541192285109121,0.48770367809282161,-0.011360021941579559,-0.028433780364761022,-0.016525372762618767,0.11079183645763482,202.66957669098193,-0.034289261276356439,0.034289261276356439,0.13578457351831208,-0.13578457351831208,-0.0082874645692018727,0,0,0,0,15.515128516079146,0,-0.89073501478961969,47145.742531574062,2941.5152391502866,509708.80469377275,-30797.026479115604,3031.938784026554,-510956.73949989618,-136665.11271028369,-38764.264940253015,81226.973421977076
0.030087706109794648,0.0037600458207018377,0.64680930233972356,14123.26796949516,0.070368549690010732,0.0091471683915948475,0.46933748406619591,-0.013874815639029548,-0.02511936359690586,-0.021422139100975825,0.10590366733306825,202.55571229500498,-0.030222148019637976,0.030222148019637976,0.13217050176795075,-0.13217050176795075,0.00021993659931827356,0,0,0,0,15.51513377895593,0,-0.89073582528240935,46847.071784291184,-5777.1701296483061,498999.57626851142,-31792.337754061602,-5953.2760124560727,-500182.37345039914,-157624.72353482709,-40179.730138917563,70985.353167680718
0.027706499594465372,0.0090795000013558346,0.64726973048490033,14149.677923237587,0.070315516840411901,0.0091402746811559722,0.44845454703839005,-0.016259951919466747,-0.022164036829824426,-0.025574510268528087,0.099940920070181349,202.44172053197616,-0.02564499936860529,0.02564499936860529,0.12748657140040226,-0.12748657140040226,0.0085601682910052979,0,0,0,0,15.515139045113548,0,-0.89073663628045374,47402.930428037122,-13976.399563243222,485404.9852975359,-33808.783341304334,-14406.212472213479,-486528.31831333722,-177164.54571896113,-40995.092556141724,58240.910534069444
0.024949407990455082,0.014056892808735002,0.64772784430672203,14176.030967734423,0.070262806148857188,0.0091334228478609503,0.42522192016581106,-0.018574247881321972,-0.019656322318843331,-0.029050326840772935,0.093189438304335723,202.32749956570481,-0.020635060256859499,0.020635060256859499,0.12177069664916787,-0.12177069664916787,0.01666553818622275,0,0,0,0,15.515144314546941,0,-0.89073744778297315,47720.391327700519,-21678.57876934966,469367.36383725604,-35686.975054867878,-22347.215336469384,-470404.0396718565,-195513.89006547179,-42805.224898723027,43879.574404297935
0.021878840667096632,0.018722580527335553,0.6481856089406357,14202.420503381474,0.070210199957187081,0.0091265845984474445,0.39977607909566415,-0.020886830540758215,-0.017649918490599461,-0.031942579780843548,0.08590273582559084,202.21293507510953,-0.015276879481815574,0.015276879481815574,0.11506914485662433,-0.11506914485662433,0.024480897425126876,0,0,0,0,15.515149587258092,0,-0.89073825979027388,47839.786348758636,-28927.76592609159,451269.69069883891,-37406.043079167597,-29818.327901792691,-452196.25142751459,-212907.9909607101,-45380.85666674644,28810.692553785462
0.018548487823900402,0.023116499966361066,0.64864475950943279,14228.930787248179,0.070157506508516779,0.0091197350065453167,0.37222334860275014,-0.02325355713596855,-0.016164102977735875,-0.034332266139927591,0.078298901125321604,202.09790400331227,-0.0096608828412237894,0.0096608828412237894,0.10743616196144823,-0.10743616196144823,0.031963751897449523,0,0,0,0,15.51515486325612,0,-0.89073907230375926,47801.665312084333,-35783.363991577186,431436.58716123091,-38951.665763597121,-36878.712376173367,-432233.39227113064,-229566.55025199059,-48427.867315690644,13916.321858353984
0.015004967906109742,0.027284197690372033,0.64910678784284237,14255.63609289657,0.070104561294049836,0.0091128526877481894,0.34264313761757498,-0.02571247814690383,-0.015186071013354225,-0.036280764883213891,0.070563887631432884,201.98227787475906,-0.0038818470881854731,0.0038818470881854731,0.098933533403022911,-0.098933533403022911,0.039083662022042644,0,0,0,0,15.515160142556828,0,-0.89073988532586423,47645.88599145232,-42314.051324525899,410145.28136953252,-40314.573415724772,-43598.120919450463,-410796.42189739097,-245674.25189929156,-51619.81027900162,10.460119995056926
0.011290073067780263,0.031273274327992318,0.64957256739880154,14282.583984823645,0.07005126739872089,0.0091059250441209508,0.31109304481415323,-0.028278130577484236,-0.014674623985931426,-0.037823869038674691,0.062857032457779349,201.8659256612533,0.0019626995414788635,0.0019626995414788635,0.089630083997099985,-0.089630083997099985,0.045821148654758691,0,0,0,0,15.515165425182165,0,-0.89074069885996732,47770.845262377552,-48592.244675966751,387640.38719125016,-41848.754357144659,-50062.191817470281,-388137.58951008541,-261383.68944429432,-54096.551361720252,-12187.019461828255
0.0074455791675215773,0.035130383306496496,0.6500380137943893,14309.603936046646,0.069998062383016937,0.0090990089539064248,0.27761175864755194,-0.03089570946061115,-0.014564739182332601,-0.038925414481880485,0.055320631286989358,201.7487166659561,0.0077741232364694872,0.0077741232364694872,0.079601120830989747,-0.079601120830989747,0.052166290942964676,0,0,0,0,15.515170711153932,0,-0.89074151290942694,48561.816981826028,-54688.665032481535,364161.99052613694,-43898.351468624613,-56360.566022781473,-364498.93941066327,-276791.65730314783,-55161.079822391897,-22071.982608621231
0.0035172091566449668,0.038898888385726298,0.65050242812723458,14336.673663228737,0.06994501729545119,0.0090921136526610786,0.24223346096807624,-0.033532787919595256,-0.014773125554866417,-0.039562890586749805,0.048087071795401816,201.63052288652162,0.013454349175172624,0.013454349175172624,0.068927823687784481,-0.068927823687784481,0.058116927957186551,0,0,0,0,15.515176000488978,0,-0.89074232747683835,49326.701422373095,-60669.778705482116,339983.63423544599,-45733.914229621885,-62542.154062866895,-340146.59357950342,-291885.0434631487,-55706.825555317831,-29178.93794948954
0.052113327352448967,-1.498227039400432e-10,0.93789740522817711,18965.739346947441,0.050643513493033102,0.0065831219757047253,-6.7220534694101275e-18,-0.0016994992576082868,-3.5236570605778894e-19,-0.029588179152764453,0.18294277201327974,311.85229734821962,0,0,0,0,0,0,0.99499999999999988,0,0,15.514652336448599,0,-0.89066168224299069,121678.8691310858,0.00030912507076131152,880150.14799239684,-75666.884426930672,0.00032735532794689749,-885293.48399566312,0.0012941669867353876,-421091.66244886816,-0.0024378791068532702
0.050364061895748845,3.0317575911024545e-06,0.93776938655089492,18960.522139890036,0.050650437230721664,0.0065840219884919079,-0.00075994328561272261,-0.011372025781241597,-0.00031092143400527044,-0.03862167397606938,0.17715077027211135,311.85279567710103,0.0029950024994048444,0.0029950024994048444,-0.0078676192636379476,0.0078676192636379476,0.0034256521911517051,0,0.98499999999999965,0,0,15.514656120493186,0,-0.89066226499287804,120876.93025408383,-6.2536214263934786,865455.68573615106,-77154.219118879075,-6.6200909772511576,-870443.56664181291,-29281.459305018252,-402680.89640294039,-40414.538460027819
0.048202547411153186,3.2673835333380229e-05,0.93760788646722149,18953.895289571436,0.050659186214112924,0.0065851592639464629,-0.0032766382525793612,-0.020591837468969854,-0.0013244356470677142,-0.046611301346211706,0.17005671024816696,311.85399982671538,0.0059600799238518371,0.0059600799238518371,-0.01569100390972792,0.01569100390972792,0.006599836800197656,0,0.97499999999999942,0,0,15.514659733744828,0,-0.89066282144033571,119884.16852032485,-67.372926669885032,846997.69351738633,-78933.280669129061,-71.290002214537395,-851790.3752363238,-56817.868261927317,-381828.8753413111,-76633.176105353778
0.045664515200833929,0.00011822375172402017,0.93743620009332373,18946.803258476804,0.050668502669449993,0.0065863703047616623,-0.0074495976658327384,-0.029298070264153923,-0.0029623670987024438,-0.053845577630381537,0.16175699342679448,311.85588415426224,0.0088656061998401859,0.0088656061998401859,-0.023426168023833269,0.023426168023833269,0.0095333761710629118,0,0.96499999999999919,0,0,15.514663184431218,0,-0.89066335285244203,118732.97017400536,-243.68427392646254,825133.2310499351,-80942.953014582687,-257.72132937810073,-829693.07488267461,-82774.917636150116,-358606.08012335177,-108392.2741473003
0.042788609159223091,0.00028566501926295299,0.93725521475018414,18939.285424202255,0.050678338414387972,0.0065876488477414567,-0.013188008983753509,-0.037436026589254788,-0.00514440555048086,-0.060292025855042022,0.15247978708577947,311.85840844442203,0.011682550269259517,0.011682550269259517,-0.031029621699440658,0.031029621699440658,0.012245617508657542,0,0.95499999999999896,0,0,15.514666480155372,0,-0.8906638604000765,117457.38411141068,-588.58267196948248,800203.58325063961,-83120.552118990716,-622.13611339239424,-804495.45985114865,-107274.24892993575,-333339.23545885592,-135587.08688782269
0.039614728501043805,0.00055770152983642025,0.9370701147520033,18931.55521294666,0.050688412676823148,0.0065889583954772219,-0.020408128607538517,-0.044954830757506059,-0.0077893943818313762,-0.06593001570368473,0.14245665085111228,311.86152696739583,0.01438276615812609,0.01438276615812609,-0.038458615554034993,0.038458615554034993,0.014756325751151373,0,0.94499999999999873,0,0,15.514669675887193,0,-0.89066435254870668,116092.45619364071,-1148.6162300561052,772568.45014010882,-85403.631355665842,-1213.3609884938651,-776560.06552138843,-130404.06953781778,-306359.32380768965,-158174.60055293114
0.036184073716449071,0.00095380121448405953,0.93688826283123694,18923.914255602474,0.050698326276356717,0.006590247058732325,-0.029031128947704592,-0.051807871568737111,-0.010816256906593593,-0.070728251135394951,0.13191927863954503,311.86518928022986,0.016939274201851061,0.016939274201851061,-0.045671381081679167,0.045671381081679167,0.017085376149547443,0,0.9349999999999985,0,0,15.514672868808306,0,-0.89066484426448256,114673.0836935853,-1963.6119348724621,742601.58441631601,-87731.610732515634,-2072.9863515993356,-746263.862369815,-152223.95583089127,-278015.85453242267,-176168.07652696467
0.032539074819696034,0.0014902516454058277,0.93670988342826877,18916.375952818395,0.050708065753176788,0.0065915130878733503,-0.038981127074050076,-0.057962263235188619,-0.014144765498182221,-0.074671334131904771,0.12109260199051131,311.86934074926978,0.01932653061713073,0.01932653061713073,-0.05262736549074877,0.05262736549074877,0.019252496094592775,0,0.92499999999999827,0,0,15.514676061411089,0,-0.89066533593123443,113229.73060294836,-3066.7923215008254,710675.05045603518,-90044.470873672049,-3235.5296459405554,-713982.44310433732,-172766.668036516,-248636.1623851521,-189628.09349944434
0.028722592313689649,0.0021802105711048671,0.93653517227570215,18908.952816263354,0.050717619113565648,0.006592754923843645,-0.050183465294167194,-0.063392145695699162,-0.01769621828547684,-0.077753077578159427,0.1101879372061981,311.87392315264754,0.021520682726985686,0.021520682726985686,-0.059287459706478723,0.059287459706478723,0.021277046583846087,0,0.91499999999999804,0,0,15.514679253695494,0,-0.89066582754895629,111790.63216653641,-4484.8997481035804,677164.68338977545,-92287.231929742877,-4728.6160139447538,-680095.5632921434,-192043.00223374148,-218536.26567641593,-198659.93325021965
0.024777635020304972,0.0030337569831102532,0.93636424129443563,18901.654191062524,0.05072697883260989,0.0065939715884839262,-0.062563276853424346,-0.068078355441283864,-0.021394058494707258,-0.079972882672411802,0.099398745379706083,311.87887534425488,0.023499807288824504,0.023499807288824504,-0.06561421825640848,0.06561421825640848,0.023177822312035617,0,0.90499999999999781,0,0,15.514682445662443,0,-0.89066631911778893,110381.40670152333,-6238.3167582559163,642447.59488611191,-94411.394357928162,-6573.1579002510334,-644984.6245663095,-210045.23336284276,-188021.30956689984,-203409.56129811681
0.020747085573195503,0.0040579405824713935,0.93619712618889284,18894.486512136478,0.050736141465261182,0.0065951626339742888,-0.0760442866233077,-0.07200827390686973,-0.025164432013991142,-0.081335588678680737,0.088897109064140264,311.88413391389179,0.025244129544236899,0.025244129544236899,-0.071572069802450081,0.071572069802450081,0.02497287351609687,0,0.89499999999999758,0,0,15.514685637313711,0,-0.89066681063800601,109024.75520740676,-8341.1820093945953,606899.85827068449,-96376.053555394828,-8783.5280973090576,-609030.30833413964,-226750.19723885774,-157383.43045001209,-204060.00102908822
0.016673431305118992,0.0052568295632968009,0.93603379495664429,18887.45359750589,0.050745107206368073,0.0065963280856429886,-0.09054782554182636,-0.075175669025516312,-0.028936693023349679,-0.081851386879764162,0.078831109798681437,311.88963384027477,0.026736220801843066,0.026736220801843066,-0.07712751713589075,0.07712751713589075,0.02667934611626549,0,0.88499999999999734,0,0,15.514688828651849,0,-0.89066730211000089,107740.23902297152,-10801.501427090316,570894.24290438171,-98148.676443660792,-11367.721646811464,-572610.23422227788,-242122.01947653183,-126899.99178029623,-200828.03236827586
0.012598497593357381,0.0066315575408120459,0.9358741570553023,18880.55696861662,0.050753879413423887,0.0065974683799287018,-0.10599203764051028,-0.077580530646246801,-0.032643866415968864,-0.081535790302115649,0.069323113814275195,311.89530913354605,0.027961172579016789,0.027961172579016789,-0.082249325510885735,0.082249325510885735,0.028313336985835144,0,0.87499999999999711,0,0,15.514692019680107,0,-0.89066779353427306,106544.13528292465,-13621.256286385184,534797.96733663615,-99705.542372982629,-14327.505157732665,-536096.61878197652,-256114.51953703037,-96832.158587460523,-193961.15326679123
0.0085631811786863327,0.0081803713620540869,0.9357180729732294,18873.796187579894,0.050762464105730827,0.0065985842992771536,-0.12229125950856354,-0.079228899336955275,-0.036223074472180497,-0.080409649722047158,0.06046895468650746,311.90109346447963,0.028906745562515788,0.028906745562515788,-0.086908698257562048,0.086908698257562048,0.029889761608718268,0,0.86499999999999688,0,0,15.514695210402341,0,-0.89066828491141692,105449.36881832813,-16796.511862243518,498970.44539650215,-101031.85729358939,-17658.555242939612,-499853.91547195654,-268673.3259971774,-67423.776176989253,-183734.73329092617
0.0046071814925847023,0.0098986823977840355,0.93556536395538714,18867.169201694651,0.050770869453410923,0.0065996769057179352,-0.13935555363289173,-0.080132686886912038,-0.039615933711304271,-0.078499204960780694,0.052337983520771215,311.90692077429964,0.029563491899653804,0.029563491899653804,-0.091079438687371755,0.091079438687371755,0.031422231908150154,0,0.85499999999999665,0,0,15.514698400822942,0,-0.89066877624210961,104465.51806841807,-20317.532103702866,463761.00471681793,-102121.55655966552,-21350.590814087769,-464236.42255833489,-279737.74577992177,-38900.51788563771,-170449.28209832747
0.0007687286313266047,0.011779124683076314,0.9354158216466999,18860.67268583698,0.050779105269202283,0.0066007474748033803,-0.1570903791258067,-0.080309485668365543,-0.042768926086235094,-0.07583615868004287,0.044973939221141498,311.91272586654719,0.029924849598121632,0.029924849598121632,-0.094738097380404993,0.094738097380404993,0.032922942635683197,0,0.84499999999999642,0,0,15.514701590946798,0,-0.89066926752710285,103598.89148429305,-24168.907385546539,429506.56329196715,-102976.81803475974,-25387.506754764643,-429585.85144307854,-289242.43515106011,-11469.267038106287,-154427.7519707809
-0.0029151645765741951,0.013811622399429445,0.93526795806347918,18854.251602800312,0.050787250900518235,0.00660180632085934,-0.17539674835149971,-0.079770613744219954,-0.045633707599869441,-0.072433092546348499,0.038349876489504608,311.91844491940844,0.029987208091245155,0.029987208091245155,-0.097864104026558763,0.097864104026558763,0.034402572725640408,0,0.83499999999999619,0,0,15.514704780778885,0,-0.89066975876716237,103814.076045672,-28329.624309357732,396220.92868981272,-104567.51690456037,-29760.717491534466,-395917.7798904049,-297137.56307362003,16196.426542535606,-136007.72950124668
-0.0064077867858926708,0.015983456203306462,0.93511882164036086,18847.791823222517,0.050795465333609159,0.0066028741104195224,-0.19417142598924703,-0.078514204649933333,-0.048167289022195185,-0.068309622203512055,0.03249886315083609,311.92401561077668,0.029749944313574056,0.029749944313574056,-0.1004398830793035,0.1004398830793035,0.035870241486515068,0,0.82499999999999596,0,0,15.514707970320726,0,-0.89067024996252386,104338.482383337,-32773.13538545042,364477.64692231698,-106134.69732175213,-34436.567740547718,-363805.03190823359,-303340.36074918276,42599.716838128319,-115551.61634141902
-0.0096751024648370695,0.018279350318615308,0.93496836584862375,18841.296182746148,0.050803749958984082,0.0066039510242354178,-0.21330529939294671,-0.076577153232649089,-0.050332516033186676,-0.063527184920175575,0.02743173696550668,311.92937796544498,0.029215428926345852,0.029215428926345852,-0.10245095257179919,0.10245095257179919,0.03733336699173409,0,0.81499999999999573,0,0,15.514711159572297,0,-0.89067074111318334,104906.84874786573,-37467.813786643521,334665.54203275638,-107437.46934307727,-39379.076563369548,-333641.70530437049,-307774.78548783192,67166.774331277149,-93436.509378997624
-0.012686016997386501,0.020681599505701195,0.93481662139744359,18834.770367008892,0.050812102038030972,0.0066050367063163811,-0.23268433827351329,-0.074003387878139162,-0.05209837438278421,-0.058147130393000269,0.023111275120522655,311.93447509506348,0.028389002630622433,0.028389002630622433,-0.10388600553978099,0.10388600553978099,0.038797561870879384,0,0.8049999999999955,0,0,15.514714348534284,0,-0.89067123221924649,105504.40543147331,-42377.103971324846,307065.42915625509,-108492.39433613133,-44549.885657509614,-305713.72940788325,-310369.97974511713,89754.505854211806,-70049.460310639304
-0.015412668431809041,0.023170227615928778,0.93466366121303546,18828.221460353576,0.050820516610122039,0.0066061305118331817,-0.25218983362560732,-0.070841522966246545,-0.053440244474815053,-0.052236458542859444,0.019487305435293954,311.93925367605954,0.027278922804770452,0.027278922804770452,-0.10473697359342571,0.10473697359342571,0.040266557256842743,0,0.79499999999999527,0,0,15.514717537208087,0,-0.89067172328092825,106115.27009894261,-47459.856251313831,281929.75854033406,-109319.87782377496,-49905.612155374685,-280278.20365160442,-311057.20339536312,110244.59785757204,-45784.771564812581
-0.017773041113364463,0.025722906587682288,0.93450441306519894,18821.449661683033,0.050829268464874684,0.006607268160534396,-0.27170152714236834,-0.067005931606378827,-0.054339682107384074,-0.043888245004339653,0.013404317857643304,311.94365561407915,0.025896280999466215,0.025896280999466215,-0.10499907228077432,0.10499907228077432,0.04174222931125153,0,0.78499999999999504,0.083333333333333343,0,15.514720725593914,0,-0.8906722142982616,109851.30269215618,-52669.589256086285,228822.7853121075,-112509.82947540766,-55477.548524043152,-226859.07805229333,-309882.15495346527,141392.23100566841,-21016.267613133539
-0.019721990962880017,0.028314456927358903,0.93433345510130561,18814.243483771308,0.050838651225204874,0.0066084878202985432,-0.29109577302254208,-0.062471103681916364,-0.054783882002126805,-0.036244902716776252,0.010461298981939099,311.94759477471905,0.024254892114587704,0.024254892114587704,-0.10467082798766146,0.10467082798766146,0.043224894727627215,0,0.7749999999999948,0.16666666666666671,0,15.514723913681964,0,-0.89067270526973674,113772.61218415121,-57953.786535290237,206911.63990556361,-116144.94555020967,-61151.536372369752,-204660.97969039055,-306676.9984712578,161217.96792184043,3809.9699010775521
-0.021318265957977183,0.030918592945522301,0.93415033814935544,18806.588854644462,0.050848689069879084,0.0066097926341099423,-0.31024161057398103,-0.057452358858753542,-0.054767928406757205,-0.029040017567526853,0.0091618045304686282,311.95102205358114,0.022371156365301608,0.022371156365301608,-0.1037540862229103,0.1037540862229103,0.044712595161720298,0,0.76499999999999457,0.25000000000000006,0,15.514727101459542,0,-0.89067319619339835,117748.24276326998,-63258.162464117675,193842.13501278625,-119842.19111413964,-66867.958725445656,-191330.97612081544,-301378.81800666125,177452.09048762821,28284.97937578792
-0.022545823191704093,0.033508110130192718,0.93395530746262267,18798.498064960797,0.050859368865703657,0.0066111808947921019,-0.32900446346441337,-0.052017209195753894,-0.05429448083151496,-0.0215326617714518,0.0081863487137761263,311.95390842948348,0.02026389541653453,0.02026389541653453,-0.10225400124221048,0.10225400124221048,0.046201043189661339,0,0.75499999999999434,0.33333333333333343,0,15.514730288914066,0,-0.89067368706730909,121650.83860095906,-68526.713937213586,183507.75316266483,-123393.4461610963,-72563.773798908369,-180771.92454224828,-293936.57498222217,191283.90162371157,52020.467601026612
-0.023392311858198185,0.036054861372207321,0.93374869832719232,18789.986671513765,0.050870672694189753,0.006612650273130685,-0.34724724447828442,-0.046231657849280509,-0.053373146465427346,-0.0138153163978302,0.0075025233377503048,311.95622933737883,0.017954164323118697,0.017954164323118697,-0.10017900706901783,0.10017900706901783,0.047683906220878883,0,0.74499999999999411,0.4166666666666668,0,15.514733476033735,0,-0.89067417788965142,125466.95242725311,-73701.63502538485,176008.86166751946,-126811.98579168296,-78176.449424843406,-173090.06198273925,-284314.73392074392,202678.66704021519,74646.034590259645
-0.023850099802602224,0.038530151017541155,0.93353087676928681,18781.071092881572,0.050882581072172771,0.0066141982365200301,-0.36483123840917903,-0.040163628142873976,-0.052020336045586826,-0.0059836490164879704,0.0070844883554883374,311.9579648749903,0.015465041154643925,0.015465041154643925,-0.097540770075406263,0.097540770075406263,0.049152867733935623,0,0.73499999999999388,0.50000000000000011,0,15.514736662807527,0,-0.89067466865872869,129184.57897867166,-78724.133341123757,171410.01349254668,-130108.10457819422,-83641.974578559937,-168355.0966065237,-272490.98328974092,211625.46842055095,95813.685642108569
-0.023916396150326917,0.040905179147987816,0.93330223382422328,18771.768369666035,0.05089507325773774,0.0066158220887302171,-0.38161703657670831,-0.033882170604206945,-0.050259023814284452,0.001864709116740193,0.006914544631084877,311.9590999309375,0.012821396407014895,0.012821396407014895,-0.09435412338948003,0.09435412338948003,0.050597712261026183,0,0.72499999999999365,0.58333333333333315,0,15.514739849225206,0,-0.8906751593729636,132793.45708577402,-83535.351837611553,169739.00244472447,-133288.48985381823,-88895.899960688577,-166599.17060124548,-258458.61648006379,218136.46805800925,115203.78786555861
-0.023593307650163986,0.043151520625481395,0.93306317905257818,18762.095900181608,0.050908127596380727,0.0066175190149044012,-0.39746560129817654,-0.02745664130219613,-0.048118392546828884,0.0096315526424984935,0.0069840366699878923,311.95962425160883,0.010049644504677152,0.010049644504677152,-0.090636983498131748,0.090636983498131748,0.052006449131989395,0,0.71499999999999342,0.66666666666666619,0,15.514743035277275,0,-0.89067565003089366,136285.31129539473,-88077.357491454328,170986.43416735964,-136355.8777697832,-93874.461322489733,-167816.35127684439,-242228.930548342,222246.02673116809,132530.98029146314
-0.022887820964833307,0.045241630092704183,0.93281413352912101,18752.071160897063,0.050921721895393041,0.0066192861302247982,-0.41223945951026586,-0.020955864096467575,-0.045633358091080635,0.0172196392821857,0.007293541562129289,311.95953244312886,0.0071774798764194731,0.0071774798764194731,-0.086410249514035239,0.086410249514035239,0.053365477092065662,0,0.70499999999999319,0.74999999999999922,0,15.514746220954954,0,-0.89067614063116729,139654.02498351503,-92294.178241837377,175105.86994116055,-139309.00741313654,-98515.760868553712,-171962.70826356372,-223833.55943448734,224009.66094613334,147549.86135367001
-0.021811704464176688,0.047149361718938354,0.93255552254990259,18741.711421464966,0.050935833813390466,0.006621120530547378,-0.42580402021933383,-0.014447292057463968,-0.042843971435754614,0.024534343520231171,0.007852342278645702,311.95882390946207,0.0042336002417960161,0.0042336002417960161,-0.081697685673231726,0.081697685673231726,0.054659790699274742,0,0.69499999999999296,0.83333333333333226,0,15.514749406250143,0,-0.89067663117253626,142895.73999658477,-96132.864822485251,182014.58957788529,-142142.87149385852,-102760.97686018259,-178957.02485674387,-203326.64560993054,223502.8228885635,160060.25821747561
-0.020381325005448554,0.048850490290323949,0.93228776830950866,18731.033464460907,0.050950441251473334,0.0066230193432485407,-0.43802900515964482,-0.0079961856398401195,-0.039794700538680866,0.031485383416940592,0.0086772277512727914,311.95750272396043,0.0012474198729987146,0.0012474198729987146,-0.076525787723949898,0.076525787723949898,0.05587322796938704,0,0.68499999999999273,0.9166666666666653,0,15.514752591155357,0,-0.89067712165384838,146008.88130866224,-99544.549861133826,191595.00450858247,-144849.24466121205,-106555.56733303948,-188682.17714484039,-180786.7452370621,220819.48694385772,169911.87027021524
-0.01861736234727426,0.050323218216492244,0.93201089140644322,18720.037596809292,0.05096554413526496,0.0066249825586601023,-0.44879039395861553,-0.0016615805707452997,-0.036533561804524432,0.037990046664557804,0.0097907166478566707,311.95557743925474,-0.0017512243028274025,0.0017512243028274025,-0.07092363395787081,0.07092363395787081,0.0569887626333105,0,0.67499999999999249,0.99999999999999833,0,15.514755775663611,0,-0.89067761207402851,149414.76314460416,-102485.38664169441,203696.67857460136,-147837.50284751257,-109871.50424799301,-200979.32254108926,-156349.29875729186,216697.78428243395,177015.4610858426
-0.016544490518104533,0.051548650219695832,0.93172901892385318,18708.888739744027,0.050980917804195877,0.0066269809732803723,-0.45796701606690537,0.0044663635590520981,-0.033111603684120347,0.043956101748610144,0.011218804688440512,311.95306083507012,-0.0047323708242974468,0.0047323708242974468,-0.064922721721394211,0.064922721721394211,0.057988765028664555,0,0.66499999999999226,1,0,15.514758959768658,0,-0.89067810243211343,149599.7702144435,-104918.50910727408,218140.81994768535,-147584.1960086358,-112487.3932788575,-215728.74998657021,-129884.0566828883,206029.91382146397,181268.32078265352
-0.014194145875251843,0.052511298195634194,0.9314484172647749,18697.837237659151,0.05099622001381246,0.0066289700989443654,-0.46544267490849112,0.010268639837730568,-0.029582508200823879,0.049240510131811292,0.012986234173279357,311.9499696311164,-0.0076662330608049372,0.0076662330608049372,-0.058556790326098777,0.058556790326098777,0.058854989251319871,0,0.65499999999999203,1,0,15.514762143474965,0,-0.8906785927287918,149661.04620285367,-106814.68166793132,234698.96175522826,-147165.10182423104,-114522.73274623469,-232633.58336391268,-101794.314891419,193785.21702086116,182753.60757636774
-0.011601995508266886,0.053199528224072624,0.9311692942204538,18686.889733836106,0.051011439662924984,0.0066309484926146411,-0.47112123273646411,0.015701497135544456,-0.025999949192313177,0.053791639288081866,0.015113518998483549,311.94632407868755,-0.010523496830688596,0.010523496830688596,-0.051861631354059357,0.051861631354059357,0.059569544113007522,0,0.6449999999999918,1,0,15.514765326790929,0,-0.89067908296535669,149598.48359929185,-108151.27016986255,253108.41296712877,-146562.78424638373,-115953.07718916738,-251424.95185166437,-72268.802082912618,180126.2548877181,181555.72986828734
-0.008805748325865833,0.053605834887994287,0.93089200720490162,18676.058666942252,0.051026557475591962,0.0066329136486223562,-0.47491907280042894,0.020726793651172238,-0.022416839577523169,0.057573340422470809,0.017615751628570802,311.94214749295611,-0.013275613298845574,0.013275613298845574,-0.044874887424552125,0.044874887424552125,0.060115180671710282,0,0.63499999999999157,1,0,15.514768509725215,0,-0.8906795731431425,149413.60694935915,-108914.10180169258,273091.43870059343,-145762.53156147068,-116763.25800386234,-271818.44561685243,-41523.536956575306,165218.76503621161,177816.87716076666
-0.0058445326142064881,0.053727010690749845,0.93061689981516171,18665.355747240472,0.051041554931140883,0.0066348631594756527,-0.47676670475800764,0.025312240580991546,-0.018884164313717353,0.060562186625939131,0.020500206837467817,311.93746577204217,-0.015895084227254802,0.015895084227254802,-0.037635840553555622,0.037635840553555622,0.060475687627894799,0,0.62499999999999134,1,0,15.514771692286745,0,-0.89068006326352345,149109.27976619397,-109097.74390595003,294359.8385476637,-144753.3895705507,-116947.66370856686,-293518.84053415101,-9799.7028473758473,149232.22787490414,171733.63480296146
-0.0027582492059897512,0.053564204676034406,0.93034429908405247,18654.791888417672,0.051056414407498078,0.0066367947344910388,-0.47661023288914611,0.029431527696634527,-0.015449852479852583,0.062747811987747995,0.023764431707480587,311.93230690032431,-0.018355736728281568,0.018355736728281568,-0.030185191295967202,0.030185191295967202,0.06063628479351664,0,0.61499999999999111,1,0,15.514774874484662,0,-0.89068055332790708,148689.48214728152,-108705.59305542859,316619.76239088172,-143529.05662045814,-116510.31133290105,-316225.07689613954,22639.162668553407,132337.64526102316,163551.95756672454
0.00041307973745621589,0.053122864701340339,0.93007451347879688,18644.377168894829,0.051071119284262695,0.0066387062131919089,-0.47441264043534198,0.033064317162456273,-0.012157723093656866,0.06413284003820717,0.027394958377410943,311.92670044255124,-0.020632984775519215,0.020632984775519215,-0.022564829912277144,0.022564829912277144,0.060583991686900221,0,0.60499999999999088,1,0,15.514778056328275,0,-0.89068104333772713,148294.44207560859,-107749.72914049412,339539.38634645898,-142223.69351572299,-115471.84878623641,-339598.16504440963,55499.960532790989,114921.50542337792,153563.2608940441
0.0036308909374265339,0.052412550403452628,0.92980560810138413,18634.031706129881,0.051085776170165458,0.0066406114535875055,-0.47015759294499238,0.036217537696728148,-0.0090462526953571706,0.064767813430901489,0.031319055139629348,311.9206769411785,-0.022704074859237849,0.022704074859237849,-0.014817600846286057,0.014817600846286057,0.060308027360357064,0,0.59499999999999065,1,0,15.514781237826057,0,-0.89068153329428845,148707.35829352814,-106250.00118828351,362618.40268269338,-141619.29848410946,-113894.66010014781,-363134.99944901816,88429.472100307146,98329.281555341295,142104.081359559
0.0068587295808021226,0.051446596661304828,0.92953650718926473,18623.710146333164,0.051100444686596802,0.0066425182058290032,-0.46384656061903717,0.038898422062914988,-0.0061478737584862893,0.064681647998792571,0.035542884355731344,311.9142672305739,-0.02454831333193231,0.02454831333193231,-0.0069870618380557786,0.0069870618380557786,0.059800134560417731,0,0.58499999999999042,1,0,15.514784418982787,0,-0.89068202319832768,149020.91897587254,-104234.06485416235,385839.0831400876,-140813.9094706933,-111759.39202009836,-386813.97834320331,121198.80110722105,81226.310410314691,129502.70015060577
0.010061583622983308,0.050241720304893281,0.92926749012969345,18613.421498952441,0.051115110044358467,0.0066444245474767977,-0.45549766749090664,0.041100548706542075,-0.0034887346327264496,0.063906953777349895,0.040024698745256777,311.90750226527183,-0.026147273172407646,0.026147273172407646,0.00088276097355065146,-0.00088276097355065146,0.05905461414417524,0,0.57499999999999019,1,0,15.514787599802606,0,-0.89068251305048163,149230.35131021461,-101736.67363041216,408946.88878473226,-139810.90027340967,-109102.73292854035,-410374.35615852702,153498.72795451211,63744.825673052619,116122.11003247382
0.013206358282636561,0.048817555119035794,0.92899884187508686,18603.175039068214,0.051129757100208374,0.0066463285100693253,-0.44514829356070745,0.042821726092826112,-0.0010881412398084712,0.062485243609940705,0.044712022612121531,311.90041275185894,-0.02748497810248365,0.02748497810248365,0.00874762058183675,-0.00874762058183675,0.058068527834380601,0,0.56499999999998995,1,0,15.514790780289751,0,-0.89068300285140301,149331.70377856659,-98798.401519278865,431701.2425640595,-138618.99621949502,-105967.81249992087,-433569.64991637546,185021.1309179985,46012.632722898248,102331.75307771466
0.01626224071533143,0.047196111386541492,0.92873086150916939,18592.980674809027,0.05114436987778042,0.0066482280168476977,-0.43285488662532295,0.044063597175843947,0.0010416948790777853,0.060464774712045977,0.049544931726298438,311.89302876836427,-0.028548062216685481,0.028548062216685481,0.016563297885041108,-0.016563297885041108,0.056841787923582493,0,0.55499999999998972,1,0,15.514793960448591,0,-0.89068349260176505,149322.00124027728,-95464.533735526755,453878.15859856672,-137251.96699604791,-102403.03290987607,-456170.40293638426,215464.48219757338,28153.231778740996,88497.565169994705
0.019200983515644032,0.045401182029336531,0.9284638597788275,18582.848868687335,0.051158931695960384,0.0066501208994432133,-0.41869243318513771,0.044831224010895496,0.0028957123003109297,0.05789882171494775,0.054457873154416914,311.88537942323472,-0.029325903529952908,0.029325903529952908,0.024285850302212291,-0.024285850302212291,0.055377176778065772,0,0.54499999999998949,1,0,15.514797140283674,0,-0.89068398230226786,149199.23018501428,-91783.850930253902,475272.25604195573,-135727.98277084215,-98460.766190003735,-477966.31173842546,244539.30988613682,10285.558122946621,74972.218418819131
0.021997101009196732,0.043457715837394946,0.92819815656815796,18572.790552940522,0.051173425302022083,0.0066520049151836515,-0.4027535934123605,0.045132674263484697,0.0044758596885849621,0.054843928975699077,0.059381642143431231,311.87749255590035,-0.029810730109003935,0.029810730109003935,0.031871858834385029,-0.031871858834385029,0.053680296710431036,0,0.53499999999998926,1,0,15.514800319799745,0,-0.89068447195364198,148962.30727804769,-87807.351401845342,495698.12343289895,-134068.83699432272,-94195.973331127141,-498767.67645858478,271973.43474130897,-7475.9857694320435,62085.887026619777
0.024627980081660335,0.041391179044025575,0.92793407837346542,18562.817041201582,0.051187833006319974,0.0066538777646018886,-0.38514751617668397,0.044978632230997795,0.0057907674326179237,0.051358231428510412,0.064245393656459912,311.86939448173098,-0.029997697726923025,0.029997697726923025,0.039278672181986857,-0.039278672181986857,0.051759452453617294,0,0.52499999999998903,1,0,15.514803499001776,0,-0.89068496155665366,148611.02909971128,-83586.954554380136,514991.04979856621,-132299.08353848621,-89664.792414500072,-518406.18805191922,297516.81656262605,-25021.257571607148,50137.839940593003
0.027073911488628699,0.039226926247682786,0.92767195584644691,18552.939939336502,0.051202136814799876,0.006655737108660892,-0.36599836034703692,0.044382053465879603,0.0068552448689966601,0.047499923937361868,0.068978580790739902,311.8611097840739,-0.029884938265075218,0.029884938265075218,0.046464646545959463,-0.046464646545959463,0.049625470781340858,0,0.5149999999999888,1,0,15.514806677895004,0,-0.89068545111210939,148146.00288324882,-79174.228103664558,533007.17000322789,-130445.13400312168,-84923.143256066294,-536735.09909019538,320945.86203637026,-42243.932905228459,39389.124450704512
0.029318051154218594,0.036989600462200893,0.92741212147364971,18543.171058555195,0.051216318555456657,0.0066575805851918851,-0.34544355768856533,0.043357877290254081,0.0076896226848489294,0.043325944539358542,0.073512734033853028,311.85266114936661,-0.029473578378729975,0.029473578378729975,0.053389379764346823,-0.053389379764346823,0.047291463860494855,0,0.50499999999998857,1,0,15.514809856484957,0,-0.89068594062085971,147568.56008389746,-74619.178833836297,549623.09815618058,-128534.35634685174,-80025.393949502526,-553628.85344208428,342067.06970694027,-59040.977705391968,30056.55461371901
0.031346323678396834,0.034702580042705038,0.92715490745564377,18533.522333516146,0.05123035999515408,0.006659405824079691,-0.32363186023132923,0.041922805841084453,0.0083189646902951126,0.038890918613337537,0.077783020959169308,311.84406924710345,-0.028767728239894153,0.028767728239894153,0.060013938467946081,-0.060013938467946081,0.044772544600008915,0,0.49499999999998856,1,0,15.514813034777463,0,-0.89068643008380255,146880.65650784294,-69969.142376737975,564735.14268430485,-126594.20939719134,-75023.13051449864,-568982.27174374938,360719.916508077,-75312.124663990049,22308.160633710915
0.033147281996202788,0.032387487569869866,0.92690064383520254,18524.005747939984,0.051244242943887297,0.0066612104608157622,-0.30072122069896323,0.040095152263242728,0.0087721765336233569,0.03424639057221749,0.081729552317375526,311.83535264828566,-0.027774440469831973,0.027774440469831973,0.066301076977872977,-0.066301076977872977,0.042085503519631196,0,0.48499999999998866,1,0,15.514816212778683,0,-0.89068691950188716,146084.76427170335,-65267.801915636119,578258.20897568029,-124651.44022939382,-69964.064976676105,-582709.40324286569,376778.92204766063,-90959.440578739028,16260.193967107545
0.034711937816472971,0.030063772688082684,0.92664965690671763,18514.633269421527,0.051257949344533676,0.0066629921481648324,-0.27687655828078689,0.037894754769714552,0.0090810410386625087,0.029440348914250663,0.085298424717050486,311.82652778097628,-0.026503639671604597,0.026503639671604597,0.072215446714317275,-0.072215446714317275,0.039248457475690883,0,0.47499999999998876,1,0,15.514819390495127,0,-0.89068740887611575,145183.76187550896,-60554.359329471728,590124.49996755179,-122731.36375754577,-64891.110096796081,-594742.15992201085,390154.85952056275,-105887.06109896074,11975.721632909803
0.036033577148307142,0.027748377591167918,0.92640226791805702,18505.416794266734,0.051271461347296106,0.0066647485658417639,-0.2522674636703548,0.035342947974392566,0.0092792107034704342,0.024517031006495649,0.08844251003560151,311.81760891746285,-0.024968023266717036,0.024968023266717036,0.077723794939117186,-0.077723794939117186,0.036280480954433071,0,0.46499999999998887,1,0,15.51482256793367,0,-0.89068789820754657,144180.82906121813,-55862.875522046605,600282.12201212358,-120857.23687023607,-59841.641154513927,-605028.84610386635,400795.11382132903,-120001.1525566761,9464.7852312969371
0.037107574009093008,0.025455490522307101,0.92615879205291152,18496.368102455293,0.051284761369268447,0.0066664774282544307,-0.22706589695726714,0.032462578560268275,0.0094011876107282198,0.019516977181959012,0.09112201602331288,311.80860818760959,-0.023182934626679617,0.023182934626679617,0.082795151714750534,-0.082795151714750534,0.03320123060786398,0,0.45499999999998897,1,0,15.51482574510155,0,-0.89068838749729562,143079.35287534859,-51221.789907702834,608693.69367403258,-119049.73355859844,-54846.957186910076,-613532.68692554464,408683.21653444396,-133210.13905386475,8686.0480624402935
0.03793121346502084,0.023196389461651746,0.92591953766210866,18487.498821726349,0.051297832140724552,0.0066681764905207946,-0.20144392982452386,0.02927804925715002,0.0094813197111026665,0.014477290627938778,0.093304850768565928,311.79953561574899,-0.021166209767111758,0.021166209767111758,0.08740100402858865,-0.08740100402858865,0.030030573311630823,0,0.44499999999998907,1,0,15.514828922006407,0,-0.89068887674653763,141882.85050518039,-46653.622568872772,615335.04006181215,-117326.52297704172,-49931.946334569569,-620230.44349298556,413837.61276849109,-145425.20883888501,9549.8092749216521
0.038503532688732231,0.020979375236664523,0.92568480569341771,18478.820399231594,0.051310656740737558,0.0066698435530990431,-0.17557157981775021,0.025815373429857666,0.0095528403268662371,0.0094320507392019037,0.094966826074462191,311.7903991735086,-0.018937999136169649,0.018937999136169649,0.091515456103426707,-0.091515456103426707,0.026788227329636864,0,0.43499999999998917,1,0,15.514832098656255,0,-0.89068936595650838,140594.91312853078,-42174.856703884914,620194.03646189894,-115701.94928761791,-45114.952820366801,-625111.18287995551,416309.73551999708,-156561.0894567653,11922.228163234427
0.038825185952174358,0.018809790687419371,0.92545488925663189,18470.344078563041,0.051323218625489643,0.006671476465467556,-0.1496147795031722,0.022102222356229915,0.0096469749672557122,0.0044128233197526382,0.096091732254895285,311.78120484600964,-0.016520566277929128,0.016520566277929128,0.09511537499296277,-0.09511537499296277,0.023493425239914146,0,0.42499999999998928,1,0,15.514835275059518,0,-0.89068985512850485,139219.17335047526,-37795.99380017825,623269.64409027656,-114186.81032148018,-40407.836825063299,-628175.24918758008,416181.4790473762,-166537.05829395974,15630.574881549453
0.038898336628005598,0.016690120296172777,0.92523007325391837,18462.080879502122,0.051335501653075766,0.0066730731293491311,-0.12373351742060723,0.018167948422383087,0.0097921363237041571,-0.0005507889173020881,0.096671310699996363,311.77195670763882,-0.013938065382412721,0.013938065382412721,0.098180520643637137,-0.098180520643637137,0.020164606172565474,0,0.41499999999998938,1,0,15.514838451225028,0,-0.89069034426388671,137759.29696578515,-33521.769581307017,624571.15937304171,-112788.23127970337,-35816.213270316388,-629433.4593971998,413562.173637965,-175278.13576270023,20469.30569420856
0.038726576554242553,0.014620162861489962,0.92501063400271555,18454.041577949847,0.051347490108713534,0.0066746315019880001,-0.098080181161680838,0.014043569798054835,0.01001322477702849,-0.0054306081518777924,0.096705142300262351,311.76265700205903,-0.01121629994490708,0.01121629994490708,0.1006936596915767,-0.1006936596915767,0.016819143688845663,0,0.40499999999998948,1,0,15.514841627162021,0,-0.89069083336407595,136218.99795494456,-29351.515206778149,624117.67784223671,-111509.62955841128,-31339.851318977206,-628906.52634474961,408585.17048101756,-182716.39385858626,26206.750799478741
0.03831487069742269,0.012597268353960793,0.92479683878405639,18446.236683442639,0.051359168734050505,0.0066761495999594685,-0.07279812593547913,0.0097617054186217543,0.010331048030128817,-0.010199401026007079,0.096200460961623727,311.75330622510216,-0.0083824649459677755,0.0083824649459677755,0.10264066235483517,-0.10264066235483517,0.01347311433774007,0,0.39499999999998958,1,0,15.514844802880132,0,-0.89069132243055782,134602.07394298248,-25279.645425973569,621937.75573608337,-110350.76696510403,-26973.213224447081,-626624.69213334785,401404.14759158576,-188792.30404047002,32592.199871578807
0.037669523062578536,0.010616629011563163,0.92458894525917346,18438.676411956134,0.051370522763745478,0.0066776255039250991,-0.048020484868291226,0.0053564529850396872,0.010761869684322278,-0.014830491979333124,0.09517189334100204,311.74390320830975,-0.0054648751281628763,0.0054648751281628763,0.1040105818761678,-0.1040105818761678,0.010141110601034878,0,0.38499999999998968,1,0,15.514847978389424,0,-0.89069181146488063,132912.45795511274,-21296.253352236577,618069.23770868743,-109307.8857762905,-22706.108932646279,-622627.53971581312,392189.24645734986,-193456.04566364959,39363.173815350252
0.03679815833186198,0.0086716139905324771,0.92438720070980562,18431.370652448542,0.051381537971746313,0.0066790573646483328,-0.023869230232107023,0.00086320687108843699,0.011317092789712635,-0.019297495474995471,0.093641119654455304,311.73444520003056,-0.0024926820845248918,0.0024926820845248918,0.10479571606968234,-0.10479571606968234,0.0068361006105718504,0,0.37499999999998979,1,0,15.514851153700361,0,-0.89069230046865622,131154.28128491435,-17387.790168709544,612559.20831456885,-108373.92501352001,-18524.441465690688,-616963.93888365396,381123.14489472174,-196668.69937595661,46252.679888730447
0.035709712809690312,0.006754136454112083,0.92419184018585243,18424.328890424396,0.051392200778277955,0.006680443416901812,-0.00045448810515411503,-0.0036815767881123759,0.012003080698911017,-0.023574180901896204,0.091636447029364299,311.72492794483264,0.00050441701453049134,0.00050441701453049134,0.10499165062533017,-0.10499165062533017,0.0035693357171915313,0,0.36499999999998989,1,0,15.514854328823805,0,-0.89069278944355845,129451.24403638141,-13537.807314411162,605464.01722449053,-107658.03641039002,-14411.82324810404,-609696.33384988597,368395.95574066316,-198225.92968731612,52996.55054326688
0.034414632997544381,0.0048550406365361351,0.92400148424306727,18417.496331831393,0.051402587388344072,0.006681793566531315,0.022125662752939753,-0.0082261216281532858,0.012821128922629606,-0.02762401773093472,0.089192710725665134,311.71534576377491,0.0034964761455148091,0.0034964761455148091,0.10459728392776325,-0.10459728392776325,0.00035030985638709084,0,0.35499999999998999,1,0,15.514857503770298,0,-0.89069327839120915,128276.22486340432,-9727.7025340432192,596848.77955573064,-107615.2807350166,-10350.371724146105,-600907.40124952549,354200.83799493965,-197445.60320873259,59339.796084648791
0.032925472342951616,0.0029644999957571189,0.92381556338160975,18410.850585244829,0.051412729046028637,0.0066831118749378299,0.043785819187021284,-0.012723574646998156,0.013767493889979377,-0.031407986358813346,0.086351559428765129,311.70569163256818,0.0064535996426344656,0.0064535996426344656,0.1036148332500163,-0.1036148332500163,-0.0028132527321735753,0,0.34499999999999009,1,0,15.514860678548221,0,-0.89069376731289984,127037.53305472586,-5937.6162821851922,586795.14649214421,-107633.51230447818,-6314.1924061339187,-590658.52405746421,338742.57879284793,-195244.38960602289,65040.537888479383
0.031256151914655347,0.0010724236723522848,0.92363431429337672,18404.401482600293,0.051422612148504417,0.0066843965738974586,0.064453235374519385,-0.01713815299415155,0.014833600137234049,-0.034903279161438386,0.083159903462149742,311.69595725176691,0.009346240905401336,0.009346240905401336,0.1020498222871912,-0.1020498222871912,-0.0059153629973720152,0,0.33499999999999019,1,0,15.514863853165961,0,-0.89069425620992204,125734.22017879915,-2147.2119273384947,575395.87336544064,-107688.70085024202,-2282.0510208904302,-579044.08440233197,322216.47520105232,-191648.92881113736,69880.091679764504
0.029421708107430593,-0.00083115100749902378,0.92345755919924022,18398.142412514459,0.051432246143852223,0.0066856488915609377,0.084067366500126001,-0.021431523420819106,0.016006396658303619,-0.038087328027941222,0.079668129037848812,311.68613312725478,0.012145497618497951,0.012145497618497951,0.099911050100233614,-0.099911050100233614,-0.008951667809125383,0,0.3249999999999903,1,0,15.514867027632322,0,-0.89069474508363133,125005.5986811249,1663.5686684518146,562751.4812306891,-108395.35143647871,1767.4666111696947,-566185.23527059273,304813.36998201982,-185749.4425967049,73665.389895499029
0.027439069525094839,-0.0027556898568749074,0.92328170941401455,18391.930948810954,0.051441830525866962,0.0066868947600150193,0.10257956770216943,-0.025532122689647156,0.017268737441978235,-0.040906310344244065,0.075930178141611002,311.67620866363649,0.014823400534158244,0.014823400534158244,0.097210541644411896,-0.097210541644411896,-0.011919337397379059,0,0.3149999999999904,1,0,15.514870201953642,0,-0.89069523393500472,125051.80235714481,5513.7171817493281,548972.60382172279,-109927.65909783368,5858.2997938523713,-552196.40001138067,286720.01327197708,-177377.31785599797,76231.323393460494
0.025327605401939863,-0.0047098095196994568,0.9231062121211987,18385.745748951114,0.051451395862705571,0.0066881381527973136,0.11995256367386896,-0.0293983709635895,0.018599841535374268,-0.043327470624081051,0.072004251900371713,311.66617224569097,0.017353192931646003,0.017353192931646003,0.093963480160643528,-0.093963480160643528,-0.014816939012827683,0,0.3049999999999905,1,0,15.514873376132247,0,-0.89069572276439923,125055.09758806399,9420.4448987709111,534192.14796594786,-111440.88697569017,10009.323926969229,-537186.66709805874,268110.17551226914,-167852.27256327623,77447.90787285562
0.023107530012303021,-0.0067009596357311694,0.92293122652796278,18379.593905803955,0.051460933050537901,0.0066893778865060359,0.13615958101547826,-0.03300167275656779,0.019975971617718483,-0.045338261903825249,0.06794882793060357,311.6560113242918,0.019709597961563671,0.019709597961563671,0.090188121809792146,-0.090188121809792146,-0.017644226226741819,0,0.2949999999999906,1,0,15.514876550170545,0,-0.89069621157218681,125023.77487265752,13398.609621201107,518550.53675355104,-112916.47676728155,14236.081803542085,-521298.69502995402,249145.11294284664,-157245.50867132924,77220.935438600936
0.020799609673759704,-0.0087351591307280162,0.92275688630970909,18373.481550133063,0.051470434380478006,0.0066906129590674161,0.15118352706503926,-0.036315552882101323,0.021371108113375181,-0.046928707789765461,0.063820717689856893,311.64571251994101,0.021869071203776277,0.021869071203776277,0.085905693029889346,-0.085905693029889346,-0.020401923884868351,0,0.28499999999999071,1,0,15.514879724071317,0,-0.89069670035879445,124965.70331384573,17460.195375714269,502192.71796157851,-114336.76412320862,18551.110669644466,-504679.87087229476,229973.13475614291,-145636.29962647505,75492.445500952061
0.01842502419963114,-0.010816784234900638,0.92258330113106146,18367.413906262736,0.051479893457947207,0.0066918425392537501,0.16501611348503251,-0.039315931068932816,0.022757644196200397,-0.048091731136358548,0.059674067109693141,311.6352617301543,0.023810035915474596,0.023810035915474596,0.081140271193378646,-0.081140271193378646,-0.023091506729443309,0,0.27499999999999081,1,0,15.514882897837644,0,-0.89069718912469731,124888.16999310489,21613.893145124035,485267.23264010332,-115685.36395423417,22963.490759717588,-487481.36078644521,210728.71536623544,-133111.181516949,72240.72754147365
0.016005213451747314,-0.012948410184760372,0.92241055865996002,18361.395366857636,0.051489305094442821,0.0066930659526144784,0.17765694018952852,-0.041981360968059829,0.02410709035552417,-0.048823430173259859,0.055559454108583615,311.62464423891635,0.025513098618856932,0.025513098618856932,0.075918649235369257,-0.075918649235369257,-0.025714973174209822,0,0.26499999999999091,1,0,15.514886071472903,0,-0.89069767787041576,124797.74414248132,25864.78967837747,467925.16947466315,-116947.52144386037,27478.508672974418,-469857.03922075935,191532.04857627157,-119763.06066832035,67479.413281646455
0.013561712092016015,-0.01513070749254219,0.92223872698240872,18355.429582854988,0.05149866517686507,0.0066942826644900639,0.18911256810054339,-0.044293228480630879,0.025390770033641281,-0.049123287665720265,0.051523110748267049,311.61384483216233,0.026961242874348808,0.026961242874348808,0.070270185014007433,-0.070270185014007433,-0.02827462072277508,0,0.25499999999999101,1,0,15.514889244980742,0,-0.89069816659651113,124700.16895973032,30214.165862553557,450319.02667628863,-118110.41695564632,32097.437126602534,-451962.3188723838,172489.01005327908,-105690.28322733982,61255.740720783419
0.011115976187300754,-0.01736239219272372,0.9220678573159542,18349.519564694187,0.051507970519976291,0.006695492260833243,0.19939560656079011,-0.046235906616535045,0.026580489284386367,-0.048994304029882051,0.047606293959544181,311.60284791668295,0.028139999303242166,0.028139999303242166,0.064226636249919339,-0.064226636249919339,-0.03077282904216198,0,0.244999999999991,1,0,15.514892418365045,0,-0.89069865530358217,124600.28312680844,34659.403203087415,432601.50730363355,-119163.41441944329,36817.42954251921,-433952.90810505277,153691.486516773,-90995.708169135542,53648.088304880039
0.0086892056154702305,-0.019640228125779442,0.9218979869181102,18343.667790382129,0.05151721870783503,0.0066966944275971413,0.20852383805989883,-0.047796866237873124,0.027649165215948696,-0.048443050468717198,0.043844823209587443,311.59163764633053,0.029037590160944593,0.029037590160944593,0.057821981972752019,-0.057821981972752019,-0.033211856089758782,0,0.23499999999999094,1,0,15.514895591629934,0,-0.89069914399226258,124501.97316743592,39193.994279540675,414924.27613752062,-120098.24475267361,41631.525158854551,-415983.52510488883,135218.02394644279,-75785.818759159913,44762.889329065183
0.0063021662706997193,-0.021959078127180939,0.92172914208201662,18337.876316361388,0.051526407930132655,0.0066978889294607496,0.21651939939879922,-0.048966743937862996,0.028571400086478016,-0.047479642839885337,0.040268796705569272,311.5801980520551,0.02964504701631001,0.02964504701631001,0.051092231478708415,-0.051092231478708415,-0.035593651971235089,0,0.22499999999999087,1,0,15.514898764779716,0,-0.89069963266321694,124408.15678335863,43807.650686710462,397436.70669648651,-120909.1182980208,46528.757948665196,-398206.59883886954,117134.74293949666,-60169.899532097937,34731.044510031126
0.0039750159052594925,-0.024311999979106869,0.92156134111600263,18332.146886888713,0.051535536819252215,0.0066990755886483077,0.22340803466730608,-0.049739369875158874,0.029323990230456013,-0.046117640892437958,0.036902490268852041,311.56851317871622,0.029956300361238152,0.029956300361238152,0.044075221873185258,-0.044075221873185258,-0.037919694409872584,0,0.21499999999999081,1,0,15.514901937818909,0,-0.89070012131714038,124320.79629122217,48486.499978653796,380284.64589350403,-121592.76297076243,51494.360599340289,-380770.98601733358,99496.467019441581,-44259.297027867891,23703.954571590311
0.0017271371133858935,-0.026690382168509334,0.92139459720727446,18326.481038204405,0.05154460429357445,0.0067002542645607337,0.22921843158080177,-0.050111759580066792,0.029886361418350979,-0.044373880589662636,0.033764435418913524,311.55656722577925,0.029968240255193158,0.029968240255193158,0.036810405336801265,-0.036810405336801265,-0.040190848865317583,0,0.20499999999999075,1,0,15.514905110752215,0,-0.89070060995475653,124240.94031018474,53213.361537129022,363609.22152072855,-122148.38765136407,56510.053168767328,-363820.73106845561,82348.009109055958,-28166.773535955595,11849.294903900951
