case,step,qpos,qvel,ctrl
arm,0,0.3 -0.5 0.0 0.0,0.0 0.0 0.0 0.0,0.8 -1.2 2.0 0.5
arm,1,0.30087392324322043 -0.5023679960828992 0.0005080440304826414 0.00029312999742481136,0.4369616216102186 -1.1839980414495634 0.2540220152413207 0.14656499871240566,0.8 -1.2 2.0 0.5
arm,2,0.302194719808163 -0.5056195755814186 0.0012982874075837647 0.0007989696141270804,0.660398282471262 -1.6257897492596882 0.3951216885505616 0.25291980835113453,0.8 -1.2 2.0 0.5
arm,3,0.30378820736658824 -0.509154167616957 0.0022452831557082317 0.0014851508571600224,0.7967437792126141 -1.7672960177692258 0.47349787406223365 0.34309062151647096,0.8 -1.2 2.0 0.5
arm,4,0.305583052050869 -0.5127306043564023 0.003279350278098329 0.0023383227152589895,0.8974223421403683 -1.7882183697226506 0.5170335611950486 0.42658592904948367,0.8 -1.2 2.0 0.5
arm,5,0.3075494160206683 -0.5162528447197108 0.004361782986411962 0.0033528134801855763,0.983181984899674 -1.7611201816542317 0.5412163541568165 0.5072453824632933,0.8 -1.2 2.0 0.5
arm,6,0.3096741814813707 -0.5196834386339346 0.0054710809752431646 0.004526105227046768,1.0623827303511888 -1.715296957111919 0.5546489944156012 0.5866458734305962,0.8 -1.2 2.0 0.5
arm,7,0.3119509674440058 -0.5230086414817737 0.0065953010926099375 0.0058570048954687485,1.1383929813175344 -1.6626014239195406 0.5621100586833865 0.6654498342109902,0.8 -1.2 2.0 0.5
arm,8,0.3143760997971129 -0.5262243210303296 0.007727809032159744 0.007344898716457346,1.2125661765535403 -1.6078397742779311 0.5662539697749033 0.7439469104942983,0.8 -1.2 2.0 0.5
arm,9,0.31694697943482786 -0.5293302438659969 0.008864919554145157 0.008989445714692845,1.2854398188574918 -1.5529614178336602 0.5685552609927068 0.8222734991177498,0.8 -1.2 2.0 0.5
arm,10,0.3196614194164771 -0.5323277498030416 0.010004585701891873 0.01079045030325338,1.3572199908246216 -1.4987529685223429 0.5698330738733574 0.9005022942802675,0.8 -1.2 2.0 0.5
arm,11,0.3225173752783062 -0.5352188016569778 0.011145670695692843 0.012747808337103709,1.4279779309145635 -1.4455259269680447 0.5705424969004856 0.9786790169251643,0.8 -1.2 2.0 0.5
arm,12,0.3255128355340898 -0.5380055957515 0.01228754348360355 0.014861483472756013,1.497730127891781 -1.3933970472610946 0.5709363939553529 1.0568375678261526,0.8 -1.2 2.0 0.5
arm,13,0.32864577771861925 -0.540690402012844 0.013429854072640504 0.01713149612023239,1.5664710922647371 -1.3424031306720476 0.5711552945184778 1.1350063237381889,0.8 -1.2 2.0 0.5
arm,14,0.331914151352497 -0.5432754984499794 0.014572408721956333 0.019557917681399632,1.6341868169388982 -1.2925482185676807 0.571277324657914 1.2132107805836208,0.8 -1.2 2.0 0.5
arm,15,0.3353158719987783 -0.5457631445788835 0.015715100606050164 0.02214086704622676,1.7008603231406398 -1.2438230644520947 0.5713459420469152 1.2914746824135646,0.8 -1.2 2.0 0.5
arm,16,0.33884881989547627 -0.5481555709588339 0.01685787128983927 0.024880508084103598,1.7664739483489789 -1.1962131899752146 0.571385341894554 1.3698205189384192,0.8 -1.2 2.0 0.5
arm,17,0.34251084047038577 -0.5504549753992245 0.01800068931885735 0.0277770475992548,1.831010287454752 -1.149702220195304 0.5714090145090407 1.448269757575602,0.8 -1.2 2.0 0.5
arm,18,0.3462997456202622 -0.5526635219175642 0.019143538316545177 0.030830733524012437,1.894452574938226 -1.104273259169839 0.571424498843914 1.526842962378817,0.8 -1.2 2.0 0.5
arm,19,0.35021331528859023 -0.5547833408161363 0.02028641036265639 0.034041853251191204,1.9567848341640162 -1.0599094492861059 0.5714360230556065 1.6055598635893824,0.8 -1.2 2.0 0.5
arm,20,0.35424929914727316 -0.556816529195676 0.02142930230541102 0.0374107320604487,2.0179919293414486 -1.0165941897698656 0.5714459713773151 1.6844394046287454,0.8 -1.2 2.0 0.5
arm,21,0.35840541830072237 -0.5587651516213566 0.022572213703527574 0.04093773161626477,2.078059576724614 -0.9743112128402915 0.5714556990582772 1.7634997779080375,0.8 -1.2 2.0 0.5
arm,22,0.362679366978245 -0.560631240822693 0.023715145673888403 0.044623248524954785,2.1369743387613203 -0.9330446006681694 0.571465985180415 1.842758454345007,0.8 -1.2 2.0 0.5
arm,23,0.36706871709160943 -0.562416584850941 0.024858100242551966 0.048463300642028716,2.194675056682233 -0.892672014124037 0.571477284331782 1.9200260585369664,0.8 -1.2 2.0 0.5
arm,24,0.3715710078615017 -0.5641229653032442 0.026001079981784154 0.05245189636893169,2.251145384946128 -0.8531902261516138 0.5714898696160946 1.9942978634514854,0.8 -1.2 2.0 0.5
arm,25,0.3761837926265123 -0.5657522502395429 0.027144087794326206 0.05658323262356763,2.3063923825052997 -0.8146424681493456 0.5715039062710255 2.065668127317973,0.8 -1.2 2.0 0.5
arm,26,0.38090462131936864 -0.5673063266205842 0.028287126781772854 0.060851685018432654,2.3604143464281804 -0.7770381905206368 0.5715194937233244 2.1342261974325094,0.8 -1.2 2.0 0.5
arm,27,0.3857310338493586 -0.56878707128068 0.02943020016524199 0.06525180064452293,2.413206264994984 -0.7403723300478592 0.571536691734568 2.2000578130451403,0.8 -1.2 2.0 0.5
arm,28,0.39066055818133893 -0.5701963385846852 0.03057331123476646 0.06977829205575745,2.4647621659901677 -0.7046336520026292 0.5715555347622345 2.2632457056172557,0.8 -1.2 2.0 0.5
arm,29,0.39569071042739046 -0.5715359553215623 0.0317164633146362 0.07442603183915039,2.5150761230257563 -0.6698083684385665 0.5715760399348689 2.323869891696473,0.8 -1.2 2.0 0.5
arm,30,0.4008189957877804 -0.5728077187372806 0.032859659737765855 0.0791900474997423,2.5641426801949825 -0.635881707859184 0.5715982115648285 2.3820078302959526,0.8 -1.2 2.0 0.5
arm,31,0.4060429098358738 -0.5740133959254163 0.0340029038253286 0.08406551653949815,2.6119570240467067 -0.6028385940678466 0.571622043781371 2.437734519877919,0.8 -1.2 2.0 0.5
arm,32,0.41135993992725767 -0.5751547237991929 0.03514619886961128 0.08904776167540691,2.6585150456919178 -0.5706639368882592 0.5716475221413428 2.4911225679543847,0.8 -1.2 2.0 0.5
arm,33,0.41676756663770115 -0.5762334093065398 0.03628954811897557 0.09413224617130304,2.7038133552217327 -0.5393427536734395 0.5716746246821423 2.5422422479480673,0.8 -1.2 2.0 0.5
arm,34,0.422263265188866 -0.5772511297409524 0.0374329547643137 0.09931456927110893,2.7478492755824275 -0.5088602172062808 0.5717033226690635 2.5911615499029437,0.8 -1.2 2.0 0.5
arm,35,0.4278445068444321 -0.5782095330846281 0.0385764219266615 0.1045904617272746,2.7906208277830657 -0.4792016718378427 0.5717335811738973 2.637946228082836,0.8 -1.2 2.0 0.5
arm,36,0.43350876026970336 -0.579110238357035 0.039719952645779724 0.10995578142110876,2.832126712635643 -0.45035263620346444 0.5717653595591127 2.682659846917081,0.8 -1.2 2.0 0.5
arm,37,0.4392534928523057 -0.5799548359581326 0.04086354986959562 0.11540650907318845,2.872366291301164 -0.4222988005488074 0.5717986119079477 2.7253638260398434,0.8 -1.2 2.0 0.5
arm,38,0.445076171983564 -0.5807448880024648 0.042007216444440054 0.12093874404286829,2.911339565629139 -0.3950260221661191 0.5718332874222204 2.7661174848399215,0.8 -1.2 2.0 0.5
arm,39,0.45097426630098825 -0.5814819286433545 0.04315095510603923 0.12654870021642498,2.949047158712135 -0.3685203204448338 0.5718693307995882 2.8049780867783385,0.8 -1.2 2.0 0.5
arm,40,0.4569452468926444 -0.5821674643876763 0.0442947684712322 0.13223270198372064,2.985490295828066 -0.34276787216089427 0.5719066825964831 2.842000883647829,0.8 -1.2 2.0 0.5
arm,41,0.46298658846431184 -0.5828029744021608 0.045438659030392105 0.13798718030352075,3.0206707858337425 -0.31775500724223726 0.5719452795799524 2.877239159900057,0.8 -1.2 2.0 0.5
arm,42,0.46909577047036355 -0.5833899108123191 0.04658262914053212 0.14380866885778992,3.0545910030258576 -0.29346820507912286 0.571985055070007 2.910744277134582,0.8 -1.2 2.0 0.5
arm,43,0.4752702782092945 -0.5839296989950706 0.04772668101907852 0.14969380029542995,3.0872538694654814 -0.2698940913757936 0.5720259392731999 2.942565718820017,0.8 -1.2 2.0 0.5
arm,44,0.48150760388480274 -0.5844237378660919 0.0488708167382939 0.15563930256602745,3.118662837754111 -0.24701943551064168 0.5720678596076894 2.972751135298751,0.8 -1.2 2.0 0.5
arm,45,0.4878052476332958 -0.5848734001628151 0.050015038220333485 0.16164199534424817,3.1488218742465186 -0.22483114836160487 0.5721107410197906 3.001346389110356,0.8 -1.2 2.0 0.5
arm,46,0.494160718518666 -0.5852800327239178 0.05115934723291731 0.16769878654555725,3.1777354426850906 -0.20331628055134793 0.5721545062919119 3.0283956006545463,0.8 -1.2 2.0 0.5
arm,47,0.5005715354951474 -0.585644956766054 0.05230374538560072 0.1738066689339611,3.205408488240706 -0.18246202106807882 0.5721990763417034 3.053941194201929,0.8 -1.2 2.0 0.5
arm,48,0.5070352283390392 -0.5859694681584952 0.05344823412662521 0.17996271682246012,3.2318464219458924 -0.16225569622055758 0.5722443705122449 3.078023944249506,0.8 -1.2 2.0 0.5
arm,49,0.5135493385500527 -0.5862548376962731 0.05459281474033139 0.1861640828668759,3.2570551055067405 -0.14268476888896295 0.5722903068530908 3.1006830222078983,0.8 -1.2 2.0 0.5
arm,50,0.5201114202230143 -0.586502311372346 0.05573748834511542 0.1924079949536727,3.281040836480792 -0.1237368380364691 0.5723368023920146 3.121956043398385,0.8 -1.2 2.0 0.5
arm,51,0.5267190408906318 -0.5867131106492447 0.05688225589191003 0.1986917531823328,3.303810333808763 -0.10539963844938086 0.5723837733973073 3.14187911433005,0.8 -1.2 2.0 0.5
arm,52,0.5333697823380089 -0.5868884327305977 0.05802711816317106 0.20501272694277384,3.325370723688535 -0.08766104067649022 0.5724311356305141 3.16048688022053,0.8 -1.2 2.0 0.5
arm,53,0.5400612413895697 -0.5870294508328795 0.059172075772350084 0.21136835208820975,3.345729525780358 -0.07050905114090016 0.57247880458951 3.177812572717956,0.8 -1.2 2.0 0.5
arm,54,0.5467910306690349 -0.5871373144576792 0.06031712916383377 0.2177561282037631,3.3648946397326314 -0.05393181239990079 0.5725266957418436 3.1938880577766837,0.8 -1.2 2.0 0.5
arm,55,0.5535567793330709 -0.5872131496647405 0.06146227861333037 0.22417361597103344,3.3828743320180052 -0.03791760353061892 0.5725747247482976 3.208743883635159,0.8 -1.2 2.0 0.5
arm,56,0.5603561337792107 -0.5872580593459826 0.06260752422868365 0.23061843462871506,3.399677223069882 -0.02245484062109952 0.5726228076766392 3.2224093288408104,0.8 -1.2 2.0 0.5
arm,57,0.5671867583286301 -0.5872731235006791 0.06375286595109475 0.23708825952924317,3.415312274709686 -0.007532077348222043 0.5726708612055521 3.234912450264054,0.8 -1.2 2.0 0.5
arm,58,0.5740463358843412 -0.58725939951193 0.06489830355673229 0.24358081979132587,3.429788777855526 0.0068619943745677325 0.5727188028187664 3.246280131041347,0.8 -1.2 2.0 0.5
arm,59,0.5809325685653475 -0.5872179224245393 0.06604383665871112 0.2500938960480972,3.443116340503138 0.02073854369530434 0.5727665509894152 3.2565381283856536,0.8 -1.2 2.0 0.5
arm,60,0.5878431783172878 -0.587149705224376 0.06718946470942047 0.25662531829050045,3.4553048759701905 0.03410860008163282 0.5728140253546719 3.2657111212016474,0.8 -1.2 2.0 0.5
arm,61,0.5947759075000784 -0.5870557391192717 0.06833518700318195 0.2631729638053853,3.4663645913952847 0.046983052552175913 0.5728611468807342 3.273822757442431,0.8 -1.2 2.0 0.5
arm,62,0.6017285194530447 -0.5869369938214852 0.06948100267921843 0.2697347552076742,3.4763059764831765 0.05937264889321939 0.5729078380182407 3.2808957011444506,0.8 -1.2 2.0 0.5
arm,63,0.6086987990380207 -0.5867944178317415 0.07062691072491487 0.27630865856582937,3.4851397924879683 0.07128799487187108 0.5729540228482172 3.286951679077591,0.8 -1.2 2.0 0.5
arm,64,0.6156845531608731 -0.5866289387248296 0.0717729099793522 0.2828926816197256,3.4928770614262277 0.08273955345597281 0.5729996272186685 3.292011526948105,0.8 -1.2 2.0 0.5
arm,65,0.6226836112718975 -0.5864414634367291 0.07291899913709608 0.2894848720899117,3.4995290555122236 0.09373764405025561 0.5730445788719412 3.296095235093047,0.8 -1.2 2.0 0.5
arm,66,0.6296938258455129 -0.586232878553214 0.07406517675222207 0.296083316077124,3.5051072868076902 0.10429244175752483 0.5730888075629978 3.2992219936061504,0.8 -1.2 2.0 0.5
arm,67,0.6367130728396705 -0.586004050599868 0.07521144124255957 0.3026861365507974,3.5096234970787688 0.11441397667298968 0.5731322451687526 3.3014102368366918,0.8 -1.2 2.0 0.5
arm,68,0.6437392521353765 -0.5857558263334295 0.07635779089413683 0.3092914919252067,3.513089647853034 0.12411213321925335 0.5731748257886303 3.3026776872046484,0.8 -1.2 2.0 0.5
arm,69,0.6507702879567161 -0.5854890330343716 0.07750422386580987 0.31589757472176166,3.515517910669761 0.13339664952891792 0.5732164858365205 3.3030413982774776,0.8 -1.2 2.0 0.5
arm,70,0.6578041292717498 -0.5852044788006091 0.07865073819405848 0.3225026103158737,3.5169206575168674 0.14227711688122743 0.5732571641243077 3.3025177970560224,0.8 -1.2 2.0 0.5
arm,71,0.6648387501746463 -0.5849029528422117 0.0797973317979328 0.3291048557667125,3.5173104514482403 0.15076297919868234 0.5732968019371654 3.301122725419396,0.8 -1.2 2.0 0.5
arm,72,0.6718721502493973 -0.5845852257769936 0.08094400248413443 0.33570259872807484,3.516700037375452 0.15886353260909453 0.5733353431008122 3.2988714806811603,0.8 -1.2 2.0 0.5
arm,73,0.6789023549154536 -0.5842520499268373 0.0820907479522163 0.34229415643849825,3.5151023330281688 0.16658792507811254 0.573372734040932 3.295778855211709,0.8 -1.2 2.0 0.5
arm,74,0.6859274157556093 -0.5839041596146037 0.08323756579988624 0.3488778747886671,3.5125304200778675 0.173945156116801 0.5734089238349682 3.2918591750844377,0.8 -1.2 2.0 0.5
arm,75,0.6929454108264489 -0.5835422714614668 0.08438445352839925 0.35545212746407917,3.508997535419781 0.18094407656847727 0.5734438642565082 3.2871263377060416,0.8 -1.2 2.0 0.5
arm,76,0.6999544449516656 -0.5831670846845096 0.08553140854802421 0.3620153151608674,3.504517062608333 0.18759338847858295 0.5734775098124765 3.2815938483940914,0.8 -1.2 2.0 0.5
arm,77,0.7069526499985489 -0.5827792813944076 0.08667842818357094 0.3685658648726032,3.4991025234416333 0.19390164505100013 0.5735098177733621 3.275274855867897,0.8 -1.2 2.0 0.5
arm,78,0.7139381851379307 -0.58237952689302 0.08782550967996434 0.3751022292458463,3.492767569690941 0.19987725069382176 0.5735407481967062 3.2681821866215506,0.8 -1.2 2.0 0.5
arm,79,0.7209092370878734 -0.5819684699707055 0.08897265020785251 0.38162288600214817,3.485525974971335 0.2055284611572298 0.5735702639440838 3.2603283781509442,0.8 -1.2 2.0 0.5
arm,80,0.7278640203413737 -0.581546743203174 0.09011984686923613 0.3881263374241671,3.4773916267501614 0.21086338376575034 0.5735983306918089 3.2517257110094686,0.8 -1.2 2.0 0.5
arm,81,0.7348007773783539 -0.5811149632476804 0.09126709670310733 0.39461110990350706,3.4683785184901494 0.21588997774679727 0.573624916935602 3.2423862396699916,0.8 -1.2 2.0 0.5
arm,82,0.7417177788622028 -0.5806737311383663 0.09241439669108624 0.4010757535478543,3.458500741924426 0.2206160546570526 0.5736499939894542 3.2323218221736076,0.8 -1.2 2.0 0.5
arm,83,0.7486133238211248 -0.5802236325805505 0.09356174376304409 0.4075188418449513,3.447772479460969 0.22504927890786727 0.5736735359789255 3.2215441485485075,0.8 -1.2 2.0 0.5
arm,84,0.7554857398145535 -0.5797652382437695 0.09470913480270232 0.41393897138092156,3.4362079967143564 0.2291971683905223 0.5736955198291163 3.210064767985142,0.8 -1.2 2.0 0.5
arm,85,0.7623333830848794 -0.5792991040533658 0.09585656665319742 0.42033476161043487,3.4238216351629713 0.233067095201825 0.5737159252475487 3.197895114756642,0.8 -1.2 2.0 0.5
arm,86,0.7691546386947397 -0.5788257714804255 0.0970040361226018 0.42670485467618724,3.410627804930132 0.23666628647017587 0.5737347347021935 3.185046532876193,0.8 -1.2 2.0 0.5
arm,87,0.7759479206501154 -0.5783457678298617 0.09815153998939156 0.43304791527515873,3.3966409776878788 0.24000182528189215 0.5737519333948825 3.171530299485752,0.8 -1.2 2.0 0.5
arm,88,0.7827116720094803 -0.5778596065264472 0.09929907500785223 0.43936263056910496,3.3818756796824427 0.2430806517072409 0.5737675092303351 3.1573576469731086,0.8 -1.2 2.0 0.5
arm,89,0.7894443649792416 -0.5773677873985966 0.10044663791341431 0.4456477101367387,3.3663464848806752 0.24590956392528757 0.5737814527810381 3.1425397838168685,0.8 -1.2 2.0 0.5
arm,90,0.7961445009957155 -0.5768707969597039 0.10159422542791072 0.45190188596506153,3.3500680082369554 0.2484952194463597 0.573793757248203 3.1270879141614105,0.8 -1.2 2.0 0.5
arm,91,0.8028106107938762 -0.5763691086868428 0.10274183426474878 0.45812391247731415,3.333054899080331 0.2508441364305832 0.5738044184190338 3.111013256126301,0.8 -1.2 2.0 0.5
arm,92,0.8094412544631199 -0.5758631832966414 0.10388946113398984 0.4643125665950281,3.31532183462186 0.25296269510064723 0.5738134346205253 3.0943270588569822,0.8 -1.2 2.0 0.5
arm,93,0.8160350214902845 -0.5753534690181481 0.10503710274732987 0.47046664783167974,3.296883513582318 0.25485713924665554 0.5738208066700186 3.0770406183258134,0.8 -1.2 2.0 0.5
arm,94,0.8225905307901658 -0.5748404018625068 0.10618475582297532 0.4765849784154692,3.2777546499406056 0.2565335778206172 0.5738265378227255 3.059165291894721,0.8 -1.2 2.0 0.5
arm,95,0.8291064307237725 -0.5743244058892711 0.10733241709040821 0.4826664034387748,3.2579499668033725 0.25799798661785545 0.5738306337164415 3.040712511652808,0.8 -1.2 2.0 0.5
arm,96,0.8355813991045655 -0.5738058934691864 0.10848008329503551 0.48870979103186335,3.2374841903964913 0.25925621004234495 0.5738331023136533 3.0216937965442754,0.8 -1.2 2.0 0.5
arm,97,0.8420141431929239 -0.573285265543281 0.109627751202718 0.4947140325584712,3.216372044179161 0.26031396295271947 0.5738339538412474 3.0021207633039175,0.8 -1.2 2.0 0.5
arm,98,0.848403399679087 -0.57276291187811 0.11077541760417405 0.5006780428309098,3.194628243081508 0.26117683258547053 0.5738332007280211 2.9820051362192914,0.8 -1.2 2.0 0.5
arm,99,0.8547479346548202 -0.5722392113170068 0.11192307931925442 0.5066007603423905,3.172267487866652 0.26185028055160087 0.5738308575401915 2.9613587557403744,0.8 -1.2 2.0 0.5
arm,100,0.8610465435740567 -0.5717145320272012 0.1130707332010846 0.5124811475143088,3.149304459618257 0.26233964490280653 0.5738269409150905 2.940193585959172,0.8 -1.2 2.0 0.5
arm,101,0.867298051202766 -0.5711892317426751 0.11421837614007108 0.5183181909562754,3.1257538143546504 0.2626501422630543 0.5738214694932362 2.9185217209832808,0.8 -1.2 2.0 0.5
arm,102,0.8735013115583072 -0.5706636580026326 0.11536600506776899 0.5241109017367331,3.1016301777706117 0.26278687002124157 0.5738144638489572 2.896355390228859,0.8 -1.2 2.0 0.5
arm,103,0.8796552078385231 -0.5701381483854717 0.11651361696060848 0.5298583156620528,3.076948140107948 0.26275480858046296 0.5738059464197454 2.873706962659813,0.8 -1.2 2.0 0.5
arm,104,0.8857586523408351 -0.5696130307381532 0.1176612088434775 0.5355594935620553,3.0517222511559727 0.26255882365925975 0.5737959414345056 2.850588950001269,0.8 -1.2 2.0 0.5
arm,105,0.891810586371601 -0.569088623400873 0.11880877779315924 0.5412135215799685,3.0259670153829656 0.262203668640113 0.5737844748408687 2.8270140089565614,0.8 -1.2 2.0 0.5
arm,106,0.8978099801460004 -0.5685652354269524 0.11995632094162267 0.5468195114648846,2.999696887199674 0.26169398696031543 0.57377157423172 2.8029949424580503,0.8 -1.2 2.0 0.5
arm,107,0.9037558326787121 -0.5680431667978718 0.12110383547916487 0.5523766008648507,2.972926266355837 0.26103431454027715 0.5737572687711 2.778544699983047,0.8 -1.2 2.0 0.5
arm,108,0.9096471716656533 -0.5675227086333833 0.12225131865740411 0.5578839536187848,2.945669493470664 0.2602290822442513 0.5737415891196209 2.7536763769670265,0.8 -1.2 2.0 0.5
arm,109,0.9154830533570495 -0.5670041433966465 0.12339876779212319 0.5633407600454791,2.9179408456980935 0.25928261836840716 0.5737245673595391 2.7284032133470877,0.8 -1.2 2.0 0.5
arm,110,0.9212625624221047 -0.5664877450943442 0.12454618026596243 0.5687462372280178,2.8897545325275815 0.25819915115114794 0.5737062369196179 2.702738591269342,0.8 -1.2 2.0 0.5
arm,111,0.9269848118055468 -0.5659737794717431 0.12569355353096223 0.5740996292920068,2.8611246917210384 0.2569828113005506 0.5736866324999089 2.6766960319945134,0.8 -1.2 2.0 0.5
arm,112,0.9326489425763197 -0.5654625042026754 0.12684088511095537 0.5794002076760799,2.8320653853864224 0.2556376345338267 0.573665789996576 2.650289192036569,0.8 -1.2 2.0 0.5
arm,113,0.9382541237686964 -0.564954169074428 0.12798817260380912 0.5846472713932193,2.802590596188361 0.25416756412369645 0.5736437464268752 2.623531858569647,0.8 -1.2 2.0 0.5
arm,114,0.9437995522160885 -0.5644490161675347 0.12913541368351794 0.589840147281497,2.7727142236960276 0.2525764534466321 0.5736205398544048 2.5964379441389,0.8 -1.2 2.0 0.5
arm,115,0.9492844523778252 -0.5639472800304788 0.1302826061021474 0.5949781902429193,2.742450080868351 0.2508680685279818 0.5735962093147303 2.569021480711155,0.8 -1.2 2.0 0.5
arm,116,0.9547080761591782 -0.5634491878493207 0.13142974769163038 0.6000607834691223,2.711811890676478 0.24904609057903523 0.5735707947414843 2.541296613101495,0.8 -1.2 2.0 0.5
arm,117,0.9600697027249047 -0.5629549596122783 0.13257683636541645 0.6050873386527462,2.68081328286324 0.2471141185212229 0.5735443368930343 2.5132775918119714,0.8 -1.2 2.0 0.5
arm,118,0.965368638306583 -0.5624648082692928 0.13372387011997608 0.6100572961833837,2.649467790839209 0.24507567149270668 0.5735168772798094 2.484978765318728,0.8 -1.2 2.0 0.5
arm,119,0.9706042160040125 -0.5619789398866273 0.1348708470361608 0.6149701253270712,2.617788848714747 0.24293419133277397 0.5734884580923707 2.456414571843765,0.8 -1.2 2.0 0.5
arm,120,0.9757757955809471 -0.5614975537965482 0.13601776528042142 0.6198253243883661,2.5857897884672854 0.24069304503955502 0.5734591221303015 2.4275995306474907,0.8 -1.2 2.0 0.5
arm,121,0.9808827632554328 -0.5610208427421547 0.1371646231058854 0.6246224208541222,2.553483837242877 0.23835552719675193 0.5734289127319935 2.3985482328780385,0.8 -1.2 2.0 0.5
arm,122,0.9859245314850146 -0.5605489930174242 0.1383114188532962 0.6293609715181484,2.5208841147908956 0.23592486236522162 0.5733978737053992 2.3692753320130935,0.8 -1.2 2.0 0.5
arm,123,0.9909005387470757 -0.5600821846025533 0.13945815095181582 0.6340405625860078,2.4880036310305598 0.23340420743542828 0.5733660492598133 2.339795533929686,0.8 -1.2 2.0 0.5
arm,124,0.9958102493145713 -0.5596205912946794 0.14060481791969331 0.638660809759282,2.454855283747801 0.23079665393696192 0.5733334839387431 2.3101235866370495,0.8 -1.2 2.0 0.5
arm,125,1.000653153027413 -0.5591643808340764 0.14175141836480118 0.6432213582986964,2.4214518564207905 0.2281052303015188 0.5733002225539269 2.2802742697072396,0.8 -1.2 2.0 0.5
arm,126,1.0054287650597575 -0.5587137150259245 0.14289795098504227 0.6477218830655719,2.38780601617228 0.22533290407593934 0.573266310120549 2.2502623834377316,0.8 -1.2 2.0 0.5
arm,127,1.010136625683451 -0.5582687498577603 0.14404441456862968 0.6521620885411313,2.3539303118467343 0.22248258408210678 0.5732317917937008 2.2201027377797193,0.8 -1.2 2.0 0.5
arm,128,1.0147763000278711 -0.5578296356127188 0.14519080799424194 0.6565417088232618,2.3198371722100637 0.2195571225207364 0.5731967128061326 2.189810141065249,0.8 -1.2 2.0 0.5
arm,129,1.0193473778364104 -0.5573965169786862 0.1463371302310566 0.6608605076003933,2.285538904269602 0.21655931701629186 0.5731611184073346 2.1593993885657286,0.8 -1.2 2.0 0.5
arm,130,1.023849473219834 -0.5569695331534852 0.14748338033866457 0.6651182781022207,2.251047691711817 0.21349191260051445 0.5731250538039866 2.128885250913695,0.8 -1.2 2.0 0.5
arm,131,1.0282822244067442 -0.5565488179462207 0.14862955746686818 0.6693148430270587,2.216375593455092 0.2103576036322665 0.5730885641018081 2.098282462419017,0.8 -1.2 2.0 0.5
arm,132,1.0326452934913737 -0.5561344998749175 0.14977566085536587 0.6734500544456786,2.1815345423147736 0.20715903565163193 0.5730516942488402 2.0676057093099924,0.8 -1.2 2.0 0.5
arm,133,1.0369383661789286 -0.5557267022605846 0.15092168983332624 0.6775237936815367,2.1465363437775387 0.2038988071664526 0.5730144889801887 2.0368696179290247,0.8 -1.2 2.0 0.5
arm,134,1.0411611515286927 -0.5553255433178452 0.15206764381885474 0.6815359711673602,2.111392674882015 0.20057947136972654 0.5729769927642486 2.006088742911761,0.8 -1.2 2.0 0.5
arm,135,1.0453133816950977 -0.5549311362422722 0.1532135223183556 0.6854865262781157,2.076115083202467 0.1972035377865143 0.572939249750438 1.975277555377751,0.8 -1.2 2.0 0.5
arm,136,1.0493948116669622 -0.5545435892945737 0.15435932492579252 0.6893754271404353,2.040714985932245 0.19377347384925367 0.5729013037184552 1.944450431159824,0.8 -1.2 2.0 0.5
arm,137,1.0534052190050895 -0.5541630058817725 0.1555050513218507 0.6932026704186324,2.005203669063609 0.19029170640061402 0.5728631980290824 1.9136216390985052,0.8 -1.2 2.0 0.5
arm,138,1.0573444035784103 -0.553789484635526 0.1566507012730038 0.6969682810774861,1.969592286660431 0.18676062312325256 0.5728249755765454 1.882805329426885,0.8 -1.2 2.0 0.5
arm,139,1.0612121872988507 -0.5534231194877339 0.15779627463048868 0.700672312122027,1.933891860220219 0.18318257389606857 0.5727866787424463 1.8520155222704362,0.8 -1.2 2.0 0.5
arm,140,1.0650084138550944 -0.5530639997435803 0.15894177132919124 0.7043148443145977,1.8981132781218217 0.17955987207677646 0.5727483493512768 1.8212660962853358,0.8 -1.2 2.0 0.5
arm,141,1.0687329484454047 -0.5527122101521587 0.16008719138644628 0.7078959858695134,1.8622672951551242 0.17589479571084257 0.5727100286275261 1.790570777457888,0.8 -1.2 2.0 0.5
arm,142,1.0723856775096627 -0.5523678309748246 0.16123253490075506 0.7114158721256868,1.8263645321289979 0.17218958866704026 0.5726717571543846 1.7599431280866888,0.8 -1.2 2.0 0.5
arm,143,1.0759665084607701 -0.5520309380514243 0.16237780205042318 0.7148746651976232,1.7904154755537225 0.16844646170009833 0.5726335748340552 1.7293965359681858,0.8 -1.2 2.0 0.5
arm,144,1.0794753694155583 -0.5517016028645422 0.16352299309212254 0.7182725536052338,1.7544304773940875 0.16466759344110668 0.5725955208496718 1.6989442038053109,0.8 -1.2 2.0 0.5
arm,145,1.0829122089253371 -0.551379892601909 0.1646681083593802 0.7216097518829495,1.7184197548893474 0.16085513131655982 0.5725576336288312 1.668599138857869,0.8 -1.2 2.0 0.5
arm,146,1.0862769957062095 -0.5510658702171148 0.1658131482609977 0.7248865001686543,1.6823933904362223 0.15701119239707512 0.5725199508087377 1.638374142852372,0.8 -1.2 2.0 0.5
arm,147,1.0895697183692719 -0.5507595944887608 0.1669581132794036 0.7281030637729903,1.6463613315311225 0.15313786417704256 0.5724825092029621 1.608281802168013,0.8 -1.2 2.0 0.5
arm,148,1.0927903851508074 -0.5504611200781876 0.16810300396894323 0.7312597327296192,1.6103333907678088 0.14923720528659232 0.5724453447698125 1.578334478314479,0.8 -1.2 2.0 0.5
arm,149,1.0959390236425808 -0.5501704975859126 0.16924782095410787 0.7343568213270518,1.5743192458867177 0.1453112461374609 0.5724084925823175 1.5485442987163034,0.8 -1.2 2.0 0.5
arm,150,1.0990156805223252 -0.5498877736069037 0.1703925649277075 0.7373946676226868,1.5383284398722246 0.1413619895044696 0.572371986799816 1.518923147817473,0.8 -1.2 2.0 0.5
arm,151,1.1020204212845135 -0.5496129907848147 0.1715372366489898 0.7403736329397248,1.502370381094164 0.13739141104447547 0.5723358606411503 1.4894826585190148,0.8 -1.2 2.0 0.5
arm,152,1.1049533299714935 -0.5493461878653052 0.17268183694170872 0.7432941013476474,1.4664543434899813 0.13340145975479187 0.572300146359458 1.4602342039613105,0.8 -1.2 2.0 0.5
arm,153,1.1078145089050615 -0.5490873997485588 0.17382636669214582 0.7461564791269713,1.4305894667839596 0.12939405837319093 0.5722648752185565 1.431188889661912,0.8 -1.2 2.0 0.5
arm,154,1.1106040784185416 -0.5488366575411153 0.17497082684708765 0.7489611942190086,1.39478475674004 0.125371103721711 0.5722300774709123 1.402357546018677,0.8 -1.2 2.0 0.5
arm,155,1.1133221765894312 -0.5485939886071222 0.17611521841176203 0.7517086956613828,1.3590490854448334 0.12133446699660735 0.572195782337188 1.3737507211870827,0.8 -1.2 2.0 0.5
arm,156,1.1159689589726662 -0.5483594166191085 0.17725954244773676 0.7543994530100621,1.3233911916175198 0.11728599400684647 0.5721620179873587 1.3453786743396485,0.8 -1.2 2.0 0.5
arm,157,1.118544598334553 -0.5481329616083812 0.17840380007078352 0.757033955748691,1.287819680943425 0.11322750536365123 0.5721288115233867 1.3172513693144634,0.8 -1.2 2.0 0.5
arm,158,1.1210492843874094 -0.5479146400151339 0.17954799244871042 0.7596127126860088,1.25234302642817 0.10916079662366017 0.5720961889634469 1.2893784686589111,0.8 -1.2 2.0 0.5
arm,159,1.1234832235249481 -0.5477044647383573 0.1806921207991658 0.7621362513421565,1.2169695687694073 0.10508763838831663 0.5720641752276885 1.2617693280737876,0.8 -1.2 2.0 0.5
arm,160,1.1258466385584347 -0.547502445185633 0.18183618638741686 0.7646051173246807,1.1817075167432671 0.10100977636216718 0.5720327941255237 1.2344329912621281,0.8 -1.2 2.0 0.5
arm,161,1.1281397684536403 -0.5473085873228875 0.18298019052410572 0.7670198736950531,1.1465649476027715 0.09692893137276506 0.5720020683444293 1.2073781851862038,0.8 -1.2 2.0 0.5
arm,162,1.1303628680686115 -0.5471228937241776 0.1841241345629862 0.7693811003265237,1.1115498074855907 0.092846799354925 0.5719720194402494 1.1806133157353,0.8 -1.2 2.0 0.5
arm,163,1.1325162078922688 -0.5469453636215734 0.18526801989864417 0.7716893932541359,1.076669911828664 0.08876505130206534 0.5719426678289813 1.1541464638060774,0.8 -1.2 2.0 0.5
arm,164,1.1346000737838435 -0.5467759929551986 0.18641184796420424 0.7739453640177288,1.0419329457873308 0.08468533318740777 0.571914032780034 1.1279853817965022,0.8 -1.2 2.0 0.5
arm,165,1.136614766713157 -0.546614774423483 0.1875556202290261 0.776149638998756,1.0073464646567685 0.08060926585777925 0.5718861324109402 1.1021374905135628,0.8 -1.2 2.0 0.5
arm,166,1.1385606025017443 -0.5464616975336776 0.18869933819639312 0.7783028587517444,0.9729178942936725 0.07653844490276376 0.5718589836835061 1.076609876494226,0.8 -1.2 2.0 0.5
arm,167,1.1404379115648169 -0.5463167486526738 0.1898430034011959 0.7804056773312211,0.9386545315362603 0.07247444050192489 0.5718326024013808 1.0514092897383482,0.8 -1.2 2.0 0.5
arm,168,1.1422470386540586 -0.5461799110581682 0.19098661740761394 0.7824587616149242,0.9045635446208312 0.06841879725278802 0.5718070032090289 1.0265421418515501,0.8 -1.2 2.0 0.5
arm,169,1.1439883426012452 -0.5460511649902037 0.1921301818067981 0.784462790624115,0.8706519735932572 0.064373033982243 0.5717821995920838 1.0020145045953646,0.8 -1.2 2.0 0.5
arm,170,1.145662196062673 -0.5459304877031157 0.19327369821455623 0.7864184548417976,0.836926730713939 0.0603386435439676 0.5717582038790637 0.9778321088413108,0.8 -1.2 2.0 0.5
arm,171,1.1472689852643827 -0.5458178535179068 0.1944171682690451 0.7883264555296474,0.8033946008548991 0.0563170926044364 0.5717350272444299 0.9540003439248981,0.8 -1.2 2.0 0.5
arm,172,1.1488091097481583 -0.5457132338750668 0.19556059362847103 0.7901875040444373,0.7700622418878456 0.05230982142000372 0.571712679712962 0.930524257394952,0.8 -1.2 2.0 0.5
arm,173,1.1502829821182827 -0.5456165973878517 0.1967039759688019 0.7920023211547434,0.736936185062179 0.04831824360749243 0.5716911701654325 0.907408555153061,0.8 -1.2 2.0 0.5
arm,174,1.1516910277890269 -0.5455279098960304 0.197847316981493 0.7937716363586982,0.7040228353720687 0.04434374591064538 0.5716705063455506 0.8846576019773748,0.8 -1.2 2.0 0.5
arm,175,1.1530336847328506 -0.545447134520101 0.1989906183712293 0.7954961872035471,0.671328471911867 0.04038768796471525 0.5716506948681573 0.8622754224244482,0.8 -1.2 2.0 0.5
arm,176,1.1543114032292892 -0.5453742317159782 0.20013388185368658 0.7971767186077517,0.6388592482192745 0.03645140206138868 0.5716317412286412 0.8402657021023061,0.8 -1.2 2.0 0.5
arm,177,1.1555246456145007 -0.5453091593301459 0.20127710915331368 0.7988139821863666,0.6066211926058114 0.032536192916147504 0.57161364981355 0.8186317893074174,0.8 -1.2 2.0 0.5
arm,178,1.1566738860314494 -0.5452518726552658 0.20242030200113842 0.8004087355804022,0.574620208474285 0.028643337440080498 0.5715964239123718 0.7973766970178049,0.8 -1.2 2.0 0.5
arm,179,1.1577596101806955 -0.5452023244862296 0.20356346213259932 0.8019617417908703,0.5428620746230813 0.024774084518063268 0.5715800657304559 0.7765031052340781,0.8 -1.2 2.0 0.5
arm,180,1.15878231507177 -0.5451604651766394 0.20470659128540541 0.8034737685181899,0.5113524455372378 0.020929654795116517 0.5715645764030461 0.7560133636597685,0.8 -1.2 2.0 0.5
arm,181,1.1597425087751028 -0.5451262426956941 0.2058496911974262 0.8049455875076138,0.4800968516663782 0.017111240472663863 0.5715499560103925 0.7359094947119603,0.8 -1.2 2.0 0.5
arm,182,1.1606407101744822 -0.5450996026854615 0.20699276360461402 0.8063779739013195,0.4491006996897201 0.013320005116286051 0.5715362035939155 0.7161931968528533,0.8 -1.2 2.0 0.5
arm,183,1.1614774487200192 -0.5450804885185085 0.2081358102389608 0.8077717055977847,0.41836927276847424 0.009557083476480176 0.5715233171733881 0.6968658482325597,0.8 -1.2 2.0 0.5
arm,184,1.1622532641815915 -0.5450688413558609 0.209278832826491 0.8091275626190509,0.3879077307860736 0.00582358132381115 0.5715112937651022 0.6779285106331336,0.8 -1.2 2.0 0.5
arm,185,1.162968706402745 -0.5450646002052614 0.210421833085293 0.8104463264864581,0.3577211105767748 0.0021205752997375624 0.5715001294009886 0.6593819337035481,0.8 -1.2 2.0 0.5
arm,186,1.1636243350550315 -0.5450677019796928 0.21156481272359032 0.8117287796054082,0.3278143261432765 -0.0015508872157162985 0.5714898191486536 0.6412265594750807,0.8 -1.2 2.0 0.5
arm,187,1.1642207193927596 -0.5450780815561296 0.2127077734378549 0.8129757046597009,0.29819216886409594 -0.00518978821838287 0.571480357132299 0.6234625271463381,0.8 -1.2 2.0 0.5
arm,188,1.1647584380081426 -0.5450956718344806 0.21385071691096388 0.8141878840159548,0.2688593076915356 -0.008795139175517885 0.5714717365544887 0.606089678126945,0.8 -1.2 2.0 0.5
arm,189,1.1652380785868248 -0.5451204037966839 0.21499364481040134 0.8153660991386122,0.2398202893411549 -0.012365981101670965 0.5714639497187246 0.5891075613287419,0.8 -1.2 2.0 0.5
arm,190,1.1656602376637724 -0.5451522065659121 0.21613655878650695 0.8165111300159986,0.2110795384737411 -0.015901384614127753 0.571456988052798 0.5725154386931784,0.8 -1.2 2.0 0.5
arm,191,1.166025520379514 -0.5451910074658467 0.2172794604707727 0.8176237545978855,0.18264135787084615 -0.019400449967300955 0.5714508421328723 0.5563122909434598,0.8 -1.2 2.0 0.5
arm,192,1.166334540236724 -0.5452367320799778 0.21842235147418923 0.8187047482449853,0.15450992860502044 -0.02286230706554996 0.5714455017082666 0.5404968235498887,0.8 -1.2 2.0 0.5
arm,193,1.166587918857136 -0.5452893043108858 0.21956523338564302 0.8197548831907788,0.12668931020593638 -0.02628611545401726 0.5714409557268931 0.5250674728967649,0.8 -1.2 2.0 0.5
arm,194,1.1667862857387832 -0.5453486464394601 0.22070810777036565 0.8207749280160571,0.09918344082364554 -0.029671064287166024 0.5714371923613154 0.5100224126391364,0.8 -1.2 2.0 0.5
arm,195,1.1669302780135637 -0.5454146791840098 0.2218509761684364 0.8217656471365324,0.07199613739026062 -0.03301637227480216 0.5714341990353836 0.4953595602376546,0.8 -1.2 2.0 0.5
arm,196,1.1670205402051266 -0.5454873217592207 0.22299384009333922 0.822727800303852,0.04513109578139628 -0.03632128760546789 0.5714319624514067 0.48107658365976774,0.8 -1.2 2.0 0.5
arm,197,1.167057723987084 -0.545566491934915 0.22413670103057487 0.823662142120323,0.018591890978733205 -0.039585087847172726 0.5714304686178238 0.4671709082354833,0.8 -1.2 2.0 0.5
arm,198,1.1670424879415542 -0.545652106094566 0.22527956043632952 0.8245694215676349,-0.007618022764898313 -0.04280707982553072 0.571429702877329 0.4536397236559529,0.8 -1.2 2.0 0.5
arm,199,1.1669754973180413 -0.545744079293525 0.22642241973620034 0.8254503815498413,-0.03349531175649942 -0.04598659947944915 0.5714296499354118 0.44047999110317265,0.8 -1.2 2.0 0.5
arm,200,1.1668574237926643 -0.5458423253169141 0.22756528032397888 0.8263057584508396,-0.05903676268851567 -0.049123011694599324 0.5714302938892722 0.42768845049915005,0.8 -1.2 2.0 0.5
arm,201,1.1666889452277491 -0.5459467567371441 0.22870814356049302 0.8271362817065656,-0.08423928245763873 -0.0522157101149791 0.5714316182570642 0.41526162786296683,0.8 -1.2 2.0 0.5
arm,202,1.1664707454317984 -0.54605728497101 0.22985101077250789 0.8279426733920942,-0.10909989797535058 -0.05526411693294736 0.5714336060074325 0.4031958427642606,0.8 -1.2 2.0 0.5
arm,203,1.1662035139198608 -0.5461738203363264 0.2309938832516865 0.8287256478238176,-0.13361575596876427 -0.058267682658182274 0.5714362395892957 0.3914872158617618,0.8 -1.2 2.0 0.5
arm,204,1.16588794567432 -0.5462962721080586 0.23213676225361016 0.8294859111768489,-0.1577841227703223 -0.06122588586608234 0.5714395009618362 0.38013167651564833,0.8 -1.2 2.0 0.5
arm,205,1.1655247409061302 -0.546424548573911 0.23327964899685946 0.8302241611177742,-0.18160238409492552 -0.06413823292618695 0.5714433716246569 0.3691249704626268,0.8 -1.2 2.0 0.5
arm,206,1.165114604816524 -0.5465585570893334 0.2344225446621556 0.8309410864528598,-0.20506804480308408 -0.06700425771124967 0.5714478326480599 0.35846266754280404,0.8 -1.2 2.0 0.5
arm,207,1.1646582473592266 -0.5466982041319087 0.2355654503915624 0.831637366791795,-0.22817872864870106 -0.06982352128765502 0.5714528647034098 0.3481401694675884,0.8 -1.2 2.0 0.5
arm,208,1.1641563830032065 -0.5468433953550845 0.2367083672877495 0.8323136722270311,-0.25093217801012957 -0.07259561158790916 0.5714584480935387 0.3381527176180448,0.8 -1.2 2.0 0.5
arm,209,1.163609730496 -0.5469940356412165 0.2378512964133158 0.8329706630287578,-0.27332625360317153 -0.07532014306598665 0.5714645627831536 0.32849540086332507,0.8 -1.2 2.0 0.5
arm,210,1.1630190126276505 -0.5471500291538892 0.2389942387901742 0.8336089893555358,-0.295358934174726 -0.07799675633634447 0.5714711884292052 0.319163163389008,0.8 -1.2 2.0 0.5
arm,211,1.1623849559952988 -0.5473112793894841 0.24013719539899656 0.8342292909805866,-0.31702831617582905 -0.08062511779746014 0.5714783044111804 0.31015081252540194,0.8 -1.2 2.0 0.5
arm,212,1.161708290768473 -0.5474776892279656 0.2412801671787191 0.8348321970337188,-0.3383326134128758 -0.08320491924076998 0.5714858898612779 0.3014530265660968,0.8 -1.2 2.0 0.5
arm,213,1.1609897504551214 -0.5476491609828574 0.24242315502610798 0.8354183257588534,-0.35927015667585693 -0.085735877445915 0.5714939236944306 0.2930643625672926,0.8 -1.2 2.0 0.5
arm,214,1.1602300716684364 -0.5478255964503839 0.24356615979538423 0.8359882842870908,-0.3798393933424946 -0.08821773376322427 0.5715023846381352 0.2849792641186829,0.8 -1.2 2.0 0.5
arm,215,1.159429993894522 -0.5480068969577526 0.24470918229790833 0.8365426684252447,-0.4000388869572144 -0.09065025368437887 0.5715112512620532 0.27719206907692784,0.8 -1.2 2.0 0.5
arm,216,1.1585902592609543 -0.548192963410557 0.24585222330192302 0.8370820624597508,-0.41986731678394495 -0.09303322640221619 0.5715205020073482 0.26969701725302037,0.8 -1.2 2.0 0.5
arm,217,1.1577116123062907 -0.5483836963392783 0.24699528353235448 0.8376070389758411,-0.4393234773317978 -0.09536646436063752 0.5715301152157225 0.26248825804511833,0.8 -1.2 2.0 0.5
arm,218,1.1567947997505852 -0.5485789959448695 0.24813836367067071 0.8381181586918585,-0.45840627785273336 -0.09764980279560097 0.5715400691581197 0.25555985800869624,0.8 -1.2 2.0 0.5
arm,219,1.1558405702669645 -0.5487787621434058 0.24928146435479684 0.8386159703085707,-0.47711474181038976 -0.09988309926816591 0.57155034206306 0.24890580835615234,0.8 -1.2 2.0 0.5
arm,220,1.154849674254326 -0.548982894609787 0.250424586179086 0.8391010103733273,-0.4954480063193085 -0.10206623319056443 0.5715609121445754 0.24252003237829542,0.8 -1.2 2.0 0.5
arm,221,1.1538228636112182 -0.5491912928204795 0.2515677296943454 0.8395738031588882,-0.5134053215538575 -0.10419910534627323 0.571571757629713 0.23639639278042857,0.8 -1.2 2.0 0.5
arm,222,1.1527608915109657 -0.5494038560952896 0.2527108954079165 0.8400348605567403,-0.5309860501262214 -0.10628163740503825 0.5715828567855779 0.23052869892604116,0.8 -1.2 2.0 0.5
arm,223,1.1516645121781 -0.5496204836381573 0.2538540837838083 0.840484681984703,-0.5481896664328919 -0.10831377143380537 0.5715941879458833 0.224910713981419,0.8 -1.2 2.0 0.5
arm,224,1.1505344806661617 -0.5498410745769663 0.2549972952428823 0.8409237543086127,-0.565015755969165 -0.11029546940448877 0.5716057295369835 0.21953616195478262,0.8 -1.2 2.0 0.5
arm,225,1.1493715526369392 -0.5500655280023653 0.256140530163089 0.8413525517778604,-0.5814640146112101 -0.11222671269950232 0.5716174601033586 0.2143987346238644,0.8 -1.2 2.0 0.5
arm,226,1.1481764841412085 -0.5502937430055972 0.25728378887975406 0.8417715359745527,-0.5975342478653612 -0.11410750161593744 0.5716293583325294 0.20949209834613758,0.8 -1.2 2.0 0.5
arm,227,1.14695003140104 -0.5505256187153358 0.25842707168591283 0.8421811557760451,-0.6132263700843318 -0.1159378548692793 0.5716414030793744 0.20480990074621216,0.8 -1.2 2.0 0.5
arm,228,1.1456929505937397 -0.5507610543335308 0.2595703788326925 0.8425818473305956,-0.6285404036501353 -0.11771780909750526 0.5716535733898281 0.20034577727521533,0.8 -1.2 2.0 0.5
arm,229,1.1444059976374925 -0.5509999491702636 0.2607137105297404 0.8429740340458701,-0.643476478123559 -0.11944741836639376 0.5716658485239371 0.1960933576372737,0.8 -1.2 2.0 0.5
arm,230,1.1430899279787723 -0.5512422026776174 0.26185706694569694 0.8433581265900272,-0.6580348293601038 -0.12112675367684476 0.5716782079782526 0.1920462720785161,0.8 -1.2 2.0 0.5
arm,231,1.1417454963815876 -0.5514877144825673 0.26300044820871205 0.8437345229050958,-0.672215798592374 -0.12275590247497795 0.571690631507543 0.18819815753431157,0.8 -1.2 2.0 0.5
arm,232,1.1403734567186297 -0.5517363844188988 0.26414385440700366 0.8441036082323573,-0.6860198314789643 -0.12433496816574956 0.5717030991458041 0.18454266363075444,0.8 -1.2 2.0 0.5
arm,233,1.1389745617643898 -0.5519881125581604 0.26528728558945674 0.8444657551494307,-0.6994474771199577 -0.1258640696307941 0.5717155912265534 0.1810734585367001,0.8 -1.2 2.0 0.5
arm,234,1.1375495629903114 -0.5522427992396627 0.2664307417662615 0.8448213236187566,-0.7124993870392126 -0.12734334075116385 0.5717280884023915 0.1777842346629451,0.8 -1.2 2.0 0.5
arm,235,1.136099210362044 -0.5525003450995339 0.26757422290958915 0.8451706610471674,-0.7251763141336774 -0.12877292993560482 0.5717405716638171 0.17466871420543148,0.8 -1.2 2.0 0.5
arm,236,1.1346242521388639 -0.5527606510988439 0.26871772895430374 0.8455141023562267,-0.7374791115900373 -0.13015299965497243 0.5717530223572804 0.17172065452963675,0.8 -1.2 2.0 0.5
arm,237,1.1331254346753257 -0.5530236185508106 0.2698612597987087 0.8458519700630139,-0.7494087317690489 -0.13148372598335686 0.5717654222024684 0.16893385339359027,0.8 -1.2 2.0 0.5
arm,238,1.1316035022252098 -0.5532891491471035 0.2710048153053263 0.8461845743710283,-0.7609662250579861 -0.13276529814644816 0.5717777533088054 0.1663021540072288,0.8 -1.2 2.0 0.5
arm,239,1.1300591967478264 -0.5535571449832587 0.2721483953017086 0.8465122132708804,-0.7721527386916684 -0.13399791807763647 0.5717899981911654 0.1638194499260734,0.8 -1.2 2.0 0.5
arm,240,1.1284932577167412 -0.5538275085832233 0.27329199958127814 0.8468351726504354,-0.7829695155426013 -0.13518179998230634 0.5718021397847852 0.16147968977747315,0.8 -1.2 2.0 0.5
arm,241,1.1269064219309797 -0.5541001429230448 0.2744356279041969 0.8471537264140713,-0.7934178928808064 -0.13631716991074538 0.5718141614593749 0.15927688181791927,0.8 -1.2 2.0 0.5
arm,242,1.1252994233287716 -0.5543749514537248 0.2755792799982617 0.8474681366107116,-0.8034993011039744 -0.13740426534005518 0.5718260470324166 0.15720509832018575,0.8 -1.2 2.0 0.5
arm,243,1.1236729928038944 -0.5546518381232557 0.276722955559825 0.8477786535702903,-0.8132152624386141 -0.138443334765407 0.5718377807816523 0.15525847978929908,0.8 -1.2 2.0 0.5
arm,244,1.1220278580246685 -0.5549307073978577 0.2778666542547385 0.8480855160483034,-0.8225673896129234 -0.13943463730095662 0.571849347456755 0.15343123900658043,0.8 -1.2 2.0 0.5
arm,245,1.1203647432556643 -0.5552114642824391 0.27901037571931886 0.8483889513781059,-0.8315573845021436 -0.14037844229069707 0.5718607322901844 0.15171766490123878,0.8 -1.2 2.0 0.5
arm,246,1.11868436918217 -0.555494014340298 0.2801541195613333 0.8486891756306043,-0.8401870367472055 -0.14127502892948043 0.5718719210072243 0.1501121262492204,0.8 -1.2 2.0 0.5
arm,247,1.116987452737475 -0.5557782637120868 0.2812978853610037 0.8489863937810028,-0.8484582223475106 -0.1421246858944214 0.5718828998352056 0.14860907519924318,0.8 -1.2 2.0 0.5
arm,248,1.1152747069330176 -0.5560641191340605 0.2824416726720275 0.8492807998822551,-0.8563729022287249 -0.14292771098684875 0.5718936555119151 0.1472030506261586,0.8 -1.2 2.0 0.5
arm,249,1.1135468406914446 -0.5563514879556304 0.28358548102261394 0.8495725772448791,-0.8639331207864994 -0.14368441078494476 0.5719041752931957 0.14588868131199328,0.8 -1.2 2.0 0.5
arm,250,1.1118045586826304 -0.5566402781562447 0.28472930991653345 0.8498618986227896,-0.8711410044070613 -0.1443951003071726 0.5719144469597401 0.1446606889552236,0.8 -1.2 2.0 0.5
arm,251,1.1100485611626991 -0.5569303983616178 0.28587315883417963 0.8501489264048077,-0.8779987599656447 -0.14506010268656944 0.5719244588230861 0.14351389100903184,0.8 -1.2 2.0 0.5
arm,252,1.1082795438160915 -0.5572217578593297 0.28701702723364125 0.8504338128115067,-0.8845086733037619 -0.14567974885593934 0.5719341997308176 0.14244320334948074,0.8 -1.2 2.0 0.5
arm,253,1.1064981976007189 -0.5575142666138176 0.2881609145517832 0.8507167000970561,-0.890673107686333 -0.14625437724396664 0.5719436590709823 0.1414436427747249,0.8 -1.2 2.0 0.5
arm,254,1.1047052085962394 -0.557807835280782 0.28930482020533466 0.8509977207557292,-0.8964945022397174 -0.1467843334822228 0.5719528267757311 0.14051032933655117,0.8 -1.2 2.0 0.5
arm,255,1.102901257855496 -0.5581023752210281 0.290448743591983 0.8512769977327407,-0.9019753703717054 -0.14726997012303247 0.5719616933241918 0.13963848850570892,0.8 -1.2 2.0 0.5
arm,256,1.1010870212591468 -0.5583977985137644 0.2915926840914722 0.851554644639086,-0.9071182981745495 -0.14771164636811593 0.5719702497445864 0.13882345317265077,0.8 -1.2 2.0 0.5
arm,257,1.0992631693735226 -0.5586940179693802 0.29273664106670344 0.8518307659700569,-0.9119259428121214 -0.14810972780792134 0.5719784876156035 0.1380606654854589,0.8 -1.2 2.0 0.5
arm,258,1.097430367311738 -0.5589909471417233 0.2938806138648375 0.8521054573271106,-0.9164010308922991 -0.14846458617151934 0.5719863990670376 0.13734567852687893,0.8 -1.2 2.0 0.5
arm,259,1.0955892745980866 -0.5592885003398971 0.2950246018183969 0.8523788056427757,-0.9205463568256933 -0.14877659908691912 0.57199397677971 0.13667415783252357,0.8 -1.2 2.0 0.5
arm,260,1.093740545035743 -0.5595865926396003 0.29616860424636626 0.8526508894082806,-0.9243647811718314 -0.14904614985163894 0.572001213984683 0.13604188275244186,0.8 -1.2 2.0 0.5
arm,261,1.0918848265777952 -0.559885139894027 0.29731262045528983 0.8529217789035973,-0.9278592289739205 -0.14927362721334655 0.572008104461784 0.13544474765837686,0.8 -1.2 2.0 0.5
arm,262,1.0900227612016284 -0.5601840587443477 0.29845664974036473 0.8531915364295957,-0.9310326880833143 -0.14945942516036367 0.5720146425374529 0.1348787629991547,0.8 -1.2 2.0 0.5
arm,263,1.0881549847866787 -0.5604832666297913 0.2996006913865286 0.8534602165420092,-0.9338882074748104 -0.14960394272181138 0.5720208230819305 0.13434005620676187,0.8 -1.2 2.0 0.5
arm,264,1.086282126995571 -0.5607826817973456 0.3007447446695402 0.8537278662869208,-0.936428895553899 -0.14970758377716148 0.572026641505802 0.13382487245577526,0.8 -1.2 2.0 0.5
arm,265,1.0844048111586568 -0.5610822233110955 0.30188880885705205 0.8539945254374786,-0.938657918457088 -0.14977075687492766 0.5720320937559165 0.13332957527890904,0.8 -1.2 2.0 0.5
arm,266,1.082523654161964 -0.561381811061216 0.3030328832096734 0.8542602267315617,-0.9405784983464147 -0.14979387506024147 0.5720371763106952 0.1328506470415395,0.8 -1.2 2.0 0.5
arm,267,1.0806392663385656 -0.561681365772638 0.3041769669820231 0.854524996110118,-0.9421939116992547 -0.14977735571102374 0.5720418861748511 0.13238468927815572,0.8 -1.2 2.0 0.5
arm,268,1.0787522513633765 -0.561980809013403 0.3053210594237702 0.8547888529559056,-0.9435074875945264 -0.1497216203824606 0.572046220873535 0.1319284228937669,0.8 -1.2 2.0 0.5
arm,269,1.0768632061513836 -0.562280063202722 0.3064651597806621 0.8550518103323723,-0.9445226059963812 -0.14962709465947638 0.5720501784459293 0.13147868823337397,0.8 -1.2 2.0 0.5
arm,270,1.0749727207593107 -0.5625790516187558 0.30760926729553867 0.8553138752224176,-0.9452426960364532 -0.1494942080168977 0.5720537574383083 0.13103244502268374,0.8 -1.2 2.0 0.5
arm,271,1.0730813782907191 -0.5628776984061298 0.3087533812093318 0.8555750487667843,-0.9456712342957332 -0.14932339368698405 0.5720569568965832 0.13058677218330908,0.8 -1.2 2.0 0.5
arm,272,1.0711897548045448 -0.5631759285831978 0.30989750076204853 0.8558353265018358,-0.9458117430871136 -0.1491150885339981 0.5720597763583535 0.13013886752575715,0.8 -1.2 2.0 0.5
arm,273,1.0692984192270656 -0.5634736680490687 0.3110416251937375 0.8560946985964829,-0.9456677887396366 -0.14886973293548336 0.5720622158444852 0.129686047323563,0.8 -1.2 2.0 0.5
arm,274,1.0674079332672948 -0.5637708435904085 0.312185753745438 0.8563531500880268,-0.9452429798854592 -0.1485877706699085 0.5720642758502347 0.12922574577197268,0.8 -1.2 2.0 0.5
arm,275,1.0655188513357938 -0.5640673828880292 0.3133298856601099 0.856610661116696,-0.9445409657505278 -0.14826964881034366 0.5720659573359396 0.12875551433462523,0.8 -1.2 2.0 0.5
arm,276,1.063631720466894 -0.5643632145232768 0.3144740201835445 0.8568672071586595,-0.9435654344499396 -0.1479158176238183 0.5720672617172988 0.12827302098171928,0.8 -1.2 2.0 0.5
arm,277,1.061747080244316 -0.5646582679842288 0.315618156565255 0.8571227592573059,-0.9423201112889428 -0.14752673047601808 0.5720681908552604 0.12777604932318434,0.8 -1.2 2.0 0.5
arm,278,1.0598654627301751 -0.5649524736717108 0.3167622940593461 0.8573772842525866,-0.9408087570705067 -0.14710284374097882 0.5720687470455394 0.12726249764040487,0.8 -1.2 2.0 0.5
arm,279,1.0579873923973544 -0.5652457629051416 0.31790643192536167 0.8576307450082268,-0.9390351664103714 -0.14664461671542542 0.5720689330077874 0.12673037782006835,0.8 -1.2 2.0 0.5
arm,280,1.0561133860652334 -0.5655380679282165 0.31905056942911053 0.8578831006366142,-0.9370031660604604 -0.14615251153741574 0.5720687518744333 0.12617781419372787,0.8 -1.2 2.0 0.5
arm,281,1.0542439528387504 -0.5658293219144344 0.320194705843469 0.8581343067211876,-0.9347166132415158 -0.14562699310894953 0.5720682071792178 0.12560304228668456,0.8 -1.2 2.0 0.5
arm,282,1.0523795940507787 -0.5661194589724787 0.3213388404491599 0.8583843155361472,-0.9321793939857925 -0.14506852902219952 0.5720673028454419 0.12500440747980415,0.8 -1.2 2.0 0.5
arm,283,1.0505208032077975 -0.5664084141514568 0.3224829725355078 0.858633076263323,-0.9293954214906182 -0.1444775894890329 0.5720660431739504 0.1243803635878888,0.8 -1.2 2.0 0.5
arm,284,1.0486680659388303 -0.5666961234460038 0.3236271014011695 0.8588805352060395,-0.9263686344836028 -0.14385464727349026 0.572064432830871 0.1237294713582264,0.8 -1.2 2.0 0.5
arm,285,1.0468218599476298 -0.5669825238012577 0.3247712263548398 0.8591266359998253,-0.9231029956002526 -0.14320017762690088 0.5720624768351315 0.12305039689293754,0.8 -1.2 2.0 0.5
arm,286,1.0449826549680803 -0.5672675531177083 0.32591534671593136 0.8593713198198227,-0.9196024897747159 -0.14251465822530987 0.5720601805457725 0.12234190999873373,0.8 -1.2 2.0 0.5
arm,287,1.0431509127227916 -0.5675511502559261 0.32705946181522955 0.8596145255847581,-0.9158711226443641 -0.14179856910890942 0.5720575496490794 0.12160288246769088,0.8 -1.2 2.0 0.5
arm,288,1.0413270868848539 -0.5678332550411724 0.32820357099552067 0.8598561901573434,-0.911912918968877 -0.14105239262316452 0.5720545901455514 0.12083228629262807,0.8 -1.2 2.0 0.5
arm,289,1.0395116230427248 -0.5681138082678951 0.32934767361219414 0.8600962485409848,-0.9077319210644804 -0.14027661336133773 0.5720513083367285 0.12002919182066465,0.8 -1.2 2.0 0.5
arm,290,1.037704958668217 -0.5683927517041114 0.33049176903381794 0.8603346340726817,-0.9033321872539496 -0.13947171810812306 0.5720477108118965 0.11919276584850834,0.8 -1.2 2.0 0.5
arm,291,1.035907523087551 -0.5686700280956797 0.3316358566426873 0.8605712786120078,-0.8987177903329692 -0.1386381957841086 0.572043804434689 0.11832226966300259,0.8 -1.2 2.0 0.5
arm,292,1.034119737455444 -0.5689455811704612 0.3327799358353465 0.8608061127260687,-0.8938928160534084 -0.1377765373907915 0.5720395963296057 0.11741705703043472,0.8 -1.2 2.0 0.5
arm,293,1.032342014732196 -0.569219355642373 0.3339240060230834 0.8610390658703448,-0.8888613616240416 -0.13688723595589233 0.5720350938684652 0.11647657213807687,0.8 -1.2 2.0 0.5
arm,294,1.0305747596637376 -0.5694912972153304 0.335068066632397 0.8612700665653277,-0.8836275342292212 -0.13597078647870364 0.5720303046568134 0.11550034749139708,0.8 -1.2 2.0 0.5
arm,295,1.0288183687646055 -0.5697613525870809 0.33621211710543764 0.8614990425688683,-0.878195449565974 -0.13502768587524325 0.572025236520301 0.11448800177034414,0.8 -1.2 2.0 0.5
arm,296,1.0270732303038055 -0.5700294694529269 0.33735615690041976 0.8617259210441645,-0.8725692303999705 -0.13405843292297234 0.5720198974910535 0.11343923764806932,0.8 -1.2 2.0 0.5
arm,297,1.0253397242935238 -0.5702955965093366 0.33850018549200783 0.8619506287233153,-0.866753005140788 -0.13306352820485856 0.5720142957940465 0.11235383957540762,0.8 -1.2 2.0 0.5
arm,298,1.02361822248065 -0.5705596834574418 0.33964420237167486 0.862173092066384,-0.8607509064368563 -0.13204347405257866 0.5720084398335059 0.11123167153439792,0.8 -1.2 2.0 0.5
arm,299,1.021909088341069 -0.5708216810064191 0.3407882070480336 0.8623932374159122,-0.8545670697904547 -0.1309987744886545 0.5720023381793494 0.110072674764074,0.8 -1.2 2.0 0.5
arm,300,1.0202126770766828 -0.5710815408767538 0.34193219904714095 0.8626109911468357,-0.8482056321930962 -0.12992993516734425 0.5719959995536847 0.10887686546171141,0.8 -1.2 2.0 0.5
arm,301,1.0185293356151197 -0.571339215803382 0.3430761779127757 0.8628262798117611,-0.8416707307816133 -0.12883746331410278 0.5719894328173808 0.10764433246266296,0.8 -1.2 2.0 0.5
arm,302,1.0168594026120892 -0.5715946595387089 0.3442201432066892 0.8630390302815648,-0.8349665015152286 -0.12772186766345692 0.5719826469567275 0.10637523490186433,0.8 -1.2 2.0 0.5
arm,303,1.0152032084563414 -0.5718478268554992 0.3453640945088296 0.8632491698812849,-0.8280970778738753 -0.12658365839513339 0.571975651070199 0.10506979986003531,0.8 -1.2 2.0 0.5
arm,304,1.0135610752771853 -0.5720986735496358 0.3465080314175403 0.86345662652128,-0.8210665895779985 -0.12542334706830843 0.5719684543553343 0.10372831999754638,0.8 -1.2 2.0 0.5
arm,305,1.0119333169545253 -0.5723471564427435 0.3476519535497318 0.8636613288236377,-0.8138791613300523 -0.12424144655383973 0.57196106609575 0.10235115117886122,0.8 -1.2 2.0 0.5
arm,306,1.0103202391313695 -0.5725932333846723 0.34879586054102835 0.8638632062438185,-0.8065389115778789 -0.12303847096437331 0.5719534956482989 0.10093871009040661,0.8 -1.2 2.0 0.5
arm,307,1.0087221392287693 -0.5728368632558367 0.3499397520458891 0.8640621891875279,-0.7990499513001342 -0.1218149355822087 0.5719457524303851 0.0994914718546577,0.8 -1.2 2.0 0.5
arm,308,1.0071393064631415 -0.5730780059694064 0.351083627737704 0.8642582091228141,-0.7914163828139006 -0.12057135678483939 0.571937845907453 0.09800996764316573,0.8 -1.2 2.0 0.5
arm,309,1.0055720218659323 -0.5733166224733426 0.35222748730886533 0.8644511986873965,-0.7836422986046067 -0.11930825196807864 0.571929785580657 0.09649478229118841,0.8 -1.2 2.0 0.5
arm,310,1.0040205583055757 -0.573552674752276 0.35337133047081476 0.8646410917912295,-0.7757317801783538 -0.11802613946669777 0.5719215809747272 0.09494655191651834,0.8 -1.2 2.0 0.5
arm,311,1.0024851805117023 -0.5737861258292211 0.3545151569540668 0.8648278237143195,-0.7676888969367219 -0.11672553847252636 0.5719132416260405 0.09336596154503814,0.8 -1.2 2.0 0.5
arm,312,1.0009661451015541 -0.574016939767121 0.35565896650820866 0.8650113311998104,-0.7595177050741169 -0.11540696894995475 0.5719047770709084 0.09175374274546104,0.8 -1.2 2.0 0.5
arm,313,0.9994637006085587 -0.5742450816702186 0.35680275890187685 0.8651915525423617,-0.7512222464976921 -0.11407095154880795 0.5718961968340905 0.09011067127564806,0.8 -1.2 2.0 0.5
arm,314,0.997978087513019 -0.5744705176852477 0.3579465339227119 0.8653684276718473,-0.7428065477698669 -0.11271800751455828 0.5718875104175459 0.08843756474282134,0.8 -1.2 2.0 0.5
arm,315,0.9965095382748721 -0.5746932150024394 0.35909029137729076 0.8655418982324071,-0.7342746190734389 -0.1113486585958667 0.571878727289428 0.0867352802799229,0.8 -1.2 2.0 0.5
arm,316,0.9950582773684735 -0.5749131418563383 0.3602340310910374 0.8657119076568878,-0.7256304531992755 -0.10996342694944089 0.5718698568733347 0.08500471224029578,0.8 -1.2 2.0 0.5
arm,317,0.9936245213193604 -0.5751302675264228 0.361377752908113 0.8658784012367133,-0.7168780245565497 -0.10856283504221433 0.5718609085378196 0.0832467899127916,0.8 -1.2 2.0 0.5
arm,318,0.9922084787429495 -0.5753445623375245 0.3625214566912854 0.8660413261872321,-0.7080212882054713 -0.10714740555086325 0.571851891586174 0.08146247525933632,0.8 -1.2 2.0 0.5
arm,319,0.9908103503851245 -0.5755559976600418 0.3636651423217784 0.8662006317085859,-0.6990641789124472 -0.1057176612586819 0.5718428152464845 0.07965276067691131,0.8 -1.2 2.0 0.5
arm,320,0.9894303291646693 -0.5757645459099415 0.36480880969910234 0.8663562690421576,-0.6900106102275938 -0.10427412494984592 0.5718336886619749 0.07781866678583303,0.8 -1.2 2.0 0.5
arm,321,0.9880686002175003 -0.5759701805485438 0.3659524587408656 0.8665081915226498,-0.6808644735845046 -0.10281731930110972 0.5718245208816375 0.07596124024614055,0.8 -1.2 2.0 0.5
arm,322,0.986725340942656 -0.5761728760820858 0.36709608938256794 0.8666563546258574,-0.6716296374221687 -0.1013477667709855 0.5718153208511594 0.0740815516038248,0.8 -1.2 2.0 0.5
arm,323,0.9854007210499981 -0.5763726080610587 0.36823970157737623 0.8668007160121945,-0.6623099463289199 -0.09986598948646011 0.5718060974041498 0.07218069316855884,0.8 -1.2 2.0 0.5
arm,324,0.9840949026095815 -0.5765693530793133 0.3693832952958836 0.8669412355660435,-0.6529092202082857 -0.0983725091273193 0.5717968592536721 0.07025977692451332,0.8 -1.2 2.0 0.5
arm,325,0.9828080401026483 -0.5767630887729296 0.37052687052585176 0.867077875430995,-0.6434312534665941 -0.09686784680814868 0.5717876149840856 0.06831993247576651,0.8 -1.2 2.0 0.5
arm,326,0.9815402804742039 -0.5769537938188458 0.37167042727193816 0.8672106000410505,-0.6338798142221856 -0.09535252295809554 0.5717783730432002 0.0663623050277426,0.8 -1.2 2.0 0.5
arm,327,0.9802917631871318 -0.5771414479332427 0.37281396555540763 0.8673393761478626,-0.6242586435360677 -0.09382705719847742 0.5717691417347479 0.06438805340603813,0.8 -1.2 2.0 0.5
arm,328,0.9790626202778042 -0.5773260318696795 0.37395748541383 0.8674641728440905,-0.6145714546638396 -0.09229196821833383 0.5717599292111735 0.062398348113920955,0.8 -1.2 2.0 0.5
arm,329,0.9778529764131468 -0.5775075274169755 0.3751009869007635 0.86758496158295,-0.6048219323287093 -0.0907477736480179 0.5717507434667471 0.06039436942971191,0.8 -1.2 2.0 0.5
arm,330,0.976662948949116 -0.5776859173968374 0.3762444700854255 0.8677017161940404,-0.595013732015413 -0.08919498993093802 0.5717415923310009 0.0583773055451858,0.8 -1.2 2.0 0.5
arm,331,0.9754926479905462 -0.5778611856612245 0.37738793505235046 0.8678144128955324,-0.5851504792848419 -0.08763413219355976 0.57173248346249 0.05634835074605405,0.8 -1.2 2.0 0.5
arm,332,0.9743421764523279 -0.578033317089452 0.37853138190103625 0.8679230303028035,-0.5752357691091757 -0.08606571411378287 0.5717234243428815 0.05430870363551873,0.8 -1.2 2.0 0.5
arm,333,0.9732116301218733 -0.5782022975850277 0.37967481074557896 0.8680275494336072,-0.5652731652273151 -0.08449024778781632 0.5717144222713693 0.05225956540181474,0.8 -1.2 2.0 0.5
arm,334,0.9721010977228325 -0.5783681140722191 0.3808182217142978 0.8681279537098683,-0.5552661995203957 -0.0829082435956816 0.5717054843594166 0.050202138130586015,0.8 -1.2 2.0 0.5
arm,335,0.9710106609800181 -0.57853075449235 0.38196161494934944 0.868224228956194,-0.5452183714071721 -0.08132021006546528 0.5716966175258267 0.048137623162868404,0.8 -1.2 2.0 0.5
arm,336,0.9699403946855 -0.5786902077998229 0.38310499060633374 0.8683163633951928,-0.5351331472590432 -0.07972665373646037 0.5716878284921393 0.04606721949938345,0.8 -1.2 2.0 0.5
arm,337,0.968890366765831 -0.5788464639578657 0.3842483488538904 0.8684043476396963,-0.5250139598344945 -0.07812807902133242 0.5716791237783535 0.04399212225177652,0.8 -1.2 2.0 0.5
arm,338,0.9678606383503655 -0.5789995139340005 0.38539168987328837 0.868488174681979,-0.5148642077327288 -0.0765249880674469 0.5716705096989757 0.041913521141364006,0.8 -1.2 2.0 0.5
arm,339,0.966851263840633 -0.5791493496952355 0.38653501385800715 0.8685678398800708,-0.5046872548662484 -0.07491788061750299 0.57166199235939 0.03983259904588681,0.8 -1.2 2.0 0.5
arm,340,0.9658622909807287 -0.5792959642029747 0.38767832101331223 0.8686433409412602,-0.494486429952158 -0.07330725386961486 0.57165357765255 0.03775053059470006,0.8 -1.2 2.0 0.5
arm,341,0.9648937609286848 -0.5794393514076487 0.38882161155582423 0.8687146779028857,-0.4842650260219476 -0.07169360233698638 0.5716452712559896 0.035668480812763206,0.8 -1.2 2.0 0.5
arm,342,0.9639457083287858 -0.5795795062430633 0.3899648857130825 0.8687818531105131,-0.474026299949517 -0.07007741770733185 0.5716370786291494 0.03358760381373055,0.8 -1.2 2.0 0.5
arm,343,0.9630181613847913 -0.5797164246204677 0.39110814372310454 0.8688448711935979,-0.4637734719972036 -0.06845918870218078 0.5716290050110169 0.03150904154237721,0.8 -1.2 2.0 0.5
arm,344,0.9621111419340322 -0.5798501034223401 0.3922513858339407 0.868903739038731,-0.4535097253795699 -0.06683940093622466 0.5716210554180762 0.029433922566534678,0.8 -1.2 2.0 0.5
arm,345,0.9612246655223429 -0.5799805404958938 0.3933946123032258 0.8689584657605682,-0.44323820584471246 -0.06521853677684752 0.5716132346425635 0.02736336091864763,0.8 -1.2 2.0 0.5
arm,346,0.9603587414797972 -0.5801077346463017 0.39453782339772786 0.8690090626705422,-0.432962021272847 -0.06359707520399813 0.5716055472510263 0.025298454987004913,0.8 -1.2 2.0 0.5
arm,347,0.9595133729972133 -0.5802316856296428 0.39568101939289424 0.8690555432434555,-0.4226842412919324 -0.061975491670543635 0.5715979975831791 0.023240286456637702,0.8 -1.2 2.0 0.5
arm,348,0.9586885572033931 -0.5803523941455693 0.39682420057239637 0.8690979230820551,-0.41240789691009083 -0.06035425796325823 0.5715905897510539 0.02118991929982179,0.8 -1.2 2.0 0.5
arm,349,0.9578842852430639 -0.5804698618296985 0.39796736722767323 0.8691362198796873,-0.4021359801645844 -0.05873384206459521 0.5715833276384398 0.019148398816064383,0.8 -1.2 2.0 0.5
arm,350,0.9571005423554897 -0.5805840912457293 0.39911051965747446 0.8691704533811301,-0.3918714437871114 -0.05711470801538241 0.5715762149006054 0.017116750721401355,0.8 -1.2 2.0 0.5
arm,351,0.9563373079537193 -0.5806950858772865 0.40025365816740305 0.8692006453417036,-0.3816172008851819 -0.05549731577859579 0.5715692549643016 0.015095980286778814,0.8 -1.2 2.0 0.5
arm,352,0.9555945557044406 -0.5808028501194952 0.40139678306945914 0.8692268194847541,-0.3713761246393409 -0.05388212110434389 0.5715624510280365 0.013087071525239804,0.8 -1.2 2.0 0.5
arm,353,0.9548722536084087 -0.5809073892702876 0.40253989468158435 0.8692490014576093,-0.36115104801600273 -0.052269575396209994 0.5715558060626189 0.011090986427588496,0.8 -1.2 2.0 0.5
arm,354,0.9541703640814173 -0.5810087095214458 0.4036829933272083 0.8692672187861016,-0.3509447634956654 -0.050660125579092406 0.5715493228119628 0.00910866424615534,0.8 -1.2 2.0 0.5
arm,355,0.9534888440357847 -0.5811068179493831 0.4048260793347966 0.869281500827754,-0.3407600228162768 -0.04905421396867228 0.5715430037941479 0.007141020826239178,0.8 -1.2 2.0 0.5
arm,356,0.9528276449623216 -0.5812017225056685 0.40596915303740205 0.8692918787237235,-0.3305995367315235 -0.04745227814265175 0.5715368513027304 0.005188947984758226,0.8 -1.2 2.0 0.5
arm,357,0.952186713012754 -0.5812934320072962 0.40711221477221865 0.8692983853495947,-0.3204659747838196 -0.04585475081388484 0.5715308674082953 0.0032533129355971696,0.8 -1.2 2.0 0.5
arm,358,0.9515659890825705 -0.5813819561267073 0.40825526488013913 0.8693010552651169,-0.3103619650917728 -0.044262059705534484 0.5715250539602464 0.001334957761096421,0.8 -1.2 2.0 0.5
arm,359,0.9509654088942667 -0.581467305381564 0.40939830370531677 0.8692999246629751,-0.30029009415190855 -0.0426746274283759 0.5715194125888254 -0.000565301070911487,0.8 -1.2 2.0 0.5
arm,360,0.9503849030809579 -0.5815494911242848 0.4105413315947315 0.8692950313166848,-0.29025290665443637 -0.04109287136037074 0.5715139447073541 -0.002446673145151251,0.8 -1.2 2.0 0.5
arm,361,0.9498243972703322 -0.581628525531342 0.4116843488977609 0.8692864145276994,-0.2802529053128449 -0.039517203528624985 0.5715086515146914 -0.004308394492710839,0.8 -1.2 2.0 0.5
arm,362,0.949283812168918 -0.5817044215923297 0.4128273559657567 0.8692741150718167,-0.270292550707115 -0.037948030493848914 0.5715035339979007 -0.006149727941309211,0.8 -1.2 2.0 0.5
arm,363,0.9487630636466373 -0.5817771930988046 0.41397035315162695 0.8692581751449712,-0.26037426114034434 -0.036385753237423456 0.5714985929351163 -0.007969963422765831,0.8 -1.2 2.0 0.5
arm,364,0.9482620628216202 -0.581846854632907 0.41511334080942414 0.8692386383084942,-0.2505004125085793 -0.034830767051180364 0.5714938288986058 -0.009768418238442895,0.8 -1.2 2.0 0.5
arm,365,0.9477807161452528 -0.581913421555767 0.4162563192939402 0.8692155494339273,-0.24067333818365275 -0.033283461429997385 0.5714892422580173 -0.011544437283462071,0.8 -1.2 2.0 0.5
arm,366,0.9473189254874351 -0.5819769099957016 0.4173992889603078 0.8691889546474663,-0.2308953289088308 -0.03174421996730319 0.5714848331838068 -0.013297393230526085,0.8 -1.2 2.0 0.5
arm,367,0.946876588222021 -0.5820373368362088 0.41854225016360946 0.8691589012741179,-0.22116863270707315 -0.030213420253585952 0.5714806016508359 -0.015026686674202342,0.8 -1.2 2.0 0.5
arm,368,0.9464535973124176 -0.5820947197037648 0.41968520325849373 0.8691254377816447,-0.21149545480171625 -0.02869143377799145 0.5714765474421339 -0.01673174623655104,0.8 -1.2 2.0 0.5
arm,369,0.9460498413973188 -0.5821490769554309 0.42082814859879936 0.8690886137243747,-0.20187795754939036 -0.027178625833095122 0.5714726701528156 -0.018412028635003824,0.8 -1.2 2.0 0.5
arm,370,0.9456652048765489 -0.5822004276662768 0.4219710865371876 0.8690484796869479,-0.1923182603849861 -0.025675355422924952 0.5714689691941465 -0.02006701871342117,0.8 -1.2 2.0 0.5
arm,371,0.945299567996992 -0.5822487916166253 0.4231140174247831 0.8690050872280733,-0.18281843977848916 -0.024181975174305675 0.5714654437977494 -0.021696229437276653,0.8 -1.2 2.0 0.5
arm,372,0.944952806938585 -0.5822941892791286 0.424256941610823 0.8689584888243654,-0.17338052920350194 -0.022698831251600233 0.5714620930199433 -0.023299201853934845,0.8 -1.2 2.0 0.5
arm,373,0.9446247939003504 -0.5823366418056783 0.4253998594423154 0.8689087378143274,-0.1640065191172783 -0.02122626327490522 0.5714589157462063 -0.02487550501900705,0.8 -1.2 2.0 0.5
arm,374,0.9443153971864462 -0.5823761710141618 0.42654277126370693 0.8688558883425479,-0.15469835695209772 -0.019764604241762337 0.5714559106957565 -0.026424735889784057,0.8 -1.2 2.0 0.5
arm,375,0.9440244812922106 -0.5824127993750667 0.42768567741655944 0.8687999953041744,-0.14545794711780918 -0.018314180452437562 0.571453076426241 -0.027946519186759257,0.8 -1.2 2.0 0.5
arm,376,0.9437519069901799 -0.5824465499979444 0.4288285782392365 0.8687411142897259,-0.13628715101537717 -0.01687531143881914 0.5714504113385269 -0.029440507224267384,0.8 -1.2 2.0 0.5
arm,377,0.9434975314160573 -0.5824774466177384 0.42997147406659963 0.8686793015303034,-0.12718778706126482 -0.015448309896978048 0.5714479136815858 -0.030906379711275002,0.8 -1.2 2.0 0.5
arm,378,0.9432612081546123 -0.5825055135809852 0.4311143652297146 0.8686146138432567,-0.11816163072249346 -0.01403348162343002 0.5714455815574632 -0.032343843523368145,0.8 -1.2 2.0 0.5
arm,379,0.9430427873254879 -0.5825307758318955 0.43225725205556725 0.8685471085783627,-0.10921041456221886 -0.012631125455131243 0.5714434129263277 -0.03375263244699023,0.8 -1.2 2.0 0.5
arm,380,0.9428421156688965 -0.582553258898322 0.4334001348667904 0.8684768435645688,-0.10033582829566663 -0.011241533213242193 0.5714414056115891 -0.03513250689698909,0.8 -1.2 2.0 0.5
arm,381,0.942659036631184 -0.5825729888776233 0.43454301398140055 0.8684038770573517,-0.09153951885627423 -0.009864989650678098 0.5714395573050801 -0.036483253608537644,0.8 -1.2 2.0 0.5
arm,382,0.9424933904502403 -0.5825899924224303 0.4356858897125451 0.8683282676867426,-0.08282309047188499 -0.008501772403472998 0.571437865572294 -0.03780468530449498,0.8 -1.2 2.0 0.5
arm,383,0.9423450142407386 -0.5826042967263222 0.43682876236826046 0.868250074406064,-0.07418810475084696 -0.007152151945965833 0.5714363278576694 -0.03909664033927761,0.8 -1.2 2.0 0.5
arm,384,0.9422137420791828 -0.5826159295094219 0.4379716322512403 0.8681693564414235,-0.06563608077786653 -0.005816391549825248 0.571434941489916 -0.0403589823203105,0.8 -1.2 2.0 0.5
arm,385,0.9420994050887439 -0.5826249190039157 0.43911449965861504 0.8680861732420072,-0.05716849521947238 -0.004494747246915769 0.5714337036873745 -0.04159159970812724,0.8 -1.2 2.0 0.5
arm,386,0.942001831523866 -0.5826312939395076 0.44025736488174183 0.8680005844312149,-0.04878678243894547 -0.0031874677960078333 0.5714326115634013 -0.04279440539618631,0.8 -1.2 2.0 0.5
arm,387,0.9419208468546248 -0.5826350835288143 0.4414002282060054 0.8679126497586719,-0.040492334620572945 -0.00189479465333021 0.5714316621317743 -0.04396733627146769,0.8 -1.2 2.0 0.5
arm,388,0.9418562738508187 -0.5826363174527083 0.44254308991062963 0.8678224290531581,-0.032286501903086004 -0.0006169619469548037 0.5714308523121097 -0.04511035275690905,0.8 -1.2 2.0 0.5
arm,389,0.9418079326657744 -0.5826350258456183 0.4436859502685002 0.8677299821764847,-0.024170592522141824 0.0006458035449924471 0.5714301789352844 -0.04622343833673507,0.8 -1.2 2.0 0.5
arm,390,0.941775640919851 -0.5826312392807937 0.44482880954599796 0.8676353689783532,-0.01614587296171225 0.0018932824123113758 0.5714296387488583 -0.04730659906572698,0.8 -1.2 2.0 0.5
arm,391,0.9417592137836225 -0.5826249887555399 0.44597166800284294 0.8675386492522263,-0.00821356811424568 0.0031252626269233754 0.5714292284224881 -0.04835986306347163,0.8 -1.2 2.0 0.5
arm,392,0.9417584640607236 -0.5826163056764333 0.4471145258919496 0.8674398826922372,-0.00037486144946367005 0.004341539553296044 0.5714289445533268 -0.049383279994619424,0.8 -1.2 2.0 0.5
arm,393,0.9417732022703403 -0.582605221844523 0.4482573834592924 0.8673391288511648,0.0073691048083386725 0.00554191595513073 0.5714287836714035 -0.050376920536171564,0.8 -1.2 2.0 0.5
arm,394,0.9418032367293295 -0.5825917694405264 0.44940024094378234 0.8672364470994992,0.015017229494621687 0.006726201998342051 0.5714287422449762 -0.051340875832805166,0.8 -1.2 2.0 0.5
arm,395,0.9418483736339509 -0.5825759810100256 0.450543098577154 0.8671318965856167,0.022568452310691933 0.00789421525036051 0.5714288166858527 -0.05227525694123324,0.8 -1.2 2.0 0.5
arm,396,0.9419084171411943 -0.582557889448674 0.45168595658386335 0.8670255361970876,0.030021753621684542 0.009045780675797956 0.5714290033546724 -0.05318019426458345,0.8 -1.2 2.0 0.5
arm,397,0.9419831694496875 -0.582537527987417 0.45282881518099566 0.866917424523132,0.037376154246566574 0.010180730628519038 0.5714292985661451 -0.0540558369777659,0.8 -1.2 2.0 0.5
arm,398,0.9420724308801681 -0.5825149301777367 0.45397167457818416 0.8668076198182425,0.044630715240292274 0.011298904840156238 0.5714296985942398 -0.05490235244478515,0.8 -1.2 2.0 0.5
arm,399,0.9421759999555046 -0.5824901298769265 0.4551145349775388 0.8666961799669847,0.05178453766823748 0.012400150405119935 0.5714301996773187 -0.05571992562893692,0.8 -1.2 2.0 0.5
arm,400,0.9422936734802507 -0.5824631612334021 0.4562573965735852 0.866583162449991,0.058836762373040974 0.013484321762154427 0.5714307980232123 -0.056508758496813055,0.8 -1.2 2.0 0.5
arm,401,0.9424252466197187 -0.5824340586720572 0.4574002595532137 0.866468624311157,0.06578656973398286 0.014551280672484401 0.5714314898142283 -0.05726906941702152,0.8 -1.2 2.0 0.5
arm,402,0.9425705129785568 -0.582402856879668 0.45854312409563786 0.866352622126048,0.07263317941902311 0.01560089619462028 0.5714322712120918 -0.05800109255451154,0.8 -1.2 2.0 0.5
arm,403,0.942729264678816 -0.5823695907903562 0.45968599037236346 0.8662352119715253,0.0793758501296325 0.016633044655863672 0.571433138362811 -0.058705077261373625,0.8 -1.2 2.0 0.5
arm,404,0.9429012924374931 -0.582334295571115 0.4608288585471664 0.8661164493965954,0.08601387933853784 0.017647609620587944 0.571434087401464 -0.05938128746496825,0.8 -1.2 2.0 0.5
arm,405,0.9430863856435341 -0.5822970066074044 0.46197172877608017 0.865996389394487,0.09254660302051121 0.01864448185534699 0.5714351144569031 -0.060030001054214875,0.8 -1.2 2.0 0.5
arm,406,0.9432843324342868 -0.5822577594888226 0.4631146012073929 0.8658750863759572,0.09897339537632911 0.019623559290877838 0.5714362156563723 -0.06065150926485483,0.8 -1.2 2.0 0.5
arm,407,0.9434949197713869 -0.5822165899948605 0.46425747598165296 0.8657525941438282,0.10529366855002753 0.02058474698106597 0.5714373871300327 -0.061246116064480376,0.8 -1.2 2.0 0.5
arm,408,0.943717933516066 -0.5821735340807426 0.46540035323168377 0.865628965868752,0.11150687233958058 0.021527957058936578 0.5714386250153951 -0.061814137538101534,0.8 -1.2 2.0 0.5
arm,409,0.9439531585038683 -0.5821286278633631 0.4665432330826071 0.865504254066202,0.11761249390112762 0.022453108689748362 0.5714399254616535 -0.062355901275001686,0.8 -1.2 2.0 0.5
arm,410,0.944200378618762 -0.5820819076073206 0.4676861156518749 0.8653785105746868,0.12361005744687781 0.023360128021252806 0.5714412846339173 -0.06287174575760977,0.8 -1.2 2.0 0.5
arm,411,0.9444593768666357 -0.5820334097110582 0.4688290010493096 0.8652517865351806,0.12949912393681717 0.024248948131198524 0.5714426987173398 -0.06336201975309703,0.8 -1.2 2.0 0.5
arm,412,0.9447299354481644 -0.5819831706931139 0.46997188937715184 0.8651241323717639,0.1352792907643477 0.02511950897214686 0.5714441639211383 -0.06382708170838185,0.8 -1.2 2.0 0.5
arm,413,0.9450118358310364 -0.5819312271784866 0.47111478073011687 0.8649955977734655,0.140950191435983 0.02597175731368216 0.5714456764825052 -0.06426729914920574,0.8 -1.2 2.0 0.5
arm,414,0.9453048588215269 -0.5818776158851223 0.4722576751954577 0.8648662316772976,0.14651149524522963 0.0268056466820893 0.571447232670406 -0.06468304808391964,0.8 -1.2 2.0 0.5
arm,415,0.9456087846354085 -0.5818223736105271 0.4734005728530362 0.8647360822524724,0.15196290694078404 0.02762113729756857 0.571448828789262 -0.06507471241259621,0.8 -1.2 2.0 0.5
arm,416,0.9459233929681868 -0.581765537218509 0.47454347377540124 0.8646051968857883,0.15730416638916944 0.028418196009078255 0.5714504611825164 -0.06544268334206292,0.8 -1.2 2.0 0.5
arm,417,0.9462484630646507 -0.5817071436260552 0.4756863780278734 0.8644736221681735,0.16253504823194495 0.029196796226871907 0.5714521262360819 -0.06578735880742494,0.8 -1.2 2.0 0.5
arm,418,0.946583773787726 -0.5816472297903497 0.47682928566863675 0.8643414038823722,0.1676553615376139 0.02995691785281543 0.5714538203816655 -0.0661091429006256,0.8 -1.2 2.0 0.5
arm,419,0.9469291036866226 -0.5815858326959326 0.4779721967488367 0.8642085869917591,0.1726649494483617 0.030698547208561106 0.571455540099973 -0.06640844530656756,0.8 -1.2 2.0 0.5
arm,420,0.9472842310642662 -0.5815229893420092 0.47911511131268425 0.8640752156302645,0.17756368882175277 0.03142167696165783 0.5714572819237888 -0.06668568074729526,0.8 -1.2 2.0 0.5
arm,421,0.9476489340440012 -0.5814587367299099 0.4802580293975661 0.863941333093395,0.18235148986751676 0.032126306049677734 0.5714590424409299 -0.06694126843471541,0.8 -1.2 2.0 0.5
arm,422,0.9480229906355603 -0.581393111850705 0.48140095103416025 0.8638069818303304,0.18702829577955413 0.032812439602441054 0.5714608182970755 -0.06717563153230932,0.8 -1.2 2.0 0.5
arm,423,0.9484061788002869 -0.5813261516729802 0.4825438762465572 0.863672203437078,0.19159408236329334 0.03348008886241369 0.5714626061984677 -0.06738919662626698,0.8 -1.2 2.0 0.5
arm,424,0.9487982765156039 -0.5812578931307735 0.48368680505238615 0.863537038650665,0.19604885765852936 0.03412927110336403 0.5714644029144856 -0.0675823932064507,0.8 -1.2 2.0 0.5
arm,425,0.9491990618387196 -0.5811883731116788 0.48482973746294633 0.8634015273443498,0.20039266155787686 0.034760009547351596 0.5714662052800914 -0.06775565315757172,0.8 -1.2 2.0 0.5
arm,426,0.9496083129695615 -0.5811176284451185 0.4859726734833426 0.8632657085238279,0.20462556542096802 0.03537233328013439 0.571468010198147 -0.06790941026094181,0.8 -1.2 2.0 0.5
arm,427,0.9500258083129306 -0.5810456958907884 0.4871156131126258 0.8631296203244136,0.20874767168452932 0.035966277165067485 0.5714698146416027 -0.06804409970713762,0.8 -1.2 2.0 0.5
arm,428,0.9504513265398675 -0.5809726121272772 0.4882585563439369 0.8629933000091738,0.21275911346846887 0.03654188175557462 0.5714716156555569 -0.06816015761989404,0.8 -1.2 2.0 0.5
arm,429,0.9508846466482237 -0.5808984137408647 0.48940150316465525 0.8628567839679908,0.21666005417810835 0.037099193206267915 0.5714734103591869 -0.06825802059151993,0.8 -1.2 2.0 0.5
arm,430,0.9513255480224291 -0.5808231372144991 0.49054445355655035 0.8627201077175306,0.2204506871026906 0.03763826318279858 0.5714751959475514 -0.06833812523010825,0.8 -1.2 2.0 0.5
arm,431,0.9517738104924497 -0.580746818916958 0.49168740749593687 0.862583305902093,0.2241312350102991 0.03815914877050865 0.5714769696932657 -0.06840090771878937,0.8 -1.2 2.0 0.5
arm,432,0.9522292143919283 -0.5806694950921941 0.492830364953833 0.8624464122953185,0.22770194973932162 0.038661912381962905 0.5714787289480493 -0.06844680338725624,0.8 -1.2 2.0 0.5
arm,433,0.9526915406155015 -0.5805912018488673 0.49397332589612125 0.862309459802727,0.23116311178659105 0.039146621663438554 0.571480471144146 -0.06847624629576807,0.8 -1.2 2.0 0.5
arm,434,0.9531605706752863 -0.5805119751500664 0.4951162902837125 0.8621724804650633,0.23451502989234016 0.03961334940044027 0.5714821937956205 -0.06848966883181808,0.8 -1.2 2.0 0.5
arm,435,0.9536360867565304 -0.5804318508032217 0.4962592580727116 0.862035505462424,0.23775804062210168 0.04006217342232064 0.571483894499528 -0.06848750131963076,0.8 -1.2 2.0 0.5
arm,436,0.9541178717724218 -0.5803508644502096 0.49740222921458555 0.8618985651191388,0.24089250794568975 0.04049317650607391 0.5714855709369617 -0.06847017164263348,0.8 -1.2 2.0 0.5
arm,437,0.9546057094180486 -0.5802690515576509 0.4985452036563335 0.8617616889093807,0.24391882281339605 0.04090644627937713 0.5714872208739784 -0.06843810487902738,0.8 -1.2 2.0 0.5
arm,438,0.9550993842235076 -0.580186447407405 0.4996881813406583 0.8616249054634795,0.24683740272953603 0.04130207512294546 0.571488842162402 -0.06839172295056284,0.8 -1.2 2.0 0.5
arm,439,0.9555986816061546 -0.5801030870872604 0.5008311622061393 0.8614882425749103,0.24964869132347822 0.041680160072274736 0.5714904327405093 -0.06833144428460616,0.8 -1.2 2.0 0.5
arm,440,0.9561033879219911 -0.5800190054818227 0.5019741461874065 0.8613517272079312,0.2523531579182924 0.042040802718834466 0.5714919906335963 -0.06825768348956457,0.8 -1.2 2.0 0.5
arm,441,0.9566132905161854 -0.5799342372636012 0.5031171332153154 0.8612153855058438,0.2549512970971489 0.04238410911078364 0.571493513954431 -0.06817085104371912,0.8 -1.2 2.0 0.5
arm,442,0.9571281777727206 -0.5798488168842946 0.5042601232171225 0.8610792427998487,0.25744362826760453 0.042710189653269795 0.5714950009035904 -0.06807135299749659,0.8 -1.2 2.0 0.5
arm,443,0.9576478391631684 -0.5797627785662778 0.5054031161166619 0.8609433236184704,0.25983069522390845 0.04301915900837579 0.5714964497696863 -0.06795959068919413,0.8 -1.2 2.0 0.5
arm,444,0.9581720652945833 -0.5796761562942883 0.5065461118345208 0.860807651697522,0.26211306570746123 0.04331113599478035 0.5714978589294805 -0.06783596047415376,0.8 -1.2 2.0 0.5
arm,445,0.9587006479565144 -0.5795889838073138 0.5076891102882166 0.8606722499905873,0.2642913309655604 0.0435862434871915 0.5714992268478934 -0.0677008534673667,0.8 -1.2 2.0 0.5
arm,446,0.9592333801671316 -0.5795012945906826 0.5088321113923724 0.8605371406799884,0.266366105308566 0.043844608315610274 0.5715005520779063 -0.06755465529947177,0.8 -1.2 2.0 0.5
arm,447,0.9597700562184628 -0.5794131218683536 0.5099751150588931 0.8604023451882162,0.26833802566561665 0.04408636116449223 0.5715018332603599 -0.0673977458860967,0.8 -1.2 2.0 0.5
arm,448,0.9603104717207408 -0.5793244985954099 0.5111181211971405 0.8602678841897953,0.270207751139031 0.044311636471852225 0.5715030691236533 -0.0672304992104751,0.8 -1.2 2.0 0.5
arm,449,0.9608544236458558 -0.5792354574507531 0.5122611297141072 0.8601337776235568,0.2719759625575245 0.04452057232837616 0.5715042584833443 -0.06705328311925839,0.8 -1.2 2.0 0.5
arm,450,0.9614017103699126 -0.5791460308299999 0.5134041405145905 0.8600000447052939,0.2736433620283716 0.044713310376593915 0.5715054002416529 -0.06686645913142704,0.8 -1.2 2.0 0.5
arm,451,0.9619521317148899 -0.5790562508385796 0.5145471535013643 0.8598667039407735,0.27521067248864606 0.04488999571016212 0.571506493386873 -0.0666703822601918,0.8 -1.2 2.0 0.5
arm,452,0.9625054889894012 -0.578966149285033 0.5156901685753497 0.859733773139078,0.2766786372556683 0.0450507767733101 0.5715075369926933 -0.06646540084776272,0.8 -1.2 2.0 0.5
arm,453,0.9630615850285548 -0.5788757576745119 0.5168331856357845 0.8596012694262523,0.27804801957678715 0.0451958052605043 0.5715085302174301 -0.0662518564128511,0.8 -1.2 2.0 0.5
arm,454,0.963620224232912 -0.5787851072024792 0.5179762045803908 0.8594692092592308,0.27931960217862756 0.045325236016370125 0.5715094723031752 -0.0660300835107567,0.8 -1.2 2.0 0.5
arm,455,0.9641812126065439 -0.5786942287486073 0.5191192253055406 0.859337608440019,0.28049418681592964 0.045439226935926336 0.571510362574862 -0.0658004096058817,0.8 -1.2 2.0 0.5
arm,456,0.9647443577941841 -0.5786031528708769 0.520262247706419 0.8592064821301061,0.28157259382010724 0.04553793886517314 0.5715112004392525 -0.06556315495650077,0.8 -1.2 2.0 0.5
arm,457,0.9653094691174794 -0.5785119097998728 0.5214052716771868 0.8590758448650829,0.2825556616476503 0.04562153550208254 0.5715119853838472 -0.0653186325116071,0.8 -1.2 2.0 0.5
arm,458,0.9658763576103364 -0.5784205294332767 0.5225482971111381 0.8589457105694437,0.283444246428498 0.04569018329802961 0.5715127169757223 -0.06506714781964279,0.8 -1.2 2.0 0.5
arm,459,0.9664448360533654 -0.5783290413305573 0.5236913239008587 0.8588160925715459,0.28423922151450703 0.04574405135970561 0.5715133948602965 -0.0648089989489128,0.8 -1.2 2.0 0.5
arm,460,0.9670147190074216 -0.5782374747078541 0.5248343519383788 0.858687003618707,0.28494147702813516 0.04578331135155889 0.5715140187600296 -0.06454447641947318,0.8 -1.2 2.0 0.5
arm,461,0.9675858228462446 -0.5781458584330565 0.5259773811153249 0.8585584558924144,0.2855519194114658 0.04580813739879668 0.5715145884730577 -0.06427386314627422,0.8 -1.2 2.0 0.5
arm,462,0.968157965788196 -0.5780542210210746 0.5271204113230684 0.8584304610236277,0.2860714709756925 0.04581870599098549 0.5715151038717663 -0.06399743439333208,0.8 -1.2 2.0 0.5
arm,463,0.9687309679270983 -0.577962590629302 0.528263442452871 0.8583030301081503,0.2865010694511846 0.04581519588628725 0.5715155649013053 -0.06371545773869418,0.8 -1.2 2.0 0.5
arm,464,0.9693046512621748 -0.5778709950532692 0.5294064743960272 0.8581761737220505,0.2868416675382513 0.04579778801636564 0.5715159715780485 -0.06342819304995642,0.8 -1.2 2.0 0.5
arm,465,0.9698788397270922 -0.5777794617224852 0.5305495070440032 0.8580499019371103,0.2870942324587232 0.045766665391996246 0.5715163239880012 -0.06313589247008401,0.8 -1.2 2.0 0.5
arm,466,0.9704533592181092 -0.5776880176964664 0.5316925402885735 0.8579242243362837,0.28725974550846695 0.04572201300940856 0.5715166222851584 -0.06283880041328052,0.8 -1.2 2.0 0.5
arm,467,0.971028037621331 -0.5775966896609516 0.5328355740219531 0.8577991500291424,0.28733920161094895 0.04566401775739426 0.5715168666898165 -0.06253715357064484,0.8 -1.2 2.0 0.5
arm,468,0.971602704839075 -0.5775055039243011 0.5339786081369269 0.8576746876672917,0.28733360887196013 0.04559286832520928 0.5715170574868425 -0.06223118092534996,0.8 -1.2 2.0 0.5
arm,469,0.9721771928153462 -0.5774144864140786 0.5351216425269747 0.8575508454597376,0.2872439881356168 0.045508755111296866 0.5715171950239022 -0.061921103777072516,0.8 -1.2 2.0 0.5
arm,470,0.9727513355604297 -0.5773236626738129 0.536264677086394 0.8574276311881868,0.2870713725417462 0.04541187013285941 0.5715172797096527 -0.061607135775397844,0.8 -1.2 2.0 0.5
arm,471,0.9733249691745992 -0.5772330578599403 0.5374077117104178 0.8573050522222629,0.2868168070847685 0.045302406936302754 0.5715173120118991 -0.061289482961921174,0.8 -1.2 2.0 0.5
arm,472,0.9738979318709475 -0.5771426967389232 0.5385507462953293 0.8571831155346215,0.28648134817418225 0.04518056050857829 0.5715172924557214 -0.06096834382076212,0.8 -1.2 2.0 0.5
arm,473,0.974470063997341 -0.5770526036845443 0.5396937807385724 0.8570618277159471,0.28606606319676087 0.04504652718944504 0.5715172216215719 -0.06064390933720629,0.8 -1.2 2.0 0.5
arm,474,0.9750412080575022 -0.5769628026753749 0.5408368149388592 0.8569411949898187,0.2855720300805648 0.044900504584673324 0.5715171001433491 -0.06031636306418552,0.8 -1.2 2.0 0.5
arm,475,0.9756112087312239 -0.5768733172924145 0.541979848796272 0.856821223227426,0.285000336860874 0.04474269148021153 0.571516928706447 -0.05998588119630563,0.8 -1.2 2.0 0.5
arm,476,0.9761799128937202 -0.5767841707168999 0.5431228822123636 0.8567019179621238,0.2843520812481419 0.044573287757334906 0.5715167080457868 -0.05965263265112893,0.8 -1.2 2.0 0.5
arm,477,0.9767471696341163 -0.5766953857282824 0.5442659150902512 0.8565832844038089,0.2836283701980738 0.0443924943087906 0.5715164389438304 -0.059316779157416843,0.8 -1.2 2.0 0.5
arm,478,0.9773128302730842 -0.5766069847023705 0.5454089473347083 0.8564653274531089,0.2828303194839263 0.04420051295596439 0.5715161222285807 -0.05897847535003774,0.8 -1.2 2.0 0.5
arm,479,0.9778767483796265 -0.5765189896096363 0.5465519788522515 0.8563480517153664,0.2819590532711259 0.04399754636707922 0.5715157587715701 -0.05863786887124376,0.8 -1.2 2.0 0.5
arm,480,0.9784387797870151 -0.5764314220136835 0.5476950095512232 0.8562314615144104,0.2810157036943051 0.043783797976439734 0.5715153494858409 -0.05829510047801978,0.8 -1.2 2.0 0.5
arm,481,0.9789987826078888 -0.5763443030698739 0.548838039341871 0.8561155609061,0.28000141043684573 0.043559471904744164 0.5715148953239194 -0.057950304155208854,0.8 -1.2 2.0 0.5
arm,482,0.9795566172485148 -0.576257653524113 0.5499810681364226 0.8560003536916317,0.2789173203130271 0.04332477288046695 0.5715143972757865 -0.05760360723411763,0.8 -1.2 2.0 0.5
arm,483,0.9801121464222206 -0.5761714937117883 0.5511240958491562 0.8558858434305991,0.27776458685286637 0.043079906162330976 0.571513856366848 -0.057255130516306756,0.8 -1.2 2.0 0.5
arm,484,0.980665235162 -0.5760858435568625 0.552267122396468 0.8557720334537946,0.2765443698897411 0.04282507746288193 0.5715132736559061 -0.0569049884022723,0.8 -1.2 2.0 0.5
arm,485,0.9812157508323017 -0.5760007225711162 0.5534101476969343 0.8556589268757452,0.275257835150884 0.04256049287316446 0.5715126502331347 -0.05655328902472484,0.8 -1.2 2.0 0.5
arm,486,0.9817635631400033 -0.5759161498535392 0.5545531716713704 0.8555465266069728,0.27390615385083056 0.0422863587885258 0.5715119872180615 -0.05620013438617617,0.8 -1.2 2.0 0.5
arm,487,0.9823085441445791 -0.5758321440898682 0.5556961942428855 0.8554348353659718,0.272490502287909 0.04200288183554188 0.5715112857575592 -0.05584562050054393,0.8 -1.2 2.0 0.5
arm,488,0.9828505682674669 -0.575748723552268 0.5568392153369333 0.8553238556908948,0.2710120614438517 0.04171026880007893 0.5715105470238464 -0.0554898375384876,0.8 -1.2 2.0 0.5
arm,489,0.9833895123006401 -0.575665906099155 0.5579822348813582 0.8552135899509423,0.26947201658660935 0.04140872655649843 0.5715097722125031 -0.055132869976192184,0.8 -1.2 2.0 0.5
arm,490,0.983925255414393 -0.575583709175159 0.5591252528064392 0.8551040403574477,0.2678715568764462 0.04109846199801241 0.5715089625405003 -0.05477479674731829,0.8 -1.2 2.0 0.5
arm,491,0.9844576791643438 -0.5755021498112226 0.5602682690449277 0.854995208974652,0.26621187497539495 0.04077968196818841 0.5715081192442478 -0.05441569139784026,0.8 -1.2 2.0 0.5
arm,492,0.9849866674976641 -0.5754212446248353 0.561411283532083 0.854887097730165,0.2644941666601448 0.040452593193615806 0.5715072435776605 -0.05405562224349831,0.8 -1.2 2.0 0.5
arm,493,0.985512106758541 -0.5753410098203999 0.5625542962057035 0.8547797084251059,0.26271963043843616 0.04011740221773582 0.5715063368102463 -0.05369465252959358,0.8 -1.2 2.0 0.5
arm,494,0.986033885692879 -0.5752614611897282 0.563697307006154 0.8546730427439202,0.2608894671690349 0.03977431533583586 0.5715054002252176 -0.05333284059285883,0.8 -1.2 2.0 0.5
arm,495,0.9865518954522496 -0.5751826141126658 0.5648403158763892 0.8545671022638699,0.2590048796853559 0.03942353853121029 0.5715044351176264 -0.05297024002514185,0.8 -1.2 2.0 0.5
arm,496,0.9870660295970952 -0.5751044835578408 0.5659833227619743 0.8544618884641926,0.2570670724228011 0.03906527741249901 0.5715034427925273 -0.05260689983864374,0.8 -1.2 2.0 0.5
arm,497,0.987576184099195 -0.5750270840835364 0.5671263276111006 0.8543574027349277,0.2550772510498829 0.03869973715219 0.5715024245631676 -0.05224286463245677,0.8 -1.2 2.0 0.5
arm,498,0.9880822573434014 -0.5749504298386838 0.568269330374599 0.8542536463854074,0.2530366221031934 0.03832712242630015 0.5715013817492081 -0.0518781747601534,0.8 -1.2 2.0 0.5
arm,499,0.988584150128654 -0.5748745345639734 0.569412331005949 0.854150620652411,0.2509463926262841 0.03794763735522833 0.5715003156749745 -0.051512866498181764,0.8 -1.2 2.0 0.5
arm,500,0.989081765668279 -0.5747994115930819 0.5705553294612845 0.8540483267079814,0.24880776981251618 0.03756148544578004 0.5714992276677422 -0.05114697221482793,0.8 -1.2 2.0 0.5
arm,501,0.9895750095895829 -0.5747250738540132 0.5716983256993966 0.8539467656669023,0.24662196065194117 0.03716886953436475 0.5714981190560543 -0.05078052053951123,0.8 -1.2 2.0 0.5
arm,502,0.9900637899327475 -0.5746515338705505 0.5728413196817328 0.853845938593838,0.24439017158226817 0.03676999173136358 0.571496991168076 -0.050413536532183556,0.8 -1.2 2.0 0.5
arm,503,0.9905480171490354 -0.5745788037638171 0.5739843113723928 0.8537458465101327,0.24211360814397295 0.036365053366668544 0.5714958453299845 -0.05004604185260993,0.8 -1.2 2.0 0.5
arm,504,0.9910276040983146 -0.5745068952539443 0.5751273007381216 0.8536464904002741,0.2397934746396048 0.03595425493638296 0.5714946828643981 -0.04967805492931189,0.8 -1.2 2.0 0.5
arm,505,0.9915024660459093 -0.5744358196618429 0.5762702877482992 0.8535478712180181,0.23743097379733963 0.03553779605069036 0.5714935050888421 -0.049309591127962966,0.8 -1.2 2.0 0.5
arm,506,0.9919725206587869 -0.5743655879110771 0.5774132723749278 0.85344998989218,0.23502730643883152 0.03511587538288304 0.571492313314257 -0.04894066291902974,0.8 -1.2 2.0 0.5
arm,507,0.9924376880010898 -0.5742962105298379 0.5785562545926148 0.853352847332091,0.23258367115141196 0.034688690619542446 0.5714911088435449 -0.04857128004445839,0.8 -1.2 2.0 0.5
arm,508,0.9928978905290191 -0.5742276976530142 0.5796992343785552 0.8532564444327246,0.23010126396467967 0.034256438411879114 0.5714898929701598 -0.04820144968321394,0.8 -1.2 2.0 0.5
arm,509,0.9933530530850821 -0.5741600590243577 0.5808422117125087 0.8531607820794936,0.22758127803152925 0.033819314328216936 0.5714886669767386 -0.04783117661548362,0.8 -1.2 2.0 0.5
arm,510,0.9938031028917095 -0.5740933039987425 0.5819851865767762 0.8530658611527229,0.22502490331365999 0.03337751280762115 0.5714874321337764 -0.047460463385363506,0.8 -1.2 2.0 0.5
arm,511,0.9942479695442527 -0.5740274415445131 0.5831281589561729 0.8529716825317991,0.22243332627160675 0.03293122711466424 0.5714861896983447 -0.047089310461853225,0.8 -1.2 2.0 0.5
arm,512,0.9946875850033713 -0.5739624802459224 0.5842711288379986 0.8528782470990032,0.21980772955933192 0.03248064929532412 0.5714849409128552 -0.04671771639799022,0.8 -1.2 2.0 0.5
arm,513,0.9951218835868181 -0.5738984283056544 0.5854140962120064 0.8527855557430273,0.21714929172341577 0.032025970134010914 0.5714836870038669 -0.046345677987961395,0.8 -1.2 2.0 0.5
arm,514,0.9955508019606318 -0.573835293547431 0.5865570610703682 0.8526936093621832,0.21445918690688284 0.031567379111710536 0.5714824291809399 -0.045973190422036195,0.8 -1.2 2.0 0.5
arm,515,0.9959742791297472 -0.5737730834187005 0.5877000234076393 0.8526024088673049,0.21173858455769656 0.031105064365246193 0.5714811686355349 -0.04560024743917205,0.8 -1.2 2.0 0.5
arm,516,0.9963922564280312 -0.5737118049934052 0.5888429832207192 0.8525119551843505,0.20898864914195714 0.030639212647641714 0.5714799065399575 -0.045226841477149275,0.8 -1.2 2.0 0.5
arm,517,0.9968046775077548 -0.5736514649748261 0.5899859405088118 0.8524222492567103,0.20621053986183052 0.030170009289590616 0.5714786440463505 -0.04485296382009959,0.8 -1.2 2.0 0.5
arm,518,0.9972114883285113 -0.5735920696985021 0.5911288952733833 0.8523332920472236,0.20340541037824159 0.029697638162011184 0.5714773822857317 -0.04447860474329796,0.8 -1.2 2.0 0.5
arm,519,0.997612637145588 -0.5735336251352227 0.5922718475181175 0.8522450845399134,0.20057440853835512 0.029222281639691122 0.5714761223670791 -0.04410375365509533,0.8 -1.2 2.0 0.5
arm,520,0.9980080744978037 -0.5734761368940906 0.5934147972488704 0.8521576277414417,0.19771867610787278 0.028744120566008242 0.5714748653764617 -0.04372839923587532,0.8 -1.2 2.0 0.5
arm,521,0.99839775319482 -0.5734196102256531 0.5945577444736228 0.8520709226822938,0.19483934850817036 0.028263334218718045 0.5714736123762192 -0.043352529573924645,0.8 -1.2 2.0 0.5
arm,522,0.9987816283039367 -0.5733640500250995 0.5957006892024311 0.8519849704176976,0.19193755455829672 0.027780100276803287 0.5714723644041856 -0.04297613229811401,0.8 -1.2 2.0 0.5
arm,523,0.9991596571363804 -0.5733094608355227 0.5968436314473771 0.851899772028283,0.1890144162218565 0.027294594788374173 0.5714711224729622 -0.0425991947072921,0.8 -1.2 2.0 0.5
arm,524,0.999531799233098 -0.5732558468512434 0.5979865712225155 0.8518153286204905,0.18607104835879507 0.026806992139612473 0.5714698875692356 -0.04222170389630205,0.8 -1.2 2.0 0.5
arm,525,0.9998980163500621 -0.573203211921194 0.5991295085438219 0.8517316413267334,0.18310855848210422 0.026317465024749107 0.5714686606531423 -0.041843646878536096,0.8 -1.2 2.0 0.5
arm,526,1.000258272443101 -0.5731515595523599 0.6002724434291372 0.8516487113053235,0.1801280465194637 0.025826184417068004 0.5714674426576797 -0.04146501070495035,0.8 -1.2 2.0 0.5
arm,527,1.0006125336522607 -0.573100892913278 0.6014153758981136 0.8515665397401646,0.17713060457983498 0.025333319540922515 0.5714662344881621 -0.041085782579467864,0.8 -1.2 2.0 0.5
arm,528,1.0009607682857107 -0.5730512148375885 0.602558305972157 0.8514851278402232,0.17411731672501837 0.02483903784476007 0.5714650370217234 -0.040705949970704605,0.8 -1.2 2.0 0.5
arm,529,1.001302946803203 -0.5730025278276382 0.6037012336743707 0.8514044768387833,0.17108925874618552 0.02434350497514351 0.5714638511068634 -0.04032550071995905,0.8 -1.2 2.0 0.5
arm,530,1.001639041799094 -0.5729548340581346 0.6048441590294967 0.8513245879924924,0.16804749794539758 0.02384688475175893 0.5714626775630394 -0.039944423145411724,0.8 -1.2 2.0 0.5
arm,531,1.0019690279849383 -0.5729081353798479 0.6059870820638573 0.8512454625802075,0.16499309292211767 0.02334933914339833 0.5714615171803025 -0.03956270614248765,0.8 -1.2 2.0 0.5
arm,532,1.0022928821716677 -0.5728624333233581 0.6071300028052953 0.8511671019016468,0.16192709336472397 0.022851028244909508 0.5714603707189757 -0.039180339280339996,0.8 -1.2 2.0 0.5
arm,533,1.0026105832513617 -0.5728177291028479 0.608272921283114 0.851089507275858,0.15885053984702854 0.022352110255103128 0.571459238909377 -0.038797312894419664,0.8 -1.2 2.0 0.5
arm,534,1.0029221121786214 -0.5727740236199367 0.6094158375280172 0.8510126800395078,0.15576446362980648 0.021852741455605233 0.5714581224515831 -0.03841361817510069,0.8 -1.2 2.0 0.5
arm,535,1.003227451951556 -0.5727313174675553 0.6105587515720476 0.8509366215450032,0.15266988646733717 0.02135307619064566 0.571457022015236 -0.03802924725233708,0.8 -1.2 2.0 0.5
arm,536,1.003526587592394 -0.5726896109338598 0.6117016634485264 0.8508613331584505,0.14956782041896005 0.02085326684776919 0.5714559382393901 -0.037644193276332345,0.8 -1.2 2.0 0.5
arm,537,1.0038195061277253 -0.572648904006181 0.6128445731919911 0.8507868162574621,0.14645926766564168 0.020353463839464427 0.5714548717324001 -0.037258450494208735,0.8 -1.2 2.0 0.5
arm,538,1.0041061965683884 -0.5726091963750096 0.6139874808381348 0.8507130722288168,0.14334522033155558 0.019853815585692842 0.5714538230718471 -0.03687201432266746,0.8 -1.2 2.0 0.5
arm,539,1.0043866498890097 -0.572570487438015 0.6151303864237438 0.8506401024659834,0.14022666031066855 0.019354468497312812 0.5714527928045057 -0.03648488141663756,0.8 -1.2 2.0 0.5
arm,540,1.0046608590072064 -0.5725327763040942 0.6162732899866366 0.8505679083665156,0.13710455909833139 0.018855566960382344 0.5714517814463463 -0.0360970497339153,0.8 -1.2 2.0 0.5
arm,541,1.004928818762462 -0.5724960617974515 0.6174161915656017 0.850496491329324,0.13397987762786495 0.018357253321336867 0.5714507894825774 -0.03570851859580148,0.8 -1.2 2.0 0.5
arm,542,1.0051905258946863 -0.5724603424617054 0.6185590912003371 0.8504258527518366,0.13085356611213683 0.017859667873023583 0.5714498173677215 -0.0353192887437483,0.8 -1.2 2.0 0.5
arm,543,1.0054459790224666 -0.5724256165640222 0.6197019889313886 0.8503559940270525,0.12772656389011902 0.017362948841583636 0.5714488655257279 -0.03492936239203261,0.8 -1.2 2.0 0.5
arm,544,1.0056951786210233 -0.5723918820992739 0.6208448848000888 0.8502869165404996,0.12459979927841529 0.016867232374173927 0.5714479343501195 -0.0345387432764767,0.8 -1.2 2.0 0.5
arm,545,1.0059381269998788 -0.5723591367942189 0.6219877788484972 0.8502186216671012,0.12147418942774853 0.016372652527512715 0.5714470242041731 -0.03414743669924232,0.8 -1.2 2.0 0.5
arm,546,1.0061748282802476 -0.5723273781117044 0.6231306711193395 0.8501511107679617,0.11835064018439381 0.015879341257241428 0.571446135421132 -0.03375544956972781,0.8 -1.2 2.0 0.5
arm,547,1.0064052883721608 -0.5722966032548883 0.6242735616559484 0.8500843851870785,0.11523004595654429 0.015387428408088814 0.5714452683044502 -0.033362790441602445,0.8 -1.2 2.0 0.5
arm,548,1.006629514951332 -0.5722668091714787 0.6254164505022045 0.8500184462479865,0.11211328958559384 0.01489704170482734 0.5714444231280672 -0.03296946954601617,0.8 -1.2 2.0 0.5
arm,549,1.0068475174357767 -0.5722379925579907 0.626559337702478 0.8499532952503445,0.10900124222231984 0.014408306744010965 0.5714436001367126 -0.03257549882102666,0.8 -1.2 2.0 0.5
arm,550,1.0070593069621927 -0.5722101498640177 0.6277022233015704 0.8498889334664699,0.10589476320794913 0.013921346986480008 0.5714427995462383 -0.032180891937289534,0.8 -1.2 2.0 0.5
arm,551,1.007264896362113 -0.5721832772965165 0.6288451073446584 0.8498253621378298,0.10279469996008685 0.013436283750625735 0.5714420215439796 -0.031785664320061,0.8 -1.2 2.0 0.5
arm,552,1.0074643001378398 -0.5721573708241037 0.6299879898772367 0.8497625824714946,0.09970188786348907 0.012953236206399007 0.5714412662891405 -0.031389833167565814,0.8 -1.2 2.0 0.5
arm,553,1.007657534438171 -0.5721324261813635 0.6311308709450631 0.8497005956365631,0.09661715016565668 0.012472321370055293 0.5714405339132073 -0.03099341746578676,0.8 -1.2 2.0 0.5
arm,554,1.0078446170339255 -0.5721084388731643 0.632273750594104 0.8496394027605636,0.09354129787722866 0.011993654099621512 0.5714398245203834 -0.030596437999734803,0.8 -1.2 2.0 0.5
arm,555,1.0080255672932799 -0.5720854041789821 0.63341662887048 0.849579004925841,0.0904751296771496 0.011517347091077866 0.5714391381880499 -0.030198917361262533,0.8 -1.2 2.0 0.5
arm,556,1.008200406156925 -0.5720633171572317 0.6345595058204145 0.8495194031659341,0.08741943182258993 0.011043510875232598 0.5714384749672464 -0.029800879953485477,0.8 -1.2 2.0 0.5
arm,557,1.0083691561130521 -0.5720421726496011 0.6357023814901809 0.8494605984619503,0.08437497806358821 0.010572253815291753 0.5714378348831743 -0.029402351991880238,0.8 -1.2 2.0 0.5
arm,558,1.0085318411721769 -0.572021965285391 0.6368452559260523 0.8494025917389461,0.08134252956239114 0.010103682105103881 0.5714372179357191 -0.02900336150212919,0.8 -1.2 2.0 0.5
arm,559,1.0086884868418118 -0.5720026894858549 0.6379881291742523 0.8493453838623165,0.07832283481746224 0.009637899768070437 0.5714366240999922 -0.028603938314785218,0.8 -1.2 2.0 0.5
arm,560,1.008839120100996 -0.5719843394685414 0.639131001280906 0.8492889756342028,0.07531662959213035 0.009175008656709102 0.5714360533268901 -0.02820411405683149,0.8 -1.2 2.0 0.5
arm,561,1.0089837693746917 -0.5719669092516357 0.6402738722919934 0.8492333677899224,0.07232463684784637 0.008715108452861482 0.5714355055436707 -0.027803922140214096,0.8 -1.2 2.0 0.5
arm,562,1.0091224645080556 -0.5719503926582987 0.6414167422533025 0.8491785609944276,0.0693475666820178 0.008258296668531593 0.5714349806545452 -0.027403397747426873,0.8 -1.2 2.0 0.5
arm,563,1.0092552367405965 -0.571934783321004 0.6425596112103851 0.8491245558387991,0.06638611627038811 0.007804668647343677 0.5714344785412845 -0.02700257781422972,0.8 -1.2 2.0 0.5
arm,564,1.0093821186802243 -0.5719200746858708 0.6437024792085128 0.8490713528367799,0.06344096981392792 0.0073543175666076046 0.5714339990638394 -0.026601501009583695,0.8 -1.2 2.0 0.5
arm,565,1.0095031442772047 -0.5719062600169909 0.6448453462926347 0.8490189524213542,0.06051279849020221 0.0069073344399844866 0.5714335420609724 -0.02620020771288771,0.8 -1.2 2.0 0.5
arm,566,1.009618348798023 -0.5718933324007494 0.6459882125073365 0.848967354941377,0.05760226040917986 0.006463808120734779 0.5714331073509026 -0.025798739988602735,0.8 -1.2 2.0 0.5
arm,567,1.00972776879917 -0.5718812847501382 0.6471310778968005 0.8489165606582603,0.05471000057344833 0.006023825305540838 0.5714326947319593 -0.025397141558351103,0.8 -1.2 2.0 0.5
arm,568,1.0098314421008554 -0.5718701098090604 0.648273942504767 0.8488665697427191,0.051836650842794554 0.005587470538897012 0.5714323039832465 -0.024995457770580123,0.8 -1.2 2.0 0.5
arm,569,1.0099294077606615 -0.5718598001566243 0.6494168063744976 0.8488173822715833,0.048982829903116344 0.005154826218048823 0.5714319348653143 -0.024593735567879003,0.8 -1.2 2.0 0.5
arm,570,1.0100217060471408 -0.5718503482114273 0.6505596695487393 0.8487689982246792,0.046149143239624144 0.004725972598472116 0.571431587120839 -0.024192023452040197,0.8 -1.2 2.0 0.5
arm,571,1.0101083784133693 -0.5718417462358275 0.65170253206969 0.8487214174817853,0.04333618311429201 0.004300987799884935 0.5714312604753086 -0.023790371446956754,0.8 -1.2 2.0 0.5
arm,572,1.0101894674704643 -0.571833986340202 0.6528453939789655 0.8486746398196664,0.040544528547518534 0.003879947812776895 0.5714309546377142 -0.023388831059447657,0.8 -1.2 2.0 0.5
arm,573,1.0102650169610723 -0.5718270604871911 0.653988255317568 0.8486286649091902,0.037774745303953854 0.003462926505449617 0.571430669301246 -0.022987455238104013,0.8 -1.2 2.0 0.5
arm,574,1.0103350717328372 -0.571820960495928 0.655131116125856 0.8485834923125297,0.035027385882453646 0.003049995631548622 0.5714304041439919 -0.02258629833024885,0.8 -1.2 2.0 0.5
arm,575,1.0103996777118573 -0.5718156780462519 0.6562739764435153 0.8485391214804555,0.032302989510112165 0.0026412248380883784 0.5714301588296408 -0.02218541603710458,0.8 -1.2 2.0 0.5
arm,576,1.010458881876138 -0.571811204682904 0.6574168363095316 0.848495551749721,0.029602082140333778 0.00223668167394945 0.5714299330081837 -0.021784865367261295,0.8 -1.2 2.0 0.5
arm,577,1.0105127322290477 -0.5718075318197063 0.6585596957621649 0.8484527823405439,0.02692517645489653 0.001836431598841574 0.5714297263166204 -0.021384704588539596,0.8 -1.2 2.0 0.5
arm,578,1.0105612777727877 -0.5718046507437209 0.6597025548389243 0.8484108123541872,0.02427277186996204 0.0014405379927218461 0.5714295383796621 -0.02098499317834186,0.8 -1.2 2.0 0.5
arm,579,1.0106045684818796 -0.5718025526193896 0.6608454135765451 0.848369640770642,0.021645354545985308 0.001049062165657695 0.5714293688104358 -0.02058579177258522,0.8 -1.2 2.0 0.5
arm,580,1.0106426552766825 -0.5718012284926534 0.6619882720109675 0.8483292664464154,0.019043397401477858 0.0006620633681230245 0.5714292172111848 -0.020187162113309492,0.8 -1.2 2.0 0.5
arm,581,1.0106755899969437 -0.5718006692950499 0.6631311301773155 0.8482896881124252,0.01646736013057635 0.0002795988017163388 0.571429083173968 -0.01978916699505291,0.8 -1.2 2.0 0.5
arm,582,1.0107034253753924 -0.5718008658477893 0.6642739881098783 0.848250904372005,0.01391768922436689 -9.827636970446269e-05 0.5714289662813555 -0.01939187021008816,0.8 -1.2 2.0 0.5
arm,583,1.0107262150113843 -0.5718018088658063 0.6654168458420925 0.8482129136990197,0.011394817995917591 -0.000471509008486019 0.5714288661071201 -0.01899533649261042,0.8 -1.2 2.0 0.5
arm,584,1.0107440133446022 -0.5718034889617888 0.6665597034065264 0.8481757144360959,0.008899166608968787 -0.0008400479912505031 0.5714287822169232 -0.018599631461968493,0.8 -1.2 2.0 0.5
arm,585,1.0107568756288225 -0.571805896650182 0.6677025608348643 0.8481393047929658,0.006431142110231113 -0.001203844196584133 0.5714287141689965 -0.018204821565029474,0.8 -1.2 2.0 0.5
arm,586,1.010764857905753 -0.5718090223511667 0.668845418157894 0.8481036828449303,0.003991138465238284 -0.0015628504923468397 0.571428661514816 -0.01781097401776679,0.8 -1.2 2.0 0.5
arm,587,1.0107680169789486 -0.571812856394612 0.6699882754054935 0.848068846531438,0.001579536597707589 -0.0019170217226271305 0.5714286237997698 -0.01741815674615934,0.8 -1.2 2.0 0.5
arm,588,1.0107664103878133 -0.5718173890240007 0.6711311326066212 0.848034793654785,-0.0008032955676488813 -0.0022663146943349257 0.5714286005638182 -0.017026438326490444,0.8 -1.2 2.0 0.5
arm,589,1.0107600963816956 -0.5718226104003276 0.6722739897893054 0.8480015218789347,-0.003157003058911334 -0.002610688163455087 0.5714285913421451 -0.01663588792513214,0.8 -1.2 2.0 0.5
arm,590,1.0107491338940808 -0.5718285106059695 0.673416846980637 0.8479690287284589,-0.005481243807392742 -0.002950102820963195 0.5714285956658008 -0.01624657523790065,0.8 -1.2 2.0 0.5
arm,591,1.0107335825168913 -0.5718350796485263 0.6745597042067617 0.8479373115876008,-0.007775688594785547 -0.0032845212784151836 0.571428613062336 -0.015858570429066868,0.8 -1.2 2.0 0.5
arm,592,1.0107135024748972 -0.5718423074646327 0.6757025614928746 0.8479063676994606,-0.010040020997067828 -0.003613908053223706 0.5714286430564246 -0.015471944070104417,0.8 -1.2 2.0 0.5
arm,593,1.0106889546002467 -0.57185018392374 0.6768454188632155 0.8478761941653041,-0.01227393732522505 -0.003938229553622923 0.5714286851704767 -0.01508676707825705,0.8 -1.2 2.0 0.5
arm,594,1.0106600003071209 -0.5718586988318667 0.677988276341066 0.8478467879439942,-0.014477146562840661 -0.004257454063337798 0.5714287389252406 -0.0147031106550047,0.8 -1.2 2.0 0.5
arm,595,1.0106267015665196 -0.5718678419353186 0.6791311339487467 0.8478181458515451,-0.01664937030061152 -0.004571551725963426 0.5714288038403929 -0.014321046224506848,0.8 -1.2 2.0 0.5
arm,596,1.010589120881184 -0.5718776029243767 0.6802739917076169 0.847790264560801,-0.01879034266784357 -0.004880494529063577 0.5714288794351168 -0.01394064537209984,0.8 -1.2 2.0 0.5
arm,597,1.010547321260662 -0.5718879714369527 0.6814168496380743 0.8477631406012351,-0.02089981026098471 -0.0051842562879946385 0.5714289652286686 -0.013561979782923533,0.8 -1.2 2.0 0.5
arm,598,1.0105013661965234 -0.5718989370622116 0.6825597077595561 0.8477367703588736,-0.022977532069248276 -0.005482812629472022 0.5714290607409301 -0.01318512118074999,0.8 -1.2 2.0 0.5
arm,599,1.0104513196377287 -0.5719104893441613 0.683702566090542 0.8477111500763395,-0.02502327939738816 -0.0057761409748741145 0.5714291654929491 -0.012810141267086989,0.8 -1.2 2.0 0.5
arm,600,1.0103972459661574 -0.5719226177852079 0.6848454246485569 0.8476862758530183,-0.027036835785677577 -0.006064220523306633 0.5714292790074654 -0.012437111660625083,0.8 -1.2 2.0 0.5
arm,601,1.0103392099723032 -0.5719353118496767 0.6859882834501757 0.8476621436453441,-0.02901799692715274 -0.006347032234423376 0.571429400809424 -0.012066103837097346,0.8 -1.2 2.0 0.5
arm,602,1.0102772768311388 -0.5719485609672987 0.6871311425110287 0.8476387492672048,-0.03096657058217617 -0.006624558811019786 0.5714295304264724 -0.011697189069617185,0.8 -1.2 2.0 0.5
arm,603,1.010211512078158 -0.5719623545366616 0.6882740018458076 0.8476160883904658,-0.03288237649037853 -0.0068967846814023594 0.5714296673894457 -0.011330438369559066,0.8 -1.2 2.0 0.5
arm,604,1.010141981585598 -0.5719766819286246 0.6894168614682732 0.8475941565456097,-0.03476524628003639 -0.007163695981544557 0.5714298112328349 -0.010965922428044398,0.8 -1.2 2.0 0.5
arm,605,1.0100687515388482 -0.5719915324896987 0.6905597213912636 0.8475729491224935,-0.036615023374943434 -0.007425280537037038 0.5714299614952418 -0.010603711558092723,0.8 -1.2 2.0 0.5
arm,606,1.0099918884130505 -0.5720068955453884 0.6917025816267033 0.8475524613712185,-0.03843156289883468 -0.007681527844836074 0.5714301177198174 -0.010243875637497195,0.8 -1.2 2.0 0.5
arm,607,1.0099114589498956 -0.5720227604034981 0.6928454421856126 0.8475326884031136,-0.04021473157741996 -0.007932429054824044 0.5714302794546865 -0.009886484052480061,0.8 -1.2 2.0 0.5
arm,608,1.0098275301346196 -0.5720391163574005 0.6939883030781193 0.8475136251918292,-0.04196440763808662 -0.008177976951184197 0.5714304462533549 -0.009531605642183054,0.8 -1.2 2.0 0.5
arm,609,1.0097401691732049 -0.5720559526892677 0.6951311643134696 0.8474952665745411,-0.04368048070732974 -0.008418165933598164 0.5714306176751028 -0.009179308644044811,0.8 -1.2 2.0 0.5
arm,610,1.009649443469793 -0.5720732586732642 0.6962740259000403 0.8474776072532608,-0.0453628517059675 -0.008652991998275362 0.5714307932853608 -0.008829660640115538,0.8 -1.2 2.0 0.5
arm,611,1.0095554206043085 -0.5720910235787018 0.6974168878453524 0.8474606417962521,-0.04701143274220071 -0.008882452718820944 0.5714309726560718 -0.008482728504356897,0.8 -1.2 2.0 0.5
arm,612,1.0094581683103032 -0.5721092366731557 0.6985597501560844 0.8474443646395502,-0.04862614700257642 -0.009106547226944733 0.5714311553660351 -0.008138578350973667,0.8 -1.2 2.0 0.5
arm,613,1.0093577544530214 -0.5721278872255418 0.6997026128380869 0.8474287700885825,-0.050206928640911565 -0.009325276193026881 0.5714313410012356 -0.007797275483820434,0.8 -1.2 2.0 0.5
arm,614,1.009254247007691 -0.5721469645091548 0.7008454758963972 0.8474138523198886,-0.05175372266523811 -0.0095386418065379 0.5714315291551569 -0.007458884346925708,0.8 -1.2 2.0 0.5
arm,615,1.0091477140380454 -0.5721664578046675 0.7019883393352554 0.8473996053829362,-0.053266484822825984 -0.00974664775632654 0.571431719429078 -0.00712346847617292,0.8 -1.2 2.0 0.5
arm,616,1.0090382236750788 -0.572186356403089 0.70313120315812 0.8473860232020319,-0.05474518148334397 -0.009949299210777689 0.5714319114323543 -0.006791090452175904,0.8 -1.2 2.0 0.5
arm,617,1.0089258440960382 -0.5722066496086847 0.7042740673676854 0.8473730995783232,-0.05618978952021632 -0.01014660279784916 0.571432104782682 -0.006461811854384504,0.8 -1.2 2.0 0.5
arm,618,1.0088106435036577 -0.5722273267418547 0.705416931965898 0.8473608281918903,-0.057600296190233304 -0.01033856658499279 0.5714322991063476 -0.006135693216453437,0.8 -1.2 2.0 0.5
arm,619,1.0086926901056348 -0.5722483771419726 0.706559796953975 0.8473492026039244,-0.05897669901147456 -0.010525200058966273 0.5714324940384604 -0.00581279398290609,0.8 -1.2 2.0 0.5
arm,620,1.0085720520943555 -0.5722697901701838 0.7077026623324213 0.8473382162589902,-0.060319005639602595 -0.010706514105542827 0.5714326892231695 -0.005493172467121964,0.8 -1.2 2.0 0.5
arm,621,1.0084487976268703 -0.572291555212162 0.7088455281010491 0.8473278624873688,-0.061627233742585184 -0.010882520989122593 0.5714328843138651 -0.005176885810675353,0.8 -1.2 2.0 0.5
arm,622,1.0083229948051224 -0.5723136616808265 0.7099883942589957 0.8473181345074807,-0.06290141087390415 -0.011053234332253978 0.571433078973365 -0.004863989944049969,0.8 -1.2 2.0 0.5
arm,623,1.0081947116564338 -0.5723360990190167 0.7111312608047439 0.8473090254283833,-0.06414157434430785 -0.011218669095070164 0.5714332728740845 -0.004554539548752741,0.8 -1.2 2.0 0.5
arm,624,1.0080640161142496 -0.572358856702126 0.7122741277361403 0.8473005282523416,-0.06534777109216583 -0.01137884155464449 0.5714334656981911 -0.004248588020847707,0.8 -1.2 2.0 0.5
arm,625,1.0079309759991446 -0.5723819242406946 0.7134169950504158 0.8472926358774697,-0.0665200575524809 -0.011533769284275958 0.5714336571377442 -0.003946187435928764,0.8 -1.2 2.0 0.5
arm,626,1.0077956590000954 -0.57240529118296 0.7145598627442055 0.8472853411004386,-0.06765849952461823 -0.011683471132702202 0.5714338468948206 -0.003647388515548723,0.8 -1.2 2.0 0.5
arm,627,1.0076581326560177 -0.5724289471173665 0.7157027308135687 0.8472786366192484,-0.06876317203880601 -0.011827967203252574 0.571434034681624 -0.0033522405951192827,0.8 -1.2 2.0 0.5
arm,628,1.0075184643375747 -0.5724528816750324 0.7168455992540099 0.8472725150360618,-0.06983415922146469 -0.01196727883294471 0.5714342202205807 -0.0030607915932950253,0.8 -1.2 2.0 0.5
arm,629,1.007376721229256 -0.5724770845321755 0.7179884680604988 0.8472669688600961,-0.07087155415942202 -0.012101428571526403 0.5714344032444202 -0.0027730879828529306,0.8 -1.2 2.0 0.5
arm,630,1.0072329703117298 -0.5725015454124964 0.7191313372274912 0.8472619905105699,-0.07187545876306754 -0.01223044016047472 0.5714345834962428 -0.0024891747630762153,0.8 -1.2 2.0 0.5
arm,631,1.0070872783444726 -0.5725262540895203 0.7202742067489504 0.8472575723197027,-0.07284598362850447 -0.012354338511950773 0.5714347607295721 -0.0022090954336503378,0.8 -1.2 2.0 0.5
arm,632,1.0069397118486751 -0.5725512003888957 0.7214170766183672 0.8472537065357625,-0.07378324789875186 -0.012473149687720635 0.5714349347083948 -0.0019328919700764516,0.8 -1.2 2.0 0.5
arm,633,1.006790337090427 -0.5725763741906518 0.7225599468287816 0.8472503853261613,-0.07468737912405414 -0.012586900878042196 0.5714351052071863 -0.0016606048006064177,0.8 -1.2 2.0 0.5
arm,634,1.0066392200641843 -0.5726017654314128 0.7237028173728034 0.8472476007805918,-0.07555851312135017 -0.01269562038052856 0.5714352720109243 -0.001392272784701159,0.8 -1.2 2.0 0.5
arm,635,1.0064864264765183 -0.5726273641065708 0.7248456882426336 0.8472453449142058,-0.07639679383295767 -0.012799337578987659 0.5714354349150881 -0.0011279331930129088,0.8 -1.2 2.0 0.5
arm,636,1.0063320217301492 -0.5726531602724153 0.7259885594300849 0.847243609670828,-0.07720237318452536 -0.012898082922247044 0.5714355937256468 -0.0008676216888897903,0.8 -1.2 2.0 0.5
arm,637,1.0061760709082646 -0.5726791440482213 0.7271314309266029 0.8472423869262052,-0.0779754109423066 -0.012991887902966261 0.5714357482590348 -0.0006113723113998729,0.8 -1.2 2.0 0.5
arm,638,1.006018638759125 -0.5727053056182941 0.7282743027232872 0.8472416684912855,-0.07871607456980799 -0.01308078503644012 0.5714358983421146 -0.000359217459870168,0.8 -1.2 2.0 0.5
arm,639,1.0058597896809574 -0.572731635233973 0.7294171748109115 0.8472414461155255,-0.07942453908386321 -0.013164807839403003 0.5714360438121296 -0.00011118787993407331,0.8 -1.2 2.0 0.5
arm,640,1.005699587707137 -0.5727581232155906 0.7305600471799448 0.8472417114902234,-0.08010098691018712 -0.013243990808829079 0.5714361845166446 0.00013268734891982114,0.8 -1.2 2.0 0.5
arm,641,1.0055380964916603 -0.5727847599543922 0.7317029198205718 0.847242456251872,-0.08074560773845761 -0.013318369400745492 0.5714363203134748 0.0003723808243076207,0.8 -1.2 2.0 0.5
arm,642,1.0053753792949063 -0.5728115359144103 0.732845792722713 0.8472436719855329,-0.08135859837698008 -0.013387980009050112 0.5714364510706061 0.0006078668304285256,0.8 -1.2 2.0 0.5
arm,643,1.0052114989696923 -0.572838441634299 0.7339886658760452 0.847245350228225,-0.08194016260698124 -0.013452859944349638 0.5714365766661035 0.0008391213460743458,0.8 -1.2 2.0 0.5
arm,644,1.0050465179476191 -0.5728654677291246 0.7351315392700212 0.8472474824723274,-0.08249051103658604 -0.013513047412810812 0.5714366969880097 0.0010661220511830136,0.8 -1.2 2.0 0.5
arm,645,1.00488049822571 -0.5728926048921147 0.7362744128938896 0.8472500601689913,-0.08300986095452331 -0.013568581495039847 0.5714368119342357 0.0012888483319513288,0.8 -1.2 2.0 0.5
arm,646,1.0047135013533428 -0.5729198438963646 0.7374172867367145 0.8472530747315603,-0.0834984361836114 -0.013619502124987241 0.57143692141244 0.0015072812845225887,0.8 -1.2 2.0 0.5
arm,647,1.0045455884194747 -0.5729471755965024 0.7385601607873943 0.8472565175389949,-0.08395646693407123 -0.013665850068884523 0.571437025339901 0.0017214037172663438,0.8 -1.2 2.0 0.5
arm,648,1.0043768200401613 -0.5729745909303109 0.739703035034681 0.8472603799392983,-0.08438418965671532 -0.013707666904214627 0.5714371236433796 0.0019312001516685565,0.8 -1.2 2.0 0.5
arm,649,1.004207256346369 -0.5730020809203084 0.740845909467199 0.847264653252942,-0.0847818468960577 -0.01374499499872643 0.571437216258974 0.002136656821852253,0.8 -1.2 2.0 0.5
arm,650,1.0040369569720824 -0.5730296366752873 0.7419887840734629 0.8472693287762875,-0.08514968714339492 -0.013777877489487297 0.5714373031319672 0.002337761672748271,0.8 -1.2 2.0 0.5
arm,651,1.0038659810427026 -0.5730572493918112 0.7431316588418962 0.8472743977850014,-0.08548796468990069 -0.013806358261986834 0.5714373842166666 0.002534504356938672,0.8 -1.2 2.0 0.5
arm,652,1.0036943871637432 -0.5730849103556698 0.7442745337608487 0.8472798515374618,-0.08579693947978174 -0.013830481929289947 0.5714374594762367 0.0027268762301949313,0.8 -1.2 2.0 0.5
arm,653,1.0035222334098162 -0.5731126109432922 0.7454174088186137 0.8472856812781533,-0.08607687696353901 -0.013850293811245142 0.5714375288825257 0.002914870345734655,0.8 -1.2 2.0 0.5
arm,654,1.0033495773139134 -0.5731403426231197 0.7465602840034455 0.8472918782410477,-0.08632804795137838 -0.013865839913751319 0.571437592415885 0.0030984814472213382,0.8 -1.2 2.0 0.5
arm,655,1.0031764758569797 -0.5731680969569359 0.7477031593035756 0.8472984336529688,-0.0865507284668144 -0.013877166908087792 0.5714376500649829 0.0032777059605325087,0.8 -1.2 2.0 0.5
arm,656,1.0030029854577787 -0.5731958656011565 0.7488460347072288 0.8473053387369374,-0.08674519960051053 -0.013884322110309004 0.5714377018266138 0.0034525419843221923,0.8 -1.2 2.0 0.5
arm,657,1.0028291619630498 -0.5732236403080779 0.7499889102026398 0.8473125847154962,-0.08691174736439757 -0.013887353460710032 0.5714377477055004 0.0036229892794050703,0.8 -1.2 2.0 0.5
arm,658,1.0026550606379576 -0.5732514129270847 0.7511317857780679 0.8473201628140101,-0.08705066254611235 -0.01388630950336453 0.5714377877140927 0.003789049256989533,0.8 -1.2 2.0 0.5
arm,659,1.00248073615683 -0.5732791754058162 0.7522746614218127 0.8473280642639417,-0.08716224056379833 -0.013881239365737954 0.5714378218723619 0.003950724965788005,0.8 -1.2 2.0 0.5
arm,660,1.0023062425941873 -0.573306919791293 0.7534175371222278 0.8473362803060978,-0.08724678132130606 -0.013872192738385771 0.5714378502075901 0.004108021078034038,0.8 -1.2 2.0 0.5
arm,661,1.0021316334160597 -0.5733346382310025 0.7545604128677361 0.8473448021938467,-0.08730458906383723 -0.013859219854729024 0.5714378727541556 0.0042609438744346285,0.8 -1.2 2.0 0.5
arm,662,1.0019569614715915 -0.5733623229739443 0.7557032886468428 0.8473536211963029,-0.08733597223406821 -0.013842371470919811 0.5714378895533166 0.00440950122808882,0.8 -1.2 2.0 0.5
arm,663,1.001782278984934 -0.5733899663716359 0.7568461644481488 0.8473627286014777,-0.08734124332879141 -0.013821698845800057 0.5714379006529902 0.004553702587402802,0.8 -1.2 2.0 0.5
arm,664,1.0016076375474217 -0.5734175608790778 0.7579890402603638 0.8473721157193937,-0.08732071875611536 -0.013797253720948015 0.5714379061075285 0.004693558958032127,0.8 -1.2 2.0 0.5
arm,665,1.001433088110035 -0.5734450990556794 0.7591319160723188 0.8473817738851616,-0.08727471869325719 -0.013769088300825414 0.5714379059774942 0.0048290828838829505,0.8 -1.2 2.0 0.5
arm,666,1.0012586809761452 -0.5734725735661454 0.7602747918729776 0.847391694462016,-0.08720356694496499 -0.013737255233025604 0.5714379003294319 0.004960288427204048,0.8 -1.2 2.0 0.5
arm,667,1.00108446579454 -0.5734999771813227 0.7614176676514489 0.8474018688443116,-0.08710759080260701 -0.013701807588621977 0.5714378892356384 0.005087191147801225,0.8 -1.2 2.0 0.5
arm,668,1.000910491552732 -0.573527302779008 0.7625605433969967 0.8474122884604743,-0.0869871209039601 -0.01366279884262737 0.5714378727739329 0.005209808081407137,0.8 -1.2 2.0 0.5
arm,669,1.0007368065705446 -0.5735545433447171 0.7637034190990516 0.8474229447759088,-0.08684249109373507 -0.013620282854558663 0.5714378510274237 0.005328157717238399,0.8 -1.2 2.0 0.5
arm,670,1.0005634584939749 -0.5735816919724154 0.7648462947472201 0.8474338292958584,-0.08667403828486905 -0.013574313849118438 0.5714378240842762 0.00544225997477356,0.8 -1.2 2.0 0.5
arm,671,1.0003904942893336 -0.5736087418652094 0.7659891703312951 0.847444933568218,-0.08648210232062095 -0.013524946396989614 0.571437792037479 0.005552136179784229,0.8 -1.2 2.0 0.5
arm,672,1.0002179602376586 -0.5736356863360009 0.7671320458412643 0.8474562491862974,-0.08626702583749975 -0.013472235395751549 0.5714377549846104 0.005657809039652905,0.8 -1.2 2.0 0.5
arm,673,1.0000459019294006 -0.5736625188081027 0.7682749212673194 0.8474677677915334,-0.08602915412905915 -0.013416236050916268 0.5714377130276047 0.0057593026180103955,0.8 -1.2 2.0 0.5
arm,674,0.9998743642593794 -0.5736892328158169 0.7694177965998645 0.8474794810761509,-0.08576883501058709 -0.01335700385709375 0.5714376662725196 0.0058566423087262655,0.8 -1.2 2.0 0.5
arm,675,0.9997033914220099 -0.5737158220049754 0.7705606718295231 0.8474913807857695,-0.08548641868472427 -0.013294594579277768 0.5714376148293028 0.005949854809284929,0.8 -1.2 2.0 0.5
arm,676,0.9995330269067938 -0.573742280133444 0.7717035469471463 0.8475034587219566,-0.08518225760803556 -0.013229064234271795 0.5714375588115608 0.006038968093581681,0.8 -1.2 2.0 0.5
arm,677,0.9993633134940767 -0.5737686010715884 0.7728464219438189 0.847515706744725,-0.0848567063585682 -0.013160469072242807 0.5714374983363283 0.006124011384170554,0.8 -1.2 2.0 0.5
arm,678,0.9991942932510679 -0.5737947788027052 0.7739892968108666 0.847528116774973,-0.08451012150442126 -0.013088865558415659 0.5714374335238389 0.006205015123997975,0.8 -1.2 2.0 0.5
arm,679,0.9990260075281212 -0.573820807423415 0.7751321715398611 0.8475406807968683,-0.08414286147335649 -0.013014310354903205 0.5714373644972977 0.006282010947654303,0.8 -1.2 2.0 0.5
arm,680,0.9988584969552743 -0.5738466811440204 0.7762750461226264 0.8475533908601727,-0.08375528642347486 -0.012936860302682013 0.5714372913826555 0.0063550316521766995,0.8 -1.2 2.0 0.5
arm,681,0.9986918014390443 -0.5738723942888277 0.7774179205512433 0.8475662390825075,-0.08334775811498585 -0.012856572403712904 0.5714372143083858 0.006424111167435417,0.8 -1.2 2.0 0.5
arm,682,0.9985259601594781 -0.5738979412964341 0.7785607948180537 0.8475792176515597,-0.08292063978309448 -0.012773503803209574 0.5714371334052628 0.006489284526135962,0.8 -1.2 2.0 0.5
arm,683,0.998361011567454 -0.5739233167199782 0.779703668915666 0.8475923188272266,-0.08247429601203178 -0.012687711772055354 0.5714370488061435 0.006550587833468949,0.8 -1.2 2.0 0.5
arm,684,0.9981969933822336 -0.573948515227357 0.7808465428369575 0.8476055349436995,-0.08200909261024975 -0.012599253689378177 0.5714369606457516 0.006608058236439876,0.8 -1.2 2.0 0.5
arm,685,0.9980339425892599 -0.5739735316014075 0.7819894165750785 0.8476188584114853,-0.08152539648680762 -0.012508187025276632 0.5714368690604639 0.0066617338929096,0.8 -1.2 2.0 0.5
arm,686,0.997871895438202 -0.573998360740055 0.7831322901234546 0.8476322817193661,-0.08102357552896858 -0.012414569323708479 0.5714367741881018 0.0067116539403773825,0.8 -1.2 2.0 0.5
arm,687,0.9977108874412399 -0.5740229976564261 0.7842751634757901 0.8476457974362952,-0.08050399848103099 -0.012318458185538261 0.5714366761677234 0.006757858464536656,0.8 -1.2 2.0 0.5
arm,688,0.997550953371591 -0.5740474374789296 0.7854180366260689 0.8476593982132304,-0.07996703482441422 -0.012219911251749292 0.5714365751394216 0.006800388467634014,0.8 -1.2 2.0 0.5
arm,689,0.997392127262273 -0.5740716754513032 0.7865609095685572 0.8476730767849038,-0.07941305465901985 -0.01211898618682141 0.5714364712441238 0.006839285836661599,0.8 -1.2 2.0 0.5
arm,690,0.9972344424051012 -0.5740957069326278 0.787703782297804 0.8476868259715266,-0.07884242858588711 -0.012015740662279716 0.5714363646233971 0.006874593311412133,0.8 -1.2 2.0 0.5
arm,691,0.9970779313499188 -0.5741195273973086 0.7888466548086426 0.8477006386804314,-0.07825552759116415 -0.01191023234040922 0.571436255419256 0.006906354452425608,0.8 -1.2 2.0 0.5
arm,692,0.996922625904056 -0.5741431324350249 0.7899895270961905 0.8477145079076491,-0.07765272293140953 -0.011802518858149475 0.5714361437739756 0.006934613608856598,0.8 -1.2 2.0 0.5
arm,693,0.9967685571320155 -0.5741665177506472 0.7911323991558503 0.8477284267394217,-0.07703438602024558 -0.011692657811160459 0.5714360298299075 0.006959415886289776,0.8 -1.2 2.0 0.5
arm,694,0.9966157553553827 -0.5741896791641233 0.792275270983309 0.8477423883536508,-0.07640088831637828 -0.011580706738068124 0.5714359137293014 0.006980807114531522,0.8 -1.2 2.0 0.5
arm,695,0.9964642501529567 -0.5742126126103331 0.7934181425745372 0.8477563860212816,-0.07575260121300133 -0.011466723104889671 0.57143579561413 0.0069988338154044274,0.8 -1.2 2.0 0.5
arm,696,0.9963140703610995 -0.5742353141389124 0.794561013925789 0.8477704131076227,-0.0750898959285985 -0.011350764289644094 0.57143567562592 0.0070135431705716485,0.8 -1.2 2.0 0.5
arm,697,0.9961652440743012 -0.5742577799140467 0.7957038850336002 0.8477844630736016,-0.07441314339916232 -0.011232887567142406 0.5714355539055854 0.007024982989416067,0.8 -1.2 2.0 0.5
arm,698,0.9960177986459575 -0.5742800062142346 0.7968467558947868 0.8477985294769556,-0.07372271417183983 -0.011113150093970934 0.5714354305932684 0.007033201677000793,0.8 -1.2 2.0 0.5
arm,699,0.9958717606893575 -0.5743019894320219 0.7979896265064432 0.8478126059733598,-0.07301897830002248 -0.010991608893659037 0.5714353058281824 0.007038248202134784,0.8 -1.2 2.0 0.5
arm,700,0.9957271560788776 -0.574323726073706 0.7991324968659401 0.8478266863174909,-0.07230230523989192 -0.010868320842038596 0.5714351797484618 0.007040172065568042,0.8 -1.2 2.0 0.5
arm,701,0.9955840099513807 -0.5743452127590115 0.8002753669709222 0.8478407643640276,-0.07157306374843321 -0.01074334265279945 0.5714350524910161 0.0070390232683402,0.8 -1.2 2.0 0.5
arm,702,0.9954423467078148 -0.574366446220738 0.8014182368193049 0.8478548340685882,-0.07083162178293015 -0.010616730863235677 0.5714349241913891 0.007034852280304728,0.8 -1.2 2.0 0.5
arm,703,0.995302190015011 -0.5743874233043783 0.8025611064092721 0.847868889488606,-0.07007834640195076 -0.010488541820192711 0.5714347949836224 0.007027710008851681,0.8 -1.2 2.0 0.5
arm,704,0.9951635628076753 -0.5744081409677108 0.8037039757392724 0.8478829247841416,-0.0693136036678367 -0.010358831666209507 0.5714346650001259 0.007017647767850008,0.8 -1.2 2.0 0.5
arm,705,0.9950264872905739 -0.5744285962803625 0.8048468448080155 0.8478969342186353,-0.06853775855070386 -0.010227656325865008 0.5714345343715512 0.00700471724683086,0.8 -1.2 2.0 0.5
arm,706,0.9948909849409059 -0.5744487864233471 0.8059897136144688 0.8479109121595962,-0.06775117483396555 -0.010095071492325365 0.5714344032266723 0.006988970480431809,0.8 -1.2 2.0 0.5
arm,707,0.9947570765108631 -0.5744687086885752 0.8071325821578533 0.8479248530792325,-0.06695421502138732 -0.009961132614093076 0.5714342716922697 0.006970459818121499,0.8 -1.2 2.0 0.5
arm,708,0.9946247820303717 -0.5744883604783392 0.8082754504376394 0.847938751555021,-0.06614724024567968 -0.009825894881965556 0.5714341398930206 0.006949237894224192,0.8 -1.2 2.0 0.5
arm,709,0.9944941208100144 -0.5745077393047716 0.8094183184535422 0.8479526022702175,-0.06533061017863868 -0.00968941321619815 0.5714340079513945 0.006925357598261831,0.8 -1.2 2.0 0.5
arm,710,0.9943651114441288 -0.5745268427892793 0.8105611862055173 0.8479664000143088,-0.06450468294284 -0.009551742253877726 0.5714338759875537 0.00689887204563163,0.8 -1.2 2.0 0.5
arm,711,0.994237771814079 -0.5745456686619523 0.8117040536937559 0.847980139683406,-0.06366981502489358 -0.009412936336506713 0.5714337441192591 0.006869834548635849,0.8 -1.2 2.0 0.5
arm,712,0.9941121190916985 -0.5745642147609479 0.8128469209186794 0.8479938162805818,-0.06282636119026509 -0.009273049497797784 0.571433612461781 0.0068382985878799344,0.8 -1.2 2.0 0.5
arm,713,0.9939881697428992 -0.5745824790318512 0.813989787880935 0.8480074249161499,-0.061974674399669596 -0.009132135451681652 0.5714334811278158 0.006804317784054554,0.8 -1.2 2.0 0.5
arm,714,0.9938659395314451 -0.5746004595270123 0.8151326545813898 0.8480209608078901,-0.06111510572704152 -0.008990247580530906 0.5714333502274067 0.006767945870116526,0.8 -1.2 2.0 0.5
arm,715,0.993745443522887 -0.5746181544048595 0.8162755210211255 0.8480344192812179,-0.06024800427908636 -0.008847438923598024 0.5714332198678705 0.006729236663882322,0.8 -1.2 2.0 0.5
arm,716,0.9936266960886542 -0.5746355619291909 0.817418387201433 0.8480477957693,-0.059373717116416626 -0.008703762165672788 0.57143309015373 0.0066882440410482025,0.8 -1.2 2.0 0.5
arm,717,0.9935097109103016 -0.5746526804684428 0.8185612531238063 0.8480610858131173,-0.05849258917627747 -0.008559269625953768 0.5714329611866493 0.006645021908648905,0.8 -1.2 2.0 0.5
arm,718,0.9933945009839079 -0.574669508494937 0.8197041187899371 0.8480742850614753,-0.05760496319686154 -0.008414013247143888 0.5714328330653768 0.006599624178967871,0.8 -1.2 2.0 0.5
arm,719,0.9932810786246214 -0.5746860445841065 0.8208469842017084 0.8480873892709632,-0.05671117964321865 -0.008268044584762393 0.5714327058856912 0.006552104743909561,0.8 -1.2 2.0 0.5
arm,720,0.9931694554713519 -0.5747022874136999 0.8219898493611891 0.8481003943058628,-0.05581157663475907 -0.008121414796681525 0.5714325797403531 0.00650251744984519,0.8 -1.2 2.0 0.5
arm,721,0.9930596424916033 -0.5747182357629657 0.8231327142706273 0.8481132961380087,-0.05490648987435412 -0.007974174632881933 0.5714324547190623 0.006450916072941386,0.8 -1.2 2.0 0.5
arm,722,0.9929516499864453 -0.5747338885118165 0.8242755789324441 0.8481260908465986,-0.05399625257903301 -0.007826374425433057 0.5714323309084185 0.006397354294981534,0.8 -1.2 2.0 0.5
arm,723,0.9928454875956207 -0.5747492446399739 0.8254184433492279 0.848138774617958,-0.05308119541227632 -0.007678064078698707 0.5714322083918871 0.006341885679688473,0.8 -1.2 2.0 0.5
arm,724,0.9927411643027849 -0.5747643032260934 0.8265613075237274 0.848151343745257,-0.052161646417907256 -0.007529293059764374 0.5714320872497703 0.006284563649556172,0.8 -1.2 2.0 0.5
arm,725,0.9926386884408738 -0.5747790634468716 0.8277041714588458 0.8481637946281835,-0.05123793095557842 -0.0073801103890912675 0.5714319675591828 0.006225441463198354,0.8 -1.2 2.0 0.5
arm,726,0.9925380676975981 -0.5747935245761344 0.8288470351576338 0.8481761237725699,-0.0503103716378534 -0.0072305646313965185 0.5714318493940302 0.006164572193220387,0.8 -1.2 2.0 0.5
arm,727,0.9924393091210604 -0.574807685983908 0.8299898986232838 0.8481883277899791,-0.049379288268882056 -0.007080703886758121 0.5714317328249949 0.006102008704620795,0.8 -1.2 2.0 0.5
arm,728,0.992342419125491 -0.5748215471354718 0.8311327618591228 0.8482004033972466,-0.04844499778466538 -0.006930575781951241 0.5714316179195236 0.006037803633727986,0.8 -1.2 2.0 0.5
arm,729,0.9922474034971012 -0.5748351075903958 0.8322756248686064 0.848212347415982,-0.04750781419491124 -0.006780227462005027 0.5714315047418197 0.0059720093676765345,0.8 -1.2 2.0 0.5
arm,730,0.9921542674000482 -0.5748483670015598 0.8334184876553121 0.8482241567720308,-0.04656804852647366 -0.006629705581992508 0.5714313933528415 0.005904678024427979,0.8 -1.2 2.0 0.5
arm,731,0.9920630153825114 -0.5748613251141579 0.8345613502229328 0.8482358284948974,-0.04562600876837514 -0.006479056299045636 0.5714312838103022 0.005835861433339419,0.8 -1.2 2.0 0.5
arm,732,0.9919736513828746 -0.5748739817646871 0.8357042125752702 0.84824735971713,-0.04468199981840657 -0.00632832526460014 0.5714311761686747 0.005765611116283196,0.8 -1.2 2.0 0.5
arm,733,0.991886178736012 -0.5748863368799209 0.8368470747162285 0.8482587476736686,-0.04373632343130145 -0.006177557616867979 0.5714310704792013 0.005693978269319905,0.8 -1.2 2.0 0.5
arm,734,0.9918006001796751 -0.5748983904758679 0.8379899366498084 0.8482699897011584,-0.04278927816847948 -0.006026797973537007 0.5714309667899052 0.005621013744926956,0.8 -1.2 2.0 0.5
arm,735,0.9917169178609764 -0.5749101426567172 0.8391327983800996 0.848281083237228,-0.04184115934935369 -0.005876090424701457 0.5714308651456071 0.0055467680347841605,0.8 -1.2 2.0 0.5
arm,736,0.9916351333429679 -0.5749215936137693 0.8402756599112755 0.8482920258197342,-0.04089225900419669 -0.005725478526019052 0.571430765587945 0.005471291253116819,0.8 -1.2 2.0 0.5
arm,737,0.9915552476113109 -0.5749327436243534 0.8414185212475863 0.8483028150859754,-0.03994286582856012 -0.0055750052920949785 0.571430668155397 0.005394633120596906,0.8 -1.2 2.0 0.5
arm,738,0.9914772610810324 -0.5749435930507336 0.8425613823933529 0.848313448771873,-0.0389932651392396 -0.005424713190097629 0.5714305728833079 0.005316842948802322,0.8 -1.2 2.0 0.5
arm,739,0.9914011736033689 -0.5749541423390008 0.8437042433529607 0.8483239247111235,-0.038043738831780215 -0.005274644133599553 0.5714304798039185 0.005237969625233199,0.8 -1.2 2.0 0.5
arm,740,0.9913269844726899 -0.574964392017954 0.8448471041308535 0.8483342408343213,-0.03709456533951497 -0.005124839476645941 0.5714303889463986 0.0051580615988842515,0.8 -1.2 2.0 0.5
arm,741,0.9912546924335016 -0.5749743426979701 0.8459899647315273 0.848344395168054,-0.03614601959412831 -0.004975340008051755 0.5714303003368828 0.005077166866371611,0.8 -1.2 2.0 0.5
arm,742,0.9911842956875261 -0.574983995069862 0.8471328251595244 0.8483543858339713,-0.03519837298773871 -0.004826185945922385 0.5714302139985082 0.004995332958611651,0.8 -1.2 2.0 0.5
arm,743,0.9911157919008531 -0.5749933499037267 0.8482756854194273 0.8483642110478273,-0.03425189333648937 -0.004677416932404609 0.571430129951457 0.004912606928049822,0.8 -1.2 2.0 0.5
arm,744,0.9910491782111618 -0.575002408047784 0.8494185455158533 0.8483738691185002,-0.0333068448456417 -0.004529072028660105 0.5714300482129991 0.0048290353364359405,0.8 -1.2 2.0 0.5
arm,745,0.9909844512350094 -0.5750111704272042 0.8505614054534484 0.8483833584469865,-0.03236348807616132 -0.0043811897100640845 0.5714299687975392 0.0047446642431427,0.8 -1.2 2.0 0.5
arm,746,0.9909216070751838 -0.5750196380429274 0.8517042652368817 0.8483926775253746,-0.031422079912787365 -0.004233807861629544 0.5714298917166649 0.004659539194023784,0.8 -1.2 2.0 0.5
arm,747,0.9908606413281167 -0.5750278119704747 0.8528471248708401 0.8484018249357962,-0.03048287353357631 -0.004086963773654392 0.5714298169791988 0.004573705210806989,0.8 -1.2 2.0 0.5
arm,748,0.9908015490913549 -0.5750356933587499 0.8539899843600226 0.8484107993493583,-0.029546118380910723 -0.003940694137590638 0.5714297445912506 0.0044872067810179436,0.8 -1.2 2.0 0.5
arm,749,0.990744324971087 -0.5750432834288342 0.8551328437091351 0.8484195995250551,-0.028612060133963096 -0.0037950350421346694 0.5714296745562729 0.0044000878484292665,0.8 -1.2 2.0 0.5
arm,750,0.9906889630897218 -0.5750505834727733 0.8562757029228854 0.8484282243086632,-0.027680940682602836 -0.003650021969541854 0.5714296068751181 0.004312391804030313,0.8 -1.2 2.0 0.5
arm,751,0.9906354570935163 -0.5750575948523575 0.8574185620059775 0.8484366726316181,-0.026752998102739598 -0.003505689792154212 0.5714295415460977 0.004224161477510797,0.8 -1.2 2.0 0.5
arm,752,0.9905838001602502 -0.5750643189978958 0.8585614209631076 0.8484449435098766,-0.025828466633086886 -0.003362072769155313 0.5714294785650422 0.004135439129253839,0.8 -1.2 2.0 0.5
arm,753,0.9905339850069435 -0.5750707574069829 0.8597042797989584 0.8484530360427623,-0.02490757665334083 -0.003219204543534052 0.5714294179253643 0.0040462664428302965,0.8 -1.2 2.0 0.5
arm,754,0.990486003897616 -0.5750769116432615 0.8608471385181946 0.8484609494117983,-0.0239905546637575 -0.003077118139270136 0.5714293596181215 0.0039566845179893695,0.8 -1.2 2.0 0.5
arm,755,0.9904398486510837 -0.5750827833351789 0.8619899971254588 0.8484686828795266,-0.023077623266120024 -0.0029358459587340803 0.5714293036320818 0.0038667338641377802,0.8 -1.2 2.0 0.5
arm,756,0.9903955106487915 -0.5750883741747396 0.8631328556253663 0.8484762357883152,-0.02216900114608321 -0.002795419780299253 0.5714292499537896 0.0037764543943003435,0.8 -1.2 2.0 0.5
arm,757,0.9903529808426778 -0.5750936859162519 0.8642757140225016 0.8484836075591543,-0.021264903056883538 -0.002655870756166219 0.5714291985676333 0.0036858854195547736,0.8 -1.2 2.0 0.5
arm,758,0.990312249763069 -0.5750987203750727 0.8654185723214134 0.8484907976904422,-0.02036553980440158 -0.0025172294103991176 0.5714291494559134 0.003595065643932992,0.8 -1.2 2.0 0.5
arm,759,0.9902733075266018 -0.5751034794263471 0.8665614305266112 0.8484978057567618,-0.01947111823356472 -0.002379525637171203 0.5714291025989117 0.003504033159781069,0.8 -1.2 2.0 0.5
arm,760,0.9902361438441697 -0.5751079650037455 0.8677042886425611 0.848504631407649,-0.018581841216077897 -0.002242788699216803 0.5714290579749615 0.0034128254435695934,0.8 -1.2 2.0 0.5
arm,761,0.9902007480288908 -0.5751121790981985 0.8688471466736821 0.8485112743663533,-0.01769790763946807 -0.002107047226491618 0.5714290155605184 0.0033214793521463976,0.8 -1.2 2.0 0.5
arm,762,0.990167109004096 -0.5751161237566286 0.8699900046243426 0.8485177344285921,-0.016819512397430732 -0.0019723292150354388 0.5714289753302318 0.003230031119422827,0.8 -1.2 2.0 0.5
arm,763,0.9901352153113331 -0.5751198010806806 0.8711328624988567 0.8485240114612991,-0.015946846381463712 -0.0018386620260386962 0.571428937257016 0.003138516353485333,0.8 -1.2 2.0 0.5
arm,764,0.9901050551183855 -0.5751232132254508 0.8722757203014809 0.8485301054013673,-0.015080096473775352 -0.001706072385110161 0.5714289013121229 0.0030469700341232207,0.8 -1.2 2.0 0.5
arm,765,0.9900766162273026 -0.5751263623982142 0.8734185780364113 0.8485360162543888,-0.014219445541453131 -0.001574586381743365 0.5714288674652144 0.0029554265107637943,0.8 -1.2 2.0 0.5
arm,766,0.9900498860824388 -0.5751292508571522 0.8745614357077802 0.8485417440933904,-0.01336507243187879 -0.0014442294689798493 0.5714288356844354 0.0028639195008057605,0.8 -1.2 2.0 0.5
arm,767,0.9900248517785001 -0.5751318809100787 0.8757042933196532 0.8485472890575672,-0.012517151969374892 -0.0013150264632704775 0.5714288059364856 0.0027724820883418063,0.8 -1.2 2.0 0.5
arm,768,0.9900015000685939 -0.5751342549131677 0.8768471508760265 0.8485526513510137,-0.011675854953070676 -0.0011870015445254822 0.5714287781866935 0.002681146723260672,0.8 -1.2 2.0 0.5
arm,769,0.9899798173722819 -0.5751363752696804 0.8779900083808246 0.8485578312414551,-0.01084134815596977 -0.0010601782563604734 0.5714287523990882 0.0025899452207199243,0.8 -1.2 2.0 0.5
arm,770,0.9899597897836315 -0.5751382444286934 0.8791328658378976 0.8485628290589771,-0.010013794325207706 -0.0009345795065284588 0.5714287285364723 0.002498908760979292,0.8 -1.2 2.0 0.5
arm,771,0.9899414030792646 -0.5751398648838285 0.8802757232510187 0.8485676451947562,-0.00919335218348215 -0.0008102275675418573 0.5714287065604942 0.0024080678895856905,0.8 -1.2 2.0 0.5
arm,772,0.9899246427264013 -0.5751412391719835 0.8814185806238821 0.848572280099792,-0.00838017643164319 -0.0006871440774764856 0.5714286864317195 0.002317452517899581,0.8 -1.2 2.0 0.5
arm,773,0.9899094938908964 -0.5751423698720654 0.8825614379601016 0.8485767342836399,-0.007574417752426351 -0.0005653500409612932 0.5714286681097034 0.002227091923953652,0.8 -1.2 2.0 0.5
arm,774,0.9898959414452658 -0.575143259603726 0.8837042952632077 0.8485810083131472,-0.006776222815314312 -0.00044486583034735843 0.5714286515530608 0.002137014753633904,0.8 -1.2 2.0 0.5
arm,775,0.9898839699767008 -0.5751439110261002 0.8848471525366468 0.8485851028111916,-0.005985734282512064 -0.00032571118705488494 0.5714286367195375 0.002047249022173185,0.8 -1.2 2.0 0.5
arm,776,0.9898735637950687 -0.5751443268365464 0.885990009783779 0.8485890184554234,-0.005203090816019431 -0.00020790522309625055 0.5714286235660794 0.001957822115947771,0.8 -1.2 2.0 0.5
arm,777,0.9898647069408971 -0.5751445097693919 0.8871328670078767 0.8485927559770126,-0.004428427085785129 -9.146642277424962e-05 0.5714286120489022 0.0018687607945673207,0.8 -1.2 2.0 0.5
arm,778,0.9898573831933393 -0.575144462594681 0.8882757242121239 0.848596316159399,-0.0036618737789274295 2.3587355450314354e-05 0.571428602123559 0.001780091193248002,0.8 -1.2 2.0 0.5
arm,779,0.9898515760781192 -0.5751441881169271 0.8894185813996138 0.84859969983705,-0.002903557610005352 0.00013723887692195373 0.5714285937450084 0.00169183882545952,0.8 -1.2 2.0 0.5
arm,780,0.9898472688754546 -0.5751436891738699 0.8905614385733492 0.8486029078942217,-0.002153601332323483 0.00024947152858566864 0.5714285868676808 0.0016040285858363575,0.8 -1.2 2.0 0.5
arm,781,0.9898444446279541 -0.5751429686352367 0.8917042957362403 0.8486059412637283,-0.0014121237502562653 0.0003602693166215437 0.5714285814455439 0.001516684753343195,0.8 -1.2 2.0 0.5
arm,782,0.9898430861484889 -0.5751420294015089 0.8928471528911046 0.8486088009257177,-0.0006792397325730867 0.0004696168639137882 0.5714285774321672 0.0014298309946855414,0.8 -1.2 2.0 0.5
arm,783,0.9898431760280354 -0.5751408744026942 0.8939900100406661 0.8486114879064536,4.493977324937059e-05 0.0005774994073645797 0.5714285747807862 0.0013434903679553146,0.8 -1.2 2.0 0.5
arm,784,0.9898446966434868 -0.5751395065971041 0.8951328671875549 0.8486140032771066,0.0007603077257457282 0.0006839027950501302 0.5714285734443638 0.0012576853265023787,0.8 -1.2 2.0 0.5
arm,785,0.9898476301654333 -0.5751379289701377 0.8962757243343062 0.8486163481525526,0.0014667609732268252 0.0007888134832236842 0.5714285733756522 0.0011724377230225584,0.8 -1.2 2.0 0.5
arm,786,0.9898519585659066 -0.5751361445330714 0.8974185814833607 0.8486185236901803,0.0021642002366077857 0.0008922185331677497 0.5714285745272523 0.0010877688138525435,0.8 -1.2 2.0 0.5
arm,787,0.9898576636260892 -0.5751341563218556 0.8985614386370641 0.8486205310887073,0.002852530091316189 0.0009941056078966138 0.5714285768516726 0.001003699263462869,0.8 -1.2 2.0 0.5
arm,788,0.9898647269439858 -0.5751319673959182 0.8997042957976669 0.8486223715870056,0.003531658948295823 0.00109446296871469 0.5714285803013874 0.0009202491491394173,0.8 -1.2 2.0 0.5
arm,789,0.989873129942054 -0.575129580836975 0.9008471529673246 0.8486240464629373,0.004201499034122735 0.0011932794716331015 0.5714285848288915 0.0008374379658443622,0.8 -1.2 2.0 0.5
arm,790,0.9898828538747945 -0.5751269997478476 0.9019900101480982 0.8486255570321998,0.004861966370251743 0.0012905445636435492 0.5714285903867558 0.0007552846312481698,0.8 -1.2 2.0 0.5
arm,791,0.9898938798362973 -0.57512422725129 0.9031328673419535 0.8486269046471816,0.005512980751408661 0.0013862482788553733 0.5714285969276801 0.0006738074909232475,0.8 -1.2 2.0 0.5
arm,792,0.9899061887677436 -0.575121266488821 0.9042757245507627 0.848628090695829,0.0061544657231442194 0.0014803812345014487 0.5714286044045453 0.0005930243236904623,0.8 -1.2 2.0 0.5
arm,793,0.9899197614648607 -0.5751181206195674 0.9054185817763036 0.8486291166005232,0.006786348558569539 0.0015729346268064206 0.5714286127704633 0.0005129523471107738,0.8 -1.2 2.0 0.5
arm,794,0.9899345785853293 -0.5751147928191139 0.9065614390202613 0.8486299838169694,0.007408560234286323 0.001663900226730688 0.5714286219788259 0.00043360822311245666,0.8 -1.2 2.0 0.5
arm,795,0.9899506206561404 -0.5751112862783627 0.907704296284228 0.8486306938330969,0.008021035405530338 0.0017532703755878177 0.5714286319833526 0.0003550080637461836,0.8 -1.2 2.0 0.5
arm,796,0.9899678680809014 -0.5751076042024017 0.9088471535697042 0.848631248167971,0.008623712380545635 0.0018410379805358485 0.5714286427381358 0.00027716743705990437,0.8 -1.2 2.0 0.5
arm,797,0.9899863011470899 -0.5751037498093818 0.9099900108780996 0.8486316483707171,0.009216533094205236 0.0019271965099499702 0.5714286541976851 0.00020010137308508225,0.8 -1.2 2.0 0.5
arm,798,0.9900059000332516 -0.5750997263294044 0.9111328682107336 0.848631896019457,0.00979944308089493 0.002011739988678208 0.5714286663169702 0.0001238243699266824,0.8 -1.2 2.0 0.5
arm,799,0.990026644816145 -0.5750955370034181 0.9122757255688365 0.8486319927202569,0.010372391446678146 0.002094662993181002 0.5714286790514619 4.835039994909944e-05,0.8 -1.2 2.0 0.5
arm,800,0.9900485154778265 -0.575091185082125 0.9134185829535508 0.848631940106089,0.010935330840757908 0.002175960646559541 0.5714286923571711 -2.6307083949593334e-05,0.8 -1.2 2.0 0.5
arm,801,0.990071491912679 -0.575086673824898 0.9145614403659322 0.8486317398358051,0.011488217426252664 0.002255628613475431 0.5714287061906868 -0.00010013514198231481,0.8 -1.2 2.0 0.5
arm,802,0.9900955539343795 -0.575082006498708 0.9157042978069506 0.848631393593123,0.012031010850303123 0.0023336630949645863 0.5714287205092129 -0.00017312134104413508,0.8 -1.2 2.0 0.5
arm,803,0.9901206812828066 -0.5750771863770617 0.9168471552774918 0.8486309030856266,0.012563674213527389 0.0024100608231460976 0.5714287352706021 -0.000245253748216467,0.8 -1.2 2.0 0.5
arm,804,0.9901468536308843 -0.57507221673895 0.9179900127783586 0.8486302700437782,0.013086174038839778 0.002484819055833066 0.5714287504333888 -0.0003165209242118007,0.8 -1.2 2.0 0.5
arm,805,0.9901740505913635 -0.575067100867808 0.9191328703102722 0.8486294962199447,0.013598480239652109 0.002557935571042848 0.571428765956821 -0.0003869119167651754,0.8 -1.2 2.0 0.5
arm,806,0.9902022517235385 -0.5750618420504852 0.920275727873874 0.8486285833874367,0.01410056608747104 0.0026294086614182545 0.5714287818008895 -0.00045641625397948964,0.8 -1.2 2.0 0.5
arm,807,0.9902314365398963 -0.5750564435762281 0.9214185854697268 0.8486275333395615,0.014592408178912166 0.0026992371285513325 0.5714287979263561 -0.0005250239376305061,0.8 -1.2 2.0 0.5
arm,808,0.9902615845127006 -0.5750509087356737 0.9225614430983163 0.8486263478886886,0.015073986402144128 0.0027674202772223155 0.5714288142947803 -0.0005927254364380369,0.8 -1.2 2.0 0.5
arm,809,0.9902926750805062 -0.5750452408198545 0.9237043007600534 0.84862502886533,0.01554528390278138 0.0028339579095506247 0.571428830868544 -0.000659511679309243,0.8 -1.2 2.0 0.5
arm,810,0.9903246876546047 -0.5750394431192164 0.9248471584552751 0.8486235781172329,0.0160062870492415 0.0028988503190632547 0.5714288476108745 -0.0007253740485599912,0.8 -1.2 2.0 0.5
arm,811,0.9903576016253999 -0.575033518922647 0.9259900161842468 0.8486219975084867,0.016456985397582412 0.0029620982846862644 0.5714288644858667 -0.0007903043731199656,0.8 -1.2 2.0 0.5
arm,812,0.9903913963687115 -0.5750274715165177 0.9271328739471638 0.8486202889186432,0.016897371655839297 0.0030237030646528976 0.5714288814585026 -0.0008542949217265438,0.8 -1.2 2.0 0.5
arm,813,0.9904260512520073 -0.575021304183737 0.9282757317441531 0.8486184542418509,0.017327441647872813 0.0030836663903450585 0.5714288984946702 -0.0009173383961135708,0.8 -1.2 2.0 0.5
arm,814,0.9904615456405609 -0.5750150202028169 0.9294185895752755 0.8486164953860025,0.017747194276750162 0.003141990460055814 0.5714289155611805 -0.0009794279241991972,0.8 -1.2 2.0 0.5
arm,815,0.9904978589035363 -0.5750086228469515 0.930561447440527 0.8486144142718959,0.018156631487670924 0.00319867793268934 0.571428932625783 -0.0010405570532785269,0.8 -1.2 2.0 0.5
arm,816,0.9905349704199972 -0.5750021153831087 0.9317043053398414 0.8486122128324094,0.01855575823045651 0.003253731921391481 0.5714289496571792 -0.0011007197432252645,0.8 -1.2 2.0 0.5
arm,817,0.9905728595848404 -0.5749955010711345 0.9328471632730915 0.84860989301169,0.018944582421618433 0.0033071559871189447 0.5714289666250355 -0.001159910359707215,0.8 -1.2 2.0 0.5
arm,818,0.9906115058146525 -0.5749887831628702 0.9339900212400915 0.8486074567643551,0.019323114906020965 0.0033589541321499446 0.5714289834999942 -0.001218123667419987,0.8 -1.2 2.0 0.5
arm,819,0.9906508885534888 -0.5749819649012831 0.9351328792405988 0.8486049060547084,0.019691369418156076 0.003409130793533358 0.5714290002536826 -0.001275354823342834,0.8 -1.2 2.0 0.5
arm,820,0.9906909872785749 -0.5749750495196101 0.9362757372743163 0.8486022428559683,0.020049362543044104 0.0034576908364874624 0.5714290168587217 -0.0013315993700211304,0.8 -1.2 2.0 0.5
arm,821,0.9907317815059284 -0.5749680402405146 0.9374185953408938 0.8485994691495106,0.020397113676777268 0.0035046395477466514 0.5714290332887325 -0.0013868532288789346,0.8 -1.2 2.0 0.5
arm,822,0.9907732507959018 -0.5749609402752569 0.9385614534399305 0.8485965869241234,0.020734644986722433 0.0035499826288563417 0.5714290495183415 -0.0014411126935653855,0.8 -1.2 2.0 0.5
arm,823,0.9908153747586447 -0.5749537528228781 0.9397043115709769 0.8485935981752768,0.021061981371397302 0.0035937261894245284 0.5714290655231846 -0.0014943744233384983,0.8 -1.2 2.0 0.5
arm,824,0.9908581330594848 -0.5749464810693974 0.9408471697335367 0.8485905049044038,0.02137915042003632 0.003635876740328982 0.57142908127991 -0.001546635436489683,0.8 -1.2 2.0 0.5
arm,825,0.9909015054242285 -0.5749391281870236 0.941990027927069 0.8485873091181961,0.021686182371862046 0.0036764411868832458 0.5714290967661794 -0.0015978931038120306,0.8 -1.2 2.0 0.5
arm,826,0.9909454716443786 -0.5749316973333797 0.9431328861509903 0.8485840128279118,0.021983110075075744 0.003715426821967829 0.5714291119606684 -0.0016481451421155985,0.8 -1.2 2.0 0.5
arm,827,0.9909900115822698 -0.5749241916507415 0.9442757444046764 0.8485806180486962,0.022269968945586048 0.0037528413191190947 0.571429126843065 -0.0016973896077918283,0.8 -1.2 2.0 0.5
arm,828,0.9910351051761208 -0.5749166142652903 0.9454186026874646 0.8485771267989154,0.02254679692548551 0.00378869272559403 0.571429141394068 -0.00174562489043087,0.8 -1.2 2.0 0.5
arm,829,0.9910807324450034 -0.5749089682863795 0.9465614609986553 0.8485735410995024,0.022813634441295562 0.00382298945539737 0.5714291555953828 -0.0017928497064930097,0.8 -1.2 2.0 0.5
arm,830,0.9911268734937274 -0.5749012568058149 0.9477043193375148 0.8485698629733164,0.02307052436199014 0.003855740282287568 0.5714291694297173 -0.0018390630930375696,0.8 -1.2 2.0 0.5
arm,831,0.9911735085176411 -0.5748934828971495 0.9488471777032763 0.8485660944445134,0.023317511956816514 0.0038869543327524673 0.5714291828807763 -0.0018842644015107002,0.8 -1.2 2.0 0.5
arm,832,0.9912206178073469 -0.5748856496149916 0.9499900360951429 0.8485622375379301,0.023554644852925088 0.003916641078966985 0.5714291959332545 -0.001928453291594673,0.8 -1.2 2.0 0.5
arm,833,0.9912681817533325 -0.5748777599943281 0.9511328945122886 0.84855829427848,0.023781972992824512 0.003944810331728639 0.5714292085728289 -0.0019716297251199757,0.8 -1.2 2.0 0.5
arm,834,0.9913161808505159 -0.5748698170498614 0.9522757529538608 0.8485542666905599,0.023999548591676342 0.0039714722333754416 0.5714292207861501 -0.0020137939600422825,0.8 -1.2 2.0 0.5
arm,835,0.9913645957027047 -0.57486182377536 0.9534186114189824 0.8485501567974709,0.02420742609444197 0.003996637250691686 0.5714292325608329 -0.002054946544485775,0.8 -1.2 2.0 0.5
arm,836,0.9914134070269706 -0.5748537831430244 0.9545614699067533 0.8485459666208492,0.02440566213289899 0.004020316167797118 0.5714292438854449 -0.002095088310853984,0.8 -1.2 2.0 0.5
arm,837,0.9914625956579356 -0.5748456981028663 0.9557043284162523 0.8485416981801093,0.024594315482536887 0.00404252007903261 0.571429254749496 -0.002134220370010091,0.8 -1.2 2.0 0.5
arm,838,0.9915121425519743 -0.5748375715821027 0.9568471869465391 0.8485373534918982,0.02477344701935086 0.0040632603818310945 0.5714292651434251 -0.0021723441055267727,0.8 -1.2 2.0 0.5
arm,839,0.9915620287913274 -0.5748294064845635 0.9579900454966563 0.8485329345695621,0.02494311967654376 0.0040825487695867356 0.5714292750585878 -0.002209461168007563,0.8 -1.2 2.0 0.5
arm,840,0.9916122355881297 -0.5748212056901144 0.9591329040656308 0.8485284434226231,0.025103398401150497 0.0041003972245234575 0.5714292844872416 -0.002245573469480238,0.8 -1.2 2.0 0.5
arm,841,0.9916627442883509 -0.5748129720540933 0.9602757626524758 0.8485238820562674,0.025254350110600364 0.004116818010558401 0.5714292934225326 -0.002280683177862771,0.8 -1.2 2.0 0.5
arm,842,0.9917135363756493 -0.574804708406761 0.9614186212561928 0.8485192524708444,0.025396043649227602 0.004131823666171889 0.5714293018584782 -0.0023147927115030223,0.8 -1.2 2.0 0.5
arm,843,0.9917645934751388 -0.5747964175527664 0.9625614798757727 0.8485145566613768,0.025528549744746686 0.004145426997276921 0.571429309789953 -0.0023479047337918715,0.8 -1.2 2.0 0.5
arm,844,0.9918158973570682 -0.5747881022706263 0.963704338510198 0.848509796617081,0.025651940964702424 0.004157641070098282 0.5714293172126705 -0.0023800221478510537,0.8 -1.2 2.0 0.5
arm,845,0.991867429940414 -0.5747797653122182 0.9648471971584444 0.8485049743208984,0.025766291672909853 0.004168479204058269 0.5714293241231675 -0.002411148091295392,0.8 -1.2 2.0 0.5
arm,846,0.9919191732963858 -0.5747714094022889 0.9659900558194819 0.8485000917490363,0.025871677985895115 0.0041779549646751004 0.5714293305187844 -0.0024412859310699044,0.8 -1.2 2.0 0.5
arm,847,0.9919711096518445 -0.574763037237976 0.9671329144922772 0.8484951508705195,0.02596817772935204 0.004186082156470496 0.5714293363976487 -0.0024704392583615054,0.8 -1.2 2.0 0.5
arm,848,0.9920232213926338 -0.5747546514883441 0.9682757731757945 0.8484901536467524,0.026055870394624373 0.0041928748158952716 0.5714293417586547 -0.002498611883585819,0.8 -1.2 2.0 0.5
arm,849,0.9920754910668242 -0.5747462547939356 0.9694186318689973 0.8484851020310895,0.02613483709522736 0.004198347204271647 0.571429346601445 -0.0025258078314485156,0.8 -1.2 2.0 0.5
arm,850,0.9921279013878711 -0.5747378497663341 0.9705614905708502 0.8484799979684173,0.02620516052342145 0.0042025138007516566 0.5714293509263909 -0.002552031336081015,0.8 -1.2 2.0 0.5
arm,851,0.9921804352376848 -0.5747294389877435 0.9717043492803193 0.8484748433947449,0.026266924906847948 0.004205389295300448 0.5714293547345717 -0.0025772868362505816,0.8 -1.2 2.0 0.5
arm,852,0.9922330756696153 -0.5747210250105801 0.9728472079963748 0.8484696402368036,0.026320215965241006 0.0042069885816990345 0.571429358027755 -0.0026015789706440016,0.8 -1.2 2.0 0.5
arm,853,0.9922858059113497 -0.574712610357079 0.9739900667179916 0.8484643904116571,0.026365120867225738 0.004207326750573551 0.5714293608083751 -0.002624912573224555,0.8 -1.2 2.0 0.5
arm,854,0.9923386093677242 -0.5747041975189141 0.9751329254441506 0.8484590958263197,0.02640172818721446 0.004206419082451441 0.5714293630795131 -0.0026472926686618584,0.8 -1.2 2.0 0.5
arm,855,0.992391469623449 -0.5746957889568324 0.9762757841738404 0.848453758377384,0.026430127862413076 0.004204281040844713 0.5714293648448745 -0.002668724467833712,0.8 -1.2 2.0 0.5
arm,856,0.992444370445749 -0.5746873871003016 0.977418642906058 0.8484483799506572,0.0264504111499481 0.004200928265364021 0.5714293661087683 -0.002689213363399299,0.8 -1.2 2.0 0.5
arm,857,0.9924972957869173 -0.574678994347172 0.9785615016398101 0.8484429624208064,0.026462670584124423 0.004196376564867689 0.5714293668760855 -0.002708764925443422,0.8 -1.2 2.0 0.5
arm,858,0.9925502297867849 -0.5746706130633507 0.9797043603741147 0.848437507651012,0.026466999933827253 0.004190641910640065 0.5714293671522767 -0.0027273848971900915,0.8 -1.2 2.0 0.5
arm,859,0.992603156775105 -0.5746622455824915 0.9808472191080013 0.8484320174926304,0.026463494160076404 0.004183740429608119 0.5714293669433307 -0.0027450791907853984,0.8 -1.2 2.0 0.5
arm,860,0.9926560612738525 -0.5746538942056962 0.9819900778405128 0.8484264937848641,0.026452249373744584 0.004175688397594817 0.5714293662557524 -0.0027618538831482523,0.8 -1.2 2.0 0.5
arm,861,0.9927089279994394 -0.574645561201231 0.9831329365707059 0.8484209383544403,0.026433362793449055 0.00416650223261323 0.5714293650965399 -0.0027777152118884166,0.8 -1.2 2.0 0.5
arm,862,0.9927617418648467 -0.5746372488042546 0.9842757952976522 0.8484153530152977,0.026406932703628684 0.004156198488197867 0.5714293634731636 -0.0027926695712902462,0.8 -1.2 2.0 0.5
arm,863,0.9928144879816723 -0.574628959216561 0.9854186540204393 0.8484097395682809,0.026373058412814655 0.004144793846780122 0.5714293613935434 -0.00280672350836148,0.8 -1.2 2.0 0.5
arm,864,0.9928671516620965 -0.5746206946063348 0.9865615127381713 0.8484040998008431,0.026331840212105148 0.004132305113106699 0.5714293588660265 -0.002819883718945855,0.8 -1.2 2.0 0.5
arm,865,0.9929197184207642 -0.5746124571079194 0.98770437144997 0.8483984354867553,0.026283379333853066 0.004118749207705887 0.5714293558993657 -0.0028321570438985,0.8 -1.2 2.0 0.5
arm,866,0.9929721739765853 -0.5746042488215987 0.9888472301549754 0.8483927483858247,0.026227777910578294 0.004104143160395506 0.5714293525026969 -0.00284355046532241,0.8 -1.2 2.0 0.5
arm,867,0.9930245042544535 -0.574596071813391 0.9899900888523465 0.848387040243619,0.026165138934111123 0.004088504103842842 0.5714293486855178 -0.0028540711028654927,0.8 -1.2 2.0 0.5
arm,868,0.9930766953868835 -0.5745879281148567 0.9911329475412618 0.8483813127911989,0.026095566214977238 0.004071849267173817 0.5714293444576654 -0.0028637262100765677,0.8 -1.2 2.0 0.5
arm,869,0.9931287337155675 -0.5745798197229175 0.9922758062209204 0.8483755677448572,0.026019164342034034 0.004054195969630215 0.5714293398292951 -0.0028725231708188483,0.8 -1.2 2.0 0.5
arm,870,0.9931806057928523 -0.574571748599689 0.9934186648905421 0.8483698068058657,0.025936038642364666 0.004035561614282957 0.5714293348108589 -0.0028804694957400862,0.8 -1.2 2.0 0.5
arm,871,0.9932322983831352 -0.5745637166723254 0.9945615235493682 0.8483640316602281,0.025846295141441038 0.004015963681795654 0.5714293294130842 -0.0028875728187976128,0.8 -1.2 2.0 0.5
arm,872,0.9932837984641824 -0.574555725832877 0.9957043821966621 0.8483582439784404,0.025750040523561935 0.0039954197242455785 0.5714293236469526 -0.002893840893837344,0.8 -1.2 2.0 0.5
arm,873,0.9933350932283675 -0.5745477779381589 0.9968472408317095 0.8483524454152579,0.025647382092576665 0.003973947358996936 0.5714293175236794 -0.0028992815912248803,0.8 -1.2 2.0 0.5
arm,874,0.9933861700838333 -0.5745398748096336 0.9979900994538189 0.8483466376094688,0.025538427732899705 0.003951564262635243 0.5714293110546926 -0.0029039028945279668,0.8 -1.2 2.0 0.5
arm,875,0.993437016655575 -0.5745320182333037 0.9991329580623222 0.8483408221836743,0.02542328587082629 0.003928288164958121 0.5714293042516129 -0.0029077128972485548,0.8 -1.2 2.0 0.5
arm,876,0.9934876207864474 -0.5745242099596176 1.0002758166565746 0.8483350007440752,0.02530206543615554 0.0039041368430260096 0.5714292971262338 -0.002910719799603205,0.8 -1.2 2.0 0.5
arm,877,0.9935379705380957 -0.574516451703387 1.0014186752359555 0.8483291748802645,0.025174875824129774 0.0038791281152713852 0.5714292896905017 -0.002912931905350278,0.8 -1.2 2.0 0.5
arm,878,0.9935880541918111 -0.5745087451437157 1.0025615337998686 0.8483233461650271,0.02504182685769522 0.003853279835673067 0.5714292819564962 -0.002914357618662987,0.8 -1.2 2.0 0.5
arm,879,0.9936378602493112 -0.5745010919239397 1.0037043923477413 0.8483175161541451,0.02490302875009363 0.0038266098879900187 0.5714292739364123 -0.0029150054410464624,0.8 -1.2 2.0 0.5
arm,880,0.9936873774334468 -0.5744934936515796 1.0048472508790265 0.8483116863862085,0.02475859206779045 0.0037991361800592677 0.5714292656425399 -0.0029148839682978257,0.8 -1.2 2.0 0.5
arm,881,0.9937365946888344 -0.5744859518983033 1.0059901093932009 0.8483058583824334,0.024608627693745697 0.0037708766381608127 0.5714292570872473 -0.002914001887507783,0.8 -1.2 2.0 0.5
arm,882,0.9937855011824164 -0.5744784681999004 1.007132967889767 0.8483000336464852,0.02445324679103633 0.0037418492014439347 0.571429248282962 -0.002912367974102269,0.8 -1.2 2.0 0.5
arm,883,0.9938340863039501 -0.5744710440562676 1.0082758263682512 0.8482942136643074,0.02429256076683407 0.0037120718164233677 0.5714292392421538 -0.0029099910889231096,0.8 -1.2 2.0 0.5
arm,884,0.9938823396664236 -0.5744636809314045 1.0094186848282058 0.8482883999039567,0.024126681236746803 0.0036815624315396827 0.5714292299773174 -0.0029068801753460416,0.8 -1.2 2.0 0.5
arm,885,0.9939302511064027 -0.5744563802534209 1.0105615432692077 0.8482825938154438,0.02395571998952845 0.0036503389917895536 0.5714292205009557 -0.0029030442564351067,0.8 -1.2 2.0 0.5
arm,886,0.993977810684307 -0.5744491434145541 1.0117044016908587 0.8482767968305795,0.02377978895216373 0.0036184194334236202 0.5714292108255639 -0.002898492432131979,0.8 -1.2 2.0 0.5
arm,887,0.9940250086846176 -0.5744419717711967 1.012847260092786 0.8482710103628266,0.023599000155333037 0.0035858216787153577 0.571429200963613 -0.002893233876478964,0.8 -1.2 2.0 0.5
arm,888,0.9940718356160162 -0.5744348666439352 1.0139901184746412 0.8482652358071568,0.023413465699264197 0.003552563630797093 0.5714291909275353 -0.002887277834874365,0.8 -1.2 2.0 0.5
arm,889,0.9941182822114562 -0.5744278293175981 1.0151329768361006 0.8482594745399141,0.023223297719974556 0.003518663168569978 0.5714291807297085 -0.0028806336213593295,0.8 -1.2 2.0 0.5
arm,890,0.994164339428168 -0.5744208610413147 1.0162758351768655 0.8482537279186823,0.023028608355910443 0.003484138141682857 0.5714291703824419 -0.0028733106159344085,0.8 -1.2 2.0 0.5
arm,891,0.9942099984475979 -0.5744139630285836 1.0174186934966614 0.8482479972821585,0.0228295097149873 0.003449006365585721 0.5714291598979617 -0.0028653182619053272,0.8 -1.2 2.0 0.5
arm,892,0.994255250675282 -0.5744071364573503 1.0185615517952382 0.848242283950032,0.02262611384203707 0.003413285616653203 0.5714291492883982 -0.0028566660632562647,0.8 -1.2 2.0 0.5
arm,893,0.9943000877406553 -0.5744003824700955 1.0197044100723698 0.8482365892228679,0.022418532686665393 0.0033769936273843402 0.5714291385657724 -0.0028473635820499624,0.8 -1.2 2.0 0.5
arm,894,0.9943445014967983 -0.5743937021739322 1.0208472683278538 0.8482309143819963,0.02220687807152597 0.0033401480816718093 0.5714291277419831 -0.002837420435853085,0.8 -1.2 2.0 0.5
arm,895,0.9943884840201204 -0.5743870966407119 1.0219901265615114 0.8482252606894058,0.021991261661012767 0.0033027666101499743 0.5714291168287954 -0.002826846295186449,0.8 -1.2 2.0 0.5
arm,896,0.9944320276099812 -0.5743805669071407 1.0231329847731871 0.8482196293876438,0.021771794930377487 0.003264866785614498 0.5714291058378285 -0.0028156508809985266,0.8 -1.2 2.0 0.5
arm,897,0.9944751247882517 -0.5743741139749037 1.0242758429627483 0.8482140216997195,0.021548589135274084 0.003226466118519003 0.5714290947805447 -0.002803843962161521,0.8 -1.2 2.0 0.5
arm,898,0.9945177682988152 -0.5743677388107986 1.0254187011300848 0.8482084388290135,0.021321755281735938 0.003187582052543888 0.5714290836682391 -0.0027914353529888514,0.8 -1.2 2.0 0.5
arm,899,0.9945599511070083 -0.5743614423468781 1.026561559275109 0.848202881959192,0.02109140409658714 0.0031482319602450844 0.5714290725120291 -0.0027784349107734837,0.8 -1.2 2.0 0.5
arm,900,0.9946016663990049 -0.5743552254806006 1.0277044173977545 0.8481973522541253,0.020857645998292693 0.003108433138777418 0.5714290613228445 -0.002764852533346009,0.8 -1.2 2.0 0.5
arm,901,0.9946429075811415 -0.5743490890749892 1.0288472754979774 0.848191850857812,0.020620591068251374 0.0030682028056932312 0.5714290501114191 -0.002750698156651414,0.8 -1.2 2.0 0.5
arm,902,0.9946836682791865 -0.5743430339587995 1.029990133575754 0.8481863788943074,0.020380349022532714 0.0030275580948200915 0.5714290388882809 -0.0027359817523443185,0.8 -1.2 2.0 0.5
arm,903,0.9947239423375547 -0.574337060926695 1.0311329916310814 0.8481809374676565,0.020137029184062932 0.0029865160522130887 0.5714290276637448 -0.0027207133254011895,0.8 -1.2 2.0 0.5
arm,904,0.9947637238184652 -0.5743311707394306 1.0322758496639772 0.848175527661833,0.01989074045526092 0.0029450936321865125 0.5714290164479046 -0.002704902911749393,0.8 -1.2 2.0 0.5
arm,905,0.9948030070010475 -0.5743253641240438 1.0334187076744785 0.8481701505406812,0.019641591291127896 0.0029033076934220125 0.5714290052506253 -0.002688560575912124,0.8 -1.2 2.0 0.5
arm,906,0.9948417863803931 -0.5743196417740535 1.0345615656626417 0.8481648071478639,0.01938968967279337 0.002861174995153513 0.5714289940815374 -0.002671696408668542,0.8 -1.2 2.0 0.5
arm,907,0.9948800566665561 -0.5743140043496666 1.0357044236285418 0.8481594985068145,0.01913514308151834 0.002818712193432085 0.5714289829500291 -0.0026543205247286134,0.8 -1.2 2.0 0.5
arm,908,0.9949178127835024 -0.5743084524779917 1.0368472815722722 0.8481542256206936,0.018878058473159525 0.0027759358374669085 0.5714289718652418 -0.00263644306042202,0.8 -1.2 2.0 0.5
arm,909,0.9949550498680086 -0.5743029867532596 1.0379901394939444 0.8481489894723508,0.018618542253095668 0.002732862366044467 0.571428960836064 -0.0026180741714004847,0.8 -1.2 2.0 0.5
arm,910,0.9949917632685119 -0.5742976077370516 1.0391329973936867 0.8481437910242902,0.018356700251617487 0.002689508104027233 0.5714289498711266 -0.002599224030353329,0.8 -1.2 2.0 0.5
arm,911,0.9950279485439115 -0.5742923159585338 1.0402758552716442 0.8481386312186406,0.018092637699784038 0.002645889258928172 0.5714289389787982 -0.00257990282473539,0.8 -1.2 2.0 0.5
arm,912,0.995063601462323 -0.5742871119146987 1.0414187131279786 0.8481335109771316,0.01782645920574559 0.0026020219175655456 0.5714289281671817 -0.0025601207545072387,0.8 -1.2 2.0 0.5
arm,913,0.995098717999786 -0.5742819960706131 1.0425615709628668 0.8481284312010718,0.017558268731535737 0.0025579220427937818 0.5714289174441101 -0.002539888029887008,0.8 -1.2 2.0 0.5
arm,914,0.9951332943389266 -0.5742769688596725 1.0437044287765012 0.8481233927713336,0.017288169570332367 0.0025136054703149453 0.5714289068171436 -0.002519214869113836,0.8 -1.2 2.0 0.5
arm,915,0.995167326867575 -0.5742720306838613 1.0448472865690883 0.8481183965483412,0.017016264324190632 0.0024690879055647165 0.571428896293567 -0.00249811149622215,0.8 -1.2 2.0 0.5
arm,916,0.9952008121773396 -0.5742671819140199 1.045990144340849 0.8481134433720635,0.01674265488224613 0.002424384920680676 0.5714288858803871 -0.002476588138827067,0.8 -1.2 2.0 0.5
arm,917,0.9952337470621384 -0.5742624228901169 1.0471330020920178 0.8481085340620117,0.016467442399391605 0.002379511951544992 0.5714288755843311 -0.002454655025920171,0.8 -1.2 2.0 0.5
arm,918,0.9952661285166893 -0.574257753921527 1.0482758598228414 0.8481036694172404,0.016190727275426503 0.002334484294905584 0.5714288654118449 -0.00243232238567581,0.8 -1.2 2.0 0.5
arm,919,0.9952979537349587 -0.5742531752873159 1.0494187175335796 0.8480988502163538,0.01591260913467985 0.002289317105574677 0.5714288553690922 -0.0024096004432675247,0.8 -1.2 2.0 0.5
arm,920,0.9953292201085708 -0.5742486872365284 1.0505615752245034 0.8480940772175164,0.015633186806106154 0.002244025393707759 0.5714288454619537 -0.0023864994186948464,0.8 -1.2 2.0 0.5
arm,921,0.9953599252251786 -0.5742442899884841 1.0517044328958955 0.8480893511584672,0.015352558303856637 0.002198624022154673 0.5714288356960266 -0.0023630295246198463,0.8 -1.2 2.0 0.5
arm,922,0.9953900668667952 -0.5742399837330763 1.0528472905480488 0.8480846727565388,0.015070820808323239 0.0021531277038918666 0.5714288260766253 -0.002339200964213847,0.8 -1.2 2.0 0.5
arm,923,0.9954196430080905 -0.5742357686310772 1.0539901481812664 0.8480800427086808,0.014788070647657279 0.002107550999528576 0.5714288166087808 -0.002315023929013928,0.8 -1.2 2.0 0.5
arm,924,0.99544865181465 -0.5742316448144474 1.0551330057958608 0.8480754616914872,0.014504403279760835 0.002061908314892447 0.5714288072972421 -0.002290508596789655,0.8 -1.2 2.0 0.5
arm,925,0.9954770916411996 -0.5742276123866501 1.0562758633921536 0.8480709303612284,0.014219913274752067 0.0020162138986885812 0.5714287981464771 -0.002265665129419597,0.8 -1.2 2.0 0.5
arm,926,0.9955049610297954 -0.5742236714229696 1.057418720970475 0.8480664493538869,0.013934694297902906 0.001970481840235786 0.571428789160674 -0.0022405036707780447,0.8 -1.2 2.0 0.5
arm,927,0.9955322587079815 -0.574219821970835 1.0585615785311626 0.8480620192851976,0.013648839093048813 0.0019247260672781734 0.571428780343743 -0.0022150343446319097,0.8 -1.2 2.0 0.5
arm,928,0.9955589835869144 -0.5742160640501472 1.0597044360745613 0.8480576407506926,0.01336243946646926 0.0018789603438735636 0.5714287716993185 -0.0021892672525480735,0.8 -1.2 2.0 0.5
arm,929,0.9955851347594569 -0.5742123976536105 1.060847293601023 0.8480533143257489,0.01307558627123915 0.001833198268354759 0.571428763230761 -0.002163212471811157,0.8 -1.2 2.0 0.5
arm,930,0.995610711498241 -0.5742088227470679 1.0619901511109053 0.8480490405656422,0.012788369392049583 0.0017874532713653272 0.5714287549411602 -0.0021368800533519148,0.8 -1.2 2.0 0.5
arm,931,0.9956357132537019 -0.57420533926984 1.063133008604572 0.8480448200056029,0.012500877730495394 0.0017417386139733542 0.5714287468333378 -0.002110280019686965,0.8 -1.2 2.0 0.5
arm,932,0.9956601396520836 -0.5742019471350682 1.0642758660823917 0.8480406531608772,0.012213199190831556 0.001696067385853005 0.5714287389098498 -0.0020834223628691416,0.8 -1.2 2.0 0.5
arm,933,0.9956839904934159 -0.5741986462300611 1.0654187235447377 0.8480365405267922,0.011925420666193468 0.0016504525035434786 0.5714287311729914 -0.0020563170424497865,0.8 -1.2 2.0 0.5
arm,934,0.9957072657494666 -0.5741954364166435 1.0665615809919873 0.8480324825788254,0.011637628025280936 0.0016049067087819792 0.5714287236247994 -0.0020289739834527037,0.8 -1.2 2.0 0.5
arm,935,0.9957299655616656 -0.5741923175315097 1.0677044384245213 0.8480284797726766,0.011349906099505482 0.0015594425669053123 0.5714287162670563 -0.002001403074360139,0.8 -1.2 2.0 0.5
arm,936,0.9957520902390068 -0.574189289386579 1.068847295842724 0.8480245325443464,0.011062338670596682 0.0015140724653277884 0.5714287091012952 -0.001973614165111374,0.8 -1.2 2.0 0.5
arm,937,0.9957736402559241 -0.5741863517693548 1.0699901532469815 0.8480206413102162,0.010775008458668786 0.001468808612085539 0.5714287021288027 -0.0019456170651139088,0.8 -1.2 2.0 0.5
arm,938,0.9957946162501455 -0.5741835044432859 1.0711330106376828 0.8480168064671336,0.01048799711074181 0.001423663034458012 0.5714286953506247 -0.0019174215412681435,0.8 -1.2 2.0 0.5
arm,939,0.9958150190205249 -0.5741807471481306 1.072275868015218 0.8480130283925016,0.010201385189718819 0.0013786475776547177 0.5714286887675704 -0.0018890373160055372,0.8 -1.2 2.0 0.5
arm,940,0.9958348495248526 -0.5741780796003234 1.0734187253799785 0.8480093074443709,0.009915252163814399 0.0013337739035750942 0.5714286823802173 -0.0018604740653408777,0.8 -1.2 2.0 0.5
arm,941,0.9958541088776455 -0.5741755014933442 1.0745615827323562 0.848005643961537,0.009629676396433121 0.0012890534896374322 0.5714286761889161 -0.0018317414169391707,0.8 -1.2 2.0 0.5
arm,942,0.9958727983479184 -0.5741730124980888 1.0757044400727438 0.8480020382636406,0.009344735136495792 0.0012444976276761758 0.5714286701937962 -0.0018028489481973745,0.8 -1.2 2.0 0.5
arm,943,0.9958909193569369 -0.5741706122632431 1.0768472974015333 0.847998490651272,0.009060504509210384 0.0012001174229079087 0.5714286643947706 -0.0017738061843417196,0.8 -1.2 2.0 0.5
arm,944,0.9959084734759515 -0.5741683004156571 1.0779901547191164 0.8479950014060789,0.008777059507285597 0.0011559237929642551 0.5714286587915417 -0.0017446225965408414,0.8 -1.2 2.0 0.5
arm,945,0.9959254624239167 -0.5741660765607232 1.0791330120258835 0.8479915707908788,0.008494473982583307 0.0011119274669942924 0.5714286533836067 -0.001715307600035655,0.8 -1.2 2.0 0.5
arm,946,0.9959418880651931 -0.5741639402827535 1.080275869322224 0.8479881990497743,0.008212820638208322 0.0010681389848315904 0.5714286481702633 -0.001685870552285978,0.8 -1.2 2.0 0.5
arm,947,0.9959577524072352 -0.5741618911453611 1.0814187266085253 0.8479848864082721,0.007932171021031555 0.0010245686962285477 0.5714286431506158 -0.0016563207511349452,0.8 -1.2 2.0 0.5
arm,948,0.9959730575982645 -0.5741599286918407 1.0825615838851725 0.8479816330734061,0.007652595514644727 0.000981226760154 0.5714286383235807 -0.0016266674329911423,0.8 -1.2 2.0 0.5
arm,949,0.99598780592493 -0.5741580524455524 1.0837044411525483 0.8479784392338641,0.007374163332741694 0.0009381231441586524 0.5714286336878924 -0.0015969197710297518,0.8 -1.2 2.0 0.5
arm,950,0.9960019998099559 -0.5741562619103048 1.0848472984110324 0.8479753050601172,0.0070969425129248885 0.0008952676238028374 0.5714286292421101 -0.0015670868734127025,0.8 -1.2 2.0 0.5
arm,951,0.9960156418097778 -0.5741545565707404 1.0859901556610017 0.8479722307045542,0.006820999910933019 0.0008526697821477195 0.5714286249846228 -0.0015371777815285778,0.8 -1.2 2.0 0.5
arm,952,0.9960287346121683 -0.5741529358927219 1.087133012902829 0.8479692163016177,0.006546401195286341 0.0008103390093097726 0.5714286209136563 -0.0015072014682529166,0.8 -1.2 2.0 0.5
arm,953,0.996041281033853 -0.5741513993237177 1.0882758701368835 0.8479662619679452,0.006273210842346186 0.0007682845020782743 0.5714286170272795 -0.0014771668362294887,0.8 -1.2 2.0 0.5
arm,954,0.9960532840181167 -0.5741499462931905 1.0894187273635303 0.8479633678025129,0.006001492131786356 0.0007265152635906497 0.5714286133234099 -0.0014470827161727285,0.8 -1.2 2.0 0.5
arm,955,0.9960647466324016 -0.5741485762129843 1.09056158458313 0.8479605338867825,0.005731307142470036 0.0006850401030741179 0.5714286097998202 -0.001416957865192816,0.8 -1.2 2.0 0.5
arm,956,0.9960756720658991 -0.574147288477713 1.0917044417960382 0.8479577602848523,0.005462716748731603 0.0006438676356431517 0.5714286064541452 -0.0013868009651429552,0.8 -1.2 2.0 0.5
arm,957,0.9960860636271333 -0.5741460824651486 1.092847299002606 0.8479550470436102,0.005195780617057668 0.0006030062821583077 0.571428603283887 -0.0013566206209901684,0.8 -1.2 2.0 0.5
arm,958,0.9960959247415396 -0.5741449575366103 1.0939901562031789 0.8479523941928918,0.004930557203164203 0.0005624642691426867 0.5714286002864225 -0.0013264253592097654,0.8 -1.2 2.0 0.5
arm,959,0.9961052589490386 -0.5741439130373528 1.0951330133980968 0.8479498017456394,0.004667103749465974 0.0005222496287562763 0.5714285974590086 -0.0012962236262043306,0.8 -1.2 2.0 0.5
arm,960,0.9961140699016044 -0.5741429482969551 1.0962758705876943 0.8479472696980659,0.004405476282933004 0.00048237019882966175 0.5714285947987896 -0.001266023786747865,0.8 -1.2 2.0 0.5
arm,961,0.9961223613608311 -0.5741420626297092 1.0974187277722998 0.8479447980298209,0.004145729613332589 0.0004428336229503713 0.5714285923028024 -0.0012358341224551783,0.8 -1.2 2.0 0.5
arm,962,0.9961301371954948 -0.574141255335008 1.0985615849522357 0.8479423867041603,0.003887917331850029 0.0004036473506081465 0.5714285899679833 -0.0012056628302777846,0.8 -1.2 2.0 0.5
arm,963,0.996137401379115 -0.5741405256977332 1.099704442127818 0.8479400356681183,0.003632091810085165 0.0003648186373947889 0.5714285877911741 -0.0011755180210264561,0.8 -1.2 2.0 0.5
arm,964,0.9961441579875139 -0.5741398729886427 1.100847299299356 0.8479377448526825,0.0033783041994211054 0.000326354545256311 0.5714285857691287 -0.0011454077179209722,0.8 -1.2 2.0 0.5
arm,965,0.9961504111963754 -0.574139296464757 1.101990156467153 0.8479355141729721,0.0031266044307596296 0.00028826194280016205 0.571428583898518 -0.001115339855167907,0.8 -1.2 2.0 0.5
arm,966,0.9961561652788046 -0.5741387953697458 1.103133013631505 0.847933343528419,0.0028770412146192103 0.00025054750565567776 0.5714285821759377 -0.0010853222765667338,0.8 -1.2 2.0 0.5
arm,967,0.9961614246028877 -0.574138368934312 1.1042758707927007 0.8479312328029507,0.0026296620415919756 0.00021321771688496884 0.5714285805979129 -0.0010553627341450043,0.8 -1.2 2.0 0.5
arm,968,0.996166193629254 -0.5741380163765771 1.1054187279510226 0.8479291818651771,0.0023845131831548285 0.00017627886744432317 0.5714285791609043 -0.0010254688868228299,0.8 -1.2 2.0 0.5
arm,969,0.9961704769086396 -0.5741377369024637 1.1065615851067452 0.8479271905685789,0.002141639692829057 0.00013973705669895024 0.5714285778613146 -0.0009956482991076642,0.8 -1.2 2.0 0.5
arm,970,0.996174279079455 -0.5741375297060778 1.107704442260136 0.8479252587516992,0.001901085407685783 0.00010359819298479516 0.5714285766954939 -0.0009659084398194685,0.8 -1.2 2.0 0.5
arm,971,0.9961776048653553 -0.5741373939700893 1.1088472994114555 0.8479233862383375,0.0016628929501909429 6.786799422057974e-05 0.5714285756597451 -0.0009362566808469898,0.8 -1.2 2.0 0.5
arm,972,0.9961804590728162 -0.5741373288661122 1.1099901565609562 0.8479215728377456,0.0014271037303870417 3.2551988565443705e-05 0.5714285747503305 -0.0009067002959354954,0.8 -1.2 2.0 0.5
arm,973,0.9961828465887129 -0.574137333555082 1.1111330137088833 0.8479198183448265,0.0011937579484041319 -2.3444848717367925e-06 0.5714285739634759 -0.0008772464595067068,0.8 -1.2 2.0 0.5
arm,974,0.9961847723779075 -0.5741374071876326 1.112275870855474 0.8479181225403355,0.0009628945972991642 -3.681627528274291e-05 0.571428573295377 -0.00084790224551094,0.8 -1.2 2.0 0.5
arm,975,0.9961862414808399 -0.5741375489044713 1.1134187280009584 0.8479164851910829,0.0007345514662144263 -7.085841935844291e-05 0.5714285727422047 -0.0008186746263125604,0.8 -1.2 2.0 0.5
arm,976,0.9961872590111276 -0.5741377578367522 1.1145615851455586 0.8479149060501396,0.0005087651438546059 -0.00010446614044770444 0.5714285723001098 -0.0007895704716084118,0.8 -1.2 2.0 0.5
arm,977,0.9961878301531721 -0.5741380331064476 1.115704442289489 0.8479133848570449,0.00028557102227409585 -0.00013763484766808002 0.5714285719652286 -0.0007605965473804104,0.8 -1.2 2.0 0.5
arm,978,0.9961879601597741 -0.5741383738267176 1.1168472994329564 0.8479119213380152,6.500330097216755e-05 -0.0001703601349766417 0.5714285717336873 -0.0007317595148820454,0.8 -1.2 2.0 0.5
arm,979,0.9961876543497566 -0.5741387791022781 1.1179901565761596 0.8479105152061559,-0.0001529050087104029 -0.00020263778019650056 0.5714285716016075 -0.0007030659296596755,0.8 -1.2 2.0 0.5
arm,980,0.9961869181055989 -0.574139248029766 1.1191330137192899 0.8479091661616747,-0.0003681220788976375 -0.0002344637440023439 0.5714285715651105 -0.0006745222406087065,0.8 -1.2 2.0 0.5
arm,981,0.9961857568710785 -0.5741397796981037 1.1202758708625304 0.8479078738920965,-0.0005806172601922305 -0.00026583416886609114 0.571428571620322 -0.0006461347890650413,0.8 -1.2 2.0 0.5
arm,982,0.9961841761489256 -0.5741403731888596 1.1214187280060572 0.8479066380724807,-0.0007903610764034594 -0.0002967453779600503 0.5714285717633767 -0.0006179098079324047,0.8 -1.2 2.0 0.5
arm,983,0.9961821814984877 -0.5741410275766077 1.1225615851500381 0.847905458365639,-0.0009973252189920461 -0.00032719387402353387 0.5714285719904227 -0.0005898534208454528,0.8 -1.2 2.0 0.5
arm,984,0.9961797785334052 -0.574141741929284 1.1237044422946334 0.8479043344223562,-0.0012014825412385568 -0.0003571763381899912 0.5714285722976256 -0.0005619716413692204,0.8 -1.2 2.0 0.5
arm,985,0.996176972919301 -0.5741425153085415 1.1248472994399958 0.8479032658816118,-0.0014028070521393328 -0.0003866896287788508 0.5714285726811723 -0.000534270372235027,0.8 -1.2 2.0 0.5
arm,986,0.9961737703714809 -0.5741433467701016 1.1259901565862704 0.8479022523708025,-0.0016012739100371835 -0.0004157307800455955 0.5714285731372758 -0.0005067554046135917,0.8 -1.2 2.0 0.5
arm,987,0.996170176652649 -0.5741442353641034 1.1271330137335949 0.8479012935059677,-0.0017968594159889616 -0.00044429700090064985 0.5714285736621783 -0.0004794324174248429,0.8 -1.2 2.0 0.5
arm,988,0.9961661975706352 -0.5741451801354506 1.1282758708820992 0.8479003888920142,-0.0019895410068768906 -0.00047238567359240426 0.5714285742521552 -0.000452306976685131,0.8 -1.2 2.0 0.5
arm,989,0.9961618389761386 -0.5741461801241553 1.1294187280319063 0.8478995381229445,-0.002179297248269084 -0.0004999943523542667 0.5714285749035186 -0.00042538453489213433,0.8 -1.2 2.0 0.5
arm,990,0.9961571067604845 -0.5741472343656794 1.1305615851831317 0.8478987407820836,-0.0023661078270333885 -0.000527120762019593 0.5714285756126205 -0.00039867043044721607,0.8 -1.2 2.0 0.5
arm,991,0.9961520068533971 -0.5741483418912726 1.1317044423358833 0.8478979964423093,-0.0025499535437098816 -0.0005537627966049538 0.5714285763758565 -0.0003721698871157483,0.8 -1.2 2.0 0.5
arm,992,0.9961465452207878 -0.5741495017283084 1.1328472994902625 0.8478973046662823,-0.0027308163046483075 -0.0005799185178592944 0.5714285771896689 -0.0003458880135255003,0.8 -1.2 2.0 0.5
arm,993,0.99614072786256 -0.5741507129006159 1.1339901566463637 0.8478966650066769,-0.0029086791139144395 -0.0006055861537828134 0.5714285780505488 -0.0003198298027031945,0.8 -1.2 2.0 0.5
arm,994,0.9961345608104301 -0.5741519744288102 1.135133013804274 0.8478960770064137,-0.003083526064970418 -0.0006307640971176288 0.5714285789550406 -0.0002940001316490951,0.8 -1.2 2.0 0.5
arm,995,0.9961280501257658 -0.5741532853306178 1.1362758709640735 0.8478955401988918,-0.0032553423321356905 -0.0006554509038060874 0.571428579899743 -0.0002684037609501424,0.8 -1.2 2.0 0.5
arm,996,0.9961212018974421 -0.5741546446212007 1.137418728125836 0.847895054108223,-0.0034241141618319214 -0.0006796452914231188 0.5714285808813129 -0.00024304533443134785,0.8 -1.2 2.0 0.5
arm,997,0.9961140222397149 -0.5741560513134758 1.1385615852896291 0.8478946182494653,-0.003589828863618468 -0.0007033461375797299 0.5714285818964671 -0.00021792937884559122,0.8 -1.2 2.0 0.5
arm,998,0.9961065172901129 -0.5741575044184324 1.1397044424555132 0.8478942321288582,-0.0037524748010231428 -0.0007265524782991777 0.5714285829419847 -0.00019306030360199852,0.8 -1.2 2.0 0.5
arm,999,0.9960986932073486 -0.5741590029454451 1.1408472996235426 0.8478938952440571,-0.003912041382173231 -0.0007492635063676034 0.5714285840147096 -0.00016844240053262528,0.8 -1.2 2.0 0.5
arm,1000,0.9960905561692481 -0.5741605459025844 1.1419901567937656 0.8478936070843697,-0.004068519050232509 -0.0007714785696582676 0.5714285851115524 -0.00014407984369769596,0.8 -1.2 2.0 0.5
arm,1001,0.9960821123707009 -0.5741621322969233 1.1431330139662246 0.8478933671309912,-0.004221899273648405 -0.0007931971694335326 0.5714285862294916 -0.00011997668922904775,0.8 -1.2 2.0 0.5
arm,1002,0.9960733680216285 -0.5741637611348405 1.1442758711409557 0.8478931748572407,-0.004372174536216019 -0.0008144189586199808 0.5714285873655763 -9.613687521207662e-05,0.8 -1.2 2.0 0.5
arm,1003,0.9960643293449746 -0.5741654314223206 1.1454187283179895 0.8478930297287974,-0.004519338326962372 -0.0008351437400641349 0.5714285885169275 -7.256422160573232e-05,0.8 -1.2 2.0 0.5
arm,1004,0.9960550025747149 -0.5741671421652501 1.146561585497351 0.847892931203937,-0.004663385129857824 -0.0008553714647627696 0.5714285896807396 -4.926243020080971e-05,0.8 -1.2 2.0 0.5
arm,1005,0.9960453939538881 -0.5741688923697102 1.1477044426790595 0.8478928787337678,-0.00480431041335898 -0.0008751022300724178 0.5714285908542815 -2.6235084616244467e-05,0.8 -1.2 2.0 0.5
arm,1006,0.9960355097326485 -0.5741706810422661 1.1488472998631292 0.8478928717624672,-0.004942110619787205 -0.0008943362779004596 0.5714285920348982 -3.485650332972212e-06,0.8 -1.2 2.0 0.5
arm,1007,0.9960253561663395 -0.5741725071902518 1.1499901570495692 0.8478929097275176,-0.005076783154550304 -0.0009130739928732349 0.5714285932200113 1.8982525234059847e-05,0.8 -1.2 2.0 0.5
arm,1008,0.9960149395135891 -0.5741743698220528 1.1511330142383835 0.8478929920599428,-0.005208326375209837 -0.0009313159004878754 0.571428594407121 4.1166212626823895e-05,0.8 -1.2 2.0 0.5
arm,1009,0.9960042660344283 -0.5741762679473833 1.152275871429571 0.8478931181845433,-0.005336739580401229 -0.0009490626652434094 0.571428595593806 6.306230019745553e-05,0.8 -1.2 2.0 0.5
arm,1010,0.995993341988431 -0.5741782005775609 1.1534187286231266 0.8478932875201312,-0.0054620229986102236 -0.0009663150887562273 0.5714285967777246 8.466779392476375e-05,0.8 -1.2 2.0 0.5
arm,1011,0.9959821736328774 -0.5741801667257765 1.15456158581904 0.8478934994797656,-0.005584177776812407 -0.0009830741078564837 0.5714285979566152 0.00010597981719356505,0.8 -1.2 2.0 0.5
arm,1012,0.9959707672209395 -0.5741821654073619 1.1557044430172965 0.8478937534709866,-0.005703205968978408 -0.0009993407926716857 0.571428599128297 0.00012699561053783603,0.8 -1.2 2.0 0.5
arm,1013,0.9959591289998906 -0.5741841956400513 1.1568473002178778 0.8478940488960494,-0.005819110524452513 -0.0010151163446916805 0.5714286002906707 0.00014771253134727958,0.8 -1.2 2.0 0.5
arm,1014,0.9959472652093382 -0.5741862564442409 1.1579901574207614 0.8478943851521564,-0.005931895276208094 -0.001030402094820107 0.5714286014417173 0.0001681280535378929,0.8 -1.2 2.0 0.5
arm,1015,0.9959351820794802 -0.5741883468432437 1.1591330146259204 0.8478947616316908,-0.006041564928984228 -0.00104519950141397 0.5714286025795002 0.00018823976718720863,0.8 -1.2 2.0 0.5
arm,1016,0.9959228858293856 -0.5741904658635403 1.1602758718333248 0.847895177722447,-0.006148125047310708 -0.0010595101483066088 0.5714286037021643 0.0002080453781338441,0.8 -1.2 2.0 0.5
arm,1017,0.9959103826652987 -0.574192612535026 1.1614187290429407 0.8478956328078622,-0.006251582043423977 -0.0010733357428214937 0.5714286048079356 0.00022754270754217124,0.8 -1.2 2.0 0.5
arm,1018,0.9958976787789686 -0.5741947858912535 1.162561586254731 0.8478961262672451,-0.006351943165080692 -0.0010866781137710642 0.5714286058951217 0.0002467296914324352,0.8 -1.2 2.0 0.5
arm,1019,0.995884780346002 -0.5741969849696724 1.1637044434686552 0.8478966574760054,-0.006449216483271538 -0.0010995392094496168 0.5714286069621114 0.00026560438017677164,0.8 -1.2 2.0 0.5
arm,1020,0.9958716935242423 -0.5741992088118636 1.16484730068467 0.8478972258058813,-0.006543410879843611 -0.001111921095609459 0.5714286080073742 0.00028416493796111226,0.8 -1.2 2.0 0.5
arm,1021,0.9958584244521722 -0.5742014564637704 1.165990157902729 0.8478978306251658,-0.006634536035032218 -0.001123825953433284 0.57142860902946 0.0003024096422139416,0.8 -1.2 2.0 0.5
arm,1022,0.9958449792473424 -0.5742037269759254 1.167133015122783 0.8478984712989318,-0.006722602414910253 -0.0011352560774931886 0.5714286100269986 0.0003203368830018853,0.8 -1.2 2.0 0.5
arm,1023,0.9958313640048249 -0.5742060194036728 1.1682758723447804 0.8478991471892566,-0.006807621258756818 -0.0011462138737060423 0.5714286109986988 0.0003379451623931266,0.8 -1.2 2.0 0.5
arm,1024,0.9958175847956922 -0.5742083328073874 1.169418729568667 0.8478998576554442,-0.006889604566353281 -0.0011567018572757888 0.5714286119433484 0.00035523309378830497,0.8 -1.2 2.0 0.5
arm,1025,0.9958036476655218 -0.5742106662526887 1.1705615867943868 0.8479006020542467,-0.006968565085207426 -0.001166722650634801 0.5714286128598125 0.000372199401220332,0.8 -1.2 2.0 0.5
arm,1026,0.9957895586329263 -0.5742130188106515 1.171704444021881 0.847901379740084,-0.007044516297713836 -0.0011762789813754134 0.5714286137470337 0.00038884291862281034,0.8 -1.2 2.0 0.5
arm,1027,0.9957753236881097 -0.5742153895580118 1.172847301251089 0.8479021900652621,-0.0071174724082527846 -0.0011853736801776895 0.57142861460403 0.0004051625890680668,0.8 -1.2 2.0 0.5
arm,1028,0.9957609487914493 -0.5742177775773692 1.1739901584819488 0.84790303238019,-0.007187448330233898 -0.001194009678730869 0.5714286154298952 0.00042115746397500134,0.8 -1.2 2.0 0.5
arm,1029,0.9957464398721031 -0.5742201819573846 1.1751330157143964 0.8479039060335947,-0.00725445967308806 -0.0012021900076504143 0.5714286162237965 0.0004368267022874611,0.8 -1.2 2.0 0.5
arm,1030,0.9957318028266446 -0.5742226017929734 1.1762758729483664 0.8479048103727339,-0.007318522729211347 -0.001209917794394664 0.5714286169849742 0.0004521695696237431,0.8 -1.2 2.0 0.5
arm,1031,0.9957170435177229 -0.5742250361854957 1.177418730183792 0.8479057447436087,-0.007379654460867262 -0.001217196261175742 0.5714286177127401 0.00046718543739762756,0.8 -1.2 2.0 0.5
arm,1032,0.9957021677727489 -0.5742274842429415 1.1785615874206048 0.8479067084911726,-0.0074378724870504676 -0.0012240287228686838 0.5714286184064771 0.0004818737819114823,0.8 -1.2 2.0 0.5
arm,1033,0.9956871813826083 -0.5742299450801113 1.1797044446587361 0.8479077009595394,-0.0074931950703165185 -0.0012304185849196366 0.5714286190656367 0.0004962341834222503,0.8 -1.2 2.0 0.5
arm,1034,0.9956720901004011 -0.5742324178187938 1.1808473018981156 0.8479087214921898,-0.00754564110358149 -0.0012363693412542562 0.5714286196897385 0.0005102663251807103,0.8 -1.2 2.0 0.5
arm,1035,0.9956568996402073 -0.5742349015879381 1.1819901591386723 0.8479097694321747,-0.007595230096897675 -0.0012418845721813537 0.5714286202783683 0.0005239699924445243,0.8 -1.2 2.0 0.5
arm,1036,0.9956416156758789 -0.5742373955238227 1.1831330163803346 0.8479108441223175,-0.007641982164206724 -0.0012469679423015275 0.5714286208311773 0.0005373450714659303,0.8 -1.2 2.0 0.5
arm,1037,0.9956262438398588 -0.5742398987702195 1.1842758736230303 0.8479119449054144,-0.007685918010076546 -0.0012516231984142736 0.5714286213478801 0.0005503915484546155,0.8 -1.2 2.0 0.5
arm,1038,0.9956107897220259 -0.5742424104785544 1.1854187308666868 0.8479130711244315,-0.0077270589164248745 -0.0012558541674277035 0.5714286218282533 0.0005631095085162559,0.8 -1.2 2.0 0.5
arm,1039,0.9955952588685674 -0.574244929808063 1.186561588111231 0.8479142221227006,-0.007765426729234778 -0.001259664754268684 0.571428622272134 0.0005754991345674566,0.8 -1.2 2.0 0.5
arm,1040,0.9955796567808768 -0.5742474559259425 1.18770444535659 0.847915397244113,-0.00780104384526503 -0.0012630589397965325 0.5714286226794181 0.0005875607062277645,0.8 -1.2 2.0 0.5
arm,1041,0.9955639889144793 -0.5742499880074999 1.18884730260269 0.8479165958333104,-0.007833933198759276 -0.0012660407787211535 0.5714286230500591 0.0005992945986894298,0.8 -1.2 2.0 0.5
arm,1042,0.995548260677983 -0.574252525236295 1.1899901598494582 0.8479178172358734,-0.007864118248159961 -0.001268614397520754 0.5714286233840661 0.0006107012815651626,0.8 -1.2 2.0 0.5
arm,1043,0.9955324774320573 -0.5742550668042797 1.1911330170968213 0.8479190607985089,-0.007891622962827489 -0.0012707839923686184 0.5714286236815017 0.000621781317715293,0.8 -1.2 2.0 0.5
arm,1044,0.9955166444884378 -0.5742576119119338 1.1922758743447062 0.8479203258692329,-0.007916471809771107 -0.0012725538270629197 0.5714286239424815 0.0006325353620544097,0.8 -1.2 2.0 0.5
arm,1045,0.995500767108957 -0.5742601597683957 1.1934187315930405 0.8479216117975537,-0.00793868974039505 -0.0012739282309599512 0.571428624167171 0.0006429641603381228,0.8 -1.2 2.0 0.5
arm,1046,0.9954848505046024 -0.5742627095915895 1.194561588841752 0.8479229179346495,-0.007958302177262474 -0.0012749115969151576 0.571428624355785 0.0006530685479310326,0.8 -1.2 2.0 0.5
arm,1047,0.9954688998346007 -0.574265260608348 1.195704446090769 0.8479242436335466,-0.007975335000881417 -0.001275508379231245 0.5714286245085856 0.0006628494485563663,0.8 -1.2 2.0 0.5
arm,1048,0.9954529202055277 -0.5742678120545313 1.1968473033400209 0.8479255882492926,-0.007989814536517075 -0.0012757230916111053 0.5714286246258796 0.0006723078730277261,0.8 -1.2 2.0 0.5
arm,1049,0.9954369166704456 -0.5742703631751415 1.197990160589437 0.8479269511391285,-0.008001767541032979 -0.001275560305119725 0.5714286247080181 0.000681444917964021,0.8 -1.2 2.0 0.5
arm,1050,0.9954208942280661 -0.5742729132244337 1.1991330178389477 0.8479283316626575,-0.008011221189765078 -0.0012750246461539151 0.5714286247553936 0.0006902617644881384,0.8 -1.2 2.0 0.5
arm,1051,0.9954048578219392 -0.5742754614660226 1.2002758750884845 0.8479297291820113,-0.008018203063433087 -0.0012741207944178016 0.5714286247684391 0.0006987596769096807,0.8 -1.2 2.0 0.5
arm,1052,0.995388812339669 -0.5742780071729844 1.2014187323379797 0.847931143062014,-0.008022741135089858 -0.001272853480912142 0.5714286247476256 0.0007069400013932023,0.8 -1.2 2.0 0.5
arm,1053,0.9953727626121548 -0.5742805496279563 1.2025615895873667 0.8479325726703433,-0.008024863757115515 -0.0012712274859285658 0.5714286246934608 0.0007148041646118284,0.8 -1.2 2.0 0.5
arm,1054,0.9953567134128583 -0.5742830881232304 1.2037044468365796 0.847934017377688,-0.008024599648257531 -0.0012692476370548844 0.571428624606487 0.0007223536723874187,0.8 -1.2 2.0 0.5
arm,1055,0.9953406694570968 -0.5742856219608448 1.204847304085554 0.8479354765579047,-0.008021977880720036 -0.001266918807192465 0.5714286244872797 0.0007295901083179703,0.8 -1.2 2.0 0.5
arm,1056,0.9953246354013622 -0.5742881504526699 1.205990161334227 0.8479369495881695,-0.008017027867306806 -0.0012642459125815529 0.5714286243364456 0.0007365151323926231,0.8 -1.2 2.0 0.5
arm,1057,0.995308615842665 -0.5742906729204916 1.2071330185825362 0.8479384358491286,-0.008009779348619881 -0.0012612339108398016 0.5714286241546213 0.0007431304795953539,0.8 -1.2 2.0 0.5
arm,1058,0.9952926153179044 -0.5742931886960897 1.208275875830421 0.8479399347250457,-0.008000262380317811 -0.0012578877990104562 0.5714286239424705 0.0007494379584975533,0.8 -1.2 2.0 0.5
arm,1059,0.9952766383032635 -0.5742956971213129 1.2094187330778223 0.8479414456039454,-0.007988507320435335 -0.001254212611625224 0.5714286237006838 0.0007554394498408061,0.8 -1.2 2.0 0.5
arm,1060,0.99526068921363 -0.5742981975481505 1.2105615903246822 0.8479429678777556,-0.007974544816768816 -0.0012502134187777705 0.5714286234299755 0.0007611369051100474,0.8 -1.2 2.0 0.5
arm,1061,0.9952447724020413 -0.5743006893387989 1.2117044475709444 0.8479445009424458,-0.007958405794330188 -0.001245895324209111 0.5714286231310828 0.000766532345097749,0.8 -1.2 2.0 0.5
arm,1062,0.9952288921591556 -0.5743031718657257 1.212847304816554 0.8479460441981627,-0.0079401214428711 -0.0012412634634084586 0.5714286228047641 0.0007716278584602877,0.8 -1.2 2.0 0.5
arm,1063,0.9952130527127466 -0.5743056445117292 1.2139901620614577 0.8479475970493632,-0.007919723204481411 -0.0012363230017262536 0.5714286224517974 0.000776425600266647,0.8 -1.2 2.0 0.5
arm,1064,0.995197258227224 -0.5743081066699942 1.2151330193056036 0.8479491589049443,-0.007897242761264151 -0.001231079132501443 0.5714286220729778 0.0007809277905404152,0.8 -1.2 2.0 0.5
arm,1065,0.9951815128031779 -0.5743105577441446 1.2162758765489419 0.8479507291783699,-0.007872712023089697 -0.0012255370752034473 0.571428621669117 0.0007851367127957196,0.8 -1.2 2.0 0.5
arm,1066,0.995165820476947 -0.5743129971482918 1.217418733791424 0.847952307287795,-0.007846163115431837 -0.001219702073588978 0.5714286212410413 0.0007890547125675933,0.8 -1.2 2.0 0.5
arm,1067,0.9951501852202125 -0.5743154243070795 1.2185615910330032 0.8479538926561869,-0.007817628367288585 -0.0012135793938733749 0.5714286207895897 0.0007926841959376492,0.8 -1.2 2.0 0.5
arm,1068,0.9951346109396141 -0.5743178386557253 1.2197044482736343 0.847955484711443,-0.007787140299190058 -0.0012071743229170309 0.5714286203156131 0.0007960276280554231,0.8 -1.2 2.0 0.5
arm,1069,0.9951191014763915 -0.5743202396400582 1.2208473055132743 0.8479570828865063,-0.007754731611295615 -0.0012004921664290247 0.5714286198199725 0.0007990875316563664,0.8 -1.2 2.0 0.5
arm,1070,0.9951036606060483 -0.5743226267165525 1.2219901627518812 0.8479586866194775,-0.007720435171583482 -0.0011935382471845966 0.5714286193035372 0.0008018664855767932,0.8 -1.2 2.0 0.5
arm,1071,0.9950882920380401 -0.574324999352359 1.2231330199894155 0.847960295353724,-0.00768428400413352 -0.0011863179032634266 0.5714286187671834 0.0008043671232668535,0.8 -1.2 2.0 0.5
arm,1072,0.995072999415485 -0.5743273570253317 1.224275877225839 0.8479619085379866,-0.007646311277508597 -0.0011788364862978828 0.5714286182117935 0.0008065921313014685,0.8 -1.2 2.0 0.5
arm,1073,0.9950577863148985 -0.5743296992240512 1.2254187344611156 0.8479635256264824,-0.0076065502932327455 -0.0011710993597449846 0.5714286176382537 0.000808544247890585,0.8 -1.2 2.0 0.5
arm,1074,0.9950426562459498 -0.5743320254478456 1.2265615916952106 0.8479651460790052,-0.0075650344743719376 -0.0011631118971712135 0.5714286170474538 0.0008102262613889016,0.8 -1.2 2.0 0.5
arm,1075,0.9950276126512414 -0.5743343352068067 1.2277044489280913 0.8479667693610228,-0.007521797354217193 -0.0011548794805576142 0.571428616440285 0.0008116410088057661,0.8 -1.2 2.0 0.5
arm,1076,0.9950126589061112 -0.5743366280218039 1.2288473061597265 0.8479683949437714,-0.007476872565073066 -0.0011464074986220244 0.5714286158176388 0.0008127913743160172,0.8 -1.2 2.0 0.5
arm,1077,0.9949977983184569 -0.5743389034244941 1.2299901633900874 0.8479700223043469,-0.007430293827154264 -0.0011377013451575344 0.5714286151804064 0.0008136802877719018,0.8 -1.2 2.0 0.5
arm,1078,0.9949830341285817 -0.5743411609573289 1.2311330206191464 0.8479716509257934,-0.007382094937590591 -0.0011287664173922972 0.5714286145294767 0.0008143107232172128,0.8 -1.2 2.0 0.5
arm,1079,0.9949683695090626 -0.5743434001735577 1.2322758778468779 0.8479732802971882,-0.007332309759543363 -0.0011196081143667015 0.5714286138657353 0.0008146856974038557,0.8 -1.2 2.0 0.5
arm,1080,0.9949538075646398 -0.5743456206372284 1.233418735073258 0.8479749099137248,-0.007280972211434987 -0.0011102318353295398 0.5714286131900638 0.0008148082683115664,0.8 -1.2 2.0 0.5
arm,1081,0.9949393513321272 -0.5743478219231847 1.2345615922982647 0.8479765392767922,-0.007228116256293223 -0.001100642978153901 0.5714286125033383 0.0008146815336711914,0.8 -1.2 2.0 0.5
arm,1082,0.9949250037803448 -0.5743500036170602 1.2357044495218776 0.8479781678940511,-0.007173775891212063 -0.0010908469377719106 0.5714286118064288 0.0008143086294922044,0.8 -1.2 2.0 0.5
arm,1083,0.9949107678100709 -0.5743521653152694 1.236847306744078 0.8479797952795083,-0.00711798513693136 -0.0010808491046281003 0.5714286111001975 0.0008136927285948108,0.8 -1.2 2.0 0.5
arm,1084,0.9948966462540159 -0.5743543066249958 1.237990163964849 0.8479814209535865,-0.007060778027535265 -0.0010706548631558236 0.5714286103854984 0.0008128370391475349,0.8 -1.2 2.0 0.5
arm,1085,0.9948826418768153 -0.5743564271641763 1.2391330211841753 0.847983044443193,-0.007002188600273269 -0.0010602695902701277 0.5714286096631765 0.0008117448032103156,0.8 -1.2 2.0 0.5
arm,1086,0.9948687573750443 -0.5743585265614841 1.2402758784020436 0.8479846652817835,-0.006942250885503478 -0.0010496986538831754 0.5714286089340663 0.0008104192952840433,0.8 -1.2 2.0 0.5
arm,1087,0.9948549953772508 -0.574360604456307 1.2414187356184416 0.8479862830094252,-0.006880998896761032 -0.0010389474114385034 0.5714286081989913 0.0008088638208666839,0.8 -1.2 2.0 0.5
arm,1088,0.9948413584440089 -0.574362660498724 1.242561592833359 0.8479878971728553,-0.006818466620951177 -0.0010280212084687083 0.5714286074587634 0.0008070817150169409,0.8 -1.2 2.0 0.5
arm,1089,0.9948278490679916 -0.5743646943494783 1.2437044500467875 0.8479895073255371,-0.006754688008671283 -0.0010169253771698194 0.5714286067141815 0.0008050763409251834,0.8 -1.2 2.0 0.5
arm,1090,0.9948144696740623 -0.5743667056799483 1.2448473072587196 0.8479911130277141,-0.006689696964659469 -0.0010056652350012402 0.5714286059660315 0.0008028510884930686,0.8 -1.2 2.0 0.5
arm,1091,0.9948012226193855 -0.5743686941721149 1.2459901644691498 0.84799271384646,-0.006623527338374938 -0.000994246083301888 0.571428605215085 0.0008004093729212905,0.8 -1.2 2.0 0.5
arm,1092,0.9947881101935561 -0.5743706595185267 1.247133021678074 0.8479943093557266,-0.006556212914707388 -0.0009826732059328113 0.5714286044620993 0.0007977546333068946,0.8 -1.2 2.0 0.5
arm,1093,0.9947751346187464 -0.5743726014222627 1.2482758788854897 0.8479958991363891,-0.006487787404820139 -0.0009709518679365835 0.5714286037078159 0.0007948903312496899,0.8 -1.2 2.0 0.5
arm,1094,0.9947622980498722 -0.5743745195968911 1.2494187360913958 0.847997482776288,-0.006418284437125549 -0.0009590873142207352 0.5714286029529607 0.0007918199494688355,0.8 -1.2 2.0 0.5
arm,1095,0.9947496025747754 -0.5743764137664277 1.2505615932957923 0.8479990598702688,-0.006347737548394456 -0.0009470847682636082 0.5714286021982432 0.0007885469904297781,0.8 -1.2 2.0 0.5
arm,1096,0.9947370502144254 -0.5743782836652893 1.251704450498681 0.8480006300202187,-0.006276180175001511 -0.0009349494308401738 0.5714286014443558 0.0007850749749817983,0.8 -1.2 2.0 0.5
arm,1097,0.9947246429231368 -0.5743801290382469 1.2528473077000648 0.8480021928351008,-0.006203645644306318 -0.0009226864787701334 0.5714286006919734 0.0007814074410067689,0.8 -1.2 2.0 0.5
arm,1098,0.9947123825888045 -0.5743819496403743 1.2539901648999483 0.848003747930985,-0.006130167166171406 -0.0009103010636891851 0.5714285999417537 0.0007775479420794761,0.8 -1.2 2.0 0.5
arm,1099,0.9947002710331552 -0.574383745236996 1.255133022098337 0.8480052949310772,-0.006055777824618789 -0.0008977983108398158 0.5714285991943353 0.0007735000461396771,0.8 -1.2 2.0 0.5
arm,1100,0.994688310012016 -0.5743855156036317 1.2562758792952378 0.8480068334657456,-0.005980510569623777 -0.0008851833178883996 0.5714285984503389 0.0007692673341766557,0.8 -1.2 2.0 0.5
arm,1101,0.9946765012155979 -0.5743872605259392 1.2574187364906584 0.8480083631725435,-0.0059043982090493715 -0.0008724611537613304 0.5714285977103658 0.0007648533989260485,0.8 -1.2 2.0 0.5
arm,1102,0.9946648462687965 -0.5743889797996543 1.2585615936846084 0.8480098836962306,-0.005827473400720318 -0.0008596368575038157 0.5714285969749984 0.0007602618435797878,0.8 -1.2 2.0 0.5
arm,1103,0.9946533467315072 -0.5743906732305286 1.259704450877098 0.8480113946887917,-0.005749768644637617 -0.0008467154371621892 0.5714285962447996 0.0007554962805092492,0.8 -1.2 2.0 0.5
arm,1104,0.9946420040989565 -0.574392340634266 1.2608473080681386 0.8480128958094517,-0.00567131627533398 -0.0008337018686895825 0.5714285955203127 0.0007505603300019823,0.8 -1.2 2.0 0.5
arm,1105,0.9946308198020478 -0.5743939818364557 1.2619901652577428 0.8480143867246898,-0.005592148454372082 -0.0008206010948704866 0.5714285948020607 0.0007454576190122046,0.8 -1.2 2.0 0.5
arm,1106,0.9946197952077218 -0.5743955966725043 1.2631330224459238 0.8480158671082496,-0.005512297162983786 -0.0008074180242724126 0.5714285940905471 0.0007401917799254703,0.8 -1.2 2.0 0.5
arm,1107,0.9946089316193321 -0.5743971849875648 1.2642758796326963 0.8480173366411483,-0.005431794194852936 -0.0007941575302168656 0.5714285933862551 0.0007347664493378778,0.8 -1.2 2.0 0.5
arm,1108,0.994598230277034 -0.5743987466364643 1.2654187368180756 0.848018795011682,-0.005350671149040967 -0.00078082444977371 0.5714285926896476 0.0007291852668497267,0.8 -1.2 2.0 0.5
arm,1109,0.9945876923581879 -0.5744002814836299 1.266561594002078 0.8480202419154297,-0.005268959423055178 -0.0007674235827809874 0.5714285920011671 0.0007234518738745145,0.8 -1.2 2.0 0.5
arm,1110,0.9945773189777758 -0.5744017894030117 1.2677044511847204 0.8480216770552547,-0.005186690206062036 -0.0007539596908826117 0.571428591321236 0.0007175699124626136,0.8 -1.2 2.0 0.5
arm,1111,0.9945671111888313 -0.5744032702780049 1.268847308366021 0.848023100141303,-0.005103894472243485 -0.0007404374965918913 0.5714285906502563 0.0007115430241407701,0.8 -1.2 2.0 0.5
arm,1112,0.9945570699828827 -0.5744047240013697 1.2699901655459982 0.8480245108910005,-0.005020602974297185 -0.0007268616823783754 0.5714285899886092 0.0007053748487672321,0.8 -1.2 2.0 0.5
arm,1113,0.9945471962904086 -0.5744061504751492 1.2711330227246715 0.8480259090290473,-0.004936846237081809 -0.0007132368897750543 0.5714285893366564 0.0006990690234024938,0.8 -1.2 2.0 0.5
arm,1114,0.9945374909813057 -0.5744075496105863 1.272275879902061 0.8480272942874096,-0.004852654551406035 -0.0006995677185102765 0.5714285886947389 0.0006926291811963813,0.8 -1.2 2.0 0.5
arm,1115,0.9945279548653698 -0.5744089213280376 1.2734187370781873 0.8480286664053103,-0.004768057967963003 -0.0006858587256593247 0.5714285880631776 0.0006860589502911125,0.8 -1.2 2.0 0.5
arm,1116,0.994518588692787 -0.5744102655568872 1.274561594253072 0.8480300251292158,-0.00468308629140712 -0.0006721144248252729 0.5714285874422736 0.0006793619527412607,0.8 -1.2 2.0 0.5
arm,1117,0.9945093931546378 -0.5744115822354579 1.2757044514267366 0.8480313702128227,-0.004597769074578398 -0.000658339285332919 0.571428586832308 0.000672541803449704,0.8 -1.2 2.0 0.5
arm,1118,0.9945003688834121 -0.5744128713109208 1.2768473085992036 0.8480327014170409,-0.004512135612868418 -0.000644537731454052 0.5714285862335421 0.0006656021091209422,0.8 -1.2 2.0 0.5
arm,1119,0.9944915164535346 -0.574414132739204 1.277990165770496 0.8480340185099754,-0.004426214938732245 -0.0006307141416499282 0.5714285856462179 0.0006585464672309652,0.8 -1.2 2.0 0.5
arm,1120,0.9944828363819019 -0.5744153664848998 1.279133022940637 0.8480353212669054,-0.0043400358163435526 -0.0006168728478393983 0.5714285850705583 0.0006513784650143866,0.8 -1.2 2.0 0.5
arm,1121,0.9944743291284291 -0.5744165725211692 1.2802758801096505 0.8480366094702624,-0.004253626736394751 -0.000603018134686359 0.5714285845067667 0.0006441016784685815,0.8 -1.2 2.0 0.5
arm,1122,0.994465995096607 -0.574417750829647 1.2814187372775605 0.8480378829096051,-0.004167015911039477 -0.0005891542389134823 0.5714285839550284 0.0006367196713753774,0.8 -1.2 2.0 0.5
arm,1123,0.9944578346340691 -0.5744189014003442 1.2825615944443916 0.8480391413815939,-0.00408023126897964 -0.0005752853486354036 0.5714285834155092 0.0006292359943400924,0.8 -1.2 2.0 0.5
arm,1124,0.9944498480331677 -0.5744200242315497 1.2837044516101683 0.8480403846899616,-0.003993300450695848 -0.0005614156027135538 0.5714285828883574 0.0006216541838478251,0.8 -1.2 2.0 0.5
arm,1125,0.9944420355315601 -0.57442111932973 1.2848473087749157 0.8480416126454843,-0.00390625080381926 -0.0005475490901370359 0.5714285823737031 0.0006139777613379007,0.8 -1.2 2.0 0.5
arm,1126,0.9944343973128028 -0.5744221867094288 1.285990165938659 0.8480428250659489,-0.0038191093786474725 -0.000533689849421241 0.5714285818716588 0.0006062102322955204,0.8 -1.2 2.0 0.5
arm,1127,0.9944269335069552 -0.5744232263931649 1.2871330231014237 0.8480440217761196,-0.003731902923801501 -0.0005198418680313318 0.5714285813823197 0.0005983550853614845,0.8 -1.2 2.0 0.5
arm,1128,0.9944196441911911 -0.5744242384113285 1.2882758802632353 0.8480452026077026,-0.0036446578820244235 -0.0005060090818269945 0.571428580905764 0.0005904157914596942,0.8 -1.2 2.0 0.5
arm,1129,0.9944125293904189 -0.5744252228020775 1.2894187374241193 0.8480463673993084,-0.003557400386121522 -0.000492195374528413 0.5714285804420534 0.0005823958029424505,0.8 -1.2 2.0 0.5
arm,1130,0.9944055890779089 -0.574426179611232 1.2905615945841018 0.8480475159964139,-0.0034701562550405215 -0.000478404577204956 0.5714285799912333 0.0005742985527538817,0.8 -1.2 2.0 0.5
arm,1131,0.9943988231759286 -0.5744271088921675 1.2917044517432084 0.8480486482513212,-0.003382950990092414 -0.0004646404677838639 0.5714285795533333 0.0005661274536110896,0.8 -1.2 2.0 0.5
arm,1132,0.994392231556386 -0.5744280107057087 1.2928473089014652 0.8480497640231156,-0.0032958097713111575 -0.00045090677058223327 0.5714285791283675 0.0005578858972035379,0.8 -1.2 2.0 0.5
arm,1133,0.9943858140414781 -0.5744288851200204 1.2939901660588977 0.8480508631776225,-0.0032087574539522 -0.0004372071558598559 0.5714285787163351 0.0005495772534104477,0.8 -1.2 2.0 0.5
arm,1134,0.9943795704043478 -0.5744297322104992 1.2951330232155323 0.8480519455873615,-0.003121818565129485 -0.00042354523939278814 0.5714285783172205 0.0005412048695360523,0.8 -1.2 2.0 0.5
arm,1135,0.9943735003697466 -0.5744305520596633 1.2962758803713943 0.8480530111315007,-0.003035017300589529 -0.00040992458206881295 0.571428577930994 0.0005327720695631513,0.8 -1.2 2.0 0.5
arm,1136,0.9943676036147033 -0.5744313447570423 1.2974187375265096 0.8480540596958075,-0.0029483775216225566 -0.00039634868950266485 0.5714285775576118 0.0005242821534244528,0.8 -1.2 2.0 0.5
arm,1137,0.9943618797691991 -0.5744321103990656 1.2985615946809037 0.8480550911726,-0.0028619227521091218 -0.00038282101167408914 0.5714285771970173 0.0005157383962921844,0.8 -1.2 2.0 0.5
arm,1138,0.9943563284168477 -0.5744328490889508 1.299704451834602 0.8480561054606958,-0.002775676175702422 -0.0003693449425844161 0.5714285768491406 0.0005071440478855493,0.8 -1.2 2.0 0.5
arm,1139,0.9943509490955814 -0.5744335609365906 1.3008473089876298 0.8480571024653594,-0.0026896606331443993 -0.00035592381993558456 0.5714285765138993 0.0004985023317962546,0.8 -1.2 2.0 0.5
arm,1140,0.994345741298342 -0.5744342460584403 1.3019901661400122 0.8480580820982491,-0.0026038986197156415 -0.0003425609248289935 0.5714285761911992 0.000489816444831971,0.8 -1.2 2.0 0.5
arm,1141,0.9943407044737763 -0.5744349045774032 1.303133023291774 0.8480590442773618,-0.002518412282817951 -0.000329259481484072 0.5714285758809345 0.00048108955637769026,0.8 -1.2 2.0 0.5
arm,1142,0.9943358380269369 -0.5744355366227172 1.30427588044294 0.8480599889269773,-0.00243322341968828 -0.00031602265697795837 0.5714285755829877 0.0004723248077750583,0.8 -1.2 2.0 0.5
arm,1143,0.9943311413199865 -0.5744361423298392 1.3054187375935344 0.8480609159776008,-0.002348353475244441 -0.00030285356100251545 0.5714285752972313 0.00046352531171923604,0.8 -1.2 2.0 0.5
arm,1144,0.9943266136729063 -0.5744367218403305 1.3065615947435816 0.8480618253659041,-0.0022638235400587077 -0.00028975524564659556 0.5714285750235275 0.0004546941516739326,0.8 -1.2 2.0 0.5
arm,1145,0.9943222543642094 -0.5744372753017408 1.3077044518931051 0.8480627170346667,-0.002179654348462373 -0.00027673070519179264 0.5714285747617287 0.0004458343813037529,0.8 -1.2 2.0 0.5
arm,1146,0.9943180626316559 -0.5744378028674927 1.3088473090421284 0.8480635909327146,-0.00209586627677664 -0.0002637828759318185 0.5714285745116778 0.00043694902392442625,0.8 -1.2 2.0 0.5
arm,1147,0.9943140376729726 -0.5744383046967647 1.3099901661906748 0.8480644470148585,-0.0020124793416713208 -0.00025091463600826627 0.571428574273209 0.0004280410719702817,0.8 -1.2 2.0 0.5
arm,1148,0.9943101786465752 -0.5744387809543753 1.311133023338767 0.8480652852418314,-0.0019295131986484923 -0.00023812880526783673 0.5714285740461481 0.00041911348647942964,0.8 -1.2 2.0 0.5
arm,1149,0.9943064846722939 -0.5744392318106656 1.3122758804864276 0.8480661055802247,-0.0018469871406508569 -0.00022542814513787308 0.5714285738303131 0.0004101691965963029,0.8 -1.2 2.0 0.5
arm,1150,0.9943029548321003 -0.5744396574413826 1.3134187376336786 0.8480669080024228,-0.0017649200967940885 -0.00021281535851983322 0.5714285736255142 0.00040121109909127143,0.8 -1.2 2.0 0.5
arm,1151,0.9942995881708379 -0.574440058027562 1.3145615947805416 0.8480676924865386,-0.0016833306312214157 -0.00020029308970124493 0.571428573431555 0.00039224205789750185,0.8 -1.2 2.0 0.5
arm,1152,0.9942963836969537 -0.5744404337554107 1.315704451927038 0.8480684590163459,-0.0016022369420792687 -0.00018786392428656973 0.5714285732482323 0.00038326490366494574,0.8 -1.2 2.0 0.5
arm,1153,0.9942933403832325 -0.574440784816189 1.3168473090731887 0.8480692075812125,-0.001521656860613016 -0.00017553038914650627 0.5714285730753367 0.00037428243333114937,0.8 -1.2 2.0 0.5
arm,1154,0.9942904571675317 -0.5744411114060938 1.317990166219014 0.8480699381760319,-0.0014416078503817424 -0.00016329495238410742 0.5714285729126533 0.0003652974097090123,0.8 -1.2 2.0 0.5
arm,1155,0.9942877329535186 -0.5744414137261404 1.319133023364534 0.8480706508011541,-0.0013621070065903415 -0.00015116002332036377 0.5714285727599615 0.00035631256109122325,0.8 -1.2 2.0 0.5
arm,1156,0.9942851666114075 -0.5744416919820454 1.320275880509768 0.8480713454623158,-0.00128317105553866 -0.00013912795249468576 0.5714285726170364 0.00034733058087114174,0.8 -1.2 2.0 0.5
arm,1157,0.9942827569786992 -0.5744419463841088 1.3214187376547353 0.8480720221705701,-0.001204816354185198 -0.000127201031684999 0.5714285724836484 0.0003383541271802806,0.8 -1.2 2.0 0.5
arm,1158,0.9942805028609195 -0.5744421771470968 1.3225615947994545 0.8480726809422152,-0.001127058889825069 -0.00011538149394360547 0.5714285723595641 0.0003293858225420342,0.8 -1.2 2.0 0.5
arm,1159,0.9942784030323597 -0.5744423844901241 1.3237044519439436 0.8480733217987223,-0.001049914279880195 -0.00010367151365098071 0.5714285722445464 0.00032042825354161326,0.8 -1.2 2.0 0.5
arm,1160,0.9942764562368162 -0.5744425686365372 1.3248473090882202 0.8480739447666633,-0.0009733977718010481 -9.207320658568522e-05 0.5714285721383547 0.00031148397051207976,0.8 -1.2 2.0 0.5
arm,1161,0.99427466118833 -0.5744427298137972 1.3259901662323017 0.8480745498776378,-0.0008975242430782948 -8.058863001053759e-05 0.5714285720407464 0.00030255548723614036,0.8 -1.2 2.0 0.5
arm,1162,0.9942730165719272 -0.5744428682533628 1.3271330233762046 0.848075137168199,-0.0008223082013632912 -6.921978277463302e-05 0.5714285719514755 0.0002936452806636926,0.8 -1.2 2.0 0.5
arm,1163,0.9942715210443579 -0.5744429841905736 1.3282758805199453 0.8480757066797804,-0.000747763784695845 -5.79686054311029e-05 0.5714285718702947 0.00028475579064495064,0.8 -1.2 2.0 0.5
arm,1164,0.9942701732348342 -0.5744430778645343 1.3294187376635391 0.8480762584586198,-0.0006739047618367075 -4.6836980374372826e-05 0.5714285717969548 0.00027588941967925893,0.8 -1.2 2.0 0.5
arm,1165,0.9942689717457688 -0.5744431495179982 1.3305615948070015 0.8480767925556851,-0.0006007445327064422 -3.5826731987211776e-05 0.5714285717312054 0.0002670485326788107,0.8 -1.2 2.0 0.5
arm,1166,0.994267915153511 -0.5744431993972519 1.3317044519503471 0.8480773090265986,-0.0005282961289262896 -2.4939626806039384e-05 0.5714285716727951 0.0002582354567476412,0.8 -1.2 2.0 0.5
arm,1167,0.994267002009082 -0.5744432277519993 1.3328473090935902 0.8480778079315605,-0.0004565722144607598 -1.4177373702141106e-05 0.5714285716214721 0.00024945248097562743,0.8 -1.2 2.0 0.5
arm,1168,0.9942662308389093 -0.5744432348352474 1.3339901662367442 0.848078289335273,-0.0003855850863607523 -3.5416240758803682e-06 0.5714285715769839 0.00024070185624714907,0.8 -1.2 2.0 0.5
arm,1169,0.9942656001455581 -0.5744432209031916 1.3351330233798222 0.8480787533068631,-0.00031534667560505913 6.966027932443951e-06 0.5714285715390787 0.00023198579506446133,0.8 -1.2 2.0 0.5
arm,1170,0.994265108408462 -0.5744431862151012 1.3362758805228372 0.8480791999198058,-0.00024586854804048273 1.7344045221284422e-05 0.5714285715075044 0.0002233064713853003,0.8 -1.2 2.0 0.5
arm,1171,0.9942647540846512 -0.5744431310332062 1.337418737665801 0.8480796292518468,-0.0001771619054159242 2.7590947486936313e-05 0.5714285714820101 0.00021466602047511511,0.8 -1.2 2.0 0.5
arm,1172,0.9942645356094781 -0.5744430556225842 1.3385615948087257 0.8480800413849243,-0.00010923758651283375 3.770531097379993e-05 0.5714285714623462 0.0002060665387729771,0.8 -1.2 2.0 0.5
arm,1173,0.9942644513973414 -0.5744429602510478 1.3397044519516224 0.8480804364050919,-4.2106068366927645e-05 4.768576820629343e-05 0.5714285714482635 0.00019751008377172333,0.8 -1.2 2.0 0.5
arm,1174,0.9942644998424063 -0.5744428451890323 1.3408473090945014 0.8480808144024398,2.4222532416706344e-05 5.7531007713302756e-05 0.5714285714395152 0.00018899867391154718,0.8 -1.2 2.0 0.5
arm,1175,0.9942646793193228 -0.5744427107094848 1.3419901662373732 0.8480811754710167,8.973845826039303e-05 6.723977373338304e-05 0.571428571435856 0.00018053428848733213,0.8 -1.2 2.0 0.5
arm,1176,0.994264988183941 -0.574442557087753 1.3431330233802472 0.8480815197087518,0.00015443230912113784 7.681086591063184e-05 0.5714285714370426 0.00017211886756934443,0.8 -1.2 2.0 0.5
arm,1177,0.9942654247740229 -0.5744423846014751 1.344275880523133 0.8480818472173757,0.00021829504091090717 8.624313897777633e-05 0.5714285714428344 0.00016375431193688846,0.8 -1.2 2.0 0.5
arm,1178,0.9942659874099505 -0.5744421935304703 1.345418737666039 0.8480821581023418,0.00028131796383218583 9.553550242431714e-05 0.5714285714529929 0.00015544248302517703,0.8 -1.2 2.0 0.5
arm,1179,0.9942666743954318 -0.5744419841566301 1.3465615948089735 0.8480824524727475,0.00034349274062900776 0.00010468692015543483 0.5714285714672827 0.00014718520288495643,0.8 -1.2 2.0 0.5
arm,1180,0.9942674840182013 -0.5744417567638098 1.3477044519519445 0.8480827304412558,0.00040481138475568904 0.00011369641013754225 0.5714285714854715 0.00013898425415467355,0.8 -1.2 2.0 0.5
arm,1181,0.9942684145507182 -0.5744415116377217 1.3488473090949593 0.8480829921240159,0.000465266258464737 0.00012256304403285016 0.5714285715073303 0.0001308413800450021,0.8 -1.2 2.0 0.5
arm,1182,0.9942694642508598 -0.574441249065828 1.3499901662380245 0.8480832376405846,0.0005248500708159116 0.00013128594682099463 0.5714285715326333 0.00012275828433585986,0.8 -1.2 2.0 0.5
arm,1183,0.9942706313626111 -0.5744409693372352 1.3511330233811467 0.8480834671138473,0.0005835558756068428 0.00013986429641141022 0.5714285715611582 0.00011473663138515373,0.8 -1.2 2.0 0.5
arm,1184,0.9942719141167495 -0.5744406727425887 1.352275880524332 0.8480836806699396,0.0006413770692275401 0.00014829732324490147 0.571428571592687 0.00010677804614949949,0.8 -1.2 2.0 0.5
arm,1185,0.9942733107315264 -0.5744403595739689 1.353418737667586 0.848083878438168,0.0006983073884412033 0.00015658430988153247 0.5714285716270054 9.888411421673156e-05,0.8 -1.2 2.0 0.5
arm,1186,0.9942748194133425 -0.5744400301247877 1.3545615948109138 0.8480840605509317,0.0007543409080908747 0.0001647245905811984 0.5714285716639034 9.105638184963349e-05,0.8 -1.2 2.0 0.5
arm,1187,0.99427643835742 -0.574439684689686 1.3557044519543202 0.8480842271436437,0.0008094720387346943 0.00017271755087387952 0.5714285717031746 8.329635604106787e-05,0.8 -1.2 2.0 0.5
arm,1188,0.9942781657484684 -0.5744393235644317 1.3568473090978095 0.8480843783546529,0.000863695524212134 0.00018056262711725125 0.5714285717446179 7.560550458021454e-05,0.8 -1.2 2.0 0.5
arm,1189,0.9942799997613466 -0.5744389470458197 1.3579901662413856 0.8480845143251652,0.0009170064391410025 0.00018825930604700022 0.5714285717880362 6.798525612962967e-05,0.8 -1.2 2.0 0.5
arm,1190,0.9942819385617193 -0.5744385554315711 1.359133023385052 0.8480846351991658,0.0009694001863471862 0.00019580712431896134 0.571428571833237 6.0437000312855e-05,0.8 -1.2 2.0 0.5
arm,1191,0.9942839803067077 -0.574438149020235 1.3602758805288122 0.8480847411233414,0.0010208724942305754 0.000203205668037983 0.571428571880033 5.296208781284852e-05,0.8 -1.2 2.0 0.5
arm,1192,0.9942861231455359 -0.5744377281110905 1.3614187376726687 0.8480848322470024,0.0010714194140664353 0.00021045457228057867 0.5714285719282414 4.556183048043534e-05,0.8 -1.2 2.0 0.5
arm,1193,0.9942883652201704 -0.5744372930040493 1.362561594816624 0.8480849087220053,0.0011210373172443981 0.00021755352060923194 0.5714285719776843 3.823750145292175e-05,0.8 -1.2 2.0 0.5
arm,1194,0.9942907046659553 -0.5744368439995602 1.3637044519606805 0.8480849707026759,0.0011697228924473476 0.00022450224457742782 0.571428572028189 3.0990335282686515e-05,0.8 -1.2 2.0 0.5
arm,1195,0.9942931396122408 -0.5744363813985137 1.3648473091048396 0.848085018345732,0.001217473142771416 0.00023130052322598596 0.5714285720795877 2.3821528075432206e-05,0.8 -1.2 2.0 0.5
arm,1196,0.9942956681830063 -0.5744359055021486 1.3659901662491032 0.8480850518102073,0.0012642853827880432 0.00023794818257301284 0.5714285721317179 1.6732237637925185e-05,0.8 -1.2 2.0 0.5
arm,1197,0.9942982884974774 -0.5744354166119584 1.367133023393472 0.8480850712573746,0.001310157235550444 0.0002444450950953534 0.5714285721844224 9.723583635160152e-06,0.8 -1.2 2.0 0.5
arm,1198,0.9943009986707365 -0.5744349150296 1.3682758805379471 0.8480850768506701,0.0013550866295465249 0.00025079117920031945 0.571428572237549 2.796647756684337e-06,0.8 -1.2 2.0 0.5
arm,1199,0.9943037968143277 -0.5744344010568025 1.369418737682529 0.848085068755618,0.0013990717955971628 0.0002569863986960206 0.5714285722909507 -4.047526108375583e-06,0.8 -1.2 2.0 0.5
arm,1200,0.994306681036855 -0.5744338749952781 1.370561594827218 0.8480850471397546,0.001442111263705484 0.00026303076224796124 0.5714285723444861 -1.0807931687167293e-05,0.8 -1.2 2.0 0.5
arm,1201,0.9943096494445748 -0.5744333371466325 1.371704451972014 0.8480850121725544,0.0014842038598544861 0.00026892432283499466 0.5714285723980188 -1.7483600130744424e-05,0.8 -1.2 2.0 0.5
arm,1202,0.9943127001419803 -0.5744327878122781 1.3728473091169169 0.8480849640253547,0.0015253487027585648 0.00027466717719302114 0.5714285724514182 -2.4073599812981372e-05,0.8 -1.2 2.0 0.5
arm,1203,0.9943158312323814 -0.5744322272933476 1.373990166261926 0.8480849028712825,0.0015655452005666787 0.00028025946525742453 0.5714285725045585 -3.057703612161217e-05,0.8 -1.2 2.0 0.5
arm,1204,0.9943190408184764 -0.5744316558906084 1.3751330234070407 0.84808482888518,0.001604793047521647 0.00028570136959641003 0.5714285725573193 -3.6993051241031874e-05,0.8 -1.2 2.0 0.5
arm,1205,0.9943223270029176 -0.5744310739043788 1.37627588055226 0.8480847422435321,0.0016430922205752062 0.000290993114840527 0.571428572609586 -4.332082392743628e-05,0.8 -1.2 2.0 0.5
arm,1206,0.9943256878888694 -0.5744304816344445 1.3774187376975824 0.8480846431243936,0.0016804429759613433 0.0002961349671060197 0.5714285726612487 -4.9559569276308186e-05,0.8 -1.2 2.0 0.5
arm,1207,0.9943291215805609 -0.5744298793799777 1.3785615948430068 0.8480845317073166,0.0017168458457293592 0.00030112723341246594 0.5714285727122033 -5.570853848236822e-05,0.8 -1.2 2.0 0.5
arm,1208,0.9943326261838293 -0.5744292674394555 1.3797044519885315 0.8480844081732793,0.0017523016342377551 0.00030597026109584804 0.5714285727623504 -6.176701859231587e-05,0.8 -1.2 2.0 0.5
arm,1209,0.9943361998066585 -0.5744286461105811 1.3808473091341547 0.8480842727046148,0.001786811414610625 0.00031066443721680285 0.5714285728115962 -6.773433225054243e-05,0.8 -1.2 2.0 0.5
arm,1210,0.9943398405597089 -0.5744280156902052 1.3819901662798744 0.8480841254849399,0.001820376525158716 0.00031521018796276776 0.5714285728598519 -7.360983743774272e-05,0.8 -1.2 2.0 0.5
arm,1211,0.9943435465568404 -0.5744273764742491 1.3831330234256884 0.8480839666990856,0.001852998565764355 0.00031960797805084823 0.5714285729070342 -7.93929272032061e-05,0.8 -1.2 2.0 0.5
arm,1212,0.9943473159156289 -0.5744267287576289 1.3842758805715947 0.8480837965330268,0.0018846793942355255 0.00032385831011955916 0.5714285729530639 -8.508302939012911e-05,0.8 -1.2 2.0 0.5
arm,1213,0.9943511467578741 -0.5744260728341807 1.3854187377175904 0.848083615173814,0.0019154211226270362 0.00032796172412156706 0.5714285729978679 -9.067960635475778e-05,0.8 -1.2 2.0 0.5
arm,1214,0.9943550372101011 -0.5744254089965872 1.3865615948636731 0.8480834228095047,0.0019452261135317406 0.00033191879671209425 0.5714285730413772 -9.618215467945508e-05,0.8 -1.2 2.0 0.5
arm,1215,0.9943589854040538 -0.574424737536306 1.3877044520098403 0.8480832196290949,0.0019740969763439964 0.00033573014063127395 0.5714285730835281 -0.0001015902048794887,0.8 -1.2 2.0 0.5
arm,1216,0.9943629894771807 -0.5744240587434978 1.388847309156089 0.8480830058224528,0.0020020365634947947 0.000339396404087319 0.5714285731242617 -0.00010690332110425152,0.8 -1.2 2.0 0.5
arm,1217,0.994367047573114 -0.5744233729069576 1.389990166302416 0.8480827815802511,0.0020290479666616235 0.0003429182701347257 0.5714285731635236 -0.00011212110083269946,0.8 -1.2 2.0 0.5
arm,1218,0.9943711578421399 -0.5744226803140454 1.3911330234488184 0.848082547093902,0.0020551345129545214 0.00034629645604860947 0.5714285732012638 -0.00011724317456319367,0.8 -1.2 2.0 0.5
arm,1219,0.994375318441662 -0.57442198125062 1.3922758805952933 0.848082302555491,0.00208029976107908 0.0003495317126973057 0.5714285732374378 -0.00012226920549808306,0.8 -1.2 2.0 0.5
arm,1220,0.994379527536657 -0.5744212760009723 1.3934187377418372 0.8480820481577126,0.0021045474974771246 0.00035262482391449875 0.5714285732720044 -0.00012719888922329845,0.8 -1.2 2.0 0.5
arm,1221,0.9943837833001219 -0.5744205648477605 1.394561594888447 0.8480817840938059,0.002127881732448374 0.00035557660586653405 0.5714285733049272 -0.0001320319533826706,0.8 -1.2 2.0 0.5
arm,1222,0.9943880839135144 -0.5744198480719477 1.3957044520351194 0.8480815105574911,0.002150306696252739 0.0003583879064199069 0.5714285733361744 -0.00013676815734759806,0.8 -1.2 2.0 0.5
arm,1223,0.9943924275671848 -0.5744191259527387 1.3968473091818507 0.8480812277429074,0.002171826835195266 0.0003610596045067448 0.5714285733657181 -0.00014140729188207536,0.8 -1.2 2.0 0.5
arm,1224,0.9943968124608003 -0.5744183987675198 1.3979901663286378 0.8480809358445498,0.0021924468076961333 0.00036359260948603026 0.571428573393534 -0.00014594917880299594,0.8 -1.2 2.0 0.5
arm,1225,0.9944012368037609 -0.5744176667917987 1.399133023475477 0.8480806350572085,0.002212171480344405 0.0003659878605085273 0.5714285734196026 -0.0001503936706363743,0.8 -1.2 2.0 0.5
arm,1226,0.9944056988156088 -0.574416930299147 1.400275880622365 0.848080325575908,0.002231005923939976 0.00036824632587590484 0.5714285734439076 -0.00015474065026919594,0.8 -1.2 2.0 0.5
arm,1227,0.9944101967264278 -0.5744161895611422 1.401418737769298 0.8480800075958468,0.002248955409522204 0.0003703690024032959 0.5714285734664367 -0.00015899003059741004,0.8 -1.2 2.0 0.5
arm,1228,0.9944147287772366 -0.5744154448473126 1.4025615949162722 0.8480796813123385,0.0022660254043892956 0.00037235691477723433 0.5714285734871811 -0.0001631417541698495,0.8 -1.2 2.0 0.5
arm,1229,0.9944192932203728 -0.5744146964250827 1.4037044520632844 0.8480793469207528,0.002282221568107134 0.00037421111491591863 0.5714285735061356 -0.00016719579282861613,0.8 -1.2 2.0 0.5
arm,1230,0.9944238883198698 -0.5744139445597201 1.404847309210331 0.8480790046164581,0.0022975497485105607 0.0003759326813285847 0.5714285735232985 -0.0001711521473457762,0.8 -1.2 2.0 0.5
arm,1231,0.9944285123518253 -0.5744131895142831 1.4059901663574084 0.8480786545947641,0.0023120159776982936 0.00037752271847322973 0.5714285735386709 -0.0001750108470566213,0.8 -1.2 2.0 0.5
arm,1232,0.9944331636047613 -0.5744124315495709 1.407133023504513 0.8480782970508651,0.002325626468021374 0.0003789823561168932 0.5714285735522576 -0.00017877194948982044,0.8 -1.2 2.0 0.5
arm,1233,0.9944378403799774 -0.5744116709240735 1.408275880651641 0.8480779321797851,0.0023383876080680364 0.0003803127486947607 0.5714285735640664 -0.00018243553999429616,0.8 -1.2 2.0 0.5
arm,1234,0.9944425409918947 -0.5744109078939242 1.4094187377987892 0.8480775601763224,0.0023503059586453233 0.00038151507466971656 0.5714285735741079 -0.0001860017313631602,0.8 -1.2 2.0 0.5
arm,1235,0.9944472637683922 -0.5744101427128524 1.410561594945954 0.8480771812349955,0.002361388248758872 0.0003825905358930699 0.5714285735823952 -0.00018947066345484918,0.8 -1.2 2.0 0.5
arm,1236,0.9944520070511353 -0.5744093756321385 1.411704452093132 0.8480767955499899,0.002371641371591677 0.00038354035696689103 0.5714285735889446 -0.000192842502811619,0.8 -1.2 2.0 0.5
arm,1237,0.9944567691958963 -0.5744086069005693 1.4128473092403195 0.8480764033151054,0.0023810723804838234 0.00038436578460656533 0.5714285735937746 -0.0001961174422754229,0.8 -1.2 2.0 0.5
arm,1238,0.9944615485728662 -0.5744078367643952 1.4139901663875134 0.8480760047237041,0.0023896884849141983 0.00038506808700358925 0.5714285735969064 -0.0001992957006012931,0.8 -1.2 2.0 0.5
arm,1239,0.9944663435669592 -0.5744070654672888 1.4151330235347102 0.84807559996866,0.0023974970464844926 0.00038564855319119266 0.5714285735983634 -0.0002023775220686736,0.8 -1.2 2.0 0.5
arm,1240,0.994471152578109 -0.574406293250304 1.4162758806819065 0.8480751892423078,0.0024045055749076084 0.000386108492411199 0.5714285735981713 -0.00020536317609043153,0.8 -1.2 2.0 0.5
arm,1241,0.9944759740215571 -0.574405520351837 1.4174187378290992 0.8480747727363942,0.0024107217240007836 0.0003864492334831946 0.5714285735963579 -0.0002082529568200158,0.8 -1.2 2.0 0.5
arm,1242,0.9944808063281324 -0.5744047470075887 1.418561594976285 0.8480743506420287,0.0024161532876857913 0.0003866721241737016 0.571428573592953 -0.00021104718275656448,0.8 -1.2 2.0 0.5
arm,1243,0.9944856479445244 -0.5744039734505275 1.419704452123461 0.848073923149636,0.0024208081959957127 0.0003867785305696139 0.5714285735879879 -0.00021374619634843015,0.8 -1.2 2.0 0.5
arm,1244,0.9944904973335467 -0.5744031999108546 1.420847309270624 0.8480734904489089,0.0024246945110905195 0.0003867698364524666 0.5714285735814963 -0.00021635036359505378,0.8 -1.2 2.0 0.5
arm,1245,0.9944953529743932 -0.5744024266159693 1.421990166417771 0.8480730527287617,0.002427820423282168 0.00038664744267599113 0.5714285735735132 -0.00021886007364739932,0.8 -1.2 2.0 0.5
arm,1246,0.9945002133628873 -0.5744016537904362 1.4231330235648991 0.8480726101772849,0.002430194247070614 0.00038641276654424907 0.571428573564075 -0.00022127573840683267,0.8 -1.2 2.0 0.5
arm,1247,0.9945050770117216 -0.5744008816559538 1.4242758807120055 0.8480721629817006,0.002431824417190242 0.00038606724119673243 0.5714285735532196 -0.00022359779212316586,0.8 -1.2 2.0 0.5
arm,1248,0.994509942450691 -0.5744001104313239 1.4254187378590875 0.8480717113283186,0.002432719484670349 0.0003856123149914473 0.5714285735409863 -0.0002258266909912118,0.8 -1.2 2.0 0.5
arm,1249,0.9945148082269168 -0.5743993403324221 1.4265615950061423 0.8480712554024931,0.0024328881129087737 0.00038504945089301676 0.5714285735274156 -0.0002279629127465188,0.8 -1.2 2.0 0.5
arm,1250,0.9945196729050644 -0.5743985715721704 1.4277044521531674 0.8480707953885805,0.002432339073759598 0.00038438012586531847 0.5714285735125489 -0.00023000695626028113,0.8 -1.2 2.0 0.5
arm,1251,0.9945245350675517 -0.5743978043605099 1.4288473093001604 0.8480703314698983,0.0024310812436371433 0.0003836058302653515 0.571428573496429 -0.0002319593411334677,0.8 -1.2 2.0 0.5
arm,1252,0.994529393314751 -0.5743970389043754 1.4299901664471186 0.8480698638286838,0.002429123599636525 0.0003827280672403024 0.5714285734790989 -0.00023382060729021246,0.8 -1.2 2.0 0.5
arm,1253,0.9945342462651823 -0.5743962754076711 1.4311330235940398 0.8480693926460546,0.0024264752156707443 0.00038174835213145714 0.571428573460603 -0.00023559131457096934,0.8 -1.2 2.0 0.5
arm,1254,0.9945390925556995 -0.5743955140712473 1.4322758807409217 0.8480689181019699,0.002423145258627624 0.00038066821187717127 0.5714285734409864 -0.00023727204232485802,0.8 -1.2 2.0 0.5
arm,1255,0.9945439308416686 -0.5743947550928785 1.4334187378877623 0.8480684403751919,0.0024191429845448987 0.00037948918442322967 0.5714285734202943 -0.00023886338900211738,0.8 -1.2 2.0 0.5
arm,1256,0.9945487597971382 -0.5743939986672423 1.4345615950345594 0.8480679596432484,0.002414477734805807 0.0003782128181361071 0.5714285733985728 -0.00024036597174627696,0.8 -1.2 2.0 0.5
arm,1257,0.9945535781150029 -0.5743932449858998 1.4357044521813112 0.8480674760823964,0.0024091589323563902 0.0003768406712189653 0.5714285733758682 -0.00024178042598603497,0.8 -1.2 2.0 0.5
arm,1258,0.9945583845071588 -0.5743924942372776 1.4368473093280156 0.8480669898675863,0.002403196077944255 0.00037537431113270645 0.5714285733522271 -0.0002431074050273794,0.8 -1.2 2.0 0.5
arm,1259,0.9945631777046516 -0.5743917466066495 1.437990166474671 0.848066501172427,0.002396598746379427 0.0003738153140237427 0.5714285733276965 -0.00024434757964592475,0.8 -1.2 2.0 0.5
arm,1260,0.9945679564578173 -0.5743910022761212 1.4391330236212756 0.8480660101691516,0.0023893765828203566 0.00037216526415115135 0.5714285733023234 -0.0002455016376792562,0.8 -1.2 2.0 0.5
arm,1261,0.9945727195364155 -0.5743902614246145 1.440275880767828 0.8480655170285843,0.0023815392990825077 0.0003704257533244884 0.571428573276155 -0.00024657028361997006,0.8 -1.2 2.0 0.5
arm,1262,0.9945774657297554 -0.5743895242278538 1.4414187379143264 0.8480650219201079,0.0023730966699738692 0.0003685983803403049 0.5714285732492381 -0.0002475542382087195,0.8 -1.2 2.0 0.5
arm,1263,0.9945821938468147 -0.5743887908583529 1.4425615950607695 0.8480645250116319,0.002364058529655125 0.00036668475042808587 0.5714285732216201 -0.0002484542380282853,0.8 -1.2 2.0 0.5
arm,1264,0.9945869027163508 -0.5743880614854036 1.4437044522071563 0.8480640264695617,0.0023544347680277333 0.0003646864746967295 0.5714285731933477 -0.00024927103509782804,0.8 -1.2 2.0 0.5
arm,1265,0.994591591187005 -0.5743873362750643 1.4448473093534853 0.8480635264587687,0.002344235327147838 0.0003626051695916379 0.5714285731644673 -0.0002500053964683921,0.8 -1.2 2.0 0.5
arm,1266,0.9945962581274004 -0.5743866153901517 1.4459901664997554 0.848063025142561,0.002333470197670255 0.0003604424563506245 0.5714285731350253 -0.00025065810381876284,0.8 -1.2 2.0 0.5
arm,1267,0.994600902426231 -0.5743858989902307 1.4471330236459656 0.8480625226826549,0.0023221494153194107 0.0003581999604711949 0.5714285731050676 -0.00025122995305276085,0.8 -1.2 2.0 0.5
arm,1268,0.9946055229923458 -0.5743851872316084 1.448275880792115 0.8480620192391471,0.00231028305739188 0.00035587931117655883 0.5714285730746396 -0.0002517217538970322,0.8 -1.2 2.0 0.5
arm,1269,0.9946101187548244 -0.5743844802673266 1.4494187379382026 0.8480615149704881,0.0022978812392870996 0.0003534821408935352 0.5714285730437861 -0.00025213432950047513,0.8 -1.2 2.0 0.5
arm,1270,0.9946146886630466 -0.5743837782471571 1.4505615950842277 0.848061010033456,0.002284954111071182 0.0003510100847294488 0.5714285730125518 -0.0002524685160343942,0.8 -1.2 2.0 0.5
arm,1271,0.9946192316867547 -0.5743830813175972 1.4517044522301896 0.8480605045831314,0.002271511854069617 0.0003484647799617416 0.5714285729809802 -0.00025272516229446745,0.8 -1.2 2.0 0.5
arm,1272,0.9946237468161097 -0.5743823896218662 1.4528473093760879 0.8480599987728729,0.002257564677494733 0.00034584786552616125 0.5714285729491144 -0.0002529051293036167,0.8 -1.2 2.0 0.5
arm,1273,0.9946282330617399 -0.5743817032999031 1.453990166521922 0.848059492754293,0.002243122815104015 0.0003431609815158765 0.5714285729169971 -0.0002530092899167416,0.8 -1.2 2.0 0.5
arm,1274,0.9946326894547837 -0.5743810224883658 1.4551330236676914 0.8480589866772362,0.0022281965218928566 0.0003404057686831929 0.5714285728846696 -0.0002530385284267024,0.8 -1.2 2.0 0.5
arm,1275,0.9946371150469253 -0.5743803473206298 1.4562758808133958 0.8480584806897559,0.0022127960708205065 0.0003375838679492191 0.5714285728521731 -0.0002529937401721701,0.8 -1.2 2.0 0.5
arm,1276,0.9946415089104245 -0.57437967792679 1.4574187379590349 0.8480579749380935,0.0021969317495713373 0.00033469691991684517 0.5714285728195471 -0.00025287583114696495,0.8 -1.2 2.0 0.5
arm,1277,0.9946458701381392 -0.5743790144336612 1.4585615951046085 0.8480574695666583,0.0021806138573494706 0.00033174656439475153 0.5714285727868309 -0.0002526857176116201,0.8 -1.2 2.0 0.5
arm,1278,0.9946501978435426 -0.5743783569647813 1.4597044522501166 0.8480569647180068,0.0021638527017110317 0.0003287344399206692 0.5714285727540627 -0.00025242432570628075,0.8 -1.2 2.0 0.5
arm,1279,0.9946544911607335 -0.5743777056404148 1.4608473093955592 0.8480564605328247,0.002146658595431084 0.0003256621832953516 0.5714285727212796 -0.000252092591065869,0.8 -1.2 2.0 0.5
arm,1280,0.9946587492444403 -0.5743770605775566 1.4619901665409363 0.8480559571499078,0.0021290418534064964 0.00032253142912411795 0.5714285726885179 -0.0002516914584374195,0.8 -1.2 2.0 0.5
arm,1281,0.9946629712700195 -0.5743764218899379 1.4631330236862479 0.8480554547061452,0.002111012789597833 0.0003193438093581374 0.5714285726558126 -0.0002512218812990832,0.8 -1.2 2.0 0.5
arm,1282,0.9946671564334475 -0.5743757896880322 1.4642758808314942 0.8480549533365023,0.0020925817140063406 0.000316100952849551 0.571428572623198 -0.0002506848214817606,0.8 -1.2 2.0 0.5
arm,1283,0.9946713039513069 -0.5743751640790623 1.4654187379766757 0.8480544531740046,0.002073758929690403 0.000312804484907653 0.5714285725907072 -0.0002500812487926821,0.8 -1.2 2.0 0.5
arm,1284,0.9946754130607666 -0.5743745451670086 1.4665615951217923 0.8480539543497233,0.0020545547298195044 0.00030945602686392786 0.5714285725583722 -0.0002494121406414455,0.8 -1.2 2.0 0.5
arm,1285,0.9946794830195561 -0.5743739330526173 1.4677044522668448 0.8480534569927599,0.0020349793947669107 0.0003060571956434367 0.5714285725262237 -0.00024867848166847215,0.8 -1.2 2.0 0.5
arm,1286,0.9946835131059346 -0.5743733278334107 1.4688473094118333 0.8480529612302332,0.0020150431892415823 0.00030260960334195405 0.5714285724942917 -0.0002478812633758313,0.8 -1.2 2.0 0.5
arm,1287,0.9946875026186536 -0.574372729603697 1.4699901665567585 0.8480524671872657,0.0019947563594593792 0.0002991148568102281 0.5714285724626045 -0.0002470214837606525,0.8 -1.2 2.0 0.5
arm,1288,0.9946914508769142 -0.5743721384545826 1.471133023701621 0.8480519749869718,0.0019741291303541856 0.0002955745572443487 0.5714285724311898 -0.0002461001469510587,0.8 -1.2 2.0 0.5
arm,1289,0.9946953572203199 -0.574371554473983 1.4722758808464211 0.8480514847504461,0.0019531717028288607 0.00029199029978379273 0.571428572400074 -0.0002451182628448716,0.8 -1.2 2.0 0.5
arm,1290,0.994699221008822 -0.5743709777466368 1.4734187379911596 0.8480509965967526,0.0019318942510471834 0.00028836367311394786 0.571428572369282 -0.00024407684675082552,0.8 -1.2 2.0 0.5
arm,1291,0.9947030416226615 -0.5743704083541187 1.4745615951358373 0.8480505106429146,0.001910306919765322 0.00028469625907950977 0.5714285723388378 -0.0002429769190329344,0.8 -1.2 2.0 0.5
arm,1292,0.9947068184623049 -0.5743698463748541 1.4757044522804548 0.8480500270039051,0.0018884198217059736 0.0002809896322995952 0.5714285723087643 -0.000241819504757242,0.8 -1.2 2.0 0.5
arm,1293,0.9947105509483749 -0.5743692918841345 1.476847309425013 0.8480495457926384,0.0018662430349726266 0.00027724535979281963 0.5714285722790832 -0.0002406056333417891,0.8 -1.2 2.0 0.5
arm,1294,0.9947142385215759 -0.5743687449541334 1.4779901665695125 0.848049067119962,0.0018437866005053837 0.00027346500060976254 0.5714285722498147 -0.0002393363382094262,0.8 -1.2 2.0 0.5
arm,1295,0.9947178806426151 -0.5743682056539224 1.4791330237139546 0.8480485910946491,0.0018210605195797401 0.000269650105468304 0.5714285722209782 -0.00023801265644361747,0.8 -1.2 2.0 0.5
arm,1296,0.9947214767921179 -0.5743676740494896 1.4802758808583398 0.8480481178233923,0.0017980747513457053 0.00026580221640110633 0.5714285721925918 -0.00023663562844735062,0.8 -1.2 2.0 0.5
arm,1297,0.9947250264705387 -0.5743671502037568 1.481418738002669 0.8480476474107971,0.0017748392104107095 0.0002619228664055377 0.5714285721646725 -0.00023520629760514909,0.8 -1.2 2.0 0.5
arm,1298,0.9947285291980676 -0.5743666341765986 1.4825615951469435 0.8480471799593772,0.0017513637644636876 0.0002580135791038313 0.5714285721372359 -0.00023372570994827235,0.8 -1.2 2.0 0.5
arm,1299,0.9947319845145315 -0.5743661260248618 1.4837044522911642 0.8480467155695496,0.0017276582319430006 0.0002540758684068906 0.5714285721102967 -0.00023219491382306913,0.8 -1.2 2.0 0.5
arm,1300,0.994735391979291 -0.5743656258023855 1.484847309435332 0.8480462543396304,0.0017037323797459835 0.00025011123818869524 0.5714285720838685 -0.0002306149595627407,0.8 -1.2 2.0 0.5
arm,1301,0.9947387511711329 -0.5743651335600215 1.485990166579448 0.8480457963658321,0.0016795959209822131 0.00024612118196470884 0.5714285720579637 -0.00022898689916225817,0.8 -1.2 2.0 0.5
arm,1302,0.9947420616881584 -0.5743646493456563 1.4871330237235132 0.8480453417422602,0.0016552585127699397 0.00024210718257753068 0.5714285720325935 -0.00022731178595670768,0.8 -1.2 2.0 0.5
arm,1303,0.9947453231476665 -0.5743641732042326 1.4882758808675287 0.8480448905609116,0.0016307297540749284 0.00023807071189197018 0.5714285720077681 -0.0002255906743031677,0.8 -1.2 2.0 0.5
arm,1304,0.9947485351860337 -0.5743637051777716 1.4894187380114956 0.848044442911673,0.0016060191835932259 0.00023401323049491646 0.5714285719834965 -0.00022382461926591387,0.8 -1.2 2.0 0.5
arm,1305,0.994751697458589 -0.5743632453053967 1.4905615951554152 0.8480439988823204,0.0015811362776776661 0.00022993618740143275 0.5714285719597869 -0.00022201467630504949,0.8 -1.2 2.0 0.5
arm,1306,0.9947548096394857 -0.5743627936233572 1.4917044522992884 0.8480435585585184,0.0015560904483071802 0.00022584101977018317 0.5714285719366462 -0.00022016190096888353,0.8 -1.2 2.0 0.5
arm,1307,0.9947578714215679 -0.5743623501650519 1.4928473094431165 0.8480431220238213,0.0015308910410996432 0.00022172915262537367 0.5714285719140804 -0.00021826734858981106,0.8 -1.2 2.0 0.5
arm,1308,0.9947608825162346 -0.5743619149610547 1.4939901665869006 0.8480426893596733,0.001505547333369623 0.00021760199858248023 0.5714285718920945 -0.00021633207398367315,0.8 -1.2 2.0 0.5
arm,1309,0.9947638426532991 -0.5743614880391396 1.495133023730642 0.848042260645411,0.0014800685322276835 0.00021346095758668386 0.5714285718706926 -0.00021435713115306953,0.8 -1.2 2.0 0.5
arm,1310,0.9947667515808445 -0.5743610694243062 1.4962758808743417 0.848041835958265,0.0014544637727253145 0.00020930741665301346 0.5714285718498777 -0.00021234357299408828,0.8 -1.2 2.0 0.5
arm,1311,0.9947696090650766 -0.574360659138807 1.497418738018001 0.848041415373363,0.0014287421160432 0.00020514274961427656 0.5714285718296519 -0.00021029245100681845,0.8 -1.2 2.0 0.5
arm,1312,0.9947724148901721 -0.5743602572021732 1.4985615951616211 0.848040998963733,0.0014029125477215655 0.0002009683168808954 0.5714285718100163 -0.00020820481500996376,0.8 -1.2 2.0 0.5
arm,1313,0.994775168858124 -0.5743598636312428 1.499704452305203 0.8480405868003073,0.0013769839759367314 0.0001967854652003629 0.5714285717909713 -0.00020608171285873747,0.8 -1.2 2.0 0.5
arm,1314,0.9947778707885836 -0.574359478440188 1.500847309448748 0.848040178951927,0.0013509652298194764 0.0001925955274289092 0.5714285717725164 -0.00020392419016698605,0.8 -1.2 2.0 0.5
arm,1315,0.9947805205186993 -0.5743591016405434 1.5019901665922573 0.8480397754853469,0.0013248650578179084 0.00018839982230772417 0.5714285717546503 -0.00020173329003302454,0.8 -1.2 2.0 0.5
arm,1316,0.9947831179029515 -0.5743587332412349 1.503133023735732 0.8480393764652414,0.001298692126103885 0.000184199654246424 0.571428571737371 -0.00019951005276934737,0.8 -1.2 2.0 0.5
arm,1317,0.9947856628129855 -0.5743583732486086 1.5042758808791734 0.8480389819542101,0.0012724550170225282 0.00017999631311388367 0.5714285717206754 -0.00019725551563636956,0.8 -1.2 2.0 0.5
arm,1318,0.9947881551374407 -0.5743580216664605 1.5054187380225825 0.848038592012785,0.0012461622275858307 0.00017579107403527825 0.5714285717045599 -0.00019497071257998779,0.8 -1.2 2.0 0.5
arm,1319,0.9947905947817767 -0.5743576784960661 1.5065615951659606 0.8480382066994371,0.0012198221680089914 0.00017158519719689345 0.5714285716890201 -0.00019265667397334657,0.8 -1.2 2.0 0.5
arm,1320,0.9947929816680973 -0.5743573437362108 1.5077044523093086 0.8480378260705843,0.0011934431602907195 0.0001673799276560243 0.5714285716740508 -0.00019031442636227274,0.8 -1.2 2.0 0.5
arm,1321,0.9947953157349709 -0.5743570173832205 1.5088473094526278 0.8480374501805998,0.0011670334368358568 0.00016317649516030773 0.5714285716596466 -0.0001879449922151149,0.8 -1.2 2.0 0.5
arm,1322,0.9947975969372492 -0.5743566994309925 1.5099901665959194 0.8480370790818205,0.0011406011391223703 0.00015897611396993095 0.5714285716458006 -0.0001855493896762391,0.8 -1.2 2.0 0.5
arm,1323,0.9947998252458821 -0.5743563898710272 1.5111330237391845 0.8480367128245558,0.0011141543164098725 0.00015477998269031117 0.5714285716325065 -0.00018312863232394422,0.8 -1.2 2.0 0.5
arm,1324,0.994802000647731 -0.574356088692459 1.512275880882424 0.848036351457098,0.0010877009244919 0.00015058928410927136 0.5714285716197564 -0.00018068372893230287,0.8 -1.2 2.0 0.5
arm,1325,0.99480412314538 -0.574355795882089 1.513418738025639 0.8480359950257316,0.0010612488244902249 0.00014640518504185963 0.5714285716075422 -0.0001782156832371178,0.8 -1.2 2.0 0.5
arm,1326,0.9948061927569434 -0.5743555114244167 1.5145615951688307 0.8480356435747441,0.0010348057816924072 0.00014222883618014473 0.5714285715958556 -0.00017572549370601238,0.8 -1.2 2.0 0.5
arm,1327,0.9948082095158722 -0.5743552353016728 1.515704452312 0.8480352971464375,0.001008379464430443 0.00013806137195283553 0.5714285715846871 -0.0001732141533127317,0.8 -1.2 2.0 0.5
arm,1328,0.9948101734707583 -0.574354967493852 1.516847309455148 0.848034955781139,0.0009819774430028941 0.00013390391038742123 0.5714285715740275 -0.00017068264931555262,0.8 -1.2 2.0 0.5
arm,1329,0.9948120846851356 -0.574354707978746 1.5179901665982758 0.8480346195172129,0.0009556071886379947 0.0001297575529816333 0.5714285715638667 -0.00016813196303986088,0.8 -1.2 2.0 0.5
arm,1330,0.9948139432372806 -0.5743544567319768 1.5191330237413843 0.8480342883910736,0.0009292760724987259 0.00012562338458071615 0.5714285715541947 -0.00016556306966495138,0.8 -1.2 2.0 0.5
arm,1331,0.99481574922001 -0.5743542137270303 1.5202758808844743 0.8480339624371976,0.0009029913647298946 0.00012150247325962646 0.5714285715450004 -0.00016297693801496375,0.8 -1.2 2.0 0.5
arm,1332,0.9948175027404771 -0.5743539789352899 1.5214187380275468 0.8480336416881369,0.0008767602335453914 0.0001173958702145865 0.5714285715362729 -0.00016037453035422716,0.8 -1.2 2.0 0.5
arm,1333,0.9948192039199658 -0.5743537523260707 1.5225615951706029 0.8480333261745325,0.0008505897443578491 0.00011330460965734372 0.5714285715280009 -0.00015775680218651822,0.8 -1.2 2.0 0.5
arm,1334,0.9948208528936837 -0.5743535338666532 1.5237044523136432 0.8480330159251284,0.0008244868589481034 0.0001092297087183543 0.5714285715201725 -0.00015512470205880584,0.8 -1.2 2.0 0.5
arm,1335,0.9948224498105531 -0.5743533235223185 1.5248473094566688 0.8480327109667857,0.0007984584346756526 0.00010517216735526076 0.5714285715127762 -0.00015247917136913293,0.8 -1.2 2.0 0.5
arm,1336,0.9948239948330005 -0.5743531212563819 1.5259901665996805 0.8480324113244974,0.0007725112237293198 0.00010113296826728923 0.5714285715057995 -0.00014982114417875356,0.8 -1.2 2.0 0.5
arm,1337,0.9948254881367454 -0.5743529270302283 1.527133023742679 0.8480321170214034,0.0007466518724178892 9.711307681678602e-05 0.5714285714992304 -0.00014715154702856642,0.8 -1.2 2.0 0.5
arm,1338,0.9948269299105864 -0.5743527408033464 1.5282758808856651 0.8480318280788058,0.0007208869205005358 9.311344095569652e-05 0.5714285714930563 -0.00014447129875971127,0.8 -1.2 2.0 0.5
arm,1339,0.9948283203561875 -0.5743525625333641 1.5294187380286397 0.8480315445161851,0.0006952228005571432 8.913499115752414e-05 0.5714285714872643 -0.00014178131033845272,0.8 -1.2 2.0 0.5
arm,1340,0.9948296596878623 -0.5743523921760834 1.5305615951716034 0.8480312663512157,0.0006696658373970973 8.5178640357072e-05 0.5714285714818421 -0.0001390824846853827,0.8 -1.2 2.0 0.5
arm,1341,0.9948309481323573 -0.5743522296855156 1.5317044523145569 0.8480309935997827,0.000644222247506855 8.124528389633865e-05 0.5714285714767765 -0.00013637571650893505,0.8 -1.2 2.0 0.5
arm,1342,0.9948321859286343 -0.5743520750139166 1.532847309457501 0.8480307262759984,0.0006188981385373948 7.733579947273441e-05 0.5714285714720546 -0.00013366189214291223,0.8 -1.2 2.0 0.5
arm,1343,0.994833373327652 -0.5743519281118225 1.5339901666004363 0.8480304643922196,0.0005936995088286194 7.345104709631605e-05 0.5714285714676633 -0.00013094188938849336,0.8 -1.2 2.0 0.5
arm,1344,0.9948345105921459 -0.5743517889280844 1.5351330237433636 0.8480302079590649,0.0005686322469715359 6.959186905368948e-05 0.5714285714635899 -0.00012821657736054347,0.8 -1.2 2.0 0.5
arm,1345,0.9948355979964087 -0.5743516574099046 1.5362758808862833 0.8480299569854323,0.0005437021314097244 6.575908987238811e-05 0.5714285714598213 -0.00012548681633786838,0.8 -1.2 2.0 0.5
arm,1346,0.9948366358260688 -0.5743515335028719 1.537418738029196 0.848029711478517,0.0005189148300757211 6.195351629764401e-05 0.5714285714563442 -0.00012275345761810153,0.8 -1.2 2.0 0.5
arm,1347,0.9948376243778689 -0.5743514171509974 1.5385615951721021 0.8480294714438302,0.0004942759000664537 5.817593726889227e-05 0.5714285714531459 -0.00012001734337652218,0.8 -1.2 2.0 0.5
arm,1348,0.9948385639594436 -0.5743513082967495 1.5397044523150025 0.8480292368852171,0.0004697907873538109 5.44271239053216e-05 0.5714285714502132 -0.00011727930652930259,0.8 -1.2 2.0 0.5
arm,1349,0.9948394548890966 -0.5743512068810905 1.5408473094578976 0.8480290078048759,0.0004454648265315338 5.070782949688973e-05 0.5714285714475333 -0.00011454017060098764,0.8 -1.2 2.0 0.5
arm,1350,0.9948402974955778 -0.5743511128435116 1.5419901666007878 0.8480287842033767,0.00042130324059923003 4.7018789496812147e-05 0.5714285714450938 -0.00011180074959592847,0.8 -1.2 2.0 0.5
arm,1351,0.9948410921178593 -0.5743510261220686 1.5431330237436736 0.8480285660796809,0.0003973111407800769 4.336072152454348e-05 0.5714285714428818 -0.00010906184787433192,0.8 -1.2 2.0 0.5
arm,1352,0.9948418391049121 -0.5743509466534178 1.5442758808865553 0.8480283534311609,0.00037349352637514955 3.973432536940821e-05 0.5714285714408849 -0.00010632426003210191,0.8 -1.2 2.0 0.5
arm,1353,0.9948425388154813 -0.5743508743728518 1.5454187380294335 0.8480281462536193,0.0003498552846512418 3.6140283003264726e-05 0.5714285714390905 -0.0001035887707852177,0.8 -1.2 2.0 0.5
arm,1354,0.9948431916178628 -0.5743508092143346 1.5465615951723084 0.8480279445413096,0.000326401190763388 3.25792585966382e-05 0.5714285714374866 -0.0001008561548580874,0.8 -1.2 2.0 0.5
arm,1355,0.9948437978896782 -0.5743507511105375 1.5477044523151806 0.8480277482869558,0.0003031359077122366 2.9051898537749156e-05 0.5714285714360611 -9.812717687597879e-05,0.8 -1.2 2.0 0.5
arm,1356,0.9948443580176509 -0.5743506999928746 1.5488473094580502 0.8480275574817733,0.00028006398633287263 2.5558831462030873e-05 0.5714285714348023 -9.540259126201522e-05,0.8 -1.2 2.0 0.5
arm,1357,0.9948448723973815 -0.574350655791538 1.5499901666009175 0.848027372115489,0.0002571898653193547 2.2100668279391533e-05 0.5714285714336983 -9.26831421376497e-05,0.8 -1.2 2.0 0.5
arm,1358,0.9948453414331241 -0.5743506184355336 1.551133023743783 0.8480271921763625,0.00023451787127980314 1.8678002212272398e-05 0.571428571432738 -8.996956322782838e-05,0.8 -1.2 2.0 0.5
arm,1359,0.9948457655375618 -0.5743505878527159 1.5522758808866468 0.8480270176512069,0.00021205221882489013 1.5291408835530835e-05 0.5714285714319101 -8.726257776996828e-05,0.8 -1.2 2.0 0.5
arm,1360,0.9948461451315831 -0.5743505639698236 1.5534187380295092 0.8480268485254101,0.00018979701068769063 1.194144612230658e-05 0.5714285714312037 -8.456289842709567e-05,0.8 -1.2 2.0 0.5
arm,1361,0.9948464806440589 -0.5743505467125146 1.5545615951723704 0.8480266847829557,0.00016775623787580876 8.62865449231304e-06 0.5714285714306084 -8.187122720489531e-05,0.8 -1.2 2.0 0.5
arm,1362,0.9948467725116186 -0.5743505360054009 1.5557044523152306 0.8480265264064449,0.00014593377985308378 5.3535568687118995e-06 0.5714285714301135 -7.918825537308421e-05,0.8 -1.2 2.0 0.5
arm,1363,0.994847021178428 -0.5743505317720834 1.55684730945809 0.8480263733771182,0.00012433340475376088 2.1166587341736003e-06 0.5714285714297088 -7.651466339042248e-05,0.8 -1.2 2.0 0.5
arm,1364,0.9948472270959673 -0.574350533935187 1.5579901666009486 0.8480262256748765,0.00010295876962490105 -1.081551803153964e-06 0.5714285714293844 -7.38511208341155e-05,0.8 -1.2 2.0 0.5
arm,1365,0.9948473907228087 -0.5743505424163948 1.5591330237438068 0.8480260832783039,8.181342070005834e-05 -4.240603943543486e-06 0.5714285714291312 -7.119828633283939e-05,0.8 -1.2 2.0 0.5
arm,1366,0.9948475125243961 -0.5743505571364831 1.5602758808866646 0.8480259461646888,6.090079370154912e-05 -7.360044123735411e-06 0.5714285714289393 -6.855680750390042e-05,0.8 -1.2 2.0 0.5
arm,1367,0.9948475929728244 -0.5743505780153549 1.5614187380295221 0.8480258143100471,4.0224214171261854e-05 -1.0439435939783876e-05 0.5714285714288003 -6.592732089430593e-05,0.8 -1.2 2.0 0.5
arm,1368,0.9948476325466201 -0.5743506049720751 1.5625615951723795 0.8480256876891432,1.9786897830880087e-05 -1.3478360068287388e-05 0.5714285714287053 -6.331045192558379e-05,0.8 -1.2 2.0 0.5
arm,1369,0.994847631730522 -0.5743506379249035 1.5637044523152368 0.8480255662755135,-4.080490313144193e-07 -1.64764141803011e-05 0.5714285714286461 -6.070681484271948e-05,0.8 -1.2 2.0 0.5
arm,1370,0.9948475910152638 -0.5743506767913292 1.5648473094580941 0.8480254500414882,-2.0357629144602357e-05 -1.9433212855400754e-05 0.5714285714286146 -5.8117012666582145e-05,0.8 -1.2 2.0 0.5
arm,1371,0.9948475108973561 -0.5743507214881042 1.5659901666009512 0.848025338958214,-4.005895381453531e-05 -2.2348387487259025e-05 0.571428571428603 -5.554163715058849e-05,0.8 -1.2 2.0 0.5
arm,1372,0.9948473918788712 -0.5743507719312766 1.5671330237438084 0.8480252329956764,-5.9509242453696784e-05 -2.5221586189468505e-05 0.5714285714286041 -5.298126874073938e-05,0.8 -1.2 2.0 0.5
arm,1373,0.994847234467227 -0.574350828036224 1.5682758808866655 0.8480251321227233,-7.870582208737494e-05 -2.805247369452928e-05 0.571428571428611 -5.043647653966552e-05,0.8 -1.2 2.0 0.5
arm,1374,0.9948470391749733 -0.5743508897176864 1.5694187380295228 0.8480250363070868,-9.76461268327946e-05 -3.084073125165855e-05 0.5714285714286168 -4.7907818274243584e-05,0.8 -1.2 2.0 0.5
arm,1375,0.9948468065195786 -0.5743509568897994 1.5705615951723801 0.8480249455154063,-0.00011632769735406394 -3.358605651808732e-05 0.5714285714286151 -4.539584026713437e-05,0.8 -1.2 2.0 0.5
arm,1376,0.994846537023218 -0.5743510294661264 1.5717044523152373 0.8480248597132515,-0.00013474818029125856 -3.6288163450402703e-05 0.5714285714286 -4.2901077411636435e-05,0.8 -1.2 2.0 0.5
arm,1377,0.9948462312125627 -0.5743511073596907 1.5728473094580944 0.8480247788651452,-0.0001529053276661968 -3.894678218950336e-05 0.5714285714285657 -4.042405315037998e-05,0.8 -1.2 2.0 0.5
arm,1378,0.9948458896185701 -0.5743511904830086 1.5739901666009515 0.8480247029345862,-0.00017079699626398762 -4.156165894380995e-05 0.5714285714285068 -3.796527945763479e-05,0.8 -1.2 2.0 0.5
arm,1379,0.9948455127762761 -0.5743512787481204 1.5751330237438084 0.8480246318840725,-0.0001884211469913493 -4.4132555868532556e-05 0.5714285714284184 -3.552525682504294e-05,0.8 -1.2 2.0 0.5
arm,1380,0.9948451012245877 -0.5743513720666223 1.576275880886665 0.848024565675124,-0.00020577584421208834 -4.6659250941648444e-05 0.5714285714282957 -3.310447425091535e-05,0.8 -1.2 2.0 0.5
arm,1381,0.9948446555060776 -0.574351470349698 1.5774187380295213 0.8480245042683054,-0.00022285925506038582 -4.914153783680337e-05 0.5714285714281344 -3.070340923315632e-05,0.8 -1.2 2.0 0.5
arm,1382,0.9948441761667801 -0.5743515735081496 1.578561595172377 0.8480244476232499,-0.0002396696487315219 -5.15792257944997e-05 0.5714285714279304 -2.8322527765278895e-05,0.8 -1.2 2.0 0.5
arm,1383,0.9948436637559886 -0.5743516814524285 1.5797044523152324 0.8480243956986813,-0.0002562053957522624 -5.397213948749443e-05 0.5714285714276799 -2.596228433632264e-05,0.8 -1.2 2.0 0.5
arm,1384,0.9948431188260541 -0.5743517940926663 1.580847309458087 0.8480243484524373,-0.00027246496722954953 -5.632011888529507e-05 0.5714285714273796 -2.3623121933757772e-05,0.8 -1.2 2.0 0.5
arm,1385,0.994842541932186 -0.5743519113387046 1.581990166600941 0.8480243058414932,-0.00028844693407886 -5.8623019115219564e-05 0.5714285714270263 -2.130547204984275e-05,0.8 -1.2 2.0 0.5
arm,1386,0.9948419336322536 -0.5743520331001252 1.5831330237437944 0.8480242678219838,-0.0003041499662324682 -6.088071032170676e-05 0.5714285714266172 -1.900975469130315e-05,0.8 -1.2 2.0 0.5
arm,1387,0.99484129448659 -0.5743521592862803 1.5842758808866466 0.848024234349227,-0.00031957283182828297 -6.309307752147348e-05 0.5714285714261498 -1.6736378392222466e-05,0.8 -1.2 2.0 0.5
arm,1388,0.9948406250577972 -0.5743522898063211 1.585418738029498 0.8480242053777466,-0.00033471439638012724 -6.526002045602023e-05 0.5714285714256221 -1.4485740230311835e-05,0.8 -1.2 2.0 0.5
arm,1389,0.9948399259105534 -0.574352424569228 1.586561595172348 0.8480241808612949,-0.0003495736219281737 -6.738145344404864e-05 0.5714285714250319 -1.2258225845965309e-05,0.8 -1.2 2.0 0.5
arm,1390,0.994839197611421 -0.5743525634838385 1.5877044523151966 0.848024160752876,-0.0003641495661729577 -6.945730522742726e-05 0.5714285714243779 -1.0054209464954095e-05,0.8 -1.2 2.0 0.5
arm,1391,0.9948384407286579 -0.574352706458876 1.588847309458044 0.8480241450047682,-0.00037844138159070205 -7.148751881752897e-05 0.5714285714236584 -7.874053923897221e-06,0.8 -1.2 2.0 0.5
arm,1392,0.9948376558320289 -0.5743528534029787 1.5899901666008898 0.8480241335685468,-0.0003924483145311302 -7.347205134020259e-05 0.5714285714228727 -5.718110698736505e-06,0.8 -1.2 2.0 0.5
arm,1393,0.9948368434926202 -0.5743530042247265 1.5911330237437338 0.8480241263951069,-0.0004061697042998218 -7.541087387535309e-05 0.5714285714220199 -3.586719936442253e-06,0.8 -1.2 2.0 0.5
arm,1394,0.9948360042826558 -0.574353158832669 1.592275880886576 0.8480241234346859,-0.0004196049822238326 -7.730397129538951e-05 0.5714285714210994 -1.4802104896638545e-06,0.8 -1.2 2.0 0.5
arm,1395,0.9948351387753145 -0.5743533171353532 1.5934187380294162 0.848024124636886,-0.00043275367070103163 -7.915134210385414e-05 0.571428571420111 6.011000459592234e-07,0.8 -1.2 2.0 0.5
arm,1396,0.99483424754455 -0.5743534790413497 1.5945615951722543 0.8480241299506966,-0.0004456153822347344 -8.095299826982193e-05 0.5714285714190549 2.6569052913488723e-06,0.8 -1.2 2.0 0.5
arm,1397,0.994833331164913 -0.5743536444592798 1.59570445231509 0.8480241393245167,-0.0004581898184537492 -8.270896505986185e-05 0.5714285714179311 4.686910040740103e-06,0.8 -1.2 2.0 0.5
arm,1398,0.9948323902113748 -0.5743538132978415 1.5968473094579236 0.8480241527061771,-0.0004704767691175051 -8.441928087040123e-05 0.57142857141674 6.6908302157975615e-06,0.8 -1.2 2.0 0.5
arm,1399,0.9948314252591526 -0.5743539854658356 1.5979901666007545 0.8480241700429628,-0.0004824761111080789 -8.608399705551935e-05 0.5714285714154821 8.66839281669646e-06,0.8 -1.2 2.0 0.5
arm,1400,0.9948304368835378 -0.5743541608721912 1.5991330237435828 0.8480241912816345,-0.0004941878074080101 -8.770317775560002e-05 0.5714285714141586 1.0619335870845152e-05,0.8 -1.2 2.0 0.5
arm,1401,0.9948294256597257 -0.5743543394259906 1.6002758808864084 0.8480242163684513,-0.0005056119060657914 -8.927689972244264e-05 0.5714285714127706 1.2543408378733079e-05,0.8 -1.2 2.0 0.5
arm,1402,0.9948283921626474 -0.5743545210364949 1.601418738029231 0.8480242452491917,-0.0005167485391482253 -9.080525214515062e-05 0.5714285714113192 1.4440370257270756e-05,0.8 -1.2 2.0 0.5
arm,1403,0.994827336966804 -0.5743547056131678 1.6025615951720507 0.8480242778691763,-0.000527597921682099 -9.228833647027968e-05 0.5714285714098061 1.6309992280391012e-05,0.8 -1.2 2.0 0.5
arm,1404,0.9948262606461029 -0.5743548930657003 1.6037044523148671 0.8480243141732884,-0.0005381603505827998 -9.372626622490394e-05 0.5714285714082327 1.8152056017390926e-05,0.8 -1.2 2.0 0.5
arm,1405,0.9948251637736958 -0.574355083304034 1.6048473094576803 0.848024354105996,-0.0005484362035725225 -9.511916683662806e-05 0.5714285714066009 1.9966353768721028e-05,0.8 -1.2 2.0 0.5
arm,1406,0.9948240469218196 -0.5743552762383849 1.60599016660049 0.8480243976113729,-0.0005584259380880723 -9.646717545149645e-05 0.5714285714049129 2.175268849916286e-05,0.8 -1.2 2.0 0.5
arm,1407,0.9948229106616392 -0.5743554717792664 1.6071330237432964 0.8480244446331204,-0.0005681300901784305 -9.777044075055921e-05 0.5714285714031706 2.3510873768835182e-05,0.8 -1.2 2.0 0.5
arm,1408,0.9948217555630924 -0.574355669837512 1.608275880886099 0.8480244951145878,-0.0005775492733917398 -9.902912276814242e-05 0.5714285714013764 2.5240733661932495e-05,0.8 -1.2 2.0 0.5
arm,1409,0.9948205821947371 -0.5743558703242974 1.6094187380288982 0.8480245489987932,-0.0005866841776540859 -0.00010024339270549309 0.5714285713995325 2.6942102712920943e-05,0.8 -1.2 2.0 0.5
arm,1410,0.9948193911236008 -0.5743560731511629 1.6105615951716936 0.8480246062284449,-0.0005955355681389812 -0.00010141343274487922 0.5714285713976418 2.861482583073718e-05,0.8 -1.2 2.0 0.5
arm,1411,0.9948181829150325 -0.5743562782300347 1.611704452314485 0.8480246667459613,-0.0006041042841279711 -0.00010253943586401745 0.5714285713957067 3.025875822074755e-05,0.8 -1.2 2.0 0.5
arm,1412,0.9948169581325568 -0.5743564854732459 1.6128473094572724 0.8480247304934919,-0.0006123912378645401 -0.00010362160564591695 0.5714285713937302 3.187376530440818e-05,0.8 -1.2 2.0 0.5
arm,1413,0.99481571733773 -0.5743566947935581 1.6139901666000558 0.8480247974129372,-0.0006203974133988711 -0.00010466015609261437 0.5714285713917148 3.345972263718591e-05,0.8 -1.2 2.0 0.5
arm,1414,0.9948144610899992 -0.574356906104181 1.6151330237428352 0.8480248674459688,-0.0006281238654268896 -0.00010565531143407409 0.5714285713896637 3.5016515824026306e-05,0.8 -1.2 2.0 0.5
arm,1415,0.9948131899465629 -0.5743571193187929 1.6162758808856104 0.8480249405340498,-0.0006355717181217779 -0.00010660730593870612 0.5714285713875801 3.654404043316385e-05,0.8 -1.2 2.0 0.5
arm,1416,0.994811904462235 -0.5743573343515603 1.6174187380283813 0.8480250166184535,-0.000642742163959386 -0.00010751638372306697 0.5714285713854668 3.804220190784592e-05,0.8 -1.2 2.0 0.5
arm,1417,0.99481060518931 -0.5743575511171575 1.618561595171148 0.8480250956402845,-0.0006496364625384519 -0.00010838279855889919 0.571428571383327 3.9510915476096405e-05,0.8 -1.2 2.0 0.5
arm,1418,0.9948092926774312 -0.5743577695307849 1.6197044523139104 0.8480251775404967,-0.0006562559393941532 -0.00010920681368338728 0.5714285713811641 4.095010605888298e-05,0.8 -1.2 2.0 0.5
arm,1419,0.9948079674734616 -0.5743579895081881 1.6208473094566682 0.848025262259913,-0.0006626019848078141 -0.00010998870160582581 0.5714285713789813 4.235970817620252e-05,0.8 -1.2 2.0 0.5
arm,1420,0.9948066301213564 -0.5743582109656759 1.6219901665994219 0.8480253497392447,-0.0006686760526114377 -0.00011072874391506108 0.5714285713767818 4.373966585163771e-05,0.8 -1.2 2.0 0.5
arm,1421,0.9948052811620384 -0.5743584338201381 1.623133023742171 0.8480254399191097,-0.0006744796589884178 -0.0001114272310861152 0.5714285713745691 4.508993251505335e-05,0.8 -1.2 2.0 0.5
arm,1422,0.9948039211332759 -0.5743586579890626 1.6242758808849158 0.8480255327400515,-0.0006800143812704048 -0.00011208446228643973 0.5714285713723466 4.641047090367205e-05,0.8 -1.2 2.0 0.5
arm,1423,0.9948025505695625 -0.574358883390553 1.6254187380276561 0.8480256281425574,-0.0006852818567300425 -0.00011270074518433729 0.5714285713701175 4.7701252961778575e-05,0.8 -1.2 2.0 0.5
arm,1424,0.9948011700019997 -0.5743591099433445 1.626561595170392 0.8480257260670769,-0.0006902837813718564 -0.00011327639575367577 0.5714285713678853 4.896225973854767e-05,0.8 -1.2 2.0 0.5
arm,1425,0.9947997799581823 -0.5743593375668207 1.6277044523131232 0.8480258264540395,-0.0006950219087201858 -0.0001138117380797655 0.5714285713656534 5.019348128453291e-05,0.8 -1.2 2.0 0.5
arm,1426,0.9947983809620851 -0.574359566181029 1.62884730945585 0.8480259292438725,-0.000699498048604207 -0.00011430710416740436 0.5714285713634251 5.1394916546741724e-05,0.8 -1.2 2.0 0.5
arm,1427,0.9947969735339531 -0.5743597957066965 1.6299901665985723 0.8480260343770191,-0.0007037140659421133 -0.00011476283374591581 0.5714285713612036 5.256657326222119e-05,0.8 -1.2 2.0 0.5
arm,1428,0.994795558190194 -0.5743600260652446 1.6311330237412902 0.8480261417939547,-0.0007076718795233662 -0.00011517927407551377 0.5714285713589926 5.370846785029238e-05,0.8 -1.2 2.0 0.5
arm,1429,0.9947941354432724 -0.5743602571788041 1.6322758808840039 0.8480262514352054,-0.0007113734607898308 -0.00011555677975450859 0.5714285713567954 5.482062530356173e-05,0.8 -1.2 2.0 0.5
arm,1430,0.9947927058016072 -0.5743604889702292 1.6334187380267131 0.8480263632413635,-0.0007148208326168326 -0.00011589571252438734 0.5714285713546151 5.5903079077497016e-05,0.8 -1.2 2.0 0.5
arm,1431,0.994791269769471 -0.5743607213631113 1.6345615951694181 0.8480264771531054,-0.0007180160680928292 -0.00011619644107862441 0.571428571352455 5.695587097905988e-05,0.8 -1.2 2.0 0.5
arm,1432,0.9947898278468924 -0.5743609542817931 1.6357044523121187 0.8480265931112075,-0.0007209612893001202 -0.00011645934086862818 0.5714285713503183 5.797905105390191e-05,0.8 -1.2 2.0 0.5
arm,1433,0.9947883805295602 -0.574361187651381 1.636847309454815 0.8480267110565625,-0.0007236586660955784 -0.00011668479391142943 0.5714285713482081 5.897267747255715e-05,0.8 -1.2 2.0 0.5
arm,1434,0.9947869283087304 -0.5743614213977581 1.6379901665975074 0.8480268309301953,-0.0007261104148915318 -0.00011687318859904392 0.5714285713461276 5.9936816415754984e-05,0.8 -1.2 2.0 0.5
arm,1435,0.9947854716711355 -0.5743616554475972 1.6391330237401955 0.8480269526732792,-0.0007283187974388335 -0.00011702491950574933 0.5714285713440798 6.087154195835478e-05,0.8 -1.2 2.0 0.5
arm,1436,0.9947840110988962 -0.5743618897283715 1.6402758808828797 0.8480270762271511,-0.0007302861196113211 -0.00011714038719552845 0.5714285713420674 6.177693595240266e-05,0.8 -1.2 2.0 0.5
arm,1437,0.9947825470694359 -0.5743621241683676 1.6414187380255598 0.8480272015333269,-0.0007320147301906245 -0.00011721999803464877 0.5714285713400936 6.265308790957827e-05,0.8 -1.2 2.0 0.5
arm,1438,0.9947810800553966 -0.5743623586966956 1.6425615951682362 0.8480273285335167,-0.0007335070196545088 -0.00011726416400033448 0.5714285713381612 6.350009488244578e-05,0.8 -1.2 2.0 0.5
arm,1439,0.9947796105245587 -0.5743625932433006 1.6437044523109088 0.8480274571696393,-0.0007347654189676959 -0.00011727330249036464 0.5714285713362727 6.431806134477434e-05,0.8 -1.2 2.0 0.5
arm,1440,0.9947781389397619 -0.574362827738973 1.6448473094535776 0.8480275873838374,-0.0007357923983746343 -0.00011724783613583705 0.5714285713344308 6.510709907142007e-05,0.8 -1.2 2.0 0.5
arm,1441,0.9947766657588295 -0.5743630621153581 1.6459901665962429 0.8480277191184915,-0.0007365904661953222 -0.00011718819261428416 0.5714285713326381 6.58673270173252e-05,0.8 -1.2 2.0 0.5
arm,1442,0.9947751914344942 -0.5743632963049671 1.6471330237389046 0.8480278523162339,-0.0007371621676255868 -0.00011709480446145916 0.5714285713308972 6.659887119567868e-05,0.8 -1.2 2.0 0.5
arm,1443,0.9947737164143271 -0.5743635302411848 1.648275880881563 0.8480279869199631,-0.0007375100835406752 -0.00011696810888403335 0.5714285713292102 6.7301864555461e-05,0.8 -1.2 2.0 0.5
arm,1444,0.9947722411406685 -0.5743637638582799 1.649418738024218 0.8480281228728568,-0.0007376368293021165 -0.00011680854757675829 0.5714285713275794 6.797644685862572e-05,0.8 -1.2 2.0 0.5
arm,1445,0.9947707660505614 -0.574363997091413 1.65056159516687 0.848028260118386,-0.0007375450535697733 -0.0001166165665368218 0.5714285713260072 6.862276455645503e-05,0.8 -1.2 2.0 0.5
arm,1446,0.9947692915756872 -0.5743642298766447 1.651704452309519 0.8480283986003273,-0.0007372374371183948 -0.00011639261588026155 0.5714285713244955 6.924097066545912e-05,0.8 -1.2 2.0 0.5
arm,1447,0.9947678181423039 -0.574364462150944 1.6528473094521652 0.8480285382627766,-0.0007367166916587171 -0.00011613714966047237 0.5714285713230461 6.983122464289102e-05,0.8 -1.2 2.0 0.5
arm,1448,0.9947663461711865 -0.5743646938521955 1.6539901665948085 0.8480286790501611,-0.000735985558664252 -0.00011585062568611083 0.571428571321661 7.039369226172986e-05,0.8 -1.2 2.0 0.5
arm,1449,0.9947648760775701 -0.5743649249192061 1.655133023737449 0.8480288209072521,-0.0007350468082031095 -0.00011553350534176902 0.5714285713203421 7.092854548532004e-05,0.8 -1.2 2.0 0.5
arm,1450,0.9947634082710946 -0.574365155291713 1.6562758808800873 0.8480289637791768,-0.0007339032377758476 -0.00011518625340879211 0.5714285713190905 7.143596234172052e-05,0.8 -1.2 2.0 0.5
arm,1451,0.9947619431557523 -0.5743653849103887 1.657418738022723 0.8480291076114304,-0.0007325576711598605 -0.00011480933788565296 0.5714285713179081 7.191612679751484e-05,0.8 -1.2 2.0 0.5
arm,1452,0.9947604811298377 -0.5743656137168484 1.6585615951653565 0.8480292523498876,-0.0007310129572587957 -0.00011440322981428397 0.5714285713167963 7.236922863176362e-05,0.8 -1.2 2.0 0.5
arm,1453,0.9947590225858998 -0.5743658416536546 1.659704452307988 0.8480293979408142,-0.0007292719689600583 -0.00011396840310159341 0.5714285713157561 7.279546330930182e-05,0.8 -1.2 2.0 0.5
arm,1454,0.9947575679106958 -0.5743660686643233 1.6608473094506175 0.848029544330878,-0.0007273376019976314 -0.00011350533434807987 0.5714285713147886 7.319503185425836e-05,0.8 -1.2 2.0 0.5
arm,1455,0.9947561174851481 -0.5743662946933286 1.6619901665932453 0.8480296914671595,-0.000725212773823574 -0.00011301450267286697 0.5714285713138954 7.356814072306636e-05,0.8 -1.2 2.0 0.5
arm,1456,0.9947546716843032 -0.5743665196861076 1.6631330237358715 0.8480298392971628,-0.0007229004224851189 -0.00011249638954427959 0.5714285713130769 7.391500167774502e-05,0.8 -1.2 2.0 0.5
arm,1457,0.9947532308772922 -0.5743667435890648 1.664275880878496 0.8480299877688261,-0.0007204035055113885 -0.0001119514786069863 0.571428571312334 7.423583165871964e-05,0.8 -1.2 2.0 0.5
arm,1458,0.9947517954272945 -0.5743669663495758 1.6654187380211194 0.8480301368305314,-0.0007177249988057328 -0.00011138025551601418 0.5714285713116675 7.453085265800595e-05,0.8 -1.2 2.0 0.5
arm,1459,0.9947503656915034 -0.5743671879159914 1.6665615951637416 0.8480302864311146,-0.0007148678955478721 -0.00011078320776764033 0.5714285713110778 7.480029159212873e-05,0.8 -1.2 2.0 0.5
arm,1460,0.9947489420210932 -0.5743674082376404 1.6677044523063627 0.8480304365198749,-0.0007118352051028565 -0.00011016082453583569 0.5714285713105653 7.504438017536829e-05,0.8 -1.2 2.0 0.5
arm,1461,0.9947475247611893 -0.5743676272648335 1.6688473094489829 0.8480305870465844,-0.0007086299519398022 -0.00010951359650624821 0.5714285713101306 7.526335479285167e-05,0.8 -1.2 2.0 0.5
arm,1462,0.9947461142508403 -0.574367844948865 1.6699901665916024 0.8480307379614972,-0.0007052551745586763 -0.0001088420157138036 0.5714285713097735 7.545745637386199e-05,0.8 -1.2 2.0 0.5
arm,1463,0.9947447108229914 -0.5743680612420157 1.6711330237342215 0.8480308892153577,-0.0007017139244257811 -0.00010814657538243559 0.5714285713094946 7.562693026539581e-05,0.8 -1.2 2.0 0.5
arm,1464,0.9947433148044615 -0.5743682760975553 1.67227588087684 0.8480310407594099,-0.000698009264918659 -0.00010742776976582534 0.5714285713092936 7.577202610589699e-05,0.8 -1.2 2.0 0.5
arm,1465,0.994741926515921 -0.5743684894697433 1.6734187380194585 0.8480311925454054,-0.0006941442702808871 -0.00010668609398720069 0.5714285713091704 7.589299769906879e-05,0.8 -1.2 2.0 0.5
arm,1466,0.9947405462718718 -0.5743687013138311 1.6745615951620767 0.8480313445256111,-0.0006901220245850026 -0.00010592204388608053 0.5714285713091246 7.599010288824944e-05,0.8 -1.2 2.0 0.5
arm,1467,0.9947391743806304 -0.5743689115860628 1.6757044523046951 0.848031496652818,-0.0006859456207059386 -0.0001051361158631425 0.5714285713091561 7.60636034309829e-05,0.8 -1.2 2.0 0.5
arm,1468,0.9947378111443118 -0.5743691202436763 1.6768473094473137 0.8480316488803477,-0.0006816181593048672 -0.00010432880672606329 0.5714285713092645 7.611376487379933e-05,0.8 -1.2 2.0 0.5
arm,1469,0.9947364568588162 -0.5743693272449033 1.6779901665899326 0.8480318011620606,-0.0006771427478220945 -0.00010350061353970938 0.571428571309449 7.614085642751948e-05,0.8 -1.2 2.0 0.5
arm,1470,0.9947351118138172 -0.5743695325489703 1.6791330237325521 0.8480319534523623,-0.0006725224994806969 -0.00010265203347644797 0.5714285713097091 7.614515084295858e-05,0.8 -1.2 2.0 0.5
arm,1471,0.9947337762927526 -0.5743697361160977 1.6802758808751723 0.8480321057062108,-0.0006677605323004925 -0.00010178356366885216 0.571428571310044 7.612692428712821e-05,0.8 -1.2 2.0 0.5
arm,1472,0.9947324505728163 -0.5743699379074998 1.6814187380177932 0.8480322578791233,-0.0006628599681228508 -0.00010089570106286217 0.5714285713104528 7.608645621974992e-05,0.8 -1.2 2.0 0.5
arm,1473,0.994731134924953 -0.5743701378853844 1.6825615951604151 0.8480324099271819,-0.0006578239316451695 -9.99889422765063e-05 0.5714285713109346 7.602402927053661e-05,0.8 -1.2 2.0 0.5
arm,1474,0.994729829613854 -0.5743703360129513 1.6837044523030382 0.8480325618070401,-0.0006526555494678984 -9.906378345513613e-05 0.5714285713114884 7.593992911672532e-05,0.8 -1.2 2.0 0.5
arm,1475,0.9947285348979558 -0.5743705322543916 1.6848473094456624 0.8480327134759288,-0.0006473579491512802 -9.812072013244927e-05 0.5714285713121129 7.583444436143062e-05,0.8 -1.2 2.0 0.5
arm,1476,0.9947272510294392 -0.5743707265748857 1.685990166588288 0.8480328648916616,-0.0006419342582833264 -9.716024709310448e-05 0.571428571312807 7.570786641254698e-05,0.8 -1.2 2.0 0.5
arm,1477,0.994725978254232 -0.5743709189406022 1.687133023730915 0.8480330160126404,-0.0006363876035603176 -9.618285823399357e-05 0.5714285713135695 7.556048936203533e-05,0.8 -1.2 2.0 0.5
arm,1478,0.9947247168120122 -0.5743711093186951 1.6882758808735439 0.8480331667978601,-0.0006307211098770201 -9.518904643214043e-05 0.571428571314399 7.539260986633003e-05,0.8 -1.2 2.0 0.5
arm,1479,0.9947234669362134 -0.5743712976773019 1.6894187380161745 0.8480333172069142,-0.0006249378994296357 -9.417930341127402e-05 0.5714285713152937 7.520452702709642e-05,0.8 -1.2 2.0 0.5
arm,1480,0.9947222288540317 -0.574371483985541 1.6905615951588069 0.8480334671999987,-0.0006190410908306607 -9.315411960963832e-05 0.5714285713162524 7.499654227265969e-05,0.8 -1.2 2.0 0.5
arm,1481,0.9947210027864353 -0.5743716682135092 1.6917044523014415 0.8480336167379172,-0.0006130337982340483 -9.211398405438978e-05 0.5714285713172734 7.476895924059218e-05,0.8 -1.2 2.0 0.5
arm,1482,0.9947197889481744 -0.5743718503322777 1.6928473094440781 0.8480337657820846,-0.0006069191304741873 -9.105938423220413e-05 0.5714285713183551 7.452208366054163e-05,0.8 -1.2 2.0 0.5
arm,1483,0.994718587547794 -0.5743720303138896 1.6939901665867172 0.848033914294531,-0.0006007001902155267 -8.999080596605839e-05 0.5714285713194958 7.425622323828162e-05,0.8 -1.2 2.0 0.5
arm,1484,0.9947173987876478 -0.5743722081313561 1.6951330237293585 0.8480340622379061,-0.0005943800731149005 -8.890873329220511e-05 0.5714285713206936 7.397168754040665e-05,0.8 -1.2 2.0 0.5
arm,1485,0.9947162228639138 -0.5743723837586528 1.6962758808720024 0.8480342095754819,-0.0005879618669957046 -8.781364834048413e-05 0.5714285713219466 7.36687878798968e-05,0.8 -1.2 2.0 0.5
arm,1486,0.9947150599666117 -0.5743725571707152 1.697418738014649 0.8480343562711563,-0.0005814486510355414 -8.670603121345126e-05 0.5714285713232529 7.334783720244696e-05,0.8 -1.2 2.0 0.5
arm,1487,0.9947139102796217 -0.574372728343435 1.6985615951572983 0.8480345022894562,-0.0005748434949646108 -8.558635987183663e-05 0.5714285713246106 7.300914997398124e-05,0.8 -1.2 2.0 0.5
arm,1488,0.9947127739807052 -0.574372897253655 1.6997044522999503 0.8480346475955404,-0.000568149458278143 -8.445511001831643e-05 0.5714285713260175 7.265304206872465e-05,0.8 -1.2 2.0 0.5
arm,1489,0.9947116512415263 -0.574373063879165 1.7008473094426053 0.8480347921552017,-0.0005613695894599527 -8.33127549872047e-05 0.571428571327472 7.227983065860432e-05,0.8 -1.2 2.0 0.5
arm,1490,0.9947105422276759 -0.5743732281986963 1.7019901665852633 0.8480349359348699,-0.0005545069252201116 -8.215976563175453e-05 0.5714285713289717 7.188983410325008e-05,0.8 -1.2 2.0 0.5
arm,1491,0.9947094470986964 -0.5743733901919167 1.7031330237279243 0.8480350789016136,-0.0005475644897444374 -8.099661021687078e-05 0.5714285713305146 7.14833718412162e-05,0.8 -1.2 2.0 0.5
arm,1492,0.9947083660081084 -0.5743735498394253 1.7042758808705885 0.8480352210231421,-0.0005405452939567887 -7.98237543130597e-05 0.5714285713320983 7.106076428219989e-05,0.8 -1.2 2.0 0.5
arm,1493,0.9947072991034388 -0.5743737071227467 1.705418738013256 0.8480353622678075,-0.0005334523347948361 -7.86416606913362e-05 0.5714285713337209 7.062233270012373e-05,0.8 -1.2 2.0 0.5
arm,1494,0.9947062465262498 -0.5743738620243252 1.7065615951559268 0.8480355026046058,-0.0005262885944978872 -7.745078922226345e-05 0.5714285713353799 7.016839912749262e-05,0.8 -1.2 2.0 0.5
arm,1495,0.99470520841217 -0.5743740145275187 1.707704452298601 0.8480356420031783,-0.0005190570399086102 -7.625159677462909e-05 0.5714285713370735 6.969928625059926e-05,0.8 -1.2 2.0 0.5
arm,1496,0.9947041848909265 -0.574374164616593 1.7088473094412786 0.8480357804338129,-0.0005117606217872279 -7.504453711787705e-05 0.5714285713387991 6.921531730599209e-05,0.8 -1.2 2.0 0.5
arm,1497,0.9947031760863783 -0.5743743122767146 1.7099901665839596 0.8480359178674448,-0.000504402274138419 -7.383006082725284e-05 0.5714285713405542 6.871681597795221e-05,0.8 -1.2 2.0 0.5
arm,1498,0.9947021821165511 -0.574374457493945 1.7111330237266442 0.8480360542756574,-0.0004969849135522481 -7.260861518873966e-05 0.5714285713423372 6.82041062971257e-05,0.8 -1.2 2.0 0.5
arm,1499,0.994701203093674 -0.5743746002552332 1.7122758808693326 0.8480361896306825,-0.0004895114385571074 -7.138064410933992e-05 0.5714285713441454 6.767751254035843e-05,0.8 -1.2 2.0 0.5
arm,1500,0.9947002391242161 -0.5743747405484093 1.7134187380120245 0.8480363239054007,-0.0004819847289873875 -7.01465880246029e-05 0.5714285713459765 6.713735913143363e-05,0.8 -1.2 2.0 0.5
balance,0,0.0 0.2,0.0 0.0,0.0
balance,1,0.00095282748138042 0.1983313019030499,0.095282748138042 -0.16686980969500975,3.622984661171649
balance,2,0.002857717523790173 0.19499126518584076,0.1904890042409753 -0.33400367172091466,3.2458018623450062
balance,3,0.005714075335756721 0.18997254778852785,0.2856357811966548 -0.5018717397312912,2.839021280108438
balance,4,0.00952147316032856 0.18326312273134107,0.38073978245718393 -0.6709425057186772,2.4006619092517347
balance,5,0.014279645633382507 0.17484630025649955,0.47581724730539454 -0.8416822474841511,1.928663901188873
balance,6,0.01998848334817859 0.16470075729303338,0.5708837714796087 -1.0145542963466168,1.4208906628369715
balance,7,0.026527387253346444 0.15306931663540357,0.6538903905167852 -1.1631440657629795,0.8751317281649325
balance,8,0.033399926044892794 0.14103103579964538,0.6872538791546347 -1.2038280835758188,0.361189573690174
balance,9,0.040361236541372345 0.12910567322545605,0.6961310496479548 -1.1925362574189318,0.10735298396376969
balance,10,0.04729100856962844 0.11753615644656437,0.6929772028256095 -1.156951677889168,-0.01772530683196205
balance,11,0.05413037053554295 0.10642917987527126,0.6839361965914508 -1.1106976571293115,-0.07930213182136825
balance,12,0.060850643257063505 0.09582494340549863,0.6720272721520558 -1.0604236469772632,-0.10967417746661834
balance,13,0.06743794309386976 0.08573157188074186,0.6587299836806253 -1.009337152475677,-0.1247500062797986
balance,14,0.07388563124643832 0.07614200900361036,0.644768815256856 -0.9589562877131508,-0.13232811445273285
balance,15,0.08019062757341118 0.06704226034262722,0.6304996326972857 -0.9099748660983131,-0.1362140180231406
balance,16,0.08635161836845628 0.05841538842677268,0.6160990795045098 -0.8626871915854545,-0.13825708052352814
balance,17,0.09236818801802762 0.05024343238287289,0.6016569649571336 -0.8171956043899786,-0.13935284177602192
balance,18,0.09824039936413304 0.04250831841463323,0.5872211346105409 -0.7735113968239662,-0.139933814847367
balance,19,0.1039685910750578 0.03519228198399889,0.5728191710924768 -0.7316036430634341,-0.14020871571594773
balance,20,0.10955327951582954 0.02827805501355382,0.5584688440771727 -0.6914226970445068,-0.14027858644500402
balance,21,0.11499511069612198 0.02174894081424856,0.5441831180292447 -0.652911419930526,-0.1401929420966037
balance,22,0.12029483606891898 0.015588835943053658,0.5299725372797001 -0.61601048711949,-0.1399768132297754
balance,23,0.12545329959120097 0.00978222743900723,0.5158463522281984 -0.5806608504046427,-0.1396437152780199
balance,24,0.1304714300329809 0.004314179039724593,0.5018130441779929 -0.5468048399282638,-0.1392018355016722
balance,25,0.1353502356809907 -0.0008296871631803728,0.48788056480097913 -0.5143866202904965,-0.13865696186232102
balance,26,0.140090800096952 -0.005663210597316497,0.4740564415961297 -0.4833523434136124,-0.1380138523891743
balance,27,0.144694278312494 -0.010199712215765343,0.46034782155420184 -0.4536501618448846,-0.1372768614079578
balance,28,0.14916189318537432 -0.014452014018781083,0.44676148728802906 -0.42523018030157417,-0.13645021393909018
balance,29,0.15349493180275506 -0.018432457840275446,0.4333038617380748 -0.39804438214943644,-0.13553811528116633
balance,30,0.1576947418918722 -0.022152923319120485,0.4199810089117131 -0.37204654788450386,-0.13454478483724075
balance,31,0.16176272823196466 -0.02562484505272025,0.40679863400924715 -0.34719217335997643,-0.13347445637525257
balance,32,0.16570034907551287 -0.028859228963639356,0.39376208435482124 -0.32343839109191064,-0.13233136454589456
balance,33,0.16950911259200516 -0.03186666792278736,0.3808763516492282 -0.30074389591480033,-0.1311197268371891
balance,34,0.17319057334851481 -0.034657356675889775,0.3681460756509665 -0.27906887531024155,-0.12984372510106357
balance,35,0.17674632884064218 -0.03724110611900209,0.355575549212736 -0.25837494431123154,-0.1285074884126829
balance,36,0.18017801608593859 -0.03962735696611716,0.3431687245296421 -0.23862508471150726,-0.12711507791794396
balance,37,0.18348730829028123 -0.04182519284862517,0.3309292204342655 -0.21978358825080052,-0.12567047382049068
balance,38,0.18667591159602975 -0.04384335288302633,0.3188603305748529 -0.2018160034401162,-0.12417756443880135
balance,39,0.18974556191926256 -0.04569024374009216,0.3069650323232804 -0.184689085706583,-0.1226401371753103
balance,40,0.19269802188199414 -0.04737395124570561,0.295245996273157 -0.16837075056134537,-0.12106187121158996
balance,41,0.195535077844022 -0.048902251540906674,0.2837055962027848 -0.15283002952010635,-0.11944633174266484
balance,42,0.19825853703793705 -0.050282621826222076,0.2723459193915066 -0.13803702853154046,-0.11779696557386421
balance,43,0.2008702248098452 -0.05152225071314983,0.2611687771908148 -0.12396288869277558,-0.11611709791794561
balance,44,0.20337198196747847 -0.052628048203681,0.2501757157633265 -0.11057974905311728,-0.11440993024538582
balance,45,0.20576566223661216 -0.053606655316952356,0.23936802691336878 -0.09786071132713602,-0.11267853905530834
balance,46,0.20805312982603746 -0.054464453380514935,0.22874675894252933 -0.0857798063562576,-0.11092587544800997
balance,47,0.21023625710075936 -0.05520757300225736,0.21831272747218938 -0.07431196217424235,-0.10915476539234426
balance,48,0.21231692236258798 -0.0558419027377231,0.20806652618286295 -0.06343297354657403,-0.10736791059230916
balance,49,0.21429700773685986 -0.05637309746639266,0.19800853742718708 -0.053119472866955904,-0.10556788986721988
balance,50,0.2161783971636571 -0.056806586489452415,0.18813894267972386 -0.04334890230597551,-0.10375716096885906
balance,51,0.21796297449158117 -0.05714758136062916,0.17845773279240476 -0.0340994871176744,-0.10193806276717113
balance,52,0.2196526216718765 -0.05740108346082281,0.16896471802953328 -0.025350210019364702,-0.10011281774341896
balance,53,0.22124921705048461 -0.05757189132650947,0.15965953786081322 -0.017080786568666025,-0.09828353473640895
balance,54,0.22275463375543397 -0.05766460774120443,0.1505416704949363 -0.009271641469495613,-0.09645221189340743
balance,55,0.22417073817683283 -0.05768364659866148,0.141610442139885 -0.0019038857457047541,-0.09462073978285973
balance,56,0.22549938853662607 -0.05763323954593443,0.13286503597932392 0.0050407052727043915,-0.0927909046309777
balance,57,0.22674243354519913 -0.057517442413931884,0.12430450085730463 0.011579713200254988,-0.0909643916487349
balance,58,0.22790171114185934 -0.057340141442651454,0.11592775966602098 0.017730097128042837,-0.08914278841990392
balance,59,0.22897904731619495 -0.057105059307879805,0.10773361743356213 0.023508213477165172,-0.08732758832441423
balance,60,0.22997625500730035 -0.056815760955784174,0.0997207691105405 0.028929835209563083,-0.08552019397466272
balance,61,0.23089513307786186 -0.05647565925149654,0.0918878070561521 0.034010170428762934,-0.08372192064537654
balance,62,0.23173746536011863 -0.05608802044749801,0.08423322822567757 0.03876388039985309,-0.0819339996803502
balance,63,0.23250501977074542 -0.055655969477345656,0.07675544106267737 0.04320509701523607,-0.08015758186179295
balance,64,0.23319954749174737 -0.05518249508004346,0.06945277210019496 0.04734743973021927,-0.07839374073019836
balance,65,0.2338227822145091 -0.054670454760140284,0.06232347227617399 0.0512040319903179,-0.07664347584459977
balance,66,0.2343764394441995 -0.0541225795884382,0.05536572296903923 0.05478751717020887,-0.07490771597480522
balance,67,0.2348622158617995 -0.05354147884801247,0.04857764175999968 0.05811007404257257,-0.07318732221876173
balance,68,0.23528178874109074 -0.052929644530076904,0.041957287929123746 0.06118343179355687,-0.071483091039552
balance,69,0.23563681541801693 -0.05228945568407407,0.03550266769261984 0.06401888460028383,-0.06979575721775927
balance,70,0.2359289328099074 -0.051623182626227455,0.02921173918904801 0.06662730578466099,-0.06812599671598107
balance,71,0.23615975698213137 -0.05093299101065996,0.023082417222396182 0.06901916155674949,-0.0664744294532279
balance,72,0.2363308827598323 -0.05022094576705942,0.017112577770091838 0.07120452436005406,-0.06484162198774346
balance,73,0.23644388338247324 -0.04948901490875616,0.011300062264093748 0.0731930858303258,-0.06322809010750025
balance,74,0.23650031019900553 -0.048739073214968225,0.005642681653227445 0.07499416937879305,-0.06163430132823644
balance,75,0.23650169240155453 -0.04797290579086679,0.000138220254900733 0.0766167424101436,-0.060060677299420495
balance,76,0.2364495367955972 -0.047192211509016126,-0.005215560595732582 0.07806942818506635,-0.05850759611898304
balance,77,0.23634532760468524 -0.04639860633564904,-0.010420919091194275 0.07936051733670864,-0.056975394558028025
balance,78,0.2361905263078467 -0.04559362654514893,-0.015480129683852942 0.0804979790500109,-0.05546437019705519
balance,79,0.23598657150787508 -0.0447787318260236,-0.020395479997163308 0.0814894719125333,-0.05397478347548201
balance,80,0.23573487882879043 -0.04395530828157276,-0.02516926790846583 0.08234235444508424,-0.05250685965646695
balance,81,0.23543684084083016 -0.04312467132837084,-0.029803798796028274 0.08306369532019141,-0.05106079070920638
balance,82,0.23509382701139805 -0.04228806849560868,-0.034301382943212125 0.08366028327621665,-0.049636737111001306
balance,83,0.23470718368046947 -0.04144668212826165,-0.0386643330928578 0.08413863673470293,-0.04823482957149705
balance,84,0.2342782340590175 -0.040601631996978166,-0.04289496214519955 0.08450501312834857,-0.04685517068155637
balance,85,0.23380827824908906 -0.039753977817509854,-0.04699558099284309 0.08476541794683144,-0.04549783648928202
balance,86,0.23329859328422345 -0.038904721682434404,-0.05096849648656274 0.08492561350754498,-0.04416287800571561
balance,87,0.23275043318896446 -0.03805481040785278,-0.05481600952589991 0.08499112745816245,-0.04285032264275107
balance,88,0.23216502905627678 -0.03720513779767471,-0.05854041326876866 0.08496726101780729,-0.041560175585783066
balance,89,0.23154358914173181 -0.03635654682803991,-0.06214399145449643 0.08485909696348012,-0.04029242110359166
balance,90,0.23088729897338234 -0.03550983175435723,-0.06562901683494697 0.08467150736826859,-0.039047023797918134
balance,91,0.23019732147629646 -0.034665740143379725,-0.06899774970858805 0.08440916109775004,-0.037823929795153644
balance,92,0.22947479711077068 -0.033824974832670905,-0.07225243655257715 0.0840765310708823,-0.03662306788249675
balance,93,0.22872084402328924 -0.032988195819755234,-0.07539530874814428 0.08367790129156714,-0.035444350590885965
balance,94,0.22793655820934172 -0.03215602208318562,-0.07842858139475074 0.08321737365696184,-0.03428767522694276
balance,95,0.22712301368725474 -0.03132903333770054,-0.08135445220869797 0.0826988745485076,-0.03315292485610166
balance,96,0.22628126268223425 -0.03050777172558518,-0.08417510050204727 0.0821261612115359,-0.03203996923902136
balance,97,0.22541233581985531 -0.02969274344629309,-0.08689268623789471 0.08150282792920906,-0.030948665723314395
balance,98,0.2245172423282731 -0.028884420326328642,-0.08950934915821968 0.08083231199644485,-0.029878860092547088
balance,99,0.22359697024846617 -0.028083241331334944,-0.09202720798069512 0.08011789949936995,-0.028830387374398303
balance,100,0.22265248665185608 -0.027289614022277534,-0.09444835966101023 0.07936273090574107,-0.02780307260978654
balance,101,0.22168473786468196 -0.026503915957560863,-0.09677487871741185 0.07856980647166699,-0.026796731584707634
balance,102,0.22069464969853875 -0.025726496042862274,-0.09900881661432151 0.07774199146985887,-0.025811171526451793
balance,103,0.21968312768651846 -0.024957675830416977,-0.10115220120202781 0.0768820212445297,-0.024846191765799885
balance,104,0.21865105732442253 -0.024197750769437396,-0.103207036209592 0.07599250609795816,-0.023901584366731732
balance,105,0.21759930431654018 -0.023446991409301145,-0.10517530078823577 0.07507593601362504,-0.022977134725111592
balance,106,0.2165287148255141 -0.0227056445570939,-0.10705894910260641 0.07413468522072475,-0.02207262213775396
balance,107,0.21544011572583976 -0.021973934391046418,-0.10885990996743448 0.07317101660474798,-0.021187820343209207
balance,108,0.21433431486056762 -0.021252063531359163,-0.11058008652721406 0.07218708596872556,-0.020322498035547865
balance,109,0.21321210130080118 -0.020540214069862985,-0.1122213559766452 0.0711849461496179,-0.019476419352367158
balance,110,0.21207424560760435 -0.01983854855992069,-0.11378556931968303 0.0701665509942294,-0.018649344338185492
balance,111,0.21092150009595298 -0.019147210967931465,-0.11527455116513727 0.0691337591989225,-0.017841029384338736
balance,112,0.20975459910038435 -0.018466327587758447,-0.1166900995568616 0.06808833801730178,-0.01705122764643907
balance,113,0.20857425924201772 -0.017796007919359084,-0.11803398583666266 0.06703196683993617,-0.01627968944041136
balance,114,0.20738117969663628 -0.017136345512858246,-0.11930795453814509 0.06596624065008398,-0.015526162618071215
balance,115,0.20617604246353835 -0.016487418779265392,-0.12051372330979147 0.06489267335928538,-0.01479039292316886
balance,116,0.2049595126348818 -0.015849291768999532,-0.12165298286565458 0.06381270102658594,-0.014072124328773972
balance,117,0.20373223866526066 -0.015222014919348966,-0.12272739696211422 0.06272768496505665,-0.013371099356844829
balance,118,0.20249485264126843 -0.014605625771957186,-0.12373860239922237 0.06163891473917799,-0.012687059380776855
balance,119,0.20124797055081614 -0.014000149661391598,-0.12468820904522816 0.060547611056558925,-0.01201974491169408
balance,120,0.19999219255198675 -0.013405600375817917,-0.12557779988293952 0.05945492855736801,-0.011368895869213358
balance,121,0.19872810324122034 -0.012821980790770321,-0.12640893107663959 0.05836195850475966,-0.01073425183737256
balance,122,0.19745627192063697 -0.012249283476975448,-0.1271831320583353 0.05726973137948734,-0.010115552306386916
balance,123,0.19617725286431525 -0.011687491283157395,-0.12790190563217188 0.056179219381805305,-0.009512536900864205
balance,124,0.19489158558335626 -0.011136577894720669,-0.1285667280958998 0.05509133884367248,-0.0089249455950845
balance,125,0.19359979508957292 -0.010596508369178819,-0.12917904937833338 0.05400695255418495,-0.008352518915917706
balance,126,0.19230239215765504 -0.01006723964916803,-0.12974029319178706 0.05292687200107885,-0.007794998133931835
balance,127,0.1909998735856698 -0.009548721053857404,-0.13025185719852392 0.051851859531062715,-0.007252125443216656
balance,128,0.18969272245376687 -0.009040894749540845,-0.1307151131902938 0.05078263043165594,-0.0067236441304241445
balance,129,0.18838140838096604 -0.008543696200169525,-0.1311314072800822 0.04971985493713205,-0.0062092987335087
balance,130,0.18706638777991372 -0.008057054598558662,-0.13150206010523063 0.048664160161086316,-0.005708835190623346
balance,131,0.18574810410950243 -0.007580893278977944,-0.13182836704112819 0.04761613195807182,-0.005222000979611341
balance,132,0.18442698812525532 -0.007115130111811198,-0.13211159842471162 0.046576316716674566,-0.004748545248515118
balance,133,0.18310345812738485 -0.006659677880947947,-0.13235299978704576 0.04554522308632513,-0.004288218937502836
balance,134,0.18177792020644196 -0.006214444644547207,-0.1325537920942901 0.04452332364007402,-0.0038407748925957663
balance,135,0.18045076848647806 -0.005779334079792307,-0.1327151719963906 0.04351105647549002,-0.003405967971568419
balance,136,0.17912238536564942 -0.005354245812234581,-0.13283831208286517 0.04250882675577257,-0.0029835551423700035
balance,137,0.1777931417541986 -0.0049390757303035306,-0.13292436114508244 0.04151700819310512,-0.002573295574407025
balance,138,0.176463397309754 -0.004533716285541401,-0.13297444444446044 0.04053594447621291,-0.0021749507230111875
balance,139,0.17513350066989358 -0.004138056779101141,-0.13298966398604006 0.03956595064402606,-0.0017882844073994764
balance,140,0.17380378968192445 -0.0037519836350282418,-0.1329710987969131 0.03860731440728988,-0.0014130628824268743
balance,141,0.17247459162983433 -0.003375380660829186,-0.13291980520901034 0.0376602974199056,-0.0010490549044156472
balance,142,0.17114622345837655 -0.003008129295811909,-0.13283681714577855 0.036725136501727734,-0.0006960317913326519
balance,143,0.16981899199425357 -0.002650108847667011,-0.13272314641229818 0.03580204481448976,-0.00035376747757920324
balance,144,0.16849319416436942 -0.0023011967177422555,-0.13257978298841525 0.03489121299247555,-2.2038563641885167e-05
balance,145,0.1671691172111246 -0.001961268615447225,-0.1324076953244823 0.03399281022950309,0.000299375639150945
balance,146,0.16584703890473138 -0.00163019876220987,-0.13220783063932273 0.03310698532373549,0.0006106930685392808
balance,147,0.16452722775253084 -0.0013078600853920104,-0.13198111522005257 0.032233867681785947,0.000912128875684648
balance,148,0.16320994320529672 -0.0009941244025566524,-0.1317284547234121 0.03137356828353579,0.0012038953937527908
balance,149,0.16189543586051394 -0.0006888625964662667,-0.13145073447827726 0.03052618060903857,0.0014862021105220002
balance,150,0.16058394766262357 -0.0003919447811778844,-0.13114881978903775 0.02969178152883823,0.0017592556448215446
balance,151,0.15927571210022812 -0.00010324045958801857,-0.1308235562395453 0.028870432158986582,0.0020232597266102575
balance,152,0.1579709544002546 0.00017738132723200901,-0.13047576999735086 0.02806217868200276,0.0022784151805159136
balance,153,0.15666989171907497 0.00045005185858177786,-0.1301062681179644 0.027267053134976887,0.0025249199126602118
balance,154,0.15537273333058613 0.0007149026002415838,-0.12971583884888585 0.026485074165980584,0.0027629689006043734
balance,155,0.15407968081125445 0.0009720650778406725,-0.1293052519331685 0.02571624775990888,0.0029927541862533186
balance,156,0.15279092822213156 0.0012216707571890769,-0.12887525891229057 0.02496056793484044,0.0032144648715674157
balance,157,0.15150666228785034 0.0014638509312887564,-0.12842659342812243 0.024218017409967957,0.0034282871169308837
balance,158,0.15022706257261245 0.001698736613749907,-0.12795997152378924 0.02348856824611505,0.003634404142038347
balance,159,0.14895230165318005 0.001926458438348131,-0.12747609194324075 0.022772182459822415,0.0038329962291619585
balance,160,0.14768254528888652 0.0021471465644676687,-0.1269756364293509 0.022068812611953783,0.0040242407286686654
balance,161,0.14641795258868273 0.0023609305881850686,-0.12645927002038038 0.021378402371739966,0.004208312066662959
balance,162,0.14515867617523628 0.0025679394587565583,-0.125927641344646 0.020700887057148964,0.004385381754635279
balance,163,0.14390486234610378 0.0027683014002809654,-0.12538138291325024 0.020036194152440696,0.004555618400998718
balance,164,0.14265665123199645 0.002962143838318322,-0.12482111141073342 0.019384243803735633,0.0047191877244064095
balance,165,0.14141417695216124 0.003149593331252314,-0.12424742798352101 0.018744949293399194,0.004876252568741524
balance,166,0.14017756776690077 0.0033307755061924823,-0.12366091852604601 0.018118217494016858,0.005026972919678296
balance,167,0.13894694622725642 0.003505814999219572,-0.12306215396443532 0.017503949302708953,0.005171505922716618
balance,168,0.13772242932187986 0.0036748353997846533,-0.1224516905376567 0.01690204005650814,0.005310005902598336
balance,169,0.13650412862111955 0.0038379591990796488,-0.12183007007603068 0.016312379929499538,0.005442624384011954
balance,170,0.13529215041834936 0.0039953077422036345,-0.12119782027701863 0.015734854312398554,0.005569510113504095
balance,171,0.1340865958685673 0.0041470011839558245,-0.12055545497820563 0.01516934417521903,0.005690809082512599
balance,172,0.13288756112429329 0.004293158448092453,-0.11990347442740308 0.014615726413662815,0.0058066645514425405
balance,173,0.13169513746879527 0.004433897189890844,-0.11924236554980225 0.014073874179839164,0.005917217074712398
balance,174,0.1305094114466741 0.004569333761869876,-0.1185726022121166 0.013543657197903155,0.0060226045266935785
balance,175,0.12933046499183756 0.004699583182521683,-0.11789464548365552 0.01302494206518065,0.006122962128480104
balance,176,0.12815837555289478 0.004824759107914976,-0.11720894389427872 0.012517592539329348,0.006218422475416478
balance,177,0.12699321621600293 0.004944973806035636,-0.11651593368918492 0.01202146981206594,0.00630911556532416
balance,178,0.125835055825198 0.005060338133735348,-0.11581603908049405 0.011536432769971136,0.006395168827366224
balance,179,0.12468395910024213 0.0051709615161640195,-0.11510967249558672 0.011062338242867207,0.006476707151490339
balance,180,0.12353998675202044 0.005276951928566473,-0.11439723482216933 0.010599041240245332,0.006553852918396927
balance,181,0.12240319559552006 0.005378415880328508,-0.11367911565003755 0.010146395176203542,0.00662672602997981
balance,182,0.1212736386604249 0.0054754584011619135,-0.11295569350951513 0.009704252083340508,0.006695443940187597
balance,183,0.12015136529935941 0.005568183029322259,-0.11222733610654888 0.009272462816034567,0.0067601216862594946
balance,184,0.11903642129381496 0.005656691801757485,-0.11149440055444422 0.008850877243522626,0.006820871920290177
balance,185,0.11792884895779267 0.00574108524608928,-0.11075723360222973 0.008439344433179516,0.006877804941077759
balance,186,0.11682868723919625 0.005821462374333117,-0.11001617185964202 0.008037712824383689,0.0069310287262174045
balance,187,0.11573597181900899 0.005897920678266539,-0.10927154201872566 0.007645830393342269,0.006980648964397852
balance,188,0.11465073520828853 0.005970556126358892,-0.10852366107204618 0.007263544809235279,0.007026769087864683
balance,189,0.11357300684301336 0.006039463162179153,-0.10777283652751658 0.006890703582026089,0.007069490305015039
balance,190,0.11250281317681494 0.006104734704201883,-0.10701936661984089 0.006527154202272968,0.007108911633089635
balance,191,0.11144017777162914 0.006166462146934532,-0.1062635405185807 0.006172744273264932,0.007145129930930031
balance,192,0.1103851213863006 0.006224735363292468,-0.1055056385328532 0.0058273216357935635,0.007178239931770355
balance,193,0.10933766206317388 0.0062796427081510805,-0.10474593231267146 0.005490734485861285,0.007208334276035962
balance,194,0.10829781521270448 0.006331271023007243,-0.10398468504693968 0.005162831485616266,0.00723550354411958
balance,195,0.10726559369612329 0.006379705641685177,-0.10322215165811877 0.004843461867793355,0.007259836289111435
balance,196,0.1062410079061875 0.006425030397024485,-0.10245857899357876 0.004532475533930894,0.007281419069456896
balance,197,0.10522406584605093 0.006467327628490715,-0.10169420601365702 0.004229723146623001,0.007300336481520751
balance,198,0.1042147732062865 0.006506678190651299,-0.10092926397644258 0.003935056216058306,0.007316671192033875
balance,199,0.10321313344009342 0.006543161462462164,-0.10016397661930866 0.00364832718108649,0.007330503970404016
balance,200,0.10221914783672126 0.006576855357312619,-0.09939856033721675 0.0033693894850455076,0.007341913720870185
balance,201,0.10123281559314308 0.006607836333778359,-0.09863322435781734 0.0030980976465739708,0.007350977514482658
balance,202,0.10025413388400935 0.0066361794070346055,-0.09786817091337326 0.0028343073256246673,0.007357770620892547
balance,203,0.09928309792991401 0.0066619581608834836,-0.09710359540953327 0.0025778753848878055,0.007362366539933456
balance,204,0.09831970106400417 0.006685244760351729,-0.09633968659098417 0.0023286599468245696,0.007364837032981367
balance,205,0.09736393479696406 0.006706109964816772,-0.09557662670401118 0.002086520446504216,0.007365252154078907
balance,206,0.0964157888804041 0.006724623141621083,-0.09481459165599701 0.0018513176804311401,0.007363680280809784
balance,207,0.09547525136868519 0.0067408522801364916,-0.09405375117189099 0.0016229138515408447,0.007360188144913597
balance,208,0.09454230867920839 0.00675486400624187,-0.09329426894768057 0.0014011726105378744,0.007354840862626415
balance,209,0.0936169456511994 0.006766723597179285,-0.09253630280089795 0.0011859590937414446,0.007347701964741005
balance,210,0.09269914560301745 0.0067764949967552765,-0.09178000481819559 0.0009771399575991557,0.007338833426372639
balance,211,0.0917888903880172 0.006784240830855502,-0.09102552150002491 0.0007745834100225576,0.0073282956964249085
balance,212,0.09088616044899267 0.006790022423242429,-0.09027299390245257 0.0005781592386926712,0.007316147726746522
balance,213,0.08999093487123117 0.006793899811607211,-0.08952255777615012 0.00038773883647823357,0.007302447000969912
balance,214,0.08910319143420524 0.006795931763848247,-0.08877434370259224 0.00020319522410355752,0.007287249563028301
balance,215,0.08822290666193024 0.006796175794550227,-0.08802847722749989 2.440307019803463e-05,0.007270610045341734
balance,216,0.0873500558720146 0.0067946881816387675,-0.08728507899156475 -0.00014876129114587192,0.0072525816966684
balance,217,0.08648461322342968 0.006791523983186925,-0.08654426485849163 -0.0003164198451842984,0.0072332164096159555
balance,218,0.08562655176302572 0.006786737054351066,-0.08580614604039574 -0.0004786928835858878,0.0072125647478077735
balance,219,0.0847758434708198 0.006780380064414711,-0.08507082922059198 -0.0006356989936354731,0.0071906759727014624
balance,220,0.08393245930408166 0.006772504513920021,-0.08433841667381353 -0.0007875550494691111,0.007167598070054952
balance,221,0.08309636924024269 0.006763160751867656,-0.08360900638389718 -0.0009343762052364596,0.007143377776037982
balance,222,0.08226754231865296 0.00675239799296675,-0.08288269215897272 -0.0010762758900906039,0.007118060602986576
balance,223,0.08144594668121102 0.006740264334917657,-0.08215956374419416 -0.001213365804909268,0.007091690864797611
balance,224,0.08063154961189052 0.006726806775711104,-0.08143970693205006 -0.0013457559206553316,0.0070643117019629125
balance,225,0.07982431757518761 0.006712071230928223,-0.08072320367029066 -0.001473554478288124,0.0070359651062410844
balance,226,0.07902421625351252 0.006696102551026816,-0.08001013216750913 -0.0015968679901406627,0.007006691944966414
balance,227,0.07823121058354839 0.006678944538600004,-0.07930056699641444 -0.0017158012426811778,0.006976531984993357
balance,228,0.07744526479160005 0.0066606399655941935,-0.07859457919483304 -0.0018304573005810526,0.006945523916278642
balance,229,0.07666634242795528 0.006641230590474056,-0.07789223636447651 -0.001940937512013805,0.006913705375097794
balance,230,0.07589440640028015 0.006620757175322919,-0.07719360276751218 -0.0020473415151136824,0.006881112966900495
balance,231,0.07512941900607042 0.006599259502867673,-0.07649873942097356 -0.0021497672455245303,0.006847782288801105
balance,232,0.07437134196417995 0.006576776393417942,-0.07580770418904709 -0.0022483109449731313,0.006813747951709102
balance,233,0.07362013644544724 0.006553345721709905,-0.07512055187327173 -0.002343067170803677,0.0067790436020983315
balance,234,0.07287576310244036 0.006529004433645777,-0.0744373343006875 -0.002434128806412748,0.006743701943417337
balance,235,0.07213818209834066 0.00650378856292051,-0.07375810040996882 -0.002521587072526745,0.006707754757141993
balance,236,0.07140735313498488 0.0064777332475278475,-0.0730828963355784 -0.0026055315392662422,0.006671232923473089
balance,237,0.07068323548008511 0.006450872746138407,-0.07241176548997702 -0.002686050138944004,0.006634166441679752
balance,238,0.06996578799364586 0.006423240454342949,-0.07174474864392409 -0.00276322917954579,0.006596584450091637
balance,239,0.06925496915359682 0.006394868920754493,-0.07108188400490403 -0.002837153358845538,0.006558515245743236
balance,240,0.06855073708065969 0.006365789862963414,-0.07042320729371261 -0.002907905779107982,0.006519986303670138
balance,241,0.06785304956246731 0.006336034183340069,-0.06976875181923761 -0.0029755679623344996,0.006481024295862682
balance,242,0.06716186407695264 0.006305631984679971,-0.0691185485514673 -0.0030402198660097247,0.006441655109878954
balance,243,0.06647713781502504 0.0062746125856868885,-0.06847262619276032 -0.0031019398993082964,0.006401903867119389
balance,244,0.06579882770255094 0.00624300453628966,-0.06783101124740994 -0.003160804939722823,0.006361794940766427
balance,245,0.06512689042165558 0.0062108356327888956,-0.06719372808953535 -0.003216890350076498,0.00632135197339369
balance,246,0.06446128243136226 0.006178132932830049,-0.06656079902933228 -0.0032702699958847047,0.006280597894245775
balance,247,0.06380195998758512 0.006144922770199726,-0.06593224437771486 -0.0033210162630322665,0.006239554936193856
balance,248,0.06314887916249132 0.006111230769442384,-0.06530808250938035 -0.0033692000757341222,0.006198244652369565
balance,249,0.06250199586324805 0.006077081860294895,-0.06468832992432762 -0.0034148909147489804,0.006156687932481107
balance,250,0.06186126585016944 0.006042500291936726,-0.06407300130786038 -0.0034581568358169144,0.006114905018815514
balance,251,0.061226644754278386 0.0060075096470537945,-0.06346210958910536 -0.0034990644882930944,0.006072915521929749
balance,252,0.060598088094297634 0.005972132855714279,-0.06285566599807536 -0.0035376791339515852,0.0060307384360358506
balance,253,0.059975551293084566 0.0059363922090549396,-0.06225368012130671 -0.0035740646659339287,0.005988392154082272
balance,254,0.05935898969352356 0.00590030937277675,-0.06165615995610031 -0.0036082836278189365,0.005945894482536705
balance,255,0.05874835857388961 0.005863905400448839,-0.061063111963394825 -0.003640397232791059,0.005903262655873461
balance,256,0.0581436131626966 0.00582720074661998,-0.06047454111930043 -0.003670465382885912,0.005860513350769467
balance,257,0.05754470865304339 0.0057902152797370526,-0.05989045096532094 -0.003698546688292673,0.005817662700012912
balance,258,0.05695160021647047 0.005752968294870112,-0.05931084365729173 -0.0037246984866941015,0.005774726306128622
balance,259,0.05636424301633987 0.005715478526243852,-0.05873572001306061 -0.00374897686262596,0.005731719254723731
balance,260,0.055782592220750486 0.005677764159575466,-0.058165079558938126 -0.0037714366668386012,0.00568865612755815
balance,261,0.05520660301500105 0.005639842844219022,-0.05759892057494361 -0.003792131535644409,0.005645551015343586
balance,262,0.05463623061361232 0.005601731705116664,-0.05703724013887277 -0.003811113910235767,0.0056024175302751625
balance,263,0.0540714302719202 0.0055634473545570755,-0.05648003416921215 -0.0038284350559588624,0.005559268818299377
balance,264,0.053512157297250944 0.005525005903741777,-0.05592729746692547 -0.003844145081529871,0.005516117571123438
balance,265,0.05295836705968958 0.0054864229741599735,-0.055379023756136445 -0.003858292958180385,0.00547297603796836
balance,266,0.05241001500245226 0.005447713708772772,-0.05483520572373216 -0.003870926538720114,0.0054298560370714954
balance,267,0.05186705665187315 0.005408892783007719,-0.05429583505791086 -0.003882092576505337,0.0053867689669411245
balance,268,0.051329447627016175 0.005369974415564693,-0.05376090248569735 -0.0038918367443025693,0.0053437258173685345
balance,269,0.05079714364892168 0.005330972379034321,-0.05323039780944919 -0.0039002036530372116,0.005300737180199758
balance,270,0.050270100549497924 0.005291900010330142,-0.05270430994237597 -0.003907236870417929,0.005257813259872651
balance,271,0.049748274280066986 0.005252770220935861,-0.05218262694309402 -0.003912978939428022,0.0052149638837224
balance,272,0.0492316209195746 0.005213595506969107,-0.05166533604923827 -0.003917471396675418,0.005172198512058922
balance,273,0.048720096682473076 0.005174387959063167,-0.05115242371015253 -0.003920754790593982,0.005129526248021675
balance,274,0.048213657926286284 0.0051351592720682805,-0.05064387561867936 -0.003922868699488722,0.005086955847213442
balance,275,0.047712261158865586 0.0050959207545740945,-0.05013967674207001 -0.003923851749418639,0.005044495727119288
balance,276,0.04721586304534524 0.005056683338254985,-0.049639811352034706 -0.003923741631910977,0.005002153976312658
balance,277,0.046724420414805706 0.0050174575870399725,-0.04914426305395315 -0.003922575121501279,0.004959938363453084
balance,278,0.04623789026665306 0.00497825370610903,-0.048653014815264684 -0.003920388093094285,0.004917856346080048
balance,279,0.04575622977672249 0.004939081550717623,-0.048166048993057306 -0.003917215539140698,0.004875915079204856
balance,280,0.04527939630311374 0.004899950634851365,-0.0476833473608742 -0.003913091586625792,0.004834121423706223
balance,281,0.04480734739176618 0.004860870139712708,-0.04720489113475628 -0.003908049513865697,0.0047924819545315175
balance,282,0.04434004078178079 0.004821848922041628,-0.04673066099853875 -0.0039021217671080283,0.004751002968708427
balance,283,0.043877434410496595 0.004782895522272293,-0.046260637128419366 -0.0038953399769335426,0.0047096904931701634
balance,284,0.043419486418328435 0.004744018172527732,-0.045794799216815736 -0.003887734974456114,0.004668550292397697
balance,285,0.042966155153373146 0.004705224804454548,-0.045333126495528786 -0.0038793368073183243,0.004627587875882223
balance,286,0.04251739917579086 0.0046665230568997415,-0.04487559775822888 -0.003870174755480687,0.004586808505412484
balance,287,0.04207317726196805 0.004627920283431718,-0.04442219138228111 -0.0038602773468023334,0.004546217202188316
balance,288,0.04163344840846879 0.0045894235597076,-0.04397288534992566 -0.0038496723724118125,0.004505818753766374
balance,289,0.0411981718357805 0.004551039690688937,-0.04352765726882899 -0.003838386901866329,0.0044656177208385155
balance,290,0.040767306991860285 0.0045127752177079525,-0.043086484392021174 -0.0038264472980985027,0.004425618443848664
balance,291,0.04034081355548794 0.004474636425386456,-0.0426493436372345 -0.003813879232149704,0.004385825049449758
balance,292,0.03991865143943136 0.0044366293484095634,-0.04221621160565806 -0.00380070769768925,0.004346241456804482
balance,293,0.03950078079343013 0.004398759778156372,-0.041787064600122735 -0.0037869570253191097,0.004306871383733157
balance,294,0.039087162007002824 0.004361033269189734,-0.04136187864273079 -0.0037726508966637643,0.004267718352711397
balance,295,0.038677755712083386 0.004323455145607281,-0.040940629491943874 -0.0037578123582452964,0.004228785696721192
balance,296,0.03827252278549196 0.004286030507255844,-0.04052329265914303 -0.0037424638351436874,0.004190076564957668
balance,297,0.03787142435124522 0.004248764235811416,-0.04010984342467391 -0.003726627144442786,0.004151593928395404
balance,298,0.03747442178271132 0.004211661000726794,-0.03970025685339032 -0.003710323508462209,0.004113340585216096
balance,299,0.03708147670461424 0.004174725265049033,-0.03929450780970859 -0.0036935735677760596,0.004075319166102077
balance,300,0.03669255099489238 0.0041379612911088435,-0.038892570972185486 -0.0036763973940189035,0.004037532139396336
balance,301,0.03630760678641606 0.004101373146084042,-0.03849442084763157 -0.003658814502480155,0.003999981816134082
balance,302,0.035926606468568344 0.004064964707439164,-0.0381000317847721 -0.0036408438644877777,0.003962670354947068
balance,303,0.03554951268869368 0.00402873966824334,-0.03770937798746703 -0.0036225039195823747,0.003925599766843653
balance,304,0.03517628835341866 0.003992701542368509,-0.03732243352750149 -0.0036038125874831165,0.0038887719198681895
balance,305,0.03480689662984908 0.003956853669570042,-0.03693917235695798 -0.003584787279846646,0.003852188543640892
balance,306,0.03444130094664727 0.003921199220451837,-0.03655956832018107 -0.003565444911820533,0.003815851233781911
balance,307,0.03407946499499381 0.0038857412013179084,-0.03618359516534526 -0.0035458019133928257,0.0037797614562216867
balance,308,0.03372135272943745 0.003850482458912516,-0.03581122655563655 -0.003525874240539208,0.0037439205513998316
balance,309,0.033366928368636875 0.003815425685050819,-0.03544243608005774 -0.0035056773861697147,0.0037083297383560445
balance,310,0.0330161563959982 0.0037805734211420546,-0.03507719726386746 -0.0034852263908764394,0.0036729901187133717
balance,311,0.03266900156021157 0.0037459280626072106,-0.034715483578662755 -0.003464535853484406,0.0036379026805588143
balance,312,0.03232542887569042 0.003711491863193137,-0.03435726845211456 -0.003443619941407337,0.0036030683022215577
balance,313,0.03198540362291676 0.0036772669391850338,-0.03400252527736549 -0.0034224924008103216,0.003568487755951824
balance,314,0.03164889134869577 0.003643255273519219,-0.03365122742209899 -0.0034011665665814672,0.0035341617115029356
balance,315,0.031315857866322884 0.0036094587197980747,-0.03330334823728864 -0.003379655372114455,0.003500090739617859
balance,316,0.03098626925566652 0.0035758790062090317,-0.0329588610656364 -0.003357971358904325,0.003466275315423612
balance,317,0.03066009186316944 0.003542517739349448,-0.032617739249708164 -0.0033361266859583886,0.0034327158217341384
balance,318,0.03033729230177169 0.0035093764079592,-0.0322799561397749 -0.003314133139024759,0.003399412552265651
balance,319,0.030017837450758013 0.0034764563865627963,-0.03194548510136748 -0.0032920021396403883,0.003366365714764145
balance,320,0.02970169445553248 0.0034437589390227848,-0.03161429952255307 -0.003269744754001155,0.0033335754340494666
balance,321,0.029388830727323074 0.0034112852220062237,-0.03128637282094074 -0.0032473717016561114,0.0033010417549760255
balance,322,0.029079213942818836 0.003379036288365942,-0.030961678450423868 -0.003224893364028189,0.003268764645313005
balance,323,0.02877281204374217 0.0033470130904383047,-0.030640189907666638 -0.003202319792763744,0.0032367439985457776
balance,324,0.028469593236358753 0.0033152164832591724,-0.030321880738341772 -0.003179660717913228,0.0032049796366003854
balance,325,0.028169525990927487 0.0032836472276997187,-0.03000672454312653 -0.0031569255559453723,0.0031734713124928933
balance,326,0.02787257904109285 0.0032523059935237473,-0.02969469498346377 -0.0031341234175971495,0.0031422187129050844
balance,327,0.027578721383221903 0.0032211933623681275,-0.029385765787094738 -0.0031112631155619714,0.003111221460688887
balance,328,0.0272879222756882 0.0031903098306479433,-0.029079910753370065 -0.0030883531720184323,0.0030804791173005726
balance,329,0.027000151238104748 0.0031596558123879234,-0.028777103758345322 -0.003065401826001995,0.003049991185166915
balance,330,0.026715378050508075 0.003129231641981704,-0.028477318759667334 -0.0030424170406219506,0.003019757109984457
balance,331,0.026433572752495502 0.003099037576880443,-0.02818052980125722 -0.0030194065101260895,0.0029897762829541076
balance,332,0.02615470564231754 0.0030690738002122895,-0.02788671101779613 -0.00299637766681536,0.002960048042951866
balance,333,0.025878747275927347 0.0030393404233341795,-0.027595836639019343 -0.0029733376878109917,0.002930571678638168
balance,334,0.025605668465989103 0.0030098374883174165,-0.027307880993824356 -0.0029502935016763147,0.002901346430506213
balance,335,0.025335440280847117 0.0029805649703684594,-0.027022818514198438 -0.002927251794895697,0.002872371492871815
balance,336,0.025068034043457407 0.00295152278018633,-0.02674062373897091 -0.0029042190182129537,0.002843646015805756
balance,337,0.024803421330283452 0.002922710766258015,-0.026461271317395407 -0.002881201392831482,0.0028151691070097424
balance,338,0.02454157397015778 0.00289412871709323,-0.02618473601256713 -0.0028582049164785086,0.0027869398336380687
balance,339,0.02428246404311098 0.0028657763633998727,-0.02591099270468006 -0.00283523536933571,0.0027589572240657185
balance,340,0.024026063879169692 0.002837653380201488,-0.025640016394128894 -0.0028122983198385007,0.0027312202696045135
balance,341,0.02377234605712509 0.002809759388898025,-0.025371782204460406 -0.0027893991303462873,0.002703727926168754
balance,342,0.0235212834032733 0.002782093959271166,-0.025106265385178836 -0.0027665429626858905,0.0026764791158910804
balance,343,0.023272848990129203 0.002754656611435462,-0.024843441314409687 -0.002743734783570403,0.0026494727286903927
balance,344,0.02302701613511494 0.0027274468177365045,-0.02458328550142631 -0.0027209793698957313,0.002622707623792896
balance,345,0.022783758399224505 0.0027004640045973347,-0.024325773589043476 -0.002698281313916963,0.0025961826312071203
balance,346,0.022543049585665685 0.0026737075543142672,-0.02407088135588208 -0.002675645028306761,0.0025698965531544254
balance,347,0.022304863738480597 0.0026471768068032876,-0.02381858471850894 -0.0026530747510979513,0.002543848165456067
balance,348,0.02206917514114604 0.002620871061298163,-0.023568859733455638 -0.002630574550512443,0.0025180362188779396
balance,349,0.02183595831515484 0.0025947895780013774,-0.023321682599120163 -0.0026081483296785633,0.00249245944043385
balance,350,0.02160518801857929 0.0025689315796889878,-0.023077029657555093 -0.0025857998312389468,0.002467116534648874
balance,351,0.021376839244617828 0.0025432962532704775,-0.02283487739614589 -0.0025635326418510062,0.0024420061847832686
balance,352,0.021150887220125997 0.002517882751304657,-0.02259520244918286 -0.002541350196582049,0.0024171270540183556
balance,353,0.020927307404132695 0.0024926901934726464,-0.022357981599330126 -0.0025192557832010615,0.002392477786605278
balance,354,0.020706075486342745 0.002467717668008955,-0.022123191778995032 -0.0024972525463691385,0.0023680570089774505
balance,355,0.020487167385626733 0.0024429642330916494,-0.021890810071601124 -0.002475343491730555,0.0023438633308278424
balance,356,0.02027055924849905 0.002418428918192585,-0.02166081371276792 -0.0024535314899064293,0.0023198953461520382
balance,357,0.02005622744758505 0.0023941107253886568,-0.02143318009140051 -0.0024318192803928457,0.0022961516342575993
balance,358,0.019844148580078127 0.002370008630635003,-0.02120788675069199 -0.002410209475365414,0.00227263076074123
balance,359,0.01963429946618771 0.002346121585001082,-0.02098491138904161 -0.002388704563392083,0.0022493312784341267
balance,360,0.019426657147578796 0.0023224485158705216,-0.020764231860891467 -0.0023673069130560466,0.0022262517283164075
balance,361,0.019221198885803953 0.0022989883281056157,-0.020545826177484513 -0.0023460187764906115,0.002203390640401837
balance,362,0.01901790216072849 0.0022757399051773377,-0.020329672507546522 -0.002324842292827771,0.002180746534593027
balance,363,0.01881674466894954 0.002252702110261715,-0.020115749177894642 -0.002303779491562251,0.002158317921508439
balance,364,0.018617704322209792 0.002229873787303387,-0.019904034673975026 -0.002282832295832859,0.0021361033032819
balance,365,0.01842075924580647 0.00220725376204716,-0.01969450764033206 -0.002262002525622684,0.00211410117433471
balance,366,0.018225887776996356 0.00218484084303836,-0.01948714688101152 -0.002241291900880003,0.0020923100221221774
balance,367,0.018033068463397355 0.0021626338225927454,-0.0192819313599 -0.0022207020445614727,0.0020707283278544562
balance,368,0.017842280061387324 0.002140631477736753,-0.01907884020100291 -0.0022002344855992307,0.0020493545671925392
balance,369,0.017653501534500692 0.0021188325711188173,-0.01887785268866317 -0.002179890661793576,0.002028187210920412
balance,370,0.017466712051823464 0.0020972358518924895,-0.018678948267722813 -0.0021596719226327794,0.0020072247255937103
balance,371,0.01728189098638717 0.0020758400565720737,-0.018482106543629515 -0.00213957953204157,0.0019864655741655725
balance,372,0.01709901791356227 0.0020546439098614753,-0.018287307282490083 -0.0021196146710598506,0.00196590821659043
balance,373,0.01691807260945154 0.0020336461254569435,-0.01809453041107289 -0.002099778440453163,0.0019455511104063683
balance,374,0.01673903504928393 0.00201284540682438,-0.017903756016761106 -0.002080071863256369,0.0019253927112964642
balance,375,0.016561885405809343 0.00199224044795186,-0.017714964347458652 -0.002060495887251989,0.0019054314736298705
balance,376,0.016386604047694837 0.001971829934078013,-0.017528135811450574 -0.0020410513873846776,0.001885665850983211
balance,377,0.01621317153792264 0.001951612542396881,-0.017343250977219674 -0.0020217391681131825,0.0018660942966426553
balance,378,0.016041568632190428 0.0019315869427398685,-0.01716029057322105 -0.0020025599657012517,0.0018467152640875908
balance,379,0.015871776277314266 0.001911751798235381,-0.016979235487616175 -0.001983514450448749,0.00182752720745589
balance,380,0.015703775609634586 0.0018921057659467369,-0.016800066767968164 -0.001964603228864401,0.0018085285819918855
balance,381,0.015537547953425589 0.0018726474974889225,-0.016622765620899718 -0.001945826845781426,0.0017897178444770106
balance,382,0.015373074819308436 0.0018533756396247488,-0.016447313411715306 -0.0019271857864173747,0.0017710934536441167
balance,383,0.015210337902668545 0.0018342888348409547,-0.016273691663989003 -0.0019086804783794153,0.0017526538705754146
balance,384,0.01504931908207735 0.0018153857219047915,-0.01610188205911943 -0.001890311293616321,0.0017343975590849818
balance,385,0.014890000417718818 0.0017966649364016078,-0.015931866435853165 -0.0018720785503183576,0.001716322986085918
balance,386,0.014732364149821039 0.0017781251112539448,-0.01576362678977795 -0.0018539825147662922,0.0016984286219429122
balance,387,0.014576392697093168 0.0017597648772226379,-0.015597145272786994 -0.0018360234031306896,0.001680712940810485
balance,388,0.014422068655168012 0.0017415828633904119,-0.01543240419251564 -0.001818201383222605,0.001663174420957145
balance,389,0.014269374795050496 0.0017235776976284433,-0.015269386011751603 -0.0018005165761968663,0.00164581154507637
balance,390,0.014118294061572296 0.0017057480070463533,-0.015108073347819948 -0.0017829690582089911,0.001628622800584267
balance,391,0.013968809571852855 0.0016880924184260846,-0.014948448971943985 -0.001765558862026878,0.0016116066799047452
balance,392,0.013820904613767023 0.0016706095586401018,-0.01479049580858316 -0.0017482859785982764,0.00159476168074221
balance,393,0.013674562644419533 0.0016532980550543505,-0.014634196934749035 -0.001731150358575136,0.0015780863063424837
balance,394,0.013529767288626529 0.0016361565359163926,-0.014479535579300404 -0.0017141519137958,0.0015615790657420138
balance,395,0.013386502337404344 0.0016191836307291316,-0.01432649512221853 -0.0016972905187260987,0.001545238474005988
balance,396,0.013244751746465708 0.001602377970610529,-0.014175059093863523 -0.001680566011860273,0.0015290630524554616
balance,397,0.01310449963472358 0.0015857381886397015,-0.014025211174212762 -0.0016639781970827384,0.001513051328884056
balance,398,0.012965730282802757 0.0015692629201897858,-0.013876935192082319 -0.0016475268449915785,0.0014972018377643085
balance,399,0.012828428131559435 0.0015529508032479384,-0.013730215124332257 -0.0016312116941847447,0.0014815131204442373
balance,400,0.012692577780608868 0.0015368004787228403,-0.013585035095056656 -0.0016150324525098113,0.0014659837253342065
balance,401,0.012558163986861276 0.001520810590740058,-0.013441379374759217 -0.0015989887982782221,0.0014506122080845943
balance,402,0.012425171663066123 0.0015049797869256093,-0.013299232379515243 -0.0015830803814448637,0.0014353971317544005
balance,403,0.012293585876364916 0.0014893067186780714,-0.013158578670120786 -0.0015673068247538055,0.0014203370669710778
balance,404,0.012163391846852618 0.0014737900414295605,-0.013019402951229697 -0.0015516677248510794,0.0014054305920820753
balance,405,0.012034574946147824 0.0014584284148959079,-0.012881690070479335 -0.001536162653365268,0.0013906762932980382
balance,406,0.011907120695971768 0.0014432205033163407,-0.012745425017605633 -0.0015207911579567111,0.0013760727648281582
balance,407,0.011781014766736287 0.0014281649756829795,-0.012610592923548193 -0.0015055527633361268,0.0013616186090079094
balance,408,0.011656242976140825 0.0014132605059604456,-0.012477179059546092 -0.0014904469722533814,0.0013473124364192755
balance,409,0.011532791287778574 0.0013985057732958737,-0.012345168836225025 -0.001475473266457182,0.0013331528660039055
balance,410,0.01141064580975181 0.0013838994622196099,-0.01221454780267641 -0.0014606311076263907,0.0013191385251692233
balance,411,0.011289792793296519 0.001369440262836873,-0.01208530164552905 -0.0014459199382737013,0.001305268049887902
balance,412,0.01117021863141638 0.0013551268710106494,-0.01195741618801392 -0.0014313391826223656,0.0012915400847908452
balance,413,0.011051909857526153 0.001340957988536083,-0.011830877389022667 -0.0014168882474566466,0.0012779532832538241
balance,414,0.010934853144104549 0.0013269323233066161,-0.011705671342160318 -0.0014025665229466687,0.0012645063074780928
balance,415,0.010819035301356621 0.0013130485894721326,-0.01158178427479275 -0.0013883733834483462,0.001251197828565245
balance,416,0.010704443275885727 0.0012993055075893431,-0.011459202547089415 -0.0013743081882789591,0.0012380265265861303
balance,417,0.010591064149375108 0.001285701804764652,-0.011337912651061788 -0.0013603702824691013,0.0012249910906446731
balance,418,0.010478885137279128 0.001272236214789737,-0.011217901209598037 -0.0013465589974915035,0.0012120902189360124
balance,419,0.010367893587524185 0.0012589074782700627,-0.011099154975494333 -0.0013328736519674122,0.0011993226187998708
balance,420,0.010258076979219353 0.001245714342746552,-0.010981660830483252 -0.0013193135523510726,0.0011866870067688074
balance,421,0.010149422921376756 0.0012326555628106234,-0.010865405784259702 -0.0013058779935928584,0.0011741821086116919
balance,422,0.01004191915164171 0.0012197299002128066,-0.010750376973504734 -0.0012925662597816794,0.0011618066593728025
balance,423,0.009935553535032633 0.0012069361239651353,-0.010636561660907675 -0.0012793776247671358,0.0011495594034062473
balance,424,0.009830314062690764 0.0011942730104375153,-0.010523947234186927 -0.0012663113527619989,0.001137439094406295
balance,425,0.009726188850639665 0.0011817393434482603,-0.010412521205109819 -0.0012533666989254979,0.0011254444954334102
balance,426,0.009623166138554547 0.0011693339143489805,-0.010302271208511819 -0.0012405429099279738,0.0011135743789365713
balance,427,0.009521234288541392 0.001157055522104007,-0.010193185001315486 -0.0012278392244973405,0.0011018275267715236
balance,428,0.009420381783925898 0.0011449029733645282,-0.010085250461549452 -0.0012152548739478787,0.0010902027302154794
balance,429,0.009320597228052221 0.0011328750825376102,-0.009978455587367758 -0.0012027890826918019,0.0010786987899782195
balance,430,0.009221869343091523 0.0011209706718502692,-0.009872788496069837 -0.0011904410687340902,0.001067314516209829
balance,431,0.009124186968860309 0.001109188571408759,-0.009768237423121422 -0.0011782100441510247,0.0010560487285051264
balance,432,0.009027539061648542 0.0010975276192532306,-0.009664790721176686 -0.0011660952155528417,0.0010449002559048152
balance,433,0.008931914693057524 0.0010859866614079206,-0.009562436859101813 -0.0011540957845309902,0.0010338679368938342
balance,434,0.008837303048847521 0.001074564551927017,-0.009461164421000336 -0.0011422109480903563,0.0010229506193965435
balance,435,0.008743693427795117 0.001063260152936348,-0.009360962105240412 -0.0011304398990668973,0.0010121471607692275
balance,436,0.008651075240560274 0.001052072334671037,-0.009261818723484307 -0.0011187818265310846,0.0010014564277899011
balance,437,0.008559438008563071 0.0010409999755092618,-0.009163723199720305 -0.001107235916177513,0.0009908772966453995
balance,438,0.008468771362870098 0.0010300419620022506,-0.009066664569297245 -0.001095801350701111,0.0009804086529161763
balance,439,0.008379065043090479 0.0010191971889006478,-0.00897063197796191 -0.0010844773101602782,0.0009700493915585501
balance,440,0.008290308896281484 0.0010084645591773747,-0.008875614680899443 -0.0010732629723273217,0.0009597984168846765
balance,441,0.008202492875863715 0.000997842984047109,-0.00878160204177699 -0.001062157513026558,0.0009496546425403849
balance,442,0.008115607040545808 0.0009873313829825048,-0.00868858353179074 -0.00105116010646043,0.0009396169914809372
balance,443,0.008029641553258643 0.0009769286837272653,-0.008596548728716551 -0.0010402699255239452,0.000929684395944627
balance,444,0.007944586680099 0.0009666338223061874,-0.008505487315964302 -0.001029486142107787,0.0009198557974245654
balance,445,0.007860432789282638 0.0009564457430322832,-0.008415389081636134 -0.0010188079273904258,0.000910130146638639
balance,446,0.007777170350106751 0.000946363398511088,-0.008326243917588738 -0.0010082344521195135,0.0009005064034975745
balance,447,0.007694789931921753 0.0009363857496422589,-0.008238041818499825 -0.000997764886882906,0.0008909835370715085
balance,448,0.007613282203112364 0.0009265117656185634,-0.008150772880938906 -0.0009873984023695567,0.0008815605255546779
balance,449,0.007532637930087938 0.0009167404239223572,-0.008064427302442521 -0.0009771341696206309,0.0008722363562289025
balance,450,0.007452847976281997 0.0009070707103196465,-0.007978995380594031 -0.0009669713602710707,0.0008630100254252947
balance,451,0.007373903301160917 0.0008975016188518272,-0.007894467512108084 -0.0009569091467819274,0.0008538805384848058
balance,452,0.007295794959241718 0.0008880321518251902,-0.0078108341919198845 -0.0009469467026636957,0.0008448469097172822
balance,453,0.0072185140991189245 0.0008786613197982808,-0.007728086012279339 -0.000937083202690934,0.0008359081623593645
balance,454,0.007142051962500422 0.0008693881415671967,-0.007646213661850205 -0.0009273178231084131,0.0008270633285311114
balance,455,0.007066399883252279 0.0008602116441489061,-0.007565207924814313 -0.0009176497418290488,0.0008183114491915416
balance,456,0.006991549286452469 0.0008511308627626676,-0.007485059679980968 -0.000908078138623853,0.0008096515740930407
balance,457,0.006917491687453453 0.0008421448408096261,-0.007405759899901594 -0.0008986021953041456,0.0008010827617347823
balance,458,0.006844218690953556 0.0008332526298506635,-0.007327299649989708 -0.0008892210958962572,0.0007926040793151822
balance,459,0.006771721990077093 0.0008244532895825741,-0.007249670087646303 -0.0008799340268089351,0.0007842146026833734
balance,460,0.006699993365463186 0.0008157458878126372,-0.007172862461390692 -0.0008707401769936876,0.0007759134162899179
balance,461,0.006629024684363217 0.0008071295004316545,-0.007096868109996883 -0.0008616387380982635,0.0007676996131366124
balance,462,0.006558807899746861 0.0007986032113855197,-0.007021678461635556 -0.0008526289046134818,0.00075957229472556
balance,463,0.006489335049416644 0.0007901661126453836,-0.006947285033021671 -0.0008437098740136121,0.0007515305710075432
balance,464,0.006420598255130966 0.0007818173041764786,-0.006873679428567785 -0.0008348808468904998,0.0007435735603296945
balance,465,0.0063525897217355356 0.0007735558939056624,-0.006800853339543107 -0.0008261410270816255,0.0007357003893825281
balance,466,0.006285301736303152 0.0007653809976877395,-0.006728798543238343 -0.000817489621792291,0.0007279101931464181
balance,467,0.006218726667281789 0.0007572917392706184,-0.006657506902136361 -0.0008089258417121064,0.0007202021148374933
balance,468,0.006152856963650901 0.0007492872502593588,-0.006586970363088734 -0.0008004489011259548,0.0007125753058530183
balance,469,0.00608768515408592 0.0007413666700791627,-0.006517180956498159 -0.0007920580180196118,0.000705028925716355
balance,470,0.0060232038461308516 0.0007335291459373608,-0.006448130795506823 -0.0007837524141801827,0.0006975621420214173
balance,471,0.0059594057253789445 0.0007257738327844458,-0.006379812075190701 -0.0007755313152915127,0.0006901741303767597
balance,472,0.005896283554661346 0.0007180998932741984,-0.006312217071759849 -0.000767393951024744,0.000682864074349311
balance,473,0.005833830173243699 0.0007105064977229567,-0.006245338141764676 -0.0007593395551241652,0.0006756311654077677
balance,474,0.005772038496030616 0.0007029928240680718,-0.006179167721308245 -0.000751367365488495,0.0006684746028656568
balance,475,0.00571090151277797 0.0006955580578255941,-0.0061136983252645955 -0.0007434766242477584,0.0006613935938241471
balance,476,0.0056504122873129396 0.0006882013920472351,-0.00604892254650311 -0.0007356665778358971,0.000654387353114664
balance,477,0.00559056395676175 0.0006809220272766428,-0.0059848330551189365 -0.000727936477059233,0.0006474551032411746
balance,478,0.005531349730785055 0.0006737191715050333,-0.005921422597669464 -0.0007202855771609512,0.0006405960743224334
balance,479,0.005472762890820887 0.0006665920401262163,-0.005858683996416874 -0.0007127131378816975,0.0006338095040339295
balance,480,0.005414796789335119 0.0006595398558910518,-0.005796610148576753 -0.0007052184235164439,0.000627094637549798
balance,481,0.005357444849079391 0.0006525618488613745,-0.005735194025572777 -0.0006978007029677377,0.0006204507274845863
balance,482,0.005300700562356417 0.0006456572563634201,-0.005674428672297471 -0.0006904592497954413,0.0006138770338349011
balance,483,0.005244557490292626 0.000638825322940789,-0.005614307206379023 -0.0006831933422631062,0.0006073728239210695
balance,484,0.005189009262118085 0.0006320653003069784,-0.005554822817454179 -0.0006760022633810572,0.000600937372328639
balance,485,0.005134049574453613 0.000625376447297515,-0.005495968766447171 -0.0006688853009463456,0.0005945699608500233
balance,486,0.005079672190605066 0.0006187580298217187,-0.005437738384854709 -0.000661841747579625,0.0005882698784259546
balance,487,0.005025870939864696 0.0006122093208141277,-0.0053801250740370034 -0.0006548709007590966,0.0005820364210871033
balance,488,0.004972639716819547 0.0006057296001856117,-0.005323122304514815 -0.0006479720628516036,0.0005758688918956686
balance,489,0.004919972480666822 0.0005993181547742019,-0.005266723615272514 -0.0006411445411409781,0.0005697666008870261
balance,490,0.004867863254536151 0.0005929742782956645,-0.005210922613067145 -0.0006343876478537343,0.0005637288650114517
balance,491,0.004816306124818716 0.0005866972712938424,-0.005155712971743459 -0.0006277007001822107,0.0005577550080759553
balance,492,0.004765295240503167 0.00058048644109079,-0.005101088431554933 -0.0006210830203052287,0.0005518443606861551
balance,493,0.0047148248125182595 0.0005743411017367262,-0.005047042798490715 -0.0006145339354063855,0.0005459962601883648
balance,494,0.004664889113082175 0.0005682605739598257,-0.004993569943608507 -0.0006080527776900398,0.0005402100506117133
balance,495,0.004615482475058441 0.0005622441851158748,-0.0049406638023733514 -0.0006016388843950895,0.000534485082610483
balance,496,0.004566599291318418 0.0005562912691378087,-0.0048883183740023 -0.0005952915978066141,0.0005288207134065718
balance,497,0.004518234014110269 0.0005504011664851541,-0.0048365277208149435 -0.0005890102652654602,0.000523216306732141
balance,498,0.004470381154434371 0.0005445732240933956,-0.004785285967589781 -0.0005827942391758538,0.0005176712327724497
balance,499,0.004423035281425108 0.0005388067953232846,-0.004734587300926398 -0.0005766428770110953,0.0005121848681088558
balance,500,0.004376191021738973 0.0005331012399101104,-0.004684425968613427 -0.0005705555413174302,0.0005067565956620723
balance,501,0.004329843058948951 0.0005274559239129489,-0.004634796279002276 -0.0005645315997161467,0.0005013858046355991
balance,502,0.004283986132945085 0.0005218702196639091,-0.004585692600386579 -0.0005585704249039777,0.0004960718904593979
balance,503,0.004238615039341211 0.0005163435057173904,-0.0045371093603873485 -0.0005526713946518739,0.0004908142547338295
balance,504,0.004193724628887773 0.0005108751667993685,-0.004489041045343814 -0.0005468338918021946,0.00048561230517375244
balance,505,0.004149309806890674 0.0005054645937567245,-0.004441482199709886 -0.0005410573042644019,0.00048046545555300224
balance,506,0.004105365532636112 0.0005001111835066316,-0.004394427425456247 -0.0005353410250092992,0.00047537312564901665
balance,507,0.004061886818821332 0.0004948143389860128,-0.004347871381478015 -0.0005296844520618797,0.0004703347411878023
balance,508,0.004018868730991252 0.0004895734691010843,-0.004301808783007962 -0.0005240869884928411,0.0004653497337891491
balance,509,0.003976306386980899 0.0004843879886769962,-0.0042562344010352495 -0.0005185480424088157,0.0004604175409121435
balance,510,0.003934194956363603 0.00047925731840758244,-0.004211143061729644 -0.0005130670269413748,0.00045553760580095736
balance,511,0.003892529659904891 0.0004741808848052339,-0.004166529645871185 -0.0005076433602348553,0.0004507093774309542
balance,512,0.0038513057690220385 0.00046915812015090334,-0.004122389088285277 -0.0005022764654330536,0.0004459323104550705
balance,513,0.003810518605249207 0.0004641884624442548,-0.004078716377283154 -0.0004969657706648524,0.0004412058651505615
balance,514,0.0037701635397081297 0.0004592713553539668,-0.0040355065541076976 -0.0004917107090287982,0.00043652950736598056
balance,515,0.003730235992584284 0.00045440624816819983,-0.003992754712384569 -0.00048651071857670026,0.00043190270846854345
balance,516,0.0036907314326084977 0.000449592595745237,-0.0039504559975786155 -0.00048136524229628355,0.00042732494529179816
balance,517,0.0036516453765439425 0.00044482985846430766,-0.003908605606455519 -0.00047627372809293516,0.00042279570008360123
balance,518,0.003612973388678456 0.0004401175021766017,-0.0038671987865486553 -0.0004712356287705972,0.00041831446045447374
balance,519,0.0035747110803221447 0.0004354549981564834,-0.003826230835631113 -0.00046625040201183027,0.00041388071932623523
balance,520,0.003536854109310216 0.0004308418230529124,-0.0037856971011928555 -0.000461317510357099,0.00040949397488102327
balance,521,0.0034993981795109863 0.0004262774588410793,-0.003745592979922974 -0.00045643642118330753,0.00040515373051062606
balance,522,0.0034623390403390165 0.00042176139277426297,-0.003705913917196998 -0.00045160660668163186,0.00040085949476619974
balance,523,0.003425672486273324 0.0004172931173359163,-0.0036666554065692314 -0.0004468275438346663,0.0003966107813082615
balance,524,0.0033893943563806234 0.0004128721301919869,-0.0036278129892700693 -0.0004420987143929419,0.00039240710885713815
balance,525,0.0033535005338435407 0.0004084979341434787,-0.0035893822537082657 -0.00043741960485082604,0.0003882480011436623
balance,526,0.0033179869454937594 0.0004041700370792602,-0.0035513588349781063 -0.0004327897064218491,0.000384132986860295
balance,527,0.003282849561350045 0.00039988795192912534,-0.0035137384143714553 -0.0004282085150134874,0.0003800615996125891
balance,528,0.0032480843941610988 0.0003956511966171111,-0.0034765167188946355 -0.0004236755312014246,0.0003760333778709867
balance,529,0.0032136874989531976 0.00039145929401507783,-0.0034396895207901034 -0.00041919026020332693,0.00037204786492300444
balance,530,0.003179654972582569 0.0003873117718965562,-0.0034032526370628815 -0.00041475221185216196,0.00036810460882578705
balance,531,0.0031459829532924518 0.0003832081628908654,-0.003367201929011711 -0.00041036090056907924,0.0003642031623589928
balance,532,0.003112667620274803 0.00037914800443750656,-0.0033315333017648885 -0.0004060158453358825,0.0003603430829780569
balance,533,0.0030797051932365954 0.00037513083874083535,-0.0032962427038207404 -0.00040171656966712346,0.0003565239327678368
balance,534,0.003047091931970668 0.000371156212725017,-0.003261326126592708 -0.0003974626015818362,0.00035274527839660895
balance,535,0.003014824135931078 0.00036722367798926766,-0.0032267796039589973 -0.0003932534735749332,0.0003490066910704203
balance,536,0.0029828981438129107 0.00036333279076338474,-0.0031925992118167594 -0.00038908872258829215,0.0003453077464878249
balance,537,0.002951310333136503 0.00035948311186356926,-0.003158781067640761 -0.00038496788998155064,0.0003416480247949833
balance,538,0.002920057119836038 0.00035567420664854295,-0.003125321330046509 -0.0003808905215026315,0.00033802711054111887
balance,539,0.00288913495785246 0.0003519056449759628,-0.003092216198357791 -0.0003768561672580172,0.0003344445926343478
balance,540,0.002858540338730674 0.0003481770011591348,-0.0030594619121785916 -0.0003728643816827981,0.00033090006429788957
balance,541,0.0028282697912209802 0.0003444878539240298,-0.00302705475096935 -0.000368914723510506,0.00032739312302661
balance,542,0.002798319880884705 0.00034083778636660224,-0.0029949910336275203 -0.0003650067557427551,0.0003239233705439584
balance,543,0.0027686872097039813 0.0003372263859104151,-0.0029632671180723946 -0.0003611400456187112,0.00032049041275926393
balance,544,0.0027393684156956396 0.0003336532442645711,-0.0029318794008341537 -0.0003573141645844,0.00031709385972539575
balance,545,0.0027103601725291687 0.00033011795738195236,-0.002900824316647109 -0.00035352868826187255,0.00031373332559677183
balance,546,0.002681659189148698 0.0003266201254177699,-0.0028700983380470944 -0.00034978319641825,0.0003104084285877704
balance,547,0.002653262209398968 0.0003231593526884234,-0.0028396979749729778 -0.0003460772729346498,0.0003071187909314474
balance,548,0.0026251660116552457 0.00031973524763067316,-0.002809619774372245 -0.0003424105057750223,0.0003038640388386719
balance,549,0.0025973674084571394 0.00031634742276112415,-0.002779860319810632 -0.00033878248695490043,0.00030064380245757756
balance,550,0.0025698632461462817 0.00031299549463602327,-0.002750416231085756 -0.00033519281251008574,0.00029745771583341153
balance,551,0.0025426504045078344 0.00030967908381137054,-0.00272128416384472 -0.000331641082465274,0.00029430541686870115
balance,552,0.002515725796415778 0.0003063978148033441,-0.0026924608092056463 -0.0003281269008026411,0.0002911865472838115
balance,553,0.002489086367481947 0.00030315131604904017,-0.0026639428933831082 -0.0003246498754303947,0.00028810075257783285
balance,554,0.002462729095708773 0.00029993921986752706,-0.002635727177317419 -0.0003212096181513131,0.0002850476819898525
balance,555,0.0024366509911456953 0.0002967611624212144,-0.0026078104563077493 -0.00031780574463126653,0.00028202698846053293
balance,556,0.002410849095549205 0.0002936167836775369,-0.0025801895596490273 -0.00031443787436775126,0.00027903832859409736
balance,557,0.002385320482046479 0.0002905057273709526,-0.002552861350272599 -0.0003111056306584264,0.0002760813626206016
balance,558,0.0023600622548025727 0.0002874276409652558,-0.0025258227243905996 -0.00030780864056968336,0.0002731557543586235
balance,559,0.0023350715486911327 0.0002843821756162034,-0.0024990706111440125 -0.00030454653490523853,0.00027026117117822713
balance,560,0.002310345528968589 0.0002813689861344556,-0.0024726019722543734 -0.0003013189481747779,0.0002673972839643422
balance,561,0.0022858813909517983 0.00027838773094882924,-0.002446413801679091 -0.0002981255185626375,0.00026456376708039486
balance,562,0.002261676359699095 0.00027543807206986367,-0.0024205031252703423 -0.00029496588789655674,0.0002617602983323935
balance,563,0.00223772768969472 0.00027251967505369874,-0.002394867000437517 -0.0002918397016164906,0.0002589865589332542
balance,564,0.002214032664536588 0.0002696322089662638,-0.0023695025158131694 -0.00028874660874349484,0.00025624223346750255
balance,565,0.0021905885966273637 0.0002667753463477768,-0.002344406790922449 -0.00028568626184869795,0.00025352700985632553
balance,566,0.002167392826868804 0.00026394876317755323,-0.002319576975855973 -0.0002826583170223594,0.00025084057932293034
balance,567,0.0021444427243593428 0.00026115213883912304,-0.0022950102509461125 -0.0002796624338430213,0.0002481826363582337
balance,568,0.0021217356860948763 0.00025838515608565544,-0.002270703826446651 -0.00027669827534676224,0.0002455528786868919
balance,569,0.0020992691366727182 0.0002556475010056898,-0.0022466549422157883 -0.0002737655079965641,0.0002429510072336728
balance,570,0.002077040527998694 0.00025293886298917195,-0.00222286086740246 -0.0002708638016517845,0.0002403767260900952
balance,571,0.0020550473389973345 0.0002502589346937944,-0.0021993189001359294 -0.0002679928295377538,0.0002378297424814606
balance,572,0.002033287075325148 0.00024760741201163944,-0.0021760263672186315 -0.00026515226821549685,0.0002353097667341607
balance,573,0.002011757269086926 0.0002449839940361236,-0.0021529806238222288 -0.00026234179755158237,0.00023281651224331032
balance,574,0.001990455478555057 0.00024238838302924253,-0.0021301790531868528 -0.00025956110068810537,0.00023034969544069562
balance,575,0.001969379287891822 0.00023982028438911438,-0.0021076190663234943 -0.0002568098640128141,0.00022790903576305884
balance,576,0.001948526306874627 0.00023727940661782062,-0.0020852981017195167 -0.0002540877771293755,0.00022549425562065476
balance,577,0.0019278941706241544 0.00023476546128954273,-0.0020632136250472582 -0.00025139453282778954,0.00022310508036614248
balance,578,0.0019074805393353975 0.00023227816301899318,-0.0020413631288756923 -0.0002487298270549552,0.00022074123826377958
balance,579,0.0018872830980115464 0.00022981722943013925,-0.0020197441323851154 -0.0002460933588853924,0.000218402460458917
balance,580,0.0018672995562006981 0.00022738238112521801,-0.0019983541810848346 -0.0002434848304921223,0.00021608848094780168
balance,581,0.00184752764773536 0.00022497334165404094,-0.0019771908465338224 -0.0002409039471177083,0.0002137990365476618
balance,582,0.001827965130474717 0.0002225898374835863,-0.00195625172606431 -0.00023835041704546326,0.00021153386686711484
balance,583,0.001808609786049634 0.00022023159796787808,-0.0019355344425082868 -0.00023582395157082417,0.0002092927142768495
balance,584,0.0017894594196103653 0.0002178983553181491,-0.0019150366439268833 -0.0002333242649728992,0.00020707532388061735
balance,585,0.0017705118595769394 0.00021558984457328723,-0.0018947560033426005 -0.00023085107448618612,0.00020488144348649695
balance,586,0.0017517649573921957 0.00021330580357056255,-0.0018746902184743628 -0.00022840410027246685,0.00020271082357846025
balance,587,0.001733216587277442 0.00021104597291663374,-0.0018548370114753621 -0.00022598306539288256,0.0002005632172882221
balance,588,0.0017148646459907053 0.0002088100959588319,-0.0018351941286736684 -0.0002235876957801862,0.0001984383803673678
balance,589,0.0016967070525875495 0.0002065979187567201,-0.0018157593403155747 -0.0002212177202111775,0.00019633607115976197
balance,590,0.0016787417481844331 0.00020440919005392687,-0.001796530440311652 -0.0002188728702793239,0.0001942560505742455
balance,591,0.0016609666957245783 0.0002022436612502512,-0.0017775052459854841 -0.00021655288036756602,0.00019219808205760006
balance,592,0.0016433798797463276 0.0002001010863740381,-0.0017586815978250575 -0.00021425748762130922,0.00019016193156778374
balance,593,0.0016259793061539599 0.00019798122205482203,-0.0017400573592367746 -0.0002119864319216074,0.00018814736754745682
balance,594,0.0016087630019909391 0.0001958838274962367,-0.0017216304163020701 -0.0002097394558585327,0.00018615416089774923
balance,595,0.0015917290152155732 0.0001938086644491893,-0.0017033986775365976 -0.00020751630470474032,0.0001841820849523226
balance,596,0.0015748754144790536 0.00019175549718529708,-0.0016853600736519642 -0.0002053167263892225,0.00018223091545167293
balance,597,0.0015582002889058537 0.00018972409247058452,-0.0016675125573199846 -0.0002031404714712569,0.00018030043051771305
balance,598,0.0015417017478764595 0.000187714219539439,-0.0016498541029394288 -0.00020098729311455202,0.00017839041062861797
balance,599,0.001525377920812407 0.00018572565006882318,-0.0016323827064052404 -0.00019885694706158258,0.0001765006385939013
balance,600,0.0015092269569636052 0.00018375815815274194,-0.0016150963848801968 -0.000196749191608124,0.00017463089952977635
balance,601,0.0014932470251979152 0.00018181152027696212,-0.0015979931765689865 -0.00019466378757798268,0.00017278098083476322
balance,602,0.0014774363137929683 0.0001798855152939829,-0.001581071140494681 -0.0001926004982979215,0.00017095067216553233
balance,603,0.0014617930302301926 0.00017797992439825506,-0.001564328356277574 -0.00019055908957278393,0.00016913976541301553
balance,604,0.001446315400991029 0.0001760945311016469,-0.0015477629239163638 -0.00018853932966081524,0.00016734805467875393
balance,605,0.0014310016713553124 0.0001742291212091551,-0.0015313729635716552 -0.00018654098924918163,0.00016557533625149328
balance,606,0.0014158501052017947 0.00017238348279485826,-0.0015151566153517575 -0.00018456384142968575,0.00016382140858401382
balance,607,0.0014008589848107872 0.00017055740617811144,-0.0014991120391007532 -0.00018260766167468092,0.0001620860722702076
balance,608,0.0013860266106688992 0.0001687506838999796,-0.0014832374141888125 -0.0001806722278131849,0.00016036913002240067
balance,609,0.0013713513012758517 0.00016696311069990772,-0.0014675309393047359 -0.00017875732000718897,0.00015867038664888942
balance,610,0.0013568313929533447 0.00016519448349262605,-0.0014519908322506946 -0.00017686272072816643,0.0001569896490317261
balance,611,0.0013424652396559532 0.0001634446013452883,-0.0014366153297391507 -0.00017498821473377736,0.00015532672610473234
balance,612,0.0013282512127840338 0.00016171326545484058,-0.0014214026871919323 -0.00017313358904477263,0.0001536814288317401
balance,613,0.0013141877009986195 0.00016000027912561966,-0.001406351178541441 -0.000171298632922092,0.00015205357018505366
balance,614,0.0013002731100382797 0.00015830544774717803,-0.0013914590960339714 -0.00016948313784416163,0.00015044296512414887
balance,615,0.0012865058625379285 0.00015662857877233417,-0.001376724750035117 -0.00016768689748438708,0.0001488494305745846
balance,616,0.001272884397849556 0.00015496948169544576,-0.001362146468837245 -0.0001659097076888407,0.00014727278540713272
balance,617,0.0012594071718648658 0.0001533279680309043,-0.0013477225984690133 -0.00016415136645414572,0.000145712850417136
balance,618,0.0012460726568397967 0.00015170385129184875,-0.001333451502506914 -0.00016241167390555468,0.0001441694483040705
balance,619,0.0012328793412209086 0.00015009694696909652,-0.0013193315618888165 -0.0001606904322752224,0.000142642403651336
balance,620,0.0012198257294736136 0.0001485070725102898,-0.001305361174729494 -0.00015898744588067077,0.0001411315429062361
balance,621,0.0012069103419122325 0.00014693404729925532,-0.0012915387561381084 -0.0001573025211034479,0.00013963669436019234
balance,622,0.0011941317145318562 0.00014537769263557552,-0.0012778627380376358 -0.00015563546636797996,0.00013815768812915497
balance,623,0.001181488398841994 0.0001438378317143694,-0.0012643315689862128 -0.0001539860921206112,0.00013669435613420842
balance,624,0.0011689789617019902 0.000142314289606281,-0.0012509437140003792 -0.00015235421080883786,0.0001352465320824019
balance,625,0.0011566019851581883 0.0001408068932376737,-0.0012376976543802016 -0.00015073963686073032,0.00013381405144776912
balance,626,0.0011443560662828256 0.00013931547137102827,-0.001224591887536256 -0.00014914218666454385,0.0001323967514525442
balance,627,0.001132239817014641 0.0001378398545855431,-0.001211624926818451 -0.0001475616785485167,0.00013099447104857943
balance,628,0.0011202518640011743 0.00013637987525793452,-0.001198795301346669 -0.00014599793276085792,0.000129607050898972
balance,629,0.0011083908484427422 0.00013493536754343534,-0.001186101555843211 -0.0001444507714499172,0.00012823433335985227
balance,630,0.001096655425938072 0.0001335061673569899,-0.0011735422504670215 -0.00014292001864454358,0.00012687616246239927
balance,631,0.0010850442663315751 0.00013209211235464365,-0.0011611159606496784 -0.00014140550023462612,0.00012553238389502322
balance,632,0.0010735560535622439 0.00013069304191512545,-0.001148821276933126 -0.00013990704395181827,0.00012420284498574187
balance,633,0.0010621894855141526 0.00012930879712162103,-0.0011366568048091353 -0.00013842447935044343,0.00012288739468474367
balance,634,0.0010509432738685478 0.0001279392207437352,-0.001124621164560472 -0.00013695763778858336,0.0001215858835471377
balance,635,0.0010398161439575102 0.00012658415721964174,-0.0011127129911037527 -0.00013550635240934484,0.00012029816371588212
balance,636,0.0010288068346191704 0.0001252434526384187,-0.001100930933833976 -0.00013407045812230568,0.00011902408890489117
balance,637,0.0010179140980544634 0.00012391695472256732,-0.001089273656470705 -0.00013264979158513862,0.0001177635143823283
balance,638,0.0010071366996854045 0.0001226045128107132,-0.001077739836905888 -0.00013124419118541188,0.00011651629695406788
balance,639,0.0009964734180148715 0.00012130597784048756,-0.0010663281670532983 -0.00012985349702256468,0.00011528229494733703
balance,640,0.0009859230444878757 0.00012002120233158699,-0.0010550373526995761 -0.00012847755089005688,0.00011406136819452645
balance,641,0.0009754843833543072 0.00011875004036901006,-0.0010438661133568554 -0.0001271161962576936,0.00011285337801718244
balance,642,0.0009651562515331375 0.00011749234758646886,-0.0010328131821169596 -0.00012576927825411874,0.00011165818721015162
balance,643,0.0009549374784780661 0.00011624798114997405,-0.0010218773055071485 -0.00012443664364948122,0.00011047566002590824
balance,644,0.0009448269060445921 0.00011501679974159134,-0.0010110572433474 -0.00012311814083827192,0.0001093056621590487
balance,645,0.0009348233883585 0.00011379866354336808,-0.0010003517686092128 -0.00012181361982232532,0.00010814806073093295
balance,646,0.0009249257916857409 0.00011259343422142815,-0.000989759667275909 -0.00012052293219399217,0.00010700272427451019
balance,647,0.0009151329943036966 0.0001114009749102334,-0.0009792797382044262 -0.00011924593111947443,0.00010586952271928688
balance,648,0.0009054438863738109 0.00011022115019701012,-0.0009689107929885784 -0.00011798247132232925,0.00010474832737647954
balance,649,0.0008958573698155731 0.0001090538261063388,-0.0009586516558237741 -0.00011673240906713164,0.00010363901092428767
balance,650,0.0008863723581818415 0.00010789887008490578,-0.0009485011633731733 -0.00011549560214330267,0.00010254144739336117
balance,651,0.0008769877765354888 0.0001067561509864148,-0.0009384581646352692 -0.00011427190984909764,0.00010145551215239983
balance,652,0.00086770256132736 0.00010562553905665727,-0.0009285215208128794 -0.00011306119297575336,0.00010038108189390938
balance,653,0.0008585156602755246 0.00010450690591873932,-0.0009186901051835323 -0.00011186331379179461,9.931803462011487e-05
balance,654,0.0008494260322458123 0.00010340012455846435,-0.0009089628029712317 -0.00011067813602749764,9.826624962901837e-05
balance,655,0.0008404326471336164 0.00010230506930986926,-0.0008993385112195876 -0.0001095055248595094,9.722560750060667e-05
balance,656,0.0008315344857469535 0.00010122161584091305,-0.0008898161386662963 -0.00010834534689562134,9.619599008320529e-05
balance,657,0.0008227305396907639 0.00010014964113931608,-0.0008803946056189582 -0.00010719747015969683,9.517728047997822e-05
balance,658,0.0008140198112524418 9.908902349854858e-05,-0.0008710728438322153 -0.00010606176407675083,9.416936303557227e-05
balance,659,0.0008054013132885798 9.803964250396678e-05,-0.0008618497963861979 -0.00010493809945818052,9.3172123322902e-05
balance,660,0.0007968740691129171 9.700137901909533e-05,-0.0008527244175662644 -0.00010382634848714492,9.218544813007488e-05
balance,661,0.0007884371123854769 9.59741151720544e-05,-0.0008436956727440218 -0.00010272638470409289,9.120922544745392e-05
balance,662,0.0007800894870028808 9.495773434213001e-05,-0.0008347625382596118 -0.00010163808299243945,9.024334445486816e-05
balance,663,0.0007718302469898284 9.395212114648615e-05,-0.0008259240013052499 -0.00010056131956438636,8.928769550894505e-05
balance,664,0.0007636584563917283 9.295716142701727e-05,-0.0008171790598100045 -9.949597194688832e-05,8.834217013058729e-05
balance,665,0.0007555731891684702 9.197274223733966e-05,-0.0008085267223258022 -9.844191896776187e-05,8.740666099257892e-05
balance,666,0.0007475735290893238 9.09987518299203e-05,-0.0007999660079146457 -9.739904074193644e-05,8.648106190732623e-05
balance,667,0.0007396585696289534 9.003507964334182e-05,-0.0007914959460370325 -9.636721865784709e-05,8.556526781472955e-05
balance,668,0.0007318274138645378 8.908161628970217e-05,-0.0007831155764415617 -9.534633536396516e-05,8.46591747701781e-05
balance,669,0.0007240791743739806 8.813825354214748e-05,-0.0007748239490557143 -9.433627475546867e-05,8.376267993268131e-05
balance,670,0.0007164129731352027 8.720488432253699e-05,-0.0007666201238777969 -9.333692196104928e-05,8.287568155312166e-05
balance,671,0.0007088279414265023 8.628140268923845e-05,-0.0007585031708700349 -9.234816332985481e-05,8.199807896263272e-05
balance,672,0.0007013232197279742 8.536770382505278e-05,-0.0007504721698528034 -9.136988641856707e-05,8.112977256110443e-05
balance,673,0.0006938979576239743 8.446368402526665e-05,-0.0007425262103999839 -9.040197997861217e-05,8.02706638058058e-05
balance,674,0.00068655131370662 8.356924068583162e-05,-0.0007346643917354336 -8.944433394350373e-05,7.942065520013516e-05
balance,675,0.0006792824554803144 8.268427229166844e-05,-0.0007268858226305578 -8.849683941631714e-05,7.857965028248553e-05
balance,676,0.0006720905592672847 8.180867840509551e-05,-0.000719189621302971 -8.755938865729257e-05,7.774755361522866e-05
balance,677,0.0006649748101141223 8.094235965437984e-05,-0.0007115749153162366 -8.663187507156736e-05,7.692427077382006e-05
balance,678,0.0006579344016993155 8.008521772240948e-05,-0.0007040408414806737 -8.571419319703603e-05,7.610970833602074e-05
balance,679,0.0006509685362417634 7.923715533548613e-05,-0.0006965865457552186 -8.480623869233535e-05,7.530377387122571e-05
balance,680,0.00064407642441026 7.839807625223658e-05,-0.0006892111831503312 -8.390790832495515e-05,7.450637592991665e-05
balance,681,0.0006372572852339406 7.756788525264186e-05,-0.0006819139176319338 -8.301909995947262e-05,7.371742403322151e-05
balance,682,0.0006305103460136769 7.674648812718277e-05,-0.0006746939220263721 -8.213971254590948e-05,7.293682866258653e-05
balance,683,0.000623834842234413 7.593379166610067e-05,-0.0006675503779263871 -8.126964610821039e-05,7.216450124955878e-05
balance,684,0.0006172300174784322 7.512970364877226e-05,-0.0006604824755980874 -8.040880173284139e-05,7.14003541656766e-05
balance,685,0.0006106951233395431 7.433413283319718e-05,-0.0006534894138889114 -7.955708155750767e-05,7.064430071246911e-05
balance,686,0.0006042294193381774 7.354698894559729e-05,-0.0006465704001365674 -7.871438875998969e-05,6.98962551115635e-05
balance,687,0.000597832172837388 7.276818267012633e-05,-0.0006397246500789437 -7.78806275470956e-05,6.915613249489555e-05
balance,688,0.0005915026589597383 7.199762563868903e-05,-0.0006329513877649761 -7.705570314372944e-05,6.842384889502455e-05
balance,689,0.0005852401605050736 7.123523042086829e-05,-0.0006262498454664636 -7.623952178207378e-05,6.769932123555276e-05
balance,690,0.0005790439678691655 7.048091051395942e-05,-0.0006196192635908219 -7.543199069088667e-05,6.698246732165006e-05
balance,691,0.0005729133789632178 6.973458033311032e-05,-0.0006130588905947651 -7.463301808490955e-05,6.62732058306713e-05
balance,692,0.0005668476991342287 6.899615520156644e-05,-0.0006065679828989053 -7.38425131543876e-05,6.557145630288404e-05
balance,693,0.0005608462410861961 6.826555134101944e-05,-0.0006001458048032598 -7.306038605469977e-05,6.487713913228764e-05
balance,694,0.0005549083248021595 6.754268586205847e-05,-0.0005937916284036579 -7.228654789609722e-05,6.419017555753156e-05
balance,695,0.0005490332774670691 6.682747675472296e-05,-0.0005875047335090355 -7.15209107335513e-05,6.351048765293726e-05
balance,696,0.000543220433391473 6.611984287915588e-05,-0.00058128440755961 -7.076338755670694e-05,6.283799831960439e-05
balance,697,0.0005374691339360137 6.541970395635646e-05,-0.0005751299455459248 -7.001389227994268e-05,6.217263127662205e-05
balance,698,0.0005317787274367262 6.472698055903111e-05,-0.0005690406499287546 -6.927233973253506e-05,6.151431105236836e-05
balance,699,0.0005261485691311276 6.404159410254184e-05,-0.0005630158305598625 -6.853864564892682e-05,6.086296297590427e-05
balance,700,0.0005205780210850916 6.336346683595086e-05,-0.0005570548046035991 -6.781272665909827e-05,6.021851316846054e-05
balance,701,0.0005150664521204983 6.269252183316047e-05,-0.0005511568964593358 -6.709450027903977e-05,5.9580888535013736e-05
balance,702,0.0005096132377436511 6.202868298414722e-05,-0.0005453214376847221 -6.63838849013251e-05,5.895001675595236e-05
balance,703,0.0005042177600744535 6.137187498628938e-05,-0.000539547766919759 -6.568079978578452e-05,5.832582627883384e-05
balance,704,0.0004988794077763367 6.072202333578661e-05,-0.0005338352298116793 -6.498516505027616e-05,5.770824631022494e-05
balance,705,0.0004935975759869305 6.007905431917106e-05,-0.0005281831789406272 -6.429690166155501e-05,5.7097206807634154e-05
balance,706,0.0004883716662494693 5.9442895004908664e-05,-0.0005225909737461261 -6.361593142623946e-05,5.649263847153096e-05
balance,707,0.0004832010864449259 5.8813473235089944e-05,-0.0005170579804543305 -6.294217698187193e-05,5.589447273744063e-05
balance,708,0.00047808525072486546 5.819071761720919e-05,-0.0005115835720060483 -6.227556178807528e-05,5.530264176813681e-05
balance,709,0.00047302357944501014 5.757455751603116e-05,-0.0005061671279855306 -6.161601011780339e-05,5.471707844591006e-05
balance,710,0.00046801549909951 5.6964923045544335e-05,-0.0005008080345500162 -6.0963447048682285e-05,5.413771636491346e-05
balance,711,0.00046306044225590974 5.636174506099987e-05,-0.0004955056843600267 -6.031779845444603e-05,5.356448982360548e-05
balance,712,0.0004581578474908057 5.576495515103527e-05,-0.000490259476510401 -5.967899099646075e-05,5.2997333817255516e-05
balance,713,0.0004533071593261851 5.517448562988186e-05,-0.0004850688164620628 -5.904695211534065e-05,5.243618403054446e-05
balance,714,0.00044850782816643995 5.459026952965534e-05,-0.0004799331159745142 -5.8421610022651616e-05,5.18809768302334e-05
balance,715,0.0004437593102360495 5.40122405927283e-05,-0.0004748517930390452 -5.780289369270392e-05,5.133164925791742e-05
balance,716,0.0004390610675179229 5.344033326418399e-05,-0.0004698242718126536 -5.719073285443153e-05,5.078813902285371e-05
balance,717,0.00043441256769239625 5.287448268435041e-05,-0.00046484998255266703 -5.6585057983357456e-05,5.0250384494863494e-05
balance,718,0.00042981328407687566 5.231462468141396e-05,-0.0004599283615520594 -5.5985800293645196e-05,4.9718324697317374e-05
balance,719,0.0004252626955661211 5.176069576411162e-05,-0.0004550588510754545 -5.539289173023408e-05,4.919189930018735e-05
balance,720,0.00042076028657316304 5.1212633114501035e-05,-0.00045024089929580945 -5.4806264961058434e-05,4.867104861317788e-05
balance,721,0.00041630554697084536 5.0670374580807535e-05,-0.0004454739602317709 -5.422585336934984e-05,4.815571357892956e-05
balance,722,0.0004118979720339884 5.013385867034733e-05,-0.00044075749368569655 -5.3651591046020433e-05,4.764583576629148e-05
balance,723,0.00040753706238216505 4.960302454252605e-05,-0.00043609096518233524 -5.308341278212814e-05,4.714135736367183e-05
balance,724,0.00040322232392308346 4.9077812001911834e-05,-0.000431473845908158 -5.2521254061421546e-05,4.664222117245319e-05
balance,725,0.00039895326779657014 4.855816149138219e-05,-0.00042690561265133385 -5.1965051052964456e-05,4.61483706004826e-05
balance,726,0.00039472941031914674 4.80440140853438e-05,-0.00042238574774234287 -5.1414740603838475e-05,4.565974965562683e-05
balance,727,0.0003905502729291945 4.7535311483024565e-05,-0.0004179137389952203 -5.087026023192393e-05,4.5176302939400984e-05
balance,728,0.0003864153821327003 4.703199600183699e-05,-0.00041348907964942417 -5.0331548118757125e-05,4.469797564066129e-05
balance,729,0.0003823242694495771 4.653401057081235e-05,-0.0004091112683123208 -4.979854310246411e-05,4.4224713529367144e-05
balance,730,0.0003782764713605543 4.604129872410465e-05,-0.0004047798089022807 -4.927118467076966e-05,4.375646295040931e-05
balance,731,0.0003742715292546305 4.555380459456385e-05,-0.0004004942105923789 -4.874941295408012e-05,4.3293170817501386e-05
balance,732,0.00037030898937708353 4.507147290737744e-05,-0.00039625398775469314 -4.8233168718641153e-05,4.283478460714258e-05
balance,733,0.0003663884027780316 4.4594248973779765e-05,-0.0003920586599051934 -4.7722393359767286e-05,4.2381252352636915e-05
balance,734,0.00036250932526153944 4.412207868482832e-05,-0.0003879077516492167 -4.7217028895144414e-05,4.193252263818301e-05
balance,735,0.00035867131733526426 4.365490850524629e-05,-0.0003838007926275208 -4.671701795820298e-05,4.1488544593021266e-05
balance,736,0.00035487394416063516 4.3192685467330665e-05,-0.00037973731746291056 -4.6222303791562604e-05,4.104926788564865e-05
balance,737,0.00035111677550356084 4.273535716492521e-05,-0.00037571686570743115 -4.573283024054593e-05,4.0614642718090596e-05
balance,738,0.00034739938568565965 4.2282871747457586e-05,-0.00037173898179012157 -4.524854174676236e-05,4.018461982023826e-05
balance,739,0.0003437213535360064 4.183517791403999e-05,-0.00036780321496532325 -4.476938334175953e-05,3.975915044424088e-05
balance,740,0.00034008226234339106 4.139222490763256e-05,-0.00036390911926153705 -4.429530064074269e-05,3.9338186358961664e-05
balance,741,0.0003364816998090828 4.095396250926895e-05,-0.0003600562534308232 -4.3826239836361664e-05,3.8921679844494315e-05
balance,742,0.00033291925800009545 4.0520341032343314e-05,-0.0003562441808987385 -4.336214769256308e-05,3.8509583686730886e-05
balance,743,0.00032939453330294743 4.009131131695822e-05,-0.00035247246971480486 -4.290297153850918e-05,3.810185117199638e-05
balance,744,0.0003259071263779124 3.966682472433261e-05,-0.00034874069250350343 -4.244865926256093e-05,3.7698436081734e-05
balance,745,0.00032245664211375446 3.924683313126936e-05,-0.00034504842641578927 -4.1999159306325214e-05,3.7299292687248105e-05
balance,746,0.0003190426895829433 3.8831288924681693e-05,-0.00034139525308111995 -4.1554420658766544e-05,3.6904375744508625e-05
balance,747,0.00031566488199734333 3.842014499617789e-05,-0.000337780758559994 -4.1114392850380305e-05,3.6513640489000847e-05
balance,748,0.0003123228366643734 3.80133547367036e-05,-0.0003342045332969926 -4.067902594742892e-05,3.6127042630639336e-05
balance,749,0.0003090161749436302 3.7610872031241204e-05,-0.00033066617207431993 -4.024827054623955e-05,3.574453834873109e-05
balance,750,0.00030574452220397184 3.721265125356558e-05,-0.00032716527396583605 -3.98220777675626e-05,3.5366084286994376e-05
balance,751,0.00030250750778105606 3.681864726105567e-05,-0.0003237014422915781 -3.94003992509903e-05,3.499163754862834e-05
balance,752,0.0002993047649353284 3.642881538956133e-05,-0.0003202742845727642 -3.89831871494346e-05,3.462115569143607e-05
balance,753,0.0002961359308104557 3.604311144832468e-05,-0.0003168834124872739 -3.857039412366487e-05,3.425459672300299e-05
balance,754,0.00029300064639219966 3.566149171495565e-05,-0.0003135284418256022 -3.816197333690317e-05,3.389191909592096e-05
balance,755,0.00028989855646772685 3.528391293046087e-05,-0.0003102089924472799 -3.775787844947754e-05,3.3533081703067006e-05
balance,756,0.0002868293095853493 3.491033229432555e-05,-0.00030692468823775724 -3.735806361353225e-05,3.3178043872930245e-05
balance,757,0.00028379255801469185 3.4540707459647605e-05,-0.0003036751570657441 -3.696248346779455e-05,3.2826765364990285e-05
balance,758,0.0002807879577072818 3.4174996528323634e-05,-0.00030046003074100355 -3.657109313239727e-05,3.247920636514329e-05
balance,759,0.0002778151682575559 3.381315804628606e-05,-0.00029727894497259285 -3.6183848203757e-05,3.2135327481179005e-05
balance,760,0.0002748738528642804 3.3455150998791e-05,-0.0002941315393275474 -3.580070474950631e-05,3.179508973830117e-05
balance,761,0.0002719636782923804 3.31009348057562e-05,-0.00029101745719000316 -3.542161930348071e-05,3.14584545747022e-05
balance,762,0.00026908431483517285 3.275046931714861e-05,-0.00028793634572075257 -3.5046548860758806e-05,3.1125383837179256e-05
balance,763,0.00026623543627700056 3.240371480842105e-05,-0.00028488785581722964 -3.4675450872755644e-05,3.07958397768002e-05
balance,764,0.00026341671985626134 3.2060631975997373e-05,-0.0002818716420739195 -3.430828324236807e-05,3.0469785044614204e-05
balance,765,0.00026062784622882945 3.172118193280565e-05,-0.0002788873627431876 -3.394500431917221e-05,3.0147182687408015e-05
balance,766,0.0002578684994318642 3.1385326203858926e-05,-0.00027593467969652506 -3.3585572894672116e-05,2.9827996143508783e-05
balance,767,0.0002551383668480022 3.1053026721882935e-05,-0.0002730132583862042 -3.322994819759947e-05,2.9512189238630582e-05
balance,768,0.0002524371391699288 3.0724245822990306e-05,-0.0002701227678073415 -3.287808988926278e-05,2.91997261817635e-05
balance,769,0.00024976451036532517 3.0398946242400837e-05,-0.00026726288046036265 -3.252995805894681e-05,2.8890571561109317e-05
balance,770,0.00024712017764218653 3.0077091110207225e-05,-0.0002644332723138657 -3.218551321936099e-05,2.858469034005927e-05
balance,771,0.00024450384141450776 2.9758643947185863e-05,-0.000261633622767878 -3.184471630213624e-05,2.828204785321336e-05
balance,772,0.00024191520526833273 2.9443568660652163e-05,-0.00025886361461750307 -3.1507528653370085e-05,2.7982609802443693e-05
balance,773,0.00023935397592816322 2.913182954035997e-05,-0.00025612293401695266 -3.117391202921913e-05,2.7686342252998937e-05
balance,774,0.0002368198632237236 2.882339125444458e-05,-0.0002534112704439605 -3.084382859153895e-05,2.7393211629651344e-05
balance,775,0.00023431258005707787 2.851821884540888e-05,-0.00025072831666457334 -3.0517240903569892e-05,2.710318471288095e-05
balance,776,0.0002318318423700947 2.8216277726152184e-05,-0.00024807376869831526 -3.019411192566971e-05,2.681622863510649e-05
balance,777,0.00022937736911225748 2.7917533676041273e-05,-0.0002454473257837217 -2.987440501109099e-05,2.653231087695014e-05
balance,778,0.0002269488822088151 2.7621952837023233e-05,-0.0002428486903442386 -2.955808390180408e-05,2.6251399263546165e-05
balance,779,0.00022454610652927027 2.7329501709779585e-05,-0.00024027756795448325 -2.924511272436464e-05,2.597346196088768e-05
balance,780,0.00022216876985620165 2.7040147149921336e-05,-0.00023773366730686304 -2.893545598582499e-05,2.5698467472210895e-05
balance,781,0.00021981660285441617 2.6753856364224443e-05,-0.00023521670017854788 -2.8629078569689447e-05,2.5426384634420353e-05
balance,782,0.00021748933904042824 2.6470596906905318e-05,-0.0002327263813987931 -2.8325945731912505e-05,2.515718261454945e-05
balance,783,0.00021518671475226215 2.6190336675935918e-05,-0.0002302624288166086 -2.802602309693988e-05,2.489083090626003e-05
balance,784,0.00021290846911957445 2.5913043909398e-05,-0.0002278245632687708 -2.7729276653791935e-05,2.4627299326380176e-05
balance,785,0.0002106543440340927 2.5638687181876114e-05,-0.0002254125085481739 -2.743567275218852e-05,2.4366558011475775e-05
balance,786,0.00020842408412036754 2.536723540088896e-05,-0.00022302599137251648 -2.7145178098715512e-05,2.4108577414461737e-05
balance,787,0.00020621743670683434 2.5098657803358637e-05,-0.00022066474135332018 -2.6857759753032148e-05,2.3853328301247316e-05
balance,788,0.0002040341517971816 2.483292395211745e-05,-0.0002183284909652768 -2.6573385124118686e-05,2.3600781747417374e-05
balance,789,0.0002018739820420224 2.4570003732451807e-05,-0.00021601697551592032 -2.6292021966564284e-05,2.3350909134949613e-05
balance,790,0.0001997366827108662 2.4309867348682863e-05,-0.00021372993311562056 -2.6013638376894467e-05,2.3103682148965988e-05
balance,791,0.00019762201166438726 2.405248532078349e-05,-0.00021146710464789475 -2.5738202789937525e-05,2.2859072774518216e-05
balance,792,0.0001955297293269869 2.3797828481031187e-05,-0.00020922823374003394 -2.5465683975230008e-05,2.2617053293409362e-05
balance,793,0.0001934595986596465 2.3545867970696584e-05,-0.00020701306673404072 -2.5196051033460394e-05,2.2377596281046802e-05
balance,794,0.00019141138513306775 2.329657523676708e-05,-0.00020482135265787504 -2.4929273392950563e-05,2.2140674603329688e-05
balance,795,0.0001893848567010977 2.3049922028705328e-05,-0.00020265284319700484 -2.4665320806175006e-05,2.1906261413570034e-05
balance,796,0.0001873797837744351 2.2805880395242158e-05,-0.00020050729266625811 -2.4404163346317106e-05,2.1674330149445905e-05
balance,797,0.00018539593919461537 2.2564422681203538e-05,-0.00019838445798197346 -2.4145771403862178e-05,2.1444854529986912e-05
balance,798,0.0001834330982082709 2.2325521524371273e-05,-0.00019628409863444587 -2.3890115683226555e-05,2.121780855259083e-05
balance,799,0.00018149103844166425 2.2089149852377043e-05,-0.0001942059766606643 -2.3637167199422968e-05,2.099316649007461e-05
balance,800,0.00017956953987549086 2.185528087962943e-05,-0.0001921498566173385 -2.3386897274761343e-05,2.077090288775361e-05
balance,801,0.00017766838481994874 2.1623888104273583e-05,-0.00019011550555421154 -2.3139277535584673e-05,2.055099256055382e-05
balance,802,0.00017578735789007218 2.1394945305183183e-05,-0.0001881026929876552 -2.289427990903994e-05,2.033341059015447e-05
balance,803,0.00017392624598132673 2.116842653898435e-05,-0.00018611119087454537 -2.2651876619883204e-05,2.0118132322159604e-05
balance,804,0.0001720848382454626 2.0944306137111163e-05,-0.00018414077358641398 -2.2412040187318867e-05,1.9905133363301786e-05
balance,805,0.00017026292606662385 2.0722558702892438e-05,-0.0001821912178838753 -2.2174743421872526e-05,1.9694389578673484e-05
balance,806,0.00016846030303771062 2.0503159108669463e-05,-0.00018026230289132293 -2.1939959422297313e-05,1.9485877088989633e-05
balance,807,0.00016667676493699167 2.028608249294433e-05,-0.00017835381007189508 -2.1707661572513203e-05,1.9279572267878473e-05
balance,808,0.00016491210970496462 2.0071304257558545e-05,-0.00017646552320270512 -2.1477823538578712e-05,1.90754517392001e-05
balance,809,0.00016316613742146127 1.9858800064901593e-05,-0.00017459722835033465 -2.1250419265695094e-05,1.8873492374395318e-05
balance,810,0.00016143865028299542 1.964854583514917e-05,-0.0001727487138465863 -2.1025422975242318e-05,1.8673671289861577e-05
balance,811,0.00015972945258035048 1.9440517743530703e-05,-0.00017091977026449334 -2.080280916184679e-05,1.847596584435724e-05
balance,812,0.00015803835067640463 1.92346922176259e-05,-0.00016911019039458368 -2.0582552590480115e-05,1.8280353636432645e-05
balance,813,0.0001563651529841907 1.9031045934690013e-05,-0.0001673197692213953 -2.0364628293588895e-05,1.8086812501889204e-05
balance,814,0.00015470966994518827 1.8829555819007463e-05,-0.00016554830390024046 -2.0149011568255126e-05,1.7895320511265644e-05
balance,815,0.0001530717140078461 1.8630199039273595e-05,-0.00016379559373421633 -1.993567797338675e-05,1.7705855967349484e-05
balance,816,0.00015145109960633152 1.8432953006004213e-05,-0.00016206144015145908 -1.9724603326938088e-05,1.75183974027166e-05
balance,817,0.00014984764313950513 1.823779536897261e-05,-0.00016034564668263894 -1.9515763703160148e-05,1.73329235772965e-05
balance,818,0.0001482611629501182 1.804470401467381e-05,-0.00015864801893869382 -1.930913542987988e-05,1.714941347596234e-05
balance,819,0.0001466914793042302 1.7853657063815724e-05,-0.00015696836458879885 -1.9104695085808605e-05,1.6967846306147925e-05
balance,820,0.00014513841437084453 1.7664632868836932e-05,-0.0001553064933385693 -1.8902419497879054e-05,1.6788201495489133e-05
balance,821,0.00014360179220175958 1.7477610011450826e-05,-0.00015366221690849441 -1.8702285738610715e-05,1.6610458689490787e-05
balance,822,0.00014208143871163357 1.7292567300215792e-05,-0.0001520353490125999 -1.8504271123503457e-05,1.643459774921842e-05
balance,823,0.0001405771816582602 1.7109483768131208e-05,-0.00015042570533733626 -1.8308353208458536e-05,1.6260598749013393e-05
balance,824,0.0001390888506230533 1.6928338670258936e-05,-0.00014883310352069109 -1.8114509787227314e-05,1.6088441974233632e-05
balance,825,0.00013761627699173808 1.6749111481370066e-05,-0.00014725736313152233 -1.7922718888887094e-05,1.591810791901821e-05
balance,826,0.00013615929393524697 1.6571781893616626e-05,-0.00014569830564911077 -1.773295877534389e-05,1.574957728407475e-05
balance,827,0.00013471773639081767 1.6396329814228012e-05,-0.00014415575444292914 -1.754520793886145e-05,1.558283097449008e-05
balance,828,0.00013329144104329141 1.622273536323184e-05,-0.00014262953475262528 -1.7359445099617134e-05,1.5417850097566767e-05
balance,829,0.00013188024630660924 1.6050978871199006e-05,-0.00014111947366821776 -1.717564920328328e-05,1.5254615960678838e-05
balance,830,0.00013048399230550424 1.588104087701266e-05,-0.00013962540011050096 -1.6993799418634647e-05,1.5093110069153024e-05
balance,831,0.00012910252085738765 1.571290212566085e-05,-0.00013814714481165808 -1.6813875135181044e-05,1.493331412417051e-05
balance,832,0.00012773567545442687 1.5546543566052595e-05,-0.0001366845402960792 -1.6635855960825496e-05,1.4775210020693578e-05
balance,833,0.00012638330124581303 1.5381946348857125e-05,-0.0001352374208613828 -1.6459721719547e-05,1.4618779845411136e-05
balance,834,0.00012504524502021666 1.5219091824366044e-05,-0.00013380562255963812 -1.6285452449108094e-05,1.4464005874708139e-05
balance,835,0.0001237213551884288 1.5057961540378176e-05,-0.00013238898317878667 -1.611302839878688e-05,1.4310870572656299e-05
balance,836,0.0001224114817661862 1.4898537240106847e-05,-0.00013098734222426043 -1.594243002713299e-05,1.4159356589024636e-05
balance,837,0.00012111547635717824 1.474080086010937e-05,-0.00012960054090079473 -1.577363799974757e-05,1.4009446757313375e-05
balance,838,0.0001198331921362339 1.4584734528238502e-05,-0.0001282284220944339 -1.5606633187086767e-05,1.3861124092806595e-05
balance,839,0.00011856448383268663 1.4430320561615613e-05,-0.0001268708303547274 -1.5441396662288837e-05,1.3714371790647678e-05
balance,840,0.00011730920771391548 1.4277541464625373e-05,-0.0001255276118771147 -1.5277909699023914e-05,1.3569173223932328e-05
balance,841,0.00011606722156906052 1.4126379926931703e-05,-0.00012419861448549673 -1.5116153769367084e-05,1.3425511941824939e-05
balance,842,0.0001148383846929106 1.3976818821514766e-05,-0.00012288368761499173 -1.4956110541693838e-05,1.3283371667692555e-05
balance,843,0.00011362255786996186 1.3828841202728787e-05,-0.00012158268229487413 -1.479776187859791e-05,1.314273629725961e-05
balance,844,0.00011241960335864492 1.3682430304380471e-05,-0.0001202954511316938 -1.4641089834831505e-05,1.3003589896783063e-05
balance,845,0.00011122938487571917 1.35375695378278e-05,-0.00011902184829257435 -1.4486076655267005e-05,1.2865916701244298e-05
balance,846,0.00011005176758083229 1.3394242490098992e-05,-0.00011776172948868823 -1.4332704772880798e-05,1.2729701112563581e-05
balance,847,0.00010888661806124322 1.325243292203141e-05,-0.00011651495195890689 -1.4180956806758165e-05,1.2594927697830171e-05
balance,848,0.00010773380431670698 1.3112124766430215e-05,-0.00011528137445362412 -1.4030815560119597e-05,1.2461581187553861e-05
balance,849,0.00010659319574451947 1.2973302126246534e-05,-0.00011406085721875075 -1.388226401836807e-05,1.2329646473933498e-05
balance,850,0.00010546466312472068 1.2835949272774964e-05,-0.00011285326197987886 -1.3735285347156964e-05,1.2199108609144156e-05
balance,851,0.00010434807860545454 1.2700050643870178e-05,-0.0001116584519266137 -1.358986289047871e-05,1.2069952803643068e-05
balance,852,0.00010324331568848382 1.2565590842182443e-05,-0.0001104762916970717 -1.3445980168773517e-05,1.1942164424492456e-05
balance,853,0.00010215024921485839 1.2432554633411859e-05,-0.00010930664736254238 -1.3303620877058424e-05,1.181572899370133e-05
balance,854,0.00010106875535073526 1.2300926944581097e-05,-0.00010814938641231309 -1.316276888307611e-05,1.1690632186583923e-05
balance,855,9.999871157334872e-05 1.2170692862326464e-05,-0.00010700437773865415 -1.3023408225463387e-05,1.1566859830135955e-05
balance,856,9.893999665712908e-05 1.2041837631207072e-05,-0.00010587149162196326 -1.2885523111939219e-05,1.1444397901428177e-05
balance,857,9.789249065996842e-05 1.1914346652031952e-05,-0.0001047505997160671 -1.2749097917511872e-05,1.1323232526016372e-05
balance,858,9.685607490963163e-05 1.17882054802049e-05,-0.00010364157503367865 -1.2614117182705322e-05,1.1203349976369507e-05
balance,859,9.583063199031155e-05 1.1663399824086857e-05,-0.00010254429193200858 -1.2480565611804247e-05,1.1084736670312632e-05
balance,860,9.481604572932626e-05 1.1539915543375678e-05,-0.00010145862609852897 -1.2348428071117918e-05,1.0967379169488144e-05
balance,861,9.381220118395738e-05 1.1417738647503054e-05,-0.00010038445453688784 -1.2217689587262365e-05,1.0851264177832294e-05
balance,862,9.281898462842765e-05 1.1296855294048445e-05,-9.93216555529729e-05 -1.208833534546078e-05,1.0736378540067524e-05
balance,863,9.183628354101642e-05 1.1177251787169824e-05,-9.827010874112275e-05 -1.1960350687862166e-05,1.0622709240212595e-05
balance,864,9.086398659131158e-05 1.1058914576051048e-05,-9.72296949704843e-05 -1.1833721111877662e-05,1.0510243400106229e-05
balance,865,8.990198362759643e-05 1.0941830253365703e-05,-9.620029637151459e-05 -1.1708432268534583e-05,1.0398968277947667e-05
balance,866,8.895016566437017e-05 1.0825985553757224e-05,-9.518179632262551e-05 -1.1584469960847984e-05,1.02888712668528e-05
balance,867,8.800842487000047e-05 1.0711367352335128e-05,-9.417407943697009e-05 -1.146182014220952e-05,1.0179939893424949e-05
balance,868,8.707665455450678e-05 1.0597962663187196e-05,-9.317703154936862e-05 -1.1340468914793296e-05,1.0072161816341015e-05
balance,869,8.615474915747305e-05 1.0485758637907408e-05,-9.219053970337328e-05 -1.1220402527978856e-05,9.965524824953126e-06
balance,870,8.524260423608835e-05 1.03747425641395e-05,-9.121449213846976e-05 -1.1101607376790794e-05,9.860016837904542e-06
balance,871,8.43401164533142e-05 1.0264901864135952e-05,-9.024877827741439e-05 -1.0984070000354885e-05,9.75562590175995e-06
balance,872,8.344718356617715e-05 1.0156224093332245e-05,-8.929328871370542e-05 -1.0867777080370731e-05,9.652340189651326e-06
balance,873,8.256370441418528e-05 1.0048696938936239e-05,-8.834791519918694e-05 -1.0752715439600571e-05,9.550147999937028e-06
balance,874,8.168957890786744e-05 9.942308218532498e-06,-8.741255063178413e-05 -1.0638872040374075e-05,9.449037754875774e-06
balance,875,8.082470801743375e-05 9.837045878701406e-06,-8.648708904336831e-05 -1.0526233983109186e-05,9.348997999314753e-06
balance,876,7.996899376155624e-05 9.732897993652922e-06,-8.55714255877506e-05 -1.0414788504848436e-05,9.25001739939068e-06
balance,877,7.912233919626822e-05 9.629852763874813e-06,-8.466545652880264e-05 -1.0304522977810993e-05,9.152084741246006e-06
balance,878,7.82846484039812e-05 9.527898514795213e-06,-8.376907922870318e-05 -1.019542490796e-05,9.055188929757744e-06
balance,879,7.74558264826181e-05 9.427023695459362e-06,-8.28821921363091e-05 -1.008748193358509e-05,8.959318987279814e-06
balance,880,7.66357795348616e-05 9.327216877220361e-06,-8.200469477564957e-05 -9.980681823900044e-06,8.864464052399502e-06
balance,881,7.582441465751618e-05 9.22846675244381e-06,-8.11364877345421e-05 -9.875012477655254e-06,8.770613378705946e-06
balance,882,7.502163993098289e-05 9.13076213322616e-06,-8.02774726533291e-05 -9.77046192176492e-06,8.677756333572708e-06
balance,883,7.422736440884555e-05 9.034091950126672e-06,-7.942755221373373e-05 -9.667018309948893e-06,8.585882396952598e-06
balance,884,7.344149810756721e-05 8.938445250912784e-06,-7.858663012783379e-05 -9.564669921388781e-06,8.49498116018526e-06
balance,885,7.26639519962957e-05 8.843811199318799e-06,-7.775461112715229e-05 -9.463405159398541e-06,8.405042324818385e-06
balance,886,7.189463798677706e-05 8.750179073817709e-06,-7.693140095186366e-05 -9.363212550108958e-06,8.316055701439629e-06
balance,887,7.113346892337592e-05 8.657538266406047e-06,-7.611690634011418e-05 -9.264080741166196e-06,8.228011208522462e-06
balance,888,7.038035857320136e-05 8.565878281401604e-06,-7.531103501745554e-05 -9.16599850044419e-06,8.140898871283788e-06
balance,889,6.963522161633746e-05 8.475188734253899e-06,-7.451369568639025e-05 -9.068954714770621e-06,8.054708820553238e-06
balance,890,6.889797363617718e-05 8.385459350367234e-06,-7.372479801602778e-05 -8.972938388666454e-06,7.969431291654982e-06
balance,891,6.816853110985868e-05 8.296679963936246e-06,-7.294425263185029e-05 -8.877938643098865e-06,7.885056623301185e-06
balance,892,6.74468113988028e-05 8.208840516793772e-06,-7.217197110558663e-05 -8.783944714247317e-06,7.801575256496852e-06
balance,893,6.673273273935087e-05 8.121931057270944e-06,-7.140786594519366e-05 -8.690945952282881e-06,7.718977733457324e-06
balance,894,6.602621423350143e-05 8.035941739069341e-06,-7.065185058494357e-05 -8.5989318201603e-06,7.637254696535545e-06
balance,895,6.532717583974526e-05 7.95086282014511e-06,-6.990383937561627e-05 -8.507891892423111e-06,7.556396887162702e-06
balance,896,6.463553836399731e-05 7.866684661604897e-06,-6.916374757479553e-05 -8.41781585402123e-06,7.47639514479819e-06
balance,897,6.395122345062463e-05 7.783397726613486e-06,-6.843149133726795e-05 -8.328693499141213e-06,7.3972404058921375e-06
balance,898,6.327415357356939e-05 7.700992579312998e-06,-6.770698770552358e-05 -8.240514730048861e-06,7.318923702858051e-06
balance,899,6.260425202756582e-05 7.619459883753557e-06,-6.69901546003571e-05 -8.153269555944112e-06,7.241436163056695e-06
balance,900,6.194144291945014e-05 7.5387904028352755e-06,-6.628091081156855e-05 -8.066948091828163e-06,7.164769007790919e-06
balance,901,6.128565115956252e-05 7.458974997261451e-06,-6.55791759887625e-05 -7.981540557382454e-06,7.08891355131047e-06
balance,902,6.063680245324007e-05 7.380004624502854e-06,-6.488487063224468e-05 -7.897037275859681e-06,7.013861199828175e-06
balance,903,5.9994823292399914e-05 7.301870337772989e-06,-6.419791608401504e-05 -7.81342867298647e-06,6.939603450545775e-06
balance,904,5.9359640947211354e-05 7.2245632850142115e-06,-6.351823451885605e-05 -7.73070527587782e-06,6.866131890690919e-06
balance,905,5.87311834578562e-05 7.148074707894583e-06,-6.28457489355155e-05 -7.648857711962876e-06,6.793438196563346e-06
balance,906,5.810937962637637e-05 7.07239594081536e-06,-6.218038314798264e-05 -7.567876707922269e-06,6.7215141325920895e-06
balance,907,5.74941590086078e-05 6.997518409928994e-06,-6.152206177685655e-05 -7.487753088636645e-06,6.650351550402259e-06
balance,908,5.688545190619974e-05 6.923433632167531e-06,-6.087071024080616e-05 -7.408477776146328e-06,6.579942387891538e-06
balance,909,5.6283189358718534e-05 6.85013321428131e-06,-6.022625474812048e-05 -7.3300417886220835e-06,6.510278668316857e-06
balance,910,5.568730313583505e-05 6.777608851887843e-06,-5.9588622288348414e-05 -7.2524362393466915e-06,6.441352499390261e-06
balance,911,5.509772572959478e-05 6.705852328530769e-06,-5.895774062402703e-05 -7.175652335707441e-06,6.373156072385116e-06
balance,912,5.45143903467698e-05 6.634855514748776e-06,-5.833353828249749e-05 -7.099681378199236e-06,6.305681661250888e-06
balance,913,5.393723090129173e-05 6.564610367154394e-06,-5.771594454780757e-05 -7.024514759438265e-06,6.238921621737843e-06
balance,914,5.3366182006764725e-05 6.495108927522532e-06,-5.710488945269995e-05 -6.9501439631861966e-06,6.172868390531011e-06
balance,915,5.2801178969057874e-05 6.4263433218886855e-06,-5.6500303770685334e-05 -6.8765605633846255e-06,6.107514484392945e-06
balance,916,5.224215777897588e-05 6.358305759656687e-06,-5.5902119008199516e-05 -6.803756223199836e-06,6.042852499316078e-06
balance,917,5.168905510500744e-05 6.2909885327159104e-06,-5.5310267396843455e-05 -6.73172269407765e-06,5.978875109683573e-06
balance,918,5.114180828615039e-05 6.224384014567827e-06,-5.4724681885705534e-05 -6.66045181480835e-06,5.9155750674396245e-06
balance,919,5.060035532481274e-05 6.158484659461813e-06,-5.414529613376514e-05 -6.5899355106014074e-06,5.852945201267584e-06
balance,920,5.006463487978897e-05 6.093283001540112e-06,-5.357204450237661e-05 -6.520165792170161e-06,5.790978415778207e-06
balance,921,4.9534586259310646e-05 6.028771653991851e-06,-5.300486204783286e-05 -6.4511347548260846e-06,5.729667690705014e-06
balance,922,4.901014941417057e-05 5.964943308216024e-06,-5.244368451400764e-05 -6.382834577582704e-06,5.669006080109228e-06
balance,923,4.849126493091981e-05 5.901790732993334e-06,-5.188844832507578e-05 -6.315257522269035e-06,5.608986711592733e-06
balance,924,4.797787402513671e-05 5.83930677366681e-06,-5.133909057831047e-05 -6.248395932652381e-06,5.549602785519311e-06
balance,925,4.746991853476714e-05 5.777484351331106e-06,-5.079554903695681e-05 -6.182242233570425e-06,5.4908475742442115e-06
balance,926,4.6967340913535336e-05 5.71631646203038e-06,-5.0257762123180865e-05 -6.116788930072578e-06,5.432714421351977e-06
balance,927,4.6470084224424405e-05 5.655796175964677e-06,-4.9725668911093286e-05 -6.052028606570349e-06,5.375196740902146e-06
balance,928,4.5978092133225934e-05 5.595916636704709e-06,-4.919920911984688e-05 -5.987953925996793e-06,5.318288016683137e-06
balance,929,4.549130890215786e-05 5.536671060414961e-06,-4.867832310680721e-05 -5.924557628974845e-06,5.261981801473982e-06
balance,930,4.500967938354991e-05 5.478052735085016e-06,-4.8162951860795544e-05 -5.861832532994446e-06,5.206271716313624e-06
balance,931,4.453314901359588e-05 5.420055019769032e-06,-4.7653036995403315e-05 -5.799771531598419e-06,5.151151449778417e-06
balance,932,4.40616638061721e-05 5.362671343833262e-06,-4.714852074237741e-05 -5.7383675935769375e-06,5.096614757266777e-06
balance,933,4.3595170346721346e-05 5.305895206211556e-06,-4.6649345945075436e-05 -5.67761376217061e-06,5.0426554602920475e-06
balance,934,4.3133615786201444e-05 5.249720174668737e-06,-4.615545605199034e-05 -5.617503154281906e-06,4.989267445781971e-06
balance,935,4.267694783509801e-05 5.194139885071787e-06,-4.566679511034355e-05 -5.558028959695038e-06,4.936444665386582e-06
balance,936,4.222511475750055e-05 5.139148040668746e-06,-4.5183307759745976e-05 -5.499184440304034e-06,4.884181134792484e-06
balance,937,4.177806536524129e-05 5.084738411375256e-06,-4.470493922592611e-05 -5.440962929349027e-06,4.83247093304507e-06
balance,938,4.133574901209604e-05 5.03090483306865e-06,-4.423163531452455e-05 -5.383357830660663e-06,4.781308201877726e-06
balance,939,4.08981155880465e-05 4.977641206889525e-06,-4.3763342404954224e-05 -5.326362617912462e-06,4.7306871450478766e-06
balance,940,4.0465115513603246e-05 4.924941498550714e-06,-4.33000074443256e-05 -5.269970833881115e-06,4.6806020276803415e-06
balance,941,4.003669973418889e-05 4.872799737653568e-06,-4.284157794143625e-05 -5.214176089714671e-06,4.63104717561782e-06
balance,942,3.961281971458064e-05 4.821210017011483e-06,-4.2388001960824015e-05 -5.15897206420841e-06,4.582016974777657e-06
balance,943,3.9193427433411814e-05 4.770166491980598e-06,-4.1939228116883164e-05 -5.104352503088435e-06,4.5335058705159805e-06
balance,944,3.877847537773139e-05 4.71966337979757e-06,-4.149520556804282e-05 -5.050311218302858e-06,4.485508366998429e-06
balance,945,3.836791653762132e-05 4.6696949589243654e-06,-4.105588401100708e-05 -4.996842087320445e-06,4.438019026577264e-06
balance,946,3.796170440087076e-05 4.620255568399998e-06,-4.0621213675056045e-05 -4.943939052436753e-06,4.3910324691754255e-06
balance,947,3.7559792947706686e-05 4.571339607199122e-06,-4.0191145316407245e-05 -4.891596120087571e-06,4.3445433716769694e-06
balance,948,3.7162136645580316e-05 4.522941533597425e-06,-3.976563021263674e-05 -4.839807360169703e-06,4.298546467324105e-06
balance,949,3.676869044400872e-05 4.475055864543736e-06,-3.934462015715928e-05 -4.788566905368861e-06,4.2530365451201725e-06
balance,950,3.637940976947105e-05 4.427677175038789e-06,-3.892806745376697e-05 -4.737868950494759e-06,4.208008449239593e-06
balance,951,3.59942505203588e-05 4.380800097520557e-06,-3.851592491122563e-05 -4.687707751823188e-06,4.1634570784434476e-06
balance,952,3.561316906197952e-05 4.334419321256106e-06,-3.810814583792855e-05 -4.638077626445091e-06,4.119377385501669e-06
balance,953,3.523612222161345e-05 4.288529591739881e-06,-3.770468403660664e-05 -4.588972951622559e-06,4.075764376621268e-06
balance,954,3.48630672836225e-05 4.243125710098365e-06,-3.730549379909477e-05 -4.540388164151618e-06,4.032613110880443e-06
balance,955,3.4493961984610965e-05 4.198202532501047e-06,-3.691052990115344e-05 -4.492317759731742e-06,3.989918699668679e-06
balance,956,3.412876450863751e-05 4.153754969577626e-06,-3.6519747597345236e-05 -4.444756292342121e-06,3.947676306133252e-06
balance,957,3.3767433482477856e-05 4.109777985841381e-06,-3.6133102615965626e-05 -4.3976983736244905e-06,3.905881144630951e-06
balance,958,3.3409927970937585e-05 4.066266599118656e-06,-3.5750551154027374e-05 -4.3511386722724645e-06,3.864528480185776e-06
balance,959,3.30562074722146e-05 4.0232158799843814e-06,-3.5372049872298036e-05 -4.305071913427421e-06,3.8236136279529075e-06
balance,960,3.27062319133107e-05 3.980620951203574e-06,-3.499755589039005e-05 -4.259492878080741e-06,3.783131952687625e-06
balance,961,3.235996164549167e-05 3.93847698717875e-06,-3.4627026781902785e-05 -4.214396402482362e-06,3.7430788682200988e-06
balance,962,3.201735743979551e-05 3.896779213403194e-06,-3.426042056961602e-05 -4.169777377555619e-06,3.7034498369360027e-06
balance,963,3.167838048258817e-05 3.855522905920011e-06,-3.38976957207343e-05 -4.125630748318321e-06,3.664240369262415e-06
balance,964,3.1342992371166354e-05 3.814703390786912e-06,-3.3538811142181705e-05 -4.0819515133098834e-06,3.6254460231589854e-06
balance,965,3.101115510940689e-05 3.7743160435466665e-06,-3.3183726175946344e-05 -4.038734724024575e-06,3.5870624036148257e-06
balance,966,3.068283110346215e-05 3.7343562887031585e-06,-3.28324005944742e-05 -3.995975484350814e-06,3.549085162150697e-06
balance,967,3.0357983157501033e-05 3.694819599202996e-06,-3.248479459611175e-05 -3.953668950016264e-06,3.511509996325916e-06
balance,968,3.0036574469495064e-05 3.655701495922606e-06,-3.2140868800596794e-05 -3.911810328038989e-06,3.474332649251475e-06
balance,969,2.971856862704909e-05 3.6169975471607634e-06,-3.180058424459705e-05 -3.870394876184262e-06,3.4375489091073402e-06
balance,970,2.940392960327613e-05 3.578703368136491e-06,-3.1463902377295994e-05 -3.8294179024272545e-06,3.401154608665531e-06
balance,971,2.9092621752715877e-05 3.540814620492278e-06,-3.11307850560254e-05 -3.7888747644213203e-06,3.3651456248178168e-06
balance,972,2.8784609807296436e-05 3.5033270118025585e-06,-3.080119454194417e-05 -3.7487608689719486e-06,3.3295178781086573e-06
balance,973,2.847985887233881e-05 3.466236295087395e-06,-3.0475093495762868e-05 -3.7090716715163268e-06,3.294267332273166e-06
balance,974,2.8178334422603674e-05 3.4295382683313117e-06,-3.0152444973513543e-05 -3.6698026756083603e-06,3.259389993779616e-06
balance,975,2.788000229838003e-05 3.39322877400722e-06,-2.9833212422364343e-05 -3.630949432409167e-06,3.224881911377119e-06
balance,976,2.7584828701615246e-05 3.3573036986053902e-06,-2.951735967647843e-05 -3.5925075401829707e-06,3.190739175647931e-06
balance,977,2.729278019208608e-05 3.3217589721674067e-06,-2.9204850952916743e-05 -3.554472643798335e-06,3.156957918564564e-06
balance,978,2.7003823683610236e-05 3.28659056782506e-06,-2.889565084758414e-05 -3.5168404342347046e-06,3.123534313051686e-06
balance,979,2.671792644029805e-05 3.2517945013441188e-06,-2.8589724331218472e-05 -3.4796066480940923e-06,3.0904645725521784e-06
balance,980,2.643505607284383e-05 3.2173668306729385e-06,-2.828703674542209e-05 -3.4427670671180463e-06,3.0577449505986136e-06
balance,981,2.6155180534856476e-05 3.183303655495842e-06,-2.7987553798735407e-05 -3.4063175177096554e-06,3.0253717403884792e-06
balance,982,2.5878268119228956e-05 3.1496011167912356e-06,-2.7691241562752013e-05 -3.370253870460649e-06,2.9933412743643404e-06
balance,983,2.5604287454546207e-05 3.1162553963944007e-06,-2.7398066468274912e-05 -3.334572039683495e-06,2.9616499237983282e-06
balance,984,2.5333207501531074e-05 3.083262716564916e-06,-2.7107995301513475e-05 -3.2992679829484618e-06,2.9302940983810184e-06
balance,985,2.5064997549527868e-05 3.05061933955866e-06,-2.6820995200320638e-05 -3.264337700625585e-06,2.8992702458147185e-06
balance,986,2.4799627213023168e-05 3.0183215672043454e-06,-2.653703365046995e-05 -3.229777235431468e-06,2.868574851410951e-06
balance,987,2.453706642820345e-05 2.9863657404845364e-06,-2.6256078481972037e-05 -3.1955826719809106e-06,2.838204437692343e-06
balance,988,2.4277285449549148e-05 2.954748239121104e-06,-2.5978097865430065e-05 -3.1617501363432486e-06,2.8081555639985514e-06
balance,989,2.402025484646481e-05 2.92346548116507e-06,-2.570306030843378e-05 -3.128275795603442e-06,2.778424826096645e-06
balance,990,2.3765945499944892e-05 2.892513922590792e-06,-2.543093465199173e-05 -3.09515585742776e-06,2.7490088557951953e-06
balance,991,2.3514328599274878e-05 2.861890056894451e-06,-2.516169006700128e-05 -3.0623865696341045e-06,2.7199043205628936e-06
balance,992,2.326537563876732e-05 2.8315904146967827e-06,-2.4895296050755974e-05 -3.0299642197668584e-06,2.6911079231508832e-06
balance,993,2.3019058414532422e-05 2.80161156335002e-06,-2.4631722423489874e-05 -2.997885134676261e-06,2.662616401219276e-06
balance,994,2.2775349021282837e-05 2.771950106548998e-06,-2.437093932495851e-05 -2.966145680102213e-06,2.6344265269675086e-06
balance,995,2.253421984917228e-05 2.742602683946373e-06,-2.411291721105601e-05 -2.9347422602625167e-06,2.6065351067687133e-06
balance,996,2.22956435806676e-05 2.7135659707719187e-06,-2.385762685046806e-05 -2.9036713174454384e-06,2.5789389808077987e-06
balance,997,2.2059593187453997e-05 2.6848366774558524e-06,-2.3605039321360274e-05 -2.8729293316066156e-06,2.5516350227235834e-06
balance,998,2.1826041927372982e-05 2.65641154925615e-06,-2.3355126008101647e-05 -2.842512819970257e-06,2.524620139254674e-06
balance,999,2.1594963341392755e-05 2.628287365889805e-06,-2.3107858598022707e-05 -2.812418336634488e-06,2.4978912698887347e-06
balance,1000,2.1366331250610676e-05 2.6004609411679954e-06,-2.286320907820796e-05 -2.7826424721809573e-06,2.471445386516102e-06
balance,1001,2.1140119753287454e-05 2.57292912263511e-06,-2.2621149732322314e-05 -2.7531818532885366e-06,2.4452794930865076e-06
balance,1002,2.0916303221912742e-05 2.5456887912115987e-06,-2.2381653137471107e-05 -2.7240331423511064e-06,2.4193906252697e-06
balance,1003,2.069485630030181e-05 2.5187368608406044e-06,-2.2144692161093364e-05 -2.6951930370994125e-06,2.393775850119668e-06
balance,1004,2.047575390072293e-05 2.492070278138335e-06,-2.1910239957887953e-05 -2.6666582702269145e-06,2.3684322657423046e-06
balance,1005,2.0258971201055207e-05 2.4656860220481393e-06,-2.1678269966772293e-05 -2.6384256090195902e-06,2.3433570009666537e-06
balance,1006,2.0044483641976474e-05 2.4395811034982422e-06,-2.144875590787324e-05 -2.610491854989695e-06,2.318547215019746e-06
balance,1007,1.9832266924180976e-05 2.413752565063109e-06,-2.122167177954986e-05 -2.5828538435133365e-06,2.2940000972045256e-06
balance,1008,1.96222970056265e-05 2.3881974806283896e-06,-2.09969918554477e-05 -2.555508443471942e-06,2.2697128665816367e-06
balance,1009,1.9414550098810658e-05 2.3629129550594146e-06,-2.077469068158425e-05 -2.528452556897512e-06,2.245682771654359e-06
balance,1010,1.9209002668076004e-05 2.3378961238731988e-06,-2.055474307346528e-05 -2.5016831186216075e-06,2.2219070900567266e-06
balance,1011,1.900563142694369e-05 2.313144152913918e-06,-2.033712411323168e-05 -2.475197095928077e-06,2.1983831282452785e-06
balance,1012,1.8804413335475325e-05 2.2886542380318235e-06,-2.0121809146836528e-05 -2.4489914882094554e-06,2.1751082211938357e-06
balance,1013,1.8605325597662803e-05 2.2644236047655534e-06,-1.9908773781252034e-05 -2.423063326627003e-06,2.1520797320915743e-06
balance,1014,1.840834565884574e-05 2.24044950802781e-06,-1.969799388170607e-05 -2.3974096737743257e-06,2.129295052044291e-06
balance,1015,1.8213451203156262e-05 2.216729231794364e-06,-1.948944556894793e-05 -2.37202762334459e-06,2.106751599778901e-06
balance,1016,1.8020620150990832e-05 2.193260088796352e-06,-1.9283105216543074e-05 -2.346914299801241e-06,2.0844468213509446e-06
balance,1017,1.7829830656508866e-05 2.1700394202158297e-06,-1.9078949448196475e-05 -2.322066858052209e-06,2.06237818985529e-06
balance,1018,1.7641061105157822e-05 2.147064595384554e-06,-1.8876955135104343e-05 -2.297482483127561e-06,2.040543205139758e-06
balance,1019,1.7454290111224485e-05 2.124333011485948e-06,-1.867709939333386e-05 -2.273158389860578e-06,2.018939393522036e-06
balance,1020,1.726949651541218e-05 2.101842093260226e-06,-1.8479359581230653e-05 -2.249091822572225e-06,1.9975643075094136e-06
balance,1021,1.708665938244364e-05 2.079589292712637e-06,-1.828371329685375e-05 -2.225280054758915e-06,1.9764155255213324e-06
balance,1022,1.6905757998689266e-05 2.057572088824801e-06,-1.809013837543766e-05 -2.2017203887835964e-06,1.9554906516151545e-06
balance,1023,1.6726771869820452e-05 2.035787987269099e-06,-1.7898612886881322e-05 -2.1784101555701644e-06,1.9347873152148935e-06
balance,1024,1.6549680718487817e-05 2.014234520126089e-06,-1.7709115133263664e-05 -2.1553467143010188e-06,1.914303170842291e-06
balance,1025,1.6374464482023962e-05 1.99290924560491e-06,-1.752162364638544e-05 -2.1325274521179082e-06,1.8940358978514884e-06
balance,1026,1.6201103310170592e-05 1.971809747766651e-06,-1.7336117185337116e-05 -2.109949783825873e-06,1.8739832001657536e-06
balance,1027,1.6029577562829667e-05 1.950933636250647e-06,-1.7152574734092482e-05 -2.0876111516003728e-06,1.8541428060176634e-06
balance,1028,1.585986780783839e-05 1.930278546003672e-06,-1.6970975499127753e-05 -2.065509024697491e-06,1.8345124676915562e-06
balance,1029,1.5691954818767728e-05 1.909842137012e-06,-1.679129890706588e-05 -2.0436408991672217e-06,1.8150899612689746e-06
balance,1030,1.552581957274427e-05 1.8896220940363023e-06,-1.6613524602345798e-05 -2.0220042975697725e-06,1.7958730863766324e-06
balance,1031,1.5361443248295107e-05 1.8696161263493536e-06,-1.6437632444916352e-05 -2.000596768694882e-06,1.7768596659371856e-06
balance,1032,1.519880722321556e-05 1.8498219674765122e-06,-1.6263602507954623e-05 -1.979415887284129e-06,1.7580475459226695e-06
balance,1033,1.5037893072459475e-05 1.8302373749389508e-06,-1.6091415075608442e-05 -1.958459253756141e-06,1.739434595110277e-06
balance,1034,1.4878682566051849e-05 1.8108601299996033e-06,-1.592105064076277e-05 -1.9377244939347575e-06,1.721018704841137e-06
balance,1035,1.4721157667023551e-05 1.791688037411803e-06,-1.5752489902829757e-05 -1.917209258780034e-06,1.7027977887812499e-06
balance,1036,1.4565300529367929e-05 1.7727189251705818e-06,-1.5585713765562172e-05 -1.896911224122104e-06,1.6847697826851669e-06
balance,1037,1.4411093496019029e-05 1.753950644266603e-06,-1.542070333489e-05 -1.876828090397885e-06,1.6669326441622224e-06
balance,1038,1.4258519096851229e-05 1.7353810684426976e-06,-1.525743991677994e-05 -1.8569575823905394e-06,1.6492843524450629e-06
balance,1039,1.4107560046700053e-05 1.7170080939529805e-06,-1.5095905015117554e-05 -1.8372974489717027e-06,1.6318229081606964e-06
balance,1040,1.3958199243403933e-05 1.6988296393245159e-06,-1.4936080329611856e-05 -1.8178454628464586e-06,1.6145463331041027e-06
balance,1041,1.3810419765866712e-05 1.680843645121506e-06,-1.4777947753722075e-05 -1.7985994203009923e-06,1.5974526700139896e-06
balance,1042,1.3664204872140648e-05 1.6630480737119767e-06,-1.462148937260637e-05 -1.7795571409529168e-06,1.58053998235109e-06
balance,1043,1.3519537997529725e-05 1.645440909036934e-06,-1.4466687461092259e-05 -1.7607164675042678e-06,1.563806354078864e-06
balance,1044,1.337640275271304e-05 1.6280201563819631e-06,-1.4313524481668543e-05 -1.7420752654970878e-06,1.5472498894463264e-06
balance,1045,1.3234782921888056e-05 1.6107838421512472e-06,-1.4161983082498484e-05 -1.7236314230716002e-06,1.5308687127732835e-06
balance,1046,1.3094662460933515e-05 1.5937300136439776e-06,-1.4012046095454021e-05 -1.7053828507269638e-06,1.514660968237917e-06
balance,1047,1.2956025495591807e-05 1.5768567388331322e-06,-1.3863696534170798e-05 -1.6873274810845428e-06,1.4986248196664674e-06
balance,1048,1.281885631967057e-05 1.5601621061465954e-06,-1.371691759212378e-05 -1.6694632686536759e-06,1.4827584503251974e-06
balance,1049,1.2683139393263337e-05 1.5436442242505958e-06,-1.357169264072325e-05 -1.6517881895999581e-06,1.4670600627146884e-06
balance,1050,1.2548859340989028e-05 1.5273012218354365e-06,-1.342800522743096e-05 -1.6343002415159418e-06,1.4515278783660683e-06
balance,1051,1.2416000950250066e-05 1.5111312474034937e-06,-1.3285839073896224e-05 -1.6169974431942817e-06,1.4361601376396018e-06
balance,1052,1.2284549169508948e-05 1.495132469059461e-06,-1.3145178074111753e-05 -1.599877834403282e-06,1.4209550995253395e-06
balance,1053,1.2154489106583057e-05 1.4793030743028127e-06,-1.3006006292589006e-05 -1.5829394756648134e-06,1.4059110414458503e-06
balance,1054,1.2025806026957529e-05 1.4636412698224668e-06,-1.2868307962552862e-05 -1.566180448034589e-06,1.3910262590610994e-06
balance,1055,1.1898485352115976e-05 1.448145281293619e-06,-1.273206748415541e-05 -1.549598852884763e-06,1.3762990660753585e-06
balance,1056,1.177251265788889e-05 1.4328133531767308e-06,-1.259726942270864e-05 -1.5331928116888293e-06,1.3617277940461377e-06
balance,1057,1.164787367281953e-05 1.4176437485186428e-06,-1.2463898506935858e-05 -1.5169604658088037e-06,1.3473107921952292e-06
balance,1058,1.1524554276547115e-05 1.4026347487557962e-06,-1.2331939627241604e-05 -1.5008999762846493e-06,1.3330464272216107e-06
balance,1059,1.1402540498207116e-05 1.3877846535195368e-06,-1.2201377833999887e-05 -1.4850095236259458e-06,1.3189330831164874e-06
balance,1060,1.1281818514848511e-05 1.3730917804434792e-06,-1.2072198335860551e-05 -1.4692873076057447e-06,1.30496916098014e-06
balance,1061,1.1162374649867776e-05 1.3585544649729128e-06,-1.194438649807356e-05 -1.4537315470566345e-06,1.2911530788408918e-06
balance,1062,1.1044195371459465e-05 1.3441710601762235e-06,-1.1817927840831036e-05 -1.4383404796689346e-06,1.2774832714757454e-06
balance,1063,1.0927267291083197e-05 1.329939936558313e-06,-1.1692808037626845e-05 -1.4231123617910513e-06,1.2639581902331952e-06
balance,1064,1.0811577161946862e-05 1.3158594818759937e-06,-1.1569012913633545e-05 -1.408045468231931e-06,1.2505763028576803e-06
balance,1065,1.0697111877505897e-05 1.3019281009553376e-06,-1.144652844409653e-05 -1.393138092065618e-06,1.237336093316086e-06
balance,1066,1.0583858469978445e-05 1.2881442155109588e-06,-1.1325340752745164e-05 -1.378388544437867e-06,1.2242360616258916e-06
balance,1067,1.0471804108876237e-05 1.2745062639672108e-06,-1.1205436110220746e-05 -1.3637951543748074e-06,1.2112747236852933e-06
balance,1068,1.0360936099551026e-05 1.2610127012812743e-06,-1.1086800932521108e-05 -1.3493562685936565e-06,1.1984506111051449e-06
balance,1069,1.0251241881756409e-05 1.2476619987681203e-06,-1.0969421779461691e-05 -1.335070251315396e-06,1.1857622710424361e-06
balance,1070,1.014270902822488e-05 1.2344526439273256e-06,-1.0853285353152909e-05 -1.320935484079465e-06,1.173208266035845e-06
balance,1071,1.0035325243259943e-05 1.2213831402717217e-06,-1.0738378496493632e-05 -1.3069503655603968e-06,1.1607871738428104e-06
balance,1072,9.929078361343137e-06 1.2084520071578575e-06,-1.0624688191680626e-05 -1.2931133113864108e-06,1.148497587278462e-06
balance,1073,9.823956345755799e-06 1.1956577796182586e-06,-1.0512201558733759e-05 -1.2794227539599065e-06,1.1363381140561316e-06
balance,1074,9.71994728721543e-06 1.1829990081954598e-06,-1.0400905854036842e-05 -1.2658771422798842e-06,1.1243073766297275e-06
balance,1075,9.617039402526492e-06 1.1704742587777976e-06,-1.02907884688939e-05 -1.2524749417662158e-06,1.1124040120375222e-06
balance,1076,9.515221033245485e-06 1.1580821124369395e-06,-1.0181836928100736e-05 -1.239214634085805e-06,1.100626671747914e-06
balance,1077,9.414480644360168e-06 1.145821165267134e-06,-1.0074038888531623e-05 -1.2260947169805576e-06,1.0889740215064806e-06
balance,1078,9.314806822982759e-06 1.133690028226162e-06,-9.96738213774095e-06 -1.213113704097212e-06,1.0774447411849975e-06
balance,1079,9.216188277056963e-06 1.1216873269779726e-06,-9.861854592579673e-06 -1.2002701248189282e-06,1.0660375246317212e-06
balance,1080,9.118613834078698e-06 1.1098117017369855e-06,-9.757444297826423e-06 -1.1875625240986978e-06,1.054751079523538e-06
balance,1081,9.022072439830367e-06 1.0980618071140407e-06,-9.654139424833101e-06 -1.1749894622944863e-06,1.0435841272194563e-06
balance,1082,8.926553157128518e-06 1.0864363119639792e-06,-9.551928270184812e-06 -1.1625495150061448e-06,1.032535402615833e-06
balance,1083,8.832045164584779e-06 1.0749338992348387e-06,-9.45079925437398e-06 -1.1502412729140396e-06,1.0216036540030218e-06
balance,1084,8.738537755379894e-06 1.063553265818645e-06,-9.350740920488523e-06 -1.1380633416193842e-06,1.0107876429235408e-06
balance,1085,8.646020336050755e-06 1.0522931224037822e-06,-9.251741932913886e-06 -1.1260143414862707e-06,1.0000861440317981e-06
balance,1086,8.554482425290267e-06 1.0411521933289285e-06,-9.15379107604884e-06 -1.1140929074853737e-06,9.894979449552852e-07
balance,1087,8.46391365275992e-06 1.0301292164385354e-06,-9.056877253034866e-06 -1.1022976890393023e-06,9.790218461571866e-07
balance,1088,8.374303757914929e-06 1.0192229429398395e-06,-8.960989484498995e-06 -1.0906273498695907e-06,9.686566608005017e-07
balance,1089,8.285642588841829e-06 1.0084321372613863e-06,-8.866116907309957e-06 -1.0790805678453136e-06,9.58401214613603e-07
balance,1090,8.197920101108354e-06 9.977555769130532e-07,-8.772248773347496e-06 -1.0676560348333012e-06,9.482543457571896e-07
balance,1091,8.111126356625506e-06 9.871920523475537e-07,-8.679374448284719e-06 -1.0563524565499477e-06,9.382149046927015e-07
balance,1092,8.025251522521673e-06 9.767403668234081e-07,-8.587483410383337e-06 -1.045168552414567e-06,9.28281754051983e-07
balance,1093,7.940285870028657e-06 9.663993362693648e-07,-8.496565249301653e-06 -1.03410305540433e-06,9.184537685085719e-07
balance,1094,7.856219773379505e-06 9.561677891502577e-07,-8.406609664915181e-06 -1.0231547119107162e-06,9.087298346501028e-07
balance,1095,7.773043708718007e-06 9.460445663342828e-07,-8.31760646614975e-06 -1.0123222815974925e-06,8.991088508522127e-07
balance,1096,7.690748253019738e-06 9.360285209616809e-07,-8.229545569826949e-06 -1.001604537260196e-06,8.895897271537369e-07
balance,1097,7.6093240830245194e-06 9.261185183148098e-07,-8.14241699952181e-06 -9.910002646871083e-07,8.801713851332352e-07
balance,1098,7.528761974180194e-06 9.163134356895929e-07,-8.05621088443258e-06 -9.805082625216955e-07,8.70852757786803e-07
balance,1099,7.449052799597569e-06 9.066121622683279e-07,-7.970917458262467e-06 -9.701273421264998e-07,8.616327894071795e-07
balance,1100,7.370187529016437e-06 8.97013598993843e-07,-7.886527058113201e-06 -9.598563274484919e-07,8.525104354641916e-07
balance,1101,7.292157227782533e-06 8.875166584449848e-07,-7.803030123390342e-06 -9.496940548858193e-07,8.434846624863486e-07
balance,1102,7.214953055835332e-06 8.781202647134248e-07,-7.720417194720148e-06 -9.39639373156004e-07,8.345544479438675e-07
balance,1103,7.1385662667065525e-06 8.688233532817699e-07,-7.638678912877938e-06 -9.296911431654883e-07,8.25718780132683e-07
balance,1104,7.062988206529275e-06 8.596248709029638e-07,-7.557806017727772e-06 -9.198482378806117e-07,8.16976658060004e-07
balance,1105,6.988210313057541e-06 8.505237754809647e-07,-7.477789347173384e-06 -9.101095421999111e-07,8.083270913307533e-07
balance,1106,6.91422411469634e-06 8.415190359526867e-07,-7.3986198361201975e-06 -9.004739528278015e-07,7.997691000354743e-07
balance,1107,6.841021229541856e-06 8.326096321711908e-07,-7.320288515448353e-06 -8.909403781495807e-07,7.913017146392647e-07
balance,1108,6.76859336443189e-06 8.237945547901133e-07,-7.242786510996591e-06 -8.815077381077611e-07,7.82923975871959e-07
balance,1109,6.696932314006321e-06 8.150728051493162e-07,-7.1661050425569015e-06 -8.721749640797072e-07,7.746349346194314e-07
balance,1110,6.6260299597775226e-06 8.064433951617505e-07,-7.090235422879814e-06 -8.629409987565749e-07,7.66433651816102e-07
balance,1111,6.555878269210621e-06 7.979053472015151e-07,-7.015169056690221e-06 -8.538047960235308e-07,7.583191983385408e-07
balance,1112,6.486469294813485e-06 7.894576939931027e-07,-6.940897439713617e-06 -8.447653208412362e-07,7.502906549001894e-07
balance,1113,6.4177951732363586e-06 7.810994785018169e-07,-6.8674121577126576e-06 -8.358215491285866e-07,7.423471119472229e-07
balance,1114,6.349848124381019e-06 7.728297538253499e-07,-6.794704885533903e-06 -8.269724676466953e-07,7.344876695555248e-07
balance,1115,6.282620450519373e-06 7.646475830865089e-07,-6.722767386164668e-06 -8.182170738841032e-07,7.267114373287111e-07
balance,1116,6.216104535421374e-06 7.565520393270769e-07,-6.6515915097998485e-06 -8.095543759432073e-07,7.190175342972816e-07
balance,1117,6.150292843492188e-06 7.485422054027981e-07,-6.5811691929186325e-06 -8.009833924278837e-07,7.114050888187809e-07
balance,1118,6.085177918918478e-06 7.406171738794749e-07,-6.511492457370985e-06 -7.925031523323101e-07,7.038732384790906e-07
balance,1119,6.02075238482374e-06 7.327760469301653e-07,-6.4425534094737996e-06 -7.841126949309621e-07,6.964211299947044e-07
balance,1120,5.957008942432573e-06 7.250179362334677e-07,-6.37434423911663e-06 -7.758110696697682e-07,6.890479191160562e-07
balance,1121,5.893940370243804e-06 7.173419628728834e-07,-6.30685721887688e-06 -7.675973360584235e-07,6.817527705318791e-07
balance,1122,5.831539523212361e-06 7.09747257237245e-07,-6.240084703144365e-06 -7.594705635638451e-07,6.745348577745911e-07
balance,1123,5.76979933193981e-06 7.022329589221975e-07,-6.174019127255141e-06 -7.514298315047496e-07,6.673933631266415e-07
balance,1124,5.708712801873465e-06 6.947982166327241e-07,-6.108653006634504e-06 -7.434742289473493e-07,6.603274775278746e-07
balance,1125,5.648273012513974e-06 6.874421880867025e-07,-6.043978935949067e-06 -7.356028546021533e-07,6.53336400483882e-07
balance,1126,5.5884731166312964e-06 6.801640399194839e-07,-5.979989588267803e-06 -7.278148167218614e-07,6.464193399753121e-07
balance,1127,5.529306339488977e-06 6.729629475894805e-07,-5.916677714231984e-06 -7.201092330003388e-07,6.395755123681433e-07
balance,1128,5.470765978076638e-06 6.658380952847539e-07,-5.8540361412339e-06 -7.124852304726597e-07,6.328041423248995e-07
balance,1129,5.412845400350595e-06 6.587886758305919e-07,-5.792057772604271e-06 -7.04941945416206e-07,6.261044627168064e-07
balance,1130,5.3555380444825125e-06 6.518138905980636e-07,-5.730735586808272e-06 -6.974785232528236e-07,6.194757145369189e-07
balance,1131,5.298837418116012e-06 6.449129494135435e-07,-5.670062636650058e-06 -6.900941184520061e-07,6.129171468141022e-07
balance,1132,5.242737097631155e-06 6.380850704691925e-07,-5.61003204848572e-06 -6.82787894435096e-07,6.064280165279279e-07
balance,1133,5.187230727416709e-06 6.313294802343874e-07,-5.5506370214445705e-06 -6.755590234805209e-07,6.000075885245694e-07
balance,1134,5.132312019150123e-06 6.246454133680872e-07,-5.49187082665867e-06 -6.684066866300153e-07,5.936551354334644e-07
balance,1135,5.077974751085117e-06 6.180321126321288e-07,-5.433726806500519e-06 -6.613300735958412e-07,5.873699375849146e-07
balance,1136,5.024212767346829e-06 6.114888288054389e-07,-5.376198373828809e-06 -6.54328382668992e-07,5.811512829285723e-07
balance,1137,4.971019977234407e-06 6.050148205991552e-07,-5.319279011242172e-06 -6.474008206283695e-07,5.749984669527771e-07
balance,1138,4.918390354530999e-06 5.986093545726461e-07,-5.262962270340819e-06 -6.405466026509171e-07,5.689107926047069e-07
balance,1139,4.8663179368210385e-06 5.92271705050419e-07,-5.207241770996006e-06 -6.337649522227078e-07,5.628875702114403e-07
balance,1140,4.8147968248147665e-06 5.860011540399093e-07,-5.152111200627226e-06 -6.270551010509764e-07,5.569281174018256e-07
balance,1141,4.763821181679896e-06 5.797969911501385e-07,-5.097564313487059e-06 -6.204162889770743e-07,5.510317590291375e-07
balance,1142,4.71338523238036e-06 5.73658513511235e-07,-5.043594929953589e-06 -6.138477638903576e-07,5.451978270946455e-07
balance,1143,4.663483263022057e-06 5.675850256948052e-07,-4.990196935830319e-06 -6.073487816429761e-07,5.394256606718832e-07
balance,1144,4.6141096202055226e-06 5.615758396351494e-07,-4.937364281653488e-06 -6.009186059655742e-07,5.337146058318228e-07
balance,1145,4.5652587103854556e-06 5.556302745513107e-07,-4.885090982006734e-06 -5.945565083838746e-07,5.280640155687433e-07
balance,1146,4.516924999237026e-06 5.497476568699492e-07,-4.833371114843e-06 -5.882617681361516e-07,5.224732497269621e-07
balance,1147,4.469103011028889e-06 5.439273201490334e-07,-4.78219882081363e-06 -5.820336720915759e-07,5.169416749283005e-07
balance,1148,4.421787328002843e-06 5.381686050023392e-07,-4.731568302604563e-06 -5.758715146694264e-07,5.114686645003372e-07
balance,1149,4.374972589760048e-06 5.324708590247477e-07,-4.681473824279552e-06 -5.697745977591543e-07,5.060535984054083e-07
balance,1150,4.328653492653744e-06 5.268334367183348e-07,-4.6319097106303445e-06 -5.637422306412907e-07,5.006958631703384e-07
balance,1151,4.282824789188407e-06 5.212556994192428e-07,-4.582870346533735e-06 -5.577737299092008e-07,4.953948518169917e-07
balance,1152,4.237481287425253e-06 5.157370152253262e-07,-4.53435017631543e-06 -5.518684193916578e-07,4.901499637934669e-07
balance,1153,4.192617850394046e-06 5.102767589245638e-07,-4.486343703120642e-06 -5.460256300762434e-07,4.849606049060841e-07
balance,1154,4.148229395511132e-06 5.048743119242283e-07,-4.438845488291355e-06 -5.402447000335505e-07,4.79826187252043e-07
balance,1155,4.10431089400363e-06 4.995290621808063e-07,-4.39185015075018e-06 -5.345249743421962e-07,4.747461291528342e-07
balance,1156,4.0608573703397226e-06 4.9424040413066e-07,-4.3453523663907254e-06 -5.288658050146273e-07,4.697198550883604e-07
balance,1157,4.017863901664978e-06 4.890077386214229e-07,-4.299346867474436e-06 -5.23266550923711e-07,4.6474679563170997e-07
balance,1158,3.97532561724464e-06 4.838304728441219e-07,-4.2538284420338105e-06 -5.177265777300942e-07,4.5982638738462827e-07
balance,1159,3.9332376979118205e-06 4.787080202660185e-07,-4.208791933281933e-06 -5.122452578103503e-07,4.5495807291375314e-07
balance,1160,3.891595375521538e-06 4.736398005641598e-07,-4.164232239028265e-06 -5.068219701858692e-07,4.501413006874088e-07
balance,1161,3.8503939324105315e-06 4.6862523955963474e-07,-4.120144311100617e-06 -5.014561004525072e-07,4.4537552501313076e-07
balance,1162,3.809628700862799e-06 4.636637691525249e-07,-4.076523154773241e-06 -4.961470407109842e-07,4.4066020597586563e-07
balance,1163,3.7692950625807895e-06 4.5875482725754475e-07,-4.033363828200976e-06 -4.908941894980135e-07,4.359948093767957e-07
balance,1164,3.7293884481621956e-06 4.5389785774036314e-07,-3.99066144185939e-06 -4.85696951718163e-07,4.313788066728078e-07
balance,1165,3.6899043365822874e-06 4.4909231035459877e-07,-3.948411157990844e-06 -4.805547385764358e-07,4.2681167491662145e-07
balance,1166,3.6508382546817234e-06 4.443376406794831e-07,-3.90660819005642e-06 -4.754669675115675e-07,4.222928966975577e-07
balance,1167,3.612185776659787e-06 4.396333100581828e-07,-3.865247802193659e-06 -4.7043306213002575e-07,4.1782196008289454e-07
balance,1168,3.573942523572987e-06 4.3497878553677567e-07,-3.824325308680031e-06 -4.654524521407144e-07,4.1339835855989927e-07
balance,1169,3.5361041628389658e-06 4.3037353980387205e-07,-3.7838360734020903e-06 -4.605245732903635e-07,4.090215909784287e-07
balance,1170,3.4986664077456633e-06 4.25817051130876e-07,-3.743775509330252e-06 -4.556488672996036e-07,4.046911614941473e-07
balance,1171,3.461625016965672e-06 4.213088033128788e-07,-3.704139077999125e-06 -4.5082478179972027e-07,4.004065795123705e-07
balance,1172,3.4249757940757386e-06 4.16848285610178e-07,-3.6649222889933496e-06 -4.4605177027007896e-07,3.961673596324884e-07
balance,1173,3.38871458708135e-06 4.124349926904159e-07,-3.6261206994388797e-06 -4.4132929197620454e-07,3.9197302159294263e-07
balance,1174,3.3528372879463532e-06 4.0806842457133063e-07,-3.5877299134996473e-06 -4.366568119085268e-07,3.8782309021685994e-07
balance,1175,3.3173398321275577e-06 4.03748086564113e-07,-3.5497455818795604e-06 -4.320338007217667e-07,3.837170953581862e-07
balance,1176,3.28221819811426e-06 3.994734892173633e-07,-3.51216340132977e-06 -4.2745973467496686e-07,3.796545718484365e-07
balance,1177,3.2474684069726486e-06 3.952441482616417e-07,-3.4749791141611544e-06 -4.229340955721585e-07,3.756350594440014e-07
balance,1178,3.2130865218950287e-06 3.9105958455460513e-07,-3.4381885077619666e-06 -4.184563707036544e-07,3.7165810277399693e-07
balance,1179,3.179068647753823e-06 3.869193240267255e-07,-3.4017874141205866e-06 -4.1402605278796403e-07,3.677232512886784e-07
balance,1180,3.1454109306602897e-06 3.8282289762758223e-07,-3.3657717093533273e-06 -4.096426399143262e-07,3.638300592084083e-07
balance,1181,3.112109557527917e-06 3.787698412727238e-07,-3.33013731323724e-06 -4.0530563548584435e-07,3.599780854731299e-07
balance,1182,3.0791607556404384e-06 3.747596957910915e-07,-3.2948801887478663e-06 -4.010145481632286e-07,3.5616689369241994e-07
balance,1183,3.0465607922244195e-06 3.707920068730002e-07,-3.259996341601881e-06 -3.967688918091336e-07,3.523960520960477e-07
balance,1184,3.0143059740263736e-06 3.6686632501866936e-07,-3.225481819804583e-06 -3.925681854330816e-07,3.4866513348504853e-07
balance,1185,2.982392646894352e-06 3.6298220548729963e-07,-3.1913327132021713e-06 -3.884119531369733e-07,3.4497371518334126e-07
balance,1186,2.950817195363964e-06 3.5913920824668793e-07,-3.157545153038764e-06 -3.8429972406117296e-07,3.4132137898983324e-07
balance,1187,2.919576042248783e-06 3.5533689792337626e-07,-3.1241153115181076e-06 -3.8023103233116404e-07,3.377077111310433e-07
balance,1188,2.8886656482350837e-06 3.5157484375332856e-07,-3.0910394013699245e-06 -3.762054170047726e-07,3.341323022142326e-07
balance,1189,2.858082511480875e-06 3.478526195331291e-07,-3.0583136754208544e-06 -3.722224220199444e-07,3.305947471810128e-07
balance,1190,2.827823167219176e-06 3.441698035716983e-07,-3.0259344261699354e-06 -3.6828159614308057e-07,3.270946452614678e-07
balance,1191,2.79788418736549e-06 3.4052597864251913e-07,-2.993897985368583e-06 -3.6438249291791433e-07,3.236315999287402e-07
balance,1192,2.7682621801294396e-06 3.3692073193636976e-07,-2.962200723605012e-06 -3.6052467061493586e-07,3.202052188541258e-07
balance,1193,2.738953789630509e-06 3.333536550145563e-07,-2.930839049893061e-06 -3.567076921813461e-07,3.168151138626054e-07
balance,1194,2.709955695517855e-06 3.2982434376264083e-07,-2.89980941126537e-06 -3.529311251915457e-07,3.134609008888879e-07
balance,1195,2.681264612594146e-06 3.263323983446594e-07,-2.869108292370864e-06 -3.491945417981423e-07,3.1014219993387996e-07
balance,1196,2.652877290443381e-06 3.228774231578246e-07,-2.8387322150764986e-06 -3.454975186834816e-07,3.068586350216516e-07
balance,1197,2.6247905130626487e-06 3.1945902678770765e-07,-2.8086777380732224e-06 -3.418396370116918e-07,3.0360983415684343e-07
balance,1198,2.5970010984977875e-06 3.1607682196389535e-07,-2.778941456486111e-06 -3.382204823812304e-07,3.003954292825026e-07
balance,1199,2.5695058984829012e-06 3.1273042551611594e-07,-2.749520001488628e-06 -3.346396447779388e-07,2.972150562384136e-07
balance,1200,2.5423017980836917e-06 3.0941945833083e-07,-2.7204100399209712e-06 -3.3109671852859186e-07,2.9406835471982093e-07
balance,1201,2.515385715344567e-06 3.061435453082806e-07,-2.6916082739124582e-06 -3.2759130225493817e-07,2.9095496823661544e-07
balance,1202,2.488754600939488e-06 3.0290231531999833e-07,-2.6631114405079106e-06 -3.241229988282289e-07,2.87874544072959e-07
balance,1203,2.462405437826508e-06 2.996954011667561e-07,-2.6349163112979933e-06 -3.2069141532422763e-07,2.8482673324731085e-07
balance,1204,2.4363352409059735e-06 2.965224395369691e-07,-2.607019692053468e-06 -3.172961629786962e-07,2.8181119047290075e-07
balance,1205,2.4105410566823404e-06 2.933830709655356e-07,-2.5794184223633207e-06 -3.1393685714334836e-07,2.788275741185938e-07
balance,1206,2.385019962929573e-06 2.9027693979311283e-07,-2.5521093752767146e-06 -3.106131172422782e-07,2.7587554617022376e-07
balance,1207,2.359769068360086e-06 2.872036941258244e-07,-2.52508945694874e-06 -3.0732456672884196e-07,2.7295477219226125e-07
balance,1208,2.3347855122971866e-06 2.8416298579539443e-07,-2.4983556062899137e-06 -3.040708330429992e-07,2.7006492128994455e-07
balance,1209,2.3100664643509927e-06 2.811544703197034e-07,-2.4719047946193855e-06 -3.0085154756910576e-07,2.672056660717873e-07
balance,1210,2.2856091240977745e-06 2.7817780686376185e-07,-2.4457340253218194e-06 -2.976663455941535e-07,2.643766826124934e-07
balance,1211,2.2614107207626956e-06 2.752326582010973e-07,-2.4198403335079074e-06 -2.9451486626645383e-07,2.6157765041626036e-07
balance,1212,2.237468512905911e-06 2.7231869067554976e-07,-2.3942207856784774e-06 -2.9139675255475417e-07,2.5880825238045526e-07
balance,1213,2.2137797881119894e-06 2.6943557416347185e-07,-2.368872479392156e-06 -2.883116512077894e-07,2.5606817475970166e-07
balance,1214,2.190341862682624e-06 2.665829820363292e-07,-2.3437925429365505e-06 -2.8525921271426646e-07,2.533571071303498e-07
balance,1215,2.1671520813325946e-06 2.6376059112369656e-07,-2.3189781350029135e-06 -2.8223909126326425e-07,2.506747423552789e-07
balance,1216,2.144207816888952e-06 2.60968081676646e-07,-2.29442644436425e-06 -2.792509447050583e-07,2.480207765491198e-07
balance,1217,2.1215064699933837e-06 2.582051373315224e-07,-2.2701346895568327e-06 -2.7629443451235857e-07,2.4539490904382747e-07
balance,1218,2.0990454688077326e-06 2.5547144507410283e-07,-2.2461001185650923e-06 -2.7336922574195847e-07,2.4279684235461565e-07
balance,1219,2.0768222687226344e-06 2.52766695204135e-07,-2.2223200085098385e-06 -2.704749869967869e-07,2.4022628214624626e-07
balance,1220,2.0548343520692364e-06 2.500905813002513e-07,-2.198791665339786e-06 -2.6761139038836806e-07,2.3768293719970528e-07
balance,1221,2.0330792278339728e-06 2.4744280018525457e-07,-2.1755124235263463e-06 -2.6477811149967077e-07,2.351665193791835e-07
balance,1222,2.011554431376356e-06 2.4482305189177095e-07,-2.1524796457616473e-06 -2.6197482934836025e-07,2.3267674359946674e-07
balance,1223,1.9902575241497587e-06 2.4223103962826665e-07,-2.129690722659755e-06 -2.592012263504288e-07,2.3021332779359543e-07
balance,1224,1.9691860934251483e-06 2.3966646974542444e-07,-2.107143072461055e-06 -2.564569882842209e-07,2.277759928809527e-07
balance,1225,1.9483377520177506e-06 2.3712905170287612e-07,-2.084834140739764e-06 -2.5374180425483275e-07,2.2536446273561745e-07
balance,1226,1.927710138016605e-06 2.346184980362872e-07,-2.0627614001145397e-06 -2.51055366658893e-07,2.2297846415510173e-07
balance,1227,1.9073009145169837e-06 2.321345243247901e-07,-2.040922349962154e-06 -2.4839737114971124e-07,2.2061772682937695e-07
balance,1228,1.8871077693556416e-06 2.2967684915876207e-07,-2.019314516134195e-06 -2.4576751660280254e-07,2.1828198331027713e-07
balance,1229,1.8671284148488738e-06 2.2724519410794435e-07,-1.9979354506767734e-06 -2.431655050817702e-07,2.1597096898117953e-07
balance,1230,1.8473605875333419e-06 2.248392836898988e-07,-1.9767827315531913e-06 -2.405910418045547e-07,2.1368442202703834e-07
balance,1231,1.8278020479096463e-06 2.2245884533879845e-07,-1.9558539623695506e-06 -2.380438351100354e-07,2.1142208340471018e-07
balance,1232,1.8084505801886137e-06 2.2010360937454853e-07,-1.9351467721032645e-06 -2.3552359642499148e-07,2.0918369681362722e-07
balance,1233,1.7893039920402693e-06 2.1777330897223446e-07,-1.9146588148344456e-06 -2.3303004023140678e-07,2.069690086667385e-07
balance,1234,1.7703601143454679e-06 2.154676801318932e-07,-1.8943877694801356e-06 -2.305628840341242e-07,2.0477776806179377e-07
balance,1235,1.7516168009501544e-06 2.1318646164860478e-07,-1.8743313395313491e-06 -2.2812184832884264e-07,2.0260972675292218e-07
balance,1236,1.7330719284222254e-06 2.1092939508290025e-07,-1.8544872527929028e-06 -2.2570665657045172e-07,2.0046463912249905e-07
balance,1237,1.7147233958109654e-06 2.0869622473148322e-07,-1.8348532611259976e-06 -2.2331703514170147e-07,1.9834226215332203e-07
balance,1238,1.69656912440903e-06 2.0648669759826117e-07,-1.8154271401935273e-06 -2.2095271332220522e-07,1.9624235540108708e-07
balance,1239,1.6786070575169493e-06 2.0430056336568347e-07,-1.7962066892080828e-06 -2.18613423257769e-07,1.9416468096713922e-07
balance,1240,1.660835160210123e-06 2.02137574366383e-07,-1.7771897306826255e-06 -2.1629889993004636e-07,1.9210900347152204e-07
balance,1241,1.643251419108285e-06 1.9999748555511786e-07,-1.7583741101837984e-06 -2.140088811265146e-07,1.900750900263182e-07
balance,1242,1.6258538421474064e-06 1.9788005448101016e-07,-1.7397576960878514e-06 -2.117431074107693e-07,1.8806271020926202e-07
balance,1243,1.6086404583540148e-06 1.9578504126007886e-07,-1.7213383793391487e-06 -2.0950132209313132e-07,1.8607163603762904e-07
balance,1244,1.5916093176219026e-06 1.9371220854806316e-07,-1.7031140732112337e-06 -2.072832712015693e-07,1.8410164194242303e-07
balance,1245,1.5747584904911984e-06 1.9166132151353393e-07,-1.6850827130704236e-06 -2.0508870345292352e-07,1.8215250474279898e-07
balance,1246,1.5580860679297793e-06 1.8963214781128952e-07,-1.6672422561419075e-06 -2.0291737022444132e-07,1.8022400362080233e-07
balance,1247,1.5415901611169962e-06 1.8762445755603343e-07,-1.6495906812783196e-06 -2.007690255256086e-07,1.7831592009633453e-07
balance,1248,1.5252689012296886e-06 1.856380232963306e-07,-1.6321259887307631e-06 -1.9864342597028206e-07,1.7642803800241074e-07
balance,1249,1.509120439230466e-06 1.8367261998883942e-07,-1.6148461999222592e-06 -1.965403307491169e-07,1.745601434606696e-07
balance,1250,1.4931429456582301e-06 1.8172802497281658e-07,-1.5977493572235934e-06 -1.944595016022843e-07,1.7271202485713842e-07
balance,1251,1.4773346104209148e-06 1.7980401794489177e-07,-1.5808335237315353e-06 -1.9240070279247988e-07,1.7088347281826517e-07
balance,1252,1.4616936425904206e-06 1.779003809341096e-07,-1.5640967830494073e-06 -1.9036370107821648e-07,1.6907428018719204e-07
balance,1253,1.4462182701997209e-06 1.7601689827723559e-07,-1.5475372390699756e-06 -1.8834826568740048e-07,1.6728424200029411e-07
balance,1254,1.4309067400421145e-06 1.741533565943237e-07,-1.5311530157606394e-06 -1.8635416829118828e-07,1.655131554639551e-07
balance,1255,1.4157573174726056e-06 1.7230954476454253e-07,-1.5149422569508962e-06 -1.843811829781174e-07,1.6376081993158736e-07
balance,1256,1.400768286211385e-06 1.7048525390225738e-07,-1.4989031261220548e-06 -1.8242908622851514e-07,1.6202703688091567e-07
balance,1257,1.3859379481493933e-06 1.6868027733336564e-07,-1.4830338061991769e-06 -1.8049765688917384e-07,1.6031160989146676e-07
balance,1258,1.371264623155941e-06 1.6689441057188268e-07,-1.46733249934522e-06 -1.7858667614829795e-07,1.58614344622335e-07
balance,1259,1.3567466488883674e-06 1.6512745129677553e-07,-1.451797426757361e-06 -1.766959275107136e-07,1.5693504879015215e-07
balance,1260,1.3423823806037127e-06 1.633791993290421e-07,-1.4364268284654737e-06 -1.7482519677334362e-07,1.552735321473157e-07
balance,1261,1.3281701909723853e-06 1.616494566090327e-07,-1.4212189631327435e-06 -1.7297427200093992e-07,1.5362960646042618e-07
balance,1262,1.3141084698938014e-06 1.59938027174012e-07,-1.4061721078583905e-06 -1.7114294350207146e-07,1.5200308548895936e-07
balance,1263,1.3001956243139765e-06 1.582447171359583e-07,-1.3912845579824817e-06 -1.6933100380537084e-07,1.5039378496418202e-07
balance,1264,1.2864300780450485e-06 1.56569334659598e-07,-1.37655462689281e-06 -1.6753824763602904e-07,1.4880152256826283e-07
balance,1265,1.2728102715867103e-06 1.549116899406726e-07,-1.361980645833818e-06 -1.6576447189253901e-07,1.4722611791362014e-07
balance,1266,1.259334661949535e-06 1.5327159518443574e-07,-1.3475609637175442e-06 -1.6400947562368748e-07,1.4566739252249018e-07
balance,1267,1.2460017224801693e-06 1.5164886458437784e-07,-1.3332939469365714e-06 -1.6227306000578875e-07,1.441251698067044e-07
balance,1268,1.2328099426883798e-06 1.5004331430117624e-07,-1.3191779791789548e-06 -1.6055502832015955e-07,1.425992750476811e-07
balance,1269,1.2197578280759287e-06 1.4845476244186792e-07,-1.3052114612451101e-06 -1.588551859308334e-07,1.4108953537663729e-07
balance,1270,1.2068438999672624e-06 1.468830290392428e-07,-1.2913928108666399e-06 -1.5717334026251048e-07,1.3959577975500244e-07
balance,1271,1.1940666953419916e-06 1.453279360314554e-07,-1.2777204625270783e-06 -1.555093007787401e-07,1.3811783895503686e-07
balance,1272,1.1814247666691462e-06 1.4378930724185207e-07,-1.264192867284534e-06 -1.5386287896033481e-07,1.366555455406643e-07
balance,1273,1.1689166817431842e-06 1.4226696835901193e-07,-1.2508084925962096e-06 -1.5223388828401346e-07,1.352087338485034e-07
balance,1274,1.1565410235217364e-06 1.4076074691699922e-07,-1.2375658221447799e-06 -1.506221442012708e-07,1.337772399691029e-07
balance,1275,1.1442963899650703e-06 1.3927047227582455e-07,-1.2244633556666086e-06 -1.490274641174681e-07,1.323609017283589e-07
balance,1276,1.1321813938772524e-06 1.3779597560211307e-07,-1.2114996087817828e-06 -1.4744966737114906e-07,1.3095955866916052e-07
balance,1277,1.120194662748993e-06 1.3633708984997736e-07,-1.1986731128259481e-06 -1.4588857521357066e-07,1.295730520331954e-07
balance,1278,1.1083348386021536e-06 1.3489364974209283e-07,-1.1859824146839229e-06 -1.4434401078845365e-07,1.282012247429725e-07
balance,1279,1.0966005778359028e-06 1.3346549175097334e-07,-1.1734260766250745e-06 -1.4281579911194796e-07,1.2684392138403222e-07
balance,1280,1.0849905510744984e-06 1.320524540804453e-07,-1.1610026761404397e-06 -1.413037670528057e-07,1.2550098818732154e-07
balance,1281,1.0735034430166826e-06 1.306543766473176e-07,-1.1487108057815673e-06 -1.398077433127694e-07,1.2417227301179125e-07
balance,1282,1.062137952286672e-06 1.2927110106324595e-07,-1.1365490730010686e-06 -1.3832755840716578e-07,1.228576253271555e-07
balance,1283,1.0508927912867234e-06 1.2790247061678892e-07,-1.1245160999948557e-06 -1.3686304464570354e-07,1.2155689619683103e-07
balance,1284,1.039766686051263e-06 1.2654833025565417e-07,-1.1126105235460503e-06 -1.3541403611347591e-07,1.2026993826106735e-07
balance,1285,1.0287583761025575e-06 1.2520852656913252e-07,-1.1008309948705435e-06 -1.339803686521656e-07,1.1899660572026188e-07
balance,1286,1.0178666143079156e-06 1.2388290777071806e-07,-1.0891761794641935e-06 -1.325618798414449e-07,1.1773675431842539e-07
balance,1287,1.0070901667383992e-06 1.225713236809123e-07,-1.077644756951638e-06 -1.3115840898057729e-07,1.1649024132685533e-07
balance,1288,9.964278125290322e-07 1.2127362571021017e-07,-1.0662354209367094e-06 -1.2976979707021097e-07,1.1525692552795691e-07
balance,1289,9.85878343740488e-07 1.1998966684226652e-07,-1.0549468788544335e-06 -1.283958867943654e-07,1.140366671992445e-07
balance,1290,9.75440565222242e-07 1.1871930161724043e-07,-1.043777851824594e-06 -1.270365225026088e-07,1.1282932809751518e-07
balance,1291,9.651132944771735e-07 1.1746238611531617e-07,-1.0327270745068482e-06 -1.2569155019242547e-07,1.1163477144318971e-07
balance,1292,9.548953615275996e-07 1.1621877794039849e-07,-1.0217932949573767e-06 -1.2436081749176828e-07,1.1045286190481101e-07
balance,1293,9.447856087827291e-07 1.1498833620398053e-07,-1.01097527448705e-06 -1.2304417364179649e-07,1.0928346558371624e-07
balance,1294,9.347828909075181e-07 1.1377092150918256e-07,-1.0002717875210977e-06 -1.2174146947979592e-07,1.0812644999886359e-07
balance,1295,9.248860746929154e-07 1.1256639593495975e-07,-9.896816214602633e-07 -1.2045255742228114e-07,1.0698168407183013e-07
balance,1296,9.150940389274812e-07 1.1137462302047701e-07,-9.792035765434279e-07 -1.1917729144827499e-07,1.0584903811195554e-07
balance,1297,9.054056742703643e-07 1.1019546774964935e-07,-9.6883646571169e-07 -1.1791552708276637e-07,1.0472838380165281e-07
balance,1298,8.958198831256255e-07 1.0902879653584592e-07,-9.585791144738828e-07 -1.1666712138034202e-07,1.0361959418186812e-07
balance,1299,8.863355795178903e-07 1.0787447720675599e-07,-9.484303607735162e-07 -1.1543193290899288e-07,1.0252254363770189e-07
balance,1300,8.769516889693191e-07 1.0673237898941508e-07,-9.383890548571274e-07 -1.1420982173409104e-07,1.0143710788417579e-07
balance,1301,8.676671483778789e-07 1.0560237249538972e-07,-9.284540591440252e-07 -1.130006494025363e-07,1.0036316395215055e-07
balance,1302,8.584809058969048e-07 1.04484329706119e-07,-9.186242480974131e-07 -1.1180427892707144e-07,9.930059017439923e-08
balance,1303,8.49391920815936e-07 1.0337812395841137e-07,-9.088985080968772e-07 -1.1062057477076242e-07,9.824926617181868e-08
balance,1304,8.403991634428138e-07 1.0228362993009494e-07,-8.992757373122245e-07 -1.094494028316431e-07,9.720907283979307e-08
balance,1305,8.315016149870272e-07 1.012007236258197e-07,-8.897548455786558e-07 -1.082906304275238e-07,9.6179892334705e-08
balance,1306,8.226982674442946e-07 1.0012928236301012e-07,-8.803347542732611e-07 -1.0714412628095866e-07,9.516160806057791e-08
balance,1307,8.139881234823663e-07 9.906918475796638e-08,-8.710143961928224e-07 -1.0600976050437424e-07,9.415410465587311e-08
balance,1308,8.053701963280372e-07 9.802031071211284e-08,-8.617927154329098e-07 -1.048874045853535e-07,9.315726798041523e-08
balance,1309,7.968435096553546e-07 9.698254139839207e-08,-8.526686672682584e-07 -1.037769313720776e-07,9.217098510246646e-08
balance,1310,7.884070974750105e-07 9.595575924780287e-08,-8.436412180344108e-07 -1.026782150589201e-07,9.11951442859267e-08
balance,1311,7.800600040249044e-07 9.493984793608091e-08,-8.347093450106135e-07 -1.0159113117219498e-07,9.022963497768172e-08
balance,1312,7.718012836618648e-07 9.393469237052037e-08,-8.258720363039526e-07 -1.0051555655605474e-07,8.927434779507187e-08
balance,1313,7.636300007545176e-07 9.294017867693499e-08,-8.171282907347165e-07 -9.945136935853808e-08,8.832917451350506e-08
balance,1314,7.55545229577288e-07 9.195619418675734e-08,-8.084771177229718e-07 -9.839844901776537e-08,8.739400805419367e-08
balance,1315,7.475460542055245e-07 9.098262742427454e-08,-7.999175371763408e-07 -9.735667624828012e-08,8.646874247202356e-08
balance,1316,7.396315684117348e-07 9.001936809399918e-08,-7.914485793789662e-07 -9.632593302753538e-08,8.555327294355344e-08
balance,1317,7.318008755629183e-07 8.906630706817396e-08,-7.830692848816528e-07 -9.530610258252236e-08,8.464749575513551e-08
balance,1318,7.240530885189866e-07 8.812333637440855e-08,-7.747787043931703e-07 -9.429706937654173e-08,8.375130829117004e-08
balance,1319,7.163873295322594e-07 8.71903491834474e-08,-7.665758986727086e-07 -9.329871909611468e-08,8.286460902247955e-08
balance,1320,7.088027301480247e-07 8.626723979706709e-08,-7.584599384234712e-07 -9.231093863803146e-08,8.19872974948016e-08
balance,1321,7.012984311061507e-07 8.535390363610171e-08,-7.504299041873947e-07 -9.133361609653874e-08,8.111927431741531e-08
balance,1322,6.938735822437409e-07 8.44502372285951e-08,-7.424848862409835e-07 -9.036664075066152e-08,8.02604411518761e-08
balance,1323,6.865273423988184e-07 8.35561381980785e-08,-7.346239844922472e-07 -8.94099030516596e-08,7.941070070087825e-08
balance,1324,6.792588793150311e-07 8.267150525197235e-08,-7.268463083787288e-07 -8.846329461061615e-08,7.856995669722749e-08
balance,1325,6.72067369547365e-07 8.179623817011075e-08,-7.191509767666132e-07 -8.752670818615962e-08,7.773811389294286e-08
balance,1326,6.64951998368856e-07 8.093023779338762e-08,-7.115371178509029e-07 -8.660003767231334e-08,7.691507804845835e-08
balance,1327,6.579119596782894e-07 8.007340601252287e-08,-7.040038690566516e-07 -8.568317808647513e-08,7.610075592194934e-08
balance,1328,6.50946455908877e-07 7.922564575694764e-08,-6.965503769412429e-07 -8.477602555752343e-08,7.529505525876878e-08
balance,1329,6.440546979379e-07 7.838686098380714e-08,-6.891757970977034e-07 -8.387847731405061e-08,7.449788478099967e-08
balance,1330,6.372359049973095e-07 7.755695666707995e-08,-6.818792940590399e-07 -8.29904316727193e-08,7.370915417710722e-08
balance,1331,6.304893045852736e-07 7.673583878681252e-08,-6.746600412035896e-07 -8.211178802674247e-08,7.292877409171017e-08
balance,1332,6.238141323786599e-07 7.592341431846765e-08,-6.675172206613715e-07 -8.124244683448632e-08,7.215665611546157e-08
balance,1333,6.172096321464456e-07 7.511959122238572e-08,-6.604500232214302e-07 -8.038230960819293e-08,7.139271277502826e-08
balance,1334,6.10675055664044e-07 7.43242784333575e-08,-6.534576482401601e-07 -7.953127890282242e-08,7.063685752318185e-08
balance,1335,6.04209662628538e-07 7.353738585030736e-08,-6.465393035506002e-07 -7.868925830501362e-08,6.988900472899513e-08
balance,1336,5.978127205748112e-07 7.275882432608575e-08,-6.396942053726901e-07 -7.785615242216133e-08,6.91490696681403e-08
balance,1337,5.914835047925665e-07 7.198850565736966e-08,-6.329215782244747e-07 -7.70318668716092e-08,6.84169685132902e-08
balance,1338,5.852212982442239e-07 7.122634257467009e-08,-6.262206548342502e-07 -7.621630826995757e-08,6.769261832462274e-08
balance,1339,5.790253914836876e-07 7.047224873244526e-08,-6.195906760536398e-07 -7.540938422248288e-08,6.697593704042011e-08
balance,1340,5.728950825759716e-07 6.972613869931854e-08,-6.130308907715896e-07 -7.461100331267173e-08,6.62668434677803e-08
balance,1341,5.668296770176788e-07 6.89879279483999e-08,-6.06540555829275e-07 -7.382107509186322e-08,6.556525727341045e-08
balance,1342,5.608284876583197e-07 6.825753284770987e-08,-6.001189359359083e-07 -7.303951006900283e-08,6.487109897453267e-08
balance,1343,5.548908346224653e-07 6.753487065070484e-08,-5.937653035854377e-07 -7.226621970050323e-08,6.418428992987222e-08
balance,1344,5.49016045232724e-07 6.68198594869027e-08,-5.874789389741277e-07 -7.150111638021362e-08,6.35047523307555e-08
balance,1345,5.432034539335339e-07 6.611241835260776e-08,-5.812591299190128e-07 -7.074411342949475e-08,6.283240919229039e-08
balance,1346,5.374524022157618e-07 6.541246710173377e-08,-5.751051717772137e-07 -6.999512508739903e-08,6.216718434464594e-08
balance,1347,5.317622385421007e-07 6.471992643672423e-08,-5.690163673661092e-07 -6.925406650095448e-08,6.150900242442286e-08
balance,1348,5.261323182732572e-07 6.40347178995687e-08,-5.629920268843509e-07 -6.852085371555229e-08,6.085778886611798e-08
balance,1349,5.2056200359492e-07 6.335676386291436e-08,-5.570314678337169e-07 -6.779540366543498e-08,6.021346989367198e-08
balance,1350,5.150506634455021e-07 6.268598752127149e-08,-5.511340149417908e-07 -6.70776341642861e-08,5.957597251211417e-08
balance,1351,5.095976734446475e-07 6.20223128823123e-08,-5.452990000854599e-07 -6.636746389591953e-08,5.894522449929503e-08
balance,1352,5.042024158224953e-07 6.136566475826163e-08,-5.395257622152238e-07 -6.56648124050671e-08,5.832115439770046e-08
balance,1353,4.988642793496923e-07 6.071596875737899e-08,-5.338136472803039e-07 -6.49696000882635e-08,5.7703691506357026e-08
balance,1354,4.935826592681468e-07 6.00731512755307e-08,-5.281620081545459e-07 -6.42817481848282e-08,5.7092765872822415e-08
balance,1355,4.883569572225158e-07 5.943713948785127e-08,-5.22570204563107e-07 -6.36011787679428e-08,5.648830828526312e-08
balance,1356,4.831865811924166e-07 5.880786134049305e-08,-5.170376030099186e-07 -6.292781473582232e-08,5.589025026460935e-08
balance,1357,4.780709454253574e-07 5.818524554246324e-08,-5.115635767059179e-07 -6.226157980298093e-08,5.5298524056800936e-08
balance,1358,4.7300947037037697e-07 5.756922155754735e-08,-5.061475054980388e-07 -6.160239849158891e-08,5.471306262510696e-08
balance,1359,4.6800158261238743e-07 5.695971959631813e-08,-5.007887757989548e-07 -6.095019612292201e-08,5.41337996425352e-08
balance,1360,4.630467148072118e-07 5.635667060822912e-08,-4.95486780517565e-07 -6.030489880890136e-08,5.3560669484317295e-08
balance,1361,4.581443056173096e-07 5.57600062737919e-08,-4.902409189902178e-07 -5.966643344372225e-08,5.2993607220471355e-08
balance,1362,4.5329379964818304e-07 5.516965899683618e-08,-4.850505969126604e-07 -5.903472769557242e-08,5.243254860844937e-08
balance,1363,4.4849464738545593e-07 5.4585561896851804e-08,-4.799152262727111e-07 -5.8409709998436965e-08,5.187743008585611e-08
balance,1364,4.437463051326195e-07 5.4007648801411895e-08,-4.748342252836425e-07 -5.7791309543991214e-08,5.1328188763251636e-08
balance,1365,4.390482349494368e-07 5.343585423867611e-08,-4.698070183182714e-07 -5.7179456273578406e-08,5.078476241702293e-08
balance,1366,4.3439990459099934e-07 5.287011342997338e-08,-4.648330358437455e-07 -5.6574080870273374e-08,5.024708948233893e-08
balance,1367,4.298007874474291e-07 5.2310362282463094e-08,-4.599117143570213e-07 -5.5975114751028764e-08,4.971510904616972e-08
balance,1368,4.2525036248421884e-07 5.175653738187404e-08,-4.550424963210245e-07 -5.5382490058905844e-08,4.918876084039137e-08
balance,1369,4.2074811418320396e-07 5.120857598532017e-08,-4.5022483010148674e-07 -5.4796139655386903e-08,4.866798523495616e-08
balance,1370,4.1629353248415946e-07 5.066641601419248e-08,-4.4545816990445087e-07 -5.421599711276897e-08,4.815272323113562e-08
balance,1371,4.118861127270151e-07 5.012999604712609e-08,-4.4074197571443775e-07 -5.3641996706638345e-08,4.7642916454838996e-08
balance,1372,4.0752535559468244e-07 4.959925531304185e-08,-4.360757132332681e-07 -5.307407340842457e-08,4.71385071499977e-08
balance,1373,4.0321076705648714e-07 4.907413368426151e-08,-4.314588538195315e-07 -5.251216287803356e-08,4.663943817202495e-08
balance,1374,3.9894185831220016e-07 4.855457166969593e-08,-4.268908744286968e-07 -5.1956201456557866e-08,4.614565298133733e-08
balance,1375,3.947181457366616e-07 4.8040510408105274e-08,-4.2237125755385615e-07 -5.140612615906577e-08,4.5657095636956174e-08
balance,1376,3.9053915082499065e-07 4.7531891661430625e-08,-4.1789949116709663e-07 -5.0861874667465035e-08,4.5173710790163696e-08
balance,1377,3.8640440013837574e-07 4.70286578081962e-08,-4.1347506866149273e-07 -5.032338532344285e-08,4.469544367823454e-08
balance,1378,3.823134252504386e-07 4.653075183698139e-08,-4.0909748879371256e-07 -4.979059712148073e-08,4.4222240118233075e-08
balance,1379,3.782657626941663e-07 4.603811733996196e-08,-4.0476625562723204e-07 -4.9263449701943354e-08,4.3754046500874475e-08
balance,1380,3.742609539094048e-07 4.555069850651956e-08,-4.004808784761502e-07 -4.874188334424012e-08,4.329080978444985e-08
balance,1381,3.702985451909088e-07 4.506844011691897e-08,-3.9624087184959923e-07 -4.822583896005952e-08,4.2832477488818696e-08
balance,1382,3.663780876369413e-07 4.459128753605221e-08,-3.920457553967433e-07 -4.771525808667514e-08,4.237899768946314e-08
balance,1383,3.6249913709841773e-07 4.411918670724899e-08,-3.878950538523595e-07 -4.721008288032221e-08,4.193031901160464e-08
balance,1384,3.5866125412858776e-07 4.3652084146152544e-08,-3.8378829698299485e-07 -4.671025610964458e-08,4.1486390624384504e-08
balance,1385,3.5486400393325085e-07 4.318992693466043e-08,-3.7972501953369376e-07 -4.6215721149210984e-08,4.1047162235104916e-08
balance,1386,3.5110695632149797e-07 4.273266271492943e-08,-3.7570476117528915e-07 -4.5726421973099846e-08,4.06125840835315e-08
balance,1387,3.4738968565697544e-07 4.228023968344391e-08,-3.717270664522515e-07 -4.524230314855224e-08,4.0182606936255755e-08
balance,1388,3.437117708096645e-07 4.183260658514699e-08,-3.677914847310905e-07 -4.476330982969182e-08,3.975718208111775e-08
balance,1389,3.400727951081715e-07 4.138971270763388e-08,-3.6389757014930273e-07 -4.428938775131131e-08,3.9336261321686487e-08
balance,1390,3.3647234629252286e-07 4.095150787540663e-08,-3.6004488156485965e-07 -4.3820483222724815e-08,3.8919796971801226e-08
balance,1391,3.3291001646746053e-07 4.051794244418978e-08,-3.5623298250623075e-07 -4.335654312168516e-08,3.8507741850167767e-08
balance,1392,3.293854020562312e-07 4.008896729530612e-08,-3.524614411229354e-07 -4.2897514888365894e-08,3.810004927501518e-08
balance,1393,3.25898103754865e-07 3.966453383011206e-08,-3.4872983013661884e-07 -4.2443346519406357e-08,3.769667305880381e-08
balance,1394,3.2244772648693853e-07 3.924459396449185e-08,-3.4503772679264537e-07 -4.1993986562020794e-08,3.729756750299753e-08
balance,1395,3.190338793588165e-07 3.882910012341017e-08,-3.413847128122048e-07 -4.154938410816841e-08,3.6902687392880165e-08
balance,1396,3.1565617561536727e-07 3.84180052355223e-08,-3.3777037434492523e-07 -4.110948878878702e-08,3.651198799244069e-08
balance,1397,3.1231423259614737e-07 3.801126272784144e-08,-3.3419430192198815e-07 -4.0674250768085974e-08,3.6125425039298564e-08
balance,1398,3.0900767169204996e-07 3.760882652046244e-08,-3.306560904097396e-07 -4.024362073790044e-08,3.5742954739692376e-08
balance,1399,3.0573611830241203e-07 3.7210651021341385e-08,-3.271553389637925e-07 -3.981754991210547e-08,3.536453376351838e-08
balance,1400,3.0249920179257585e-07 3.68166911211305e-08,-3.23691650983615e-07 -3.9395990021089e-08,3.4990119239421624e-08
balance,1401,2.9929655545189984e-07 3.6426902188067666e-08,-3.202646340675995e-07 -3.8978893306283034e-08,3.461966874993673e-08
balance,1402,2.9612781645221375e-07 3.604124006292013e-08,-3.168738999686074e-07 -3.8566212514753354e-08,3.4253140326685666e-08
balance,1403,2.929926258067139e-07 3.5659661053981665e-08,-3.1351906454998475e-07 -3.8157900893846226e-08,3.389049244562147e-08
balance,1404,2.8989062832929344e-07 3.528212193212275e-08,-3.101997477420431e-07 -3.775391218589168e-08,3.353168402232406e-08
balance,1405,2.868214725943034e-07 3.490857992589312e-08,-3.0691557349900144e-07 -3.7354200622963195e-08,3.317667440734684e-08
balance,1406,2.837848108967396e-07 3.453899271667619e-08,-3.03666169756384e-07 -3.6958720921692374e-08,3.2825423381609125e-08
balance,1407,2.807802992128509e-07 3.4173318433894804e-08,-3.0045116838886904e-07 -3.656742827813882e-08,3.2477891151841995e-08
balance,1408,2.7780759716116505e-07 3.381151565026766e-08,-2.9727020516858377e-07 -3.618027836271439e-08,3.213403834607934e-08
balance,1409,2.7486636796392665e-07 3.345354337711605e-08,-2.9412291972384094e-07 -3.5797227315161275e-08,3.179382600919852e-08
balance,1410,2.7195627840894354e-07 3.309936105972022e-08,-2.910089554983125e-07 -3.5418231739582706e-08,3.1457215598503793e-08
balance,1411,2.690769988118372e-07 3.2748928572724955e-08,-2.8792795971063493e-07 -3.5043248699526704e-08,3.112416897936322e-08
balance,1412,2.6622820297869274e-07 3.2402206215593735e-08,-2.8487958331444305e-07 -3.4672235713122e-08,3.079464842088765e-08
balance,1413,2.634095681691045e-07 3.2059154708111086e-08,-2.818634809588261e-07 -3.4305150748265256e-08,3.04686165916556e-08
balance,1414,2.6062077505961245e-07 3.17197351859325e-08,-2.788793109492031e-07 -3.394195221785881e-08,3.0146036555482733e-08
balance,1415,2.578615077075263e-07 3.13839091961815e-08,-2.759267352086123e-07 -3.3582598975099996e-08,2.9826871767241095e-08
balance,1416,2.551314535151322e-07 3.105163869309331e-08,-2.7300541923941014e-07 -3.3227050308818776e-08,2.9511086068713774e-08
balance,1417,2.524303031942784e-07 3.0722886033704645e-08,-2.701150320853763e-07 -3.287526593886643e-08,2.919864368450458e-08
balance,1418,2.497577507313362e-07 3.039761397358913e-08,-2.672552462942193e-07 -3.252720601155146e-08,2.888950921797867e-08
balance,1419,2.471134933525314e-07 3.0075785662637877e-08,-2.644257378804797e-07 -3.218283109512524e-08,2.858364764725835e-08
balance,1420,2.444972314896432e-07 2.9757364640884735e-08,-2.6162618628882566e-07 -3.184210217531411e-08,2.8281024321249707e-08
balance,1421,2.4190866874606584e-07 2.9442314834375735e-08,-2.5885627435773697e-07 -3.1504980650899924e-08,2.7981604955722347e-08
balance,1422,2.393475118632301e-07 2.913060055108227e-08,-2.561156882835741e-07 -3.117142832934672e-08,2.7685355629421835e-08
balance,1423,2.368134706873798e-07 2.8822186476857528e-08,-2.534041175850271e-07 -3.084140742247401e-08,2.739224278022848e-08
balance,1424,2.343062581367004e-07 2.8517037671435773e-08,-2.5072125506794137e-07 -3.051488054217553e-08,2.7102233201353124e-08
balance,1425,2.3182559016879524e-07 2.8215119564473936e-08,-2.4806679679051536e-07 -3.0191810696183806e-08,2.6815294037578352e-08
balance,1426,2.2937118574850656e-07 2.7916397951635144e-08,-2.454404420288671e-07 -2.987216128387917e-08,2.6531392781533246e-08
balance,1427,2.269427668160769e-07 2.762083899071371e-08,-2.4284189324296527e-07 -2.9555896092143182e-08,2.625049727001162e-08
balance,1428,2.245400582556477e-07 2.732840919780115e-08,-2.4027085604292054e-07 -2.924297929125616e-08,2.5972575680328933e-08
balance,1429,2.2216278786409134e-07 2.703907544349277e-08,-2.377270391556344e-07 -2.893337543083804e-08,2.5697596526716678e-08
balance,1430,2.1981068632017333e-07 2.6752804949134446e-08,-2.3521015439180062e-07 -2.8627049435832198e-08,2.5425528656755268e-08
balance,1431,2.1748348715404076e-07 2.646956528310913e-08,-2.327199166132564e-07 -2.8323966602531618e-08,2.515634124784398e-08
balance,1432,2.1518092671703398e-07 2.6189324357162657e-08,-2.302560437006789e-07 -2.802409259464756e-08,2.489000380371095e-08
balance,1433,2.1290274415181775e-07 2.591205042276846e-08,-2.2781825652162397e-07 -2.7727393439419425e-08,2.46264861509564e-08
balance,1434,2.106486813628287e-07 2.5637712067530802e-08,-2.254062788989032e-07 -2.743383552376604e-08,2.436575843563531e-08
balance,1435,2.0841848298703575e-07 2.5366278211626026e-08,-2.2301983757929582e-07 -2.7143385590477603e-08,2.410779111987491e-08
balance,1436,2.0621189636500983e-07 2.5097718104281545e-08,-2.2065866220259168e-07 -2.685601073444798e-08,2.3852554978528478e-08
balance,1437,2.040286715123002e-07 2.4832001320292076e-08,-2.1832248527096227e-07 -2.6571678398946888e-08,2.360002109586438e-08
balance,1438,2.0186856109111363e-07 2.456909775657276e-08,-2.160110421186557e-07 -2.6290356371931625e-08,2.3350160862290398e-08
balance,1439,1.997313203822935e-07 2.4308977628748784e-08,-2.1372407088201282e-07 -2.601201278239758e-08,2.310294597111175e-08
balance,1440,1.976167072575955e-07 2.4051611467781106e-08,-2.1146131246980061e-07 -2.573661609676772e-08,2.285834841532529e-08
balance,1441,1.955244821522569e-07 2.3796970116627905e-08,-2.092225105338597e-07 -2.546413511532001e-08,2.2616340484445563e-08
balance,1442,1.9345440803785626e-07 2.3545024726941375e-08,-2.0700741144006268e-07 -2.519453896865295e-08,2.2376894761366856e-08
balance,1443,1.9140625039546046e-07 2.3295746755799492e-08,-2.0481576423957977e-07 -2.4927797114188295e-08,2.2139984119255668e-08
balance,1444,1.8937977718905596e-07 2.3049107962472385e-08,-2.0264732064044894e-07 -2.4663879332710825e-08,2.190558171847791e-08
balance,1445,1.873747588392615e-07 2.2805080405222935e-08,-2.0050183497944676e-07 -2.4402755724944955e-08,2.167366100355926e-08
balance,1446,1.853909681973189e-07 2.256363643814126e-08,-1.983790641942573e-07 -2.4144396708167267e-08,2.1444195700174927e-08
balance,1447,1.8342818051935956e-07 2.2324748708012707e-08,-1.9627876779593546e-07 -2.388877301285521e-08,2.121715981217461e-08
balance,1448,1.8148617344094294e-07 2.2088390151218996e-08,-1.94200707841662e-07 -2.3635855679371174e-08,2.0992527618636812e-08
balance,1449,1.7956472695186507e-07 2.1854533990672182e-08,-1.9214464890778697e-07 -2.338561605468149e-08,2.0770273670954204e-08
balance,1450,1.7766362337123347e-07 2.1623153732781077e-08,-1.901103580631586e-07 -2.3138025789110488e-08,2.055037278995192e-08
balance,1451,1.7578264732280613e-07 2.139422316444979e-08,-1.8809760484273435e-07 -2.2893056833128663e-08,2.0332800063033733e-08
balance,1452,1.7392158571059141e-07 2.116771635010804e-08,-1.8610616122147168e-07 -2.2650681434174973e-08,2.0117530841360656e-08
balance,1453,1.7208022769470648e-07 2.094360762877291e-08,-1.8413580158849493e-07 -2.2410872133512738e-08,1.9904540737057926e-08
balance,1454,1.7025836466749112e-07 2.0721871611141723e-08,-1.821863027215359e-07 -2.217360176311888e-08,1.9693805620452148e-08
balance,1455,1.6845579022987467e-07 2.0502483176715662e-08,-1.8025744376164495e-07 -2.193884344260599e-08,1.9485301617338006e-08
balance,1456,1.6667230016799297e-07 2.0285417470953892e-08,-1.7834900618816985e-07 -2.1706570576177082e-08,1.9279005106272937e-08
balance,1457,1.6490769243005298e-07 2.0070649902457766e-08,-1.7646077379399964e-07 -2.147675684961257e-08,1.9074892715901734e-08
balance,1458,1.6316176710344227e-07 1.9858156140184874e-08,-1.7459253266107036e-07 -2.1249376227289054e-08,1.8872941322308236e-08
balance,1459,1.6143432639208097e-07 1.9647912110692575e-08,-1.727440711361304e-07 -2.1024402949229827e-08,1.8673128046396004e-08
balance,1460,1.5972517459401336e-07 1.943989399541071e-08,-1.7091517980676215e-07 -2.080181152818647e-08,1.8475430251296037e-08
balance,1461,1.5803411807923678e-07 1.9234078227943194e-08,-1.691056514776577e-07 -2.058157674675149e-08,1.8279825539802797e-08
balance,1462,1.5636096526776534e-07 1.903044149139818e-08,-1.673152811471457e-07 -2.0363673654501248e-08,1.8086291751835752e-08
balance,1463,1.5470552660792567e-07 1.8828960715746487e-08,-1.6554386598396657e-07 -2.0148077565169503e-08,1.7894806961930108e-08
balance,1464,1.5306761455488274e-07 1.862961307520798e-08,-1.6379120530429393e-07 -1.9934764053850593e-08,1.7705349476751946e-08
balance,1465,1.5144704354939276e-07 1.8432375985665655e-08,-1.6205710054899884e-07 -1.972370895423245e-08,1.7517897832641323e-08
balance,1466,1.498436299967812e-07 1.8237227102107068e-08,-1.6034135526115525e-07 -1.95148883558587e-08,1.7332430793180046e-08
balance,1467,1.4825719224614336e-07 1.804414431609287e-08,-1.5864377506378328e-07 -1.930827860141979e-08,1.7148927346785536e-08
balance,1468,1.4668755056976508e-07 1.7853105753252138e-08,-1.5696416763782817e-07 -1.9103856284073086e-08,1.6967366704331957e-08
balance,1469,1.4513452714276136e-07 1.766408977080423e-08,-1.5530234270037252e-07 -1.890159824479083e-08,1.6787728296792997e-08
balance,1470,1.4359794602293056e-07 1.7477074955106866e-08,-1.536581119830791e-07 -1.8701481569736603e-08,1.66099917729129e-08
balance,1471,1.4207763313082194e-07 1.729204011923017e-08,-1.5203128921086193e-07 -1.850348358766935e-08,1.6434136996900502e-08
balance,1472,1.405734162300141e-07 1.710896430055642e-08,-1.5042169008078302e-07 -1.8307581867375055e-08,1.626014404614828e-08
balance,1473,1.3908512490760237e-07 1.6927826758405165e-08,-1.4882913224117288e-07 -1.8113754215125395e-08,1.608799320897484e-08
balance,1474,1.3761259055489266e-07 1.674860697168353e-08,-1.4725343527097165e-07 -1.7921978672163478e-08,1.5917664982392276e-08
balance,1475,1.3615564634829977e-07 1.6571284636561368e-08,-1.4569442065928941e-07 -1.7732233512216097e-08,1.574914006989603e-08
balance,1476,1.3471412723044795e-07 1.6395839664171046e-08,-1.4415191178518247e-07 -1.7544497239032335e-08,1.5582399379279587e-08
balance,1477,1.332878698914715e-07 1.6222252178331563e-08,-1.4262573389764407e-07 -1.7358748583948338e-08,1.5417424020471226e-08
balance,1478,1.3187671275051343e-07 1.6050502513296784e-08,-1.4111571409580678e-07 -1.717496650347772e-08,1.525419530339343e-08
balance,1479,1.304804959374199e-07 1.588057121152751e-08,-1.3962168130935455e-07 -1.6993130176927505e-08,1.5092694735846125e-08
balance,1480,1.2909906127462848e-07 1.5712439021487115e-08,-1.381434662791421e-07 -1.6813219004039494e-08,1.4932904021411777e-08
balance,1481,1.2773225225924829e-07 1.554608689546055e-08,-1.3668090153801962e-07 -1.6635212602656326e-08,1.4774805057381988e-08
balance,1482,1.2637991404532969e-07 1.5381495987396428e-08,-1.3523382139186033e-07 -1.645909080641236e-08,1.4618379932706813e-08
balance,1483,1.250418934263218e-07 1.5218647650771935e-08,-1.3380206190078895e-07 -1.6284833662449175e-08,1.4463610925966231e-08
balance,1484,1.237180388177157e-07 1.5057523436480384e-08,-1.32385460860609e-07 -1.611242142915494e-08,1.431048050336146e-08
balance,1485,1.2240820023987145e-07 1.4898105090741104e-08,-1.3098385778442664e-07 -1.594183457392806e-08,1.4158971316729814e-08
balance,1486,1.2111222930102676e-07 1.4740374553031463e-08,-1.2959709388446906e-07 -1.5773053770964166e-08,1.4009066201577938e-08
balance,1487,1.1982997918048582e-07 1.4584313954040796e-08,-1.2822501205409546e-07 -1.560605989906671e-08,1.3860748175137978e-08
balance,1488,1.1856130461198583e-07 1.4429905613645986e-08,-1.268674568499983e-07 -1.5440834039480923e-08,1.3714000434444442e-08
balance,1489,1.173060618672399e-07 1.4277132038908483e-08,-1.2552427447459332e-07 -1.527735747375019e-08,1.356880635442821e-08
balance,1490,1.1606410873965394e-07 1.4125975922092526e-08,-1.2419531275859556e-07 -1.51156116815957e-08,1.3425149486035817e-08
balance,1491,1.1483530452821614e-07 1.3976420138704345e-08,-1.2288042114378023e-07 -1.4955578338818102e-08,1.328301355436396e-08
balance,1492,1.1361951002155687e-07 1.3828447745552129e-08,-1.2157945066592592e-07 -1.4797239315221722e-08,1.3142382456816987e-08
balance,1493,1.1241658748217749e-07 1.3682041978826524e-08,-1.202922539379384e-07 -1.464057667256047e-08,1.3003240261281644e-08
balance,1494,1.1122640063084596e-07 1.3537186252201468e-08,-1.1901868513315318e-07 -1.4485572662505551e-08,1.286557120432231e-08
balance,1495,1.1004881463115781e-07 1.3393864154955119e-08,-1.1775859996881472e-07 -1.4332209724634952e-08,1.2729359689396178e-08
balance,1496,1.088836960742605e-07 1.325205945011068e-08,-1.1651185568973063e-07 -1.4180470484443894e-08,1.2594590285085035e-08
balance,1497,1.077309129637395e-07 1.3111756072596916e-08,-1.1527831105209896e-07 -1.4030337751376478e-08,1.2461247723347632e-08
balance,1498,1.0659033470066443e-07 1.2972938127428134e-08,-1.1405782630750665e-07 -1.388179451687818e-08,1.2329316897789854e-08
balance,1499,1.0546183206879346e-07 1.2835589887903445e-08,-1.1285026318709741e-07 -1.3734823952468955e-08,1.2198782861953418e-08
balance,1500,1.0434527721993438e-07 1.2699695793825077e-08,-1.1165548488590723e-07 -1.3589409407836757e-08,1.2069630827622555e-08
