case,frame_us,time,x,y,z,vx,vy,vz,qw,qx,qy,qz,p,q,r
0,8000,0,5449387.1886701053,960873.98968958983,3173373.7226977898,-164.25920388466952,524.37909372357376,122.46685922246991,-0.4596025466373429,0.26528821767178801,0.81715181143612925,-0.22505683227942219,4.6065767489679164e-05,-4.4603350013895701e-05,-3.4727227796748039e-05
0,8000,0.20000000000000001,5449354.3358796705,960978.86513119726,3173398.216069275,-164.26869908762831,524.37532060180763,122.46685615678678,-0.45960101300597761,0.26528228482792121,0.81715368496175045,-0.22506015496704282,4.6181971220691615e-05,-4.2512436569281643e-05,-3.4728820732858564e-05
0,8000,0.40000000000000002,5449321.4811922973,961083.73981760337,3173422.7094404376,-164.27817087003999,524.3715425561528,122.46685575865585,-0.45959954832875805,0.26527636740865818,0.81715551920487783,-0.22506346105815306,4.6209313447428207e-05,-4.2607526889992838e-05,-3.4729012223147515e-05
0,8000,0.59999999999999998,5449288.6246126983,961188.61374782957,3173447.20281161,-164.28762207885234,524.36775867108599,122.46685581543676,-0.4595980560132944,0.26527044172842179,0.81715736881122703,-0.22506677731624622,4.6212803300638455e-05,-4.3080780153592052e-05,-3.4727641199907272e-05
0,8000,0.80000000000000004,5449255.7661445579,961293.48692063603,3173471.6961826324,-164.29705691267455,524.36396825506336,122.46685390687757,-0.45959652476509111,0.26526450545119512,0.81715924019141506,-0.22507010628107293,4.6210970004188666e-05,-4.3535480685929546e-05,-3.4725765263699595e-05
0,8000,1,5449222.9057907825,961398.35933466256,3173496.1895529078,-164.30647897661569,524.3601708007368,122.46684806681216,-0.45959495919310545,0.26525856001309006,0.81716113076281716,-0.22507344622256964,4.6208167419538074e-05,-4.391345934123507e-05,-3.4723803116756461e-05
0,8000,1.2,5449190.0435536308,961503.23098846257,3173520.6829214944,-164.31589108410165,524.3563659386291,122.46683679511617,-0.45959336541796231,0.26525260712436044,0.81716303708508509,-0.22507679511535805,4.6205271317156576e-05,-4.4222021467645943e-05,-3.4721867295263847e-05
0,8000,1.3999999999999999,5449157.1794348666,961608.10188052617,3173545.1762871873,-164.32529538713328,524.35255340205015,122.46681896465216,-0.45959174848030093,0.2652466481698294,0.81716495632443786,-0.22508015132119091,4.6202425851663227e-05,-4.4477348617333326e-05,-3.4719979322162424e-05
0,8000,1.6000000000000001,5449124.3134358851,961712.97200929909,3173569.6696485863,-164.33469353158071,524.348733000827,122.46679373081791,-0.45959011215091594,0.26524068418052549,0.81716688636122636,-0.2250835136193988,4.6199644164525326e-05,-4.4693725583213447e-05,-3.4718139299357567e-05
0,8000,1.8,5449091.4455577796,961817.84137319319,3173594.1630041432,-164.34408678481097,524.34490460176426,122.46676045994548,-0.4595884591601137,0.26523471590104647,0.81716882566095128,-0.22508688112732239,4.6196921357127165e-05,-4.4882220377820669e-05,-3.4716343530179622e-05
0,8000,2,5449058.5758014284,961922.70997059986,3173618.6563522019,-164.35347613294303,524.34106811414722,122.46671867526805,-0.4595867914465972,0.26522874385860407,0.81717077313425979,-0.22509025321893719,4.6194251879766642e-05,-4.505113041332858e-05,-3.4714588237461894e-05
0,8000,2.2000000000000002,5449025.7041675309,962027.57779989578,3173643.149691022,-164.36286235348263,524.33722347899641,122.46666801667408,-0.4595851103586715,0.26522276841838005,0.81717272802377616,-0.22509362945956049,4.6191631215142965e-05,-4.5206617593855079e-05,-3.4712870162276472e-05
0,8000,2.3999999999999999,5448992.8306566514,962132.44485944603,3173667.6430188003,-164.37224606925054,524.33337066110437,122.46660821084704,-0.45958341680689591,0.26521678982547137,0.81717468981825159,-0.22509700955635784,4.6189055670759534e-05,-4.5353243982674211e-05,-3.4711186563556542e-05
0,8000,2.6000000000000001,5448959.9552692343,962237.31114761345,3173692.1363336844,-164.38162778835292,524.32950964313341,122.46653904913482,-0.45958171137794002,0.26521080823616633,0.81717665818853613,-0.2251003933214234,4.6186522161297221e-05,-4.5494382575687847e-05,-3.4709535139976395e-05
0,8000,2.7999999999999998,5448927.078005638,962342.17666275625,3173716.6296337857,-164.39100793379069,524.32564042124307,122.46646037115322,-0.45957999441910091,0.26520482374115872,0.81717863294005044,-0.2251037806443742,4.6184028068189588e-05,-4.5632524587982028e-05,-3.4707913950908706e-05
0,8000,3,5448894.1988661429,962447.04140323517,3173741.1229171893,-164.40038686539012,524.32176300184642,122.46637205263842,-0.45957826610096003,0.26519883638275316,0.81718061397755204,-0.2251071714720346,4.6181571154158166e-05,-4.5769507730649057e-05,-3.4706321354003835e-05
0,8000,3.2000000000000002,5448861.3178509502,962551.90536741156,3173765.6161819571,-164.40976489604068,524.31787739920628,122.46627399644882,-0.45957652646381658,0.26519284616761168,0.8171826012790272,-0.22511056579338262,4.6179149492884142e-05,-4.5906685458610652e-05,-3.4704755951681893e-05
0,8000,3.3999999999999999,5448828.4349602228,962656.76855365082,3173790.1094261319,-164.41914230371981,524.31398363365145,122.46616612589811,-0.45957477545209674,0.26518685307619616,0.8171845948763421,-0.2251139636283977,4.617676142241912e-05,-4.6045052369486959e-05,-3.4703216551164461e-05
0,8000,3.6000000000000001,5448795.5501940558,962761.63096032233,3173814.6026477478,-164.42851934039314,524.31008173025464,122.46604837981664,-0.45957301293985509,0.26518085706976213,0.81718659484090528,-0.22511736501979668,4.6174405490901831e-05,-4.6185337111670487e-05,-3.4701702125776518e-05
0,8000,3.7999999999999998,5448762.6635524975,962866.49258580164,3173839.0958448229,-164.43789623860229,524.30617171784945,122.46592070889254,-0.45957123874967504,0.26517485809554214,0.81718860127304138,-0.22512077002690919,4.6172080421021138e-05,-4.6328071209169516e-05,-3.4700211785479165e-05
0,8000,4,5448729.7750355564,962971.35342847055,3173863.5890153674,-164.4472732163386,524.30225362830038,122.46578307296058,-0.45956945266668126,0.26516885609058555,0.81719061429411299,-0.22512417872114029,4.6169785085798697e-05,-4.6473640042625426e-05,-3.4698744755097835e-05
0,8000,4.2000000000000002,5448696.8846431943,963076.21348671697,3173888.082157386,-164.45665048064913,524.29832749596062,122.4656354389931,-0.45956765444892883,0.26516285098460252,0.81719263404068021,-0.22512759118260547,4.6167518478014672e-05,-4.6622320621587733e-05,-3.4697300353024952e-05
0,8000,4.4000000000000004,5448663.9923753338,963181.07275893493,3173912.5752688758,-164.46602823030031,524.29439335726636,122.46547777961162,-0.45956584383510901,0.26515684270207474,0.8171946606601701,-0.22513100749763679,4.6165279692340885e-05,-4.6774309569545843e-05,-3.4695877975597192e-05
0,8000,4.5999999999999996,5448631.0982318567,963285.93124352873,3173937.0683478289,-164.47540665774682,524.29045125043694,122.46531007198321,-0.45956402055026724,0.26515083116381849,0.81719669430766095,-0.22513442775693207,4.6163067902556142e-05,-4.6929743846942996e-05,-3.469447708143629e-05
0,8000,4.7999999999999998,5448598.2022126121,963390.78893890698,3173961.5613922337,-164.48478595058421,524.28650121524674,122.46513229700204,-0.45956218431004825,0.26514481628814496,0.81719873514349761,-0.2251378520541821,4.6160882357146033e-05,-4.7088716111867051e-05,-3.4693097183890927e-05
0,8000,5,5448565.3043174045,963495.64584348898,3173986.0544000757,-164.4941662926185,524.28254329285676,122.46494443868318,-0.45956033482384934,0.26513879799172113,0.81720078333151924,-0.22514128048505105,4.6158722359733974e-05,-4.7251286097666166e-05,-3.4691737839415776e-05
0,8000,5.2000000000000002,5448532.4045460066,963600.50195570139,3174010.5473693362,-164.50354786465428,524.2785775256865,122.46474648371169,-0.45955847179716547,0.26513277619020936,0.8172028390377406,-0.22514471314641835,4.6156587266206662e-05,-4.741748904081139e-05,-3.4690398642632998e-05
0,8000,5.4000000000000004,5448499.5028981613,963705.35727397923,3174035.0402979958,-164.51293084507239,524.27460395731657,122.46453842110829,-0.45955659493333573,0.26512675079874304,0.81720490242937205,-0.22514815013581577,4.6154476470310146e-05,-4.758734192748912e-05,-3.4689079217364154e-05
0,8000,5.5999999999999996,5448466.5993735641,963810.21179676743,3174059.5331840292,-164.52231541025296,524.27062263241453,122.46432024198069,-0.45955470393484482,0.26512072173228091,0.81720697367408757,-0.22515159155100592,4.6152389400855292e-05,-4.7760848124883329e-05,-3.4687779213307744e-05
0,8000,5.7999999999999998,5448433.6939718807,963915.06552251871,3174084.0260254159,-164.53170173488195,524.26663359667714,122.46409193933837,-0.45955279850429603,0.2651146889058707,0.81720905293947832,-0.22515503748966975,4.6150325515581087e-05,-4.7938000808494555e-05,-3.4686498301450266e-05
0,8000,6,5448400.7866927395,964019.91844969592,3174108.5188201303,-164.54108999217468,524.26263689678547,122.46385350795487,-0.45955087834514058,0.26510865223484814,0.81721114039264264,-0.22515848804917077,4.614828429613498e-05,-4.8118785506944011e-05,-3.4685236169942337e-05
0,8000,6.2000000000000002,5448367.8775357418,964124.77057677018,3174133.0115661449,-164.5504803540349,524.25863258036907,122.46360494426401,-0.45954894316222533,0.265102611634984,0.81721323619988018,-0.22516194332637948,4.6146265249128205e-05,-4.8303181983223644e-05,-3.4683992523843372e-05
0,8000,6.4000000000000004,5448334.9665004471,964229.62190222379,3174157.5042614313,-164.55987299116833,524.25462069597722,122.4633462462822,-0.45954699266220705,0.26509656702259643,0.8172153405264565,-0.22516540341753974,4.6144267900277162e-05,-4.849116563547776e-05,-3.4682767081955102e-05
0,8000,6.5999999999999996,5448302.0535863806,964334.47242454812,3174181.9969039662,-164.56926807316043,524.25060129305507,122.46307741354988,-0.45954502655386803,0.2650905183146357,0.81721745353642816,-0.22516886841816799,4.6142291784259033e-05,-4.8682708534265661e-05,-3.4681559571273068e-05
0,8000,6.7999999999999998,5448269.138793041,964439.32214224362,3174206.4894917216,-164.5786657685303,524.24657442192256,122.4627984470868,-0.45954304454835582,0.26508446542874914,0.817219575392508,-0.22517233842297613,4.6140336455805174e-05,-4.8877780190228509e-05,-3.4680369730046519e-05
0,8000,7,5448236.2221198892,964544.17105382239,3174230.9820226706,-164.58806624476506,524.24254013375753,122.4625093493574,-0.45954104635936982,0.26507840828333007,0.8172217062559588,-0.22517581352581201,4.6138401484855924e-05,-4.9076348128294071e-05,-3.4679197306660469e-05
0,8000,7.2000000000000002,5448203.3035663497,964649.01915780618,3174255.474494786,-164.59746966833887,524.23849848057966,122.46221012424508,-0.45953903170330629,0.26507234679755709,0.81722384628651401,-0.22517929381961324,4.6136486447758878e-05,-4.9278378315705265e-05,-3.4678042055052558e-05
0,8000,7.4000000000000004,5448170.383131817,964753.86645272712,3174279.9669060465,-164.60687620472373,524.23444951523811,122.46190077703021,-0.45953700029937328,0.26506628089142453,0.81722599564231191,-0.22518277939637074,4.6134590931824533e-05,-4.9483835470709136e-05,-3.4676903735834911e-05
0,8000,7.5999999999999996,5448137.4608156476,964858.71293712838,3174304.4592544232,-164.61628601839195,524.23039329139613,122.4615813143737,-0.45953495186968385,0.26506021048576717,0.81722815447984387,-0.22518627034709926,4.6132714531784243e-05,-4.9692683306209444e-05,-3.4675782114591227e-05
0,8000,7.7999999999999998,5448104.5366171757,964963.55860956316,3174328.9515378973,-164.6256992728128,524.22632986351994,122.46125174430303,-0.4595328861393303,0.26505413550227946,0.81723032295391285,-0.22518976676181329,4.6130856855646387e-05,-4.9904884699714504e-05,-3.4674676963688957e-05
0,8000,8,5448071.6105356961,965068.40346859675,3174353.443754449,-164.63511613044665,524.22225928686714,122.46091207619969,-0.45953080283644776,0.26504805586353258,0.81723250121759772,-0.22519326872950807,4.6129017518049374e-05,-5.0120401830522179e-05,-3.4673588060323295e-05
0,8000,8.1999999999999993,5448038.6825704724,965173.24751280504,3174377.9359020577,-164.64453675273381,524.21818161747456,122.46056232078978,-0.45952870169226845,0.2650419714929878,0.8172346894222231,-0.22519677633814222,4.6127196141803097e-05,-5.033919628112418e-05,-3.4672515186621902e-05
0,8000,8.4000000000000004,5448005.752720736,965278.09074077464,3174402.427978707,-164.65396130008205,524.2140969121491,122.46020249013476,-0.4595265824411654,0.26503588231500907,0.81723688771733338,-0.2252002896746236,4.6125392351164209e-05,-5.0561229109620164e-05,-3.4671458126233476e-05
0,8000,8.5999999999999996,5447972.8209856842,965382.93315110414,3174426.9199823835,-164.66338993185408,524.21000522845407,122.45983259762301,-0.45952444482069599,0.26502978825487311,0.8172390962506707,-0.22520380882479638,4.612360578397537e-05,-5.0786460906452264e-05,-3.4670416669186952e-05
0,8000,8.8000000000000007,5447939.8873644806,965487.77474240458,3174451.4119110769,-164.67282280635126,524.2059066247009,122.45945265796243,-0.45952228857163585,0.26502368923877889,0.81724131516815457,-0.22520733387343012,4.6121836078099759e-05,-5.1014851841507227e-05,-3.466939060678493e-05
0,8000,9,5447906.9518562676,965592.61551329668,3174475.9037627783,-164.68226008079904,524.20180115993719,122.45906268717292,-0.4595201134380143,0.26501758519385643,0.81724354461386228,-0.22521086490420869,4.6120082883375841e-05,-5.1246361694132568e-05,-3.4668379735709397e-05
0,8000,9.1999999999999993,5447874.0144601464,965697.45546241465,3174500.395535484,-164.69170191133159,524.19768889393629,122.45866270257841,-0.4595179191671443,0.26501147604817477,0.81724578473001197,-0.22521440199972198,4.6118345853951517e-05,-5.1480949883929544e-05,-3.4667383855866938e-05
0,8000,9.4000000000000004,5447841.0751751903,965802.29458840459,3174524.8872271921,-164.7011484529738,524.19356988718698,122.45825272280101,-0.45951570550965143,0.26500536173074918,0.81724803565694704,-0.22521794524145569,4.6116624645546669e-05,-5.1718575495146311e-05,-3.4666402768234627e-05
0,8000,9.5999999999999996,5447808.1340004411,965907.13288992445,3174549.3788359067,-164.7105998596258,524.18944420088246,122.45783276775337,-0.45951347221950084,0.26499924217154791,0.81725029753312051,-0.22522149470978384,4.6114918923609039e-05,-5.1959197288381366e-05,-3.4665436278301206e-05
0,8000,9.8000000000000007,5447775.1909349095,966011.97036564373,3174573.870359634,-164.72005628404617,524.18531189690987,122.45740285863197,-0.45951121905402309,0.26499311730149899,0.81725257049508093,-0.22522505048396066,4.6113228356428768e-05,-5.2202773719111667e-05,-3.4664484193430602e-05
0,8000,10,5447742.2459775843,966116.80701424612,3174598.361796387,-164.72951787783566,524.18117303783947,122.45696301790964,-0.45950894577393919,0.26498698705249712,0.81725485467745751,-0.22522861264211264,4.6111552622618876e-05,-5.244926294949862e-05,-3.4663546325762526e-05
0,8000,10.199999999999999,5447709.2991274083,966221.64283442625,3174622.8531441819,-164.73898479142056,524.17702768691402,122.45651326932875,-0.4595066521433841,0.26498085135740851,0.8172571502129482,-0.22523218126123212,4.6109891399318076e-05,-5.2698622862016802e-05,-3.4662622487975074e-05
0,8000,10.4,5447676.3503833031,966326.4778248925,3174647.3444010373,-164.74845717403471,524.17287590803801,122.45605363789464,-0.45950433792992912,0.26497471015007773,0.81725945723230731,-0.2252357564171695,4.6108244370552493e-05,-5.2950811067860842e-05,-3.4661712495453708e-05
0,8000,10.6,5447643.3997441605,966431.31198436546,3174671.8355649798,-164.75793517370522,524.16871776576693,122.45558414986746,-0.45950200290460474,0.26496856336533264,0.8172617758643308,-0.22523933818462705,4.6106611228837918e-05,-5.3205784911696873e-05,-3.4660816167753949e-05
0,8000,10.800000000000001,5447610.4472088469,966536.14531157864,3174696.326634042,-164.76741893723505,524.1645533252962,122.45510483275515,-0.45949964684192146,0.26496241093899064,0.81726410623584689,-0.2252429266371519,4.6104991667655203e-05,-5.3463501483912854e-05,-3.4659933325327561e-05
0,8000,11,5447577.4927761927,966640.97780527954,3174720.8176062587,-164.7769086101882,524.16038265245049,122.45461571530569,-0.45949726951989084,0.26495625280786339,0.81726644847170304,-0.22524652184713034,4.6103385389472649e-05,-5.3723917630297737e-05,-3.4659063792915748e-05
0,8000,11.199999999999999,5447544.5364449974,966745.80946422811,3174745.3084796756,-164.78640433687224,524.15620581367239,122.45411682749986,-0.45949487072004502,0.26495008890976129,0.81726880269475533,-0.22525012388578131,4.6101792096711374e-05,-5.3986989958299642e-05,-3.4658207395855304e-05
0,8000,11.4,5447511.5782140428,966850.64028719836,3174769.799252342,-164.7959062603241,524.15202287601289,122.45360820054297,-0.45949245022745761,0.26494391918349985,0.81727116902585728,-0.22525373282315067,4.6100211497848595e-05,-5.4252674840546273e-05,-3.4657363962085172e-05
0,8000,11.6,5447478.6180820689,966955.47027297656,3174794.2899223119,-164.8054145222936,524.14783390711762,122.45308986685755,-0.45949000783076027,0.26493774356890332,0.81727354758384951,-0.22525734872810538,4.6098643304480742e-05,-5.4520928430210519e-05,-3.4656533321093209e-05
0,8000,11.800000000000001,5447445.6560477987,967060.29942036315,3174818.780487645,-164.81492926322861,524.1436389752181,122.45256186007488,-0.45948754332216196,0.26493156200680978,0.81727593848555025,-0.22526097166832793,4.6097087238570239e-05,-5.4791706657837306e-05,-3.4655715306990898e-05
0,8000,12,5447412.6921099247,967165.12772817281,3174843.2709464137,-164.82445062226088,524.13943814911988,122.45202421502658,-0.45948505649746801,0.26492537443907582,0.81727834184574388,-0.22526460171031185,4.609554302536736e-05,-5.5064965244959014e-05,-3.4654909756212818e-05
0,8000,12.199999999999999,5447379.726267104,967269.95519523404,3174867.7612966923,-164.83397873718991,524.13523149819105,122.45147696773699,-0.45948254715609527,0.26491918080857968,0.81728075777717291,-0.22526823891935521,4.6094010387766998e-05,-5.534065971247012e-05,-3.4654116504620686e-05
0,8000,12.4,5447346.7585179703,967374.78182038851,3174892.2515365635,-164.84351374446811,524.13101909235195,122.45092015541442,-0.45948001510108966,0.26491298105922706,0.81728318639052777,-0.22527188335955678,4.609248905741233e-05,-5.5618745382303584e-05,-3.4653335391495706e-05
0,8000,12.6,5447313.788861135,967479.60760249221,3174916.7416641172,-164.85305577918743,524.12680100206296,122.45035381644274,-0.45947746013914154,0.26490677513595451,0.81728562779443881,-0.22527553509381018,4.6090978769858965e-05,-5.589917738387096e-05,-3.4652566257916573e-05
0,8000,12.800000000000001,5447280.8172951741,967584.43254041509,3174941.2316774544,-164.86260497506524,524.12257729831367,122.44977799037214,-0.4594748820806025,0.26490056298473291,0.81728808209546622,-0.22527919418380041,4.6089479268217335e-05,-5.6181910662930633e-05,-3.465180894876378e-05
0,8000,13,5447247.8438186534,967689.25663304213,3174965.7215746818,-164.87216146443015,524.11834805261162,122.44919271791068,-0.45947228073949919,0.26489434455257138,0.81729054939809331,-0.2252828606899985,4.608799029630364e-05,-5.6466899988924725e-05,-3.4651063309747775e-05
0,8000,13.199999999999999,5447214.8684300939,967794.07987927168,3174990.2113539143,-164.88172537820927,524.11411333697049,122.44859804091455,-0.45946965593354844,0.26488811978752169,0.81729302980471696,-0.22528653467165777,4.6086511604385889e-05,-5.6754099962514516e-05,-3.4650329189493849e-05
0,8000,13.4,5447181.8911279999,967898.90227801702,3175014.7010132736,-164.89129684591259,524.10987322389951,122.44799400238043,-0.45946700748416958,0.26488188863868017,0.81729552341564227,-0.22529021618680958,4.6085042943604554e-05,-5.704346502374512e-05,-3.4649606437212757e-05
0,8000,13.6,5447148.9119108459,968003.72382820642,3175039.1905508949,-164.90087599562139,524.10562778639155,122.44738064643524,-0.45946433521649938,0.26487565105619215,0.81729803032907222,-0.22529390529225915,4.608358407100544e-05,-5.7334949451550296e-05,-3.4648894904672845e-05
0,8000,13.800000000000001,5447115.9307770832,968108.54452878144,3175063.679964914,-164.9104629539745,524.1013770979115,122.44675801832712,-0.45946163895940434,0.26486940699125494,0.8173005506411033,-0.22529760204358226,4.6082134747975036e-05,-5.7628507376435968e-05,-3.464819444582653e-05
0,8000,14,5447082.9477251396,968213.36437870003,3175088.1692534871,-164.92005784615631,524.09712123238558,122.44612616441577,-0.45945891854549215,0.26486315639612074,0.81730308444571675,-0.22530130649512131,4.6080694740104082e-05,-5.7924092783523475e-05,-3.4647504916496155e-05
0,8000,14.199999999999999,5447049.9627534123,968318.18337693391,3175112.6584147695,-164.92966079588348,524.09286026418886,122.44548513216286,-0.45945617381112469,0.26485689922409983,0.81730563183477267,-0.22530501869998257,4.6079263816970525e-05,-5.822165952246794e-05,-3.4646826174685664e-05
0,8000,14.4,5447016.9758602772,968423.0015224705,3175137.1474469313,-164.93927192539249,524.08859426813456,122.444834970123,-0.45945340459642769,0.26485063542956222,0.81730819289800527,-0.22530873871003179,4.6077841750776679e-05,-5.8521161313553834e-05,-3.4646158079625595e-05
0,8000,14.6,5446983.9870440895,968527.81881431106,3175161.636348153,-164.94889135542874,524.08432331946244,122.44417572793257,-0.4594506107453023,0.26484436496794167,0.81731076772301492,-0.22531246657589232,4.6076428320306486e-05,-5.8822551748382612e-05,-3.4645500493392788e-05
0,8000,14.800000000000001,5446950.9963031737,968632.63525147317,3175186.1251166225,-164.95851920523384,524.08004749382644,122.44350745630085,-0.45944779210543513,0.26483808779573698,0.81731335639526315,-0.22531620234694147,4.6075023304573117e-05,-5.9125784307269332e-05,-3.4644853278720246e-05
0,8000,15,5446918.0036358349,968737.45083298883,3175210.6137505388,-164.96815559253415,524.07576686728396,122.44283020699949,-0.45944494852830681,0.26483180387051525,0.81731595899806908,-0.22531994607130837,4.6073626490927465e-05,-5.9430812356125461e-05,-3.4644216301525853e-05
0,8000,15.199999999999999,5446885.0090403585,968842.26555790554,3175235.1022481108,-164.97780063352985,524.07148151628394,122.44214403285228,-0.45944207986920244,0.26482551315091329,0.81731857561260168,-0.22532369779587103,4.6072237669676747e-05,-5.9737589159570855e-05,-3.4643589429732094e-05
0,8000,15.4,5446852.0125149991,968947.07942528569,3175259.5906075598,-164.98745444288375,524.06719151765515,122.44144898772491,-0.4594391859872185,0.26481921559663935,0.81732120631787764,-0.22532745756625439,4.607085663241882e-05,-6.004606788381205e-05,-3.4642972532115859e-05
0,8000,15.6,5446819.0140579911,969051.89243420772,3175284.078827119,-164.99711713370982,524.06289694859515,122.44074512651477,-0.4594362667452716,0.26481291116847577,0.8173238511907559,-0.22533122542682765,4.6069483174984285e-05,-6.0356201606812654e-05,-3.4642365479027526e-05
0,8000,15.800000000000001,5446786.0136675453,969156.70458376547,3175308.5669050277,-165.00678881756309,524.05859788665794,122.44003250514032,-0.45943332201010512,0.26480659982828048,0.81732651030593395,-0.22533500142070254,4.6068117096247195e-05,-6.0667943320416653e-05,-3.464176814222166e-05
0,8000,16,5446753.0113418559,969261.51587306801,3175333.0548395412,-165.0164696044294,524.05429440974228,122.43931118053032,-0.45943035165229684,0.2648002815389886,0.81732918373594388,-0.22533878558973172,4.606675820317785e-05,-6.0981245938655906e-05,-3.4641180396884621e-05
0,8000,16.199999999999999,5446720.0070790909,969366.32630124013,3175357.5426289244,-165.02615960271498,524.04998659608077,122.43858121061308,-0.45942735554626457,0.264793956264613,0.81733187155114895,-0.22534257797450691,4.6065406302776593e-05,-6.1296062306790739e-05,-3.4640602119041889e-05
0,8000,16.399999999999999,5446687.0008773971,969471.13586742256,3175382.0302714538,-165.03585891923723,524.04567452422771,122.43784265430577,-0.45942433357027201,0.26478762397024697,0.81733457381974095,-0.22534637861435711,4.606406120539901e-05,-6.1612345204356588e-05,-3.4640033185978868e-05
0,8000,16.600000000000001,5446653.992734897,969575.94457077119,3175406.5177654177,-165.04556765921342,524.04135827304742,122.43709557150382,-0.45942128560643364,0.26478128462206418,0.81733729060773708,-0.22535018754734773,4.6062722724193724e-05,-6.1930047355743619e-05,-3.4639473476177913e-05
0,8000,16.800000000000001,5446620.9826497007,969680.75241045852,3175431.0051091155,-165.05528592680909,524.03703792166277,122.43634002281451,-0.45941821151766316,0.26477493817405606,0.81734002199933575,-0.22535400479903209,4.6061390662565988e-05,-6.2249124974888314e-05,-3.4638922866059921e-05
0,8000,17,5446587.9706198862,969785.5593856721,3175455.4923008648,-165.06501382385181,524.03271354954393,122.4355760701422,-0.45941511123944156,0.26476858462096453,0.81734276801574091,-0.22535783042758767,4.6060064872536111e-05,-6.2569527613576286e-05,-3.4638381246149385e-05
0,8000,17.199999999999999,5446554.9566435218,969890.36549561587,3175479.9793389873,-165.07475145023608,524.02838523645028,122.43480377646641,-0.45941198464260741,0.26476222391900045,0.81734552873667798,-0.22536166445597164,4.6058745171900237e-05,-6.2891205894312469e-05,-3.4637848500365754e-05
0,8000,17.399999999999999,5446521.9407186499,969995.17073950951,3175504.4662218234,-165.08449890471431,524.02405306236687,122.43402320547068,-0.45940883162480839,0.2647558560386935,0.81734830421939486,-0.22536550691715654,4.6057431381251232e-05,-6.3214113111663206e-05,-3.4637324511549753e-05
0,8000,17.600000000000001,5446488.922843297,970099.97511658899,3175528.9529477227,-165.09425628438922,524.01971710753082,122.43323442176344,-0.45940565208752299,0.26474948095164796,0.81735109451897625,-0.22536935784285883,4.6056123334474531e-05,-6.3538202069211177e-05,-3.4636809166984886e-05
0,8000,17.800000000000001,5446455.9030154683,970204.77862610586,3175553.4395150477,-165.10402368470776,524.0153774524199,122.43243749086564,-0.45940244593608498,0.26474309863054779,0.81735389968833139,-0.2253732172635331,4.6054820865331698e-05,-6.3863425423804483e-05,-3.4636302354787181e-05
0,8000,18,5446422.8812331511,970309.58126732835,3175577.9259221796,-165.11380119945466,524.0110341777405,122.43163247919864,-0.45939921307969023,0.26473670904915947,0.81735671977818969,-0.2253770852083683,4.6053523817106343e-05,-6.4189735770300214e-05,-3.4635803966779363e-05
0,8000,18.199999999999999,5446389.8574943086,970414.38303954108,3175602.4121675063,-165.12358892074491,524.00668736441617,122.43081945407187,-0.45939595343140172,0.26473031218233173,0.81735955483709766,-0.22538096170528774,4.6052232027822302e-05,-6.451708567191316e-05,-3.4635313893569004e-05
0,8000,18.399999999999999,5446356.8317968985,970519.18394204392,3175626.898249432,-165.13338693901761,524.00233709357576,122.42999848367069,-0.45939266690815106,0.26472390800599738,0.81736240491141843,-0.22538484678094828,4.6050945345830758e-05,-6.4845427673516589e-05,-3.4634832029303596e-05
0,8000,18.600000000000001,5446323.8041388439,970623.98397415353,3175651.3841663743,-165.14319534302933,523.99798344654141,122.42916963704452,-0.45938935343074,0.26471749649717202,0.81736527004533122,-0.22538874046074081,4.6049663618362606e-05,-6.5174714316150443e-05,-3.4634358268496495e-05
0,8000,18.800000000000001,5446290.7745180624,970728.78313520283,3175675.8699167655,-165.15301421984654,523.99362650481737,122.42833298409479,-0.45938601292384024,0.26471107763395468,0.81736815028083176,-0.22539264276879004,4.6048386697520844e-05,-6.5504898144983246e-05,-3.4633892507314899e-05
0,8000,19,5446257.7429324538,970833.58142454107,3175700.355499052,-165.16284365483997,523.98926635007797,122.42748859556259,-0.45938264531599304,0.26470465139552685,0.81737104565773189,-0.2253965537279552,4.6047114438894878e-05,-6.583593171701674e-05,-3.4633434643637127e-05
0,8000,19.199999999999999,5446224.7093798947,970938.37884153379,3175724.8409116934,-165.172683731679,523.98490306415567,122.42663654301626,-0.45937925053960832,0.2646982177621528,0.81737395621366116,-0.22540047335983077,4.6045846700897095e-05,-6.6167767611461121e-05,-3.4632984576734402e-05
0,8000,19.399999999999999,5446191.6738582477,971043.1753855634,3175749.3261531638,-165.18253453232396,523.98053672903063,122.42577689883963,-0.45937582853096232,0.26469177671517702,0.81737688198406733,-0.22540440168474765,4.6044583343307756e-05,-6.6500358438666054e-05,-3.4632542206551077e-05
0,8000,19.600000000000001,5446158.6363653624,971147.9710560278,3175773.8112219521,-165.19239613702149,523.97616742681771,122.4249097362197,-0.45937237923019508,0.26468532823702584,0.81737982300221834,-0.22540833872177374,4.6043324231460961e-05,-6.6833656842377407e-05,-3.4632107435130938e-05
0,8000,19.800000000000001,5446125.5968990689,971252.76585234166,3175798.296116563,-165.20226862429871,523.97179523975558,122.42403512913403,-0.45936890258130803,0.26467887231120418,0.81738277929920455,-0.22541228448871606,4.6042069232090334e-05,-6.7167615511053112e-05,-3.4631680165486448e-05
0,8000,20,5446092.5554571822,971357.55977393594,3175822.780835513,-165.21215207095764,523.96742025019546,122.42315315233837,-0.45936539853215952,0.26467240892229543,0.81738575090394017,-0.22541623900212168,4.6040818217852894e-05,-6.7502187182189851e-05,-3.4631260303013866e-05
0,8000,20.199999999999999,5446059.5120375026,971462.35282025987,3175847.2653773376,-165.22204655207062,523.96304254058873,122.42226388135425,-0.45936186703446108,0.26466593805595934,0.81738873784316579,-0.22542020227727982,4.6039571061303806e-05,-6.7837324650628993e-05,-3.4630847753457466e-05
0,8000,20.399999999999999,5446026.4666378209,971567.14499077655,3175871.7497405852,-165.23195214097547,523.95866219347624,122.42136739245625,-0.45935830804377292,0.2646594596989314,0.81739174014145199,-0.22542417432822318,4.6038327639886354e-05,-6.8172980773625424e-05,-3.4630442424449471e-05
0,8000,20.600000000000001,5445993.4192559058,971671.93628496712,3175896.2339238198,-165.24186890927038,523.95427929147661,122.42046376265942,-0.45935472151949819,0.26465297383902031,0.81739475782120152,-0.2254281551677306,4.6037087831756306e-05,-6.8509108480803202e-05,-3.4630044224235695e-05
0,8000,20.800000000000001,5445960.3698895108,971776.72670232831,3175920.7179256203,-165.25179692680933,523.94989391727438,122.41955306970726,-0.45935110742487728,0.26464648046510658,0.81739779090265363,-0.22543214480732882,4.6035851519130308e-05,-6.8845660777970652e-05,-3.4629653062504082e-05
0,8000,21,5445927.3185363831,971881.51624237467,3175945.201744582,-165.26173626169799,523.94550615360902,122.41863539205841,-0.45934746572698176,0.26463997956714075,0.81740083940388697,-0.22543614325729519,4.6034618586623331e-05,-6.918259075073429e-05,-3.4629268850003522e-05
0,8000,21.199999999999999,5445894.2651942475,971986.30490463611,3175969.6853793166,-165.27168698029044,523.94111608326341,122.41771080887396,-0.45934379639670697,0.26463347113614083,0.81740390334082391,-0.22544015052665972,4.6033388923476952e-05,-6.9519851573457376e-05,-3.4628891499691534e-05
0,8000,21.399999999999999,5445861.2098608231,972091.09268865967,3175994.1688284515,-165.28164914718459,523.93672378905273,122.416779400005,-0.4593400994087658,0.26462695516419094,0.81740698272723467,-0.22544416662320829,4.6032162418361457e-05,-6.9857396515079267e-05,-3.4628520924080525e-05
0,8000,21.600000000000001,5445828.152533819,972195.8795940089,3176018.6520906277,-165.29162282522051,523.93232935381229,122.41584124597875,-0.45933637474168032,0.26462043164443733,0.81741007757474193,-0.22544819155348522,4.6030938968812857e-05,-7.019517894305589e-05,-3.4628157039689888e-05
0,8000,21.800000000000001,5445795.0932109235,972300.66562026402,3176043.1351645067,-165.3016080754756,523.92793286038727,122.41489642798651,-0.45933262237777306,0.26461390057108763,0.81741318789282558,-0.22545222532279635,4.6029718468097302e-05,-7.0533152336160298e-05,-3.4627799761503773e-05
0,8000,22,5445762.031889814,972405.45076702128,3176067.6180487615,-165.31160495726215,523.92353439162082,122.41394502787062,-0.4593288423031594,0.26460736193940754,0.81741631368882806,-0.22545626793521231,4.6028500816094928e-05,-7.0871270284452703e-05,-3.4627449006893087e-05
0,8000,22.199999999999999,5445728.9685681621,972510.23503389419,3176092.1007420854,-165.321613528125,523.91913403034289,122.41298712811118,-0.45932503450773676,0.26460081574571792,0.81741945496795954,-0.22546031939357167,4.6027285914902178e-05,-7.1209486496513459e-05,-3.4627104694385247e-05
0,8000,22.399999999999999,5445695.9032436218,972615.01842051279,3176116.5832431857,-165.33163384383849,523.91473185935934,122.41202281181289,-0.45932119898517565,0.26459426198739178,0.81742261173330355,-0.22546437969948471,4.6026073670085965e-05,-7.1547754804826306e-05,-3.4626766744068427e-05
0,8000,22.600000000000001,5445662.8359138388,972719.80092652317,3176141.0655507869,-165.34166595840469,523.91032796144043,122.41105216269253,-0.45931733573290967,0.26458770066285142,0.81742578398582311,-0.22546844885333645,4.6024863985106046e-05,-7.1886029174237444e-05,-3.4626435075235235e-05
0,8000,22.800000000000001,5445629.7665764457,972824.58255158784,3176165.5476636323,-165.35170992405142,523.90592241930983,122.41007526506519,-0.45931344475212377,0.26458113177156589,0.81742897172436713,-0.22547252685429117,4.6023656771039209e-05,-7.2224263703330716e-05,-3.4626109610019117e-05
0,8000,23,5445596.6952290749,972929.36329538655,3176190.0295804804,-165.36176579123102,523.9015153156339,122.40909220383107,-0.45930952604774455,0.26457455531404728,0.81743217494567566,-0.22547661370029623,4.6022451943850251e-05,-7.2562412633197495e-05,-3.4625790272789755e-05
0,8000,23.199999999999999,5445563.6218693377,973034.14315761498,3176214.5113001089,-165.37183360861852,523.89710673300988,122.40810306446227,-0.45930557962842772,0.26456797129184656,0.81743539364438844,-0.22548070938808554,4.6021249413773528e-05,-7.2900430354923664e-05,-3.4625476986177357e-05
0,8000,23.399999999999999,5445530.5464948351,973138.9221379864,3176238.9928213088,-165.38191342311021,523.89269675395542,122.40710793298993,-0.45930160550654558,0.26456137970755095,0.81743862781305054,-0.22548481391318478,4.6020049100331904e-05,-7.3238271414215327e-05,-3.4625169675992509e-05
0,8000,23.600000000000001,5445497.4691031668,973243.70023622899,3176263.47414289,-165.3920052798226,523.88828546089792,122.40610689599082,-0.45929760369817446,0.26455478056478027,0.8174418774421206,-0.22548892726991485,4.6018850921957576e-05,-7.3575890514016761e-05,-3.4624868267783917e-05
0,8000,23.800000000000001,5445464.3896919182,973348.47745208838,3176287.9552636798,-165.40210922209226,523.8838729361629,122.40510004057336,-0.45929357422308265,0.26454817386818286,0.81744514251997669,-0.22549304945139714,4.6017654801437962e-05,-7.3913242522370982e-05,-3.4624572689092301e-05
0,8000,24,5445431.3082586685,973453.25378532661,3176312.4361825245,-165.41222529147529,523.8794592619638,122.40408745436511,-0.45928951710471572,0.26454155962343162,0.81744842303292709,-0.22549718044955785,4.601646066454188e-05,-7.4250282478169588e-05,-3.462428286861054e-05
0,8000,24.199999999999999,5445398.2248009881,973558.02923572192,3176336.916898286,-165.42235352774682,523.8750445203907,122.40306922549857,-0.45928543237018288,0.26453493783721971,0.81745171896521474,-0.22550132025513284,4.6015268436126293e-05,-7.4586965596900459e-05,-3.4623998734810169e-05
0,8000,24.399999999999999,5445365.1393164415,973662.80380306893,3176361.3974098437,-165.43249396890127,523.87062879339999,122.40204544259834,-0.45928132005024297,0.26452830851725762,0.817455030299029,-0.22550546885767289,4.6014078047448025e-05,-7.492324727574029e-05,-3.46237202186499e-05
0,8000,24.600000000000001,5445332.0518025858,973767.57748717908,3176385.877716098,-165.44264665115293,523.86621216280355,122.40101619476701,-0.4592771801792887,0.26452167167226781,0.81745835701451064,-0.22550962624554849,4.6012889430929141e-05,-7.5259083099143417e-05,-3.4623447251732323e-05
0,8000,24.800000000000001,5445298.9622569652,973872.35028787924,3176410.3578159632,-165.45281160893586,523.86179471025719,122.39998157157223,-0.45927301279533245,0.26451502731198007,0.8174616990897644,-0.22551379240595559,4.6011702521158621e-05,-7.5594428846547854e-05,-3.4623179766833679e-05
0,8000,25,5445265.8706771219,973977.12220501353,3176434.8377083731,-165.46298887490431,523.85737651725196,122.39894166303331,-0.4592688179399888,0.26450837544712752,0.81746505650086532,-0.22551796732492044,4.6010517251835563e-05,-7.592924049570958e-05,-3.4622917696196766e-05
0,8000,25.199999999999999,5445232.7770605935,974081.89323844179,3176459.3173922822,-165.4731784799348,523.85295766510228,122.39789655960719,-0.45926459565845973,0.26450171608944251,0.81746842922186935,-0.22552215098730566,4.6009333563089103e-05,-7.6263474224347547e-05,-3.4622660974413049e-05
0,8000,25.399999999999999,5445199.6814049063,974186.66338804073,3176483.7968666581,-165.48338045312687,523.8485382349354,122.39684635217498,-0.45926034599951721,0.26449504925165063,0.81747181722482254,-0.22552634337681526,4.6008151395505457e-05,-7.6597086422487804e-05,-3.4622409536717427e-05
0,8000,25.600000000000001,5445166.5837075878,974291.43265370233,3176508.2761304891,-165.49359482180424,523.84411830768158,122.39579113202876,-0.45925606901548605,0.26448837494746708,0.81747522047977073,-0.22553054447600149,4.6006970693310358e-05,-7.6930033693433132e-05,-3.4622163319532941e-05
0,8000,25.800000000000001,5445133.4839661522,974396.20103533578,3176532.7551827827,-165.50382161151671,523.83969796406348,122.39473099085774,-0.45925176476222668,0.26448169319159076,0.81747863895476991,-0.22553475426626984,4.600579140024068e-05,-7.7262272860674017e-05,-3.4621922259454616e-05
0,8000,26,5445100.382178111,974500.96853286587,3176557.2340225638,-165.51406084604196,523.83527728458557,122.39366602073461,-0.45924743329911732,0.26447500399969953,0.81748207261589645,-0.22553897272788595,4.6004613464452884e-05,-7.759376097161065e-05,-3.4621686294732957e-05
0,8000,26.199999999999999,5445067.2783409813,974605.73514623253,3176581.7126488751,-165.52431254738806,523.83085634952465,122.39259631410218,-0.4592430746890348,0.2644683073884449,0.81748552142725728,-0.22554319983998136,4.6003436836765118e-05,-7.7924455303407641e-05,-3.4621455364682328e-05
0,8000,26.399999999999999,5445034.1724522607,974710.50087539351,3176606.1910607796,-165.53457673579581,523.82643523891863,122.39152196375929,-0.45923868899833631,0.26446160337544694,0.81748898535100178,-0.22554743558055992,4.6002261468156707e-05,-7.8254313368813334e-05,-3.4621229408947255e-05
0,8000,26.600000000000001,5445001.0645094514,974815.26572032191,3176630.6692573577,-165.54485342974124,523.82201403255749,122.39044306284779,-0.4592342762968401,0.2644548919792884,0.81749246434733092,-0.22555167992650452,4.6001087311655202e-05,-7.8583292921535948e-05,-3.4621008367923466e-05
0,8000,26.800000000000001,5444967.9545100536,974920.02968100633,3176655.1472377074,-165.55514264593822,523.81759280997244,122.38935970483837,-0.4592298366578057,0.26444817321950986,0.81749595837451028,-0.22555593285358372,4.599991432639829e-05,-7.8911351959482315e-05,-3.4620792184316006e-05
0,8000,27,5444934.8424515575,975024.79275745049,3176679.625000949,-165.56544439934225,523.81317165042663,122.3882719835173,-0.4592253701579137,0.26444144711660278,0.81749946738888046,-0.22556019433645835,4.5998742466851647e-05,-7.9238448731248004e-05,-3.4620580799504584e-05
0,8000,27.199999999999999,5444901.7283314578,975129.55494967569,3176704.1025462183,-165.57575870315287,523.80875063290398,122.38717999297273,-0.4592208768772455,0.26443471369200533,0.81750299134486981,-0.22556446434868876,4.5997571694365269e-05,-7.9564541741290051e-05,-3.4620374157044903e-05
0,8000,27.399999999999999,5444868.61214724,975234.31625771883,3176728.5798726683,-165.58608556881782,523.80432983610103,122.38608382758093,-0.45921635689926216,0.26442797296809484,0.81750653019500485,-0.2255687428627412,4.5996401971683029e-05,-7.988958975238547e-05,-3.4620172201586145e-05
0,8000,27.600000000000001,5444835.4938963912,975339.07668163092,3176753.056979476,-165.59642500603667,523.79990933841623,122.38498358199288,-0.45921181031078362,0.26442122496818365,0.81751008388992419,-0.22557302984999592,4.5995233261369329e-05,-8.021355179304306e-05,-3.4619974877435195e-05
0,8000,27.800000000000001,5444802.3735763989,975443.83622147946,3176777.5338658351,-165.60677702276479,523.79548921793969,122.38387935112048,-0.45920723720196632,0.26441446971651122,0.81751365237838947,-0.2255773252807535,4.599406553084176e-05,-8.0536387161094731e-05,-3.4619782130938528e-05
0,8000,28,5444769.251184742,975548.59487734875,3176802.0105309575,-165.61714162521747,523.79106955244526,122.38277123012303,-0.45920263766628205,0.26440770723823909,0.81751723560729872,-0.22558162912424318,4.5992898746219329e-05,-8.0858055429590745e-05,-3.4619593908176912e-05
0,8000,28.199999999999999,5444736.1267189085,975653.35264933622,3176826.486974075,-165.62751881787466,523.78665041937916,122.38165931439332,-0.45919801180049408,0.26440093755944383,0.81752083352169869,-0.22558594134862925,4.5991732877072479e-05,-8.1178516447542135e-05,-3.4619410156240143e-05
0,8000,28.399999999999999,5444703.0001763804,975758.10953755735,3176850.9631944359,-165.63790860348607,523.78223189585128,122.38054369954419,-0.45919335970463626,0.26439416070711191,0.81752444606479879,-0.22559026192102005,4.5990567898227235e-05,-8.1497730350269502e-05,-3.4619230824750835e-05
0,8000,28.600000000000001,5444669.8715546327,975862.86554214056,3176875.4391913135,-165.648310983827,523.77781405857206,122.37942448105146,-0.45918868145886926,0.26438737669586354,0.81752807319836152,-0.22559459079623195,4.5989403760168904e-05,-8.1815662106622501e-05,-3.4619055855436055e-05
0,8000,28.800000000000001,5444636.7408511471,975967.62066323159,3176899.9149639965,-165.65872595762289,523.77339698400226,122.37830175520392,-0.45918397721540732,0.26438058558087535,0.81753171482149756,-0.22559892796193745,4.5988240476348186e-05,-8.2132266950780348e-05,-3.4618885208666581e-05
0,8000,29,5444603.6080634082,976072.37490098982,3176924.3905117894,-165.66915352220929,523.76898074820463,122.37717561830809,-0.45917924706112018,0.26437378737863027,0.81753537089220019,-0.22560327337078787,4.5987078008572643e-05,-8.2447505559462924e-05,-3.4618718832076728e-05
0,8000,29.199999999999999,5444570.4731888957,976177.12825559173,3176948.8658340215,-165.67959367348311,523.76456542684741,122.37604616671076,-0.45917449110896053,0.26436698211970494,0.81753904134641764,-0.22560762698571887,4.5985916331678905e-05,-8.276133983262923e-05,-3.4618556675156288e-05
0,8000,29.399999999999999,5444537.3362250971,976281.88072722685,3176973.3409300409,-165.69004640563136,523.76015109521711,122.37491349691409,-0.45916970947499935,0.26436016983554317,0.81754272611834655,-0.22561198876865968,4.5984755427313001e-05,-8.3073731623531353e-05,-3.4618398689961612e-05
0,8000,29.600000000000001,5444504.1971694967,976386.63231610134,3176997.8157992112,-165.70051171113917,523.75573782820925,122.37377770556097,-0.459164902278419,0.26435335055845333,0.81754642514043518,-0.2256163586805357,4.5983595278765032e-05,-8.3384642992695749e-05,-3.461824482959897e-05
0,8000,29.800000000000001,5444471.0560195781,976491.38302243419,3177022.2904409203,-165.71098958079631,523.75132570031894,122.37263888942138,-0.45916006964149197,0.26434652432160227,0.81755013834339685,-0.22562073668127591,4.5982435868493277e-05,-8.3694036273480464e-05,-3.4618095046954221e-05
0,8000,30,5444437.9127728306,976596.13284646184,3177046.7648545718,-165.72148000370464,523.7469147856325,122.3714971453784,-0.45915521168955797,0.26433969115900918,0.81755386565622135,-0.22562512272981983,4.5981277182104559e-05,-8.4001874091961976e-05,-3.4617949295953285e-05
0,125,0,5449387.1886701053,960873.98968958983,3173373.7226977898,-164.25920388466952,524.37909372357376,122.46685922246991,-0.4596025466373429,0.26528821767178801,0.81715181143612925,-0.22505683227942219,4.6065767489679164e-05,-4.4603350013895701e-05,-3.4727227796748039e-05
0,125,0.20000000000000001,5449354.335879433,960978.86513110332,3173398.2160692024,-164.26869887412951,524.37532065214612,122.46685630065693,-0.45960101139852139,0.26528228435892665,0.81715368586399517,-0.22506015552659006,4.6179440614702099e-05,-4.2588104547537077e-05,-3.4728766481643322e-05
0,125,0.40000000000000002,5449321.4811921138,961083.73981751991,3173422.709440615,-164.27817059607682,524.37154260782927,122.4668559263859,-0.45959954227974387,0.26527636579756608,0.81715552261356239,-0.22506346293355015,4.6208018077007192e-05,-4.263691694254431e-05,-3.4728959235524613e-05
0,125,0.59999999999999998,5449288.6246125614,961188.61374775635,3173447.2028120281,-164.28762189516218,524.36775871530801,122.46685594071246,-0.45959804798121912,0.26527043961251956,0.81715737333886407,-0.22506677977338641,4.6212430121930027e-05,-4.3084893848008525e-05,-3.4727655832089585e-05
0,125,0.80000000000000004,5449255.766144448,961293.48692057061,3173471.6961832047,-164.29705686380228,524.36396829206308,122.46685397386106,-0.4595965160808349,0.26526450316643929,0.81715924508740745,-0.22507010893141596,4.6210940043225072e-05,-4.353115402436729e-05,-3.4725817699355537e-05
0,125,1,5449222.9057906717,961398.359334604,3173496.1895534508,-164.30647906222799,524.36017083313129,122.46684807905298,-0.4595949503638927,0.26525855768793266,0.81716113574139293,-0.2250734489164937,4.6208228201159712e-05,-4.3907152637347258e-05,-3.4723867148208232e-05
0,125,1.2,5449190.0435534921,961503.2309884103,3173520.682922075,-164.31589128938501,524.3563659695435,122.46683676204231,-0.45959335662048634,0.26525260480467538,0.8171630420467656,-0.22507679779916265,4.6205347615092156e-05,-4.421572824448259e-05,-3.4721932094058697e-05
0,125,1.3999999999999999,5449157.1794346776,961608.10188048019,3173545.1762877461,-164.32529569403528,524.35255343450251,122.46681889672415,-0.45959173977366036,0.26524664587160107,0.81716496123593196,-0.22508015397622955,4.6202500943377365e-05,-4.4471571576553599e-05,-3.472004183298445e-05
0,125,1.6000000000000001,5449124.3134356234,961712.97200925963,3173569.6696491153,-164.33469392266437,524.34873303752693,122.46679363786767,-0.4595901035517595,0.26524068190856864,0.81716689121311858,-0.22508351624019016,4.6199715811257378e-05,-4.4688522907957328e-05,-3.4718199090295379e-05
0,125,1.8,5449091.4455574341,961817.84137316199,3173594.1630046582,-164.3440872445089,524.34490464504279,122.46676035064083,-0.45958845066850368,0.26523471365564882,0.81716883045315569,-0.2250868837137171,4.6196989937335294e-05,-4.4877530210052476e-05,-3.4716400835706801e-05
0,125,2,5449058.575800987,961922.70997057646,3173618.6563527016,-164.35347664788145,524.34106816596125,122.46671855699229,-0.45958678305563533,0.26522874163809512,0.81717077787060954,-0.22509025577307459,4.6194317942443137e-05,-4.5046866076567155e-05,-3.471464338783689e-05
0,125,2.2000000000000002,5449025.7041669907,962027.57779988344,3173643.1496914909,-164.36286291244403,524.33722354094823,122.46666789557291,-0.45958510205863262,0.26522276622026553,0.81717273270970214,-0.2250936319845242,4.6191695177282397e-05,-4.5202694778828049e-05,-3.4712923455518111e-05
0,125,2.3999999999999999,5448992.8306559948,962132.44485944789,3173667.6430192403,-164.37224666298692,524.33337073448149,122.46660809194555,-0.45958340858723706,0.26521678764699674,0.8171746944596513,-0.22509701205551355,4.6189117843040699e-05,-4.5349588072297275e-05,-3.4711238250463798e-05
0,125,2.6000000000000001,5448959.9552684566,962237.31114763184,3173692.1363340993,-164.38162840934925,524.32950972895378,122.46653893647907,-0.45958170322834252,0.26521080607461117,0.81717666279118606,-0.225100395798077,4.6186582778983581e-05,-4.5490930008457147e-05,-3.4709585424225538e-05
0,125,2.7999999999999998,5448927.0780047365,962342.17666279315,3173716.6296341838,-164.39100857601574,524.32564052029443,122.46646026795317,-0.4595799863299978,0.26520482159398845,0.81717863750930875,-0.22510378310159393,4.6184087320662254e-05,-4.5629222347251084e-05,-3.4707963000324047e-05
0,125,3,5448894.1988651082,962447.04140329349,3173741.1229175664,-164.40038752406124,524.32176311472483,122.46637196140475,-0.45957825806377339,0.2651988342476902,0.81718061851822388,-0.22510717391257712,4.6181629205040362e-05,-4.576631222912463e-05,-3.4706369310093448e-05
0,125,3.2000000000000002,5448861.3178497879,962551.90536749363,3173765.6161823208,-164.40976556741032,524.31787752635285,122.46627391911494,-0.45957651847101516,0.26519284404264798,0.81718260579533253,-0.2251105682196704,4.617920646855166e-05,-4.5903561257824278e-05,-3.4704802929501673e-05
0,125,3.3999999999999999,5448828.4349589255,962656.7685537599,3173790.1094264816,-164.41914298488692,524.3139837753796,122.46616606392473,-0.45957476749715565,0.26518685095959066,0.81718459937193744,-0.22511396604252992,4.6176817424712479e-05,-4.604197091535357e-05,-3.470326264404062e-05
0,125,3.6000000000000001,5448795.5501926262,962761.63096046157,3173814.6026480845,-164.42852002914597,524.31008188677515,122.46604833428393,-0.4595730050171703,0.26518085496002053,0.81718659931893101,-0.2251173674235768,4.6174460611803286e-05,-4.6182275582143523e-05,-3.4701747413585496e-05
0,125,3.7999999999999998,5448762.6635509143,962866.49258597463,3173839.0958451531,-164.43789693328381,524.30617188929534,122.46592068057448,-0.45957123085445806,0.26517485599138474,0.81718860573618035,-0.22512077242188097,4.6172134730135839e-05,-4.6325011497706705e-05,-3.4700256333529608e-05
0,125,4,5448729.7750338381,962971.35342867905,3173863.5890156943,-164.44727391573443,524.30225381473861,122.46578306238709,-0.45956944479484024,0.26516885399091866,0.81719061874465893,-0.22512418110862076,4.6169838638625644e-05,-4.6470567875882657e-05,-3.4698788615331544e-05
0,125,4.2000000000000002,5448696.8846413344,963076.21348696377,3173888.0821577092,-164.45665118389988,524.29832769740847,122.46563544650142,-0.45956764659696292,0.26516284888849101,0.81719263848059431,-0.22512759356372306,4.6167571326063709e-05,-4.661922483352608e-05,-3.469734357130284e-05
0,125,4.4000000000000004,5448663.9923733314,963181.07275922538,3173912.5752692041,-164.46602893682515,524.29439357370381,122.46547780538704,-0.45956583600000894,0.26515684060871414,0.81719466509113847,-0.22513100987336176,4.6165331873764096e-05,-4.6771181480332278e-05,-3.4695920588759505e-05
0,125,4.5999999999999996,5448631.0982297137,963285.93124386389,3173937.0683481637,-164.47540736718611,524.29045148181251,122.46531011609289,-0.45956401272942976,0.26515082907251347,0.81719669873114242,-0.22513443012810302,4.6163119450614878e-05,-4.692657676347604e-05,-3.4694519120014252e-05
0,125,4.7999999999999998,5448598.2022103257,963390.78893928963,3173961.5613925788,-164.4847866627502,524.28650146149005,122.46513235942236,-0.45956217650120212,0.26514481419828806,0.81719873956076472,-0.22513785442153136,4.616093329934941e-05,-4.7085504917896082e-05,-3.4693138674240346e-05
0,125,5,5448565.3043149756,963495.64584392263,3173986.0544004338,-164.49416700745886,524.28254355387799,122.46494451931953,-0.45956032702499106,0.2651387959027785,0.81720078774369387,-0.22514128284922411,4.6158772717146001e-05,-4.7248026918809655e-05,-3.469177880224677e-05
0,125,5.2000000000000002,5448532.4045434408,963600.5019561887,3174010.547369713,-164.50354858222255,524.27857780138413,122.4647465824153,-0.45955846400651196,0.26513277410170544,0.81720284344582172,-0.22514471550798948,4.6156637066571192e-05,-4.7414178987843512e-05,-3.4690439100053696e-05
0,125,5.4000000000000004,5448499.5028954521,963705.357274523,3174035.0402983949,-164.51293156550281,524.27460424758078,122.46453853768983,-0.45955658714927788,0.26512674871024861,0.81720490683426061,-0.22514815249530304,4.6154525732962453e-05,-4.7583978880656534e-05,-3.4689119187414786e-05
0,125,5.5999999999999996,5448466.5993707096,963810.21179737034,3174059.5331844562,-164.52231613374258,524.27062293712981,122.4643203762208,-0.45955469615591865,0.26512071964340506,0.81720697807660347,-0.22515159390888173,4.6152438139741367e-05,-4.7757430569537215e-05,-3.4687818710595427e-05
0,125,5.7999999999999998,5448433.6939688791,963915.06552318367,3174084.0260258694,-164.53170246167554,524.26663391572583,122.46409209099556,-0.45955279072914951,0.26511468681625228,0.81720905734037896,-0.22515503984636984,4.6150373744200326e-05,-4.7934527701253827e-05,-3.4686537338780316e-05
0,125,6,5448400.7866895925,964019.91845042736,3174108.5188206164,-164.54109072255383,524.26263723004593,122.46385367677213,-0.45955087057251526,0.26510865014415097,0.81721114479263368,-0.22515849040509822,4.6148332023599016e-05,-4.8115256166752709e-05,-3.4685274757364739e-05
0,125,6.2000000000000002,5448367.8775324486,964124.77057757019,3174133.0115666669,-164.55048108830866,524.25863292772169,122.46360512997305,-0.45954893539093988,0.2651026095428945,0.81721324059962208,-0.2251619456819153,4.61463124900093e-05,-4.8299596018346669e-05,-3.4684030673322648e-05
0,125,6.4000000000000004,5448334.9664970059,964229.62190309435,3174157.5042619947,-164.55987372966723,524.25462105729946,122.46334644860772,-0.45954698489114054,0.26509656492881545,0.81721534492657766,-0.22516540577304331,4.6144314664044513e-05,-4.8487522874065597e-05,-3.4682804802303045e-05
0,125,6.5999999999999996,5448302.0535827903,964334.47242549225,3174181.9969045711,-164.56926881622888,524.25060166822982,122.46307763221327,-0.45954501878195136,0.26509051621887947,0.81721745793752687,-0.22516887077398307,4.6142338078985454e-05,-4.8679008980953811e-05,-3.4681596871458293e-05
0,125,6.7999999999999998,5448269.1387893036,964439.32214326423,3174206.4894923721,-164.57866651652506,524.24657481083204,122.4627986818067,-0.45954303677456387,0.26508446333074415,0.81721957979515825,-0.22517234077943127,4.6140382289522245e-05,-4.887402398027685e-05,-3.4680406617739079e-05
0,125,7,5448236.222116001,964544.17105492193,3174230.9820233686,-164.5880669980495,524.24254053628624,122.46250959985332,-0.45954103858271361,0.26507840618281386,0.8172217106607147,-0.22517581588322344,4.613844686340723e-05,-4.9072535505494772e-05,-3.4679233788247223e-05
0,125,7.2000000000000002,5448203.3035623096,964649.01915898768,3174255.4744955371,-164.59747042728185,524.23849889661449,122.46221039023759,-0.45953902392282608,0.26507234469427332,0.81722385069391323,-0.22517929617828877,4.6136531385269961e-05,-4.9274509601208748e-05,-3.4678078140559502e-05
0,125,7.4000000000000004,5448170.3831276251,964753.8664539929,3174279.9669068512,-164.60687696969694,524.23444994467081,122.4619010582426,-0.45953699251413932,0.26506627878512634,0.81722600005287505,-0.2251827817566075,4.6134635427690353e-05,-4.9479911048210151e-05,-3.4676939429178103e-05
0,125,7.5999999999999996,5448137.4608113049,964858.71293848183,3174304.4592552898,-164.61628678976928,524.23039373412018,122.46158161053279,-0.4595349440787882,0.26506020837621275,0.81722815889408029,-0.22518627270918598,4.6132758589091552e-05,-4.9688703607903931e-05,-3.4675817419812897e-05
0,125,7.7999999999999998,5448104.5366126811,964963.55861100636,3174328.9515388254,-164.62570005096725,524.22633031943406,122.4612520551393,-0.4595328783418906,0.26505413338923522,0.81723032737231627,-0.22518976912603164,4.6130900473792618e-05,-4.9900850197402375e-05,-3.4674711883729767e-05
0,125,8,5448071.6105310442,965068.4034701325,3174353.4437554386,-164.63511691575013,524.22225975586991,122.46091240144808,-0.45953079503160033,0.26504805374677126,0.81723250564065175,-0.22519327109613194,4.6129060707854689e-05,-5.0116313028464788e-05,-3.4673622601512987e-05
0,125,8.1999999999999993,5448038.6825656621,965173.24751443567,3174377.9359031138,-164.64453754555572,524.2181820994698,122.46056266019043,-0.45952869387916995,0.26504196937228675,0.81723469385039982,-0.22519677870743959,4.6127238910718866e-05,-5.0335053705263e-05,-3.4672549355542802e-05
0,125,8.4000000000000004,5448005.7527157646,965278.09074250457,3174402.4279798339,-164.65396210079078,524.21409740704462,122.46020284343328,-0.45952657461899149,0.26503588019014762,0.81723689215109541,-0.2252002920468564,4.6125434695143599e-05,-5.0557033302664782e-05,-3.4671491924455354e-05
0,125,8.5999999999999996,5447972.8209805433,965382.93315293582,3174426.919983584,-164.6633907408137,524.21000573616016,122.45983296457086,-0.45952443698863898,0.26502978612564249,0.81723910069046868,-0.22520381120022018,4.6123647716259539e-05,-5.0782212430797741e-05,-3.4670450104052857e-05
0,125,8.8000000000000007,5447939.8873591768,965487.77474433929,3174451.4119123495,-164.67282362392353,524.20590714513128,122.45945303831624,-0.45952228072890389,0.26502368710496893,0.81724131961443325,-0.22520733625229428,4.6121877608846503e-05,-5.1010551262805472e-05,-3.4669423686267449e-05
0,125,9,5447906.951850798,965592.61551533698,3174475.9037641292,-164.68226090734103,524.20180169301136,122.45906308069472,-0.4595201055838361,0.26501758305526424,0.81724354906705321,-0.22521086728675738,4.6120124006949598e-05,-5.1242009590507264e-05,-3.4668412461094773e-05
0,125,9.1999999999999993,5447874.0144545082,965697.45546456333,3174500.3955369163,-164.69170274719772,524.19768943957342,122.45866310903563,-0.45951791130076536,0.26501147390460345,0.81724578919053725,-0.22521440438619295,4.6118386580931039e-05,-5.1476546847754057e-05,-3.4667416233066635e-05
0,125,9.4000000000000004,5447841.0751693714,965802.2945906641,3174524.8872287078,-164.70114929851309,524.19357044531182,122.45825314196814,-0.45951569763033479,0.26500535958200283,0.81724804012522001,-0.22521794763208164,4.611666498067414e-05,-5.1714122126413935e-05,-3.4666434802682008e-05
0,125,9.5999999999999996,5447808.1339944545,965907.13289229618,3174549.3788375081,-164.71060071518235,524.18944477142384,122.45783319941077,-0.45951346432652473,0.26499924001743863,0.81725030200954496,-0.22522149710479075,4.6114958867299403e-05,-5.195469418496677e-05,-3.4665467972465339e-05
0,125,9.8000000000000007,5447775.1909287525,966011.9703681306,3174573.8703613267,-164.72005714996135,524.1853124797974,122.45740330256497,-0.45951121114668358,0.26499311514184132,0.81725257498005155,-0.22522505288356839,4.611326791768812e-05,-5.219822148657114e-05,-3.4664515553548114e-05
0,125,10,5447742.2459712448,966116.80701685057,3174598.3617981677,-164.72951875444389,524.18117363300746,122.45696347391036,-0.45950893785155034,0.26498698488711192,0.81725485917135821,-0.22522861504653693,4.6111591807005622e-05,-5.2444662203453593e-05,-3.4663577356988868e-05
0,125,10.199999999999999,5447709.2991208863,966221.64283715119,3174622.8531460548,-164.73898567905056,524.17702829429925,122.45651373719537,-0.4595066442052767,0.26498084918612019,0.81725715471615412,-0.22523218367068273,4.6109930216441014e-05,-5.269397421985391e-05,-3.4662653197143985e-05
0,125,10.4,5447676.3503766041,966326.47782774107,3174647.3444030057,-164.74845807301139,524.17287652758262,122.45605411743057,-0.45950432997545171,0.26497470797271577,0.81725946174518316,-0.22523575883184899,4.6108282819615098e-05,-5.2946115144987211e-05,-3.4661742885691547e-05
0,125,10.6,5447643.3997372873,966431.31198733929,3174671.8355670441,-164.75793608434785,524.168718397416,122.45558464088286,-0.45950199493312199,0.26496856118173262,0.81726178038723241,-0.22523934060473297,4.6106649310973324e-05,-5.3201042328462649e-05,-3.4660846241445445e-05
0,125,10.800000000000001,5447610.4472017912,966536.14531468041,3174696.3266362068,-164.76741985985768,524.16455396899619,122.45510533506537,-0.45949963885281742,0.2649624087489908,0.81726411076911942,-0.22524292906287591,4.6105029383153198e-05,-5.3458712867472364e-05,-3.4659963084606485e-05
0,125,11,5447577.4927689517,966640.97780851135,3174720.8176085236,-164.7769095450993,524.16038330815093,122.45461622873258,-0.45949726151256792,0.26495625061130929,0.8172664530156809,-0.22524652427865738,4.6103422748387643e-05,-5.3719083615722912e-05,-3.4659093243706106e-05
0,125,11.199999999999999,5447544.5364375729,966745.80946759193,3174745.3084820448,-164.78640528437396,524.15620648132938,122.45411735187186,-0.45949486269392259,0.26495008670650327,0.81726880724976358,-0.22525012632329122,4.6101829100082573e-05,-5.3982111178855136e-05,-3.4658236541822532e-05
0,125,11.4,5447511.5782064227,966850.64029069687,3174769.7992548165,-164.79590722071262,524.15202355558006,122.45360873569409,-0.45949244218197061,0.26494391697339154,0.81727117359221235,-0.22525373526681688,4.6100248153884461e-05,-5.4247751932057754e-05,-3.4657392808216303e-05
0,125,11.6,5447478.618074256,966955.47027661232,3174794.2899248954,-164.80541549585843,524.14783459855505,122.45309041262841,-0.45948999976536409,0.26493774135180159,0.81727355216185726,-0.22525735117809523,4.6098679616634845e-05,-5.4515962026729081e-05,-3.4656561871877931e-05
0,125,11.800000000000001,5447445.6560397912,967060.29942413885,3174818.7804903397,-164.81493025025333,524.14363967848669,122.45256241631175,-0.45948753523633207,0.26493155978258209,0.81727594307550344,-0.2252609741248032,4.6097123224790068e-05,-5.4786697400682438e-05,-3.4655743572181956e-05
0,125,12,5447412.6921017142,967165.127732091,3174843.2709492189,-164.82445162302108,524.13943886418747,122.4520247815822,-0.45948504839069548,0.26492537220759022,0.81727834644792774,-0.22526460417342781,4.6095578673207515e-05,-5.5059913773132941e-05,-3.4654937734717294e-05
0,125,12.199999999999999,5447379.7262586914,967269.9551992967,3174867.7612996111,-164.83397975195621,524.13523222502511,122.45147754446964,-0.45948253902789121,0.26491917856971242,0.81728076239186109,-0.22526824138926005,4.6094045702431832e-05,-5.5335566666456032e-05,-3.4654144199446868e-05
0,125,12.4,5447346.7585093556,967374.78182459821,3174892.2515396029,-164.84351477350501,524.13101983092338,122.45092074218819,-0.4594800069509849,0.26491297881285808,0.81728319101798264,-0.22527188583639277,4.6092524047639876e-05,-5.5613611407713999e-05,-3.465336280831856e-05
0,125,12.6,5447313.7888523145,967479.60760685056,3174916.7416672786,-164.85305682275222,524.1268017523463,122.45035441312797,-0.45947745196668599,0.26490677288196723,0.81728563243491303,-0.22527553757771371,4.6091013434536513e-05,-5.5894003126792699e-05,-3.4652593398976799e-05
0,125,12.800000000000001,5447280.8172861505,967584.43254492513,3174941.2316807369,-164.86260603340943,524.12257806028424,122.44977859684485,-0.45947487388536473,0.26490056072301926,0.81728808674920095,-0.2252791966749019,4.6089513619169445e-05,-5.6176696774788175e-05,-3.4651835820643475e-05
0,125,13,5447247.8438094184,967689.25663770537,3174965.7215780872,-164.87216253779656,524.11834882624851,122.44919333405268,-0.45947227252106676,0.2648943422830255,0.81729055406531947,-0.22528286318842153,4.6088024332365539e-05,-5.6461647121259309e-05,-3.4651089914884319e-05
0,125,13.199999999999999,5447214.8684206391,967794.07988408953,3174990.2113574436,-164.8817264668327,524.11411412225777,122.4485986666142,-0.4594696476915287,0.26488811751004493,0.81729303448565482,-0.22528653717751865,4.6086545316946024e-05,-5.6748808769189864e-05,-3.4650355526502954e-05
0,125,13.4,5447181.8911183234,967898.90228299494,3175014.7010169257,-164.89129795002179,524.10987402081912,122.44799463753257,-0.45946699921818873,0.26488188635317972,0.81729552811050055,-0.22529021870021823,4.6085076344020973e-05,-5.7038136155262586e-05,-3.4649632510734116e-05
0,125,13.6,5447148.9119009413,968003.72383334453,3175039.1905546738,-164.90087711543677,524.10562859493064,122.44738129093987,-0.45946432692620359,0.2648756487625793,0.81729803503804999,-0.22529390781331879,4.6083617162841197e-05,-5.7329583560028133e-05,-3.4648920718930477e-05
0,125,13.800000000000001,5447115.9307669532,968108.54453408299,3175063.6799688255,-164.91046408971033,524.1013779180588,122.44675867209014,-0.45946163064446194,0.26486940468944797,0.81730055536438539,-0.22529760457239026,4.6082167542639488e-05,-5.7623105116146453e-05,-3.4648220007463153e-05
0,125,14,5447082.9477147739,968213.36438416631,3175088.1692575305,-164.92005899801842,524.09712206413303,122.44612682734905,-0.45945891020559065,0.26486315408604422,0.81730308918347716,-0.22530130903176895,4.608072724146388e-05,-5.7918654814874378e-05,-3.4647530230027198e-05
0,125,14.199999999999999,5447049.9627428139,968318.1833825683,3175112.6584189488,-164.92966196407005,524.09286110753203,122.4454858041836,-0.45945616544597112,0.26485689690568104,0.81730563658717603,-0.22530502124455362,4.6079296022041329e-05,-5.8216186502759077e-05,-3.4646851241751715e-05
0,125,14.4,5447016.9758494431,968423.00152827473,3175137.1474512476,-164.93927311009608,524.08859512306606,122.44483565115384,-0.45945339620574899,0.26485063310273499,0.81730819766520446,-0.22530874126260339,4.6077873671555375e-05,-5.8515653901636043e-05,-3.4646182905983707e-05
0,125,14.6,5446983.9870330179,968527.81882028689,3175161.6363525991,-164.94889255683188,524.08432418598215,122.44417641790226,-0.45945060232884632,0.26484436263264538,0.8173107725051505,-0.22531246913653569,4.6076459960809041e-05,-5.8817010608537475e-05,-3.4645525083870255e-05
0,125,14.800000000000001,5446950.9962918619,968632.63525762339,3175186.1251212051,-164.95852042351299,524.08004837193391,122.44350815514311,-0.45944778366296996,0.26483808545191606,0.81731336119246556,-0.22531620491572016,4.6075054664439264e-05,-5.9120210101245324e-05,-3.4644877635313235e-05
0,125,15,5446918.0036242772,968737.45083931554,3175210.6137552629,-164.96815682785615,524.07576775698215,122.44283091465439,-0.45944494005962139,0.26483180151812019,0.81731596381045613,-0.2253199486482792,4.6073657574463845e-05,-5.9425205748872286e-05,-3.4644240427953854e-05
0,125,15.199999999999999,5446885.0090285568,968842.26556441083,3175235.102252977,-164.97780188605498,524.07148241757488,122.44214474926476,-0.45944207137410653,0.26482551078989913,0.81731858044028005,-0.22532370038108465,4.6072268489462571e-05,-5.9731950817576753e-05,-3.4643613333143178e-05
0,125,15.4,5446852.0125029469,968947.07943197212,3175259.5906125726,-164.98745571276456,524.06719243054681,122.44144971284578,-0.45943917746554208,0.26481921322696811,0.81732121116094236,-0.22532746015975549,4.6070887183264988e-05,-6.0040398475325613e-05,-3.464299621303749e-05
0,125,15.6,5446819.014045679,969051.89244107867,3175284.0788322743,-164.99711842108835,524.06289787309731,122.44074586030048,-0.45943625819686562,0.26481290879011576,0.81732385604928981,-0.22533122802865255,4.6069513454744219e-05,-6.0350501800426301e-05,-3.4642388938259906e-05
0,125,15.800000000000001,5446786.0136549659,969156.70459082245,3175308.5669103297,-165.00679012257527,524.05859882277969,122.44003324755217,-0.45943331343484017,0.26480659744120372,0.8173265151800102,-0.22533500403088039,4.6068147109918065e-05,-6.0662213783119025e-05,-3.4641791382481942e-05
0,125,16,5446753.0113290157,969261.51588031242,3175333.0548449936,-165.01647092720194,524.05429535749602,122.4393119315356,-0.45943034305006442,0.26480027914317472,0.8173291886256222,-0.22533878820828623,4.6066787954190545e-05,-6.0975487339332644e-05,-3.4641203421067699e-05
0,125,16.199999999999999,5446720.0070660142,969366.32630867534,3175357.5426345286,-165.02616094336929,524.04998755548058,122.43858197018263,-0.45942734691697817,0.26479395386004667,0.81733187645647787,-0.22534258060145496,4.6065435812637694e-05,-6.1290275307271789e-05,-3.4640624937580777e-05
0,125,16.399999999999999,5446687.0008640578,969471.13587505091,3175382.0302772108,-165.03586027788384,524.04567549528804,122.43784342241663,-0.45942432491386515,0.26478762155691754,0.81733457874075743,-0.22534638124970752,4.6064090453128262e-05,-6.1606530497097713e-05,-3.464005579444565e-05
0,125,16.600000000000001,5446653.9927212903,969575.94457859558,3175406.5177713302,-165.04556903595341,524.04135925578601,122.43709634813877,-0.45942127692285906,0.26478128219996827,0.81733729554446743,-0.22535019019110342,4.6062751716080435e-05,-6.1924205610306083e-05,-3.463949587715236e-05
0,125,16.800000000000001,5446620.98263581,969680.75241848093,3175431.0051151849,-165.05528732117904,524.03703891613577,122.43634080821658,-0.4594182028299531,0.26477493575645772,0.81734002693143559,-0.22535400746243706,4.6061419424375925e-05,-6.224325331759339e-05,-3.4638945069642278e-05
0,125,17,5446587.9706057142,969785.55939389474,3175455.4923070916,-165.06501523554394,524.03271455579272,122.43557686447272,-0.45941510252499812,0.26476858219473282,0.81734277296331059,-0.22535783309923488,4.6060093387085536e-05,-6.2563626245192589e-05,-3.4638403249855114e-05
0,125,17.199999999999999,5446554.9566290686,969890.36550404108,3175479.9793453738,-165.07475287940633,524.02838625447941,122.43480457967463,-0.45941197590170946,0.26476222148422118,0.81734553369956009,-0.22536166713575914,4.6058773447024816e-05,-6.288527698319718e-05,-3.4637870308219664e-05
0,125,17.399999999999999,5446521.9407039117,969995.17074813973,3175504.4662283729,-165.08450035148641,524.02405409218488,122.4340240175223,-0.45940882285766665,0.26475585359543358,0.81734830919747015,-0.22536550960500357,4.6057459428590606e-05,-6.3208158090728221e-05,-3.4637346130132139e-05
0,125,17.600000000000001,5446488.9228282701,970099.97512542631,3175528.9529544357,-165.09425774886324,524.01971814915294,122.43323524263705,-0.45940564329432093,0.264749478499964,0.81735109951214235,-0.22536936053869475,4.605615114561441e-05,-6.3532222099261658e-05,-3.4636830596206897e-05
0,125,17.800000000000001,5446455.9030001452,970204.77863515296,3175553.4395219269,-165.10402516696371,524.01537850586249,122.43243832055235,-0.45940243711699125,0.26474309617049524,0.81735390469649327,-0.22537321996729001,4.605484844212472e-05,-6.3857421523089676e-05,-3.4636323595844943e-05
0,125,18,5446422.8812175319,970309.58127658768,3175577.9259292353,-165.11380269955529,524.01103524302084,122.43163331769802,-0.45939920423487179,0.26473670658079129,0.81735672480125354,-0.22537708791998048,4.6053551168288853e-05,-6.4183708863935803e-05,-3.4635825024232955e-05
0,125,18.199999999999999,5446389.8574783867,970414.38304901391,3175602.4121747278,-165.12359043873869,524.00668844155712,122.43082030139162,-0.45939594456102817,0.2647303097057041,0.81735955987496778,-0.22538096442468702,4.6052259157112503e-05,-6.4511036622875054e-05,-3.4635334771309886e-05
0,125,18.399999999999999,5446356.8317806656,970519.18395173282,3175626.898256822,-165.13338847493947,524.00233818259903,122.42999933982617,-0.45939265801239965,0.2647239055211662,0.81736240996399523,-0.22538484950806509,4.6050972250613251e-05,-6.4839357296399139e-05,-3.4634852727818025e-05
0,125,18.600000000000001,5446323.8041223045,970623.98398406117,3175651.3841739362,-165.14319689689995,523.99798454747099,122.42917050205797,-0.45938934450979813,0.26471749400419664,0.81736527511250967,-0.22538874319550101,4.6049690307830916e-05,-6.5168623388731244e-05,-3.4634378792644218e-05
0,125,18.800000000000001,5446290.774501211,970728.78314533236,3175675.8699245015,-165.15301579167701,523.99362761767986,122.42833385799402,-0.45938600397791013,0.26471107513289899,0.81736815536249818,-0.22539264551111565,4.6048413172166352e-05,-6.5498787415094366e-05,-3.4633912859301129e-05
0,125,19,5446257.7429152867,970833.58143489715,3175700.355506964,-165.16284524462947,523.98926747489929,122.42748947838086,-0.45938263634529469,0.264704648886458,0.81737105075376293,-0.22539655647776285,4.6047140700337071e-05,-6.5829801917889795e-05,-3.4633454825679024e-05
0,125,19.199999999999999,5446224.7093624081,970938.37885211641,3175724.840919781,-165.17268533941609,523.98490420096391,122.42663743479221,-0.45937924154437471,0.26469821524514248,0.81737396132392559,-0.22540047611703265,4.6045872754657041e-05,-6.6161619460459984e-05,-3.4633004592534773e-05
0,125,19.399999999999999,5446191.673840438,971043.17539637454,3175749.3261614302,-165.18253615798727,523.98053787785307,122.42577779961653,-0.45937581951144685,0.26469177419030265,0.81737688710842293,-0.22540440444924986,4.604460919992264e-05,-6.6494192642648609e-05,-3.4632562062151206e-05
0,125,19.600000000000001,5446158.6363472221,971147.97106707003,3175773.8112303992,-165.19239778057906,523.97616858768515,122.42491064604664,-0.4593723701866691,0.26468532570436876,0.81737982814051313,-0.22540834149347608,4.6043349887239163e-05,-6.6827474099009972e-05,-3.4632127131539769e-05
0,125,19.800000000000001,5446125.5968805971,971252.76586361695,3175798.2961251922,-165.20227028570915,523.97179641269759,122.42403604806397,-0.45936889351406246,0.26467886977084876,0.81738278445127577,-0.22541228726751181,4.604209468867692e-05,-6.7161416508809907e-05,-3.4631699704250568e-05
0,125,20,5446092.5554383704,971357.55978544743,3175822.7808443275,-165.21215375017127,523.9674214352425,122.42315408042822,-0.45936538944150451,0.26467240637433526,0.81738575606961328,-0.22541624178789887,4.6040843482226461e-05,-6.7495972613440121e-05,-3.4631279688317212e-05
0,125,20.199999999999999,5446059.5120183583,971462.35283200943,3175847.2653863374,-165.22204824902644,523.96304373777184,122.42226481866551,-0.4593618579207247,0.26466593550049189,0.81738874302225695,-0.22542020506991936,4.6039596138142273e-05,-6.7831095193465301e-05,-3.463086698902119e-05
0,125,20.399999999999999,5446026.4666183386,971567.14500276733,3175871.7497497727,-165.23195385560447,523.95866340282635,122.42136833905423,-0.45935829890730434,0.26465945713605826,0.81739174533376524,-0.22542417712760035,4.6038352533969073e-05,-6.816673710943333e-05,-3.4630461513854299e-05
0,125,20.600000000000001,5445993.4192360751,971671.93629720132,3175896.2339331978,-165.24187064149359,523.95428051302815,122.4204647186139,-0.45935471236066788,0.26465297126884868,0.81739476302652958,-0.22542815797371329,4.6037112540228858e-05,-6.8502851289723896e-05,-3.4630063168762198e-05
0,125,20.800000000000001,5445960.369869329,971776.72671480826,3175920.7179351817,-165.25179867653654,523.94989515106158,122.41955403509277,-0.45935109824407472,0.26464647788775181,0.8173977961207779,-0.22543214761977798,4.6035876036310356e-05,-6.8839390738374839e-05,-3.4629671860175326e-05
0,125,21,5445927.3185158446,971881.51625510212,3175945.2017543372,-165.2617380288317,523.94550739966212,122.41863636695261,-0.45934745652461517,0.2646399769827229,0.81740084463457807,-0.22543614607606569,4.6034642921402639e-05,-6.9176308532191321e-05,-3.4629287504292851e-05
0,125,21.199999999999999,5445894.2651733542,971986.30491761526,3175969.6853892663,-165.2716887647224,523.94111734161504,122.41771179335827,-0.45934378717320712,0.26463346854478337,0.8174039085838406,-0.22544015335160048,4.6033413087510404e-05,-6.9513557848147514e-05,-3.4628910017280201e-05
0,125,21.399999999999999,5445861.2098395741,972091.09270189179,3175994.1688385978,-165.28165094879913,523.93672505973689,122.41678039416369,-0.45934009016458244,0.26462695256602259,0.81740698798232514,-0.22544416945416151,4.6032186413539087e-05,-6.9851091954505661e-05,-3.4628539308536056e-05
0,125,21.600000000000001,5445828.1525122076,972195.87960749643,3176018.6521009742,-165.29162464389154,523.9323306368633,122.41584224990079,-0.4593363654772824,0.26462042903959454,0.81741008284164263,-0.22544819439028679,4.6030962787659912e-05,-7.0188864220781973e-05,-3.4628175288943884e-05
0,125,21.800000000000001,5445795.0931889424,972300.66563400952,3176043.1351750526,-165.3016099110676,523.92793415583742,122.41489744176381,-0.4593326130936507,0.26461389795971024,0.81741319317126193,-0.22545222816527605,4.6029742120667398e-05,-7.0526828122527131e-05,-3.4627817880368133e-05
0,125,22,5445762.0318674687,972405.45078102767,3176067.6180595108,-165.31160680963083,523.92353569950376,122.41394605159903,-0.45932883299982125,0.26460735932164048,0.81741631897851508,-0.2254562707831938,4.6028524303102826e-05,-7.0864937247699811e-05,-3.462746699728405e-05
0,125,22.199999999999999,5445728.9685454424,972510.23504816333,3176092.1007530401,-165.32161539711652,523.91913535069091,122.4129881618893,-0.45932502518571,0.26460081312171246,0.81741946026860202,-0.22546032224687082,4.6027309244328622e-05,-7.1203145306229914e-05,-3.4627122561006089e-05
0,125,22.399999999999999,5445695.9032205259,972615.01843504724,3176116.5832543476,-165.33163572928882,523.91473319220643,122.41202385574341,-0.45932118964500929,0.26459425935730463,0.81742261704459374,-0.22546438255791224,4.6026096834016889e-05,-7.1541406126277612e-05,-3.4626784485101977e-05
0,125,22.600000000000001,5445662.8358903667,972719.80094132537,3176141.065562157,-165.341667860142,523.91032930681865,122.41105321688079,-0.45931732637517181,0.26458769802684445,0.81742578930744225,-0.22546845171669685,4.6024886998075973e-05,-7.1879673672122678e-05,-3.462645269727162e-05
0,125,22.800000000000001,5445629.7665525945,972824.58256666071,3176165.5476752156,-165.35171184189369,523.90592377725181,122.4100763296193,-0.45931343537740005,0.26458112912980536,0.81742897705598716,-0.22547252972238269,4.6023679636165044e-05,-7.2217902041648424e-05,-3.4626127116279434e-05
0,125,23,5445596.6952048354,972929.36331073241,3176190.0295922789,-165.36176772498695,523.9015166861742,122.40909327886231,-0.45930951665664232,0.26457455266670477,0.81743218028695663,-0.22547661657291077,4.6022474643770652e-05,-7.2556045475791211e-05,-3.4625807658149678e-05
0,125,23.199999999999999,5445563.6218447061,973034.1431732364,3176214.5113121215,-165.37183555808681,523.89710811617817,122.40810415008605,-0.45930557022157209,0.26456796863909904,0.81743539899497986,-0.22548071226500824,4.6021271960483808e-05,-7.2894058363643464e-05,-3.4625494254178398e-05
0,125,23.399999999999999,5445530.5464698123,973138.92215388524,3176238.9928335366,-165.38191538808101,523.89269814978206,122.40710902932364,-0.45930159608458115,0.26456137704958305,0.81743863317259036,-0.2254848167941956,4.6020071507371398e-05,-7.3231895249222401e-05,-3.4625186833361629e-05
0,125,23.600000000000001,5445497.4690777464,973243.70025240874,3176263.4741553389,-165.39200726007689,523.88828686941486,122.40610800315434,-0.45929759426176253,0.26455477790177723,0.81744188281023866,-0.22548893015478785,4.6018873186990818e-05,-7.3569510832939886e-05,-3.4624885316739846e-05
0,125,23.800000000000001,5445464.3896661019,973348.47746854974,3176287.9552763514,-165.40211121740199,523.88387435739969,122.40510115869002,-0.4592935647729055,0.26454817120033758,0.81744514789629119,-0.22549305233989947,4.6017676927831792e-05,-7.3906859980176542e-05,-3.4624589631764081e-05
0,125,24,5445431.3082324462,973453.2538020733,3176312.4361954215,-165.41222730160257,523.87946069595023,122.40408858356091,-0.45928950764147286,0.26454155695094089,0.81744842841704546,-0.22549718334145191,4.6016482652050577e-05,-7.4243897731372571e-05,-3.4624299706076999e-05
0,125,24.199999999999999,5445398.2247743607,973558.02925275685,3176336.9169114092,-165.4223555524452,523.87504596715576,122.40307036590141,-0.45928542289459245,0.26453493516028481,0.81745172435673508,-0.22550132315017474,4.6015290287970032e-05,-7.45805792970409e-05,-3.4624015469506568e-05
0,125,24.399999999999999,5445365.1392894089,973662.80382039503,3176361.3974231966,-165.43249600791515,523.87063025297141,122.4020465943389,-0.45928131056304217,0.26452830583608755,0.8174550356975373,-0.22550547175561339,4.6014099773260106e-05,-7.4916860075945033e-05,-3.4623736855317313e-05
0,125,24.600000000000001,5445332.0517751453,973767.57750479807,3176385.8777296809,-165.44264870421839,523.8662136352084,122.40101735797782,-0.45927717068123208,0.26452166898707297,0.81745836241958525,-0.22550962914613207,4.601291103055453e-05,-7.5252695652604237e-05,-3.4623463792448874e-05
0,125,24.800000000000001,5445298.9622291131,973872.35030579416,3176410.357829784,-165.45281367577837,523.86179619552388,122.39998274638872,-0.45927300328719206,0.26451502462297766,0.81746170450097211,-0.22551379530892149,4.6011723987672131e-05,-7.558804180100944e-05,-3.4623196209638147e-05
0,125,25,5445265.8706488647,973977.12222322659,3176434.8377224365,-165.46299095524392,523.85737801540461,122.39894284959168,-0.45926880842255596,0.26450837275453831,0.81746506191776303,-0.2255179702300012,4.6010538591593594e-05,-7.5922854497090947e-05,-3.4622934043730471e-05
0,125,25.199999999999999,5445232.7770319171,974081.89325695601,3176459.3174065836,-165.47318057347988,523.85295917616361,122.39789775804701,-0.45926458613253995,0.26450171339349243,0.81746843464400576,-0.22552215389422947,4.6009354790492584e-05,-7.6257089928268389e-05,-3.4622677233809574e-05
0,125,25.399999999999999,5445199.6813758109,974186.66340685869,3176483.7968811989,-165.48338255957626,523.84853975893009,122.39684756263831,-0.45926033646593634,0.26449504655257072,0.81747182265173479,-0.22552634628530466,4.6008172505629495e-05,-7.6590704472987863e-05,-3.4622425707977213e-05
0,125,25.600000000000001,5445166.5836780621,974291.43267282681,3176508.2761452748,-165.49359694084808,523.84411984463247,122.39579235465939,-0.45925605947508519,0.26448837224549093,0.8174752259109882,-0.22553054738577358,4.6006991681174468e-05,-7.6923654733284457e-05,-3.4622179401746668e-05
0,125,25.800000000000001,5445133.4839362027,974396.20105476864,3176532.7551978133,-165.50382374283569,523.83969951399115,122.39473222580115,-0.45925175521586609,0.26448169048695885,0.81747864438981055,-0.22553475717703636,4.6005812272094215e-05,-7.7255897525189117e-05,-3.4621938254821519e-05
0,125,26,5445100.3821477406,974500.96855261014,3176557.234037844,-165.51406298930951,523.8352788475097,122.39366726813822,-0.45924742374767036,0.26447500129265572,0.81748207805427076,-0.22553897563935321,4.6004634232057208e-05,-7.7587389897143015e-05,-3.4621702209388808e-05
0,125,26.199999999999999,5445067.2783101788,974605.73516629136,3176581.7126644049,-165.52431470226793,523.83085792546456,122.39259757411409,-0.45924306513339491,0.26446830467923615,0.81748552686846598,-0.22554320275184989,4.6003457486793836e-05,-7.7918089126989909e-05,-3.4621471195333876e-05
0,125,26.399999999999999,5445034.1724210167,974710.50089576875,3176606.1910765632,-165.53457890194309,523.82643682789217,122.39152323653148,-0.45923867943941088,0.26446160066432733,0.81748899079453596,-0.22554743849252476,4.6002282002154848e-05,-7.8247952724894742e-05,-3.4621245155410708e-05
0,125,26.600000000000001,5445001.0644777771,974815.26574101613,3176630.6692733956,-165.54485560680217,523.82201563458182,122.39044434853173,-0.4592342667355524,0.26445488926651672,0.8174924697926732,-0.22555168283825608,4.6001107731960467e-05,-7.8576938436228846e-05,-3.4621024031266254e-05
0,125,26.800000000000001,5444967.9544779379,974920.02970202162,3176655.147254006,-165.55514483355086,523.81759442506109,122.38936100358777,-0.45922982709509558,0.26444817050534808,0.81749596382113443,-0.22555593576480709,4.5999934643354171e-05,-7.8905004260727653e-05,-3.4620807769839892e-05
0,125,27,5444934.8424190003,975024.79277879011,3176679.6250175084,-165.56544659713569,523.81317327859256,122.38827329548735,-0.45922536059473751,0.26444144440131562,0.81749947283625113,-0.22556019724683396,4.5998762677222764e-05,-7.9232108446755702e-05,-3.4620596307437745e-05
0,125,27.199999999999999,5444901.7282984592,975129.55497134232,3176704.1025630427,-165.57576091074858,523.80875227415936,122.38718131831976,-0.45922086731457612,0.26443471097586452,0.81750299679244121,-0.22556446725789317,4.5997591808834665e-05,-7.9558209494060743e-05,-3.4620389592381112e-05
0,125,27.399999999999999,5444868.612113799,975234.31627971388,3176728.5798897599,-165.58608778582811,523.80433149045723,122.386085166462,-0.45921634733808508,0.26442797025137443,0.81750653564222575,-0.22556874577044506,4.5996421984898601e-05,-7.9883266165804722e-05,-3.4620187563966566e-05
0,125,27.600000000000001,5444835.4938625041,975339.07670395798,3176753.0569968359,-165.59642723206605,523.79991100587904,122.38498493456632,-0.45921180075210138,0.26442122225116138,0.81751008933623315,-0.22557303275586449,4.5995253180714786e-05,-8.0207237488391582e-05,-3.4619990169668841e-05
0,125,27.800000000000001,5444802.3735420629,975443.83624414145,3176777.5338834659,-165.60677925740842,523.79549089851798,122.38388071754547,-0.45920722764679572,0.26441446699946886,0.81751365782321717,-0.22557732818444867,4.5994085354555679e-05,-8.0530082753490099e-05,-3.46197973542114e-05
0,125,28,5444769.2511499589,975548.59490034776,3176802.0105488626,-165.61714386806392,523.79107124614393,122.3827726105594,-0.45920262811565432,0.264407704521464,0.81751724105006707,-0.22558163202542167,4.5992918475048156e-05,-8.0851761533924139e-05,-3.4619609062980682e-05
0,125,28.199999999999999,5444736.126683698,975653.35267267504,3176826.4869922553,-165.62752106850408,523.78665212620047,122.38166070900145,-0.45919800225545504,0.2644009348432253,0.81752083896182259,-0.22558594424694389,4.5991752516561313e-05,-8.1172233676021202e-05,-3.4619425245293963e-05
0,125,28.399999999999999,5444703.0001407182,975758.10956123832,3176850.9632128985,-165.63791086147248,523.78223361579501,122.38054510848487,-0.4591933501662448,0.26439415799174387,0.81752445150168518,-0.22559026481611852,4.5990587462325312e-05,-8.1491459317507459e-05,-3.4619245855398311e-05
0,125,28.600000000000001,5444669.871518516,975862.8655661667,3176875.4392100526,-165.64831324798109,523.77781579169289,122.37942590483102,-0.45918867195131663,0.26438737399491025,0.81752807861103094,-0.22559459369900176,4.5989423260510099e-05,-8.1809398883626489e-05,-3.4619070832318752e-05
0,125,28.800000000000001,5444636.7408145806,975967.62068760511,3176899.9149830202,-165.65872822732473,523.77339873029985,122.37830319405319,-0.45918396771718617,0.26438058288150984,0.81753172022942733,-0.22559893086060623,4.5988259890002999e-05,-8.2126013077293554e-05,-3.4618900125509732e-05
0,125,29,5444603.60802639,976072.37492571422,3176924.3905311008,-165.66915579708163,523.76898250765885,122.37717707234381,-0.45917923757356827,0.26437378468122552,0.81753537629464001,-0.22560327626491439,4.5987097342672617e-05,-8.2441262909890072e-05,-3.4618733690882564e-05
0,125,29.199999999999999,5444570.4731514258,976177.12828066899,3176948.8658536267,-165.67959595312186,523.76456719944019,122.37604763606103,-0.45917448163335201,0.26436697942461113,0.81753904674265432,-0.22560762987488248,4.5985935587961339e-05,-8.2755109691892034e-05,-3.4618571477915459e-05
0,125,29.399999999999999,5444537.3361871708,976281.88075266033,3176973.3409499405,-165.69004868960889,523.76015288093038,122.37491498171518,-0.45916970001257656,0.26436016714310445,0.81754273150768419,-0.22561199165244999,4.5984774600271897e-05,-8.3067515042710991e-05,-3.4618413434494891e-05
0,125,29.600000000000001,5444504.1971311122,976386.63234189281,3176997.8158194106,-165.70051399901004,523.75573962702344,122.37377920595542,-0.45916489283040318,0.26435334786900744,0.81754643052219012,-0.22561636155854817,4.5983614371728625e-05,-8.3378440891521642e-05,-3.4618259517353008e-05
0,125,29.800000000000001,5444471.0559807336,976491.3830485933,3177022.290461421,-165.71099187209927,523.75132751221383,122.37264040555596,-0.45916006020909395,0.26434652163548367,0.8175501437168915,-0.22562073955311002,4.5982454877408765e-05,-8.3687849477822354e-05,-3.4618109676403043e-05
0,125,30,5444437.9127335288,976596.13287298509,3177046.764875378,-165.72148229796593,523.74691661058648,122.37149867740384,-0.45915520227398482,0.26433968847655182,0.81755387102077925,-0.22562512559507764,4.5981296118220153e-05,-8.3995703366882788e-05,-3.4617963871683129e-05
1,8000,0,5449387.1886701053,960873.98968958983,3173373.7226977898,-164.25920388466952,524.37909372357376,122.46685922246991,-0.4596025466373429,0.26528821767178801,0.81715181143612925,-0.22505683227942219,4.6065767489679164e-05,-4.4603350013895701e-05,-3.4727227796748039e-05
1,8000,0.20000000000000001,5449354.3358796705,960978.86513119726,3173398.216069275,-164.26869908762831,524.37532060180763,122.46685615678678,-0.45960101300597761,0.26528228482792121,0.81715368496175045,-0.22506015496704282,4.6181971220691615e-05,-4.2512436569281643e-05,-3.4728820732858564e-05
1,8000,0.40000000000000002,5449321.4811922973,961083.73981760337,3173422.7094404376,-164.27817087003999,524.3715425561528,122.46685575865585,-0.45959954832875805,0.26527636740865818,0.81715551920487783,-0.22506346105815306,4.6209313447428207e-05,-4.2607526889992838e-05,-3.4729012223147515e-05
1,8000,0.59999999999999998,5449288.6246126983,961188.61374782957,3173447.20281161,-164.28762207885234,524.36775867108599,122.46685581543676,-0.4595980560132944,0.26527044172842179,0.81715736881122703,-0.22506677731624622,4.6212803300638455e-05,-4.3080780153592052e-05,-3.4727641199907272e-05
1,8000,0.80000000000000004,5449255.7661445579,961293.48692063603,3173471.6961826324,-164.29705691267455,524.36396825506336,122.46685390687757,-0.45959652476509111,0.26526450545119512,0.81715924019141506,-0.22507010628107293,4.6210970004188666e-05,-4.3535480685929546e-05,-3.4725765263699595e-05
1,8000,1,5449222.9057907825,961398.35933466256,3173496.1895529078,-164.30647897661569,524.3601708007368,122.46684806681216,-0.45959495919310545,0.26525856001309006,0.81716113076281716,-0.22507344622256964,4.6208167419538074e-05,-4.391345934123507e-05,-3.4723803116756461e-05
1,8000,1.2,5449190.0375998942,961503.23085206409,3173520.6805465259,-164.38750873937244,524.35230313840918,122.43526701363722,-0.45841575508644689,0.26492810773316938,0.81782423659695314,-0.22545866862033898,4.6311854140665508e-05,-0.023259649956577231,-3.4731611611836267e-05
1,8000,1.3999999999999999,5449157.1443995079,961608.09918043402,3173545.1599604008,-164.561304052276,524.32870679770804,122.34982695992498,-0.45636808163049353,0.26435763590308597,0.8189696545272056,-0.2261236815820587,4.6624739672977618e-05,-0.025607541026000297,-3.4912951385936646e-05
1,8000,1.6000000000000001,5449124.2067688825,961712.96156994381,3173569.6171922414,-164.8293218345122,524.29359549372123,122.21521336440804,-0.45432150291824891,0.26378656744036511,0.82010774945318166,-0.22678601833219558,4.6790152752803344e-05,-0.024144586512482562,-3.514961202854461e-05
1,8000,1.8,5449091.2075799955,961817.81608734059,3173594.0435017818,-165.17375808456143,524.25048495252929,122.04238219855353,-0.45241339177240025,0.26325295979744368,0.82116289259834641,-0.22740164010489236,4.6780124037640405e-05,-0.022368412820207274,-3.5358694061848233e-05
1,8000,2,5449058.1333376952,961922.66140484309,3173618.4322455134,-165.57723474841578,524.20196676812839,121.84098546404489,-0.45063822132532494,0.26275545736287986,0.82213939724842666,-0.22797274968461687,4.6662823000447843e-05,-0.02089048481493715,-3.5522153128959419e-05
1,8000,2.2000000000000002,5449024.9853621246,962027.49674369895,3173642.7829487636,-165.88408799858644,524.15771323095043,121.68067256041751,-0.4513191506375005,0.26293864061002514,0.8217667832823865,-0.2277578745855264,4.6276268406228262e-05,0.027606115588562574,-3.5627808466496707e-05
1,8000,2.3999999999999999,5448991.7903338643,962132.32670685789,3173667.1111999042,-166.03696797398092,524.14663283100424,121.61850739556,-0.45392574006711023,0.26365483393832517,0.82033084276786816,-0.2269247880890044,4.5382690006860073e-05,0.03314369727273718,-3.5338381288639096e-05
1,8000,2.6000000000000001,5448958.5816114759,962237.15699189599,3173691.4364163801,-166.02528130525062,524.15954144221541,121.64702675393397,-0.45654448059155889,0.26437306670312338,0.81887731785001527,-0.22608396040881498,4.4717855114751102e-05,0.030172223947128405,-3.4899371653345075e-05
1,8000,2.7999999999999998,5448925.3890165119,962341.99162495637,3173715.7746331301,-165.88157171750646,524.18902978767733,121.74498988616405,-0.4588667895093716,0.26500826090665858,0.8175792611773236,-0.22533540074593769,4.4371961248780808e-05,0.026462309897909497,-3.4495854061023639e-05
1,8000,3,5448892.2355943518,962446.83332681388,3173740.1377567863,-165.63844406763502,524.22940988502046,121.89326833142361,-0.46090569744755261,0.26556440337767917,0.81643258639564453,-0.22467602807233547,4.4235813781686256e-05,0.023410394145680712,-3.4170519011762597e-05
1,8000,3.2000000000000002,5448859.1326364335,962551.68373281218,3173764.5319951614,-165.39232978228438,524.27260314134446,122.04613570072767,-0.46157105593433073,0.26574210577052587,0.81605761761841022,-0.22446215331605041,4.4351649211646535e-05,-0.0015462836407154111,-3.3933219186028894e-05
1,8000,3.3999999999999999,5448826.0760625657,962656.5415522235,3173788.9542369889,-165.18190669734824,524.30382052011259,122.17094113795127,-0.46124632202340482,0.26564741473444864,0.81624220592833974,-0.22457057404304648,4.4794237598494805e-05,-0.005220394813547133,-3.392899637906069e-05
1,8000,3.6000000000000001,5448793.05649589,962761.40465077048,3173813.3983643265,-165.02163387501403,524.32585873638641,122.26579746137998,-0.46083185638685903,0.26552797925614374,0.81647727280143745,-0.22470815599331828,4.5166795941505414e-05,-0.0047297663130078486,-3.4026791122808698e-05
1,8000,3.7999999999999998,5448760.0645968784,962866.27144647797,3173837.8589577987,-164.90352510552296,524.3411373959907,122.33666190294687,-0.46048857577944324,0.26542807887937314,0.81667192735859007,-0.22482252908334366,4.5408503936423647e-05,-0.0036822131839988558,-3.4136071270168627e-05
1,8000,4,5448727.0929370383,962971.14077507285,3173862.3318235618,-164.8177134383551,524.35144068040597,122.38940016339996,-0.4602272950433155,0.26535071298606888,0.81682019590999666,-0.22491021223691146,4.5569682037071646e-05,-0.0027620163860713203,-3.4232937846284262e-05
1,8000,4.2000000000000002,5448694.1359061673,963076.01177894138,3173886.8138212506,-164.75604663756914,524.35807552096833,122.42865117917746,-0.46003289930127805,0.2652917373086609,0.81693069438214727,-0.22497614596333357,4.5687640909826063e-05,-0.0020507639856539835,-3.4314590209652246e-05
1,8000,4.4000000000000004,5448661.1893266281,963180.88382515649,3173911.302619508,-164.71230778284803,524.36200023815252,122.45790498848959,-0.45988929441083354,0.26524673063688642,0.81701254526968003,-0.22502557553466582,4.5779957141787035e-05,-0.0015182679930703371,-3.4382658049093342e-05
1,8000,4.5999999999999996,5448628.2500999086,963285.75644571311,3173935.7964910083,-164.68185506307449,524.36391905689425,122.47975333138966,-0.45978354009667011,0.2652121356182458,0.81707306573577421,-0.22506271265166591,4.5854538441036852e-05,-0.0011230191812659396,-3.4439216090864346e-05
1,8000,4.7999999999999998,5448595.3159304829,963390.6292939157,3173960.2941561216,-164.66124311537456,524.36435049302384,122.49611467189003,-0.45970584907854678,0.26518526059347858,0.81711778143444103,-0.22509073981529837,4.5915528877326275e-05,-0.00083030864104805013,-3.4486100728056614e-05
1,8000,5,5448562.3851182517,963495.50211245951,3173984.7946664952,-164.64791884678104,524.36367691643613,122.50840829293406,-0.4596489370682259,0.2651641017902498,0.81715080029406284,-0.22511202400714436,4.5965604234839299e-05,-0.00061365245083435196,-3.4524868029470571e-05
1,8000,5.2000000000000002,5448529.4564042334,963600.374709995,3174009.2973188553,-164.63999120001495,524.36218063114427,122.51768428804435,-0.45960740556508289,0.26514717396123783,0.8171751642769971,-0.22512831847407666,4.6006753234431499e-05,-0.00045330766245832129,-3.4556834268557448e-05
1,8000,5.4000000000000004,5448496.5288561517,963705.24694389012,3174033.8015912795,-164.63605964473956,524.36007024836101,122.52471976891843,-0.45957725761005913,0.26513337738659132,0.8171931242200221,-0.22514092078233164,4.6040551741623749e-05,-0.0003346450866719751,-3.4583113580723369e-05
1,8000,5.5999999999999996,5448463.6017836966,963810.11870752554,3174058.307096066,-164.63508697113141,524.35750002817622,122.53008994843269,-0.45955553412502337,0.265121897880782,0.81720634575071049,-0.22515079121319331,4.606828034021888e-05,-0.00024683928864077198,-3.4604647811599539e-05
1,8000,5.7999999999999998,5448430.674675745,963914.98992091848,3174082.8135448671,-164.63630505885129,524.35458409990861,122.53422066246192,-0.45954004418822414,0.26511213263548195,0.81721606168998939,-0.22515864059115118,4.6090990428514296e-05,-0.00018188037750982319,-3.4622231230405728e-05
1,8000,6,5448397.7471538642,964019.86052379711,3174107.3207228947,-164.63914508590508,524.35140693758387,122.53742719832083,-0.45952916535717714,0.26510363528057157,0.8172231847478677,-0.22516499518733937,4.6109549644281188e-05,-0.0001338406208921039,-3.4636531851811674e-05
1,8000,6.2000000000000002,5448364.8189378986,964124.73047048249,3174131.8284698278,-164.64318584269228,524.34803108755432,122.53994301202709,-0.45952169598153747,0.26509607524584639,0.81722839078793208,-0.22517024470757024,4.6124675968506682e-05,-9.8332261385343687e-05,-3.464810999392207e-05
1,8000,6.4000000000000004,5448331.8898204453,964229.59972610069,3174156.3366656732,-164.64811545263143,524.34450287518553,122.54194097572825,-0.45951674593803365,0.26508920769079525,0.81723218038428502,-0.22517467777868494,4.6136964448077282e-05,-7.2106862883160598e-05,-3.4657434448008598e-05
1,8000,6.5999999999999996,5448298.9596479852,964334.46826378244,3174180.8452203008,-164.65370302084398,524.34085662247321,122.54354910288583,-0.45951365577051262,0.26508285124971076,0.81723492435077227,-0.22517850819989477,4.614690858879259e-05,-5.2759140274502836e-05,-3.4664896508177725e-05
1,8000,6.7999999999999998,5448266.0283068679,964439.33606259024,3174205.3540656995,-164.65977763532499,524.33711776697396,122.54486218899096,-0.45951193683680897,0.26507687155783533,0.81723689742827121,-0.22518189436854924,4.6154917708441092e-05,-3.8507925949705192e-05,-3.4670822073123989e-05
1,8000,7,5448233.0957129654,964544.20310598344,3174229.8631502287,-164.66621281347662,524.33330516926571,122.54595043010546,-0.45951122699686348,0.26507116905504974,0.8172383032172631,-0.22518495365853153,4.6161331185822196e-05,-2.8034119353877865e-05,-3.4675482040235096e-05
1,8000,7.2000000000000002,5448200.1618039934,964649.06938068219,3174254.3724343791,-164.6729149817287,524.32943282060955,122.54686580460985,-0.45951125780212965,0.26506566995543213,0.81723929263487993,-0.22518777306466686,4.6166430231676021e-05,-2.0360758189569885e-05,-3.4679101182886035e-05
1,8000,7.4000000000000004,5448167.2265338227,964753.93487582635,3174278.8818876133,-164.67981494234149,524.32551110703116,122.54764679909587,-0.45951183019854153,0.26506031956039122,0.81723997758046052,-0.22519041708389534,4.6170447663353185e-05,-1.4764242000022365e-05,-3.4681865698421547e-05
1,8000,7.5999999999999996,5448134.2898682635,964858.79958235263,3174303.3914860529,-164.68686155277121,524.32154774520427,122.54832190826957,-0.45951279653258797,0.2650550773069007,0.8172404410547025,-0.22519293355109735,4.6173576040544996e-05,-1.0708604686157222e-05,-3.4683929594937634e-05
1,8000,7.7999999999999998,5448101.3517819578,964963.66349253408,3174327.9012107346,-164.6940170438782,524.31754847543834,122.54891222703345,-0.45951404722459044,0.26504991310048964,0.81724074465340657,-0.22519535796069401,4.6175974474206268e-05,-7.7968455422448237e-06,-3.4685420086345786e-05
1,8000,8,5448068.4122560592,965068.52659963677,3174352.4110463401,-164.70125355203501,524.31351757485834,122.54943337028826,-0.45951550089820081,0.26504480459959123,0.81724093411733589,-0.225197716667076,4.6177774287961521e-05,-5.7348881393068413e-06,-3.4686442119862869e-05
1,8000,8.1999999999999993,5448035.4712765198,965173.38889766985,3174376.9209802472,-164.70855055038459,524.30945823745333,122.54989689485303,-0.45951709706953869,0.26503973520441593,0.81724104344262372,-0.22520002925481397,4.6179083764260352e-05,-4.3048887162828245e-06,-3.4687082177143713e-05
1,8000,8.4000000000000004,5448002.528832823,965278.25038119638,3174401.4310018318,-164.71589294611343,524.30537285554897,122.55031135264193,-0.45951879073208063,0.26503469256756862,0.81724109792518385,-0.22520231029405754,4.6179992087448996e-05,-3.3454676848575498e-06,-3.4687411446292735e-05
1,8000,8.5999999999999996,5447969.5849170601,965383.1110451963,3174425.9411019417,-164.72326967105556,524.301263228273,122.55068307073275,-0.45952054834564582,0.2650296674910621,0.81724111641563302,-0.22520457064061541,4.6180572641365819e-05,-2.7370680277443575e-06,-3.4687488471172529e-05
1,8000,8.8000000000000007,5447936.6395232137,965487.97088496282,3174450.4512725235,-164.73067263771441,524.29713071595643,122.55101672915477,-0.45952234486537902,0.26502465310949119,0.81724111298948721,-0.22520681839882586,4.6180885741453376e-05,-2.3911106550278027e-06,-3.4687361351163911e-05
1,8000,9,5447903.6926466534,965592.82989602641,3174474.9615063295,-164.73809596595797,524.29297635448961,122.55131578885107,-0.45952416154105358,0.26501964428513647,0.81724109818427093,-0.22520905963468363,4.6180980917315996e-05,-2.2419618991262717e-06,-3.4687069572295226e-05
1,8000,9.1999999999999993,5447870.7442837562,965697.688074101,3174499.4717967049,-164.745535410206,524.28880094002102,122.5515828086682,-0.45952598428695957,0.26501463716001961,0.81724107991584671,-0.22521129890399572,4.6180898797239646e-05,-2.2409838495417623e-06,-3.4686645522064207e-05
1,8000,9.4000000000000004,5447837.7944316193,965802.54541504011,3174523.982137443,-164.75298793512792,524.28460509168747,122.55181968014828,-0.45952780247443714,0.26500962882419854,0.81724106415714426,-0.22521353964354338,4.6180672671502567e-05,-2.352127397320414e-06,-3.4686115742874994e-05
1,8000,9.5999999999999996,5447804.8430878567,965907.40191480774,3174548.4925226616,-164.76045140134124,524.2803892980719,122.55202780143746,-0.45952960803747128,0.26500461707014211,0.81724105544089687,-0.22521578446078006,4.6180329792157933e-05,-2.548667954333683e-06,-3.4685501970821955e-05
1,8000,9.8000000000000007,5447771.8902504323,966012.25756945577,3174573.0029467167,-164.76792433259448,524.27615395161104,122.55220820609895,-0.4595313948101864,0.2649996002108565,0.81724105723201845,-0.22521803534837881,4.6179892440186603e-05,-2.8107875506239158e-06,-3.4684821990493726e-05
1,8000,10,5447738.93591756,966117.11237510666,3174597.5134041468,-164.77540574330095,524.27189937407434,122.55236165852281,-0.459533158036111,0.26499457694522166,0.81724107220342168,-0.22522029384312436,4.6179378809803444e-05,-3.123783855438692e-06,-3.4684090340430566e-05
1,8000,10.199999999999999,5447705.9800876137,966221.96632794174,3174622.0238896213,-164.78289501078248,524.26762583542995,122.55248872459329,-0.45953489400468484,0.2649895462582858,0.81724110244031234,-0.22522256114358047,4.6178803742931928e-05,-3.4767435589966968e-06,-3.4683318896821357e-05
1,8000,10.4,5447673.0227590585,966326.81942419254,3174646.5343979062,-164.79039178062305,524.26333356781379,122.55258982403049,-0.45953659978201838,0.26498450734745138,0.8172411495915034,-0.22522483819722802,4.6178179321443332e-05,-3.8615597338430866e-06,-3.4682517348673522e-05
1,8000,10.6,5447640.0639304118,966431.67166013399,3174671.0449238415,-164.79789589655329,524.25902277587011,122.55266526915732,-0.45953827301146644,0.26497945956783003,0.81724121498148894,-0.22522712576499176,4.61775153727204e-05,-4.2722039660311578e-06,-3.4681693595418013e-05
1,8000,10.800000000000001,5447607.1036002086,966536.5230320805,3174695.5554623203,-164.80540734850217,524.2546936444038,122.55271529361092,-0.45953991176592035,0.26497440239179254,0.81724129969344805,-0.22522942446902053,4.617681986778293e-05,-4.7041872141065265e-06,-3.4680854066977927e-05
1,8000,11,5447574.1417669756,966641.37353638071,3174720.0660082768,-164.81292623410656,524.25034634404381,122.55274007360694,-0.45954151443840913,0.26496933537902934,0.81724140463071826,-0.22523173482806472,4.6176099259856668e-05,-5.1541604606258445e-06,-3.4680003990833502e-05
1,8000,11.199999999999999,5447541.1784292087,966746.22316941735,3174744.5765566765,-164.82045273018841,524.24598103542996,122.55273974368723,-0.45954307966107505,0.26496425815439367,0.81724153056231996,-0.22523405728366908,4.6175358759465031e-05,-5.6196189092809162e-06,-3.4679147609754387e-05
1,8000,11.4,5447508.2135853628,966851.07192760496,3174769.0871025077,-164.82798707161604,524.24159787230928,122.55271440838058,-0.45954460624517335,0.26495917039150557,0.81724167815666926,-0.22523639221956307,4.6174602557480523e-05,-6.0986828771345844e-06,-3.4678288359809252e-05
1,8000,11.6,5447475.2472338406,966955.91980738682,3174793.5976407789,-164.83552953563395,524.23719700382242,122.55266415083715,-0.45954609313664119,0.26495407180062081,0.81724184800653632,-0.22523873997601448,4.6173834013273787e-05,-6.5899355055296164e-06,-3.4677429018002845e-05
1,8000,11.800000000000001,5447442.2793729883,967060.76680523623,3174818.1081665112,-164.84308043024441,524.23277857619087,122.55258903922055,-0.45954753938319887,0.26494896211965985,0.81724204064752748,-0.22524110086045077,4.6173055805664167e-05,-7.0923025489443369e-06,-3.4676571821995561e-05
1,8000,12,5447409.3100010827,967165.61291765596,3174842.6186747411,-164.85064008558953,524.22834273395961,122.55248913143889,-0.4595489441099983,0.26494384110757196,0.81724225657176208,-0.22524347515532056,4.617227005795254e-05,-7.6049633379786436e-06,-3.4675718568944224e-05
1,8000,12.199999999999999,5447376.3391163461,967270.45814117824,3174867.1291605146,-164.85820884755674,524.22388962091213,122.55236447864523,-0.45955030650159817,0.2649387085394298,0.81724249623799683,-0.22524586312390746,4.617147844199444e-05,-8.1272848289137051e-06,-3.4674870696919993e-05
1,8000,12.4,5447343.3667169167,967375.30247236253,3174891.6396188876,-164.86578707302945,524.21941938074144,122.55221512782768,-0.45955162578862713,0.26493356420280495,0.81724276007911323,-0.22524826501463011,4.6170682256318159e-05,-8.6587727619561458e-06,-3.4674029348922469e-05
1,8000,12.6,5447310.392800862,967480.1459077982,3174916.1500449223,-164.8733751263585,524.21493215753958,122.55204112372341,-0.45955290123791964,0.26492840789509153,0.8172430485076565,-0.22525068106422053,4.616988249784719e-05,-9.1990354819935991e-06,-3.4673195427659059e-05
1,8000,12.800000000000001,5447277.4173661834,967584.98844410304,3174940.6604336957,-164.88097337673628,524.21042809615483,122.55184251023297,-0.45955413214522506,0.26492323942152968,0.81724336191992897,-0.22525311150007229,4.6169079917986045e-05,-9.7477571431819233e-06,-3.4672369639919763e-05
1,8000,13,5447244.4404108031,967689.83007792383,3174965.1707802885,-164.88858219624251,524.20590734244877,122.55161933146293,-0.45955531782981912,0.26491805859374928,0.8172437006990132,-0.22525555654197393,4.6168275070522914e-05,-1.0304677866693555e-05,-3.4671552533801224e-05
1,8000,13.199999999999999,5447211.4619325707,967794.67080593703,3174989.6810797947,-164.89620195838341,524.20137004348055,122.55137163249515,-0.45955645763053021,0.26491286522869573,0.8172440652170031,-0.22525801640338719,4.6167468346582565e-05,-1.0869579050862161e-05,-3.4670744527386057e-05
1,8000,13.4,5447178.481929264,967899.51062484807,3175014.1913273116,-164.90383303699912,524.19681634763606,122.55109945995189,-0.45955755090280687,0.26490765914784081,0.81724445583664707,-0.22526049129238862,4.6166660004113473e-05,-1.1442272489135259e-05,-3.4669945932011265e-05
1,8000,13.6,5447145.5003985781,968004.34953139303,3175038.7015179503,-164.91147580544376,524.19224640471748,122.55080286241056,-0.4595585970165611,0.26490244017660314,0.81724487291255932,-0.22526298141236206,4.6165850195250867e-05,-1.2022592314484364e-05,-3.4669156973384692e-05
1,8000,13.800000000000001,5447112.5173381381,968109.18752233684,3175063.2116468325,-164.91913063687466,524.18766036593979,122.55048189029307,-0.4595595953313984,0.26489720813062156,0.81724531681254309,-0.2252654869513073,4.6165038965889241e-05,-1.2610394290431994e-05,-3.4668377800154544e-05
1,8000,14,5447079.5327454964,968214.02459447645,3175087.7217090856,-164.92679790106783,524.18305838416688,122.55013659733494,-0.45956054528763129,0.26489196286849842,0.81724578783681501,-0.22526800812719186,4.6164226356355264e-05,-1.3205533699810914e-05,-3.4667608524409301e-05
1,8000,14.199999999999999,5447046.5466181291,968318.86074463779,3175112.2316998541,-164.93447796668994,524.17844061372682,122.54976703951829,-0.45956144626780854,0.26488670421216537,0.81724628634026131,-0.22527054512054784,4.6163412288016679e-05,-1.380788251904067e-05,-3.4666849194325498e-05
1,8000,14.4,5447013.5589534342,968423.69596967939,3175136.7416142873,-164.94217120029938,524.17380721048255,122.54937327552805,-0.45956229768764406,0.2648814319996059,0.81724681265170829,-0.22527309811984858,4.6162596653572011e-05,-1.4417318696308258e-05,-3.4666099823111023e-05
1,8000,14.6,5446980.5697487462,968528.5302664903,3175161.2514475523,-164.94987796602851,524.16915833183918,122.54895536687876,-0.45956309897264463,0.26487614607150367,0.81724736709446422,-0.22527566731037049,4.6161779317460175e-05,-1.5033724395440557e-05,-3.4665360396653426e-05
1,8000,14.800000000000001,5446947.5790013196,968633.36363199085,3175185.7611948284,-164.95759862541726,524.16449413673513,122.54851337796609,-0.45956384955780694,0.26487084627116381,0.81724794998648653,-0.2252782528742889,4.616096011535442e-05,-1.5656984872803263e-05,-3.4664630876850203e-05
1,8000,15,5446914.5867083455,968738.196063134,3175210.2708513034,-164.9653335372783,524.15981478563106,122.54804737610156,-0.45956454888740067,0.26486553244445554,0.81724856164050441,-0.22528085499074704,4.6160138863822925e-05,-1.6286987559752812e-05,-3.4663911207369185e-05
1,8000,15.199999999999999,5446881.5928669311,968843.02755690541,3175234.7804121827,-164.97308305758821,524.15512044049251,122.5475574315324,-0.45956519641482063,0.26486020443977359,0.81724920236409959,-0.22528347383590289,4.6159315355823062e-05,-1.6923621360888022e-05,-3.4663201314047575e-05
1,8000,15.4,5446848.5974741234,968947.85811032157,3175259.2898726854,-164.98084753939611,524.15041126477115,122.54704361745188,-0.45956579160248506,0.26485486210801462,0.81724987245976344,-0.22528610958296158,4.6158489378012331e-05,-1.7566776134113861e-05,-3.4662501112062999e-05
1,8000,15.6,5446815.6005268954,969052.68772043346,3175283.7992280447,-164.98862733274777,524.14568742338349,122.54650601000063,-0.45956633392177443,0.26484950530255891,0.81725057222493114,-0.22528876240219492,4.6157660707428288e-05,-1.8216342307137225e-05,-3.4661810507805788e-05
1,8000,15.800000000000001,5446782.6020221496,969157.51638432418,3175308.3084735083,-164.99642278461911,524.14094908268805,122.54594468826302,-0.45956682285299394,0.2648441338792632,0.81725130195200046,-0.22529143246095279,4.6156829113064015e-05,-1.8872210602815082e-05,-3.4661129399232241e-05
1,8000,16,5446749.6019567186,969262.34409911092,3175332.8176043439,-165.00423423885749,524.13619641046114,122.54535973425931,-0.45956725788535913,0.26483874769645621,0.81725206192834088,-0.22529411992366757,4.6155994358097531e-05,-1.9534271835540168e-05,-3.4660457678096509e-05
1,8000,16.199999999999999,5446716.6003273632,969367.17086194409,3175357.3266158318,-165.0120620361289,524.13142957587252,122.54475123293423,-0.45956763851699339,0.26483334661493996,0.81725285243629353,-0.22529682495185549,4.6155156205817908e-05,-2.0202416765099219e-05,-3.4659795232549097e-05
1,8000,16.399999999999999,5446683.5971307894,969471.99667000875,3175381.8355032741,-165.01990651387084,524.12664874945938,122.54411927214198,-0.45956796425493562,0.26482793049799169,0.8172536737531666,-0.22529954770411328,4.6154314416968731e-05,-2.0876535989145901e-05,-3.465914194709297e-05
1,8000,16.600000000000001,5446650.5923636239,969576.82152052305,3175406.3442619853,-165.02776800624846,524.12185410309985,122.54346394263041,-0.45956823461515783,0.26482249921136897,0.81725452615122451,-0.22530228833611329,4.6153468755150849e-05,-2.155651987555556e-05,-3.4658497705210872e-05
1,8000,16.800000000000001,5446617.586022432,969681.64541074052,3175430.8528873008,-165.03564684411197,524.11704580998719,122.54278533802378,-0.45956844912258521,0.26481705262331545,0.81725540989767742,-0.22530504700059736,4.6152618983023313e-05,-2.224225851363299e-05,-3.4657862388176147e-05
1,8000,17,5446584.578103709,969786.46833794925,3175455.3613745756,-165.04354335495734,524.11222404460227,122.5420835548034,-0.45956860731111981,0.26481159060456683,0.81725632525466596,-0.22530782384736855,4.6151764863394109e-05,-2.2933641678014799e-05,-3.4657235875690992e-05
1,8000,17.199999999999999,5446551.5686038882,969891.29029947217,3175479.869719184,-165.05145786288907,524.10738898268653,122.54135869228813,-0.45956870872366729,0.26480611302835994,0.81725727247924673,-0.22531061902328312,4.6150906164450236e-05,-2.3630558807467224e-05,-3.4656618047920684e-05
1,8000,17.399999999999999,5446518.5575193428,969996.11129266745,3175504.37791652,-165.05939068858433,524.10254080121501,122.54061085261313,-0.45956875291216492,0.26480061977043851,0.81725825182337586,-0.22531343267224238,4.6150042658244365e-05,-2.4332898996244323e-05,-3.4656008785616665e-05
1,8000,17.600000000000001,5446485.5448463708,970100.9313149295,3175528.8859619983,-165.0673421492578,524.09767967836819,122.53984014070855,-0.45956873943761006,0.26479511070906153,0.81725926353389255,-0.22531626493518309,4.614917411663228e-05,-2.5040550990929475e-05,-3.4655407968834299e-05
1,8000,17.800000000000001,5446452.5305812163,970205.7503636881,3175553.3938510572,-165.07531255862781,524.09280579350445,122.53904666427783,-0.45956866787008788,0.26478958572501105,0.81726030785250392,-0.22531911595006882,4.6148300318923504e-05,-2.5753403191374959e-05,-3.465481547923674e-05
1,8000,18,5446419.5147200655,970310.56843640795,3175577.9015791528,-165.08330222688372,524.08791932713245,122.53823053377484,-0.45956853778880008,0.26478404470159933,0.81726138501576717,-0.22532198585188146,4.6147421046409168e-05,-2.6471343653613817e-05,-3.4654231198651394e-05
1,8000,18.199999999999999,5446386.4972590245,970415.38553059229,3175602.4091417659,-165.09131146065366,524.08302046088306,122.53739186238096,-0.45956834878209268,0.26477848752467648,0.81726249525507533,-0.22532487477261295,4.6146536085654446e-05,-2.7194260102746471e-05,-3.4653655010723945e-05
1,8000,18.399999999999999,5446353.4781941548,970520.20164377824,3175626.9165344015,-165.09934056297243,524.07810937748116,122.53653076598216,-0.45956810044748236,0.26477291408263753,0.81726363879663999,-0.22532778284125587,4.6145645224364741e-05,-2.7922039937368033e-05,-3.4653086798432681e-05
1,8000,18.600000000000001,5446320.4575214526,970625.01677354134,3175651.423752585,-165.1073898332528,524.07318626071776,122.53564736314462,-0.45956779239168316,0.26476732426642963,0.81726481586147826,-0.22533071018379655,4.6144748260286215e-05,-2.8654570242269624e-05,-3.4652526448232196e-05
1,8000,18.800000000000001,5446287.4352368573,970729.83091749309,3175675.930791867,-165.11545956725479,524.0682512954221,122.53474177509077,-0.4595674242306319,0.26476171796955822,0.81726602666539694,-0.22533365692320681,4.6143844992007119e-05,-2.9391737804153202e-05,-3.465197384671537e-05
1,8000,19,5446254.411336245,970834.64407328214,3175700.4376478237,-165.12355005705629,524.06330466743225,122.53381412567498,-0.45956699558951086,0.26475609508809311,0.81726727141897948,-0.22533662317943692,4.6142935223113151e-05,-3.0133429124720202e-05,-3.4651428881953021e-05
1,8000,19.199999999999999,5446221.3858154332,970939.45623859507,3175724.9443160542,-165.13166159102454,524.05834656356774,122.53286454135905,-0.45956650610277189,0.26475045552067533,0.81726855032757251,-0.22533960906940856,4.6142018765028749e-05,-3.0879530433450439e-05,-3.4650891444494436e-05
1,8000,19.399999999999999,5446188.3586701872,971044.26741115516,3175749.450792186,-165.13979445378828,524.05337717160126,122.53189315118667,-0.45956595541415796,0.264744799168522,0.81726986359127429,-0.2253426147070082,4.6141095430503808e-05,-3.1629927700152705e-05,-3.4650361425381528e-05
1,8000,19.600000000000001,5446155.3298962126,971149.07758872386,3175773.9570718696,-165.14794892621103,524.04839668023033,122.53090008675832,-0.45956534317672365,0.26473912593543208,0.81727121140492121,-0.22534564020308123,4.6140165037285516e-05,-3.238450665407556e-05,-3.4649838717030858e-05
1,8000,19.800000000000001,5446122.2994891573,971253.88676909998,3175798.4631507848,-165.15612528536397,524.04340527904753,122.52988548220559,-0.45956466905285365,0.26473343572779129,0.81727259395807828,-0.22534868566542543,4.6139227410549301e-05,-3.314315279681132e-05,-3.4649323214217848e-05
1,8000,20,5446089.2674446208,971358.69495012064,3175822.9690246359,-165.1643238045003,524.03840315851414,122.52884947416507,-0.45956393271428242,0.26472772845457648,0.81727401143502854,-0.22535175119878656,4.6138282377173874e-05,-3.3905751418150001e-05,-3.4648814812445391e-05
1,8000,20.199999999999999,5446056.2337581422,971463.5021296615,3175847.4746891558,-165.17254475302897,524.03339050992997,122.52779220175279,-0.45956313384210912,0.26472200402736046,0.81727546401476225,-0.22535483690485275,4.613732976986488e-05,-3.4672187614056373e-05,-3.4648313408713462e-05
1,8000,20.399999999999999,5446023.1984252082,971568.30830563547,3175871.9801401086,-165.18078839649149,524.0283675254052,122.52671380653688,-0.45956227212681505,0.2647162623603157,0.81727695187097027,-0.22535794288225039,4.6136369428834163e-05,-3.5442346296273968e-05,-3.4647818902798981e-05
1,8000,20.600000000000001,5445990.1614412563,971673.11347599525,3175896.4853732795,-165.18905499653576,524.02333439783229,122.52561443251173,-0.45956134726827608,0.26471050337021745,0.81727847517203323,-0.22536106922653998,4.6135401196319328e-05,-3.6216112216477044e-05,-3.4647331195250738e-05
1,8000,20.800000000000001,5445957.1228016661,971777.91763873154,3175920.9903844912,-165.19734481089392,524.01829132085709,122.52449422607057,-0.45956035897577668,0.26470472697644765,0.81728003408101668,-0.22536421603021212,4.6134424918296793e-05,-3.6993369974042067e-05,-3.4646850187433258e-05
1,8000,21,5445924.0825017653,971882.72079187399,3175945.4951695902,-165.20565809335866,524.01323848884999,122.52335333597861,-0.459559306968021,0.26469893310099746,0.81728162875566224,-0.22536738338268461,4.6133440449361059e-05,-3.7774004036184542e-05,-3.4646375783718928e-05
1,8000,21.199999999999999,5445891.0405368432,971987.52293349034,3175969.999724457,-165.2139950937611,524.00817609687817,122.52219191334544,-0.45955819097314454,0.26469312166847003,0.81728325934838297,-0.22537057137029931,4.613244764562498e-05,-3.8557898751490836e-05,-3.4645907888980288e-05
1,8000,21.399999999999999,5445857.9969021296,972092.32406168885,3175994.5040449984,-165.22235605794995,524.00310434067603,122.52101011159681,-0.45955701072872174,0.26468729260608248,0.81728492600625768,-0.22537378007632,4.6131446370815828e-05,-3.9344938366620614e-05,-3.4645446410613937e-05
1,8000,21.600000000000001,5445824.9515928049,972197.12417461595,3176019.0081271548,-165.2307412277685,523.99802341661746,122.51980808644778,-0.45955576598177489,0.26468144584366798,0.81728662887102643,-0.22537700958093018,4.6130436489415366e-05,-4.0135007046455597e-05,-3.4644991256141421e-05
1,8000,21.800000000000001,5445791.9046040056,972301.92327045766,3176043.5119668958,-165.23915084103567,523.99293352168627,122.51858599587369,-0.45955445648877918,0.26467558131367708,0.81728836807908734,-0.22538025996123159,4.6129417874271005e-05,-4.0927988881632311e-05,-3.4644542335660941e-05
1,8000,22,5445758.8559308238,972406.72134743992,3176068.0155602256,-165.24758513152537,523.98783485344836,122.5173440000824,-0.45955308201566969,0.26466969895117864,0.81729014376149245,-0.22538353129124278,4.6128390402148478e-05,-4.1723767910338582e-05,-3.4644099560890411e-05
1,8000,22.199999999999999,5445725.8055682909,972511.51840382733,3176092.51890318,-165.25604432894679,523.9827276100234,122.51608226148585,-0.45955164233784535,0.26466379869386109,0.81729195604394667,-0.22538682364189885,4.6127353949336509e-05,-4.2522228133532746e-05,-3.4643662842825929e-05
1,8000,22.399999999999999,5445692.7535114111,972616.3144379257,3176117.0219918261,-165.26452865892622,523.97761199005515,122.51480094467101,-0.45955013724016947,0.26465788048203293,0.81729380504680493,-0.22539013708105041,4.6126308404467049e-05,-4.3323253525226581e-05,-3.4643232096454198e-05
1,8000,22.600000000000001,5445659.699755135,972721.10944807832,3176141.5248222644,-165.27303834298948,523.97248819268407,122.51350021637067,-0.45954856651697357,0.26465194425862226,0.81729569088507315,-0.22539347167346438,4.6125253658901917e-05,-4.4126728053243443e-05,-3.4642807238342412e-05
1,8000,22.800000000000001,5445626.6442943653,972825.90343267075,3176166.0273906305,-165.28157359854367,523.96735641751809,122.51218024543446,-0.45954692997205671,0.26464598996917704,0.81729761366840614,-0.22539682748082435,4.6124189604281007e-05,-4.4932535694562835e-05,-3.4642388184699315e-05
1,8000,23,5445593.5871239752,972930.69639012706,3176190.5296930922,-165.29013463886048,523.96221686460433,122.51084120279964,-0.45954522741868425,0.264640017561864,0.81729957350110982,-0.22540020456173102,4.6123116141873569e-05,-4.5740560449847581e-05,-3.4641974854622735e-05
1,8000,23.199999999999999,5445560.5282387789,973035.48831891199,3176215.0317258523,-165.29872167306036,523.95706973440087,122.5094832614614,-0.45954345867958535,0.26463402698746835,0.81730157048214158,-0.22540360297170361,4.6122033174800821e-05,-4.6550686361074943e-05,-3.4641567168295547e-05
1,8000,23.399999999999999,5445527.4676335575,973140.27921752934,3176239.5334851486,-165.30733490609512,523.95191522774803,122.50810659644374,-0.45954162358694911,0.26462801819939197,0.81730360470511287,-0.22540702276318217,4.6120940607339859e-05,-4.7362797523250095e-05,-3.4641165045375515e-05
1,8000,23.600000000000001,5445494.4053030545,973245.06908452464,3176264.0349672562,-165.31597453873547,523.94675354584035,122.50671138476831,-0.45953972198242116,0.26462199115365209,0.81730567625829187,-0.22541046398552927,4.6119838354642757e-05,-4.8176778097956822e-05,-3.4640768409490402e-05
1,8000,23.800000000000001,5445461.3412419679,973349.85791848321,3176288.5361684808,-165.32464076755474,523.94158489019753,122.50529780542547,-0.45953775371709599,0.26461594580887948,0.81730778522460734,-0.22541392668503241,4.6118726333136534e-05,-4.8992512337732543e-05,-3.464037718458306e-05
1,8000,24,5445428.2754449612,973454.64571802935,3176313.0370851662,-165.33333378491594,523.93640946263702,122.50386603934314,-0.45953571865150933,0.26460988212631581,0.81730993168165189,-0.22541741090490705,4.6117604462806e-05,-4.9809884592274434e-05,-3.4639991295718239e-05
1,8000,24.199999999999999,5445395.2079066532,973559.43248182954,3176337.5377136953,-165.34205377895773,523.93122746524523,122.5024162693573,-0.45953361665563147,0.26460380006981132,0.81731211570168805,-0.22542091668530043,4.6116472669243051e-05,-5.0628779330173871e-05,-3.4639610669601581e-05
1,8000,24.399999999999999,5445362.1386216339,973664.21820859041,3176362.0380504862,-165.35080093358238,523.92603910034984,122.50094868018064,-0.45953144760885523,0.26459769960582114,0.81731433735165337,-0.22542444406329476,4.611533087975956e-05,-5.1449081148079984e-05,-3.4639235233247477e-05
1,8000,24.600000000000001,5445329.0675844578,973769.00289705873,3176386.538091993,-165.3595754284452,523.9208445704902,122.49946345837139,-0.45952921139998615,0.264591580703403,0.81731659669316703,-0.22542799307291139,4.6114179032953223e-05,-5.2270674788827137e-05,-3.4638864917675779e-05
1,8000,24.800000000000001,5445295.994789632,973873.786546021,3176411.0378347076,-165.36837743894074,523.91564407839144,122.49796079230339,-0.45952690792723011,0.2645854433342133,0.81731889378253608,-0.22543156374511614,4.6113017064807104e-05,-5.3093445162687171e-05,-3.4638499653075543e-05
1,8000,25,5445262.9202316385,973978.56915430597,3176435.5372751597,-165.37720713619305,523.91043782693487,122.49644087213481,-0.45952453709817875,0.26457928747250248,0.81732122867076507,-0.22543515610782339,4.6111844914854199e-05,-5.3917277353237747e-05,-3.4638139370095037e-05
1,8000,25.199999999999999,5445229.8439049199,974083.3507207816,3176460.0364099196,-165.38606468704495,523.90522601913074,122.49490388977694,-0.45952209882979544,0.26457311309511122,0.81732360140356242,-0.22543877018590175,4.611066252975231e-05,-5.4742056634779405e-05,-3.4637784001649964e-05
1,8000,25.399999999999999,5445196.765803894,974188.13124435709,3176484.5352355922,-165.3949502540502,523.90000885809002,122.49335003886205,-0.45951959304839951,0.26456692018146633,0.81732601202135136,-0.22544240600117976,4.610946986228559e-05,-5.5567668486249976e-05,-3.463743348288001e-05
1,8000,25.600000000000001,5445163.6859229384,974292.91072398168,3176509.0337488241,-165.40386399546284,523.8947865469969,122.49177951471303,-0.45951701968964853,0.26456070871357479,0.81732846055927855,-0.2254460635724525,4.6108266865750607e-05,-5.6393998612318475e-05,-3.4637087749045112e-05
1,8000,25.800000000000001,5445130.6042564055,974397.68915864592,3176533.531946301,-165.41280606522957,523.88955928908092,122.490192514311,-0.45951437869851997,0.26455447867601861,0.81733094704722531,-0.22544974291548722,4.6107053496512895e-05,-5.7220932949836252e-05,-3.4636746735906283e-05
1,8000,26,5445097.5207986152,974502.4665473809,3176558.0298247463,-165.421776612983,523.88432728758892,122.48858923626334,-0.45951167002929161,0.26454823005595007,0.81733347150981861,-0.22545344404303116,4.6105829720589699e-05,-5.804835768797168e-05,-3.463641038259617e-05
1,8000,26.199999999999999,5445064.4355438547,974607.24288925889,3176582.5273809237,-165.43077578403216,523.87909074575805,122.4869698807729,-0.45950889364552105,0.26454196284308501,0.8173360339664435,-0.22545716696481827,4.6104595502434518e-05,-5.8876159284475262e-05,-3.4636078627490883e-05
1,8000,26.399999999999999,5445031.3484863862,974712.01818339108,3176607.0246116403,-165.43980371935822,523.87384986678876,122.48533464960514,-0.45950604952002333,0.26453567702969677,0.81733863443125454,-0.22546091168757776,4.61033508123576e-05,-5.9704224473878365e-05,-3.4635751410847386e-05
1,8000,26.600000000000001,5444998.2596204411,974816.79242893052,3176631.5215137382,-165.44886055560755,523.86860485381612,122.4836837460563,-0.45950313763484746,0.2645293726106096,0.81734127291319136,-0.22546467821504093,4.610209562319991e-05,-6.0532440285197104e-05,-3.4635428673266259e-05
1,8000,26.800000000000001,5444965.1689402284,974921.56562507059,3176656.0180841056,-165.45794642508639,523.86335590988335,122.48201737492128,-0.45950015798125221,0.26452304958319128,0.81734394941599009,-0.2254684665479505,4.6100829914350433e-05,-6.1360694057084383e-05,-3.4635110357527888e-05
1,8000,27,5444932.0764399292,975026.33777104609,3176680.5143196709,-165.46706145575712,523.85810323791486,122.48033574246092,-0.45949711055968179,0.264516707947347,0.81734666393819944,-0.22547227668406961,4.6099553667759677e-05,-6.2188873449768982e-05,-3.4634796407320179e-05
1,8000,27.199999999999999,5444898.9821136957,975131.10886613105,3176705.0102174003,-165.4762057712332,523.85284704068852,122.47863905637003,-0.45949399537973729,0.26451034770551074,0.81734941647319581,-0.22547610861819034,4.6098266866925603e-05,-6.3016866464729943e-05,-3.4634486766385182e-05
1,8000,27.399999999999999,5444865.8859556606,975235.8789096406,3176729.5057743038,-165.48537949077618,523.84758752080893,122.47692752574476,-0.45949081246014972,0.26450396886263855,0.81735220700919953,-0.22547996234214396,4.6096969504069603e-05,-6.3844561452206024e-05,-3.4634181381329607e-05
1,8000,27.600000000000001,5444832.7879599296,975340.64790093096,3176754.0009874338,-165.49458272929232,523.84232488068108,122.4752013610501,-0.45948756182875133,0.26449757142619884,0.81735503552929045,-0.2254838378448106,4.6095661570893227e-05,-6.467184712996873e-05,-3.463388019860275e-05
1,8000,27.800000000000001,5444799.6881205924,975445.4158393984,3176778.4958538855,-165.50381559733103,523.83705932248233,122.47346077408692,-0.45948424352244466,0.26449115540616491,0.81735790201142655,-0.22548773511212972,4.6094343065176408e-05,-6.5498612592654123e-05,-3.4633583166281844e-05
1,8000,28,5444766.586431711,975550.18272447877,3176802.9903707965,-165.51307820108326,523.83179104813746,122.47170597795923,-0.459480857587172,0.26448472081500596,0.81736080642846143,-0.22549165412711111,4.6093013988196229e-05,-6.6324747331169954e-05,-3.4633290233817257e-05
1,8000,28.199999999999999,5444733.4828873258,975654.94855564961,3176827.4845353444,-165.52237064237929,523.82652025929076,122.46993718704179,-0.4594774040778824,0.26447826766767824,0.81736374874816231,-0.22549559486984522,4.609167434142179e-05,-6.7150141244953917e-05,-3.4633001350047399e-05
1,8000,28.399999999999999,5444700.3774814596,975759.71333242801,3176851.9783447515,-165.5316930186894,523.82124715728082,122.46815461694688,-0.45947388305849818,0.26447179598161524,0.81736672893323059,-0.22549955731751514,4.6090324132230036e-05,-6.7974684652382297e-05,-3.4632716465603977e-05
1,8000,28.600000000000001,5444667.2702081176,975864.4770543715,3176876.4717962858,-165.54104542312339,523.81597194311257,122.46635848449122,-0.45947029460188044,0.26446530577671806,0.81736974694132047,-0.22550354144440862,4.6088963374064567e-05,-6.8798268306753782e-05,-3.4632435533091854e-05
1,8000,28.800000000000001,5444634.1610612841,975969.23972107784,3176900.9648872553,-165.55042794443162,523.81069481743327,122.46454900766342,-0.45946663878979377,0.26445879707534586,0.81737280272505974,-0.22550754722192984,4.6087592080260817e-05,-6.9620783412130145e-05,-3.4632158505101436e-05
1,8000,29,5444601.0500349272,976074.0013321843,3176925.4576150128,-165.5598406670056,523.80541598050456,122.46272640559042,-0.45946291571286829,0.26445226990230475,0.81737589623207174,-0.22551157461861207,4.6086210268108025e-05,-7.0442121632004721e-05,-3.4631885335072561e-05
1,8000,29.199999999999999,5444567.9371229997,976178.7618873691,3176949.9499769555,-165.56928367088082,523.8001356321779,122.46089089850452,-0.45945912547056289,0.26444572428483792,0.81737902740499602,-0.22551562360013039,4.6084817959917526e-05,-7.1262175105903081e-05,-3.4631615977940924e-05
1,8000,29.399999999999999,5444534.8223194331,976283.52138634969,3176974.4419705272,-165.57875703173846,523.79485397186818,122.45904270771031,-0.45945526817112514,0.26443916025261449,0.81738219618151187,-0.22551969412931566,4.6083415179136112e-05,-7.2080836461959838e-05,-3.4631350388924582e-05
1,8000,29.600000000000001,5444501.7056181561,976388.27982888382,3176998.9335932089,-165.58826082090874,523.78957119852862,122.45718205555136,-0.45945134393155185,0.2644325778377184,0.81738540249436009,-0.22552378616616692,4.608200195572101e-05,-7.289799882966392e-05,-3.463108852514733e-05
1,8000,29.800000000000001,5444468.5870130714,976493.037214768,3177023.4248425327,-165.59779510537473,523.78428751062404,122.4553091653769,-0.45944735287754762,0.26442597707463616,0.81738864627136754,-0.22552789966786649,4.6080578321849549e-05,-7.3713555854034056e-05,-3.4630830344565938e-05
1,8000,30,5444435.466498076,976597.79354384006,3177047.9157160749,-165.60735994777636,523.77900310610767,122.45342426150847,-0.45944329514348309,0.26441935800024641,0.8173919274354714,-0.22553203458879342,4.6079144312469422e-05,-7.4527401707338332e-05,-3.4630575805934758e-05
1,125,0,5449387.1886701053,960873.98968958983,3173373.7226977898,-164.25920388466952,524.37909372357376,122.46685922246991,-0.4596025466373429,0.26528821767178801,0.81715181143612925,-0.22505683227942219,4.6065767489679164e-05,-4.4603350013895701e-05,-3.4727227796748039e-05
1,125,0.20000000000000001,5449354.335879433,960978.86513110332,3173398.2160692024,-164.26869887412951,524.37532065214612,122.46685630065693,-0.45960101139852139,0.26528228435892665,0.81715368586399517,-0.22506015552659006,4.6179440614702099e-05,-4.2588104547537077e-05,-3.4728766481643322e-05
1,125,0.40000000000000002,5449321.4811921138,961083.73981751991,3173422.709440615,-164.27817059607682,524.37154260782927,122.4668559263859,-0.45959954227974387,0.26527636579756608,0.81715552261356239,-0.22506346293355015,4.6208018077007192e-05,-4.263691694254431e-05,-3.4728959235524613e-05
1,125,0.59999999999999998,5449288.6246125614,961188.61374775635,3173447.2028120281,-164.28762189516218,524.36775871530801,122.46685594071246,-0.45959804798121912,0.26527043961251956,0.81715737333886407,-0.22506677977338641,4.6212430121930027e-05,-4.3084893848008525e-05,-3.4727655832089585e-05
1,125,0.80000000000000004,5449255.766144448,961293.48692057061,3173471.6961832047,-164.29705686380228,524.36396829206308,122.46685397386106,-0.4595965160808349,0.26526450316643929,0.81715924508740745,-0.22507010893141596,4.6210940043225072e-05,-4.353115402436729e-05,-3.4725817699355537e-05
1,125,1,5449222.9057906717,961398.359334604,3173496.1895534508,-164.30647906222799,524.36017083313129,122.46684807905298,-0.4595949503638927,0.26525855768793266,0.81716113574139293,-0.2250734489164937,4.6208228201159712e-05,-4.3907152637347258e-05,-3.4723867148208232e-05
1,125,1.2,5449190.0377635267,961503.23086446314,3173520.6806231863,-164.38646557707449,524.35246293104103,122.43585153497546,-0.45842239984045169,0.26492993910202606,0.81782051202646411,-0.22545651642986517,4.6314863023683981e-05,-0.022633308653422529,-3.4737608934707152e-05
1,125,1.3999999999999999,5449157.1449015429,961608.09925717139,3173545.1602421766,-164.55875999681601,524.32919778840937,122.3513780109074,-0.45640526033247447,0.26436789998901422,0.81894893617973874,-0.22611167976537455,4.6606786039602176e-05,-0.025380844345130538,-3.49124697875042e-05
1,125,1.6000000000000001,5449124.207996279,961712.96177739685,3173569.6179047483,-164.82457629447427,524.29440284519706,122.21797208473316,-0.45437002201144489,0.26379998378602504,0.8200808699279688,-0.2267704090704917,4.677073933486613e-05,-0.024119658672131047,-3.5143046394258056e-05
1,125,1.8,5449091.2099770159,961817.81648299925,3173594.0448808633,-165.16684561891759,524.25154916890131,122.04626201003653,-0.45246383389268474,0.26326692864840218,0.82113510097981479,-0.22738546399899728,4.676929124135315e-05,-0.022404077961027707,-3.5350680105268393e-05
1,125,2,5449058.1373104649,961922.66203405289,3173618.4344978151,-165.56844505095833,524.20322877062176,121.84580579793345,-0.45068761173801358,0.26276915364821246,0.82211232427576286,-0.22795695819779446,4.6659512143734392e-05,-0.020935870512942167,-3.5514991650614372e-05
1,125,2.2000000000000002,5449024.9909037165,962027.49768877553,3173642.7861737385,-165.87589856777311,524.15920318491703,121.68555304156499,-0.4513577857557774,0.26294935080068638,0.82174556479394911,-0.22774550465950597,4.6270012692761558e-05,0.026257344374078877,-3.5609737427408726e-05
1,125,2.3999999999999999,5448991.7973975614,962132.32789276459,3173667.1152872597,-166.030425071303,524.14752197041457,121.62203340726586,-0.45389736194253499,0.26364698760361283,0.82034654565020881,-0.22693390180605,4.5423045808010612e-05,0.032625730179372175,-3.5334904263057056e-05
1,125,2.6000000000000001,5448958.5896509858,962237.15829183429,3173691.4410066232,-166.02218741593796,524.15980611905059,121.64850140489864,-0.45649023581993892,0.26435809257178489,0.81890755829666451,-0.22610146938368042,4.4765532121828448e-05,0.030102264022356086,-3.4910313741229376e-05
1,125,2.7999999999999998,5448925.3973104516,962341.99292424344,3173715.7793169394,-165.88206859044118,524.18878021004934,121.74449731955426,-0.45880798041632426,0.26499205259402958,0.81761226469485371,-0.22535446254478614,4.4404964937172934e-05,0.026533390369769448,-3.4511060595891344e-05
1,125,3,5448892.2434673114,962446.83453537105,3173740.1421724032,-165.64205989917841,524.22877270849779,121.8911402939943,-0.46084928243181272,0.26554887696801566,0.81646443168867711,-0.22469438046020279,4.4254831569846572e-05,0.02350620283515829,-3.4184815699199392e-05
1,125,3.2000000000000002,5448859.1396906162,962551.68478962849,3173764.5359196365,-165.39740812050329,524.2718078295585,122.04327003752786,-0.46152554751729724,0.26572958528199925,0.81608335554663958,-0.22447697720357207,4.4364519109891226e-05,-0.00084402273367018357,-3.3950764819602539e-05
1,125,3.3999999999999999,5448826.0820230758,962656.54246211669,3173788.9575744835,-165.18748659859892,524.30316641769525,122.16806472170884,-0.4612345876637936,0.26564418198454387,0.81624883662499492,-0.22457439842670215,4.4779561143287225e-05,-0.0049351945407969632,-3.3937468732273438e-05
1,125,3.6000000000000001,5448793.06139082,962761.40544852975,3173813.4011683594,-165.02661421416329,524.32539066237428,122.26337358936307,-0.46083390721902329,0.26552853954609779,0.81647611547801324,-0.22470749319437311,4.5145815683038314e-05,-0.0046618660806398435,-3.4027037604756323e-05
1,125,3.7999999999999998,5448760.068582803,962866.27216775063,3173837.8613305166,-164.90762667571275,524.34083577728825,122.33476969170557,-0.46049433830693592,0.26542966179506683,0.81666867841191937,-0.22482065903191123,4.5393021388805444e-05,-0.0036858458864670596,-3.4133061613352204e-05
1,125,4,5448727.0961880824,962971.14145020104,3173862.3338670349,-164.82097921025652,524.35127588974808,122.38798697473493,-0.4602333529243921,0.26535237815372908,0.81681678302805716,-0.22490824624239225,4.5559848195731413e-05,-0.0027827402881962205,-3.4229219721580571e-05
1,125,4.2000000000000002,5448694.1385772694,963076.01243248105,3173886.8156232848,-164.75860331032871,524.35802021043321,122.42763620199622,-0.4600383265982379,0.26529322954137763,0.81692763849250294,-0.22497438495806957,4.5681185414278805e-05,-0.0020722703536747329,-3.4311006769925804e-05
1,125,4.4000000000000004,5448661.1915463014,963180.88447664061,3173911.3042518846,-164.7142863923068,524.36203150115216,122.45721131342047,-0.45989394135019868,0.26524800847315888,0.81700992987232046,-0.22502406804701822,4.5775311197572351e-05,-0.0015366287807715398,-3.4379418547805901e-05
1,125,4.5999999999999996,5448628.2519719563,963285.75711051933,3173935.7980112429,-164.68336991440225,524.36401826104532,122.4793155430613,-0.45978747017045929,0.26521321639777917,0.81707085450070094,-0.22506143794015104,4.5850940273335568e-05,-0.0011378248219990575,-3.4436350242750364e-05
1,125,4.7999999999999998,5448595.3175379131,963390.62998408207,3173960.2956098276,-164.66238870347661,524.36450265957103,122.49587921937173,-0.45970917152968438,0.26518617431391694,0.81711591250599425,-0.22508966234311342,4.5912637589961774e-05,-0.00084200533780078772,-3.4483593580767988e-05
1,125,5,5448562.3865269888,963495.50283733779,3173984.7960896706,-164.64877165007775,524.36387008220197,122.50833203430206,-0.45965176005450725,0.26516487817599194,0.81714921259109818,-0.22511110861628583,4.5963251660127633e-05,-0.00062280987717595253,-3.4522692641528116e-05
1,125,5.2000000000000002,5448529.4576664595,963600.37547679723,3174009.2987397709,-164.64061246919724,524.36240528652093,122.51773276091131,-0.45960982435976133,0.26514783921017931,0.81717380406303541,-0.22512753422740206,4.6004837339310013e-05,-0.00046043890173013129,-3.4554959510215241e-05
1,125,5.4000000000000004,5448496.5300131226,963705.24775812938,3174033.8030320359,-164.63649811183674,524.36031886376884,122.52486560021543,-0.45957935267882255,0.26513395362097381,0.81719194615887703,-0.22514024154222811,4.6038998280029118e-05,-0.00034017517435214688,-3.4581506991935189e-05
1,125,5.5999999999999996,5448463.6028679404,963810.11957337882,3174058.3085738835,-164.63538121877679,524.35776666205231,122.53031149112738,-0.45955737211369568,0.2651224034302655,0.81720531230997939,-0.22515019535337447,4.606702983357372e-05,-0.00025111074192811115,-3.4603277331085309e-05
1,125,5.7999999999999998,5448430.6757129757,963914.99084150128,3174082.8150731097,-164.63648550999596,524.3548640779353,122.53450086117715,-0.45954167959074665,0.2651125824877073,0.81721514219450431,-0.22515811043271419,4.6089993522268509e-05,-0.00018516608157080879,-3.4621066400095572e-05
1,125,6,5448397.7481643567,964019.8615013985,3174107.3223119057,-164.63923564636571,524.35169659211454,122.53775265814365,-0.45953064231760776,0.26510404157630918,0.81722235435659674,-0.22516451641174362,4.6108764944307556e-05,-0.00013635664452643393,-3.4635544556773985e-05
1,125,6.2000000000000002,5448364.8199376771,964124.73150673835,3174131.8301275675,-164.64320524055827,524.34832754739932,122.54030324201369,-0.45952304998966992,0.2650964477452058,0.81722762953461026,-0.22516980580510035,4.6124068656991307e-05,-0.00010024894812476347,-3.4647274829866569e-05
1,125,6.4000000000000004,5448331.8908222131,964229.60082213779,3174156.3383982372,-164.64807832102611,524.34480389700605,122.54232777902783,-0.45951800534233694,0.26508955418936303,0.81723147232314297,-0.22517426955678768,4.6136505253140785e-05,-7.355803423232569e-05,-3.465672883869098e-05
1,125,6.5999999999999996,5448298.9606618509,964334.46942033351,3174180.8470323356,-164.65362076710639,524.34116045625353,122.54395608818999,-0.45951484308731239,0.26508317793870656,0.81723425681827955,-0.22517812335800522,4.6146572923182503e-05,-5.3849601951732023e-05,-3.4664300648657559e-05
1,125,6.7999999999999998,5448266.0293409359,964439.33728007297,3174205.355960723,-164.65965913463376,524.33742304916655,122.54528438130104,-0.45951306985965013,0.26507718332933261,0.81723626041810238,-0.22518152713795872,4.6154684970952658e-05,-3.9319531731919747e-05,-3.4670318778288812e-05
1,125,7,5448233.0967737697,964544.20438457653,3174229.8651308767,-164.66606495957382,524.33361083828152,122.54638396209623,-0.45951231972193979,0.26507146975660001,0.81723768885920345,-0.22518459950206476,4.6161184130742853e-05,-2.8630636467303545e-05,-3.46750565227629e-05
1,125,7.2000000000000002,5448200.1628968464,964649.07072037808,3174254.3745026104,-164.67274312224308,524.32973805020697,122.54730767292691,-0.45951232119081026,0.26506596259987025,0.81723869476564004,-0.22518742842927733,4.6166354457181364e-05,-2.0791749553474123e-05,-3.4678740811105889e-05
1,125,7.4000000000000004,5448167.2276631016,964753.93627646961,3174278.8840448554,-164.67962322156652,524.32581525401713,122.54809467263864,-0.45951287279941966,0.26506060649698171,0.81723939139366086,-0.22519007919887438,4.6170431160503168e-05,-1.5068149180191206e-05,-3.468155974728728e-05
1,125,7.5999999999999996,5448134.2910376033,964858.80104367482,3174303.393733318,-164.68665318062745,524.32185030847916,122.54877397786606,-0.45951382498474858,0.26505536035980365,0.81723986281775318,-0.22519260026484114,4.6173608803638653e-05,-1.0915185819315994e-05,-3.4683669000672148e-05
1,125,7.7999999999999998,5448101.3529944252,964963.6650141771,3174327.903548711,-164.69379450631138,524.31784906401356,122.54936708792766,-0.45951506666193276,0.26505019367999272,0.81724017148008621,-0.22519502760957499,4.6176048185711788e-05,-7.9290959147411642e-06,-3.4685197223884845e-05
1,125,8,5448068.4135142639,965068.52818117302,3174352.4134754785,-164.70101877514719,524.31381588295062,122.5498899305172,-0.45951651527233811,0.26504508379093522,0.81724036378619025,-0.22519738797072841,4.6177882046702328e-05,-5.81054807642425e-06,-3.4686250599956598e-05
1,125,8.1999999999999993,5448035.4725827649,965173.39053861937,3174376.9235007958,-164.70830502814061,524.30975402512854,122.55035430399136,-0.45951810940635468,0.26504001383836417,0.81724047425268942,-0.22519970123294664,4.6179219843458961e-05,-4.3376238637954051e-06,-3.4686916660647459e-05
1,125,8.4000000000000004,5448002.5301891519,965278.25208103633,3174401.4336138912,-164.71563783950126,524.30566593371611,122.55076894650178,-0.45951980333464726,0.26503497127621817,0.81724052858188245,-0.22520198220066123,4.618015176809353e-05,-3.3457902772136763e-06,-3.4687267495225198e-05
1,125,8.5999999999999996,5447969.5863252925,965383.11280336778,3174425.9438054953,-164.72300588489784,524.30155344706793,122.55114032853912,-0.45952156295409091,0.26502994675180536,0.81724054594087969,-0.22520424191213112,4.6180752012880382e-05,-2.7130542393838995e-06,-3.4687362397770926e-05
1,125,8.8000000000000007,5447936.6409850055,965487.97270088212,3174450.4540674617,-164.73040088006621,524.29741795577024,122.55147324044258,-0.4595233627823927,0.26502493327952931,0.81724054065112295,-0.22520648861345655,4.6181081561111838e-05,-2.3489578130732807e-06,-3.4687250093674077e-05
1,125,9,5447903.6941635497,965592.83176908817,3174474.9643924683,-164.73781679395617,524.29326051904707,122.55177122792001,-0.45952518373011308,0.26501992562848442,0.81724052344083542,-0.22520872848055398,4.6181190509702134e-05,-2.1864204475063755e-06,-3.4686970597918375e-05
1,125,9.1999999999999993,5447870.7458571885,965697.69000368239,3174499.4747737995,-164.74524926540545,524.28908195104998,122.55203691490267,-0.45952701144899127,0.2650149198685835,0.81724050237347678,-0.22521096615430225,4.6181119965670539e-05,-2.175691556318235e-06,-3.4686556743682907e-05
1,125,9.4000000000000004,5447837.7960629519,965802.5474005033,3174523.9852052084,-164.75269517068847,524.28488288482401,122.55227224287587,-0.45952883510749282,0.26500991303417293,0.81724048353602463,-0.22521320513721083,4.6180903588788301e-05,-2.2798674795539509e-06,-3.4686035435234485e-05
1,125,9.5999999999999996,5447804.8447783794,965907.40395550313,3174548.4956807666,-164.76015230292435,524.28066381971212,122.55247864829873,-0.45953064648308029,0.26500490287475392,0.81724047154919999,-0.22521544808743904,4.6180568951713821e-05,-2.4715681067675464e-06,-3.4685428712909259e-05
1,125,9.8000000000000007,5447771.8920013877,966012.25966472295,3174573.0061948095,-164.7676191343906,524.27642515649552,122.55265719412297,-0.45953243928928567,0.26499988767023414,0.81724046994570543,-0.22521769703672218,4.6180138601817179e-05,-2.7304731847066373e-06,-3.4684754614990194e-05
1,125,10,5447738.9377301512,966117.11452427984,3174597.5167418411,-164.77509464032246,524.27216722344122,122.55280866728876,-0.45953420867684092,0.26499486609403206,0.81724048145061712,-0.22521995355189844,4.6179630945426256e-05,-3.0414959061927222e-06,-3.4684027887093109e-05
1,125,10.199999999999999,5447705.9819630012,966221.96853034594,3174622.0273165111,-164.7825781682678,524.26789029559768,122.55293365099531,-0.45953595086385651,0.26498983711163182,0.8172405081892351,-0.22522221885462995,4.6179061003945838e-05,-3.3934289506381281e-06,-3.4683260578430449e-05
1,125,10.4,5447673.0246983767,966326.82167914801,3174646.5379135627,-164.79006934123063,524.26359460910533,122.55303257827673,-0.45953766286167103,0.26498479990541723,0.81724055184116073,-0.22522449391013022,4.617844098397063e-05,-3.7779407468842292e-06,-3.468246251134072e-05
1,125,10.6,5447640.0659347679,966431.67396695446,3174671.0485278256,-164.79756798585561,524.25928037177732,122.55310577171198,-0.4595393422716173,0.26497975381898242,0.8172406137545084,-0.22522677949292644,4.6177780852380763e-05,-4.1888313827243209e-06,-3.4681641708343373e-05
1,125,10.800000000000001,5447607.1056706896,966536.52539007377,3174695.5591541766,-164.80507407917841,524.25494777096424,122.55315347286282,-0.45954098713436936,0.26497469831587389,0.81724069503056584,-0.22522907623559341,4.6177088664913351e-05,-4.6214809814718338e-06,-3.4680804690219264e-05
1,125,11,5447574.1439046385,966641.37594485038,3174720.0697875405,-164.81258770913772,524.25059697935569,122.55317586409214,-0.45954259581826956,0.26496963294901998,0.81724079658654736,-0.22523138466486814,4.6176370964236549e-05,-5.0724407740313172e-06,-3.4679956766399327e-05
1,125,11.199999999999999,5447541.1806350946,966746.22562766389,3174744.5804227917,-164.82010904528505,524.24622815928944,122.55317308473636,-0.4595441669365592,0.26496455733810154,0.8172409192020984,-0.22523370522840785,4.6175633021437803e-05,-5.5391299618308612e-06,-3.4679102242928152e-05
1,125,11.4,5447508.2158604916,966851.07443492301,3174769.0910550235,-164.8276383170743,524.24184146593007,122.55314524308787,-0.45954569928602734,0.26495947115278212,0.81724106355376502,-0.22523603831462019,4.6174879082470062e-05,-6.0196109405583576e-06,-3.4678244608829539e-05
1,125,11.6,5447475.2495792164,966955.92236306891,3174793.6016792036,-164.83517579774008,524.23743704962453,122.55309242527569,-0.45954719180154147,0.26495437410029338,0.81724123024054118,-0.22523838426734852,4.6174112539168728e-05,-6.5124227766305171e-06,-3.4677386679799956e-05
1,125,11.800000000000001,5447442.2817896027,967060.7694085713,3174818.1122903326,-164.84272179234134,524.23301505763834,122.55301470185071,-0.45954864352235436,0.26494926591624446,0.8172414198027933,-0.22524074339675357,4.6173336116112366e-05,-7.0164576689966027e-06,-3.4676530731661599e-05
1,125,12,5447409.3124899101,967165.61556792946,3174842.6228834279,-164.85027662888044,524.22857563543857,122.55291213265801,-0.45955005356714562,0.2649441463578191,0.81724163273627903,-0.22524311598737232,4.6172551970835654e-05,-7.5308693971124055e-06,-3.4675678593491284e-05
1,125,12.199999999999999,5447376.3416783381,967270.460837672,3174867.1334535307,-164.85784065171828,524.22411892763876,122.55278477044725,-0.45955142111552716,0.26493901519874219,0.81724186950253708,-0.22524550230408169,4.6171761784701267e-05,-8.0550054577627851e-06,-3.4674831721196757e-05
1,125,12.4,5447343.369353014,967375.30521435605,3174891.6439956902,-164.86541421667025,524.21964507869097,122.55263266354419,-0.45955274539435081,0.26493387222555886,0.8172421305365728,-0.22524790259651636,4.617096688657341e-05,-8.5883567579551545e-06,-3.4673991280870802e-05
1,125,12.6,5447310.3955119951,967480.14869456959,3174916.1545049506,-164.87299768736807,524.21515423339372,122.55245585782926,-0.45955402566757242,0.26492871723488076,0.81724241625255079,-0.22525031710233312,4.6170168271636595e-05,-9.1305203349776102e-06,-3.4673158183926568e-05
1,125,12.800000000000001,5447277.4201532565,967584.99127492611,3174940.6649763859,-164.88059143254387,524.21064653725807,122.55225439820087,-0.45955526122875062,0.26492355003135593,0.81724272704800549,-0.22525274604962714,4.6169366722424242e-05,-9.6811717086300375e-06,-3.4672333156060075e-05
1,125,13,5447244.4432747122,967689.83295207052,3174965.1754050716,-164.88819582401018,524.20612213678021,122.55202832965144,-0.45955645139549778,0.2649183704261649,0.8172430633069564,-0.22525518965871802,4.6168562793769462e-05,-1.0240044387898197e-05,-3.467151675322652e-05
1,125,13.199999999999999,5447211.4648741968,967794.67372268217,3174989.6857860819,-164.89581123515188,524.20158117962944,122.55177769806788,-0.45955759550538999,0.26491317823591903,0.8172434254022013,-0.22525764814346602,4.6167756889304535e-05,-1.0806914700048099e-05,-3.4670709402896999e-05
1,125,13.4,5447178.484949464,967899.51358345419,3175014.1961145136,-164.90343803979275,524.19702381478351,122.55150255081675,-0.45955869291293761,0.26490797328183641,0.81724381369701882,-0.22526012171224374,4.6166949271427169e-05,-1.1381590533645338e-05,-3.4669911422399076e-05
1,125,13.6,5447145.5034982013,968004.35253112484,3175038.7063854686,-164.91107661134973,524.19245019262405,122.55120293717208,-0.45955974298736108,0.26490275538915414,0.8172442285464121,-0.22526261056865279,4.6166140101745416e-05,-1.1963902994575014e-05,-3.4669123044603304e-05
1,125,13.800000000000001,5447112.5205180179,968109.19056245836,3175063.2165940618,-164.91872732219011,524.18786046499656,122.55087890863287,-0.45956074511095363,0.26489752438668168,0.81724467029802939,-0.22526511491204676,4.6165329452290694e-05,-1.2553700241162187e-05,-3.4668344430038866e-05
1,125,14,5447079.5360064423,968214.02767424786,3175087.7267354103,-164.9263905431479,524.18325478525321,122.55053051915107,-0.4595616986778791,0.2648922801064818,0.81724513929283726,-0.22526763493791652,4.6164517311358376e-05,-1.3150842899816342e-05,-3.4667575676300465e-05
1,125,14.199999999999999,5447046.5499609439,968318.86386331951,3175112.2368046506,-164.93406664315177,524.17863330827197,122.55015782529532,-0.459562603093294,0.26488702238364048,0.81724563586561016,-0.22527017083817127,4.6163703631440228e-05,-1.3755200675354758e-05,-3.466681684094922e-05
1,125,14.4,5447013.5623789076,968423.69912652834,3175136.7467969228,-164.94175598894446,524.17399619046546,122.54976088637031,-0.45956345777271268,0.26488175105609063,0.8172461603452883,-0.22527272280134339,4.6162888319211866e-05,-1.4366649852990252e-05,-3.4666067944885215e-05
1,125,14.6,5446980.5732576419,968528.5334607634,3175161.2567073912,-164.94945894485576,524.16934358978358,122.54933976449854,-0.45956426214154938,0.26487646596449466,0.81724671305523244,-0.22527529101273308,4.6162071250914432e-05,-1.4985071432394804e-05,-3.4665328981561354e-05
1,125,14.800000000000001,5446947.5825943938,968633.36686294351,3175185.7665312211,-164.95717587263405,524.16467566571293,122.54889452467577,-0.45956501563478463,0.26487116695215673,0.81724729431341181,-0.2252778756545139,4.6161252238823735e-05,-1.5610349767765289e-05,-3.4664599906055169e-05
1,125,15,5446914.5903863339,968738.19933001953,3175210.276263597,-164.9649071313022,524.15999257925205,122.54842523480897,-0.45956571769673649,0.26486585386496753,0.81724790443252759,-0.22528047690580602,4.6160431113545489e-05,-1.6242371544892812e-05,-3.4663880666105406e-05
1,125,15.199999999999999,5446881.5966305546,968843.03085897618,3175234.785899716,-164.97265307704689,524.15529449290273,122.54793196573645,-0.45956636778090021,0.264860526551353,0.81724854372010691,-0.22528309494272936,4.6159607662317271e-05,-1.6881025043931135e-05,-3.4663171186329425e-05
1,125,15.4,5446848.6013240935,968947.86144682846,3175259.2954347902,-164.98041406312558,524.15058157065403,122.54741479124226,-0.45956696534984343,0.26485518486225323,0.81724921247855897,-0.22528572993843346,4.6158781684711311e-05,-1.7526199585906319e-05,-3.4662471387576591e-05
1,125,15.6,5446815.6044639042,969052.69109062757,3175283.8048640443,-164.98819043978656,524.14585397795554,122.54687378805629,-0.45956750987513262,0.26484982865110712,0.81724991100521294,-0.22528838206312454,4.6157952946463641e-05,-1.8177785128298505e-05,-3.4661781172248319e-05
1,125,15.800000000000001,5446782.6060468713,969157.51978745335,3175308.3141827225,-164.99598255420059,524.14111188169727,122.5463090358533,-0.45956800083729665,0.26484445777383764,0.8172506395923429,-0.22529105148407225,4.6157121218297199e-05,-1.8835671972278238e-05,-3.4661100438435332e-05
1,125,16,5446749.6060698135,969262.34753442439,3175332.8233860834,-165.00379075040337,524.13635545018519,122.54572061724463,-0.45956843772580724,0.26483907208884694,0.81725139852717488,-0.22529373836561975,4.6156286275754556e-05,-1.9499750550041328e-05,-3.4660429083500661e-05
1,125,16.199999999999999,5446716.6045294851,969367.17432868935,3175357.3324693972,-165.01161536924008,524.13158485311544,122.54510861776629,-0.45956882003907423,0.26483367145702053,0.81725218809188915,-0.22529644286918399,4.615544787258017e-05,-2.0169911264772692e-05,-3.4659766991979241e-05
1,125,16.399999999999999,5446683.6014225567,969472.00016743259,3175381.8414279618,-165.01945674831848,524.12680026155329,122.54447312586666,-0.45956914728445181,0.26482825574172575,0.81725300856361749,-0.22529916515325313,4.6154605775270629e-05,-2.0846044388066133e-05,-3.4659114051237538e-05
1,125,16.600000000000001,5446650.5967456494,969576.82504787145,3175406.3502570903,-165.0273152219614,524.12200184790197,122.54381423288923,-0.45956941897825132,0.26482282480881753,0.81725386021443414,-0.22530190537338393,4.615375974131177e-05,-2.1528039969440793e-05,-3.4658470142024411e-05
1,125,16.800000000000001,5446617.5904953042,969681.64896726073,3175430.8589521032,-165.03519112116675,524.11718978587578,122.54313203305561,-0.45956963464576428,0.26481737852664639,0.8172547433113424,-0.22530466368219207,4.615290954038281e-05,-2.2215787792836784e-05,-3.4657835147795893e-05
1,125,17,5446584.5826680185,969786.47192288737,3175455.3675083546,-165.04308477357029,524.11236425048037,122.54242662344642,-0.45956979382128521,0.26481191676605959,0.81725565811626277,-0.22530744022934807,4.6152054937838005e-05,-2.2909177334002911e-05,-3.4657208950254353e-05
1,125,17.199999999999999,5446551.5732601946,969891.29391207453,3175479.8759212135,-165.05099650340409,524.10752541797444,122.54169810398155,-0.4595698960481352,0.2648064394004121,0.81725660488601859,-0.22531023516156579,4.6151195700225006e-05,-2.3608097751850432e-05,-3.4656591428566096e-05
1,125,17.399999999999999,5446518.5622682003,969996.11493218096,3175504.3841860639,-165.05892663146122,524.10267346585226,122.54094657739863,-0.45956994087869518,0.26480094630557355,0.81725758387231617,-0.22531304862259893,4.6150331606139707e-05,-2.4312437861745881e-05,-3.4655982467082345e-05
1,125,17.600000000000001,5446485.5496883057,970100.93498059851,3175528.8922983184,-165.06687547506269,524.097808572811,122.54017214923481,-0.4595699278744193,0.26479543735993061,0.81725859532173839,-0.22531588075322839,4.6149462414132831e-05,-2.5022086139970667e-05,-3.4655381940257863e-05
1,125,17.800000000000001,5446452.5355167426,970205.75405475916,3175553.4002534058,-165.0748433480195,524.09293091872519,122.53937492779994,-0.45956985660588134,0.26478991244440525,0.81725963947571711,-0.2253187316912528,4.6148587903054011e-05,-2.5736930709234178e-05,-3.465478972840255e-05
1,125,18,5446419.5197496703,970310.57215212821,3175577.9080467797,-165.08283056060276,524.08804068461302,122.53855502415657,-0.45956972665278961,0.2647843714424527,0.81726071657052435,-0.22532160157148418,4.6147707867267993e-05,-2.6456859361646797e-05,-3.4654205718308501e-05
1,125,18.199999999999999,5446386.5023832051,970415.38927020598,3175602.4156739116,-165.09083741951207,524.08313805261878,122.53771255209791,-0.45956953760402125,0.2647788142400741,0.81726182683725301,-0.22532449052573547,4.6146822089718336e-05,-2.7181759556234552e-05,-3.4653629792364698e-05
1,125,18.399999999999999,5446353.4834133759,970520.20540653379,3175626.9231303036,-165.09886422784356,524.07822320597529,122.53684762812158,-0.45956928905764433,0.26477324072581809,0.81726297050180541,-0.22532739868281526,4.6145930358417638e-05,-2.79115184272923e-05,-3.4653061834489984e-05
1,125,18.600000000000001,5446320.462836165,970625.02055868669,3175651.4304114752,-165.10691128505914,524.07329632897915,122.53596037140804,-0.45956898062094742,0.26476765079079345,0.81726414778487488,-0.22533032616851695,4.6145032472868456e-05,-2.8646022803950629e-05,-3.4652501731312604e-05
1,125,18.800000000000001,5446287.4406474996,970729.83472427633,3175675.9375129752,-165.11497888695666,524.06835760696538,122.53505090379561,-0.45956861191046322,0.26476204432867367,0.8172653589019313,-0.22533327310561349,4.6144128233618959e-05,-2.9385159218353316e-05,-3.4651949370548339e-05
1,125,19,5446254.4168432299,970834.64790095226,3175700.444430368,-165.12306732564045,524.06340722627431,122.53411934975524,-0.45956818255198911,0.26475642123570292,0.81726660406321183,-0.22533623961384888,4.6143217442913015e-05,-3.0128813916409659e-05,-3.4651404639925107e-05
1,125,19.199999999999999,5446221.3914191602,970939.46008640167,3175724.9511592509,-165.1311768894914,524.05844537422706,122.53316583636838,-0.45956769218061633,0.26475078141070013,0.81726788347370249,-0.22533922580993437,4.6142299913995148e-05,-3.0876872877515907e-05,-3.4650867430556605e-05
1,125,19.399999999999999,5446188.3643710371,971044.27127834957,3175749.4576952476,-165.13930786314259,524.05347223909212,122.5321904932985,-0.45956714044074648,0.26474512475506634,0.81726919733313041,-0.22534223180753393,4.6141375452181088e-05,-3.1629221815953949e-05,-3.4650337629761275e-05
1,125,19.600000000000001,5446155.3356945617,971149.08147455798,3175773.9640340023,-165.14746052745033,524.04848801006494,122.53119345276794,-0.45956652698611267,0.2647394511727908,0.81727054583594982,-0.22534525771726638,4.6140443878487848e-05,-3.2385746206763768e-05,-3.4649815131240331e-05
1,125,19.800000000000001,5446122.3053853689,971253.89067282958,3175798.4701711899,-165.15563515946914,524.04349287723107,122.53017484952902,-0.45956585147980145,0.26473376057045778,0.81727192917132829,-0.2253483036466975,4.6139505021524003e-05,-3.3146331307316506e-05,-3.4649299830300189e-05
1,125,20,5446089.2734390208,971358.69887099694,3175822.9761025123,-165.16383203242196,524.03848703154028,122.5291348208427,-0.45956511359426711,0.26472805285724371,0.81727334752314329,-0.22535136970033381,4.6138558714855574e-05,-3.3910862170328029e-05,-3.4648791625991603e-05
1,125,20.199999999999999,5446056.2398510547,971463.50606694061,3175847.4818237005,-165.17205141567746,524.03347066478261,122.52807350644919,-0.45956431301135048,0.264722327944929,0.81727480106996697,-0.22535445597961698,4.6137604783847597e-05,-3.4679223641271969e-05,-3.4648290412687663e-05
1,125,20.399999999999999,5446023.2046169387,971568.31225857418,3175871.987330507,-165.18029357472508,524.02844396955436,122.52699104854241,-0.45956344942229366,0.26471658574789891,0.81727628998505952,-0.22535756258292125,4.6136643069571064e-05,-3.5451300390519381e-05,-3.4647796090015112e-05
1,125,20.600000000000001,5445990.1677320916,971673.11744385294,3175896.492618721,-165.18855877115149,524.02340713922968,122.5258875917428,-0.4595625225277537,0.26471082618314717,0.81727781443636149,-0.22536068960554773,4.6135673415984337e-05,-3.6226976928924836e-05,-3.4647308558690557e-05
1,125,20.800000000000001,5445957.1291918717,971777.92162076605,3175920.9976841547,-165.19684726261468,524.01836036793452,122.5247632830699,-0.45956153203781552,0.26470504917027715,0.81727937458648636,-0.22536383713972138,4.6134695678917761e-05,-3.7006137620367092e-05,-3.4646827724696726e-05
1,125,21,5445924.0889916299,971882.72478734865,3175945.5025226544,-165.20515930282392,524.0133038505179,122.52361827191572,-0.45956047767200475,0.26469925463150928,0.81728097059271221,-0.22536700527458861,4.6133709701196567e-05,-3.7788666686403184e-05,-3.464635348809049e-05
1,125,21.199999999999999,5445891.0471265856,971987.52694166929,3175970.0071300939,-165.21349514151515,524.00823778252288,122.52245271001811,-0.45955935915929491,0.26469344249168203,0.81728260260697849,-0.22537019409621226,4.6132715327196956e-05,-3.8574448250304266e-05,-3.4645885747705492e-05
1,125,21.399999999999999,5445858.0035919715,972092.32808183786,3175994.5115023786,-165.22185502443031,524.00316236015237,122.52126675143197,-0.45955817623812129,0.26468761267825358,0.81728427077587729,-0.22537340368757219,4.6131712444300877e-05,-3.93633663252803e-05,-3.4645424418565916e-05
1,125,21.600000000000001,5445824.9583829567,972197.12820600043,3176019.0156354522,-165.23023919329566,523.99807778025183,122.52006055250104,-0.45955692865638503,0.26468176512129971,0.81728597524065205,-0.22537663412856182,4.6130700916689185e-05,-4.015530484232798e-05,-3.4644969410928026e-05
1,125,21.800000000000001,5445791.9114946518,972301.92731235037,3176043.519525269,-165.23864788580406,523.9929842402704,122.51883427182932,-0.45955561617145707,0.26467589975352113,0.81728771613719509,-0.22537988549598642,4.6129680604313459e-05,-4.0950147664317859e-05,-3.4644520629080418e-05
1,125,22,5445758.862922146,972406.72539911279,3176068.0231678337,-165.24708133558909,523.98788193823918,122.51758807025485,-0.45955423855018829,0.26467001651024141,0.81728949359604164,-0.2253831578635612,4.6128651382595956e-05,-4.1747778595735741e-05,-3.464407798324382e-05
1,125,22.199999999999999,5445725.8126604548,972511.52246455534,3176092.526559181,-165.25553977221341,523.9827710727335,122.51632211081825,-0.45955279556891304,0.26466411532941009,0.81729130774236702,-0.22538645130191254,4.6127613148403368e-05,-4.2548081411145776e-05,-3.4643641391615248e-05
1,125,22.399999999999999,5445692.7607045621,972616.31850698474,3176117.0296953744,-165.26402342114508,523.97765184285606,122.51503655873476,-0.45955128701344633,0.26465819615159991,0.81729315869598851,-0.22538976587857742,4.6126565784449902e-05,-4.335093986615813e-05,-3.4643210769439404e-05
1,125,22.600000000000001,5445659.7070493922,972721.11352474871,3176141.5325725097,-165.27253250373906,523.97252444819901,122.51373158136744,-0.45954971267909417,0.26465225892000899,0.81729504657136132,-0.22539310165800303,4.6125509179888509e-05,-4.4156237712642941e-05,-3.464278603168537e-05
1,125,22.800000000000001,5445626.6516898479,972825.90751623397,3176166.0351867201,-165.28106723722232,523.96738908882264,122.51240734819542,-0.45954807237064021,0.26464630358045776,0.8172969714775844,-0.22539645870154576,4.6124443223014172e-05,-4.4963858703268556e-05,-3.4642367093144258e-05
1,125,23,5445593.5946207764,972930.70047986764,3176190.5375341759,-165.289627834676,523.96224596522222,122.51106403078374,-0.45954636590236025,0.26464033008139481,0.81729893351839134,-0.22539983706747521,4.6123367811988324e-05,-4.5773686617224235e-05,-3.4641953871173335e-05
1,125,23.199999999999999,5445560.5358369751,973035.49241411709,3176215.0396110741,-165.2982145050193,523.95709527829558,122.50970180275678,-0.4595445930980061,0.26463433837388917,0.81730093279216243,-0.22540323681097268,4.6122282851204179e-05,-4.658560528332295e-05,-3.4641546284628762e-05
1,125,23.399999999999999,5445527.4753332185,973140.28331748885,3176239.541413649,-165.30682745299384,523.95193722932754,122.50832083976651,-0.45954275379080994,0.26462832841163292,0.81730296939191882,-0.22540665798413392,4.6121188252242761e-05,-4.7399498581372068e-05,-3.4641144257036562e-05
1,125,23.600000000000001,5445494.413104225,973245.0731885311,3176264.0429381733,-165.3154668791488,523.94677201994432,122.50692131946207,-0.45954084782347598,0.26462230015093635,0.81730504340533017,-0.22541010063597428,4.6120083939975724e-05,-4.8215250464257507e-05,-3.4640747715640631e-05
1,125,23.800000000000001,5445461.3491446842,973349.86202583276,3176288.5441809515,-165.32413297982703,523.94159985210592,122.50550342146077,-0.4595388750481742,0.26461625355072965,0.8173071549147165,-0.22541356481242716,4.6118969805141488e-05,-4.9032744973265233e-05,-3.4640356576029866e-05
1,125,24,5445428.283449241,973454.64982802176,3176313.0451383293,-165.33282594714956,523.93642092805385,122.50406732731662,-0.4595368353265345,0.26461018857255753,0.81730930399705248,-0.22541705055634728,4.6117845788627692e-05,-4.9851866252277389e-05,-3.4639970768337262e-05
1,125,24.199999999999999,5445395.2160125067,973559.43659376679,3176337.5458066822,-165.34154596900527,523.93123545030323,122.5026132204909,-0.45953472852963573,0.26460410518057759,0.81731149072397324,-0.22542055790751733,4.6116711812497112e-05,-5.0672498563769918e-05,-3.4639590219385672e-05
1,125,24.399999999999999,5445362.1468290435,973664.22232177574,3176362.0461824299,-165.35029322903614,523.92604362160398,122.5011412863203,-0.45953255453799841,0.2645980033415582,0.81731371516177864,-0.22542408690264942,4.6115567802114518e-05,-5.1494526308467523e-05,-3.4639214855621736e-05
1,125,24.600000000000001,5445329.0758933844,973769.00701080251,3176386.5462620212,-165.35906790662455,523.92084564491176,122.49965171198771,-0.45953031324156951,0.26459188302487169,0.81731597737144257,-0.22542763757538978,4.611441370135752e-05,-5.2317834029526581e-05,-3.4638844609330503e-05
1,125,24.800000000000001,5445296.0032000346,973873.79065963684,3176411.0460419487,-165.36787017688332,523.91564172337019,122.49814468649018,-0.4595280045397106,0.26458574420249614,0.81731827740861818,-0.22543120995632362,4.6113249438603951e-05,-5.3142306433419852e-05,-3.4638479408270002e-05
1,125,25,5445262.9287434639,973978.57326710992,3176435.5455187433,-165.37670021064818,523.91043206027223,122.49662040060709,-0.45952562834119054,0.26457958684900845,0.81732061532364375,-0.22543480407297925,4.6112074958702556e-05,-5.3967828402384653e-05,-3.4638119184080773e-05
1,125,25.199999999999999,5445229.8525180919,974083.35483209195,3176460.0446889699,-165.38555817446181,523.90521685903411,122.49507904686982,-0.45952318456416119,0.26457341094157966,0.8173229911615556,-0.22543841994983438,4.6110890208219278e-05,-5.4794285022719447e-05,-3.4637763869721796e-05
1,125,25.399999999999999,5445196.7745183147,974188.13535349804,3176484.5435492354,-165.39444423056702,523.89999632316892,122.49352081952992,-0.45952067313614686,0.264567216459967,0.81732540496209527,-0.22544205760832384,4.6109695151280338e-05,-5.5621561585986205e-05,-3.4637413405267762e-05
1,125,25.600000000000001,5445163.6947385082,974292.91483028047,3176509.0420961855,-165.40335853689842,523.89477065626238,122.49194591452815,-0.4595180939940256,0.26456100338651622,0.81732785675971908,-0.2254457170668403,4.6108489725194479e-05,-5.6449543600718517e-05,-3.4637067720134886e-05
1,125,25.800000000000001,5445130.613173008,974397.69326143293,3176533.5403265031,-165.41230124707624,523.88954006194126,122.49035452946126,-0.45951544708401115,0.26455477170615493,0.81733034658360804,-0.22544939834074668,4.6107273896858418e-05,-5.7278116819691137e-05,-3.4636726753150978e-05
1,125,26,5445097.5298161106,974502.47064599046,3176558.0382369142,-165.42127251039511,523.88430474384143,122.48874686355202,-0.45951273236162976,0.26454852140637808,0.81733287445768388,-0.22545310144238026,4.6106047628417217e-05,-5.8107167253369314e-05,-3.4636390441681405e-05
1,125,26.199999999999999,5445064.4446620867,974607.24698302895,3176582.5358241806,-165.43027247181536,523.87906490559033,122.48712311761683,-0.45950994979170423,0.26454225247725022,0.81733544040061568,-0.22545682638106071,4.6104810885027322e-05,-5.8936581173599479e-05,-3.4636058725138615e-05
1,125,26.399999999999999,5445031.3577051954,974712.02227166493,3176607.0330851055,-165.43930127196265,523.87382075077062,122.48548349403293,-0.45950709934832656,0.26453596491140052,0.81733804442583557,-0.22546057316309712,4.6103563637395616e-05,-5.9766245133064871e-05,-3.463573154267781e-05
1,125,26.600000000000001,5444998.2689396497,974816.79651105276,3176631.5300165354,-165.44835904711931,523.86857248289743,122.48382819670577,-0.45950418101484047,0.26452965870401013,0.81734068654154968,-0.22546434179179836,4.6102305864372058e-05,-6.059604598464481e-05,-3.4635408837391245e-05
1,125,26.800000000000001,5444965.1783596482,974921.56970039534,3176656.0266153528,-165.45744592921699,523.8633203053912,122.48215743103817,-0.45950119478381207,0.26452333385280857,0.81734336675075547,-0.22546813226747836,4.6101037538580769e-05,-6.1425870893745075e-05,-3.4635090549950841e-05
1,125,27,5444932.0859593395,975026.34183892794,3176680.5228784899,-165.46656204583351,523.85806442154399,122.48047140389683,-0.45949814065700278,0.26451699035806592,0.81734608505125594,-0.22547194458746625,4.6099758642843445e-05,-6.22556073510599e-05,-3.463477662333424e-05
1,125,27.199999999999999,5444898.9917328712,975131.11292593076,3176705.0188029101,-165.47570752019038,523.85280503450383,122.47877032358183,-0.45949501864535008,0.26451062822258609,0.81734884143567077,-0.22547577874611935,4.6098469163868493e-05,-6.308514318499817e-05,-3.4634467002463292e-05
1,125,27.399999999999999,5444865.8956743656,975235.88296072278,3176729.514385629,-165.48488247114824,523.84754234723789,122.47705439979111,-0.45949182876893208,0.26450424745169721,0.81735163589145843,-0.22547963473482663,4.6097169090501247e-05,-6.3914366578549591e-05,-3.4634161632463342e-05
1,125,27.600000000000001,5444832.7977779079,975340.65194266359,3176754.0096236966,-165.4940870132038,523.84227656250789,122.47532384358971,-0.45948857105693958,0.26449784805324383,0.81735446840092951,-0.22548351254202356,4.6095858425629474e-05,-6.4743166082789828e-05,-3.4633860463934634e-05
1,125,27.800000000000001,5444799.6980375713,975445.41987115308,3176778.5045142053,-165.50332125648873,523.83700788284841,122.47357886737632,-0.45948524554764775,0.26449143003757841,0.81735733894126583,-0.22548741215320028,4.6094537160191303e-05,-6.557143063495879e-05,-3.4633563443184584e-05
1,125,28,5444766.5964474073,975550.1867456357,3176802.9990542945,-165.51258530676517,523.83173651053141,122.47181968485124,-0.45948185228838595,0.26448499341755294,0.81736024748453606,-0.22549133355091258,4.6093205296403637e-05,-6.6399049562771245e-05,-3.4633270519261585e-05
1,125,28.199999999999999,5444733.493001448,975654.9525655912,3176827.4932411457,-165.52187926543098,523.82646264754806,122.47004651098155,-0.45947839133549984,0.26447853820850931,0.81736319399771684,-0.2254952767147953,4.6091862839180878e-05,-6.7225912603646415e-05,-3.4632981642342956e-05
1,125,28.399999999999999,5444700.3876936985,975759.71733054169,3176851.9870719803,-165.53120322951077,523.82118649557697,122.46825956197053,-0.45947486275432187,0.26447206442826987,0.81736617844271187,-0.22549924162156967,4.6090509798304538e-05,-6.8051909925842318e-05,-3.4632696764204421e-05
1,125,28.600000000000001,5444667.2805181425,975864.48104005016,3176876.4805440628,-165.54055729166274,523.815908255963,122.46645905522347,-0.45947126661913396,0.2644655720971309,0.81736920077637099,-0.22550322824505767,4.6089146168299028e-05,-6.8876932128069131e-05,-3.4632415829480383e-05
1,125,28.800000000000001,5444634.1714687636,975969.24369371787,3176900.9736546706,-165.54994154017899,523.8106281296823,122.46464520931497,-0.45946760301313494,0.26445906123784657,0.81737226095051041,-0.22550723655619515,4.6087771983845814e-05,-6.9700870268444602e-05,-3.4632138797246303e-05
1,125,29,5444601.060539512,976074.0052911886,3176925.4664012352,-165.55935605897972,523.80534631732655,122.46281824395473,-0.45946387202840078,0.26445253187562123,0.8173753589119358,-0.22551126652304354,4.6086387260384573e-05,-7.0523615858572095e-05,-3.4631865622386861e-05
1,125,29.199999999999999,5444567.9477243181,976178.76583214547,3176949.9587811125,-165.56880092762975,523.80006301906815,122.46097837995417,-0.45946007376584347,0.26444598403810221,0.81737849460246348,-0.22551531811080178,4.608499201027979e-05,-7.1345060893260244e-05,-3.4631596254719522e-05
1,125,29.399999999999999,5444534.8330171108,976283.5253163107,3176974.450791744,-165.57827622132336,523.7947784346411,122.45912583919608,-0.45945620833517981,0.2644394177553645,0.81738166795894052,-0.22551939128182316,4.608358627735617e-05,-7.2165097866195031e-05,-3.4631330657200304e-05
1,125,29.600000000000001,5444501.7164117945,976388.28374344762,3176998.9424306178,-165.58778201090067,523.78949276331105,122.45726084459827,-0.45945227585488158,0.26443283305989601,0.81738487891327505,-0.22552348599562289,4.6082170084690008e-05,-7.2983619768798839e-05,-3.4631068786074582e-05
1,125,29.800000000000001,5444468.5979022663,976493.04111335694,3177023.4336952656,-165.59731836284476,523.78420620385464,122.45538362008199,-0.45944827645214326,0.26442622998659499,0.81738812739245026,-0.22552760220889831,4.6080743453021137e-05,-7.3800520108674368e-05,-3.4630810594206834e-05
1,125,30,5444435.4774824101,976597.79742588219,3177047.9245832651,-165.60688533928899,523.77891895452956,122.45349439053687,-0.45944421026283255,0.26441960857275448,0.81739141331855547,-0.22553173987553934,4.6079306418383529e-05,-7.4615692923142506e-05,-3.4630556038611529e-05
2,8000,0,5449387.1886701053,960873.98968958983,3173373.7226977898,-164.25920388466952,524.37909372357376,122.46685922246991,-0.4596025466373429,0.26528821767178801,0.81715181143612925,-0.22505683227942219,4.6065767489679164e-05,-4.4603350013895701e-05,-3.4727227796748039e-05
2,8000,0.20000000000000001,5449354.3358796705,960978.86513119726,3173398.216069275,-164.26869908762831,524.37532060180763,122.46685615678678,-0.45960101300597761,0.26528228482792121,0.81715368496175045,-0.22506015496704282,4.6181971220691615e-05,-4.2512436569281643e-05,-3.4728820732858564e-05
2,8000,0.40000000000000002,5449321.4811922973,961083.73981760337,3173422.7094404376,-164.27817087003999,524.3715425561528,122.46685575865585,-0.45959954832875805,0.26527636740865818,0.81715551920487783,-0.22506346105815306,4.6209313447428207e-05,-4.2607526889992838e-05,-3.4729012223147515e-05
2,8000,0.59999999999999998,5449288.6246126983,961188.61374782957,3173447.20281161,-164.28762207885234,524.36775867108599,122.46685581543676,-0.4595980560132944,0.26527044172842179,0.81715736881122703,-0.22506677731624622,4.6212803300638455e-05,-4.3080780153592052e-05,-3.4727641199907272e-05
2,8000,0.80000000000000004,5449255.7661445579,961293.48692063603,3173471.6961826324,-164.29705691267455,524.36396825506336,122.46685390687757,-0.45959652476509111,0.26526450545119512,0.81715924019141506,-0.22507010628107293,4.6210970004188666e-05,-4.3535480685929546e-05,-3.4725765263699595e-05
2,8000,1,5449222.9057907825,961398.35933466256,3173496.1895529078,-164.30647897661569,524.3601708007368,122.46684806681216,-0.45959495919310545,0.26525856001309006,0.81716113076281716,-0.22507344622256964,4.6208167419538074e-05,-4.391345934123507e-05,-3.4723803116756461e-05
2,8000,1.2,5449189.9131754059,961503.22972922586,3173520.6360199191,-165.74956023655594,524.35908218864643,121.94555782376109,-0.4654851780996615,0.25540591963537457,0.81152363993389776,-0.243968741877259,0.40066780800193746,0.0026107367978576729,0.0098529626747376683
2,8000,1.3999999999999999,5449156.6566675836,961608.10912920965,3173544.9854379608,-166.72788932030073,524.45150827431439,121.57345307279327,-0.47677973962417081,0.23403935480948709,0.79894727571098745,-0.28211683912566893,0.51495078385005244,-0.0017138114275879132,0.0082439159661229985
2,8000,1.6000000000000001,5449123.2411268707,961713.01702307328,3173569.2681716839,-167.40508989027745,524.64345570205535,121.24983098806139,-0.48797037719412856,0.20912735740290309,0.78285531357319427,-0.32448145921903487,0.53693585256119158,-0.0045556592881345484,0.01049970160955398
2,8000,1.8,5449089.6985541349,961817.97239395126,3173593.4817902995,-168.01896096818678,524.92352219450254,120.87460765351004,-0.49769133579160002,0.18343683491209151,0.76429760496435661,-0.36674709667719996,0.53549158016776532,-0.0053301434297541158,0.014616469549030448
2,8000,2,5449056.0324561372,961922.99116267939,3173617.612877035,-168.64784025329607,525.27457861750122,120.42289680727038,-0.50573440161010286,0.15776926540706937,0.74364154952155814,-0.40784656397493518,0.52928953510108123,-0.0049386141769959223,0.019103954636532212
2,8000,2.2000000000000002,5449022.4028816,962028.1461428476,3173641.6488782065,-167.11796645808207,526.44124748310287,119.95928032649745,-0.5064952034907515,0.15293313652410032,0.73996375636614964,-0.41536454333303502,-0.26219608957897933,-0.010190125124492803,0.001783464351694964
2,8000,2.3999999999999999,5448989.1465238919,962133.54037856311,3173665.6004182482,-165.61603757198023,527.40923362804222,119.57125355530518,-0.49898681731099759,0.17356717095762761,0.75660355560468906,-0.3852760736951481,-0.5075956729250678,-0.0052107370400463673,0.010119496957721271
2,8000,2.6000000000000001,5448956.1203758251,962239.08536397584,3173689.485675063,-164.68835769951954,527.99631715649843,119.3059839205131,-0.48820987297069501,0.20102355379014303,0.77625275722023301,-0.34448847246824582,-0.56049209128779454,-0.001144125123939367,0.01234727783057595
2,8000,2.7999999999999998,5448923.2616984807,962344.72357782605,3173713.3335002181,-163.91238017499848,528.35032388877471,119.19997522437858,-0.47567091463790284,0.22917200245075314,0.79423218329079837,-0.30068690241742257,-0.56635685925683266,0.0008695863208211871,0.010696321054670886
2,8000,3,5448890.5508207632,962450.41160761763,3173737.176657808,-163.20763510331687,528.495601498881,119.25831123863195,-0.46181226586309165,0.25644596150349186,0.80965626883218755,-0.25577651625527947,-0.562668428104248,0.0021748452751457316,0.0077478537463138378
2,8000,3.2000000000000002,5448857.8424029909,962556.10635887098,3173761.0008160635,-164.01621565928534,528.453550262112,118.93830700257088,-0.45302655828405464,0.27294103408565801,0.81714479609296597,-0.22922589648584882,-0.15814040998281434,0.0060251635038306977,0.013961619677708125
2,8000,3.3999999999999999,5448824.9914319636,962661.79370383651,3173784.772376895,-164.41436017438409,528.41842311203447,118.81330259993921,-0.45077993248156695,0.27786467296555939,0.81861696308533727,-0.22238467514331178,-0.038602454181086106,0.0035058424088865864,0.00696578762270231
2,8000,3.6000000000000001,5448792.0935499463,962767.47323980613,3173808.5340403076,-164.5442242465802,528.37635995854464,118.8129043556621,-0.45028100080647038,0.27928676940339398,0.81883455212001877,-0.22080737533729933,-0.0095406920434802332,0.001609980613528032,0.0034837407935225553
2,8000,3.7999999999999998,5448759.1780247819,962873.14420867234,3173832.299518127,-164.60572445364448,528.33353059363492,118.84416157232067,-0.45015899600252157,0.27978736034184204,0.81883129697909407,-0.22043415887398382,-0.0030383186074639298,0.00080811168304598525,0.0020450492944830904
2,8000,4,5448726.2524928087,962978.80677953502,3173856.0721783526,-164.64776294405513,528.29254617277729,118.88300718662937,-0.45011552584851683,0.28003177021948561,0.81880241598587256,-0.22031982351470955,-0.0013962456180706322,0.00049053230641235665,0.0013152976435448142
2,8000,4.2000000000000002,5448693.3194380486,963084.46137330774,3173879.8528454783,-164.68181675085143,528.253739387672,118.92382650838356,-0.45009667618634813,0.28017539820440862,0.81877672967461335,-0.22027118574690596,-0.00072245592886860778,0.00034818742352386666,0.00083167978401729389
2,8000,4.4000000000000004,5448660.3800826306,963190.10840397968,3173903.6417454109,-164.71107692213636,528.21686202862702,118.96521571180359,-0.45009377581437987,0.28025750260137228,0.81875563705028076,-0.22025106584801293,-0.00027163612911569037,0.00027267096998061257,0.00046241329809299582
2,8000,4.5999999999999996,5448627.4352342226,963295.74822578672,3173927.4389368766,-164.73691876280176,528.18160139409099,119.00668803223182,-0.45010462312479022,0.28029306787608271,0.81873763192391524,-0.22025057188103664,8.521459380352633e-05,0.00022847972945594152,0.00016751110244266518
2,8000,4.7999999999999998,5448594.4854850331,963401.38113430061,3173951.2444093414,-164.76020450368648,528.14768900598096,119.04799409478684,-0.45012754467788602,0.2802915097830701,0.81872154245778173,-0.22026551927466076,0.00037435252323625656,0.00020234662348657997,-7.0267869057946087e-05
2,8000,5,5448561.5312813353,963507.00737684534,3173975.0581132076,-164.78155128628313,528.11490990971572,119.08898250604382,-0.4501608792345918,0.28026013920275233,0.81870662117703585,-0.2202927725134779,0.00060784857115784012,0.00018781443652989046,-0.000262050485260913
2,8000,5.2000000000000002,5448528.5729633681,963612.62716238771,3173998.8799749441,-164.80141146114488,528.08309380264882,119.12956125259147,-0.45020306394252652,0.28020487349344703,0.81869238539552169,-0.22032977143970675,0.00079526783676201406,0.00018096711947112286,-0.00041638933223848881
2,8000,5.4000000000000004,5448495.6107935356,963718.24066950486,3174022.7099068598,-164.82011702359048,528.05210566579274,119.16967815054163,-0.45025268763878129,0.28013053027800466,0.81867851812628978,-0.22037442510137178,0.00094475908340555968,0.00017918001026232986,-0.0005401513734891477
2,8000,5.5999999999999996,5448462.6449771924,963823.84805264196,3174046.5478136907,-164.83791098695306,528.02183804963295,119.20930791216789,-0.45030850726802807,0.28004102832260225,0.81866481047957862,-0.22042504127366158,0.0010632136865464715,0.00018064316310358359,-0.00063894656097415812
2,8000,5.7999999999999998,5448429.675677984,963929.44944699388,3174070.3935970222,-164.85497079861014,527.9922050214891,119.24844299776105,-0.45036944462510647,0.27993955073805188,0.81865112659833927,-0.22048025807296392,0.0011563483618336108,0.00018410882418135819,-0.00071736676794252542
2,8000,6,5448396.7030291213,964035.04497232183,3174094.247158146,-164.87142583120337,527.96313749003627,119.28708713473289,-0.45043457440713353,0.27982868127246296,0.81863738048710089,-0.22053898200816233,0.0012288593584142235,0.00018872630300727553,-0.00077916821323209106
2,8000,6.2000000000000002,5448363.7271416364,964140.63473594305,3174118.1083998373,-164.88737032884049,527.93457958883846,119.32525081607919,-0.45050310855227976,0.27971051623194615,0.8186235204251554,-0.22060033567679904,0.0012845888616498731,0.00019392533004329557,-0.00082742157746552717
2,8000,6.4000000000000004,5448330.7481104089,964246.21883508505,3174141.9772273838,-164.90287293197463,527.90648586881855,119.36294823933972,-0.45057438035933439,0.27958675608181832,0.81860951767710843,-0.22066361538753906,0.0013266747007850874,0.00019933231903080254,-0.00086463605274329455
2,8000,6.5999999999999996,5448297.7660185583,964351.79735874094,3174165.853549106,-164.91798366263862,527.87881911108968,119.40019527230137,-0.4506478285956444,0.27945877963428739,0.81859535895951563,-0.22072825681658303,0.0013576771816907782,0.00020471032317814926,-0.00089286143360581391
2,8000,6.7999999999999998,5448264.7809406128,964457.37038913649,3174189.7372765495,-164.93273903618939,527.85154861771036,119.43700813981825,-0.45072298307883296,0.27932770449060573,0.81858104091442652,-0.22079380762145712,0.0013796843205327479,0.00020991620113293562,-0.00091377188833045961
2,8000,7,5448231.7929448336,964562.9380028958,3174213.6283244719,-164.94716579491038,527.82464887206959,119.47340261058143,-0.45079945143961903,0.27919443599095783,0.81856656642791858,-0.22085990541480716,0.0013943984388209067,0.00021487025507893276,-0.00092873458164442963
2,8000,7.2000000000000002,5448198.8020948796,964668.50027196866,3174237.5266106948,-164.96128363003498,527.79809848608909,119.50939352539595,-0.45087690742311842,0.27905970697687044,0.81855194207443549,-0.22092626014287656,0.0014032071386471641,0.00021953486325750787,-0.000938865831230518
2,8000,7.4000000000000004,5448165.8084509959,964774.05726436956,3174261.4320558934,-164.97510716247331,527.77187937067185,119.54499455456417,-0.45095508063975942,0.27892411006604401,0.81853717640274293,-0.22099263995816387,0.0014072413433713984,0.0002238995691073322,-0.00094507703224040534
2,8000,7.5999999999999996,5448132.8120708959,964879.60904476768,3174285.3445833544,-164.98864738103364,527.74597608042677,119.58021810541655,-0.45103374769102861,0.27878812386050583,0.81852227880683881,-0.22105885988800528,0.0014074226927674987,0.00022797078330978973,-0.00094811219681350742
2,8000,7.7999999999999998,5448099.8130103657,964985.15567496466,3174309.2641187175,-165.00191268425306,527.72037529482111,119.61507532503451,-0.45111272455237306,0.27865213423558627,0.81850725880383834,-0.22112477273773279,0.0014045022102080619,0.00023176476334973523,-0.00094857862956295108
2,8000,8,5448066.8113237089,965090.69721427525,3174333.1905897292,-165.01490963305713,527.69506540641862,119.64957616039091,-0.45119186008107581,0.27851645163926947,0.81849212559209605,-0.22119026178062628,0.0013990918317668007,0.00023530290714711467,-0.00094697198833742645
2,8000,8.1999999999999993,5448033.8070640508,965196.23371983622,3174357.1239260146,-165.02764349284686,527.67003619338414,119.68372945033232,-0.45127103051487705,0.27838132515475045,0.8184768877997276,-0.22125523487772719,0.0013916901069695455,0.00023860866832323791,-0.00094369675466946835
2,8000,8.4000000000000004,5448000.8002835605,965301.76524685544,3174381.0640588645,-165.04011862253958,527.64527855846427,119.71754303243121,-0.45135013483254699,0.27824695393595711,0.8184615533602152,-0.22131961974300202,0.0013827031455693477,0.00024170559752085136,-0.000939082952888143
2,8000,8.5999999999999996,5447967.7910336042,965407.29184881714,3174405.0109210461,-165.0523387526182,527.6207843205309,119.75102385374616,-0.45142909085718363,0.27811349651003403,0.81844612947079132,-0.22138336012695375,0.0013724616890894894,0.00024461615681805498,-0.00093339980437012857
2,8000,8.8000000000000007,5447934.7793648448,965512.81357764651,3174428.9644466359,-165.0643071828857,527.59654604777973,119.78417807868442,-0.45150783199460259,0.27798107834714658,0.81843062260288779,-0.22144641273757626,0.001361235024596385,0.00024736105726299402,-0.00092686687828550372
2,8000,9,5447901.7653273167,965618.33048384532,3174452.9245708706,-165.07602692229688,527.57255692401338,119.8170111899949,-0.45158630451137011,0.27784979802222382,0.81841503854359099,-0.22150874475393942,0.0013492423257245188,0.00024995894367571835,-0.00091966319764401393
2,8000,9.1999999999999993,5447868.7489704723,965723.84261660476,3174476.89123003,-165.0875007871382,527.54881064125129,119.8495280808243,-0.45166446526899817,0.27771973223196644,0.81839938245390764,-0.22157033181664323,0.001336661897655957,0.00025242630400265561,-0.00091193467550621107
2,8000,9.4000000000000004,5447835.7303432142,965829.3500238983,3174500.8643613146,-165.09873146937511,527.52530131333276,119.88173313701306,-0.45174227984204834,0.27759093988083439,0.81838365893443521,-0.22163115640241021,0.0013236387143877423,0.0002547775184610667,-0.00090380018759363091
2,8000,9.5999999999999996,5447802.7094939211,965934.85275255784,3174524.8439027588,-165.10972158372235,527.5020234062921,119.91363030960142,-0.45181972095815232,0.27746346540955003,0.81836787209240369,-0.22169120650844962,0.0013102905644813742,0.00025702499063621467,-0.00089535653138446089
2,8000,9.8000000000000007,5447769.686470448,966040.35084833927,3174548.8297931515,-165.12047369962116,527.47897168215343,119.94522317799643,-0.45189676720711008,0.27733734150709088,0.818352025606365,-0.22175047458686883,0.0012967130628303829,0.00025917932173059736,-0.00088668247593789681
2,8000,10,5447736.6613201369,966145.84435597667,3174572.8219719613,-165.13099036254965,527.45614115348553,119.97651500452982,-0.45197340196979252,0.27721259131798803,0.81833612279040602,-0.2218089566789041,0.0012829837380218892,0.00026124950280468685,-0.00087784206921088766
2,8000,10.199999999999999,5447703.6340898303,966251.33331922826,3174596.8203792837,-165.14127410794916,527.43352704659003,120.00750878120957,-0.45204961256061049,0.27708923025742849,0.8183201666286567,-0.22186665172574987,0.0012691653669398388,0.00026324310726277025,-0.00086888733913924104
2,8000,10.4,5447670.6048258524,966356.81778091728,3174620.8249557884,-165.1513274700562,527.41112477163085,120.03820726954814,-0.45212538946155889,0.27696726745454908,0.8183041598602826,-0.22192356098069208,0.0012553086941022985,0.00026516647672279004,-0.00085986049949789861
2,8000,10.6,5447637.5735740289,966462.29778296384,3174644.8356426773,-165.16115298696221,527.38892989837075,120.06861303446968,-0.45220072575712106,0.27684670696896246,0.81828810499373894,-0.22197968756381758,0.0012414546505433157,0.00026702489195868918,-0.00085079575147901996
2,8000,10.800000000000001,5447604.540379676,966567.77336641692,3174668.852381649,-165.17075320351083,527.36693813639943,120.0987284728845,-0.45227561663424154,0.27672754876094641,0.81827200435204428,-0.22203503608341441,0.0012276361645859977,0.00026882272733835008,-0.0008417207551458288
2,8000,11,5447571.505287597,966673.24457148113,3174692.8751148633,-165.18013067255913,527.34514531900936,120.12855583780454,-0.45235005895471281,0.27660978947207127,0.81825586012646823,-0.22208961232029287,0.0012138796390415551,0.00027056358790131203,-0.00083265783118771717
2,8000,11.199999999999999,5447538.4683420882,966778.71143753757,3174716.9037849214,-165.18928795529774,527.32354739000266,120.15809725859334,-0.45242405102231292,0.27649342313373282,0.81823967431624967,-0.22214342302933071,0.0012002061569259782,0.00027225042898133491,-0.00082362494249725528
2,8000,11.4,5447505.4295869227,966884.17400316591,3174740.938334839,-165.19822762065363,527.30214039290149,120.18735475810664,-0.45249759216366697,0.27637844160544062,0.8182234488837028,-0.22219647566667328,0.0011866324646411406,0.00027388566143440196,-0.00081463649580258365
2,8000,11.6,5447472.3890653718,966989.63230616564,3174764.9787080255,-165.20695224484172,527.28092046204983,120.21633026684299,-0.45257068260503619,0.27626483506636046,0.81820718568531814,-0.22224877827578673,0.0011731717755084311,0.0002754712397736604,-0.00080570399655573741
2,8000,11.800000000000001,5447439.3468201831,967095.08638356952,3174789.0248482693,-165.21546441027695,527.25988381530942,120.24502563500316,-0.45264332325807366,0.27615259234673806,0.81819088651705429,-0.22230033933959803,0.0011598344247171232,0.00027700873877441532,-0.00079683658374035302
2,8000,12,5447406.3028935976,967200.53627166315,3174813.0766997226,-165.2237667046939,527.23902674800377,120.27344264247934,-0.45271551561213097,0.27604170123907534,0.81817455309145104,-0.22235116769354696,0.0011466284046539217,0.00027849941776784563,-0.00078804146678405408
2,8000,12.199999999999999,5447373.2573273219,967305.98200599768,3174837.1342068855,-165.2318617202796,527.21834562789536,120.30158300722159,-0.45278726150897619,0.27593214866787547,0.81815818714172095,-0.22240127238778151,0.0011335598010730006,0.00027994427469231177,-0.000779324282337886
2,8000,12.4,5447340.2101625549,967411.42362140573,3174861.1973145953,-165.2397520523501,527.19783689102917,120.32944839249244,-0.45285856318429801,0.27582392096516406,0.81814179030576473,-0.22245066268576127,0.0011206331487248506,0.00028134409461143094,-0.00077068938564374683
2,8000,12.6,5447307.161439972,967516.86115201272,3174885.2659680173,-165.24744029909934,527.17749703819572,120.35704041251537,-0.45292942311440193,0.27571700398061483,0.81812536419880688,-0.22249934797158025,0.001107851723939715,0.00028269948363800716,-0.00076214008878176776
2,8000,12.800000000000001,5447274.1111997357,967622.29463125044,3174909.3401126396,-165.25492906015592,527.15732263202972,120.38436063779888,-0.45299984388029185,0.2756113831643982,0.81810891048253798,-0.22254733766934384,0.0010952177796989546,0.00028401090620861814,-0.00075367885483774424
2,8000,13,5447241.0594814774,967727.72409186955,3174933.4196942551,-165.26222093647539,527.13731029448172,120.41141059908345,-0.45306982828280462,0.2755070437717963,0.81809243072007876,-0.22259464128866338,0.001082732741524411,0.00028527870705026358,-0.0007453074569378148
2,8000,13.199999999999999,5447208.0063243145,967833.14956595108,3174957.5046589612,-165.26931852941047,527.11745670471703,120.4381917910772,-0.45313937910607321,0.2754039708283989,0.81807592655281136,-0.22264126829963946,0.0010703973638978459,0.00028650313675878102,-0.00073702710774381335
2,8000,13.4,5447174.9517668448,967938.57108491648,3174981.5949531514,-165.27622444030743,527.09775859728757,120.46470567544098,-0.45320849927218765,0.27530214931260683,0.81805939953471207,-0.22268722820183651,0.0010582118605791935,0.00028768436784133825,-0.00072883856550330975
2,8000,13.6,5447141.8958471455,968043.98867954093,3175005.6905235066,-165.28294127007001,527.07821276055756,120.49095368338061,-0.45327719166155361,0.2752015641178911,0.81804285127033116,-0.2227325304305334,0.0010461760089203328,0.00028882251153476821,-0.00072074222042388739
2,8000,13.800000000000001,5447108.8386027701,968149.40237996134,3175029.7913169949,-165.28947161868189,527.05881603533703,120.51693721792091,-0.4533454591657205,0.27510220014262016,0.81802628334974647,-0.2227771843782749,0.0010342892360710261,0.0002899176296994768,-0.0007127381653134065
2,8000,14,5447075.7800707538,968254.81221568899,3175053.8972808565,-165.29581808489775,527.03956531367351,120.54265765582019,-0.45341330465281759,0.27500404231546166,0.81800969736507123,-0.22282119937445721,0.0010225506891063708,0.000290969745358052,-0.0007048262532365039
2,8000,14.199999999999999,5447042.720287621,968360.21821561689,3175078.0083626076,-165.30198326594393,527.02045753778316,120.56811634925121,-0.45348073095311964,0.27490707562382144,0.81799309491191208,-0.22286458467557063,0.0010109592921073341,0.00029197885121325817,-0.00069700614456361326
2,8000,14.4,5447009.6592893628,968465.62040803314,3175102.1245100349,-165.30796975725497,527.00148969909139,120.59331462727475,-0.45354774084763921,0.27481128513661413,0.8179764775905114,-0.22290734945753851,0.00099951379272297369,0.00029294491668143861,-0.00068927734536806376
2,8000,14.6,5446976.5971114589,968571.01882062841,3175126.2456711838,-165.3137801522349,526.98265883736872,120.61825379714438,-0.45361433705361798,0.274716656019037,0.81795984701159463,-0.22294950280701123,0.0009882128001575635,0.00029386789365618308,-0.00068163923875994134
2,8000,14.800000000000001,5446943.5337888692,968676.41348050616,3175150.371794363,-165.31941704206565,526.96396203994107,120.6429351454579,-0.4536805222318353,0.27462317355556332,0.8179432047843338,-0.2229910537238067,0.00097705481605013804,0.00029474772128530019,-0.00067409111043831565
2,8000,15,5446910.4693560367,968781.80441419117,3175174.5028281379,-165.32488301552576,526.94539644096267,120.66735993919661,-0.45374629897239982,0.27453082315583133,0.81792655252478264,-0.22303201111310356,0.00096603825954817506,0.00029558432996012649,-0.00066663216951271149
2,8000,15.199999999999999,5446877.403846886,968887.1916476409,3175198.6387213198,-165.33018065879654,526.92695922074381,120.69152942667748,-0.45381166978822829,0.27443959036188237,0.81790989185851704,-0.22307238378161337,0.00095516148798765652,0.00029637764448158367,-0.00065926156551037016
2,8000,15.4,5446844.3372948226,968992.5752062531,3175222.7794229705,-165.335312555489,526.90864760510988,120.7154448383253,-0.45387663713806403,0.27434946087055539,0.81789322439777423,-0.22311218044851377,0.00094442281379992989,0.00029712758539187972,-0.00065197840223559509
2,8000,15.6,5446811.2697327407,969097.95511487487,3175246.9248823975,-165.34028128608668,526.89045886483166,120.7391073876589,-0.45394120332941762,0.274260420481094,0.81787655182636398,-0.22315140969752156,0.00093382051701068061,0.00029783407420642526,-0.00064478174891730369
2,8000,15.800000000000001,5446778.2011930151,969203.33139781177,3175271.0750491475,-165.34508942815319,526.87239031504259,120.7625182718583,-0.4540053706842937,0.2741724551998278,0.81785987575079144,-0.22319008005826715,0.00092335285722504757,0.00029849703259211688,-0.00063767064948014253
2,8000,16,5446745.1317075063,969308.70407883776,3175295.2298730067,-165.34973955638625,526.85443931468728,120.78567867236063,-0.45406914135315291,0.27408555113079069,0.81784319786552029,-0.22322819991488713,0.00091301808273865526,0.00029911638262237041,-0.00063064413001125304
2,8000,16.199999999999999,5446712.061307556,969414.07318120124,3175319.3893039948,-165.35423424186425,526.83660326604888,120.80858975579999,-0.45413251749858491,0.27399969458853884,0.81782651978891796,-0.22326577759641433,0.00090281443613626354,0.00029969205254808064,-0.00062370120461977755
2,8000,16.399999999999999,5446678.9900239985,969519.43872763705,3175343.5532923634,-165.35857605267574,526.81887961420136,120.8312526742546,-0.45419550110559159,0.27391487198453318,0.81780984323245798,-0.22330282128365458,0.00089274016219094985,0.00030022397201688334,-0.0006168408805692447
2,8000,16.600000000000001,5446645.9178871531,969624.80074037262,3175367.7217885959,-165.36276755308597,526.80126584657592,120.85366856616129,-0.45425809417318286,0.27383106994291379,0.81779316983013506,-0.2233393391036306,0.00088279351048259987,0.00030071207837115464,-0.0006100621620085809
2,8000,16.800000000000001,5446612.8449268267,969730.15924113675,3175391.8947433955,-165.3668113040394,526.78375949245299,120.8758385565682,-0.45432029852125655,0.27374827518354566,0.81777650131111901,-0.22337533903485346,0.00087297274086237564,0.00030115631245256888,-0.00060336405335782467
2,8000,17,5446579.7711723102,969835.51425116858,3175416.0721076969,-165.37070986274534,526.76635812252664,120.89776375780244,-0.45438211599731609,0.27366647464568827,0.81775983931602447,-0.22341082900932213,0.00086327612564502775,0.00030155662136137947,-0.00059674556179292737
2,8000,17.199999999999999,5446546.6966523901,969940.86579122546,3175440.2538326532,-165.37446578250149,526.74905934846333,120.91944527000295,-0.45444354829220357,0.27358565537556534,0.81774318556193082,-0.22344581682219877,0.00085370195146439328,0.00030191295990440964,-0.00059020569925001955
2,8000,17.399999999999999,5446513.6213953355,970046.21388159133,3175464.4398696339,-165.37808161275953,526.73186082245616,120.94088418152012,-0.45450459704511775,0.27350580458798673,0.81772654174956028,-0.22348031018377851,0.00084424852207224538,0.00030222528864271562,-0.00058374348417635641
2,8000,17.600000000000001,5446480.5454289159,970151.55854208395,3175488.6301702261,-165.38155989901182,526.71476023679554,120.96208156938491,-0.45456526379539969,0.27342690963538457,0.81770990960714285,-0.22351431669613542,0.00083491415955611872,0.00030249357473609436,-0.00057735794281243513
2,8000,17.800000000000001,5446447.4687803788,970256.89979206445,3175512.8246862306,-165.38490318247435,526.69775532346341,120.98303849985921,-0.45462555007886918,0.27334895806364384,0.81769329080547781,-0.22354784390083987,0.00082569720516271746,0.00030271779299651132,-0.00057104811019014433
2,8000,18,5446414.3914764756,970362.23765044333,3175537.0233696653,-165.38811400018596,526.68084385370605,121.00375602877521,-0.45468545729235998,0.27327193752832102,0.8176766870796659,-0.22358089921273921,0.00081659602023381489,0.00030289792553330895,-0.00056481303094842248
2,8000,18.199999999999999,5446381.3135434436,970467.57213568955,3175561.2261727527,-165.39119488478335,526.6640236376345,121.02423520201589,-0.45474498678272124,0.27319583584580764,0.8176601001507805,-0.22361348996406497,0.00080760898693543921,0.00030303396158973592,-0.00055865175996501015
2,8000,18.399999999999999,5446348.2350070169,970572.90326583839,3175585.4330479251,-165.39414836440451,526.64729252382153,121.0444770559225,-0.45480413982743761,0.2731206409791832,0.81764353174417426,-0.22364562339526795,0.00079873450869558246,0.00030312589785092198,-0.00055256336282759897
2,8000,18.600000000000001,5446315.1558924215,970678.23105849826,3175609.6439478239,-165.39697696252176,526.63064839890899,121.06448261772333,-0.45486291763247555,0.27304634103437869,0.81762698359244612,-0.22367730665431249,0.0007899710104118361,0.00030317373869276636,-0.00054654691617595506
2,8000,18.800000000000001,5446282.0762243895,970783.55553085881,3175633.8588252882,-165.39968319796145,526.61408918720667,121.08425290586527,-0.45492132134509056,0.27297292426527614,0.81761045742506755,-0.22370854680336352,0.00078131693892296401,0.00030317749534047763,-0.00054060150798608639
2,8000,19,5446248.9960271344,970888.87669969804,3175658.0776333669,-165.40226958462708,526.59761285031766,121.10378893047482,-0.45497935204397394,0.27290037906517622,0.81759395497822029,-0.22373935081429203,0.00077277076270134402,0.0003031371868954468,-0.00053472623769347982
2,8000,19.199999999999999,5446215.915324376,970994.19458139059,3175682.3003253075,-165.40473863142537,526.58121738675163,121.12309169371304,-0.45503701074468494,0.27282869396742554,0.81757747799100988,-0.2237697255716912,0.00076433097208348166,0.00030305283994663985,-0.000528920216326066
2,8000,19.399999999999999,5446182.834139335,971099.50919191341,3175706.5268545588,-165.40709284211462,526.56490083154927,121.14216219015806,-0.45509429842179244,0.27275785765604854,0.81756102818678156,-0.22379967788411118,0.0007559960792152421,0.00030292448830664695,-0.00052318256655739341
2,8000,19.600000000000001,5446149.7524947273,971204.82054685487,3175730.7571747666,-165.4093347152826,526.54866125590104,121.16100140711734,-0.45515121592434421,0.27268785891244168,0.81754460734949685,-0.2238292144428343,0.00074776461798555167,0.00030275217300971099,-0.00051751242272141357
2,8000,19.800000000000001,5446116.6704127695,971310.12866142101,3175754.9912397698,-165.41146674398786,526.53249676679343,121.17961032509164,-0.45520776411235864,0.27261868669456873,0.81752821720311342,-0.22385834188936291,0.00073963514352831574,0.00030253594327241324,-0.00051190893074662923
2,8000,20,5446083.587915184,971415.43355044303,3175779.2290036082,-165.41349141579457,526.51640550663035,121.19798991804294,-0.45526394376279627,0.27255033007797747,0.81751185949641592,-0.22388706676948422,0.00073160623241572153,0.00030227585541683563,-0.00050637124814789615
2,8000,20.199999999999999,5446050.5050231935,971520.73522838368,3175803.4704205138,-165.41541121271442,526.50038565286559,121.2161411536984,-0.45531975562268712,0.27248277828502726,0.8174955359566819,-0.2239153955597219,0.00072367648279195813,0.00030197197214523009,-0.00050089854398924596
2,8000,20.399999999999999,5446017.4217575267,971626.03370934504,3175827.7154449113,-165.41722861089508,526.48443541765664,121.23406499396681,-0.45537520031491369,0.27241602062592823,0.81747924837464003,-0.22394333462132768,0.00071584451337056772,0.00030162436385482231,-0.000495489998705134
2,8000,20.600000000000001,5445984.3381384127,971731.3290070747,3175851.9640314165,-165.41894608040266,526.46855304751307,121.2517623953029,-0.45543027848064954,0.27235004658145245,0.81746299847851556,-0.22397089027066255,0.00070810896332431153,0.0003012331092280509,-0.00049014480400842817
2,8000,20.800000000000001,5445951.2541855909,971836.62113497336,3175876.2161348378,-165.42056608542276,526.45273682292077,121.26923430886517,-0.45548499070674009,0.27228484575692669,0.81744678799972836,-0.2239980687437611,0.00070046849291200395,0.0003007982924175521,-0.00048486216287321944
2,8000,21,5445918.1699183099,971941.91010610072,3175900.4717101711,-165.42209108376045,526.43698505801706,121.28648168099758,-0.45553933746450137,0.27222040784316853,0.81743061872838818,-0.22402487616652461,0.00069292178209294953,0.00030032000564283242,-0.00047964128928556295
2,8000,21.199999999999999,5445885.0853553284,972047.19593318342,3175924.7307126019,-165.42352352688334,526.42129610023312,121.30350545344974,-0.45559331926984281,0.27215672270975466,0.81741449237153674,-0.22405131863382532,0.0006854675309087365,0.00029979834811594622,-0.00047448140818159948
2,8000,21.399999999999999,5445852.0005149078,972152.47862861981,3175948.9930975069,-165.42486585979452,526.40566832994762,121.32030656366631,-0.45564693649674032,0.27209378029110304,0.81739841072031316,-0.22407740211797081,0.00067810445924121289,0.00029923342517985187,-0.00046938175531431267
2,8000,21.600000000000001,5445818.9154148297,972257.75820448878,3175973.2588204457,-165.42612052065942,526.39010016016289,121.33688594518908,-0.45570018956907038,0.27203157069869022,0.8173823754799131,-0.22410313256340553,0.00067083130600808008,0.00029862535053672531,-0.00046434157705818515
2,8000,21.800000000000001,5445785.8300723843,972363.03467255353,3175997.5278371642,-165.42728994101216,526.37459003614322,121.35324452777661,-0.45575307877367027,0.27197008410703116,0.81736638843707721,-0.22412851579498863,0.00066364682967522343,0.00029797424304249482,-0.00045936013035031216
2,8000,22,5445752.7445043763,972468.30804427119,3176021.8001035992,-165.42837654525886,526.35913643510469,121.36938323785044,-0.45580560444775386,0.27190931086324455,0.81735045129396677,-0.22415355761049671,0.00065654980722968054,0.00029728022971287527,-0.000454436682465143
2,8000,22.199999999999999,5445719.6587271271,972573.57833079633,3176046.0755758644,-165.42938275065447,526.34373786587275,121.38530299870779,-0.45585776679253009,0.27184924137350253,0.81733456583513242,-0.22417826368913218,0.00064953903424186962,0.00029654344409751237,-0.00044957051090800735
2,8000,22.399999999999999,5445686.5727564776,972678.84554298921,3176070.3542102631,-165.43031096743775,526.32839286853687,121.40100473065881,-0.45590956606662331,0.27178986621616985,0.81731873375600561,-0.22420263968700155,0.00064261332523400248,0.00029576402439728943,-0.00044476090333935844
2,8000,22.600000000000001,5445653.4866077844,972784.1096914201,3176094.6359632825,-165.43116359796227,526.31310001416944,121.41648935162485,-0.45596100241760729,0.27173117603906899,0.81730295681386245,-0.22422669115444974,0.00063577151162077551,0.0002949421190869067,-0.00044000715723390105
2,8000,22.800000000000001,5445620.4002959235,972889.37078637769,3176118.920791592,-165.43194303735075,526.29785790444942,121.43175777701586,-0.45601207595515042,0.2716731616009222,0.81728723676348392,-0.2242504235722699,0.00062901244359496781,0.00029407787989618582,-0.00043530857997340939
2,8000,23,5445587.3138352912,972994.62883787346,3176143.2086520419,-165.43265167290272,526.28266517137001,121.44681092018894,-0.45606278682645007,0.27161581381410849,0.81727157529074645,-0.22427384238910572,0.0006223349886277272,0.00029317146595026877,-0.00043066448856881456
2,8000,23.199999999999999,5445554.2272398155,973099.88385564857,3176167.4995016675,-165.43329188379343,526.2675204769298,121.46164969276138,-0.4561131350717566,0.27155912365643042,0.817255974142165,-0.22429695295056096,0.00061573803091399457,0.00029222304414975209,-0.00042607420948388887
2,8000,23.399999999999999,5445521.140522941,973205.13584917958,3176191.7932976866,-165.43386604128622,526.25242251279167,121.47627500467726,-0.45616312072073789,0.27150308222642816,0.81724043503982435,-0.22431976054682676,0.00060922047213524935,0.00029123278640222068,-0.00042153707860818906
2,8000,23.600000000000001,5445488.0536976447,973310.38482768368,3176216.0899974992,-165.43437650862384,526.23736999996561,121.4906877644202,-0.45621274375045839,0.27144768071627828,0.81722495971958098,-0.22434227039227694,0.0006027812309939059,0.00029020086952653216,-0.00041705244109580398
2,8000,23.800000000000001,5445454.9667764287,973415.630800126,3176240.3895586836,-165.43482564023822,526.22236168853999,121.50488887953939,-0.45626200417401058,0.27139291046248332,0.81720954985287264,-0.22436448766924544,0.00059641924187387178,0.00028912747965371776,-0.00041261965110666378
2,8000,24,5445421.8797713248,973520.87377522432,3176264.6919390024,-165.43521578223775,526.20739635732912,121.51887925656857,-0.45631090190764589,0.27133876286478154,0.81719420716584579,-0.22438641746287855,0.00059013345580553086,0.00028801280724264304,-0.00040823807180355177
2,8000,24.199999999999999,5445388.7926938944,973626.11376145482,3176288.997096397,-165.43554927199355,526.19247281358309,121.5326598013652,-0.45635943686132541,0.27128522943805294,0.81717893335941472,-0.22440806480589387,0.00058392283976195546,0.00028685704905546662,-0.00040390707516769586
2,8000,24.399999999999999,5445355.705555236,973731.35076705809,3176313.3049889938,-165.43582843800203,526.17758989268157,121.54623141931195,-0.45640760891669885,0.27123230179725083,0.81716373012961052,-0.22442943466793264,0.00057778637648084558,0.00028566040779274166,-0.00039962604187475929
2,8000,24.600000000000001,5445322.6183659863,973836.58480004442,3176337.6155750961,-165.43605559974105,526.16274645783142,121.5595950155171,-0.45645541790860972,0.27117997164448915,0.8171485991847639,-0.22445053194668285,0.00057172306415781177,0.00028442309206801175,-0.00039539436115481908
2,8000,24.800000000000001,5445289.5311363116,973941.8158681998,3176361.9288131925,-165.43623306758343,526.14794139976084,121.57275149498228,-0.45650286371379056,0.27112823081983911,0.81713354216719669,-0.22447136151166924,0.00056573191638854803,0.00028314531566895951,-0.00039121143068285004
2,8000,25,5445256.4438759191,974047.04397909064,3176386.2446619482,-165.43636314230741,526.13317363644285,121.58570176295298,-0.45654994611783284,0.27107707122041141,0.81711856077242129,-0.22449192813901991,0.0005598119614493803,0.00028182729986847257,-0.00038707665639744934
2,8000,25.199999999999999,5445223.3565940624,974152.26914007007,3176410.5630802107,-165.43644811528256,526.11844211277742,121.59844672494877,-0.45659666490481204,0.27102648485177366,0.81710365666997242,-0.22451223655572483,0.00055396224249017558,0.00028046927086941591,-0.00038298945242407024
2,8000,25.399999999999999,5445190.2692995314,974257.49135828298,3176434.8840270108,-165.43649026824349,526.10374580029998,121.61098728698033,-0.45664301983913863,0.27097646381534601,0.81708883152024425,-0.22453229143088568,0.00054818181735958465,0.00027907146016286396,-0.00037894924095520089
2,8000,25.600000000000001,5445157.1820006594,974362.71064067108,3176459.2074615583,-165.43649187300474,526.08908369689948,121.62332435578931,-0.45668901066268675,0.27092700030491035,0.81707408697770012,-0.22455209737447865,0.0005424697580849613,0.00027763410536543862,-0.00037495545209469242
2,8000,25.800000000000001,5445124.0947053339,974467.92699397739,3176483.5333432457,-165.43645519143504,526.07445482651872,121.63545883896244,-0.45673463709971968,0.27087808660777274,0.81705942468712789,-0.22457165893994493,0.00053682515091525794,0.00027615744918130751,-0.00037100752376894794
2,8000,26,5445091.0074209869,974573.14042475366,3176507.8616316477,-165.43638247516267,526.05985823887579,121.64739164516531,-0.45677989885413722,0.27082971510139714,0.81704484628672647,-0.22459098062299857,0.00053124709585531489,0.00027464174027000686,-0.00036710490157978114
2,8000,26.199999999999999,5445057.9201545976,974678.35093936336,3176532.1922865184,-165.43627596554472,526.04529300916874,121.65912368424904,-0.45682479561422396,0.270781878254513,0.81703035340449537,-0.22461006686412371,0.00052573470669042041,0.00027308723223123471,-0.00036324703871391925
2,8000,26.399999999999999,5445024.8329127049,974783.55854398815,3176556.525267798,-165.43613789336817,526.03075823780057,121.67065586747685,-0.45686932705000993,0.27073456862387107,0.81701594766119812,-0.2246289220474332,0.00052028711052072693,0.00027149418454571465,-0.00035943339580086451
2,8000,26.600000000000001,5444991.745701395,974888.763244631,3176580.8605356021,-165.4359704788105,526.01625305008997,121.68198910762501,-0.45691349281784749,0.2706877788553001,0.81700163066688558,-0.22464755050306867,0.00051490344783182039,0.00026986286155881024,-0.00035566344082884873
2,8000,26.800000000000001,5444958.6585263191,974993.96504712361,3176605.1980502377,-165.43577593134208,526.00177659598501,121.69312431910663,-0.45695729258140666,0.27064150169451157,0.81698740400278436,-0.22466595651767504,0.00050958287222322991,0.00026819353200893551,-0.00035193664902868752
2,8000,27,5444925.5713926824,975099.1639571297,3176629.5377721884,-165.43555644920366,525.98732804981023,121.70406241828864,-0.45700072592149388,0.27059572993207759,0.8169732693022066,-0.22468414429019734,0.00050432454982727388,0.00026648647150106689,-0.00034825250271971195
2,8000,27.199999999999999,5444892.484305256,975204.35998015082,3176653.8796621258,-165.43531421960469,525.97290660996453,121.71480432346904,-0.45704379247707527,0.27055045648538983,0.81695922812549981,-0.22470211800138168,0.00049912765952730672,0.00026474195998807003,-0.00034461049124913314
2,8000,27.399999999999999,5444859.3972683661,975309.55312152882,3176678.2236809009,-165.43505141843124,525.95851149865655,121.72535095507699,-0.45708649185068673,0.27050567434106509,0.81694528204486927,-0.22471988176738272,0.00049399139264731217,0.00026296028245870461,-0.00034101011087204244
2,8000,27.600000000000001,5444826.3102859156,975414.74338645465,3176702.5697895503,-165.43477021010227,525.94414196162825,121.73570323580118,-0.45712882363502422,0.27046137656916786,0.81693143262123835,-0.22473743965298951,0.00048891495272011603,0.00026114172890600158,-0.00033745086464302909
2,8000,27.800000000000001,5444793.2233613655,975519.93077996955,3176726.9179492989,-165.43447274744042,525.92979726788326,121.74586209070628,-0.45717078741375844,0.27041755632218406,0.81691768140406062,-0.22475479567216453,0.00048389755533205709,0.00025928659406045985,-0.00033393226231647854
2,8000,28,5444760.1364977546,975625.11530697066,3176751.2681215522,-165.43416117144591,525.91547670941964,121.75582844739074,-0.45721238278335685,0.27037420684643909,0.81690402991242139,-0.2247719537988894,0.00047893842791247969,0.00025739517771019107,-0.00033045382024271644
2,8000,28.199999999999999,5444727.0496976925,975730.29697221622,3176775.6202679058,-165.43383761144068,525.90117960094142,121.76560323596641,-0.45725360926359915,0.27033132142771177,0.81689047971526885,-0.22478891792327485,0.00047403680998399649,0.00025546778221637365,-0.0003270150613170872
2,8000,28.399999999999999,5444693.9629633659,975835.47578032967,3176799.9743501376,-165.43350418414059,525.88690527964491,121.77518738953695,-0.45729446643644706,0.27028889347192997,0.81687703230822972,-0.22480569191998753,0.00046919195178183183,0.00025350471838096999,-0.00032361551474614797
2,8000,28.600000000000001,5444660.8762965361,975940.65173580416,3176824.3303302154,-165.43316299423157,525.87265310490386,121.78458184396951,-0.45733495385455414,0.27024691644964288,0.81686368919559604,-0.22482227960340817,0.00046440311513256749,0.00025150630008222667,-0.00032025471607071749
2,8000,28.800000000000001,5444627.7896985477,976045.82484300679,3176848.6881702906,-165.43281613401976,525.85842245801837,121.79378753809408,-0.45737507106582137,0.27020538390914733,0.81685045186895378,-0.22483868473981791,0.00045966957297893611,0.00024947284569980173,-0.00031693220703732383
2,8000,29,5444594.703170321,976150.99510618264,3176873.0478327083,-165.43246568350233,525.84421274193699,121.80280541370249,-0.45741481763515007,0.27016428948795834,0.81683732178830615,-0.22485491105816732,0.00045499060977579464,0.00024740467554790424,-0.00031364753556277757
2,8000,29.199999999999999,5444561.6167123737,976256.16252946062,3176897.4092799989,-165.4321137094434,525.83002338104961,121.81163641600801,-0.45745419305551166,0.2701236268589276,0.81682430046176169,-0.22487096220646904,0.00045036551992305729,0.00024530211837811669,-0.00031040025549325682
2,8000,29.399999999999999,5444528.530324799,976361.32711685519,3176921.7724748789,-165.43176226585908,525.81585382088531,121.82028149344681,-0.45749319688568402,0.27008338981028457,0.81681138932330255,-0.22488684181970073,0.00044579360857359857,0.00024316550636854659,-0.00030718992661803179
2,8000,29.600000000000001,5444495.4440072915,976466.48887227313,3176946.1373802638,-165.4314133939416,525.80170352784887,121.82874159773409,-0.45753182868235259,0.270043572204198,0.81679858979373177,-0.22490255348650343,0.00044127419156828187,0.0002409951746850772,-0.00030401611459396523
2,8000,29.800000000000001,5444462.3577591348,976571.64779951633,3176970.5039592497,-165.43106912177876,525.78757198897222,121.83701768401077,-0.45757008793179627,0.27000416793516246,0.81678590334200285,-0.22491810071561,0.00043680659531990701,0.00023879146139145301,-0.00030087839085737346
2,8000,30,5444429.2715792041,976676.80390228587,3176994.8721751319,-165.43073146357068,525.77345871170598,121.84511071122755,-0.45760797418868904,0.26996517101068174,0.81677333136199903,-0.22493348700431323,0.0004323901554410132,0.00023655471317406119,-0.00029777633240717544
2,125,0,5449387.1886701053,960873.98968958983,3173373.7226977898,-164.25920388466952,524.37909372357376,122.46685922246991,-0.4596025466373429,0.26528821767178801,0.81715181143612925,-0.22505683227942219,4.6065767489679164e-05,-4.4603350013895701e-05,-3.4727227796748039e-05
2,125,0.20000000000000001,5449354.335879433,960978.86513110332,3173398.2160692024,-164.26869887412951,524.37532065214612,122.46685630065693,-0.45960101139852139,0.26528228435892665,0.81715368586399517,-0.22506015552659006,4.6179440614702099e-05,-4.2588104547537077e-05,-3.4728766481643322e-05
2,125,0.40000000000000002,5449321.4811921138,961083.73981751991,3173422.709440615,-164.27817059607682,524.37154260782927,122.4668559263859,-0.45959954227974387,0.26527636579756608,0.81715552261356239,-0.22506346293355015,4.6208018077007192e-05,-4.263691694254431e-05,-3.4728959235524613e-05
2,125,0.59999999999999998,5449288.6246125614,961188.61374775635,3173447.2028120281,-164.28762189516218,524.36775871530801,122.46685594071246,-0.45959804798121912,0.26527043961251956,0.81715737333886407,-0.22506677977338641,4.6212430121930027e-05,-4.3084893848008525e-05,-3.4727655832089585e-05
2,125,0.80000000000000004,5449255.766144448,961293.48692057061,3173471.6961832047,-164.29705686380228,524.36396829206308,122.46685397386106,-0.4595965160808349,0.26526450316643929,0.81715924508740745,-0.22507010893141596,4.6210940043225072e-05,-4.353115402436729e-05,-3.4725817699355537e-05
2,125,1,5449222.9057906717,961398.359334604,3173496.1895534508,-164.30647906222799,524.36017083313129,122.46684807905298,-0.4595949503638927,0.26525855768793266,0.81716113574139293,-0.2250734489164937,4.6208228201159712e-05,-4.3907152637347258e-05,-3.4723867148208232e-05
2,125,1.2,5449189.9193596467,961503.22987119516,3173520.6381663624,-165.71422066267161,524.35864797868885,121.95831958339178,-0.46554699951338824,0.25528081076074516,0.81147749279195347,-0.24413516255038539,0.39195590174444167,0.0024550019374874779,0.0096224383511102646
2,125,1.3999999999999999,5449156.6677244371,961608.10889641836,3173544.9894068302,-166.71393952949401,524.44823988056396,121.57922828496885,-0.47670685847016708,0.23415342316182503,0.79904219691261646,-0.28187641451913442,0.50962013768827186,-0.0016210520108603777,0.0084074447148045871
2,125,1.6000000000000001,5449123.2536096927,961713.01590120106,3173569.2729303697,-167.40292444561751,524.63798322805894,121.2526744385687,-0.48784265255407711,0.20940435483782904,0.78305225571046688,-0.32401933175461056,0.53508761662087645,-0.0044442777497116122,0.010526625600661706
2,125,1.8,5449089.7110438021,961817.97003938479,3173593.4870928475,-168.02012114405778,524.91681794919384,120.87748832617349,-0.49756448305947409,0.18377525385301738,0.76455148695168351,-0.36622024120600866,0.53513138873021271,-0.0052927907800158483,0.014515104357977033
2,125,2,5449056.0447048778,961922.98740787117,3173617.6188460942,-168.64876218622828,525.26737033128995,120.42674473364391,-0.5056260671784808,0.15812248882087829,0.74393085574202866,-0.40731614330105614,0.52937353316314062,-0.0049535589744284063,0.018956722373828439
2,125,2.2000000000000002,5449022.4067825591,962028.13743793603,3173641.6562084835,-167.18197809173751,526.40655550011081,119.96983902110256,-0.50621895826353525,0.15380275324457568,0.7406643933131144,-0.41412961240061735,-0.24868602769003229,-0.010021447506550723,0.0022083051589823531
2,125,2.3999999999999999,5448989.1411694717,962133.52568331291,3173665.6107626134,-165.64382690828842,527.38407317286078,119.59040475999392,-0.49882544589565375,0.17403216392457591,0.75693905223922398,-0.38461571944203915,-0.49752814618312552,-0.005306747790915365,0.00959341691072663
2,125,2.6000000000000001,5448956.112080385,962239.06617999729,3173689.5004634573,-164.69329114349969,527.97556356904693,119.3306900256829,-0.48815234447007699,0.20116608746626849,0.77636696088034307,-0.34422933619216828,-0.5565990815684595,-0.0012546329925166497,0.011944430819194746
2,125,2.7999999999999998,5448923.253333034,962344.70032353385,3173713.3535032668,-163.90982326884961,528.33007106951879,119.22696340451827,-0.47566257247199084,0.22918543828193932,0.79427509324669754,-0.30057649322059998,-0.5652812779057913,0.00083814065392848257,0.01054177175134266
2,125,3,5448890.5431517716,962450.38427317364,3173737.2021158375,-163.20372645819,528.47503280333683,119.2856791821131,-0.46182463180644107,0.25642021423072475,0.80967944995563823,-0.25570661217545698,-0.56246853975647948,0.0021839678091314534,0.0077240728586739638
2,125,3.2000000000000002,5448857.8417637972,962556.07524203823,3173761.0336625725,-163.9767123083727,528.43383268619914,118.97672570401139,-0.45311674998888146,0.27278128868709595,0.81711834145835915,-0.2293320637722977,-0.16684107334828277,0.005913432640481585,0.013761382538568971
2,125,3.3999999999999999,5448824.9965087445,962661.7584848213,3173784.8120379671,-164.39605478429962,528.39734109466963,118.84322925310366,-0.45072730626229723,0.27792962950311351,0.81870676314744018,-0.2220793831278281,-0.043996529021116192,0.0035802679055486875,0.0072381613185612866
2,125,3.6000000000000001,5448792.1009404687,962767.4337074029,3173808.5791777507,-164.53765684662122,528.35425700940152,118.83858042719704,-0.45014784600185531,0.27949809168787798,0.81898080672298712,-0.22026840831605793,-0.011492489641237887,0.00170001836452156,0.0036505851239201402
2,125,3.7999999999999998,5448759.1862426531,962873.10012060287,3173832.3497044663,-164.60321677167903,528.31001802516209,118.86937871255253,-0.45000163552308958,0.2800484708721927,0.81899420417919699,-0.21981782345745912,-0.0035222919903226376,0.00085082428724351676,0.002080031097327485
2,125,4,5448726.2610766608,962978.75782508892,3173856.1274995496,-164.64637032178072,528.26736943540652,118.9092609169019,-0.4499550584198051,0.28030019502604664,0.8189686734233208,-0.21968740979408907,-0.0014338171972746497,0.00050282812922755442,0.001289322947999573
2,125,4.2000000000000002,5448693.3282615151,963084.40720827575,3173879.9135578433,-164.68076639784408,528.22680276559004,118.95150636856556,-0.44993870416992299,0.28043806823642037,0.81894319344037381,-0.21963992872744745,-0.00065403725029868,0.00034930377451253063,0.00078506558603023578
2,125,4.4000000000000004,5448660.3890930144,963190.0486733102,3173903.7081409185,-164.71025918233016,528.18814146148191,118.9943635323138,-0.44993944183348888,0.28051139839396261,0.81892179379319952,-0.21962456534768696,-0.00018476691943801758,0.00027146323764120321,0.00040991747675852392
2,125,4.5999999999999996,5448627.4443822671,963295.68257259077,3173927.5113058803,-164.7363684126008,528.15109808409477,119.03726734373667,-0.44995410539757186,0.28053780570889114,0.81890344733890252,-0.21962920238523087,0.00017297249532706078,0.00022772626638451992,0.00011352053071512526
2,125,4.7999999999999998,5448594.4947124366,963401.30920292868,3173951.3230336858,-164.7599684730416,528.11541275215109,119.07996097611442,-0.44998086460125092,0.28052723625600984,0.81888702555926973,-0.21964910785606989,0.0004606825689063159,0.000202551360916412,-0.00012457431208238664
2,125,5,5448561.5405214457,963506.92881399009,3173975.1432664786,-164.78166517324021,528.08087387438241,119.12229887194454,-0.45001803594502771,0.28048705584224537,0.81887177371012654,-0.21968112583915844,0.00069283748659089656,0.00018884960282731947,-0.00031634446579918062
2,125,5.2000000000000002,5448528.5821436187,963612.54161756753,3173998.9719237466,-164.80189969627938,528.04731289222184,119.16419508111166,-0.45006404349140389,0.28042316402640671,0.81885720771996062,-0.21972273254867428,0.00087906440080513044,0.0001826047627577851,-0.0004705138922301636
2,125,5.4000000000000004,5448495.6198372971,963718.14779533132,3174022.8089118698,-164.8209958755584,528.01459589869421,119.20560194631013,-0.45011746262263819,0.28034035953195052,0.81884301323718944,-0.21977186428725287,0.0010274313965746363,0.0001812234033433422,-0.00059400210840780969
2,125,5.5999999999999996,5448462.6538052196,963823.74750501278,3174046.6541304248,-164.83919095510601,527.98261617514163,119.24649744793315,-0.45017703942428322,0.280242546616432,0.81882898428736584,-0.21982684715940651,0.0011447900139764503,0.00018294452440335582,-0.00069244493171403379
2,125,5.7999999999999998,5448429.6842093505,963929.34088520508,3174070.5074764062,-164.85665829802369,527.9512882585658,119.28687641910062,-0.45024168817146887,0.28013289725203788,0.81881498698340549,-0.21988633245622682,0.0012368459632195368,0.00018656162697758933,-0.00077045251310150684
2,125,6,5448396.7111819172,964034.9280591436,3174094.3688469236,-164.87352437122991,527.92054334113504,119.32674433221267,-0.45031047872365904,0.28001398614603573,0.81880093646565721,-0.21994923677348774,0.0013082946826745653,0.00019125481230157547,-0.00083179554609479761
2,125,6.2000000000000002,5448363.7348334882,964140.50913766213,3174118.2381408648,-164.88988134755007,527.89032570649488,119.36611298116368,-0.45038262038478688,0.27988790216223214,0.81878678133633209,-0.22001469084460565,0.0013629796762992499,0.00019647603741430127,-0.00087955627248869868
2,125,6.4000000000000004,5448330.755258807,964246.08422152721,3174142.1152598546,-164.90579639338887,527.86058996030442,119.40499754739588,-0.45045744512218294,0.27975633939423311,0.81877249285403342,-0.22008199755619759,0.0014040398760402802,0.00020186760859696067,-0.00091625303716067841
2,125,6.5999999999999996,5448297.7725411039,964351.65340327076,3174166.0001087282,-164.92131848712663,527.83129887050063,119.44341465497529,-0.45053439140718199,0.27962067125062662,0.81875805739767438,-0.22015059803483547,0.0014340360892270349,0.00020720390269463694,-0.00094394282930451918
2,125,6.7999999999999998,5448264.786755207,964457.21676865814,3174189.8925956837,-164.93648340845607,527.80242167792392,119.4813811226669,-0.45061298940277716,0.27948201069243528,0.81874347111543022,-0.22022004447066759,0.0014550563238728315,0.0002123498475182929,-0.00096430544582575646
2,125,7,5448231.7979697892,964562.77439782245,3174213.7926322212,-164.95131738761216,527.77393277073213,119.51891319565884,-0.45069284741139803,0.2793412589996192,0.81872873639687149,-0.22028997823481705,0.0014688025590923817,0.00021723147585966606,-0.00097871244090951904
2,125,7.2000000000000002,5448198.8062491454,964668.32636620966,3174237.7001330163,-164.96583976496242,527.74581064172969,119.5560261068936,-0.45077364009824583,0.27919914547703006,0.81871385929487639,-0.22036011244316112,0.0014766618467220039,0.00022181523123711658,-0.0009882835438594932
2,125,7.4000000000000004,5448165.8116538255,964773.87274530914,3174261.6150156576,-164.980064926636,527.71803706609239,119.59273385817657,-0.45085509811309799,0.27905625962873265,0.81869884786123537,-0.22043021793333184,0.0014797644449285074,0.00022609353579174226,-0.00099393279187550603
2,125,7.5999999999999996,5448132.8142422698,964879.41360322887,3174285.5372003419,-164.99400371040849,527.69059645126276,119.6290491446004,-0.4509369991461149,0.27891307729565701,0.81868371103337423,-0.22050011202533737,0.0014790312765939938,0.00023007483410062796,-0.00099640623462207657
2,125,7.7999999999999998,5448099.8140708795,964984.94900518307,3174309.4666098556,-165.00766442420814,527.66347532181612,119.6649833693431,-0.45101916026607936,0.27876998188686963,0.81866845791924092,-0.22056964949830984,0.0014752126377675608,0.00023377681669374921,-0.00099631274004547245
2,125,8,5448066.8111945977,965090.47901386872,3174333.4031689675,-165.02105358190417,527.6366619103585,119.70054671245271,-0.45110143140086162,0.27862728163151873,0.81865309735693426,-0.22063871533940288,0.0014689197531816008,0.00023722188780982213,-0.00099414915796362325
2,125,8.1999999999999993,5448033.8056671936,965196.00368976675,3174357.3468044242,-165.03417643320964,527.61014583194196,119.73574822899161,-0.45118368982029344,0.27848522360230327,0.81863763766144571,-0.22070721891095457,0.0014606504931611495,0.00024043420488888955,-0.00099032087158792991
2,125,8.4000000000000004,5448000.7975414814,965301.52309140412,3174381.2974446779,-165.04703734390333,527.58391782441231,119.77059596028336,-0.45126583548873428,0.27834400511863788,0.81862208649666579,-0.22077508925378325,0.0014508103294552442,0.00024343780831344639,-0.00098515858044582452
2,125,8.5999999999999996,5447967.7868694635,965407.0372755446,3174405.2550196946,-165.05964006815705,527.55796954090329,119.80509704747925,-0.45134778714273177,0.27820378300828447,0.81860645084950467,-0.22084227129065703,0.0014397294134339731,0.00024625549459055869,-0.00097893200508439564
2,125,8.8000000000000007,5447934.773702438,965512.54629736254,3174429.2194608077,-165.07198793991387,527.53229338385268,119.83925784249215,-0.45142947911982173,0.27806468121046501,0.81859073695504359,-0.22090872281629703,0.0014276764824884378,0.000248908211156934,-0.00097186107623954861
2,125,9,5447901.7580910744,965618.05021057231,3174453.1907005296,-165.08408401048555,527.5068823717171,119.87308400999498,-0.45151085850371397,0.27792679683577232,0.81857495045400208,-0.22097441196454057,0.001414870210507378,0.00025141476090210775,-0.00096412507298852411
2,125,9.1999999999999993,5447868.7400854304,965723.54906755267,3174477.1686724406,-165.09593114455629,527.48173003194472,119.90658062047126,-0.45159188295153707,0.2777902052228689,0.81855909636627078,-0.2210393152598786,0.0014014884463653375,0.00025379173567634657,-0.00095587008268451033
2,125,9.4000000000000004,5447835.7197350403,965829.04291942657,3174501.1533111078,-165.10753208637414,527.45683031486658,119.93975223348028,-0.45167251879300296,0.27765496399753653,0.8185431791728135,-0.22110341599435882,0.0013876757475403049,0.00025605358334792184,-0.00094721509237126868
2,125,9.5999999999999996,5447802.6970888507,965934.5318161411,3174525.1445519449,-165.11888950549519,527.43217752427267,119.97260297072673,-0.45175273947419253,0.27752111639021193,0.81852720287923653,-0.22116670292289911,0.0013735495229059726,0.00025821274978864693,-0.00093825696267024424
2,125,9.8000000000000007,5447769.6721953005,966040.01580653794,3174549.1423311578,-165.13000602779906,527.40776626133936,120.00513657962527,-0.45183252427031145,0.27738869393875465,0.81851117107745963,-0.22122916920667579,0.0013592050411429715,0.00026027986094460514,-0.00092907448911469927
2,125,10,5447736.6451023137,966145.49493840488,3174573.1465856656,-165.14088425610785,527.38359137929285,120.0373564881242,-0.45191185722254051,0.27725771869074251,0.8184950870033072,-0.22129081155693783,0.0013447195148370557,0.00026226392026467175,-0.00091973171840886649
2,125,10.199999999999999,5447703.6158573069,966250.96925852122,3174597.1572530544,-165.15152678356625,527.35964794666597,120.06926585167156,-0.45199072626112419,0.27712820499821705,0.81847895358891531,-0.22135162954087748,0.0013301554312859249,0.0002641725059672249,-0.00091028065635284075
2,125,10.4,5447670.5845071459,966356.43881270348,3174621.1742715011,-165.16193620198666,527.33593121749152,120.10086759322651,-0.45206912248298248,0.27700016098045882,0.81846277350950281,-0.22141162501864814,0.00131556326930465,0.00026601195873024154,-0.00090076347910164828
2,125,10.6,5447637.5510981996,966461.90364582068,3174645.197579762,-165.172115106771,527.3124366070532,120.13216443719743,-0.45214703955725394,0.27687358971630288,0.81844654922451354,-0.22147080168660052,0.0013009837153994961,0.00026778755468282069,-0.00089121433887373971
2,125,10.800000000000001,5447604.5156763019,966567.36380185734,3174669.2271171217,-165.18206609989355,527.28915967213072,120.16315893794737,-0.45222447321401132,0.27674849020215625,0.81843028303358345,-0.2215291646955439,0.0012864494730766903,0.00026950365875767307,-0.0008816608386684469
2,125,11,5447571.4782868046,966672.81932391203,3174693.2628233456,-165.19179179050579,527.26609609491663,120.19385350421081,-0.45230142093319509,0.27662485819945887,0.81841397702679997,-0.22158672039433766,0.0012719867338148313,0.00027116386806618934,-0.00087212523599840524
2,125,11.199999999999999,5447538.4389744587,966778.27025423897,3174717.3046386763,-165.20129479429622,527.2432416698781,120.22425041977287,-0.45237788148027769,0.27650268679783518,0.81839763323178938,-0.22164347601858178,0.0012576163833420168,0.00027277113283394723,-0.00086262542655421469
2,125,11.4,5447505.3977835597,966883.7166342506,3174741.352503811,-165.21057773464526,527.22059229284764,120.25435185976121,-0.45245385472655308,0.27638196699647427,0.818381253555577,-0.22169943953705717,0.0012433549859149156,0.00027432785294283923,-0.00085317574761922322
2,125,11.6,5447472.3547578622,966989.15850455977,3174765.4063598583,-165.2196432411304,527.19814395219407,120.28415990530242,-0.45252934140545575,0.27626268811922211,0.81836483982371955,-0.22175461947969344,0.0012292155826069755,0.00027583597268770771,-0.0008437876335390149
2,125,11.800000000000001,5447439.3099405859,967094.5959049752,3174789.4661483425,-165.22849394857164,527.17589272150042,120.31367655551581,-0.45260434293175905,0.27614483816410079,0.81834839379621405,-0.22180902480690409,0.0012152083458484672,0.00027729705672389102,-0.0008344701513936162
2,125,12,5447406.2633744311,967200.02887453372,3174813.531811187,-165.23713249602969,527.15383475349734,120.34290373756589,-0.45267886125378237,0.27602840408802204,0.81833191718082077,-0.22186266480361425,0.0012013411132917259,0.00027871235471340678,-0.00082523043846968497
2,125,12.199999999999999,5447373.2151015606,967305.45745150617,3174837.6032906836,-165.245561525818,527.13196627503635,120.37184331509404,-0.45275289873273072,0.27591337203861277,0.81831541164417709,-0.22191554899333363,0.0011876198233366179,0.00028008285587680407,-0.00081607405950291818
2,125,12.4,5447340.1651636092,967410.8816734273,3174861.680529471,-165.25378368256281,527.110283582899,120.40049709529957,-0.45282645804429827,0.27579972754292348,0.81829887882102514,-0.22196768706854098,0.0011740488705318873,0.00028140933486728889,-0.00080700529841159021
2,125,12.6,5447307.1136017041,967516.30157708388,3174885.7634705808,-165.26180161235729,527.0887830402778,120.42886683488798,-0.45289954209850541,0.27568745566094344,0.81828232032186654,-0.22201908883432062,0.0011606313956692307,0.00028269239020779996,-0.00079802739656823234
2,125,12.800000000000001,5447274.0604564045,967621.71719854872,3174909.8520573783,-165.26961796198836,527.06746107381866,120.45695424508874,-0.45297215397453716,0.2755765411103962,0.81826573773926126,-0.22206976416279883,0.0011473695224434963,0.00028393247632781609,-0.00078914274734850768
2,125,13,5447241.0057677757,967727.12857318518,3174933.9462335682,-165.27723537825477,527.04631417111102,120.48476099589251,-0.45304429686782138,0.27546696836811202,0.81824913265301802,-0.22211972295635241,0.0011342645506437156,0.00028512993028220762,-0.00078035305502756444
2,125,13.199999999999999,5447207.9495753367,967832.53573566163,3174958.0459431694,-165.28465650737698,527.02533887854622,120.51228871964547,-0.45311597404717158,0.27535872175227516,0.8182325066344317,-0.22216897511797343,0.0011213171137845989,0.00028628499392954689,-0.00077165946452783846
2,125,13.4,5447174.891918052,967937.93871995597,3174982.1511305561,-165.29188399447429,527.00453179948067,120.53953901411046,-0.45318718882014408,0.27525178548906654,0.81821586124974577,-0.22221753052743759,0.0011085273076535864,0.00028739783230801678,-0.00076306266733276512
2,125,13.6,5447141.8328344459,968043.33755937463,3175006.2617403865,-165.2989204831245,526.9838895926423,120.56651344507918,-0.45325794450512236,0.27514614376657964,0.81819919806295649,-0.22226539902222031,0.0010958947952923667,0.00028846854889138732,-0.00075456298800281527
2,125,13.800000000000001,5447108.7723624175,968148.73228656547,3175030.3777176472,-165.30576861553092,526.96340897070672,120.59321354836364,-0.4533282443861848,0.27504178076454711,0.81818251865830705,-0.22231259037120543,0.0010834188940899586,0.00028949719455749056,-0.00074616045493123651
2,125,14,5447075.7105393764,968254.12293352163,3175054.4990076218,-165.31243103088977,526.94308669916052,120.61964083237073,-0.45339809178573193,0.27493868074436462,0.81816582456135922,-0.2223591143070974,0.0010710986401351234,0.00029048378819666643,-0.00073785485736384054
2,125,14.199999999999999,5447042.6474022008,968359.50953159248,3175078.6255558948,-165.31891036556488,526.92291959516126,120.64579677955896,-0.45346748991481262,0.27483682799503389,0.81814911736133977,-0.22240498044973739,0.0010589328513187885,0.00029142831739445321,-0.00072964579314288417
2,125,14.4,5447009.582987261,968464.89211149362,3175102.7573083458,-165.32520925360416,526.90290452652926,120.67168284757226,-0.45353644195219273,0.27473620691038975,0.81813239863165133,-0.222450198343489,0.0010469201720499164,0.00029233074401894475,-0.00072153270692098463
2,125,14.6,5446976.5173303653,968570.2707033304,3175126.8942111428,-165.33133032603124,526.88303841088577,120.69730047079358,-0.45360495101290771,0.27463680199326695,0.81811566995094576,-0.2224947774402892,0.0010350591099190492,0.00029319101306435981,-0.00071351492130747351
2,125,14.800000000000001,5446943.4504668191,968675.64533658745,3175151.0362107242,-165.33727621065634,526.86331821484339,120.72265106151778,-0.45367302014149835,0.27453859786967405,0.81809893290377267,-0.22253872709520423,0.0010233480668735973,0.00029400905706011203,-0.00070559166243880627
2,125,15,5446910.3824313805,968781.01604014833,3175175.1832538438,-165.34304953191108,526.84374095326962,120.74773601100344,-0.45374065230687749,0.2744415792998996,0.81808218908104713,-0.22258205656312072,0.0010117853643694312,0.00029478479989948267,-0.00069776208081390927
2,125,15.199999999999999,5446877.3132583247,968886.38284230442,3175199.3352875002,-165.34865291070309,526.8243036885799,120.77255669042786,-0.45380785039851651,0.27434573118711542,0.81806544008038484,-0.22262477499634034,0.0010003692637455511,0.00029551815997811158,-0.00069002526824142737
2,125,15.4,5446844.2429813743,968991.74577076477,3175223.4922589818,-165.35408896428021,526.80500353009461,120.79711445175857,-0.4538746172237153,0.27425103858396493,0.8180486875063071,-0.22266689144291529,0.00098909798282333919,0.00029620905275106022,-0.00068238027166523318
2,125,15.6,5446811.171633726,969097.10485266754,3175247.654115831,-165.3593603061025,526.7858376334226,120.82141062855639,-0.45394095550574443,0.27415748669749485,0.81803193297035637,-0.22270841484557166,0.00097796970932137613,0.00029685739285636081,-0.00067482610438739815
2,125,15.800000000000001,5446778.099248061,969202.46011458174,3175271.8208058723,-165.3644695457271,526.76680319988236,120.84544653672005,-0.45400686788270833,0.27406506089274996,0.81801517809112345,-0.22274935404111446,0.00096698261178062054,0.00029746309584060675,-0.00066736175521276764
2,125,16,5446745.0258565396,969307.81158252677,3175295.9922771766,-165.36941928870093,526.74789747594104,120.86922347517979,-0.45407235690697745,0.27397374669527691,0.81799842449421512,-0.22278971776021611,0.00095613484835356608,0.00029802607954846483,-0.00065998619585375042
2,125,16.199999999999999,5446711.9514907897,969413.15928197326,3175320.1684780796,-165.37421213645476,526.72911775267494,120.8927427265522,-0.45413742504509519,0.27388352979275565,0.81798167381215448,-0.22282951462752323,0.00094542457401880931,0.00029854626524400207,-0.00065269838698037044
2,125,16.399999999999999,5446678.8761819545,969518.50323785329,3175344.3493571714,-165.37885068620363,526.71046136526729,120.91600555775334,-0.45420207467805523,0.27379439603589578,0.81796492768425033,-0.22286875316200891,0.00093484994625477079,0.00029902357854247796,-0.000645497283075163
2,125,16.600000000000001,5446645.7999606216,969623.84347456915,3175368.5348632899,-165.38333753084882,526.6919256924939,120.93901322058998,-0.4542663081018849,0.27370633143877537,0.81794818775641931,-0.22290744177752445,0.00092440912966738149,0.00029945795011835654,-0.00063838183636628768
2,125,16.800000000000001,5446612.7228568746,969729.18001600658,3175392.7249455303,-165.38767525887434,526.67350815624206,120.96176695231784,-0.45433012752847585,0.27361932217870716,0.81793145568097492,-0.22294558878350898,0.00091410029974352768,0.00029984931631711712,-0.00063135100003148886
2,125,17,5446579.6449002745,969834.51288553898,3175416.9195532217,-165.39186645425437,526.6552062210402,120.98426797617749,-0.45439353508659847,0.27353335459572053,0.8179147331164025,-0.22298320238583055,0.00090392164574600942,0.00030019761960400269,-0.00062440373073703234
2,125,17.199999999999999,5446546.5661198813,969939.84210603824,3175441.1186359511,-165.39591369635039,526.63701739359101,121.0065175019124,-0.45445653282307841,0.27344841519175828,0.8178980217271028,-0.22302029068771625,0.00089387137305395532,0.00030050280896297415,-0.00061753899068095865
2,125,17.399999999999999,5446513.4865442188,970045.16769987717,3175465.3221435361,-165.39981955982049,526.61893922231809,121.02851672626771,-0.45451912270409472,0.27336449062962542,0.81788132318312035,-0.22305686169076644,0.00088394770502130224,0.00030076484016053226,-0.00061075574923672685
2,125,17.600000000000001,5446480.4062013077,970150.48968894465,3175489.5300260214,-165.40358661451131,526.60096929692236,121.05026683347215,-0.45458130661656249,0.27328156773175127,0.81786463915986107,-0.22309292329602315,0.00087414888440170415,0.00030098367597572532,-0.00060405298424912393
2,125,17.800000000000001,5446447.325118647,970255.80809465388,3175513.7422337271,-165.40721742535916,526.58310524794399,121.07176899570699,-0.45464308636960316,0.27319963347879928,0.81784797133779386,-0.22312848330508242,0.00086447317442199111,0.00030115928638722704,-0.00059742968304164886
2,125,18,5446414.2433232451,970361.12293794681,3175537.9587171692,-165.41071455229024,526.56534474632861,121.09302437355818,-0.4547044636960525,0.273118675008164,0.81783132140214831,-0.22316354942124003,0.00085491885964696318,0.00030129164868182069,-0.00059088484322537024
2,125,18.199999999999999,5446381.1608415721,970466.43423930404,3175562.1794271013,-165.41408055094973,526.54768550296558,121.1140341160711,-0.45476544023113041,0.27303867959863271,0.8178146910629297,-0.22319812923962062,0.0008454842480645952,0.00030138074265040706,-0.00058441747345978955
2,125,18.399999999999999,5446348.0776995923,970571.74201875203,3175586.4043145129,-165.41731797016052,526.53012526841269,121.13479936233183,-0.45482601760510055,0.27295963472345935,0.81779808197354453,-0.2232322302928329,0.00083616766580762807,0.00030142656681206867,-0.00057802659327131666
2,125,18.600000000000001,5446314.9939227784,970677.04629586812,3175610.6333306152,-165.42042935401784,526.51266183233599,121.15532124083258,-0.4548861973087901,0.27288152796684711,0.8177814958517724,-0.2232658599850528,0.00082696746510860231,0.00030142912056167472,-0.0005717112342818124
2,125,18.800000000000001,5446281.9095360795,970782.34708979412,3175634.8664268558,-165.42341724134354,526.4952930231392,121.17560087009581,-0.45494598078578907,0.2728043470766161,0.81776493439864728,-0.22329902563811999,0.0008178820205382686,0.00030138841055865726,-0.00056547044000929136
2,125,19,5446248.8245639317,970887.6444192424,3175659.1035548816,-165.42628416539461,526.47801670757462,121.19563935916432,-0.45500536941136893,0.27272807994881987,0.81774839931835575,-0.223331734481513,0.00080890972924583149,0.00030130445129219834,-0.00055930326601167962
2,125,19.199999999999999,5446215.739030296,970992.93830250273,3175683.3446665881,-165.42903265374937,526.46083079034111,121.2154378079901,-0.45506436449411897,0.27265271462597263,0.81773189231789223,-0.22336399365352277,0.0008000490112375886,0.0003011772648728575,-0.00055320878004296351
2,125,19.399999999999999,5446182.6529585905,971098.22875744675,3175707.5897140703,-165.43166522819112,526.44373321369324,121.23499730782079,-0.45512296727756224,0.27257823929525743,0.81771541510672596,-0.22339581020242882,0.00079129830929127874,0.00030100688093071399,-0.00054718606208180233
2,125,19.600000000000001,5446149.5663717538,971203.51580154244,3175731.8386496548,-165.43418440458677,526.426721957052,121.25431894157455,-0.45518117894177113,0.27250464228674121,0.81769896939645825,-0.22342719108766698,0.00078265608886394318,0.00030079333659371649,-0.00054123420434234613
2,125,19.800000000000001,5446116.4792922102,971308.79945185245,3175756.0914258678,-165.43659269276731,526.40979503662436,121.27340378420894,-0.45523900060496991,0.27243191207158957,0.81768255690048275,-0.22345814318098786,0.0007741208379218145,0.0003005366764226603,-0.00053535231123445564
2,125,20,5446083.3917418923,971414.07972504979,3175780.3479954554,-165.43889259640144,526.39295050501482,121.29225290308098,-0.45529643332512576,0.27236003726028879,0.81766617933364483,-0.22348867326760266,0.00076569106678047935,0.00030023695237765054,-0.00052953949931695864
2,125,20.199999999999999,5446050.3037422271,971519.35663742048,3175804.6083113803,-165.44108661287032,526.37618645084785,121.310867358301,-0.4553534781015191,0.27228900660088334,0.81764983841190386,-0.22351878804731654,0.00075736530787595766,0.00029989422376053558,-0.00052379489720925704
2,125,20.399999999999999,5446017.2153141312,971624.63020487153,3175828.8723268216,-165.44317723314009,526.35950099840727,121.32924820307852,-0.45541013587631146,0.2722188089772215,0.81763353585198995,-0.22354849413564726,0.00074914211550100986,0.00029950855716305759,-0.00051811764548275211
2,125,20.600000000000001,5445984.1264780527,971729.90044293844,3175853.1399951414,-165.44516694162971,526.34289230724971,121.34739648406082,-0.45546640753608664,0.27214943340723402,0.81761727337106282,-0.22357779806492803,0.00074102006560876116,0.00029908002641307622,-0.00051250689656046392
2,125,20.800000000000001,5445951.0372539228,971835.16736679117,3175877.4112699656,-165.44705821608176,526.32635857185096,121.36531324166357,-0.45552229391337906,0.2720808690412086,0.81760105268637562,-0.22360670628539805,0.00073299775551685143,0.00029860871251804609,-0.00050696181458876135
2,125,21,5445917.9476611614,971940.4309912452,3175901.6861050767,-165.44885352742693,526.30989802123668,121.38299951039859,-0.45557779578818008,0.2720131051600968,0.81758487551493708,-0.22363522516627504,0.00072507380362752641,0.00029809470358446824,-0.00050148157529320394
2,125,21.199999999999999,5445884.8577187331,972045.69133076118,3175925.964454479,-165.45055533964509,526.29350891862339,121.40045631919121,-0.45563291388943389,0.27194613117384892,0.81756874357316889,-0.22366336099681025,0.0007172468492011475,0.00029753809479201942,-0.0004960653658599649
2,125,21.399999999999999,5445851.7674450884,972150.94839945599,3175950.2462723833,-165.4521661096334,526.27718956106287,121.41768469169072,-0.45568764889651081,0.27187993661975141,0.81755265857657222,-0.22369111998733623,0.0007095155520348115,0.00029693898830606986,-0.00049071238478119283
2,125,21.600000000000001,5445818.6768581951,972256.20221111958,3175974.531513196,-165.45368828706523,526.26093827908653,121.43468564657758,-0.45574200144066346,0.27181451116079691,0.8175366222393905,-0.22371850827028864,0.00070187859221567945,0.00029629749322097578,-0.00048542184171880418
2,125,21.800000000000001,5445785.5859755222,972361.45277919737,3175998.8201315431,-165.45512431424831,526.24475343636038,121.45146019786085,-0.45579597210646039,0.27174984458407708,0.81752063627427629,-0.22374553190121849,0.00069433466978229626,0.00029561372549726379,-0.00048019295733538837
2,125,22,5445752.4948140476,972466.70011681656,3176023.1120822462,-165.4564766259839,526.22863342933465,121.46800935517192,-0.4558495614332107,0.27168592679919457,0.81750470239195394,-0.22377219685978653,0.00068688250447470917,0.00029488780789742569,-0.00047502496315381695
2,125,22.199999999999999,5445719.4033902828,972571.94423678739,3176047.4073203248,-165.45774764942374,526.21257668689952,121.48433412405002,-0.45590276991635587,0.27162274783670204,0.8174888223008927,-0.22379850905073795,0.00067952083546065311,0.0002941198699208351,-0.00046991710141154093
2,125,22.399999999999999,5445686.3117202455,972677.18515160936,3176071.7058010027,-165.45893980392705,526.19658167004184,121.50043550622112,-0.45595559800885571,0.27156029784655555,0.8174729977069729,-0.22382447430487207,0.00067224842104442184,0.00029331004773951202,-0.00046486862490792506
2,125,22.600000000000001,5445653.2198194629,972782.42287347233,3176096.0074797026,-165.46005550091286,526.18064687151286,121.51631449987343,-0.45600804612255152,0.2714985670965937,0.81745723031315787,-0.22385009837998765,0.00066506403835444304,0.00029245848412616027,-0.00045987879683999974
2,125,22.800000000000001,5445620.1277029831,972887.65741427371,3176120.3123120433,-165.46109714371383,526.16477081548248,121.53197209992648,-0.45606011462950796,0.2714375459710453,0.81744152181916707,-0.22387538696181219,0.00065796648312037873,0.00029156532838861798,-0.00045494689067088147
2,125,23,5445587.035385374,972992.88878561871,3176144.620253846,-165.46206712742719,526.14895205722019,121.54740929829033,-0.45611180386333994,0.27137722496905065,0.81742587392114963,-0.22390034566492417,0.00065095456933555681,0.00029063073631517067,-0.00045007218996204564
2,125,23.199999999999999,5445553.9428807395,973098.11699882243,3176168.9312611311,-165.46296783876898,526.13318918275434,121.56262708412342,-0.45616311412051558,0.27131759470320632,0.81741028831136531,-0.22392498003365044,0.00064402712901156145,0.00028965487010711372,-0.00044525398822944478
2,125,23.399999999999999,5445520.8502026908,973203.34206492431,3176193.2452901164,-165.46380165592379,526.11748080854375,121.57762644408149,-0.45621404566165591,0.27125864589814219,0.81739476667785449,-0.22394929554295687,0.00063718301192989635,0.00028863789829762894,-0.00044049158880854315
2,125,23.600000000000001,5445487.7573643737,973308.56399468856,3176217.5622972087,-165.46457094839059,526.10182558115844,121.59240836256464,-0.45626459871279651,0.27120036938910236,0.81737931070412595,-0.22397329759931972,0.00063042108534406562,0.0002875799956904602,-0.00043578430470043604
2,125,23.800000000000001,5445454.6643784568,973413.78279861121,3176241.8822390116,-165.46527807683714,526.08622217695722,121.60697382195355,-0.45631477346664684,0.27114275612055927,0.81736392206883468,-0.22399699154158709,0.00062374023369837349,0.0002864813433053729,-0.00043113145841806606
2,125,24,5445421.5712571368,973518.99848692771,3176266.2050723527,-165.46592539294406,526.07066930176654,121.62132380284395,-0.4563645700838253,0.27108579714484787,0.81734860244546892,-0.22402038264181851,0.00061713935838214314,0.00028534212830382617,-0.00042653238184796788
2,125,24.199999999999999,5445388.4780121343,973624.2110696173,3176290.5307542258,-165.46651523925416,526.05516569055771,121.63545928427337,-0.45641398869407873,0.27102948362081997,0.81733335350203384,-0.22404347610611797,0.00061061737749659403,0.00028416254391288269,-0.00042198641612233739
2,125,24.399999999999999,5445355.3846547138,973729.4205564044,3176314.8592418269,-165.46704994901722,526.03971010713838,121.64938124394584,-0.45646302939748079,0.27097380681251754,0.81731817690074271,-0.22406627707545201,0.00060417322557614951,0.00028294278936735816,-0.00041749291147245984
2,125,24.600000000000001,5445322.291195672,973834.62695677963,3176339.1904925522,-165.46753184603915,526.02430134383837,121.66309065844546,-0.45651169226562155,0.27091875808785965,0.81730307429770843,-0.22408879062645012,0.00059780585331269424,0.00028168306985315263,-0.00041305122708215251
2,125,24.800000000000001,5445289.1976453364,973939.83027998649,3176363.524463987,-165.46796324452791,526.00893822119792,121.67658850344938,-0.45655997734277104,0.27086432891736834,0.81728804734263327,-0.22411102177219586,0.0005915142273444084,0.00028038359642413901,-0.00040866073096475138
2,125,25,5445256.1040135836,974045.03053503577,3176387.8611139101,-165.46834644893698,525.99361958765917,121.68987575393358,-0.45660788464703111,0.27081051087289965,0.81727309767850786,-0.2241329754630022,0.00058529732999889163,0.00027904458594313965,-0.00040432079982695841
2,125,25.199999999999999,5445223.0103098182,974150.22773071425,3176412.2004003059,-165.46868375381132,525.97834431926537,121.70295338437445,-0.45665541417147409,0.27075729562638901,0.81725822694130656,-0.22415465658717745,0.00057915415903757675,0.00027766626101337908,-0.00040003081893456036
2,125,25.399999999999999,5445189.9165429818,974255.42187558301,3176436.5422813487,-165.46897744363392,525.96311131934897,121.71582236894378,-0.45670256588525532,0.27070467494863337,0.81724343675968991,-0.2241760699717732,0.00057308372741625608,0.00027624884991833297,-0.00039579018197711158
2,125,25.600000000000001,5445156.8227215912,974360.61297798855,3176460.8867154047,-165.46922979266941,525.9479195182405,121.72848368169801,-0.45674933973471671,0.27065264070808054,0.81722872875470676,-0.22419722038332424,0.00056708506308050029,0.00027479258654483933,-0.00039159829095785113
2,125,25.800000000000001,5445123.728853669,974465.80104606797,3176485.2336610379,-165.46944306481186,525.93276787295827,121.74093829676589,-0.45679573564447695,0.27060118486963558,0.8172141045394985,-0.22421811252857404,0.0005611572086828032,0.00027329771031943872,-0.00038745455604374698
2,125,26,5445090.6349468268,974570.98608774832,3176509.5830770079,-165.46961951350713,525.91765536691366,121.75318718848936,-0.45684175349564932,0.27055029947996423,0.81719956573933528,-0.22423875104397969,0.00055529922156287101,0.00027176446549994287,-0.00038335839548547611
2,125,26.199999999999999,5445057.541008167,974676.16811075923,3176533.9349222695,-165.46976138227026,525.90258100957294,121.76523133129336,-0.45688739321800753,0.27049997672033516,0.8171851139101729,-0.22425914054140528,0.00054951017377533886,0.00027019309841023011,-0.00037930923550025535
2,125,26.399999999999999,5445024.4470444201,974781.34712263115,3176558.2891559596,-165.46987090193542,525.88754383633454,121.7770717010598,-0.4569326546544572,0.2704502088245555,0.81717075066004186,-0.22427928554123849,0.00054378914931235071,0.00026858387154607031,-0.00037530650988336589
2,125,26.600000000000001,5444991.3530618101,974886.52313070907,3176582.6457374315,-165.46995029337984,525.87254290803901,121.78870927394166,-0.4569775376533638,0.27040098813188945,0.81715647756750487,-0.22429919051800892,0.00053813524812509591,0.0002669370446163272,-0.00037134966036262568
2,125,26.800000000000001,5444958.2590661803,974991.69614214974,3176607.0046262173,-165.47000176632514,525.8575773107525,121.8001450270213,-0.45702204204650915,0.27035230707234881,0.81714229620181156,-0.22431885988995293,0.00053254758331239911,0.00026525288333842248,-0.00036743813619195733
2,125,27,5444925.1650628988,975096.86616392958,3176631.3657820523,-165.47002751918481,525.84264615548443,121.81137993846279,-0.45706616765011465,0.27030415816563325,0.81712820812260489,-0.22433829801963551,0.00052702528127185051,0.0002635316587988499,-0.00036357139406833583
2,125,27.199999999999999,5444892.0710564572,975202.03320284979,3176655.7291648695,-165.47002973889644,525.82774857790218,121.82241498767348,-0.45710991426582753,0.27025653402006677,0.81711421487964209,-0.22435750921458908,0.00052156748152903747,0.00026177364719468226,-0.00035974889801042802
2,125,27.399999999999999,5444858.9770520478,975307.19726554351,3176680.0947347786,-165.47001060079117,525.81288373804239,121.83325115543674,-0.45715328168169317,0.27020942733155379,0.8171003180125157,-0.22437649772794407,0.00051617333676351896,0.0002599791299249757,-0.00035597011932822758
2,125,27.600000000000001,5444825.8830534741,975412.35835847468,3176704.4624521248,-165.46997226847594,525.7980508200327,121.84388942403352,-0.45719626967311922,0.27016283088252901,0.81708651905037788,-0.22439526775905747,0.00051084201231573194,0.00025814839320378532,-0.0003522345364408306
2,125,27.800000000000001,5444792.7890643021,975517.5164879486,3176728.8322774195,-165.46991689360448,525.7832490318109,121.85433077742412,-0.45723887800378066,0.27011673754095861,0.81707281951168576,-0.22441382345411967,0.00050557268607541548,0.00025628172807696419,-0.00034854163474149402
2,125,28,5444759.6950877048,975622.67166011326,3176753.2041713749,-165.46984661576221,525.76847760485816,121.86457620135955,-0.45728110642655778,0.27007114025932782,0.81705922090392979,-0.22443216890676054,0.00050036454835566664,0.00025437943047459699,-0.0003448909065488652
2,125,28.199999999999999,5444726.6011264995,975727.82388096512,3176777.5780949057,-165.46976356231215,525.75373579389804,121.87462668351233,-0.45732295468444006,0.27002603207365605,0.81704572472337289,-0.22445030815864098,0.00049521680170864113,0.00025244180108099581,-0.00034128185100624619
2,125,28.399999999999999,5444693.5071830116,975832.97315635718,3176801.9540091185,-165.46966984824485,525.73902287664851,121.88448321359917,-0.45736442251142195,0.26998140610252142,0.8170323324547899,-0.2244682452000383,0.0004901286606530873,0.0002504691452628642,-0.00033771397395301558
2,125,28.600000000000001,5444660.4132591402,975938.11949199578,3176826.3318753336,-165.46956757602598,525.72433815353304,121.89414678350155,-0.45740550963337967,0.26993725554610642,0.81701904557121385,-0.22448598397041844,0.00048509935152155537,0.00024846177299861732,-0.00033418678782752494
2,125,28.800000000000001,5444627.3193564108,976043.26289345301,3176850.7116550435,-165.46945883544856,525.70968094741875,121.90361838738282,-0.45744621576893907,0.26989357368525196,0.81700586553368215,-0.22450352835899851,0.00048012811227284545,0.00024641999880058873,-0.00033069981157179626
2,125,29,5444594.2254758906,976148.40336616582,3176875.0933099543,-165.46934570347869,525.69505060333915,121.91289902179813,-0.45748654063032257,0.26985035388053208,0.81699279379098777,-0.22452088220530481,0.00047521419230676357,0.00024434414165491324,-0.00032725257052929161
2,125,29.199999999999999,5444561.1316182762,976253.54091544391,3176899.4768019849,-165.46923024411538,525.68044648823479,121.92198968580325,-0.45752648392419143,0.26980758957133882,0.81697983177943267,-0.22453804929971394,0.00047035685228914812,0.00024223452495610823,-0.00032384459635298376
2,125,29.399999999999999,5444528.0377838193,976358.67554646963,3176923.862093234,-165.46911450823447,525.66586799068386,121.93089138105616,-0.45756604535246354,0.26976527427497893,0.81696698092258724,-0.22455503338399171,0.00046555536393780604,0.00024009147643230076,-0.00032047542689463241
2,125,29.600000000000001,5444494.9439723492,976463.80726430716,3176948.2491460061,-165.46900053344825,525.65131452063167,121.93960511191811,-0.45760522461313263,0.26972340158579144,0.81695424263104632,-0.2245718381518213,0.00046080900991885302,0.0002379153280790428,-0.00031714460613721301
2,125,29.800000000000001,5444461.8501833491,976568.93607389438,3176972.6379228127,-165.46889034395457,525.63678550914062,121.94813188554851,-0.45764402140105898,0.26968196517426785,0.81694161830219714,-0.22458846724932038,0.00045611708360065057,0.00023570641609128789,-0.00031385168407896841
2,125,30,5444428.7564158337,976674.06198009348,3176997.0283863624,-165.46878595039544,525.62228040811476,121.95647271199488,-0.45768243540875508,0.2696409587862017,0.81692910931998342,-0.22460492427555348,0.00045147888892894749,0.00023346508080574084,-0.00031059621665525733
3,8000,0,5449387.1886701053,960873.98968958983,3173373.7226977898,-164.25920388466952,524.37909372357376,122.46685922246991,-0.4596025466373429,0.26528821767178801,0.81715181143612925,-0.22505683227942219,4.6065767489679164e-05,-4.4603350013895701e-05,-3.4727227796748039e-05
3,8000,0.20000000000000001,5449354.3358796705,960978.86513119726,3173398.216069275,-164.26869908762831,524.37532060180763,122.46685615678678,-0.45960101300597761,0.26528228482792121,0.81715368496175045,-0.22506015496704282,4.6181971220691615e-05,-4.2512436569281643e-05,-3.4728820732858564e-05
3,8000,0.40000000000000002,5449321.4811922973,961083.73981760337,3173422.7094404376,-164.27817087003999,524.3715425561528,122.46685575865585,-0.45959954832875805,0.26527636740865818,0.81715551920487783,-0.22506346105815306,4.6209313447428207e-05,-4.2607526889992838e-05,-3.4729012223147515e-05
3,8000,0.59999999999999998,5449288.6246126983,961188.61374782957,3173447.20281161,-164.28762207885234,524.36775867108599,122.46685581543676,-0.4595980560132944,0.26527044172842179,0.81715736881122703,-0.22506677731624622,4.6212803300638455e-05,-4.3080780153592052e-05,-3.4727641199907272e-05
3,8000,0.80000000000000004,5449255.7661445579,961293.48692063603,3173471.6961826324,-164.29705691267455,524.36396825506336,122.46685390687757,-0.45959652476509111,0.26526450545119512,0.81715924019141506,-0.22507010628107293,4.6210970004188666e-05,-4.3535480685929546e-05,-3.4725765263699595e-05
3,8000,1,5449222.9057907825,961398.35933466256,3173496.1895529078,-164.30647897661569,524.3601708007368,122.46684806681216,-0.45959495919310545,0.26525856001309006,0.81716113076281716,-0.22507344622256964,4.6208167419538074e-05,-4.391345934123507e-05,-3.4723803116756461e-05
3,8000,1.2,5449190.0449050646,961503.23196092318,3173520.6825244213,-164.3014595799113,524.3627164779947,122.46619589433641,-0.45976984767924478,0.2648106265908749,0.81715552394241142,-0.22526399823308568,0.0040401640284619235,-6.9669143605467429e-05,-0.0047913141149317469
3,8000,1.3999999999999999,5449157.184258854,961608.10373997036,3173545.1762582767,-164.3078175511786,524.35405330006961,122.4709833732128,-0.45992561017750305,0.26432540048975511,0.81724343866958826,-0.225196975357772,-0.00020558447065384722,-1.7654378816373727e-05,-0.0046799244858066738
3,8000,1.6000000000000001,5449124.3209478557,961712.97326784336,3173569.6709038406,-164.32665000013407,524.34056310450762,122.47563739430767,-0.45998474934351763,0.2640369309298819,0.81739211389807065,-0.22487476873529788,-0.0025628168695529638,1.3303890353780269e-05,-0.0040227157606773593
3,8000,1.8,5449091.4532481618,961817.83972217015,3173594.1666398249,-164.35089258707254,524.32341130743293,122.48213869451024,-0.45998585094248129,0.26387750731081017,0.81756150975061626,-0.22444343573035871,-0.0037010490503089806,9.9859051730042466e-07,-0.0034500824578375033
3,8000,2,5449058.580443169,961922.70241632615,3173618.6639425564,-164.37741141735253,524.30301613676625,122.49136479878815,-0.45995040293221751,0.263799380654339,0.81773784656203174,-0.22396501492190468,-0.004360506010219924,-3.1848189231590904e-05,-0.0030007913769459754
3,8000,2.2000000000000002,5449025.6995050739,962027.55878659338,3173643.1641678121,-164.43394179549136,524.26698431707678,122.5046830877414,-0.4595368019113123,0.26466216585155228,0.81793175184697842,-0.22308633973513864,-0.012806510498226554,-3.1259750514846627e-05,0.0068620932663667391
3,8000,2.3999999999999999,5448992.8087127451,962132.41039312165,3173667.6655416973,-164.4684645270261,524.25067562570575,122.50982263074307,-0.45913980117262121,0.26564267002641434,0.81794064753250029,-0.22270543764021061,-0.0046501119972776938,-0.0001677519933396142,0.0069145590339396044
3,8000,2.6000000000000001,5448959.9137401655,962237.25951301889,3173692.168298529,-164.4786302886379,524.24143596944327,122.51783219752738,-0.45892078608221709,0.26626245444083119,0.81782993070698407,-0.22282329747275967,-0.00018637559617108666,-0.00025134285058999931,0.0058131788469156492
3,8000,2.7999999999999998,5448927.0179333109,962342.1072963631,3173716.672581017,-164.47840794528415,524.23715865770157,122.52454338617868,-0.45880597724445493,0.26664946052596322,0.81767901128289799,-0.22315056565779889,0.00189559989445264,-0.00024921429099743263,0.0048331335599375884
3,8000,3,5448894.1226510741,962446.95466316782,3173741.1778972526,-164.47395331834872,524.23718544560086,122.52802359574109,-0.45875459327447704,0.26689304152590188,0.8175150801299409,-0.22356525064230987,0.0030674430481590896,-0.00020617844227638368,0.0040589837525773827
3,8000,3.2000000000000002,5448861.2298442712,962551.80339899089,3173765.6831569476,-164.45294637105224,524.24739361230229,122.52730337046248,-0.45892517068497529,0.26659493050771293,0.81733903149300902,-0.22421359980479366,0.0078640627537229241,-0.00017835963760722711,-0.0013094819070995118
3,8000,3.3999999999999999,5448828.340609163,962656.6531702904,3173790.1888111555,-164.44204892520312,524.24984788802089,122.52851130795268,-0.4591112695052923,0.26618316428646188,0.81725291139406009,-0.22463535803968657,0.0042244594263067909,-7.5879291580931624e-05,-0.0016834056351538783
3,8000,3.6000000000000001,5448795.4522505747,962761.50323181495,3173814.6943291402,-164.44277801775627,524.25059840628535,122.52631033688965,-0.45922819153926731,0.26590883625137995,0.81722449565137545,-0.22482455961563888,0.0023389095170148286,2.2987184741262956e-06,-0.0014090052429083105
3,8000,3.7999999999999998,5448762.5631873952,962866.35335478408,3173839.1992612761,-164.44831204351928,524.25051218911835,122.52294660393299,-0.45930945059894601,0.26571711074483084,0.81721432210767542,-0.22492220297250878,0.0015727143601503449,3.2916573061814813e-05,-0.0011380213355526355
3,8000,4,5448729.6728092358,962971.20339344465,3173863.7035064567,-164.45565376161741,524.24977607611993,122.5195382034873,-0.45937223901171764,0.26557036546207963,0.81720903953461821,-0.22498647229690455,0.0012034988762898112,3.7719519301939276e-05,-0.00092452791701240792
3,8000,4.2000000000000002,5448696.780874176,963076.05322946876,3173888.2070955806,-164.46378962460631,524.24850338798979,122.51640754862633,-0.45942284439368952,0.26545269933240889,0.81720531788131023,-0.2250355147367987,0.00096842223741434299,3.2523133856611085e-05,-0.00075550003644600863
3,8000,4.4000000000000004,5448663.887264681,963180.90276563447,3173912.710091644,-164.47236154065573,524.24679270880597,122.51360748241095,-0.45946401502793649,0.26535671803450323,0.81720245367193922,-0.22507505592785601,0.0007911811459983747,2.4220824865662386e-05,-0.00061931199344909696
3,8000,4.5999999999999996,5448630.9919113349,963285.75192293653,3173937.2125593657,-164.48120878740212,524.24472728521175,122.5111188954878,-0.45949746712322731,0.26527794164598961,0.81720028853263227,-0.22510748500569316,0.00064932017955265204,1.5354562654072089e-05,-0.00050866488539741709
3,8000,4.7999999999999998,5448598.0947690737,963390.60063744418,3173961.7145576519,-164.49023837718562,524.24237485366803,122.5089070469281,-0.45952452882205969,0.26521308415712103,0.81719874961146022,-0.22513425113962082,0.00053399862627576816,6.8302836532039354e-06,-0.00041851396129313225
3,8000,5,5448565.1958079608,963495.44885738881,3173986.2161382241,-164.49938891980165,524.23978972469786,122.50693587494511,-0.45954629564233074,0.26515954452649909,0.81719777096013424,-0.2251564372735082,0.00043995132954020649,-1.0212499146728852e-06,-0.00034500562710555965
3,8000,5.2000000000000002,5448532.2950082812,963600.29654073215,3174010.7173457867,-164.50861826543314,524.23701528139884,122.50517158439736,-0.45956368098188782,0.26511521839949986,0.81719728665364566,-0.22517490708620805,0.00036322341202581015,-8.0859665593305467e-06,-0.00028505927070157579
3,8000,5.4000000000000004,5448499.392357355,963705.14365320595,3174035.2182186022,-164.51789743267435,524.23408618311203,122.50358359779347,-0.45957744562297159,0.26507839420659146,0.81719723344756245,-0.22519035957422737,0.000300633878887579,-1.4345409794369552e-05,-0.00023617520924689697
3,8000,5.5999999999999996,5448466.4878473133,963809.99016675493,3174059.7187891612,-164.52720673002361,524.23103015568267,122.50214476955939,-0.45958822190362186,0.26504767827864384,0.81719755274746375,-0.22520336211993877,0.0002495889790206687,-1.982961001447368e-05,-0.00019631678494394728
3,8000,5.7999999999999998,5448433.5814735368,963914.83605829661,3174084.2190848622,-164.53653303128789,524.22786941360755,122.50083131954821,-0.45959653418382734,0.26502193535362017,0.81719819175920894,-0.22521437550279766,0.00020797005578526999,-2.4594200182428954e-05,-0.00016382287637254939
3,8000,6,5448400.6732335398,964019.68130873563,3174108.7191286678,-164.54586781965631,524.22462178477031,122.49962262988407,-0.45960281659421998,0.26500024054092475,0.81719910369172832,-0.22522377409444974,0.00017404663107106251,-2.8707204636482694e-05,-0.00013733827965012357
3,8000,6.2000000000000002,5448367.763126201,964124.52590217965,3174133.2189397113,-164.55520578294932,524.22130160023983,122.49850097257732,-0.45960742800282062,0.26498184022061344,0.81720024764252797,-0.22523186215746799,0.00014640550185280869,-3.2240850118403918e-05,-0.00011575725430683543
3,8000,6.4000000000000004,5448334.8511512261,964229.36982531298,3174157.7185338442,-164.56454381007757,524.21792039920774,122.49745120791863,-0.45961066466414296,0.26496612024909827,0.81720158822988442,-0.22523888705478831,0.00012389267111396945,-3.5266483050988312e-05,-9.8177545802658229e-05
3,8000,6.5999999999999996,5448301.9373087827,964334.21306689573,3174182.2179241246,-164.57388027826758,524.21448748844091,122.49646047942527,-0.45961277084763558,0.2649525800897245,0.81720309510574007,-0.22524504995039515,0.00010556585834220616,-3.785154187720189e-05,-8.3862904137677803e-05
3,8000,6.7999999999999998,5448269.021599263,964439.05561736529,3174206.7171212435,-164.58321455041258,524.21101038704614,122.49551792106961,-0.4596139477383438,0.2649408117583929,0.81720474242068397,-0.22525051448181549,9.0655694841327994e-05,-4.0057906617815557e-05,-7.2212519196572676e-05
3,8000,7,5448236.104023112,964543.89746851288,3174231.2161338911,-164.5925466238825,524.20749518062905,122.49461438566502,-0.4596143608466628,0.26493048267022717,0.81720650830604569,-0.22525541378150074,7.8534023959200689e-05,-4.1941161631549084e-05,-6.2736091878896083e-05
3,8000,7.2000000000000002,5448203.1845807387,964648.73861322843,3174255.7149690823,-164.60187688748402,524.20394680380173,122.49374219906039,-0.4596141462917756,0.26492132173564559,0.81720837427823867,-0.22525985622795483,6.8688006884827917e-05,-4.3550442982612223e-05,-5.503349888035448e-05
3,8000,7.4000000000000004,5448170.2632724391,964753.57904529211,3174280.2136324295,-164.61120595391625,524.20036926597629,122.49289494229548,-0.45961341581116361,0.26491310791373418,0.81721032488489642,-0.22526393000967262,6.0698971547969056e-05,-4.4928644449556492e-05,-4.8778202730275946e-05
3,8000,7.5999999999999996,5448137.3400983885,964858.41875921004,3174304.7121283631,-164.62053455072692,524.19676583176658,122.49206725882225,-0.4596122611224509,0.26490566100527502,0.81721234719438363,-0.22526770693180317,5.4225136680131368e-05,-4.6112854466386462e-05,-4.3703716056979849e-05
3,8000,7.7999999999999998,5448104.4150586007,964963.25775007741,3174329.2104603378,-164.6298634465808,524.19313916573321,122.49125468847988,-0.45961075743702356,0.26489883409493414,0.81721443043538244,-0.22527124546085237,4.8987501609168709e-05,-4.7134880676887047e-05,-3.9592556991609603e-05
3,8000,8,5448071.4881529408,965068.09601347335,3174353.7086309968,-164.63919340512038,524.18949144845567,122.49045352428749,-0.45960896638500592,0.26489250740344461,0.81721656566351852,-0.22527459320825965,4.4758318827361865e-05,-4.8021822500211568e-05,-3.6267235955691607e-05
3,8000,8.1999999999999993,5448038.5593811218,965172.93354537338,3174378.2066423036,-164.64852515725562,524.18582446980292,122.48966069004823,-0.45960693843035338,0.26488658327870485,0.81721874547279794,-0.22527778894839456,4.135166355527679e-05,-4.879664062997165e-05,-3.3582888446133968e-05
3,8000,8.4000000000000004,5448005.6287427135,965277.77034207643,3174402.7044956582,-164.65785938580487,524.18213970394788,122.4888736364307,-0.45960471486397958,0.26488098211134975,0.81722096374728903,-0.225280864261657,3.8615822902385924e-05,-4.9478698574654181e-05,-3.142130464727046e-05
3,8000,8.5999999999999996,5447972.6962371608,965382.60640015092,3174427.2021920015,-164.66719671837285,524.17843836971269,122.48809025319898,-0.45960232944706075,0.26487563900292654,0.81722321544932419,-0.22528384487196262,3.6426969670218971e-05,-5.0084260694230658e-05,-2.9686020133827785e-05
3,8000,8.8000000000000007,5447939.7618637839,965487.4417163874,3174451.6997318878,-164.67653772570756,524.17472147924104,122.4873087952616,-0.45959980976260617,0.26487050105249327,0.81722549644035269,-0.2252867517325349,3.4684027666523168e-05,-5.0626940479348512e-05,-2.8298308387396039e-05
3,8000,9,5447906.8256217912,965592.2762877621,3174476.1971155521,-164.68588292335164,524.17098987728491,122.48652782064698,-0.45959717832716013,0.26486552514453726,0.81722780332960365,-0.22528960190983444,3.3304498051495314e-05,-5.1118098122633005e-05,-2.719391924567621e-05
3,8000,9.1999999999999993,5447873.8875103015,965697.11011140503,3174500.6943429671,-164.6952327751998,524.16724427293309,122.48574613865284,-0.45959445350467309,0.26486067614496672,0.81723013334678019,-0.22529240930349975,3.2221049225089068e-05,-5.1567188225514171e-05,-2.6320418036946722e-05
3,8000,9.4000000000000004,5447840.9475283418,965801.94318457798,3174525.1914138929,-164.70458769804671,524.16348526525871,122.48496276661369,-0.45959165025718823,0.2648559254298441,0.81723248423538952,-0.22529518523268283,3.1378730914075639e-05,-5.1982060725982658e-05,-2.5635013767850942e-05
3,8000,9.5999999999999996,5447808.0056748576,965906.77550465218,3174549.6883279057,-164.71394806652049,524.15971336406619,122.48417689393668,-0.45958878076107423,0.26485124968545781,0.81723485416365493,-0.22529793891358685,3.0732699246695204e-05,-5.2369219227934566e-05,-2.5102786410895037e-05
3,8000,9.8000000000000007,5447775.0619487287,966011.6070690935,3174574.1850844407,-164.72331421801766,524.15592900668685,122.48338785224281,-0.45958585491259796,0.26484662992965097,0.81723724165030232,-0.22530067784844413,3.0246359503838582e-05,-5.2734041289828741e-05,-2.4695239976244097e-05
3,8000,10,5447742.1163487677,966116.43787545012,3174598.6816828013,-164.73268645740143,524.15213257158541,122.48259509062261,-0.4595828807424962,0.26484205071357131,0.81723964550288208,-0.22530340814240299,2.9889850016251655e-05,-5.3080965245119131e-05,-2.4389121522916584e-05
3,8000,10.199999999999999,5447709.1688737255,966221.2679213396,3174623.1781221982,-164.74206506133555,524.14832438938834,122.48179815516052,-0.4595798647557735,0.26483749947055391,0.81724206476660433,-0.22530613476172129,2.9638804607681656e-05,-5.3413647877545596e-05,-2.4165457244957693e-05
3,8000,10.4,5447676.2195223039,966326.0972044426,3174647.6744017587,-164.75145028218881,524.14450475182878,122.48099667201619,-0.45957681221009777,0.26483296598499134,0.81724449868197002,-0.22530886174416789,2.9473342433606407e-05,-5.3735096985990412e-05,-2.4008765741511003e-05
3,8000,10.6,5447643.2682931554,966430.92572249437,3174672.1705205413,-164.76084235149582,524.14067391900426,122.4801903334608,-0.45957372734380625,0.2648284419590668,0.81724694664974051,-0.22531159237049975,2.9377243455597858e-05,-5.4047782439895209e-05,-2.3906415908007498e-05
3,8000,10.800000000000001,5447610.3151848912,966535.75347327942,3174696.6664775498,-164.77024148298148,524.13683212526985,122.47937888636524,-0.45957061356257617,0.26482392065930499,0.81724940820201042,-0.22531432930423123,2.9337275451165878e-05,-5.4353728950466937e-05,-2.3848102868933755e-05
3,8000,11,5447577.360196081,966640.58045462763,3174721.1622717427,-164.77964787517871,524.13297958402302,122.4785621227181,-0.45956747359221456,0.26481939662822501,0.8172518829783485,-0.22531707470557119,2.9342644704232801e-05,-5.4654593362693536e-05,-2.382542024980643e-05
3,8000,11.199999999999999,5447544.4033252457,966745.40666440979,3174745.6579020349,-164.7890617136724,524.12911649159253,122.47773987182313,-0.45956430960367589,0.26481486544910343,0.81725437070614304,-0.22531983032431077,2.9384547666016272e-05,-5.495172890924884e-05,-2.3831511084221937e-05
3,8000,11.4,5447511.444570886,966850.23210053332,3174770.153367314,-164.79848317301321,524.12524303039845,122.47691199388107,-0.45956112331533439,0.26481032355405448,0.81725687118442081,-0.22532259757555614,2.9455805031929331e-05,-5.5246238509510305e-05,-2.3860782902808824e-05
3,8000,11.6,5447478.4839314567,966955.05676094175,3174794.6486664489,-164.80791241833742,524.12135937152118,122.47607837471526,-0.45955791607663032,0.26480576806745276,0.81725938427053968,-0.22532537760148058,2.9550563070516093e-05,-5.5539018925907572e-05,-2.3908675198862298e-05
3,8000,11.800000000000001,5447445.5214053886,967059.88064361224,3174819.1437982754,-164.81734960673182,524.11746567679006,122.47523892143899,-0.45955468893646695,0.26480119667818491,0.81726190986925173,-0.22532817132167801,2.9664049867554306e-05,-5.5830797274457126e-05,-2.3971469649573173e-05
3,8000,12,5447412.5569910752,967164.70374655363,3174843.6387616224,-164.82679488837928,524.11356210048314,122.4743935588975,-0.45955144269912929,0.26479660753542367,0.81726444792372166,-0.22533097947422681,2.9792376370625935e-05,-5.6122161176023221e-05,-2.4046135225893159e-05
3,8000,12.199999999999999,5447379.5906868847,967269.5260678042,3174868.1335553005,-164.83624840751389,524.10964879070957,122.47354222674836,-0.4595481779699932,0.26479199916358964,0.81726699840815253,-0.22533380264917643,2.993237400937698e-05,-5.6413583630138057e-05,-2.4130201779915843e-05
3,8000,12.4,5447346.6224911576,967374.34760543099,3174892.6281781127,-164.84571030321993,524.10572589053209,122.47268487706386,-0.45954489519288244,0.2647873703929719,0.81726956132173811,-0.22533664131585834,3.0081462179058394e-05,-5.6705443503449704e-05,-2.4221656878808269e-05
3,8000,12.6,5447313.6524022017,967479.16835753073,3174917.1226288471,-164.85518071009196,524.10179353888407,122.47182147236548,-0.45954159468059769,0.26478272030312167,0.8172721366837008,-0.2253394958451588,3.0237540070562706e-05,-5.6998042408737321e-05,-2.4318861601853306e-05
3,8000,12.800000000000001,5447280.6804182976,967583.98832222586,3174941.616906296,-164.86465975878153,524.09785187131206,122.47095198401071,-0.45953827663985891,0.26477804817666784,0.817274724529228,-0.22534236652768452,3.0398898397375816e-05,-5.7291618576721967e-05,-2.442048182206953e-05
3,8000,13,5447247.7065377114,967688.80749766692,3174966.1110092346,-164.87414757645107,524.09390102058092,122.47007639086803,-0.45953494119168359,0.26477335346163783,0.81727732490613858,-0.22534525358857763,3.0564147350707042e-05,-5.7586358258380448e-05,-2.4525432123718254e-05
3,8000,13.199999999999999,5447214.7307586735,967793.62588203058,3174990.6049364428,-164.88364428714453,524.08994111716709,122.46919467823122,-0.45953158838803482,0.26476863574071879,0.8172799378721548,-0.22534815719959903,3.0732157798703788e-05,-5.7882405102211554e-05,-2.4632830030644938e-05
3,8000,13.4,5447181.7530793948,967898.44347351918,3175015.0986866965,-164.89315001209187,524.08597228965766,122.46830683692771,-0.45952821822541584,0.26476389470617756,0.81728256349266748,-0.2253510774889815,3.0902013289054424e-05,-5.8179867841752061e-05,-2.4741958647522847e-05
3,8000,13.6,5447148.7734980583,968003.26027036051,3175039.5922587705,-164.90266486995975,524.08199466507597,122.46741286258529,-0.4595248306559761,0.26475913013940355,0.81728520183890641,-0.22535401454946632,3.1072970895793134e-05,-5.8478826601681978e-05,-2.485223617816503e-05
3,8000,13.800000000000001,5447115.7920128303,968108.07627080719,3175064.0856514331,-164.91218897705457,524.07800836914521,122.46651275503075,-0.45952142559657821,0.26475434189422059,0.81728785298644402,-0.22535696844485539,3.1244429245390298e-05,-5.8779338078364085e-05,-2.4963191041539919e-05
3,8000,14,5447082.8086218443,968212.89147313777,3175088.5788634606,-164.9217224474877,524.07401352650322,122.46560651779444,-0.45951800293620337,0.26474952988327494,0.81729051701396838,-0.22535993921535505,3.1415902432117393e-05,-5.9081439778517164e-05,-2.5074441567189617e-05
3,8000,14.199999999999999,5447049.8233232191,968317.70587565587,3175113.0718936292,-164.93126539331007,524.07001026087585,122.46469415770234,-0.45951456254199685,0.2647446940669328,0.81729319400228262,-0.22536292688193152,3.1586998727498311e-05,-5.9385153495830739e-05,-2.5185679423545535e-05
3,8000,14.4,5447016.8361150473,968422.51947668893,3175137.564740716,-164.94081792461992,524.06599869521733,122.46377568453995,-0.45951110426420166,0.26473983444422833,0.81729588403348319,-0.22536593144986242,3.1757403206393743e-05,-5.969048816016807e-05,-2.5296656094049772e-05
3,8000,14.6,5446983.8469954012,968527.33227458922,3175162.0574034974,-164.95038014964982,524.06197895182379,122.46285111077428,-0.45950762794018796,0.26473495104547989,0.81729858719029025,-0.22536895291163048,3.1926863566601595e-05,-5.999744217071776e-05,-2.5407171841040044e-05
3,8000,14.800000000000001,5446950.8559623323,968632.14426773286,3175186.5498807547,-164.95995217483519,524.05795115242552,122.46192045132398,-0.45950413339774099,0.26473004392627275,0.81730130355549924,-0.22537199124928234,3.2095178555128125e-05,-6.030600530650376e-05,-2.5517066697397408e-05
3,8000,15,5446917.8630138701,968736.95545452111,3175211.0421712734,-164.96953410486981,524.05391541825952,122.46098372336829,-0.45950062045774198,0.26472511316255348,0.817304033211532,-0.22537504643634934,3.2262188523527319e-05,-6.0616160289548545e-05,-2.5626213115814223e-05
3,8000,15.199999999999999,5446884.8681480223,968841.765833379,3175235.5342738414,-164.97912604274796,524.04987187012921,122.46004094618816,-0.45949708893635804,0.26472015884663253,0.81730677624007053,-0.22537811843941216,3.2427767725988854e-05,-6.092788406741691e-05,-2.5734509972466187e-05
3,8000,15.4,5446851.8713627793,968946.57540275599,3175260.026187249,-164.98872808979766,524.04582062845088,122.45909214103369,-0.45949353864682713,0.26471518108392844,0.81730953272175744,-0.22538120721937449,3.2591818022582906e-05,-6.1241148862011238e-05,-2.5841877668845328e-05
3,8000,15.6,5446818.8726561069,969051.38416112564,3175284.5179102956,-164.99834034570671,524.04176181329115,122.45813733101193,-0.45948996940091175,0.26471017999031499,0.81731230273595123,-0.2253843127324989,3.2754263756055508e-05,-6.1555923025297528e-05,-2.5948254141001212e-05
3,8000,15.800000000000001,5446785.8720259555,969156.19210698479,3175309.0094417804,-165.00796290854066,524.03769554439634,122.45717654099347,-0.45948638101008787,0.26470515568996411,0.81731508636052697,-0.22538743493125038,3.2915047552689033e-05,-6.1872171748679196e-05,-2.6053591595380078e-05
3,8000,16,5446752.8694702499,969260.99923885509,3175333.500780514,-165.01759587475647,524.03362194121473,122.45620979753254,-0.45948277328650849,0.26470010831358842,0.81731788367171243,-0.22539057376497967,3.3074126914396685e-05,-6.2189857632571538e-05,-2.6157853852406647e-05
3,8000,16.199999999999999,5446719.8649869058,969365.80555528065,3175357.9919253048,-165.02723933921249,524.02954112291422,122.45523712879849,-0.45947914604379353,0.26469503799701533,0.81732069474395497,-0.22539372918048065,3.3231471431198401e-05,-6.2508941160824071e-05,-2.6261014176828543e-05
3,8000,16.399999999999999,5446686.8585738111,969470.6110548313,3175382.4828749718,-165.03689339517422,524.02545320839545,122.45425856451702,-0.45947549909766755,0.26468994488002534,0.81732351964981387,-0.2253969011224401,3.338706049540223e-05,-6.2829381088494804e-05,-2.6363053503144286e-05
3,8000,16.600000000000001,5446653.8502288349,969575.41573609901,3175406.9736283398,-165.04655813431697,524.02135831630039,122.45327413591941,-0.45947183226648142,0.2646848291054123,0.81732635845987156,-0.22540008953380364,3.3540881457422983e-05,-6.3151134759194884e-05,-2.6463958994224977e-05
3,8000,16.800000000000001,5446620.8399498351,969680.2195977004,3175431.4641842381,-165.05623364672718,524.01725656502015,122.45228387569801,-0.45946814537163599,0.26467969081822007,0.81732921124266167,-0.22540329435607093,3.3692928106967407e-05,-6.3474158362338511e-05,-2.6563722862010707e-05
3,8000,17,5446587.827734651,969785.02263827529,3175455.9545415044,-165.06592002090198,524.01314807269819,122.45128781796593,-0.45946443823792299,0.26467453016512427,0.81733207806461039,-0.22540651552953411,3.3843199435882923e-05,-6.3798407151107034e-05,-2.6662341404712409e-05
3,8000,17.199999999999999,5446554.8135810969,969889.82485648734,3175480.4446989819,-165.07561734374673,524.00903295723231,122.4502859982227,-0.45946071069380395,0.26466934729393365,0.8173349589899912,-0.22540975299347019,3.3991698634925431e-05,-6.4123835616440675e-05,-2.6759814224014247e-05
3,8000,17.399999999999999,5446521.7974869758,969994.62625102419,3175504.9346555234,-165.0853257005711,524.00491133627634,122.44927845332185,-0.45945696257163327,0.26466414235318775,0.81733785408088433,-0.22541300668629469,3.4138432266920721e-05,-6.4450397632320673e-05,-2.6856143583434457e-05
3,8000,17.600000000000001,5446488.7794500738,970099.42682059587,3175529.4244099846,-165.09504517508623,524.0007833272374,122.44826522144182,-0.4594531937078391,0.26465891549183312,0.8173407633971479,-0.22541627654568591,3.4283409605534329e-05,-6.4778046573642155e-05,-2.6951333889692699e-05
3,8000,17.800000000000001,5446455.7594681596,970204.22656393668,3175553.913961234,-165.10477584939844,523.99664904727672,122.44724634205944,-0.45944940394306777,0.2646536668589638,0.81734368699639326,-0.22541956250868306,3.4426642079100695e-05,-6.5106735417573989e-05,-2.7045391264220485e-05
3,8000,18,5446422.7375389794,970309.02547980438,3175578.4033081476,-165.11451780400512,523.99250861330393,122.44622185592482,-0.45944559312229921,0.26464839660361472,0.81734662493396615,-0.2254228645117643,3.4568142832407155e-05,-6.5436416822608372e-05,-2.7138323198161126e-05
3,8000,18.199999999999999,5446389.7136602784,970413.8235669795,3175602.8924496062,-165.12427111778922,523.98836214197559,122.44519180503765,-0.45944176109493923,0.26464310487459658,0.81734957726292967,-0.22542618249090862,3.4707926366192799e-05,-6.5767043196994574e-05,-2.7230138271152088e-05
3,8000,18.399999999999999,5446356.687829772,970518.62082426646,3175627.3813845017,-165.1340358680128,523.98420974969042,122.44415623262519,-0.45943790771489057,0.26463779182036606,0.81735254403405544,-0.22542951638164357,3.484600823298739e-05,-6.6098566758196665e-05,-2.732084591799685e-05
3,8000,18.600000000000001,5446323.6600451637,970623.41725049249,3175651.8701117337,-165.14381213031135,523.98005155258431,122.44311518312144,-0.45943403284060963,0.26463245758892484,0.81735552529581368,-0.22543286611908245,3.4982404803135624e-05,-6.643093957898261e-05,-2.7410456242808216e-05
3,8000,18.800000000000001,5446290.6303041466,970728.21284450847,3175676.358630213,-165.15359997868762,523.97588766652609,122.44206870214614,-0.45943013633514834,0.26462710232773995,0.81735852109436657,-0.22543623163795301,3.5117133069263165e-05,-6.6764113623934331e-05,-2.7498979866910044e-05
3,8000,19,5446257.5986043923,970833.00760518783,3175700.846938855,-165.16339948550552,523.97171820711139,122.44101683648562,-0.45942621806618622,0.26462172618368512,0.81736153147356538,-0.22543961287261782,3.5250210480821374e-05,-6.7098040787135876e-05,-2.7586427801904849e-05
3,8000,19.199999999999999,5446224.5649435678,970937.80153142742,3175725.3350365916,-165.17321072148462,523.96754328965721,122.43995963407309,-0.45942227790605433,0.26461632930299478,0.81736455647494621,-0.2254430097570902,3.5381654827283691e-05,-6.7432672916581155e-05,-2.767281135335043e-05
3,8000,19.399999999999999,5446191.5293193161,971042.5946221475,3175749.8229223564,-165.18303375569434,523.96336302919576,122.43889714396998,-0.45941831573175024,0.26461091183123253,0.81736759613773069,-0.22544642222504499,3.5511484121748325e-05,-6.7767961843755837e-05,-2.7758142035238796e-05
3,8000,19.600000000000001,5446158.4917292753,971147.38687629078,3175774.310595098,-165.19286865554741,523.95917754046911,122.43782941634794,-0.45941433142494764,0.26460547391326683,0.8173706504988244,-0.22544985020982483,3.5639716518265688e-05,-6.8103859402332008e-05,-2.7842431503142559e-05
3,8000,19.800000000000001,5446125.4521710603,971252.17829282326,3175798.7980537768,-165.20271548679531,523.95498693792172,122.43675650247008,-0.45941032487200095,0.26460001569325831,0.81737371959282012,-0.22545329364444469,3.5766370246233062e-05,-6.8440317445134946e-05,-2.7925691501887948e-05
3,8000,20,5446092.4106422793,971356.96887073293,3175823.2852973584,-165.21257431352186,523.95079133569459,122.43567845467375,-0.45940629596394567,0.26459453731465055,0.8173768034519977,-0.22545675246159314,3.5891463552359325e-05,-6.8777287863044446e-05,-2.8007933820762976e-05
3,8000,20.199999999999999,5446059.3671405287,971461.75860903156,3175847.7723248219,-165.2224451981387,523.94659084761895,122.43459532635242,-0.4594022445964962,0.26458903892016744,0.8173799021063286,-0.22546022659363216,3.6015014658588457e-05,-6.9114722596623775e-05,-2.808917025953966e-05
3,8000,20.399999999999999,5446026.3216633927,971566.54750675359,3175872.2591351555,-165.23232820137949,523.94238558720929,122.4335071719384,-0.45939817067003896,0.26458352065181423,0.81738301558347903,-0.22546371597259524,3.6137041721233154e-05,-6.9452573651632515e-05,-2.8169412598133682e-05
3,8000,20.600000000000001,5445993.2742084367,971671.33556295605,3175896.7457273593,-165.24222338229561,523.93817566765608,122.4324140468853,-0.45939407408962418,0.26457798265088217,0.8173861439088137,-0.22546722053018409,3.6257562804493963e-05,-6.9790793106391211e-05,-2.8248672574154551e-05
3,8000,20.800000000000001,5445960.2247732216,971776.12277671753,3175921.2321004462,-165.2521307982515,523.93396120181978,122.43131600765092,-0.45938995476495564,0.2645724250579557,0.81738928710540149,-0.22547074019776522,3.6376595860714176e-05,-7.0129333125768255e-05,-2.832696186620513e-05
3,8000,21,5445927.173355299,971880.9091471408,3175945.7182534384,-165.26205050492047,523.92974230222387,122.43021311167935,-0.45938581261037964,0.26456684801292202,0.81739244519401888,-0.2254742749063654,3.649415870548832e-05,-7.0468145968262397e-05,-2.840429207690928e-05
3,8000,21.199999999999999,5445894.1199521963,971985.69467335043,3175970.2041853708,-165.27198255628019,523.92551908104679,122.42910541738459,-0.45938164754486965,0.26456125165498146,0.8173956181931582,-0.2254778245866661,3.6610269006952439e-05,-7.0807183999686027e-05,-2.8480674721981921e-05
3,8000,21.399999999999999,5445861.0645614462,972090.47935449262,3175994.6898952895,-165.28192700460858,523.92129165011659,122.42799298413327,-0.4593774594920122,0.26455563612266042,0.81739880611903126,-0.22548138916899862,3.6724944275178499e-05,-7.1146399695891293e-05,-2.8556121221724027e-05
3,8000,21.600000000000001,5445828.0071805678,972195.26318973722,3176019.1753822514,-165.29188390048117,523.91706012090231,122.42687587222709,-0.45937324837999094,0.26455000155382347,0.81740200898557747,-0.22548496858333816,3.6838201854494452e-05,-7.1485745651978663e-05,-2.86306428944958e-05
3,8000,21.800000000000001,5445794.9478070568,972300.0461782749,3176043.6606453294,-165.30185329276642,523.9128246045085,122.42575414288642,-0.45936901414156944,0.26454434808568761,0.81740522680447025,-0.22548856275929829,3.6950058905464311e-05,-7.1825174594552992e-05,-2.8704250946577098e-05
3,8000,22,5445761.8864384145,972404.82831932011,3176068.1456836038,-165.31183522862335,523.90858521166649,122.42462785823307,-0.45936475671407379,0.26453867585483704,0.8174084595851232,-0.2254921716261247,3.7060532418599782e-05,-7.2164639381931754e-05,-2.8776956474174033e-05
3,8000,22.199999999999999,5445728.8230721252,972509.60961210798,3176092.6304961722,-165.32182975349798,523.90434205272811,122.42349708127352,-0.45936047603937297,0.26453298499723721,0.81741170733469937,-0.22549579511269011,3.716963919715273e-05,-7.2504093015816494e-05,-2.8848770456635399e-05
3,8000,22.399999999999999,5445695.757705668,972614.39005589706,3176117.1150821405,-165.331836911122,523.90009523765877,122.42236187588121,-0.45935617206386054,0.26452727564824974,0.8174149700581177,-0.22549943314748788,3.72773958605605e-05,-7.2843488643974683e-05,-2.8919703755695042e-05
3,8000,22.600000000000001,5445662.6903365171,972719.16964996664,3176141.5994406315,-165.34185674350883,523.89584487602986,122.42122230678063,-0.45935184473843488,0.26452154794264798,0.81741824775806182,-0.22550308565862706,3.7383818841031233e-05,-7.3182779571370163e-05,-2.8989767112979553e-05
3,8000,22.800000000000001,5445629.6209621252,972823.94839361857,3176166.0835707779,-165.3518892909527,523.89159107701198,122.42007843952973,-0.45934749401847741,0.2645158020146311,0.81742154043498783,-0.22550675257382627,3.7488924379037078e-05,-7.3521919264699318e-05,-2.9058971148074388e-05
3,8000,23,5445596.5495799473,972928.72628617566,3176190.5674717259,-165.3619345920257,523.88733394936696,122.41893034050339,-0.45934311986383258,0.26451003799783934,0.81742484808713356,-0.22551043382040833,3.7592728530905608e-05,-7.3860861357431603e-05,-2.9127326360299012e-05
3,8000,23.199999999999999,5445563.4761874331,973033.50332698412,3176215.0511426367,-165.37199268357665,523.88307360144154,122.41777807687652,-0.4593387222387858,0.2645042560253692,0.81742817071052765,-0.22551412932529566,3.7695247164025999e-05,-7.4199559656360113e-05,-2.9194843127245167e-05
3,8000,23.399999999999999,5445530.4007820142,973138.27951540961,3176239.5345826824,-165.38206360072979,523.87881014116022,122.41662171660712,-0.4593343011120411,0.26449845622978768,0.81743150829899769,-0.22551783901500452,3.779649595680596e-05,-7.4537968147312761e-05,-2.9261531704712675e-05
3,8000,23.600000000000001,5445497.3233611314,973243.05485084059,3176264.0177910533,-165.39214737688366,523.87454367601742,122.41546132841945,-0.45932985645670021,0.26449263874314705,0.81743486084418082,-0.22552156281564104,3.7896490404161911e-05,-7.4876041000473544e-05,-2.9327402228103935e-05
3,8000,23.800000000000001,5445464.2439222047,973347.82933268708,3176288.5007669488,-165.40224404371068,523.87027431307058,122.41429698178682,-0.45932538825023733,0.2644868036969984,0.81743822833553292,-0.22552530065289619,3.7995245813337673e-05,-7.5213732578167453e-05,-2.9392464712071673e-05
3,8000,24,5445431.1624626508,973452.60296037979,3176312.9835095871,-165.41235363206269,523.86600215886915,122.41312874650238,-0.45932089645129526,0.2644809512091208,0.81744161078075861,-0.22552905244082452,3.8092777275032024e-05,-7.555100269645029e-05,-2.9456729044043207e-05
3,8000,24.199999999999999,5445398.0789798871,973557.37573337147,3176337.4660181943,-165.42247616925746,523.86172731964939,122.41195669391155,-0.45931638109181872,0.2644750814365226,0.81744500812446286,-0.22553281812689022,3.8189099799730183e-05,-7.5887798932718471e-05,-2.9520205016032625e-05
3,8000,24.399999999999999,5445364.9934713216,973662.14765113557,3176361.9482920156,-165.43261168170582,523.85744990111959,122.4107808956699,-0.45931184213942838,0.26446919449614342,0.81744842036984289,-0.22553659762418732,3.8284228120683464e-05,-7.622407705470415e-05,-2.9582902281223083e-05
3,8000,24.600000000000001,5445331.9059343524,973766.91871316684,3176386.4303303072,-165.44276019418885,523.85317000851512,122.40960142407073,-0.45930727958892564,0.2644632905176883,0.81745184749769317,-0.22554039085668326,3.8378176815707757e-05,-7.6559792739994197e-05,-2.9644830379801544e-05
3,8000,24.800000000000001,5445298.8163663754,973871.68891898077,3176410.9121323433,-165.45292172975462,523.8488877465993,122.40841835207573,-0.45930269343933749,0.26445736963042143,0.81745528948669466,-0.22554419774791978,3.8470960290438289e-05,-7.689490159737243e-05,-2.9705998737693223e-05
3,8000,25,5445265.7247647904,973976.45826811413,3176435.3936974104,-165.46309630972129,523.84460321965628,122.40723175329774,-0.45929808369390634,0.26445143196318266,0.81745874631341786,-0.22554801822100531,3.8562592777931498e-05,-7.7229359369892584e-05,-2.9766416667360068e-05
3,8000,25.199999999999999,5445232.6311269812,974081.22676012444,3176459.8750248137,-165.47328395367921,523.8403165314835,122.40604170198306,-0.45929345036006797,0.26444547764440063,0.8174622179523312,-0.22555185219861065,3.8653088337511314e-05,-7.7563121993850896e-05,-2.9826093368493311e-05
3,8000,25.399999999999999,5445199.5354503356,974185.9943945898,3176484.3561138669,-165.48348467949205,523.836027785385,122.4048482729947,-0.45928879344942936,0.26443950680210593,0.81746570437581245,-0.22555569960296584,3.8742460857346659e-05,-7.7896145617546302e-05,-2.9885037928601851e-05
3,8000,25.600000000000001,5445166.4377322337,974290.76117110881,3176508.8369639027,-165.49369850329867,523.83173708416416,122.40365154179577,-0.45928411297774246,0.26443351956394279,0.81746920555415847,-0.22555956035585623,3.8830724050452907e-05,-7.8228386614260121e-05,-2.9943259322066751e-05
3,8000,25.800000000000001,5445133.3379700603,974395.52708930033,3176533.3175742701,-165.50392543951571,523.82744453011571,122.40245158443213,-0.45927940896487918,0.26442751605718112,0.81747272145559824,-0.22556343437862128,3.8917891475365513e-05,-7.8559801588155246e-05,-3.0000766418332587e-05
3,8000,26,5445100.2361611845,974500.29214880394,3176557.7979443283,-165.51416550083974,523.82315022502019,122.40124847751575,-0.45927468143480571,0.26442149640872736,0.8174762520463027,-0.22556732159215118,3.9003976513115377e-05,-7.8890347387512689e-05,-3.0057567974710999e-05
3,8000,26.199999999999999,5445067.1323029837,974605.05634928006,3176582.2780734561,-165.52441869824872,523.81885427013594,122.40004229820876,-0.45926993041555514,0.26441546074513544,0.81747979729039899,-0.22557122191688614,3.9088992389422574e-05,-7.9219981109612784e-05,-3.0113672644020986e-05
3,8000,26.399999999999999,5445034.0263928296,974709.81969040865,3176606.7579610478,-165.53468504100533,523.81455676619203,122.39883312420598,-0.45926515593920014,0.26440940919261757,0.81748335714998188,-0.22557513527281373,3.9172952164081545e-05,-7.9548660105755421e-05,-3.0169088971713621e-05
3,8000,26.600000000000001,5445000.9184280923,974814.58217188984,3176631.237606511,-165.5449645366599,523.81025781338224,122.39762103371878,-0.45926035804182586,0.26440334187705433,0.81748693158512697,-0.22557906157946797,3.9255868741035079e-05,-7.9876341988721852e-05,-3.0223825400106796e-05
3,8000,26.800000000000001,5444967.8084061369,974919.34379344399,3176655.717009272,-165.55525719105199,523.80595751135729,122.39640610545874,-0.45925553676350195,0.26439725892400445,0.81749052055390314,-0.22558300075592896,3.9337754862906103e-05,-8.0202984640484181e-05,-3.027789026690208e-05
3,8000,27,5444934.6963243345,975024.10455481126,3176680.1961687705,-165.56556300831508,523.80165595921801,122.39518841862089,-0.45925069214825281,0.2643911604587143,0.81749412401238675,-0.22558695272082038,3.9418623122139331e-05,-8.0528546212791345e-05,-3.0331291809573915e-05
3,8000,27.199999999999999,5444901.5821800539,975128.86445575091,3176704.6750844605,-165.57588199087911,523.79735325550905,122.39396805286748,-0.45924582424403121,0.26438504660612749,0.81749774191467472,-0.22559091739231094,3.9498485955086406e-05,-8.0852985137851155e-05,-3.0384038164252109e-05
3,8000,27.399999999999999,5444868.4659706587,975233.62349604326,3176729.153755818,-165.58621413947466,523.79304949821199,122.39274508831156,-0.45924093310268627,0.26437891749089359,0.81750137421289826,-0.22559489468811242,3.957735564566433e-05,-8.117626012953385e-05,-3.0436137367155826e-05
3,8000,27.600000000000001,5444835.3476935206,975338.3816754868,3176753.632182328,-165.59655945313654,523.78874478473767,122.39151960550043,-0.45923601877993692,0.26437277323737629,0.81750502085723697,-0.22559888452548041,3.9655244331870632e-05,-8.1498330190249936e-05,-3.0487597357661703e-05
3,8000,27.800000000000001,5444802.2273459984,975443.13899390015,3176778.1103634974,-165.60691792920701,523.78443921192104,122.39029168540023,-0.45923108133533924,0.26436661396966249,0.8175086817959335,-0.22560288682121432,3.9732163995735461e-05,-8.1819154618631033e-05,-3.0538425974967625e-05
3,8000,28,5444769.1049254686,975547.89545112092,3176802.5882988456,-165.61728956334139,523.78013287601323,122.38906140937875,-0.45922612083225806,0.26436043981157059,0.81751235697530777,-0.22560690149165749,3.9808126484192744e-05,-8.2138693005055866e-05,-3.0588630966166128e-05
3,8000,28.199999999999999,5444735.9804292973,975652.6510470059,3176827.0659879092,-165.62767434951203,523.77582587267511,122.38782885918967,-0.45922113733783654,0.26435425088665682,0.8175160463397706,-0.22561092845269809,3.9883143491899167e-05,-8.2456905246001407e-05,-3.0638219981118445e-05
3,8000,28.399999999999999,5444702.8538548555,975757.40578143171,3176851.5434302432,-165.63807228001238,523.77151829697152,122.38659411695667,-0.45921613092296509,0.26434804731822453,0.81751974983184017,-0.22561496761976957,3.9957226575714473e-05,-8.2773751544705187e-05,-3.0687200577597743e-05
3,8000,28.600000000000001,5444669.7251995122,975862.15965429309,3176876.0206254143,-165.64848334546295,523.76721024336359,122.38535726515701,-0.45921110166225004,0.26434182922933003,0.81752346739215553,-0.22561901890785177,4.0030387148496754e-05,-8.3089192415789929e-05,-3.073558021978219e-05
3,8000,28.800000000000001,5444636.5944606401,975966.91266550357,3176900.497573013,-165.65890753481571,523.76290180570311,122.38411838660576,-0.45920604963398276,0.26433559674278984,0.81752719895949388,-0.22562308223147232,4.0102636485933718e-05,-8.3403188687194423e-05,-3.0783366281043703e-05
3,8000,29,5444603.4616356241,976071.66481499595,3176924.97427264,-165.66934483535968,523.75859307722578,122.38287756443967,-0.45920097492010797,0.26432934998118834,0.81753094447078312,-0.22562715750470755,4.0173985728731844e-05,-8.3715701507277432e-05,-3.0830566045309889e-05
3,8000,29.199999999999999,5444570.3267218359,976176.41610272136,3176949.4507239158,-165.67979523272774,523.75428415054489,122.381634882101,-0.45919587760619168,0.26432308906688257,0.81753470386112082,-0.22563124464118448,4.0244445877907854e-05,-8.4026692349613782e-05,-3.0877186706438371e-05
3,8000,29.399999999999999,5444537.1897166595,976281.16652864893,3176973.926926475,-165.6902587109002,523.74997511764468,122.38039042332223,-0.45919075778138946,0.26431681412200958,0.81753847706378657,-0.2256353435540826,4.0314027803017051e-05,-8.4336123017177879e-05,-3.0923235370480418e-05
3,8000,29.600000000000001,5444504.0506174807,976385.91609276715,3176998.4028799729,-165.70073525221261,523.74566606987469,122.3791442721099,-0.45918561553841403,0.2643105252684923,0.81754226401026053,-0.22563945415613587,4.0382742241628539e-05,-8.4643955643560429e-05,-3.09687190569025e-05
3,8000,29.800000000000001,5444470.9094216879,976490.66479508171,3177022.8785840771,-165.71122483736195,523.74135709794257,122.37789651272865,-0.45918045097350196,0.26430422262804382,0.8175460646302386,-0.22564357635963483,4.04505998030639e-05,-8.4950152699761206e-05,-3.1013644700275867e-05
3,8000,30,5444437.7661266765,976595.41263561707,3177047.3540384769,-165.72172744541186,523.73704829190888,122.37664722968613,-0.45917526418638138,0.26429790632217454,0.81754987885164887,-0.22564771007642895,4.0517610962656428e-05,-8.52546769988904e-05,-3.1058019148485809e-05
3,125,0,5449387.1886701053,960873.98968958983,3173373.7226977898,-164.25920388466952,524.37909372357376,122.46685922246991,-0.4596025466373429,0.26528821767178801,0.81715181143612925,-0.22505683227942219,4.6065767489679164e-05,-4.4603350013895701e-05,-3.4727227796748039e-05
3,125,0.20000000000000001,5449354.335879433,960978.86513110332,3173398.2160692024,-164.26869887412951,524.37532065214612,122.46685630065693,-0.45960101139852139,0.26528228435892665,0.81715368586399517,-0.22506015552659006,4.6179440614702099e-05,-4.2588104547537077e-05,-3.4728766481643322e-05
3,125,0.40000000000000002,5449321.4811921138,961083.73981751991,3173422.709440615,-164.27817059607682,524.37154260782927,122.4668559263859,-0.45959954227974387,0.26527636579756608,0.81715552261356239,-0.22506346293355015,4.6208018077007192e-05,-4.263691694254431e-05,-3.4728959235524613e-05
3,125,0.59999999999999998,5449288.6246125614,961188.61374775635,3173447.2028120281,-164.28762189516218,524.36775871530801,122.46685594071246,-0.45959804798121912,0.26527043961251956,0.81715737333886407,-0.22506677977338641,4.6212430121930027e-05,-4.3084893848008525e-05,-3.4727655832089585e-05
3,125,0.80000000000000004,5449255.766144448,961293.48692057061,3173471.6961832047,-164.29705686380228,524.36396829206308,122.46685397386106,-0.4595965160808349,0.26526450316643929,0.81715924508740745,-0.22507010893141596,4.6210940043225072e-05,-4.353115402436729e-05,-3.4725817699355537e-05
3,125,1,5449222.9057906717,961398.359334604,3173496.1895534508,-164.30647906222799,524.36017083313129,122.46684807905298,-0.4595949503638927,0.26525855768793266,0.81716113574139293,-0.2250734489164937,4.6208228201159712e-05,-4.3907152637347258e-05,-3.4723867148208232e-05
3,125,1.2,5449190.0448547266,961503.23189076339,3173520.682570294,-164.30211957577197,524.36248524207258,122.4661642677719,-0.45976416517968061,0.26482199603267154,0.81715872571307191,-0.2252506155927029,0.0039291354464351773,-6.6314036492308811e-05,-0.0046629408711387679
3,125,1.3999999999999999,5449157.1840734519,961608.10365387809,3173545.1762724714,-164.30833016964752,524.35409431202106,122.47079331640946,-0.4599186927618979,0.26434205614423023,0.81724480736467375,-0.22518658538444317,-1.7779039136350235e-05,-1.9054244697254959e-05,-0.0046699648971132209
3,125,1.6000000000000001,5449124.3207130516,961712.97320401913,3173569.6708890372,-164.32665321288619,524.34072849835479,122.47553917060451,-0.45998108746143718,0.26404753117742336,0.8173906704730266,-0.22487505926749055,-0.00241984989191386,1.0028559558037927e-05,-0.0040485423071058776
3,125,1.8,5449091.4530441947,961817.83969883458,3173594.1666097683,-164.35062224967373,524.32364613377626,122.48207037059132,-0.45998447283750743,0.26388299171198404,0.81755879556239075,-0.2244496986678895,-0.0036319467404107414,-4.6411945002585676e-07,-0.0034764082326330164
3,125,2,5449058.5803038031,961922.70244559424,3173618.6638958473,-164.37705578224106,524.3033057190919,122.49125997035006,-0.4599501789484679,0.26380203092260124,0.81773480120867792,-0.22397347222067976,-0.0043292642031578978,-3.1583800067913212e-05,-0.0030214541672745729
3,125,2.2000000000000002,5449025.6995384758,962027.5590190423,3173643.1640035752,-164.43226261015744,524.26778348400569,122.50458193129724,-0.4595484852470908,0.26464057854498707,0.81792239668447086,-0.22312217930185696,-0.012567551649683734,-3.568086592281726e-05,0.006589598217035959
3,125,2.3999999999999999,5448992.8090865286,962132.41072894982,3173667.6654017246,-164.46709644998529,524.25097294999,122.50997549236087,-0.45915439061238211,0.26560953032818463,0.81793504854277499,-0.22273544698934086,-0.0050157801906124304,-0.00016352374695076906,0.0068825974688388651
3,125,2.6000000000000001,5448959.914279433,962237.25988467771,3173692.1681646449,-164.47830055130066,524.2415285832277,122.51773772456612,-0.45892907626227403,0.26624074364459971,0.81783000478708223,-0.22283189326168582,-0.00046576642984330564,-0.00024407955258800592,0.0058556071940529886
3,125,2.7999999999999998,5448927.0184734017,962342.1076756512,3173716.6724136556,-164.47864707850064,524.23715047761186,122.52433230051854,-0.45880984238676009,0.26663748148537586,0.81768168546647535,-0.22314713363356611,0.00176218327482699,-0.00024553089953479256,0.0048786722042788088
3,125,3,5448894.1231200667,962446.95503291208,3173741.177688546,-164.47438461251065,524.23710076440193,122.52783567502551,-0.4587562837832177,0.26688636483665168,0.81751847116993048,-0.22355735203671831,0.0030084573878839905,-0.00020584560097734869,0.0040949582528677546
3,125,3.2000000000000002,5448861.2301718174,962551.80367464316,3173765.682963246,-164.45407199516296,524.24701065920294,122.52716012826527,-0.45892005728614527,0.26660241692156189,0.81734564663445564,-0.22419104852729216,0.0077230534208280561,-0.00017629481542778645,-0.0011535861873911712
3,125,3.3999999999999999,5448828.3407094926,962656.65339355008,3173790.1885721888,-164.44301391659016,524.24967723164332,122.52829637801756,-0.45910425006044847,0.2661976819092412,0.81725757662983134,-0.22461552743235538,0.004393988932374678,-7.8829944409180281e-05,-0.0016521502582565895
3,125,3.6000000000000001,5448795.4522136729,962761.50342953391,3173814.6940646209,-164.44320649967699,524.25049893330993,122.52626968780828,-0.4592239891616543,0.26591850318970361,0.81722621831533382,-0.22481544772951614,0.0024691600077296652,-2.5393748295000144e-06,-0.001418311438242888
3,125,3.7999999999999998,5448762.5630992316,962866.35353527218,3173839.1990005407,-164.4484378991009,524.25043594031035,122.52300934178119,-0.45930719275042509,0.26572254651331734,0.81721466018408206,-0.22491916357308717,0.0016322064984037163,2.9961483248813487e-05,-0.0011514750860307855
3,125,4,5448729.6727091698,962971.20356014243,3173863.7032618881,-164.45566802808275,524.24971372807249,122.51962884362187,-0.45937085829071272,0.26557363918286231,0.8172089581500207,-0.22498572275542836,0.0012274043715139119,3.6637642198881728e-05,-0.00093520177013347065
3,125,4.2000000000000002,5448696.7807749566,963076.05338492163,3173888.2068689512,-164.4637741187108,524.24845288484835,122.5164936842756,-0.45942185488629456,0.26545493695959133,0.81720516384117803,-0.22503545473531356,0.00097908276540744623,3.240947460668532e-05,-0.0007635294467627186
3,125,4.4000000000000004,5448663.8871690622,963180.90291204175,3173912.709880942,-164.47234289722627,524.246752374224,122.51368031854005,-0.45946324131771626,0.26535838374291199,0.81720231641586594,-0.22507516988710796,0.00079728457296045067,2.4466979329648622e-05,-0.00062551161121714627
3,125,4.5999999999999996,5448630.9918190883,963285.75206215179,3173937.2123618191,-164.48119408864272,524.2446953280695,122.51117797204236,-0.4594968423652549,0.26527922713333452,0.81720018156348473,-0.22510763372331125,0.00065362308980894434,1.5690073676490483e-05,-0.00051356858425382777
3,125,4.7999999999999998,5448598.094679228,963390.60077097418,3173961.7143706721,-164.49022900980717,524.24234963475203,122.50895404330356,-0.45952401867675341,0.26521408624570025,0.81719866977392353,-0.22513440171540886,0.00053732831962951307,7.1595600044413154e-06,-0.00042243838654501011
3,125,5,5448565.1957194479,963495.44898643869,3173986.2159595881,-164.49938482297503,524.23976987614276,122.50697271655173,-0.45954587650800016,0.26516032574196091,0.81719771315406764,-0.22515658252130588,0.00044259996725201802,-7.2526693528082179e-07,-0.00034815980967562658
3,125,5.2000000000000002,5448532.2949200878,963600.29666626093,3174010.7171736397,-164.5086190448913,524.23699970580674,122.50519999236886,-0.45956333446489933,0.26511582527672783,0.81719724654783954,-0.22517504532690197,0.00036534198614589279,-7.8276151576342668e-06,-0.00028759739711375324
3,125,5.4000000000000004,5448499.3922685534,963705.1437759765,3174035.2180514145,-164.51790262411689,524.23407401326676,122.50360503011434,-0.45957715705116015,0.26507886320980512,0.8171972075630064,-0.22519049035737565,0.00030232858923619037,-1.4122463394585456e-05,-0.00023821785418100445
3,125,5.5999999999999996,5448466.4877570691,963809.99028737703,3174059.718625667,-164.52721586374091,524.23102071007395,122.5021604463589,-0.45958797948282293,0.26504803829946622,0.81719753834870468,-0.22520348537560131,0.00025094341364996237,-1.9638298702973628e-05,-0.00019796032541992642
3,125,5.7999999999999998,5448433.5813811077,963914.8361772584,3174084.2189240106,-164.53654565319979,524.22786215796032,122.50084225927615,-0.45959632850443694,0.2650222093504368,0.81719818663199184,-0.22521449141127536,0.00020905148949405391,-2.4430627727018543e-05,-0.00016514485747730069
3,125,6,5448400.6731382692,964019.6814264321,3174108.7189695965,-164.54588350167577,524.22461630085081,122.4996296819065,-0.45960264014497271,0.26500044673537915,0.81719910604904045,-0.22522388300193577,0.00017490925024698858,-2.8567722044859703e-05,-0.00013840119530930916
3,125,6.2000000000000002,5448367.763027519,964124.52601892967,3174133.2187817232,-164.55522412932382,524.22129756100901,122.49850484451163,-0.45960727479215879,0.26498199305945258,0.81720025603996116,-0.22523196451788907,0.00014709286818649362,-3.2122146639865386e-05,-0.00011661148182625074
3,125,6.4000000000000004,5448334.8510486381,964229.36994137906,3174157.7183763646,-164.56456446071098,524.21791754918956,122.49745248855744,-0.45961052991511053,0.26496623117422641,0.81720160149946219,-0.22523898338252152,0.00012443975713688347,-3.5165599640455589e-05,-9.886369306306567e-05
3,125,6.5999999999999996,5448301.9372018594,964334.21318249567,3174182.2177666822,-164.57390290975738,524.21448562823673,122.49645965801722,-0.4596126507536587,0.26495265815389102,0.81720311230280551,-0.22524514078441482,0.00010600071784323909,-3.7765860846048079e-05,-8.4413700523427115e-05
3,125,6.7999999999999998,5448269.0214876384,964439.05573268002,3174206.7169634583,-164.58323887544711,524.21100936114271,122.49551540356487,-0.45961383926814098,0.26494086411659312,0.81720476278091014,-0.22525060036001832,9.1000818778339226e-05,-3.9985131787529556e-05,-7.2654340903467916e-05
3,125,7,5448236.103906475,964543.89758369571,3174231.2159754583,-164.5925723892887,524.20749486783291,122.49461050851345,-0.45961426161138891,0.26493051498465142,0.81720653119028319,-0.22525549523447747,7.8807434790882557e-05,-4.1879292162478729e-05,-6.309019237156164e-05
3,125,7.2000000000000002,5448203.1844588192,964648.73872841243,3174255.7148097628,-164.60190387153298,524.20394710973005,122.49373724086644,-0.45961405435175351,0.26492133844791865,0.81720839920520716,-0.22525993373383063,6.890413973429113e-05,-4.3497746525896697e-05,-5.5317001425461222e-05
3,125,7.4000000000000004,5448170.2631450146,964753.57916059298,3174280.2134720287,-164.61123396488927,524.20037011706086,122.492889132901,-0.45961332964487989,0.26491311253276922,0.81721035144764298,-0.22526400402143124,6.0869382976507443e-05,-4.4883636480060467e-05,-4.9004900966556739e-05
3,125,7.5999999999999996,5448137.3399652718,964858.41887473105,3174304.7119667297,-164.62056342312113,524.19676717070183,122.49206078785836,-0.45961217952374711,0.26490565629130874,0.817212375062354,-0.22526777786281052,5.435907435399092e-05,-4.6074264819251895e-05,-4.3884719692802988e-05
3,125,7.7999999999999998,5448104.4149196334,964963.25786591868,3174329.2102973568,-164.62989303819396,524.19314094786307,122.49124771219459,-0.45961067945134459,0.26489882221628147,0.81721445933964665,-0.22527131368398673,4.9092362068039352e-05,-4.7101628386259716e-05,-3.9736812544729262e-05
3,125,8,5448071.4880079916,965068.09612971498,3174353.7084665778,-164.63922359425189,524.18949363894649,122.49044617126056,-0.45960889125836418,0.26489249006092735,0.81721659538489022,-0.22527465905668861,4.484001534727482e-05,-4.799299182441559e-05,-3.6381946745736139e-05
3,125,8.1999999999999993,5448038.5592300817,965172.93366209103,3174378.2064763834,-164.64855584008677,524.18582704144171,122.48965306596691,-0.45960686556850522,0.26488656180429943,0.81721877583227309,-0.22527785271746531,4.1414922062799818e-05,-4.8771458997693448e-05,-3.3673853607095863e-05
3,125,8.4000000000000004,5448005.6285854951,965277.77045934496,3174402.7043281915,-164.6578904740071,524.18214263542177,122.48886582806981,-0.45960464379977806,0.26488095754632796,0.81722099459836584,-0.22528092621142476,3.866441586738396e-05,-4.9456516639066904e-05,-3.1493191131870196e-05
3,125,8.5999999999999996,5447972.6960736876,965382.60651804018,3174427.2020229613,-164.66722813695037,524.17844164427015,122.48808233173081,-0.45960225981431685,0.2648756121598369,0.81722324667183177,-0.22528390522999028,3.6463908116223115e-05,-5.0064534543354161e-05,-2.974258312455222e-05
3,125,8.8000000000000007,5447939.7616939899,965487.44183496491,3174451.699561256,-164.67656941107572,524.17472508365495,122.48730081900676,-0.459599741275242,0.26487047256410706,0.81722552793546355,-0.22528681069694265,3.4711714165802532e-05,-5.0609215982121303e-05,-2.8342569063749011e-05
3,125,9,5447906.8254456306,965592.27640709223,3174476.1969433236,-164.68591482164433,524.1709938010373,122.48651983735586,-0.4595971107625878,0.26486549550249666,0.81722783501581042,-0.22528965965234599,3.3324848498231625e-05,-5.1101997241486049e-05,-2.7228307804575872e-05
3,125,9.1999999999999993,5447873.8873277474,965697.11023155157,3174500.6941691446,-164.6952648407962,524.16724850759613,122.48573818738923,-0.45959438669053726,0.26486064573029228,0.81723016515665414,-0.22529246597236538,3.2235590338905132e-05,-5.1552397128976273e-05,-2.6346888848370626e-05
3,125,9.4000000000000004,5447840.9473393625,965801.9433056016,3174525.1912384876,-164.70461989229395,524.16348980400005,122.48495487931511,-0.4595915840608002,0.26485589453699582,0.81723251611296821,-0.22529524095541664,3.1388678465077636e-05,-5.1968319568510666e-05,-2.5655138159977895e-05
3,125,9.5999999999999996,5447808.0054794298,965906.77562661294,3174549.688150933,-164.71398035663248,524.15971820127447,122.48416909669986,-0.45958871508101451,0.26485121854128035,0.81723488606232564,-0.22529799379949841,3.073902074192223e-05,-5.2356313394361858e-05,-2.5117827436377052e-05
3,125,9.8000000000000007,5447775.0617468338,966011.60719205032,3174574.1849059169,-164.72334657613499,524.15593413768488,122.48338016638283,-0.45958578967203689,0.26484659870827959,0.81723727353109066,-0.22530073199094425,3.0249824321755398e-05,-5.2721793939595781e-05,-2.4706212622732392e-05
3,125,10,5447742.1161403935,966116.43799946201,3174598.6815027539,-164.73271885978991,524.15213799240007,122.48258753354173,-0.45958281588390015,0.26484201954813485,0.81723967733306213,-0.225303461621083,2.9891069540104139e-05,-5.3069230989148459e-05,-2.4396841218628103e-05
3,125,10.199999999999999,5447709.1686588647,966221.26804646361,3174623.1779406532,-164.74209748770957,524.14833009658423,122.48179074106251,-0.45957980023671008,0.2648374684623534,0.81724209651857171,-0.22530618764420793,2.9638264264848804e-05,-5.340230745771751e-05,-2.4170578901117927e-05
3,125,10.4,5447676.2193009555,966326.09733073635,3174647.6742187473,-164.75148271513729,524.14451074237013,122.48098941249309,-0.45957674799992454,0.26483293521068718,0.81724453033232169,-0.22530891408776693,2.9471427328886719e-05,-5.3724052797710264e-05,-2.4011815194922929e-05
3,125,10.6,5447643.2680653213,966430.9258500149,3174672.1703360798,-164.76087477599972,524.14068019015326,122.48018323797081,-0.45957366342104849,0.26482841147630104,0.81724697817852687,-0.22531164422364561,2.9374258836146832e-05,-5.4036954786285064e-05,-2.3907815230347574e-05
3,125,10.800000000000001,5447610.3149505723,966535.75360208168,3174696.666291689,-164.77027388600894,524.1368386745097,122.4793719626268,-0.45957054991286528,0.26482389051107919,0.81724943959212659,-0.22531438070775192,2.9333463030349863e-05,-5.4343052904903458e-05,-2.3848190731012943e-05
3,125,11,5447577.3599552829,966640.58058476786,3174721.1620845129,-164.77968024534701,524.13298640899836,122.47855537702829,-0.45956741020667385,0.26481936684631774,0.81725191421503185,-0.22531712569379278,2.9338195677840945e-05,-5.464401616257135e-05,-2.3824468301431133e-05
3,125,11.199999999999999,5447544.4030779805,966745.40679594199,3174745.6577134733,-164.7890940409664,524.12912359006611,122.47773330931966,-0.4595642464776421,0.26481483605671957,0.8172544017765685,-0.22531988092601396,2.9379613089695109e-05,-5.4941207797633417e-05,-2.3829737130645384e-05
3,125,11.4,5447511.4443171592,966850.23223351291,3174770.1531774621,-164.79851544854947,524.12525040021467,122.47690561875599,-0.45956106044736628,0.26481029456788102,0.8172569020773649,-0.22532264781480063,2.9450504103063567e-05,-5.5235738939087086e-05,-2.3858361505978081e-05
3,125,11.6,5447478.4836712787,966955.05689542287,3174794.6484753392,-164.80794463416663,524.12136701058034,122.47607219038808,-0.45955785346773392,0.26480573949924652,0.81725941497610544,-0.22532542749831794,2.954498971122667e-05,-5.5528513075126202e-05,-2.3905746197015818e-05
3,125,11.800000000000001,5447445.5211387724,967059.88077964808,3174819.1436059475,-164.81738175567759,524.11747358303126,122.47523293069699,-0.45955462658949148,0.26480116853599989,0.81726194037864308,-0.22532822089276261,2.9658277967449466e-05,-5.5820262825401787e-05,-2.3968145007577114e-05
3,125,12,5447412.5567180254,967164.70388419693,3174843.6385681159,-164.82682696390438,524.11357027186546,122.47438776401215,-0.45955138061829748,0.26479657982454785,0.81726447822905834,-0.22533102873333677,2.9786463965195154e-05,-5.6111580312410415e-05,-2.4042504543748785e-05
3,125,12.199999999999999,5447379.5904074293,967269.5262071077,3174868.1333606546,-164.83628040361117,524.10965722520496,122.47353662956699,-0.45954811616054125,0.26479197188726555,0.81726702850231725,-0.22533385160766206,2.9926366588620169e-05,-5.6402942200822821e-05,-2.4126336714199375e-05
3,125,12.4,5447346.6222053058,967374.34774644859,3174892.6279823598,-164.84574221431942,524.10573458611918,122.47267947908563,-0.45954483366078236,0.2647873435529457,0.81726959119824982,-0.22533668998302075,3.0075395309336798e-05,-5.6694730358659018e-05,-2.421761469267269e-05
3,125,12.6,5447313.652109975,967479.16850031167,3174917.1224320359,-164.85521253098563,524.10180249353698,122.47181627480198,-0.4595415334323425,0.26478269390005577,0.81727216633661182,-0.22533954422857561,3.0231441495115452e-05,-5.6987248835466028e-05,-2.4314688021331451e-05
3,125,12.800000000000001,5447280.680119724,967583.98846682336,3174941.6167084663,-164.86469148456288,524.09786108299772,122.47094698783559,-0.45953821568230163,0.26477802221045538,0.81727475395303728,-0.2253424146334827,3.0392789700788472e-05,-5.7280737846512798e-05,-2.4416213331158367e-05
3,125,13,5447247.7062327974,967688.80764413241,3174966.110810427,-164.8741792024621,524.09391048726218,122.47007159685832,-0.45953488053191427,0.26477332793163655,0.81727735409572133,-0.2253453014216682,3.0558045238433348e-05,-5.75753852669727e-05,-2.4521097791988159e-05
3,125,13.199999999999999,5447214.7304474451,967793.6260304139,3174990.6047366955,-164.88367580893262,524.08995083679258,122.46919008699901,-0.45953152803328401,0.26476861064592699,0.81727996682270443,-0.22534820476387207,3.0726075157303304e-05,-5.7871336049161522e-05,-2.4628452992843413e-05
3,125,13.4,5447181.7527618771,967898.44362387108,3175015.0984860514,-164.89318142537874,524.08598226016477,122.46830244894571,-0.45952815818299053,0.26476387004535917,0.81728259219964605,-0.22535112478747446,3.0895960022730157e-05,-5.8168699990104654e-05,-2.4737557296965846e-05
3,125,13.6,5447148.7731742663,968003.2604227307,3175039.5920572653,-164.90269617061136,524.08200488439115,122.46740867821045,-0.45952477093320598,0.26475910591118118,0.8172852302980057,-0.22535406158450416,3.1066954532962055e-05,-5.8467558081453271e-05,-2.4847825098331436e-05
3,125,13.800000000000001,5447115.7916827928,968108.07642524596,3175064.0854491112,-164.91222016106033,524.07801883518198,122.46650877451897,-0.4595213662007786,0.2647543180971425,0.81728788119355178,-0.22535701521816817,3.1238455481782128e-05,-5.8767967718497724e-05,-2.4958781777393964e-05
3,125,14,5447082.8082855837,968212.89162969426,3175088.578660374,-164.92175351093829,524.07402423716042,122.46560274131531,-0.45951794387464839,0.26474950651586415,0.81729054496514153,-0.22535998572817673,3.140997551543608e-05,-5.9069966973871668e-05,-2.507004322841782e-05
3,125,14.199999999999999,5447049.8229807587,968317.70603437827,3175113.0716898083,-164.93129633238564,524.07002121403866,122.46469058535006,-0.45951450382189851,0.26474467112771605,0.81729322169372343,-0.22536297313508813,3.1581121808900052e-05,-5.9373578101912717e-05,-2.5181299186750226e-05
3,125,14.4,5447016.8357664114,968422.51963762566,3175137.5645362013,-164.94084873557597,524.06600988875982,122.46377231634361,-0.45951104589270053,0.26473981193175777,0.81729591146152025,-0.22536597744383891,3.1751578556627582e-05,-5.9678810411183717e-05,-2.5292299582741343e-05
3,125,14.6,5446983.8466406176,968527.33243778802,3175162.0571983289,-164.95041082880618,524.06199038360603,122.46284794670377,-0.45950756992433983,0.26473492895834494,0.81729861435136619,-0.22536899864663029,3.1921092772024033e-05,-5.9985662596120694e-05,-2.5402843436032681e-05
3,125,14.800000000000001,5446950.8556014299,968632.14443324192,3175186.5496749748,-164.95998271857113,524.05796282029462,122.46191749129648,-0.45950407574451402,0.26473002226310788,0.81730133044615461,-0.2253720367252782,3.2089462692347236e-05,-6.0294124681967979e-05,-2.5512769796544413e-05
3,125,15,5446917.8626468731,968736.95562238782,3175211.0419649193,-164.9695645096127,524.05392732005043,122.46098096725274,-0.45950056317401411,0.26472509192204269,0.81730405982839427,-0.22537509165312544,3.2256528261863632e-05,-6.0604179589303028e-05,-2.5621950327891153e-05
3,125,15.199999999999999,5446884.8677749615,968841.76600364922,3175235.534066956,-164.97915630497164,524.0498840036671,122.4600383938092,-0.45949703202891318,0.26472013802750699,0.81730680257984756,-0.22537816339659819,3.2422163422960198e-05,-6.0915804425984112e-05,-2.5730283278291001e-05
3,125,15.4,5446851.8709836779,968946.57557547686,3175260.0259798761,-164.98875820601734,524.04583299154774,122.45908979217536,-0.45949348212235519,0.26471516068496814,0.81730955878122913,-0.2253812519164741,3.2586269801694728e-05,-6.1228971545051729e-05,-2.583768854947099e-05
3,125,15.6,5446818.8722709948,969051.38433634164,3175284.5177024743,-164.99837031247574,524.04177440374872,122.45813518541952,-0.45948991326601085,0.26471016001034248,0.81731232851196356,-0.22538435716891456,3.2748771557407881e-05,-6.1543649406423876e-05,-2.5944103679034885e-05
3,125,15.800000000000001,5446785.8716348624,969156.19228474097,3175309.0092335525,-165.00799272244564,524.03770836000683,122.45717459837576,-0.45948632527126038,0.26470513612784419,0.81731511184998784,-0.22538747910630427,3.2909611187456791e-05,-6.1859803285456359e-05,-2.604948056069882e-05
3,125,16,5446752.8690732121,969260.99941919628,3175333.500571921,-165.01762553241741,524.03363497975829,122.45620805756374,-0.45948271795016699,0.26470008916822357,0.81731790887158651,-0.22539061767793037,3.3068746092512616e-05,-6.2177395850918055e-05,-2.6153782764440405e-05
3,125,16.199999999999999,5446719.8645839496,969365.80573825166,3175357.991716384,-165.02726883728121,524.02955438216156,122.45523559111909,-0.45947909111626123,0.26469501926733963,0.81732071965125952,-0.22539377283053846,3.3226145793470128e-05,-6.2496387647094308e-05,-2.6256983360485316e-05
3,125,16.399999999999999,5446686.8581649717,969470.61124047148,3175382.4826657628,-165.03692273033138,524.02546668610762,122.45425722873556,-0.45947544458517509,0.26468992656500123,0.81732354426162068,-0.22539694450877681,3.3381789617167819e-05,-6.2816737475517126e-05,-2.635906312200514e-05
3,125,16.600000000000001,5446653.8498141486,969575.41592445655,3175406.9734188812,-165.0465873032721,524.02137201022708,122.45327300161301,-0.45947177817517471,0.26468481120402765,0.81732638277329905,-0.22540013265556449,3.3535664889655706e-05,-6.3138402718001312e-05,-2.6460009094248955e-05
3,125,16.800000000000001,5446620.8395293308,969680.21978881815,3175431.4639745704,-165.05626264621785,524.01727047290308,122.45228294241281,-0.45946809170757252,0.26467967332948616,0.81732923525487511,-0.22540333721238295,3.3687765364915919e-05,-6.3461339598521593e-05,-2.6559813389657909e-05
3,125,17,5446587.8273084313,969785.02283219632,3175455.95433167,-165.06594884769575,524.01316219226976,122.451287085217,-0.45946438500707476,0.26467451308806728,0.81733210177282256,-0.22540655811951271,3.3838090043861233e-05,-6.3785503387558932e-05,-2.665847224113777e-05
3,125,17.199999999999999,5446554.8131491421,969889.82505325321,3175480.4444890181,-165.07564599464499,524.00904728621549,122.45028546549194,-0.45946065790205959,0.26466933062759307,0.81733498239145852,-0.22540979531622543,3.3986642075144683e-05,-6.4110848620767022e-05,-2.6755985183105716e-05
3,125,17.399999999999999,5446521.7970493091,969994.62645067624,3175504.934445471,-165.08535417239005,524.00492587238637,122.44927812006938,-0.45945691022479135,0.2646641260966181,0.81733787717290973,-0.22541304874093462,3.4133427993570706e-05,-6.4437329201741056e-05,-2.68523544184097e-05
3,125,17.600000000000001,5446488.7790067326,970099.42702317645,3175529.4241998866,-165.09507346466938,524.00079806818155,122.44826508709826,-0.45945314181161734,0.26465889964409772,0.81734078617707684,-0.22541631833132111,3.427845710771265e-05,-6.4764898491341297e-05,-2.6947584333159107e-05
3,125,17.800000000000001,5446455.7590191821,970204.22676948668,3175553.9137511295,-165.10480395361577,523.99666399075466,122.44724640602735,-0.45944935250310054,0.26465365141913516,0.81734370946161283,-0.22541960402443062,3.4421740831499561e-05,-6.5093509474515942e-05,-2.7041681016510421e-05
3,125,18,5446422.7370844008,970309.02568836312,3175578.4030980733,-165.11454571975355,523.9925237570078,122.44622211757883,-0.45944554214413968,0.26464838157076909,0.81734664708190596,-0.2254229057567507,3.4563292318829076e-05,-6.5423114822449766e-05,-2.7134651942291677e-05
3,125,18.199999999999999,5446389.7132001342,970413.82377858646,3175602.8922396037,-165.12429884199247,523.9883774835896,122.44519226372536,-0.45944171058405892,0.26464309024781607,0.81734959909106031,-0.22542622346427021,3.4703126069291463e-05,-6.5753666956967768e-05,-2.7226505673583901e-05
3,125,18.399999999999999,5446356.6873641023,970518.62103896216,3175627.3811746156,-165.13406339762093,523.98422528689355,122.44415688766712,-0.45943785767667916,0.26463777759873486,0.81735256553989055,-0.22542955708252926,3.4841257629892599e-05,-6.6085118101277484e-05,-2.7317251628916908e-05
3,125,18.600000000000001,5446323.6595740104,970623.41746831487,3175651.869902005,-165.14383946230066,523.9800672830446,122.44311603381028,-0.45943398328037538,0.26463244377153111,0.81735554647690556,-0.22543290654665785,3.4977703400587526e-05,-6.6417420334284074e-05,-2.7406899913289732e-05
3,125,18.800000000000001,5446290.6298275422,970728.21306549571,3175676.3584206724,-165.15362711006244,523.97590358790808,122.44206974774941,-0.45943008725812023,0.26462708891366948,0.81735854194831048,-0.2254362717913975,3.5112480362582406e-05,-6.6750525633574613e-05,-2.7495461138264635e-05
3,125,19,5446257.5981223863,970833.00782937789,3175700.8467295431,-165.16342641329624,523.97173431707131,122.44101807624368,-0.45942616947750936,0.26462171317202243,0.8173615519979982,-0.22543965275113056,3.5245605982429037e-05,-6.7084385893989177e-05,-2.7582946315790666e-05
3,125,19.199999999999999,5446224.5644562002,970937.80175885768,3175725.3348275479,-165.17323744274913,523.96755958584538,122.43996106719966,-0.45942222981079778,0.26461631669282359,0.81736457666754392,-0.22544304935988779,3.5377098040450741e-05,-6.7418952969322998e-05,-2.7669366743785326e-05
3,125,19.399999999999999,5446191.5288266288,971042.59485285322,3175749.8227136196,-165.18306026751719,523.9633795092567,122.4388987696541,-0.45941826813489728,0.26461089962163448,0.81736761599621166,-0.22544646155136308,3.5506974564331466e-05,-6.7754178696252974e-05,-2.7754733938133794e-05
3,125,19.600000000000001,5446158.4912313065,971147.38711031119,3175774.3103867071,-165.19289495504171,523.95919420204086,122.43783123375204,-0.45941428433140374,0.26460546210332042,0.8173706700209481,-0.2254498892589189,3.5635253716547568e-05,-6.8090014910814683e-05,-2.7839059556493467e-05
3,125,19.800000000000001,5446125.4516678546,971252.17853019421,3175798.7978457664,-165.20274157110074,523.95500377863698,122.43675851073229,-0.45941027828659053,0.26460000428203667,0.81737373877638675,-0.22545333241559087,3.5761953727955211e-05,-6.8426413470552391e-05,-2.7922355343063633e-05
3,125,20,5446092.4101338759,971356.96911148995,3175823.2850897685,-165.21260017980805,523.95080835318015,122.4356806529062,-0.4594062498914106,0.26459452630122221,0.81737682229485031,-0.22545679095408841,3.5887092851289527e-05,-6.8763326267767488e-05,-2.8004633089337175e-05
3,125,20.199999999999999,5446059.3666269723,971461.75885320944,3175847.7721176916,-165.22247084360015,523.94660803949637,122.43459771364236,-0.45940219904149715,0.26458902830359471,0.81737992060635212,-0.2254602648067944,3.6010689307853393e-05,-6.910070524406833e-05,-2.8085904593915473e-05
3,125,20.399999999999999,5446026.3211447205,971566.54775438772,3175872.2589285201,-165.23235362324149,523.94240295109546,122.43350974734881,-0.45939812563715698,0.26458351043115713,0.81738303373859778,-0.22546375390576415,3.6132761261906742e-05,-6.9438502406846087e-05,-2.816618163930224e-05
3,125,20.600000000000001,5445993.2736847037,971671.33581407939,3175896.7455212581,-165.2422485778109,523.93819320116268,122.43241680945454,-0.45939402958335906,0.26457797282519485,0.81738616171699452,-0.22546725818272051,3.6253326793757555e-05,-6.9776669834209547e-05,-2.8245475970716052e-05
3,125,20.800000000000001,5445960.2242444772,971776.12303136487,3175921.2318949169,-165.25215576470262,523.93397890255437,122.43131895639218,-0.45938991078972563,0.26457241562628586,0.81738930456465286,-0.22547077756905243,3.6372403856278602e-05,-7.0115159693237219e-05,-2.8323799269304658e-05
3,125,21,5445927.1728215804,971880.90940534521,3175945.718048519,-165.26207523961963,523.929760167788,122.43021624558135,-0.4593857691705201,0.26456683897431066,0.81739246230239215,-0.22547431199580906,3.6490010266869851e-05,-7.0453924247463432e-05,-2.8401163138551629e-05
3,125,21.199999999999999,5445894.1194135575,971985.69493514416,3175970.2039810959,-165.27200705656873,523.92553710904122,122.42910873541305,-0.45938160464463551,0.26456124300846412,0.8173956349487449,-0.22547786139369541,3.6606163690634901e-05,-7.079291586181157e-05,-2.8477579094571875e-05
3,125,21.399999999999999,5445861.0640179254,972090.47961990838,3175994.6896916963,-165.28195126785636,523.92130983813672,122.42799648522998,-0.45937741713557484,0.26455562786726528,0.81739882251996732,-0.22548142569306268,3.6720881637494029e-05,-7.113208701125696e-05,-2.8553058557031602e-05
3,125,21.600000000000001,5445828.0066322163,972195.26345880632,3176019.1751793814,-165.29190792408917,523.91707846653696,122.42687955531029,-0.45937320657144121,0.26454999368857179,0.81740202503003978,-0.22548500482391032,3.6834181481965096e-05,-7.1471390291978363e-05,-2.8627612857386342e-05
3,125,21.800000000000001,5445794.9472539276,972300.04645102972,3176043.6604432142,-165.3018770741653,523.91284310534525,122.42575800685069,-0.45936897288491546,0.26454434060959325,0.81740524249067803,-0.22548859871587537,3.6946080380759931e-05,-7.1810778428953382e-05,-2.870125320431522e-05
3,125,22,5445761.8858805541,972404.82859579113,3176068.1454822808,-165.31185876527553,523.90860386529152,122.42463190195014,-0.45936471601324036,0.26453866876690574,0.81740847491133983,-0.22549220729822525,3.7056595304294669e-05,-7.2150204283252754e-05,-2.8773990686850006e-05
3,125,22.199999999999999,5445728.82250957,972509.60989232478,3176092.6302956752,-165.32185304289433,523.90436085671968,122.42350130359324,-0.45936043589820341,0.26453297829646955,0.81741172229922932,-0.22549583049985594,3.7165743088929067e-05,-7.248962085828952e-05,-2.8845836297000386e-05
3,125,22.399999999999999,5445695.7571384814,972614.39033988968,3176117.1148825046,-165.33185995078478,523.90011418959637,122.42236627563011,-0.45935613248611523,0.26452726933363702,0.81741498465930873,-0.22549946824928468,3.7273540354862289e-05,-7.2828981292821849e-05,-2.8916800900791463e-05
3,125,22.600000000000001,5445662.6897647474,972719.16993776395,3176141.5992418933,-165.34187953099237,523.89586397348739,122.42122688276244,-0.45935180572779216,0.26452154201317402,0.81741826199430367,-0.22550312047464266,3.7380003530607621e-05,-7.3168238894384433e-05,-2.8986895239326942e-05
3,125,22.800000000000001,5445629.6203858266,972823.9486852492,3176166.0833729701,-165.35191182384179,523.89161031756271,122.42008319052607,-0.45934745557853079,0.26451579646927054,0.81742155430471486,-0.22550678710367283,3.7485148862836599e-05,-7.3507347131044842e-05,-2.9056129936716705e-05
3,125,23,5445596.5489991708,972928.72658166836,3176190.5672748899,-165.36195686793735,523.88735333058185,122.4189352652737,-0.45934308199809348,0.26451003283556029,0.81742486158882222,-0.22551046806372066,3.7588992405297168e-05,-7.3846259632761793e-05,-2.9124515492084953e-05
3,125,23.199999999999999,5445563.4756022403,973033.50362636661,3176215.050946801,-165.37201470015958,523.88309312088847,122.4177831741584,-0.45933868495068164,0.26450425124513238,0.81742818384269766,-0.22551416328173135,3.7691550041685554e-05,-7.4184930207396875e-05,-2.9192062290587504e-05
3,125,23.399999999999999,5445530.4001924461,973138.27981870971,3176239.5343878861,-165.38208535566568,523.87882979640437,122.41662698511672,-0.45933426440491709,0.26449845183054277,0.81743152106021222,-0.22551787268424564,3.7792837450433144e-05,-7.4523312838530435e-05,-2.9258780590729885e-05
3,125,23.600000000000001,5445497.3227672372,973243.05515808496,3176264.017597327,-165.39216886788418,523.87456346462409,122.41546676685169,-0.45932982033381853,0.26449263472383522,0.81743487323304609,-0.22552159619739323,3.7892870118542514e-05,-7.4861361699755366e-05,-2.9324680526361282e-05
3,125,23.800000000000001,5445464.2433240395,973347.82964390155,3176288.5005743313,-165.40226526852018,523.87029423260287,122.41430258881627,-0.45932535271477365,0.26448680005655384,0.8174382403506999,-0.22552533374688699,3.7991663366016831e-05,-7.5199031142083971e-05,-2.9389772116986093e-05
3,125,24,5445431.1618602695,973452.60327559093,3176312.9833181053,-165.41237458755197,523.86602220695056,122.413134521196,-0.45932086152952523,0.26448094795975441,0.81744162240050111,-0.22552908525802379,3.808923233627072e-05,-7.5536275726651949e-05,-2.9454065267653755e-05
3,125,24.199999999999999,5445398.0783733428,973557.37605260476,3176337.4658278855,-165.42249685322847,523.8617474938319,122.41196263489181,-0.45931634676414052,0.26447507856401997,0.81744501936761738,-0.22553285065567499,3.8185591958936826e-05,-7.5873050211136962e-05,-2.9517569753247981e-05
3,125,24.399999999999999,5445364.9928606655,973662.14797441592,3176361.9481029115,-165.4326320920716,523.85747019894836,122.41078700150514,-0.4593118084089905,0.26446919199947216,0.81744843123506572,-0.2255366298642841,3.828075699955956e-05,-7.6209309562140029e-05,-2.958029523413959e-05
3,125,24.600000000000001,5445331.9053196404,973766.91904051881,3176386.4301424422,-165.44278032887709,523.85319042753758,122.40960769331939,-0.45930724645872389,0.26446328839578914,0.81745185798372266,-0.22554042280786507,3.8374742048241256e-05,-7.6545008957899316e-05,-2.9642251256195301e-05
3,125,24.800000000000001,5445298.815747668,973871.68925042893,3176410.9119457491,-165.4529415867128,523.84890828436403,122.4084247832844,-0.45930266091223637,0.26445736788221408,0.81745529959233931,-0.22554422940999702,3.8467561512713242e-05,-7.6880103798481023e-05,-2.9703447247818997e-05
3,125,25,5445265.7241421193,973976.4586036813,3176435.3935121205,-165.46311588691887,523.844623873714,122.4072383449993,-0.45929805177265998,0.26445143058756848,0.81745875603754503,-0.22554804959382169,3.8559229625936499e-05,-7.7214549705976522e-05,-2.9763892523952568e-05
3,125,25.199999999999999,5445232.6305004228,974081.22709983424,3176459.8748408575,-165.47330324911164,523.84033729938551,122.40604845269461,-0.45929341904732324,0.26444547664026563,0.81746222729386553,-0.22555188328204057,3.8649760457914239e-05,-7.7548302521087835e-05,-2.982359628868731e-05
3,125,25.399999999999999,5445199.5348199466,974185.99473846413,3176484.3559312769,-165.48350369118441,523.83604866468261,122.40485518121719,-0.45928876274773289,0.26443950616832274,0.8174657133337313,-0.22555573039691179,3.8739167903643642e-05,-7.7881318333493553e-05,-2.9882567634714961e-05
3,125,25.600000000000001,5445166.4370980738,974290.7615191699,3176508.8367827092,-165.49371722930553,523.83175807241309,122.40365860601351,-0.45928408288954758,0.26443351929937176,0.81746921412748841,-0.22555959086024829,3.8827465664354732e-05,-7.8213553471929452e-05,-2.9940815533795993e-05
3,125,25.800000000000001,5445133.3373321844,974395.52744156925,3176533.3173945025,-165.50394387792352,523.82746562486977,122.40245880311228,-0.4592793794925441,0.26442751616067173,0.81747272964341533,-0.2255634645934157,3.8914667312911872e-05,-7.854496450887034e-05,-2.9998348860996839e-05
3,125,26,5445100.2355196513,974500.29250530188,3176557.7977660205,-165.51418364976755,523.82317142383488,122.40125584910868,-0.45927465258059569,0.26442149687911604,0.81747625984773264,-0.22556735151733059,3.9000786234033458e-05,-7.8875508261122066e-05,-3.0055176377230617e-05
3,125,26.199999999999999,5445067.1316578491,974605.05671002786,3176582.2778966385,-165.52443655584756,523.81887557056848,122.4000498211475,-0.45926990218164865,0.2644154615812479,0.81747980470461323,-0.2255712515524573,3.9085835658993456e-05,-7.9205141803448268e-05,-3.0111306739542525e-05
3,125,26.399999999999999,5445034.0257441523,974709.82005542668,3176606.7577857524,-165.53470260545888,523.81457816580109,122.39884079690641,-0.45926512832768857,0.26440941039326982,0.8174833641761966,-0.22557516461880966,3.9169828645159763e-05,-7.9533822472114258e-05,-3.0166748493782138e-05
3,125,26.600000000000001,5445000.9177759318,974814.58254119777,3176631.2374327816,-165.54498180618816,523.81027930972823,122.3976288545785,-0.45926033105471226,0.26440334344104982,0.81748693822260576,-0.22557909063594572,3.9252778097468797e-05,-7.9861507858048828e-05,-3.0221510083712665e-05
3,125,26.800000000000001,5444967.807750552,974919.34416706068,3176655.7168371207,-165.55527416390763,523.80597910200299,122.39641407285937,-0.45925551040270185,0.26439726085013709,0.81749052680195489,-0.22558302952296874,3.9334696762882078e-05,-8.018815584173917e-05,-3.0275599849768663e-05
3,125,27,5444934.6956653865,975024.10493275512,3176680.1959982282,-165.5655796827854,523.80167764172666,122.39519653092719,-0.45925066641559703,0.26439116274576935,0.81749412987036529,-0.22558698119852691,3.9415597242234883e-05,-8.0513724556566688e-05,-3.0329026033712431e-05
3,125,27.199999999999999,5444901.5815178035,975128.86483804055,3176704.6749155559,-165.5758983652855,523.79737502744706,122.39397630842761,-0.45924579914126429,0.26438504925287715,0.81749774738197911,-0.2255909455808133,3.9495491976189002e-05,-8.0838172426738077e-05,-3.0381796775843091e-05
3,125,27.399999999999999,5444868.4653051635,975233.62388269603,3176729.1535885772,-165.58623021217414,523.79307135714907,122.39275348545696,-0.45924090863146766,0.2643789204960999,0.81750137928897271,-0.22559492258756203,3.9574393234013464e-05,-8.1161458151683127e-05,-3.0433920107609998e-05
3,125,27.600000000000001,5444835.3470248375,975338.38206652016,3176753.6320167822,-165.59657522252161,523.78876672824458,122.39152814254679,-0.45923599494184131,0.26437277659979286,0.81750502554156979,-0.22559891213605296,3.9652313176861769e-05,-8.1483540731050585e-05,-3.0485403977480815e-05
3,125,27.800000000000001,5444802.2266741935,975443.13938933029,3176778.1101996717,-165.60693339370505,523.78446123757203,122.3903003606471,-0.45923105813185827,0.26436661768803277,0.81750868608805638,-0.22560291414310893,3.9729263786021386e-05,-8.180437945227855e-05,-3.0536256226900591e-05
3,125,28,5444769.104250594,975547.89585096471,3176802.5881367689,-165.61730472141554,523.78015498138677,122.38907022110924,-0.45922609826479766,0.26436044388462487,0.81751236087479817,-0.22560692852509739,3.9805256896862916e-05,-8.2123933898527453e-05,-3.0586484599935505e-05
3,125,28.199999999999999,5444735.9797514472,975652.65145127883,3176827.0658276081,-165.62768919966302,523.77584805535002,122.38783780567054,-0.45922111540771832,0.26435425531311879,0.81751604984624993,-0.22561095519792823,3.9880304231794872e-05,-8.2442163956821624e-05,-3.0636096757332204e-05
3,125,28.399999999999999,5444702.8531740652,975757.40619014844,3176851.5432717437,-165.63808682077496,523.77154055453082,122.38660319644075,-0.45921610963142712,0.26434805209680645,0.81751975294497314,-0.22561499407705962,3.9954417330756491e-05,-8.2759029834158186e-05,-3.0685100253178062e-05
3,125,28.600000000000001,5444669.7245158404,975862.16006746853,3176876.0204687468,-165.64849757540736,523.76723257339347,122.38536647588205,-0.45921108101044644,0.26434183435873115,0.81752347011165227,-0.22561904507749478,4.002760762281151e-05,-8.3074492029747225e-05,-3.0733502558552782e-05
3,125,28.800000000000001,5444636.5937741566,975966.91308315122,3176900.4974182011,-165.6589214525485,523.762924205795,122.38412772679511,-0.45920602962298251,0.26433560222170122,0.81752720128510881,-0.22562310811378372,4.0099886380679673e-05,-8.3388511361770075e-05,-3.0781311047597383e-05
3,125,29,5444603.4609463867,976071.66523713036,3176924.9741197107,-165.66935843952487,523.75861554497374,122.38288703230141,-0.45920095555089646,0.26432935580829026,0.81753094640231494,-0.22562718310002741,4.017126474812653e-05,-8.3701048967687087e-05,-3.0828533006227002e-05
3,125,29.199999999999999,5444570.3260299107,976176.4165293558,3176949.4505728921,-165.67980852200515,523.75430668354818,122.38164447582905,-0.45919585887967318,0.26432309524084441,0.81753470539841011,-0.22563126994987562,4.0241753733320207e-05,-8.401206632048931e-05,-3.0875175632864844e-05
3,125,29.399999999999999,5444537.1890221108,976281.1669597968,3176973.9267773828,-165.69027168400549,523.74999771350861,122.38040014109637,-0.4591907396983832,0.26431682064149031,0.81753847820671943,-0.22563536857653216,4.031136420013522e-05,-8.4321525211230241e-05,-3.0921246032513486e-05
3,125,29.600000000000001,5444504.049920368,976385.91652844055,3176998.4027328361,-165.70074790789806,523.7456887262058,122.37915411209595,-0.45918559809965631,0.26431053213213906,0.81754226475876712,-0.22563947889275146,4.0380106883850738e-05,-8.4629387765926308e-05,-3.096675122365689e-05
3,125,29.800000000000001,5444470.9087220738,976490.66523529263,3177022.8784389202,-165.71123717441563,523.74137981235458,122.37790647307966,-0.45918043417964577,0.26430422983449647,0.81754606498429228,-0.22564360081084753,4.0447992405938664e-05,-8.4935616447776179e-05,-3.1011698146473539e-05
3,125,30,5444437.7654246204,976595.41308037634,3177047.3538953234,-165.7217394626586,523.73707106201925,122.37665730854205,-0.45917524803799747,0.26429791387006024,0.81754987881126673,-0.22564773424269333,4.0515031248609543e-05,-8.5240174061006728e-05,-3.1056093653387009e-05
4,8000,0,5449387.1886701053,960873.98968958983,3173373.7226977898,-164.25920388466952,524.37909372357376,122.46685922246991,-0.4596025466373429,0.26528821767178801,0.81715181143612925,-0.22505683227942219,4.6065767489679164e-05,-4.4603350013895701e-05,-3.4727227796748039e-05
4,8000,0.20000000000000001,5449354.3358796705,960978.86513119726,3173398.216069275,-164.26869908762831,524.37532060180763,122.46685615678678,-0.45960101300597761,0.26528228482792121,0.81715368496175045,-0.22506015496704282,4.6181971220691615e-05,-4.2512436569281643e-05,-3.4728820732858564e-05
4,8000,0.40000000000000002,5449321.4811922973,961083.73981760337,3173422.7094404376,-164.27817087003999,524.3715425561528,122.46685575865585,-0.45959954832875805,0.26527636740865818,0.81715551920487783,-0.22506346105815306,4.6209313447428207e-05,-4.2607526889992838e-05,-3.4729012223147515e-05
4,8000,0.59999999999999998,5449288.6246126983,961188.61374782957,3173447.20281161,-164.28762207885234,524.36775867108599,122.46685581543676,-0.4595980560132944,0.26527044172842179,0.81715736881122703,-0.22506677731624622,4.6212803300638455e-05,-4.3080780153592052e-05,-3.4727641199907272e-05
4,8000,0.80000000000000004,5449255.7661445579,961293.48692063603,3173471.6961826324,-164.29705691267455,524.36396825506336,122.46685390687757,-0.45959652476509111,0.26526450545119512,0.81715924019141506,-0.22507010628107293,4.6210970004188666e-05,-4.3535480685929546e-05,-3.4725765263699595e-05
4,8000,1,5449222.9057907825,961398.35933466256,3173496.1895529078,-164.30647897661569,524.3601708007368,122.46684806681216,-0.45959495919310545,0.26525856001309006,0.81716113076281716,-0.22507344622256964,4.6208167419538074e-05,-4.391345934123507e-05,-3.4723803116756461e-05
4,8000,1.2,5449190.0167773487,961503.27013351419,3173520.7215081556,-164.58348421438734,524.74618217433454,122.85074235589958,-0.45942808525280565,0.26520707850983244,0.81725597240343251,-0.22513044121162418,4.6296824681513147e-05,-0.0033188546161120294,-3.4729894879448408e-05
4,8000,1.3999999999999999,5449157.0702396519,961608.2600863988,3173545.3318749582,-164.88785398183944,525.15963853575659,123.25851525772586,-0.45913399978181174,0.26512053392257534,0.81742223306864426,-0.22522869626678296,4.6439663423991748e-05,-0.0037676810949777285,-3.4746153041079249e-05
4,8000,1.6000000000000001,5449124.059160972,961713.33669686713,3173570.0273536374,-165.22927710019482,525.61370149268623,123.70288870294759,-0.45882935088154952,0.26503105225484164,0.81759428018877434,-0.22533033775527783,4.654726442014231e-05,-0.0037088839726697027,-3.474563531011923e-05
4,8000,1.8,5449090.975942513,961818.50863931433,3173594.8158801906,-165.60949353895344,526.11383887344982,124.18999599583634,-0.45853202011371053,0.26494356468967267,0.81776207147225266,-0.22542956443505702,4.6626620495613817e-05,-0.0036142142766152053,-3.4718450897918702e-05
4,8000,2,5449057.8126765946,961923.7856477825,3173619.7065897528,-166.03002683063352,526.66520364558846,124.72566060286108,-0.45824082457947068,0.26485774972768755,0.81792627934634121,-0.2255267626082621,4.6701201839310137e-05,-0.003562016308931886,-3.4665018184089306e-05
4,8000,2.2000000000000002,5449024.5611946005,962029.17836503685,3173644.709647357,-166.4897675251049,527.26852536286083,125.3111999213434,-0.45795257797282923,0.26477273169561572,0.81808869517137728,-0.22562296804907672,4.6790632495542043e-05,-0.0034945848259904972,-3.4588044769305581e-05
4,8000,2.3999999999999999,5448991.2163445661,962134.69348403544,3173669.8314412683,-166.95881784033895,527.88258053530683,125.90660591823141,-0.45768477667966156,0.26469333858711708,0.81823953572795993,-0.22571252485182761,4.689696419992952e-05,-0.0030470512233592801,-3.4488661145476358e-05
4,8000,2.6000000000000001,5448957.7777140327,962240.33137639693,3173695.072282101,-167.42717024612438,528.49631879118442,126.50189226815378,-0.45745797254715198,0.26462524543383825,0.81836733875941337,-0.22578879884521655,4.7016614915473451e-05,-0.002528419545910435,-3.4366151158858972e-05
4,8000,2.7999999999999998,5448924.2456765613,962346.0920108048,3173720.4322723458,-167.89253659030172,529.11004277648908,127.0982816887675,-0.45727214536954874,0.26456845359446163,0.81847215961309872,-0.22585181506916402,4.7160787148552322e-05,-0.0020516966182209423,-3.4223324397937875e-05
4,8000,3,5448890.6210241178,962451.97540663474,3173745.9117323011,-168.3530465199137,529.72396139140767,127.69672581165015,-0.45712331648468085,0.2645218699490462,0.81855625619006078,-0.22590287580466484,4.7340643458317849e-05,-0.0016248312541134664,-3.4064545432163076e-05
4,8000,3.2000000000000002,5448856.9048783863,962557.98161772743,3173771.5111470856,-168.80726122724928,530.33821379747894,128.29792987826713,-0.45700774278389583,0.26448446409933546,0.81862174403045274,-0.22594320411598087,4.7563912716828133e-05,-0.0012388395463645795,-3.3893816634966107e-05
4,8000,3.3999999999999999,5448823.0986127947,962664.11072030128,3173797.2311227578,-169.25408690442242,530.95288714462117,128.90240679014462,-0.45692246947980447,0.26445542145065221,0.8186702902321682,-0.22597376582473586,4.7835932764537672e-05,-0.0008842764758789076,-3.3714380615163128e-05
4,8000,3.6000000000000001,5448789.2037921296,962770.36280392797,3173823.0723527423,-169.69269135788591,531.56802968078784,129.51052425834033,-0.45686523734283369,0.26443411806650985,0.81870316747295124,-0.22599530012772448,4.816063652413612e-05,-0.00055368368178059608,-3.3528785516140735e-05
4,8000,3.7999999999999998,5448755.2221270623,962876.7379647725,3173849.0355926021,-170.12243836594178,532.18366048124722,130.12254118640189,-0.45683431865385893,0.26442007570853698,0.81872134708137123,-0.22600837306529392,4.8541076468313583e-05,-0.0002414984369983969,-3.3339016411812109e-05
4,8000,4,5448721.1554401619,962983.23630051734,3173875.1216411414,-170.54283820052845,532.79977668684853,130.73863497541134,-0.45682837905892026,0.26441292393604965,0.81872557709710236,-0.22601342249743669,4.8979709965532138e-05,5.6373411204573217e-05,-3.3146610856558977e-05
4,8000,4.2000000000000002,5448687.0056404471,963089.85790654214,3173901.3313262356,-170.9535107164869,533.41635889875465,131.35892188685253,-0.45684637302320008,0.26441237136726098,0.81871644128122134,-0.22601079199742105,4.9478583098056631e-05,0.00034293699227392845,-3.2952751386088541e-05
4,8000,4.4000000000000004,5448652.7747043632,963196.60287303757,3173927.6654941994,-171.3541578839293,534.03337520326681,131.983472208275,-0.45688746687222803,0.26441818456001748,0.81869440246125091,-0.22600075590067967,5.0039465548922885e-05,0.00062039803609302742,-3.2758338982509889e-05
4,8000,4.5999999999999996,5448618.4646615013,963303.47128281789,3173954.1250017774,-171.7445433520102,534.65078417858206,132.61232155159152,-0.4569509822670057,0.26443017246791733,0.81865983437502343,-0.22598353761914924,5.0663955670978679e-05,0.00089037673412488633,-3.2564051628723502e-05
4,8000,4.7999999999999998,5448584.0775838653,963410.46320965455,3173980.7107100892,-172.12447724213436,535.26853714335505,133.245479273873,-0.45703635488402605,0.26444817509992752,0.81861304491641218,-0.22595932309449188,5.1353564298779905e-05,0.0011540644909040654,-3.2370391069019463e-05
4,8000,5,5448549.615577749,963517.57871700067,3174007.4234800381,-172.4938048300676,535.88657984016072,133.88293475672484,-0.45714310409825942,0.26447205518104938,0.81855429321193984,-0.22592827062592588,5.2109782315368762e-05,0.0014123386518162873,-3.2177720165937979e-05
4,8000,5.2000000000000002,5448515.0807775976,963624.81785700924,3174034.2641688078,-172.85239812081488,536.50485369751993,134.52466209142048,-0.45727081078428566,0.26450169204664165,0.81848380213161931,-0.22589051807748348,5.2934135798350333e-05,0.0016658464846061359,-3.1986292772911812e-05
4,8000,5.4000000000000004,5448480.4753413228,963732.18066976767,3174061.2336271722,-173.20014957469738,537.12329677785999,135.17062357765548,-0.45741910113068368,0.26453697721172303,0.81840176740005932,-0.22584618820104338,5.3828231579949282e-05,0.0019150666801599201,-3.1796277633247777e-05
4,8000,5.5999999999999996,5448445.8014466995,963839.66718270117,3174088.3326974083,-173.53696743530406,537.74184449096049,135.82077233804887,-0.45758763467442526,0.26457781106007955,0.81830836438263954,-0.22579539248871025,5.4793795491638038e-05,0.0021603544028490637,-3.1607777507849476e-05
4,8000,5.7999999999999998,5448411.0612885719,963947.27741009754,3174115.5622116681,-173.86277224262247,538.36043014361496,136.47505426699536,-0.45777609556040422,0.26462410066515818,0.81820375290710146,-0.22573823426562614,5.584524826799805e-05,0.0024019743005233873,-3.1396267128618571e-05
4,8000,6,5448376.2570767002,964055.01135275501,3174142.92299067,-174.17749381825007,538.97898566120671,137.13340931643796,-0.45798418733776042,0.26467575909450236,0.81808807656934923,-0.22567482285665502,5.7218834889611791e-05,0.0026401262471999901,-3.1078205803659728e-05
4,8000,6.2000000000000002,5448341.3910340574,964162.86899767513,3174170.4158425331,-174.48107050949235,539.59744077713935,137.79577121861698,-0.45821163437658358,0.26473269482354361,0.81796146541542347,-0.22560527367253119,5.8870195464077985e-05,0.0028750457184835558,-3.0752626573047095e-05
4,8000,6.4000000000000004,5448306.4653950715,964270.85031752626,3174198.0415614862,-174.77344870191732,540.21572276521749,138.46206793794778,-0.45845817723723387,0.26479482295684259,0.81782404231241379,-0.22552968158393469,6.0661249285474391e-05,0.0031069213175717106,-3.0429944859897669e-05
4,8000,6.5999999999999996,5448271.4824044304,964378.95527033682,3174225.8009270513,-175.05457918681441,540.83375804834498,139.13222470282895,-0.45872356380755452,0.26486206470919871,0.81767592533759414,-0.22544813108337355,6.2556570466976651e-05,0.0033358281062758973,-3.0107229688288583e-05
4,8000,6.7999999999999998,5448236.4443163062,964487.18379935226,3174253.6947035827,-175.32441614682966,541.45147239360074,139.80616460825883,-0.4590075457717292,0.26493434332164806,0.81751722912456992,-0.22536070362382696,6.4551103357976514e-05,0.0035618124174409361,-2.9782628315092599e-05
4,8000,7,5448201.3533937344,964595.53583291254,3174281.7236398552,-175.5829167613727,542.06879098041316,140.48380884957535,-0.45930987748061181,0.26501158279425202,0.8173480655394525,-0.22526747921647675,6.6645527278538428e-05,0.0037849108453982152,-2.9454879652408124e-05
4,8000,7.2000000000000002,5448166.211908034,964704.01128433936,3174309.8884687107,-175.83004096392111,542.68563845978122,141.16507688343461,-0.45963031556025746,0.26509370762484197,0.81716854392724225,-0.22516853690407937,6.8841833386310998e-05,0.0040051546086236544,-2.9122902643464453e-05
4,8000,7.4000000000000004,5448131.0221382799,964812.61005183577,3174338.1899067201,-176.06575127118012,543.30193900526751,141.84988655023315,-0.45996861858350008,0.2651806426603755,0.81697877136256891,-0.22506395495397361,7.1142728066441951e-05,0.0042225713084810277,-2.8785699980210615e-05
4,8000,7.5999999999999996,5448095.7863707962,964921.33201839658,3174366.6286538644,-176.29001265549601,543.91761635825674,142.53815417298398,-0.46032454686367663,0.26527231300582849,0.81677885282519513,-0.22495381100316325,7.3551540926133314e-05,0.0044371860198567188,-2.8442334244104114e-05
4,8000,7.7999999999999998,5448060.5068986667,965030.17705172452,3174395.2053932478,-176.50279245017373,544.5325938685163,143.22979463799638,-0.46069786232095966,0.26536864395737236,0.81656889133339372,-0.22483818217481613,7.6072185588074015e-05,0.0046490220523376985,-2.8091915475697473e-05
4,8000,8,5448025.1860212879,965139.14500415558,3174423.9207908134,-176.70406027877021,545.14679453137956,143.92472146231353,-0.46108832840048891,0.26546956095229468,0.81634898804682354,-0.22471714517492047,7.8709132206495136e-05,0.0048581015004852436,-2.7733590845613152e-05
4,8000,8.1999999999999993,5447989.826043902,965248.23571259365,3174452.7754950742,-176.89378800210827,545.76014102245836,144.62284685133875,-0.46149571002784434,0.26557498953099357,0.81611924234694289,-0.22459077637463296,8.1467389509755936e-05,0.005064445642353841,-2.7366535362213689e-05
4,8000,8.4000000000000004,5447954.4292771621,965357.44899844704,3174481.7701368569,-177.0719496783407,546.37255573056962,145.32408174920585,-0.46191977359140152,0.26568485530758384,0.81587975190076423,-0.22445915188248416,8.4352495572501853e-05,0.0052680752271047531,-2.6989943453178241e-05
4,8000,8.5999999999999996,5447918.9980366891,965466.78466757725,3174510.9053290584,-177.23852153258335,546.98396078937594,146.02833588378311,-0.46236028694396558,0.26579908394649604,0.81563061271215898,-0.22432234760960779,8.7370516308365824e-05,0.0054690106813985858,-2.6603021318609241e-05
4,8000,8.8000000000000007,5447883.5346426507,965576.24251024798,3174540.1816663989,-177.39348193351367,547.59427810811769,146.73551780771703,-0.46281701941815212,0.26591760114307905,0.8153719191637856,-0.22418043933040502,9.0528050772975313e-05,0.0056672722563011731,-2.6204979949708519e-05
4,8000,9,5447848.0414193189,965685.82230108627,3174569.5997251966,-177.53681137499393,548.20342940171361,147.44553493655124,-0.46328974185150457,0.26604033260669402,0.81510376405185936,-0.22403350274049744,9.3832242533233587e-05,0.0058628801306760368,-2.5795028712132481e-05
4,8000,9.1999999999999993,5447812.5206946619,965795.52379904489,3174599.1600631448,-177.66849246126762,548.81133622043455,148.15829358468679,-0.46377822661844653,0.26616720404513333,0.81482623861537484,-0.22388161351340474,9.7290796515121558e-05,0.0060558544827746461,-2.5372369414755771e-05
4,8000,9.4000000000000004,5447776.9747999152,965905.3467473716,3174628.8632190856,-177.78850989464445,549.41791997930261,148.87369899974183,-0.4642822476669804,0.26629814114945799,0.81453943256093797,-0.2237248473570726,0.0001009120008438833,0.0062462155386320854,-2.4936190776935417e-05
4,8000,9.5999999999999996,5447741.406069166,966015.29087358748,3174658.7097128131,-177.89685046486571,550.02310198732903,149.59165539571947,-0.46480158055864773,0.26643306957853824,0.81424343408403854,-0.22356328007115284,0.00010470475334677429,0.0064339836035811554,-2.4485663221522589e-05
4,8000,9.8000000000000007,5447705.8168389341,966125.35588946636,3174688.7000448597,-177.99350303954236,550.62680347667458,150.31206598527905,-0.46533600251070656,0.26657191494272919,0.81393832988733761,-0.22339698760577298,0.00010867859247066258,0.0066191790815122971,-2.4019933926518482e-05
4,8000,10,5447670.2094477555,966235.54149102338,3174718.8346963059,-178.07845855521495,551.22894563179329,151.03483301131828,-0.46588529243978755,0.26671460278620857,0.81362420519638357,-0.22322604612240435,0.00011284373243610001,0.0068018224852874794,-2.3538122076580118e-05
4,8000,10.199999999999999,5447634.5862357859,966345.84735850815,3174749.1141285845,-178.15171000869589,551.82944961860494,151.75985777801159,-0.46644923100654972,0.26686105856758696,0.81330114377302676,-0.22305053205736114,0.00011721110255886464,0.0069819344407960459,-2.3039314257662059e-05
4,8000,10.4,5447598.9495443599,966456.27315640484,3174779.5387832965,-178.21325244843842,552.42823661373347,152.48704068140634,-0.46702760066101173,0.26701120763844771,0.81296922792670778,-0.22287052218839792,0.00012179239071137532,0.0071595356864640304,-2.252255993980659e-05
4,8000,10.6,5447563.3017156059,966566.81853343546,3174810.109082038,-178.26308296574456,553.02522783383881,153.21628123963453,-0.46762018568837577,0.26716497521951776,0.81262853852372541,-0.22268609370483336,0.00012660009097214045,0.0073346470695833336,-2.1986867006809075e-05
4,8000,10.800000000000001,5447527.645092031,966677.4831225723,3174840.8254262172,-178.30120068566634,553.62034456506001,153.9474781227801,-0.46822677225525006,0.26732228637418903,0.81227915499453218,-0.22249732428160857,0.00013164755555225303,0.0075072895404055418,-2.1431197285281667e-05
4,8000,11,5447491.9820161127,966788.26654105412,3174871.6881969008,-178.32760675749682,554.21350819259067,154.68052918241193,-0.46884714845625131,0.26748306597912952,0.81192115533906606,-0.22230429215767014,0.0001369490511435122,0.0076774841447372023,-2.0854462034100294e-05
4,8000,11.199999999999999,5447456.3148298981,966899.1683904099,3174902.697754642,-178.34230434476223,554.80464023040315,155.41533148078929,-0.46948110436101859,0.26764723869172552,0.81155461613009661,-0.22210707621907186,0.00014251981988246538,0.0078452520155329903,-2.025551735445045e-05
4,8000,11.4,5447420.6458745999,967010.18825648562,3174933.8544393303,-178.34529861465998,555.39366235113221,156.15178131972218,-0.47012843206171984,0.26781472891410185,0.81117961251453286,-0.22190575608719007,0.00014837614515616856,0.008010614363890195,-1.9633159485644624e-05
4,8000,11.6,5447384.9774901969,967121.32570948056,3174965.1585700451,-178.33659672689197,555.98049641613602,156.88977426906868,-0.47078892572115444,0.26798546075346019,0.81079621821262904,-0.22170041221246281,0.00015453542252345348,0.008173592469697559,-1.8986119951635329e-05
4,8000,11.800000000000001,5447349.3120150417,967232.58030398726,3174996.6104449038,-178.31620782185405,556.56506450574886,157.62920519484248,-0.47146238162159226,0.26815935797846413,0.81040450551499832,-0.22149112597407852,0.00016101623606572092,0.0083342076721367557,-1.8313060522129543e-05
4,8000,12,5447313.6517854612,967343.95157903992,3175028.2103409353,-178.28414300815717,557.14728894973859,158.36996828689382,-0.47214859821450322,0.26833634397139694,0.81000454527733545,-0.22127797978606167,0.00016783844050262709,0.0084924813601951806,-1.7612567961917209e-05
4,8000,12.199999999999999,5447277.9991353657,967455.43905816472,3175059.958513936,-178.24041534945297,557.72709235798993,159.11195708612814,-0.47284737617135886,0.26851634167578714,0.80959640691273338,-0.22106105721023145,0.00017502324948344972,0.0086484349632637639,-1.6883148525104607e-05
4,8000,12.4,5447242.3563958528,967567.04224944173,3175091.8551983498,-178.18503985054269,558.30439765142933,159.85506451122254,-0.47355851843569724,0.26869927353919631,0.80918015838146606,-0.22084044307653697,0.00018259333046704716,0.0088020899419071277,-1.6123222172569111e-05
4,8000,12.6,5447206.7258948246,967678.76064556802,3175123.9006071417,-178.11803344275734,558.87912809321506,160.59918288479003,-0.47428183027666698,0.26888506145082608,0.80875586617809858,-0.22061622361130673,0.00019057290666055096,0.0089534677788586647,-1.5331116472571848e-05
4,8000,12.800000000000001,5447171.1099566128,967790.59372393077,3175156.0949316877,-178.03941496858911,559.45120732021314,161.34420395894611,-0.47501711934427693,0.26907362667358897,0.80832359531577025,-0.2203884865739909,0.00019898786651148783,0.0091025899702602761,-1.4505060158304032e-05
4,8000,13,5447135.5108913649,967902.54095514538,3175188.4383483659,-177.94945462378618,560.02072188687566,162.09012830663946,-0.47575915371242472,0.26926353003612313,0.80788637984041012,-0.22015897964807149,0.00020681891850767294,0.0089993877362608572,-1.3613815649699893e-05
4,8000,13.199999999999999,5447099.93077794,968014.60184591264,3175220.9309915686,-177.85049593396411,560.58772647191779,162.83615252691905,-0.47647577862333063,0.26944609592914676,0.80746317334574036,-0.2199383037678041,0.00021331701041956146,0.0085796966205843438,-1.2597521900555795e-05
4,8000,13.4,5447064.3710413566,968126.7758499101,3175253.5726876059,-177.74628314139517,561.15179915677288,163.58036753087674,-0.47715917530299851,0.26961924046106323,0.8070586883884443,-0.21972906064989642,0.00021987276194016393,0.008194483160317817,-1.1546193591299132e-05
4,8000,13.6,5447028.8324043183,968239.06235252274,3175286.3629181874,-177.63994753550747,561.71267956723227,164.32129146546632,-0.47781349273864399,0.26978410006149395,0.80667057848966517,-0.21952991438539043,0.00022659584382511539,0.0078646361173108029,-1.047932203810244e-05
4,8000,13.800000000000001,5446993.3150680522,968351.46067111671,3175319.3008875903,-177.53343207091143,562.26969529244786,165.0573706297418,-0.47844322545776663,0.26994190038148197,0.80629626968959389,-0.21933940803386962,0.00023348363601270321,0.0075937221660381544,-9.3950468192886506e-06
4,8000,14,5446957.8189876601,968463.96989367378,3175352.3854243322,-177.42757199565233,562.8216847025875,165.78685386046504,-0.47905320793805817,0.27009395727148389,0.80593296377287238,-0.21915596298973822,0.0002405360957481792,0.0073741108361273467,-8.2905052556928414e-06
4,8000,14.199999999999999,5446922.343931878,968576.58900671313,3175385.6151616829,-177.32331022757475,563.36860098948387,166.50933129174496,-0.47964672177675233,0.27024116192659603,0.80557876511642845,-0.21897851466038498,0.00024776058018662013,0.0071872618166670572,-7.1627724672920371e-06
4,8000,14.4,5446886.889517853,968689.31699717732,3175418.9886766993,-177.22122517743546,563.91046468443744,167.22461081573209,-0.4802261609320711,0.27038416247613967,0.80523229284239195,-0.21880629241935784,0.00025516562095784652,0.0070267672773013127,-6.009113102972803e-06
4,8000,14.6,5446851.4552760972,968802.15285868873,3175452.504521905,-177.12161914704259,564.44732041647876,167.93263186690479,-0.4807934845811454,0.27052348747615085,0.80489241532586275,-0.21863866917578792,0.0002627605952948688,0.0068880407083101326,-4.8269917931381645e-06
4,8000,14.800000000000001,5446816.0406978615,968915.09559546644,3175486.1612475794,-177.0245933470606,564.97922829358095,168.63342704310142,-0.48135031559641145,0.27065957288381637,0.80455819380719351,-0.2184751291549952,0.00027055540640719974,0.0067673828547475268,-3.6140325516514777e-06
4,8000,15,5446780.645269365,969028.14422475267,3175519.9574173526,-176.93010510763352,565.50625752782582,169.32709308480173,-0.48189800482632728,0.27079277968459181,0.80422884577389631,-0.21831524692582452,0.00027856024665194536,0.0066617999925415693,-2.3680044641142712e-06
4,8000,15.199999999999999,5446745.2684960254,969141.29777814716,3175553.8916187519,-176.83801148854391,566.02848185608832,170.01376910271711,-0.48243768358553446,0.27092340827891287,0.80390371494920232,-0.2181586702242955,0.00028678542137549446,0.0065688809824061009,-1.0868059985794729e-06
4,8000,15.4,5446709.9099190542,969254.55530217278,3175587.9624699829,-176.74810214849833,566.54597632459536,170.6936204617632,-0.48297030678531816,0.27105171029798975,0.80358224653997401,-0.21800510579800375,0.00029524123175750589,0.0064866910363934752,2.3155234263183253e-07
4,8000,15.6,5446674.5691263769,969367.9158583018,3175622.1686239368,-176.66012379824267,567.05881509244182,171.36682703484539,-0.48349668797253798,0.27117789819966409,0.80326396706622216,-0.21785430787715476,0.00030393790498593965,0.0064136802285703629,1.5889657722593156e-06
4,8000,15.800000000000001,5446639.2457587626,969481.37852357328,3175656.5087711741,-176.57381048435985,567.56709071073385,172.0335959146918,-0.48401752333425574,0.271302151852093,0.80294847061505237,-0.21770607029374603,0.00031288556163414208,0.0063483860939363753,2.9872566387669585e-06
4,8000,16,5446603.9395078858,969594.94239930983,3175690.9816499595,-176.48890984182441,568.07093419712078,172.69417660007846,-0.48453339236162213,0.27142461877676455,0.80263541902810809,-0.21756022644316139,0.00032209426197650964,0.0062897089675818252,4.4281966129528615e-06
4,8000,16.199999999999999,5446568.6501198849,969708.60660639964,3175725.5860416805,-176.40513338625752,568.57041477365544,173.34875511113356,-0.48504482208030458,0.27154543160981337,0.80232450363582231,-0.21741662772303663,0.00033157393181180853,0.0062371728563211035,5.9134894346157419e-06
4,8000,16.399999999999999,5446533.3773987861,969822.37027844682,3175760.3207635805,-176.32219330821061,569.06559363586132,173.99750702944633,-0.48555229157830715,0.27166470936131276,0.80201544278654413,-0.21727514207242313,0.00034133435686379621,0.0061901406842124916,7.4448136990550276e-06
4,8000,16.600000000000001,5446498.1212055394,969936.23256089271,3175795.1846672543,-176.23980883552724,569.5565279546405,174.64060010613827,-0.48605623167987333,0.2717825573551374,0.80170798228412266,-0.21713565415330505,0.00035138527292683712,0.0061480677535936355,9.023830515636445e-06
4,8000,16.800000000000001,5446462.881456295,970050.19261021412,3175830.1766369818,-176.15770903835084,570.04327093269194,175.27819329407919,-0.48655703272879858,0.27189906936043923,0.80140189089566249,-0.21699806278382036,0.00036173640216236556,0.0061104994442874065,1.0652192320080668e-05
4,8000,17,5446427.6581202606,970164.24959314254,3175865.2955879103,-176.07563453661308,570.52587194727175,175.91043629148004,-0.48705505113440606,0.2720143293822041,0.80109695656498381,-0.21686227877971628,0.00037239748816477944,0.0060770519088429245,1.2331552398161585e-05
4,8000,17.199999999999999,5446392.4512172807,970278.40268591885,3175900.5404641936,-175.99333841293264,571.00437674313605,176.53746944028097,-0.48755061447440556,0.27212841305605667,0.80079298346601135,-0.21672822327704885,0.00038337833200259412,0.0060473962400144216,1.4063573347555247e-05
4,8000,17.399999999999999,5446357.2608153047,970392.65107358771,3175935.9102371242,-175.91058657370024,571.47882765271936,177.15942386136336,-0.48804402546506553,0.2722413887321895,0.8004897897165909,-0.21659582643373285,0.0003946888274337872,0.0060212463336770687,1.5849934501873901e-05
4,8000,17.600000000000001,5446322.0870278124,970506.9939493374,3175971.40390332,-175.82715773696921,571.94926382803612,177.77642174151435,-0.48853556506846491,0.27235331832212251,0.80018720559563328,-0.21646502642047311,0.00040633899446789487,0.0059983496841775072,1.7692338449021314e-05
4,8000,17.800000000000001,5446286.9300112836,970621.43051388941,3176007.020482976,-175.74284317615607,572.41572147402542,178.38857671185181,-0.48902549494716929,0.272464257965774,0.79988507214075633,-0.21633576863111079,0.00041833901080427506,0.0059784804405815396,1.9592516758995334e-05
4,8000,18,5446251.7899627201,970735.95997492957,3176042.7590181944,-175.65744631135433,572.8782340767616,178.99599427573153,-0.48951405942745829,0.27257425856288275,0.79958324003214487,-0.21620800505865426,0.00043069924094771246,0.0059614341853032856,2.1552235037392282e-05
4,8000,18.199999999999999,5446216.6671172632,970850.58154658764,3176078.6185713969,-175.57078221253821,573.3368326225393,179.59877225750401,-0.4900014870932215,0.27268336620218414,0.79928156869106659,-0.21608169379617703,0.000443430263088684,0.0059470240118515722,2.3573297422135056e-05
4,8000,18.399999999999999,5446181.5617459267,970965.29444895883,3176114.5982238459,-175.48267705883273,573.79154580560987,180.19700125310206,-0.49048799210220168,0.27279162251342648,0.79897992553925756,-0.2159567986318684,0.00045654289370788872,0.0059350775738181505,2.5657550586406042e-05
4,8000,18.600000000000001,5446146.4741534162,971080.09790766332,3176150.6970742331,-175.3929675834942,574.24240022354604,180.79076507026514,-0.4909737752928679,0.27289906496094068,0.79867818537909707,-0.21583328871530794,0.00047004821019973992,0.0059254348545477705,2.7806887361123262e-05
4,8000,18.800000000000001,5446111.4046760844,971194.99115344649,3176186.9142373726,-175.30150052391889,574.689420559984,181.38014115097994,-0.49145902513241457,0.27300572709260873,0.79837622986493706,-0.21571113827798044,0.00048395757167708059,0.0059179464680926778,3.0023250031945225e-05
4,8000,19,5446076.3536799829,971309.97342181462,3176223.2488429551,-175.20813208873483,575.13262975498378,181.965200971999,-0.4919439185430336,0.2731116387544385,0.79807394704379797,-0.21559032639551176,0.00049828263820818678,0.0059124723500387291,3.2308633373205564e-05
4,8000,19.199999999999999,5446041.3215590147,971425.0439526994,3176259.7000344116,-175.11272744902448,575.57204916354385,182.54601042150441,-0.49242862163367518,0.2732168262782339,0.79777123094950064,-0.21547083678244422,0.00051303538870472608,0.0059088807335744807,3.4665087477766656e-05
4,8000,19.399999999999999,5446006.3087331923,971540.20199015853,3176296.2669678172,-175.01516025732687,576.00769870296836,183.12263015143435,-0.49291329035722015,0.27332131264785248,0.79746798123859974,-0.21535265761282404,0.00052822813771570901,0.0059070473341677641,3.70947204281505e-05
4,8000,19.600000000000001,5445971.3156469893,971655.44678209955,3176332.9488108829,-174.91531219582097,576.43959698984918,183.69511590590827,-0.49339807110764483,0.27342511764808175,0.79716410285964068,-0.21523578136167879,0.000543873551309001,0.0059068546871730533,3.9599700838454529e-05
4,8000,19.800000000000001,5445936.3427677695,971770.77758003585,3176369.7447419986,-174.81307255364999,576.86776146745285,184.26351882673276,-0.49388310126791318,0.27352825799910319,0.79685950574952902,-0.215120204663766,0.00055998466225421904,0.0059081915981692859,4.2182260315495461e-05
4,8000,20,5445901.3905843198,971886.1936388606,3176406.6539493524,-174.70833783245661,577.29220852427409,184.82788573727794,-0.49436850971655144,0.27363074747875588,0.79655410455243736,-0.21500592818691822,0.00057657488466837919,0.00591095267720506,4.4844695849116832e-05
4,8000,20.199999999999999,5445866.459605433,972001.69421664893,3176443.6756300842,-174.60101137868762,577.71295360448426,185.38825940615354,-0.49485441729886859,0.27373259703425196,0.79624781835785219,-0.21489295651798826,0.00059365802826867272,0.0059150379363871724,4.7589372170181576e-05
4,8000,20.399999999999999,5445831.550358573,972117.2785744787,3176480.8089895025,-174.49100304096297,578.13001131095461,185.94467879214926,-0.49534093726738021,0.27383381488461561,0.79594057045518385,-0.21478129805988211,0.00061124831239400942,0.0059203524361184671,5.0418724086636107e-05
4,8000,20.600000000000001,5445796.6633886183,972232.94597627316,3176518.0532403458,-174.37822885071637,578.54339550147881,186.49717927187058,-0.49582817569496684,0.27393440661482221,0.79563228810296061,-0.21467096493851703,0.00062936037987255077,0.0059268059694802047,5.3335258816597023e-05
4,8000,20.800000000000001,5445761.7992566414,972348.69568865921,3176555.4076020913,-174.26261072430256,578.95311937877057,187.04579285144203,-0.49631623186358564,0.27403437526242019,0.79532290231104485,-0.21456197291878881,0.00064800931087455197,0.0059343127772999282,5.6341558337878361e-05
4,8000,21,5445726.958538766,972464.52698084631,3176592.8713002899,-174.14407618484853,579.35919557475347,187.59054836355133,-0.49680519863082878,0.27413372139726971,0.79501234763460804,-0.21445434132881616,0.00066721063681396658,0.0059427912884406527,5.9440281756580476e-05
4,8000,21.199999999999999,5445692.1418250781,972580.4391245204,3176630.4435659614,-174.02255810221413,579.76163622962133,188.13147165102012,-0.49729516277623809,0.27423244319491824,0.79470056197882166,-0.21434809299185725,0.00068698035436295913,0.0059521638813417035,6.2634167709987957e-05
4,8000,21.399999999999999,5445657.3497185744,972696.43139375118,3176668.1236350089,-173.89799444954974,580.16045306609669,188.66858573798288,-0.49778620532901441,0.27433053650406175,0.79438748641337242,-0.21424325416539555,0.00070733493967683602,0.0059623566638766111,6.5926036817721661e-05
4,8000,21.600000000000001,5445622.5828341572,972812.50306491798,3176705.9107476729,-173.77032807505501,580.55565745927504,189.20191098966558,-0.49827840187853795,0.27442799490847025,0.79407306499603036,-0.21413985448696174,0.00072829136285384273,0.0059732992692447737,6.9318794176021539e-05
4,8000,21.800000000000001,5445587.8417977002,972928.65341664525,3176743.8041480123,-173.63950648766661,580.94726050241115,189.73146526166335,-0.49877182286896382,0.27452480978371385,0.79375724460458952,-0.21403792692632009,0.00074986710270013744,0.005984924666154968,7.281543191476845e-05
4,8000,22,5445553.1272302512,973044.88172908709,3176781.8030772111,-173.50592023441561,581.3352529575227,190.25708058702102,-0.49926642580478542,0.27462094033381163,0.79344004340210317,-0.2139375439710304,0.00077199506721972483,0.0059845046913353005,7.6298444085106409e-05
4,8000,22.199999999999999,5445518.4395906115,973161.18727441679,3176819.9067052114,-173.36997620479275,581.71959314790217,190.77854803971383,-0.49975848425534558,0.27471536072883462,0.79312381712428481,-0.2138399838772671,0.00079347478907885636,0.0059178097384334823,7.9476644604268505e-05
4,8000,22.399999999999999,5445483.7794172503,973277.56932308327,3176858.1142268255,-173.23136072044613,582.10028554962923,191.29597622090461,-0.50024596749703809,0.27480753427633137,0.79280985703136708,-0.21374592791868252,0.00081543055169876948,0.0058652255529979139,8.2806900606686849e-05
4,8000,22.600000000000001,5445449.147191884,973394.02714582975,3176896.424814227,-173.09055402226093,582.47733613388084,191.8091854473044,-0.50073034086468249,0.2748978224591509,0.79249724037935243,-0.21365494830653267,0.00083832343871282863,0.005829664835073343,8.6274328446016892e-05
4,8000,22.800000000000001,5445414.5433248235,973510.56001583452,3176934.8376140492,-172.94780491014498,582.85076131335711,192.3180921481021,-0.50121274077103029,0.2749864886425164,0.79218524762234077,-0.2135667413301558,0.00086213561752516369,0.0058051358876851679,8.9872400197309925e-05
4,8000,23,5445379.9681921797,973627.16721003398,3176973.3517623614,-172.80321929495588,583.22058173672872,192.82266898921259,-0.50169390201889186,0.27507368892668788,0.79187341013889412,-0.21348113886786632,0.00088683983288885266,0.0057876711218134485,9.3599006340962595e-05
4,8000,23.199999999999999,5445345.4221578222,973743.84800972079,3177011.9663932133,-172.65682148612069,583.58682005739195,193.32291991411495,-0.50217430723079026,0.27515951230325075,0.79156141702219762,-0.21339805769529355,0.00091242071967284795,0.0057748506992705067,9.7453252755638593e-05
4,8000,23.399999999999999,5445310.9055857202,973860.60170081491,3177050.6806432814,-172.5085908712374,583.94949975618022,193.81886542568225,-0.50265428576990434,0.27524400684556427,0.79124905322110639,-0.21331746639562651,0.00093887214158823462,0.0057652043280025872,0.00010143514557305241
4,8000,23.600000000000001,5445276.4188465709,973977.42757396051,3177089.4936542502,-172.35848344565568,584.30864451759476,194.31053404141119,-0.5031340737509602,0.27532719551809393,0.79093616194559224,-0.21323936542224264,0.00096619498111472188,0.005757832654831126,0.00010554543421573622
4,8000,23.800000000000001,5445241.9623211185,974094.32492453128,3177128.4045738825,-172.20644428713837,584.66427791696003,194.79795740901946,-0.5036138500217977,0.27540908559133725,0.79062262208621303,-0.21316377526560923,0.0009943955752520499,0.0057521771559774478,0.00010978548651980485
4,8000,24,5445207.5364015559,974211.29305259162,3177167.4125563353,-172.05241467439416,585.016423280872,195.28116757085181,-0.50409375761670749,0.27548967420038301,0.79030833472760109,-0.21309072950487831,0.0010234845870270828,0.0057478817658928308,0.00011415718861350502
4,8000,24.199999999999999,5445173.1414918564,974328.33126284368,3177206.516762096,-171.89633606670463,585.3651036426071,195.76019547707028,-0.50457391650551819,0.275568951600901,0.78999321512020926,-0.21302027077228469,0.001053476179899504,0.0057447103639478641,0.00011866286496082253
4,8000,24.399999999999999,5445138.778007485,974445.43886456499,3177245.7163576544,-171.7381522619053,585.71034174835484,196.2350702164951,-0.50505443116873228,0.27564690306271727,0.78967718790234465,-0.21295244843721953,0.0010843874066585263,0.0057424979526925169,0.0001233052147728578
4,8000,24.600000000000001,5445104.4463748261,974562.61517155881,3177285.0105151003,-171.57781050851906,586.0521600896825,196.7058186544466,-0.50553539511946577,0.27572350996435929,0.7893601842436293,-0.21288731729533167,0.0011162377527871319,0.0057411219776816484,0.00012808726168540743
4,8000,24.800000000000001,5445070.1470304076,974679.85950210248,3177324.3984116674,-171.41526202493233,586.39058094871109,197.17246529756147,-0.50601689363523039,0.27579875042297736,0.78904214011698082,-0.21282493683892154,0.0011490487929646505,0.005740485584781429,0.00013301231418045905
4,8000,25,5445035.8804201139,974797.17117891449,3177363.8792292485,-171.2504621876262,586.72562644867924,197.63503228225969,-0.50649900544552751,0.27587259965624683,0.78872299522988332,-0.21276537086000938,0.0011828439316963631,0.0057405078934867132,0.00013808393467414594
4,8000,25.199999999999999,5445001.6469983263,974914.54952912556,3177403.4521539309,-171.08337053861803,587.05731860600679,198.09353942818231,-0.50698180381234581,0.27594503019070482,0.78840269233945681,-0.21270868724179298,0.0012176482074384939,0.0057411183607571185,0.0001433059156084887
4,8000,25.399999999999999,5444967.4472271185,975031.99388426426,3177443.1163755418,-170.91395069727952,587.38567938185645,198.54800432368134,-0.50746535725777009,0.27601601198248799,0.78808117679074907,-0.21265495785575977,0.0012534881452937029,0.0057422535117835323,0.00014868226118451076
4,8000,25.600000000000001,5444933.2815754302,975149.5035802495,3177482.8710872121,-170.74217022428971,587.71073073220919,198.99844242515681,-0.50794973008555089,0.27608551248809055,0.78775839618525978,-0.21260425851763118,0.0012903916472151013,0.0057438550309475136,0.00015421717364008514
4,8000,25.800000000000001,5444899.1505183205,975267.07795739488,3177522.7154849581,-170.56800046411706,588.03249465601334,199.44486716037861,-0.50843498278099108,0.27615349670635508,0.78743430012614646,-0.2125566689760465,0.0013283879115122597,0.005745868629942274,0.00015991504318522206
4,8000,26,5444865.0545362066,975384.71636042197,3177562.6487672892,-170.39141638035434,588.35099324125895,199.88729003059663,-0.50892117233741863,0.27621992720350597,0.78710884000936798,-0.21251227291971767,0.0013675073754146369,0.0057482433581521599,0.00016578044089600582
4,8000,26.199999999999999,5444830.9941141689,975502.41813848272,3177602.6701348289,-170.21239639147262,588.66624870897044,200.32572070882694,-0.50940835253682393,0.27628476412771469,0.78678196884314122,-0.21247115799543795,0.0014077816759320311,0.0057509311643470125,0.00017181811398980754
4,8000,26.399999999999999,5444796.9697412709,975620.18264519004,3177642.7787899612,-170.03092221082176,588.97828345518553,200.76016713311648,-0.50989657420046497,0.27634796521669808,0.78645364108556159,-0.21243341583301609,0.0014492436252935836,0.0057538866016193443,0.00017803298302929686
4,8000,26.600000000000001,5444762.9819099177,975738.00923865696,3177682.9739364875,-169.84697869265685,589.28712009102435,201.19063559434079,-0.51038588541856977,0.27640948580020552,0.78612381249449781,-0.21239914207520832,0.0014919271981396131,0.0057570666148312735,0.000184430140699347
4,8000,26.800000000000001,5444729.0311152348,975855.89728154277,3177723.2547793174,-169.66055368487955,589.59278148096189,201.61713081848617,-0.51087633176451563,0.27646927879835265,0.7857924399862628,-0.21236843641178624,0.0015358675282063255,0.0057604303765379878,0.00019101485186212409
4,8000,27,5444695.117854503,975973.84614110866,3177763.6205241499,-169.47163788860976,589.89529077942348,202.03965604356017,-0.51136795649674083,0.27652729471627596,0.78545948150093048,-0.2123414026174239,0.0015811009127323402,0.005763939152351712,0.00019779255465953867
4,8000,27.199999999999999,5444661.2426265785,976091.85518927907,3177804.0703771911,-169.28022472441165,590.19467146581985,202.45821309136778,-0.51186080075045415,0.27658348163533614,0.78512489587292544,-0.21231814859334933,0.0016276648232374552,0.0057675561851791724,0.00020476886249276414
4,8000,27.399999999999999,5444627.4059313759,976209.92380270921,3177844.6035448732,-169.08631020486334,590.49094737813209,202.87280243442316,-0.51235490372053305,0.27663778520096943,0.7847886427059626,-0.21229878641282626,0.0016755979215920978,0.0057712465923573575,0.00021194956672304351
4,8000,27.600000000000001,5444593.6082693599,976328.05136285967,3177885.219233599,-168.88989281311271,590.78414274515649,203.28342325827055,-0.51285030283660271,0.27669014860722141,0.78445068225165482,-0.21228343237057373,0.0017249400804671296,0.0057749772721869107,0.00021934063998430006
4,8000,27.800000000000001,5444559.850141055,976446.23725607956,3177925.9166494771,-168.69097338703872,591.07428221750661,203.6900735194823,-0.51334703393106307,0.2767405125779725,0.7841109752912695,-0.21227220703623784,0.0017757324075896364,0.0057787168179872584,0.00022694824002514238
4,8000,28,5444526.1320466036,976564.48087369255,3177966.6949980925,-168.48955500865972,591.36139089746985,204.09274999958299,-0.513845131400679,0.27678881534485122,0.78376948302019578,-0.21226523531202188,0.001828017273176528,0.0057824354382868997,0.00023477871399423371
4,8000,28.199999999999999,5444492.4544853065,976682.78161208972,3178007.5534842717,-168.28564289843877,591.64549436780908,204.49144835513351,-0.51434462836226369,0.27683499262182515,0.78342616693475431,-0.21226264649456697,0.0018818383402385249,0.0057861048824769919,0.00024283860314005469
4,8000,28.399999999999999,5444458.8179552164,976801.13887282996,3178048.4913118673,-168.0792443141643,591.92661871959046,204.88616316419069,-0.51484555680291866,0.27687897757646085,0.7830809887210074,-0.212264574341165,0.001937240597358764,0.005789698371248043,0.00025113464785414731
4,8000,28.600000000000001,5444425.2229527356,976919.55206274323,3178089.5076835402,-167.87036845410714,592.20479057912132,205.27688796933887,-0.51534794772523429,0.27692070079784054,0.78273391014527482,-0.21227115714036854,0.0019942703937245788,0.0057931905314479257,0.00025967379304434404
4,8000,28.800000000000001,5444391.6699722493,977038.02059403958,3178130.60180056,-167.65902636417775,592.48003713407002,205.663615317476,-0.51585183128783474,0.27696009026112284,0.78238489294606428,-0.21228253778705761,0.0020529754762466852,0.0057965573349788744,0.00026846319380890819
4,8000,29,5444358.1595057519,977156.54388442659,3178171.7728626109,-167.4452308488265,592.75238615884189,206.04633679652056,-0.51635723694160629,0.27699707128873319,0.78203389872715323,-0.21229886386201693,0.0021134050286159092,0.0057997760414761823,0.00027751022139507991
4,8000,29.199999999999999,5444324.6920425082,977275.12135722558,3178213.0200675996,-167.22899638545454,593.02186603927532,206.42504306919142,-0.51686419356192215,0.27703156650816968,0.78168088885156861,-0.21232028771607103,0.0021756097121764222,0.0058028251444775646,0.00028682246942097328
4,8000,29.399999999999999,5444291.2680687299,977393.75244149915,3178254.3426114772,-167.01033904211792,593.28850579672348,206.79972390400192,-0.51737272957716596,0.27706349580640238,0.781325824336221,-0.21234696655882174,0.0022396417085619349,0.0058056843208879666,0.00029640776036248971
4,8000,29.600000000000001,5444257.8880672464,977512.43657217955,3178295.7396880588,-166.78927639832392,593.55233511158303,207.17036820359587,-0.51788287309381476,0.27709277628084389,0.78096866574696056,-0.21237906255203756,0.0023055547640425818,0.0058083343835327299,0.00030627415229125609
4,8000,29.800000000000001,5444224.552517253,977631.17319020338,3178337.210488861,-166.5658274687413,593.81338434632357,207.53696403054082,-0.51839465201834645,0.2771193221868628,0.78060937309382838,-0.2124167429077366,0.0023734042355457335,0.0058107572365548718,0.00031642994586350499
4,8000,30,5444191.2618939867,977749.96174264897,3178378.7542029261,-166.34001262965126,594.07168456807619,207.89949863068907,-0.51890809417619121,0.2771430448818113,0.78024790572628666,-0.21246017999101671,0.0024432471383473635,0.0058129358335846293,0.0003268836915625965
4,125,0,5449387.1886701053,960873.98968958983,3173373.7226977898,-164.25920388466952,524.37909372357376,122.46685922246991,-0.4596025466373429,0.26528821767178801,0.81715181143612925,-0.22505683227942219,4.6065767489679164e-05,-4.4603350013895701e-05,-3.4727227796748039e-05
4,125,0.20000000000000001,5449354.335879433,960978.86513110332,3173398.2160692024,-164.26869887412951,524.37532065214612,122.46685630065693,-0.45960101139852139,0.26528228435892665,0.81715368586399517,-0.22506015552659006,4.6179440614702099e-05,-4.2588104547537077e-05,-3.4728766481643322e-05
4,125,0.40000000000000002,5449321.4811921138,961083.73981751991,3173422.709440615,-164.27817059607682,524.37154260782927,122.4668559263859,-0.45959954227974387,0.26527636579756608,0.81715552261356239,-0.22506346293355015,4.6208018077007192e-05,-4.263691694254431e-05,-3.4728959235524613e-05
4,125,0.59999999999999998,5449288.6246125614,961188.61374775635,3173447.2028120281,-164.28762189516218,524.36775871530801,122.46685594071246,-0.45959804798121912,0.26527043961251956,0.81715737333886407,-0.22506677977338641,4.6212430121930027e-05,-4.3084893848008525e-05,-3.4727655832089585e-05
4,125,0.80000000000000004,5449255.766144448,961293.48692057061,3173471.6961832047,-164.29705686380228,524.36396829206308,122.46685397386106,-0.4595965160808349,0.26526450316643929,0.81715924508740745,-0.22507010893141596,4.6210940043225072e-05,-4.353115402436729e-05,-3.4725817699355537e-05
4,125,1,5449222.9057906717,961398.359334604,3173496.1895534508,-164.30647906222799,524.36017083313129,122.46684807905298,-0.4595949503638927,0.26525855768793266,0.81716113574139293,-0.2250734489164937,4.6208228201159712e-05,-4.3907152637347258e-05,-3.4723867148208232e-05
4,125,1.2,5449190.0178148691,961503.26860150311,3173520.7199947992,-164.5777285071745,524.73765624124667,122.84230982822858,-0.45942936245230109,0.26520743033107913,0.81725525443514546,-0.22513002667792578,4.6294980866519403e-05,-0.0032226700405954757,-3.4730564047773625e-05
4,125,1.3999999999999999,5449157.0725386282,961608.25670523581,3173545.3285375643,-164.88093798403168,525.14964383937956,123.24869252971384,-0.4591402599181334,0.26512225876754714,0.81741871688410728,-0.22522666564117663,4.6434452886811233e-05,-0.0037230103473469638,-3.4746397812593924e-05
4,125,1.6000000000000001,5449124.0629827781,961713.33115489187,3173570.0219028299,-165.22093152636845,525.60205691139038,123.6915510537557,-0.45883809301017436,0.26503346166222908,0.81758937423486722,-0.22532750329322981,4.6542355742277476e-05,-0.0036908167200221322,-3.4745958861290864e-05
4,125,1.8,5449090.9815902635,961818.5005879699,3173594.8079963354,-165.59955764449319,526.1003586269494,124.17697270994786,-0.45854200897086583,0.26494631841585936,0.81775647070346025,-0.22542632718798647,4.6622953805552777e-05,-0.0036038546115221858,-3.4719535146014522e-05
4,125,2,5449057.8204806456,961923.7747014187,3173619.6959173125,-166.01838126800106,526.64970258913161,124.71076640964981,-0.45825169274955535,0.26486074653470554,0.81792019069718469,-0.22552324201094331,4.6697996408093462e-05,-0.0035526106932473765,-3.4667100578410853e-05
4,125,2.2000000000000002,5449024.571489593,962029.16412772669,3173644.6958196592,-166.47684703122013,527.25161191688585,125.29502769289026,-0.45796425281087472,0.26477595157817146,0.81808216010401136,-0.2256191878648755,4.6786942166049167e-05,-0.0034921801282719535,-3.4591131965976363e-05
4,125,2.3999999999999999,5448991.2292489819,962134.67586868908,3173669.8143942747,-166.94565044245184,527.86571142742264,125.89058001408546,-0.45769652478969336,0.26469657925141776,0.8182329648421901,-0.22570872241363438,4.6892742633218251e-05,-0.0030630242223030971,-3.4492693905323915e-05
4,125,2.6000000000000001,5448957.7932720361,962240.3103905227,3173695.0520414505,-167.41381402349484,528.47948033933335,126.48597420679953,-0.45746895338989108,0.26462827485717905,0.8183612012139867,-0.2257852457050096,4.7012041333014448e-05,-0.0025500326176107839,-3.4371168721630939e-05
4,125,2.7999999999999998,5448924.2639183067,962346.06765925302,3173720.4088552264,-167.87906800947536,529.09322257539122,127.08242776472461,-0.45728211347841213,0.26457120382457633,0.81846659134812283,-0.22584859009193725,4.7155438820874865e-05,-0.0020730965447929889,-3.4229274493278951e-05
4,125,3,5448890.6419647438,962451.94769203081,3173745.8851475175,-168.3395372569515,529.70714955366816,127.68089721812063,-0.45713228545815759,0.26452434455956286,0.81855124849414507,-0.22589997413858123,4.733396072840711e-05,-0.0016445433587085319,-3.4071266883421232e-05
4,125,3.2000000000000002,5448856.9285198273,962557.95054094645,3173771.4813964306,-168.79377132329773,530.32140275912241,128.28209500028947,-0.45701579110180712,0.26448668463797198,0.81861725219543502,-0.22594060002752708,4.7555485618266019e-05,-0.0012568099822184576,-3.3901129947734986e-05
4,125,3.3999999999999999,5448823.1249461723,962664.07628090947,3173797.1982023777,-169.24066477515052,530.93607125488222,128.88654069200044,-0.45692967832479986,0.264457410252604,0.81866626827539946,-0.2259714327443017,4.7825495742268007e-05,-0.00090077574933446094,-3.372212930335312e-05
4,125,3.6000000000000001,5448789.2327998858,962770.32500051975,3173823.036254372,-169.67937556282115,531.55120482154405,129.49460755609854,-0.4568716762203468,0.26443589428518038,0.81869957610317912,-0.22599321531781061,4.8148008568029872e-05,-0.00056900045178988974,-3.3536842822371009e-05
4,125,3.7999999999999998,5448755.2537847385,962876.69679524575,3173848.9963045493,-170.10925950784613,532.16682375255698,130.10655895436309,-0.45684004428960662,0.26442165500402331,0.81871815427095529,-0.22600651797141555,4.8526122196299001e-05,-0.00025587389028050496,-3.3347281707915761e-05
4,125,4,5448721.1897178246,962983.1917622952,3173875.0791491019,-170.52982056182071,532.78292615422822,130.7225758265734,-0.45683343720174469,0.26441431895203643,0.81872275706206799,-0.22601178211822598,4.8962320452786339e-05,4.2749712763349915e-05,-3.3155004747164782e-05
4,125,4.2000000000000002,5448687.0425038552,963089.80999673158,3173901.2856139331,-170.94067359079554,533.39949339126247,131.34277722932083,-0.45685080063431616,0.26441359234510803,0.81871397322433703,-0.2260093542094192,4.945866618049062e-05,0.00032991869533904135,-3.2961211517692018e-05
4,125,4.4000000000000004,5448652.8141158223,963196.55158857792,3173927.6165438583,-171.34151663728014,534.01649415334498,131.96723565362123,-0.4568912939614343,0.26441923983582299,0.81869226954073449,-0.22599951084268549,5.0016939950943214e-05,0.0006078727759417236,-3.2766816656179236e-05
4,125,4.5999999999999996,5448618.5065805828,963303.41662058351,3173954.072794545,-171.73211026304534,534.63388749518913,132.59598844634658,-0.45695423342269426,0.26443106889972012,0.81865802283361655,-0.22598247721401618,5.0638746852395905e-05,0.00087825841037626892,-3.2572509093299973e-05
4,125,4.7999999999999998,5448584.1219679145,963410.40516653913,3173980.6552262949,-172.11226216517161,535.25162511160522,133.22904632952481,-0.45703905044791304,0.26444891838378809,0.81861154342612286,-0.22595844064963705,5.132560117678831e-05,0.0011422871769100019,-3.2378799314210998e-05
4,125,5,5448549.6623823298,963517.51728999265,3174007.3646994932,-172.48181571691592,535.86965304210617,133.8663997582405,-0.45714526111076259,0.26447265011194337,0.81855309234041607,-0.22592756052921126,5.2078994646774962e-05,0.0014008518796997142,-3.2186057145188558e-05
4,125,5.2000000000000002,5448515.1299568908,963624.75304323179,3174034.2020709435,-172.84064143007004,536.48791294984346,134.50802366842507,-0.45727244374037412,0.26450214273163869,0.81848289391089424,-0.22588997556626145,5.2900452040300054e-05,0.001654611615842571,-3.1994541964989975e-05
4,125,5.4000000000000004,5448480.5268482538,963732.11246652761,3174061.168191229,-173.1886305925353,537.10634308285273,135.15388102486369,-0.45742022251239245,0.2645372872031666,0.81840114504061401,-0.22584580915331243,5.3791577092448204e-05,0.0019040541158614327,-3.1804426863106822e-05
4,125,5.5999999999999996,5448445.8552332912,963839.59558752202,3174088.263902518,-173.52569052602513,537.72487899810301,135.8039254748667,-0.45758825542390386,0.26457798349317063,0.81830802199905506,-0.22579517328939969,5.4754091041980464e-05,0.0021495414457155773,-3.1615818021573298e-05
4,125,5.7999999999999998,5448411.1173060155,963947.20242074528,3174115.4900369844,-173.85174104290488,538.34345411989204,136.45810332763517,-0.45777622545121649,0.26462413834414183,0.81820368529864262,-0.22573817174101843,5.5803722059563495e-05,0.0023913435046028853,-3.1406517006574038e-05
4,125,6,5448376.3152755313,964054.9329672571,3174142.8474154407,-174.16671137998799,538.96200046012098,137.11635488202842,-0.4579838353731191,0.26467566426040234,0.81808827907806703,-0.22567491424686384,5.7165732259184006e-05,0.0026296639494101351,-3.1092716090157928e-05
4,125,6.2000000000000002,5448341.4513642825,964162.78721434274,3174170.3368461519,-174.47053940448069,539.5804478704971,137.77861420309929,-0.45821080849723561,0.26473247002886569,0.8179619340786235,-0.22560551563976214,5.880363576478002e-05,0.0028647372846393377,-3.0767360101541703e-05
4,125,6.4000000000000004,5448306.5278061843,964270.76513496961,3174197.9591235444,-174.76317113490325,540.19872369907898,138.44480947523127,-0.4584568846018735,0.26479447062782951,0.81782477355410466,-0.22553007127043956,6.0587375076130434e-05,0.0030967555740087425,-3.0444390325915312e-05
4,125,6.5999999999999996,5448271.5468455497,964378.86668748374,3174225.7150273882,-175.04455709425733,540.81675441156563,139.11486608009477,-0.45872181114695071,0.26486158698221063,0.8176769158098115,-0.22544866615502698,6.2477937301355635e-05,0.0033257985245240609,-3.0121561022541379e-05
4,125,6.7999999999999998,5448236.5107361469,964487.09181544743,3174253.6053223005,-175.3146512623818,541.43446580934778,139.78870723207044,-0.45900533943106359,0.26493374212990495,0.81751847574768055,-0.22536138193135094,6.4468269100807562e-05,0.0035519145988251268,-2.9796967702082838e-05
4,125,7,5448201.4217407145,964595.4404475335,3174281.6307573393,-175.57341065734036,542.05178310050212,140.46625422314554,-0.45930722363747567,0.2650108600291054,0.81734956533940128,-0.22526829874742663,6.6558529678096057e-05,0.0037751414606794695,-2.9469295866367693e-05
4,125,7.2000000000000002,5448166.2821302442,964703.91249739577,3174309.7920656749,-175.82079508005552,542.66863096008797,141.14742659019547,-0.45962722016763596,0.2650928651020571,0.81717029410215136,-0.22516949569148428,6.8750603539269794e-05,0.003995510986777113,-2.9137446750150958e-05
4,125,7.4000000000000004,5448131.0941835167,964812.5078635714,3174338.0899642054,-176.05676693657932,543.2849335818687,141.83214224100814,-0.45996508749857995,0.26517968218632465,0.81698076917940421,-0.2250650511052584,7.1047164162927541e-05,0.0042130512379281093,-2.8800416947648928e-05
4,125,7.5999999999999996,5448095.8601866309,964921.22642940015,3174366.5251532285,-176.28129110307526,543.9006147248565,142.52031755754081,-0.46032058578367152,0.2652712363330052,0.81678109568412149,-0.22495504264448601,7.3451518042767794e-05,0.0044277876328852857,-2.8457265652260554e-05
4,125,7.7999999999999998,5448060.5824324619,965030.06806292571,3174395.0983161973,-176.49433482994968,544.51559775380906,143.2118674769614,-0.46069347689499401,0.26536745284351188,0.81657137667384205,-0.22483954748828075,7.5967557378374371e-05,0.0046397437292211054,-2.8107100327689035e-05
4,125,8,5448025.2632201072,965139.03261683369,3174423.8101194282,-176.69586766664469,545.12980567723321,143.90670556177813,-0.46108352415258763,0.26546825711197419,0.8163517134192223,-0.22471864234740457,7.8599732104391756e-05,0.0048489418047157123,-2.7749066061303717e-05
4,125,8.1999999999999993,5447989.904854646,965248.11992837093,3174452.6612117803,-176.88586140685553,545.74316118232161,144.60474405840236,-0.46149049243670304,0.26557357467884224,0.81612220534424684,-0.22459240362682337,8.1353031683749041e-05,0.0050554032751464664,-2.7382336233998753e-05
4,125,8.4000000000000004,5447954.5096465303,965357.32981930673,3174481.6522244718,-177.0642900472541,546.35558666805218,145.3058939482365,-0.46191414807525383,0.26568333114759823,0.81588295017312851,-0.22446090745388292,8.4232975463589314e-05,0.0052591489880467208,-2.7006104034934244e-05
4,125,8.5999999999999996,5447919.0799112162,965466.6620958494,3174510.7837707563,-177.23112975558095,546.96700427708743,146.01006499356313,-0.46235425886627995,0.26579745217399237,0.81563404396248729,-0.2243242297555636,8.7245610938541993e-05,0.0054601994413533556,-2.6619574770946289e-05
4,125,8.8000000000000007,5447883.617968671,965576.11654862377,3174540.0564457746,-177.38635884631813,547.57733592662987,146.71716577909646,-0.46281059411473713,0.26591586345942725,0.81537558112374431,-0.22418244633090181,9.0397518773234272e-05,0.0056585749365544065,-2.6221958860288422e-05
4,125,9,5447848.1261430038,965685.69295261044,3174569.4708262142,-177.52995776140085,548.18650333867913,147.42710375062444,-0.46328292454064923,0.26603849066720442,0.81510765456139911,-0.22403563285333367,9.3695824006953399e-05,0.0058542956900876214,-2.5812465370569408e-05
4,125,9.1999999999999993,5447812.6067620441,965795.39106711699,3174599.0274701696,-177.66190905522677,548.79442806969803,148.13978525104051,-0.46377102254161401,0.2661652595396794,0.81483035549721794,-0.22388386503979779,9.7148212622689487e-05,0.0060473819046360571,-2.5390296075509195e-05
4,125,9.4000000000000004,5447777.0621569343,965905.21063575754,3174628.7269168952,-177.78219738156582,549.40103154015185,148.85511555516641,-0.46427466199731288,0.2662960957498926,0.81454377370110187,-0.22372721859535327,0.00010076295327230035,0.006237853824207289,-2.4954639893973643e-05
4,125,9.5999999999999996,5447741.4946615454,966015.1513864093,3174658.5696865902,-177.89080948279019,550.00623506375644,149.57299890298299,-0.46479361842474426,0.2664309249524906,0.81424799740985276,-0.22356576932669747,0.0001045489236068548,0.006425731765789559,-2.4504667653041737e-05
4,125,9.8000000000000007,5447705.9066122919,966125.21303120779,3174688.5562802111,-177.98773418002952,550.60995987668559,150.29333853206953,-0.46532766899687666,0.26656967275400834,0.81394311336626546,-0.22339959318983743,0.00010851564107931213,0.006611036140325312,-2.4039527133734535e-05
4,125,10,5447670.3003476402,966235.39526652894,3174718.6871792413,-178.07296236428786,551.21212716668424,151.01603670913548,-0.46587659256268454,0.26671226468177955,0.81362920685584983,-0.22322876633986877,0.00011267329789575937,0.0067937874626587055,-2.3558338315327305e-05
4,125,10.199999999999999,5447634.6782076042,966345.69777298754,3174748.9628455495,-178.14648698712543,551.81265810237471,151.74099476147072,-0.46644016978481939,0.26685862621788231,0.81330636163728354,-0.22305336523921285,0.00011703280031695649,0.0069740063623229967,-2.306018874712531e-05
4,125,10.4,5447599.042533407,966456.12021542457,3174779.383721156,-178.20830305243896,552.41147386240277,152.46811310728881,-0.46701818302170617,0.26700868268425992,0.81297466009925623,-0.222873466646031,0.00012160581192006724,0.0071517135766065738,-2.254412903082568e-05
4,125,10.6,5447563.3956671404,966566.66224293422,3174809.950228109,-178.25840760724881,553.00849566485317,153.19729128619471,-0.46761041655974689,0.26716235932563659,0.8126341831034487,-0.22268914777368512,0.00012640480118966032,0.0073269299535860229,-2.2009168347293027e-05
4,125,10.800000000000001,5447527.7399511943,966677.32348884549,3174840.6627682457,-178.29679973298528,553.60364479661678,153.92842798882347,-0.46821665647282917,0.26731958117626964,0.81228501015855059,-0.22250048627558522,0.00013144309323969333,0.0074996764397103335,-2.1454269967300588e-05
4,125,11,5447492.0777279958,966788.1035707664,3174871.5217230683,-178.32348053529921,554.19684264309171,154.66142108679801,-0.46883669083231955,0.26748027312401818,0.81192721927966294,-0.22230756040156407,0.00013673492620922933,0.0076699740808863345,-2.0878346755152595e-05
4,125,11.199999999999999,5447456.4113395335,966899.00209058716,3174902.5274535748,-178.33845313459403,554.78801071780879,155.39616766160967,-0.46947030966059966,0.26764435982438423,0.81156088707516616,-0.22211044903638757,0.00014229551197829656,0.0078378440078833052,-2.0280256563082092e-05
4,125,11.4,5447420.7431269744,967010.01863451302,3174933.6803001096,-178.34172265523546,555.37707069235557,156.13256403362644,-0.47011730500197513,0.26781176567794207,0.81118608872716258,-0.22190923179910985,0.00014814110187991606,0.0080033074298232545,-1.9658797541592738e-05
4,125,11.6,5447385.0754302181,967121.15277311089,3174964.9805822074,-178.33329621437301,555.96394442644066,156.87050579060943,-0.4707774709706995,0.26798241479066387,0.81080289799077887,-0.22170398913675712,0.00015428905750592323,0.0081663856249418239,-1.9012703276370205e-05
4,125,11.800000000000001,5447349.4105876153,967232.40406133817,3174996.4285984398,-178.31318291012499,556.54855399815267,157.60988781583424,-0.47145060379981696,0.26815623093033836,0.81041138719120875,-0.22149480242399297,0.00016075792696870997,0.0083270999308393597,-1.8340637757739045e-05
4,125,12,5447313.7509354297,967343.7720385897,3175028.024626296,-178.28139380910585,557.13082173441705,158.35060431577784,-0.47213650189096312,0.26833313747880755,0.81001162721840025,-0.22128175406920336,0.00016756752686923114,0.0084854717355352643,-1.7641190123229893e-05
4,125,12.199999999999999,5447278.0988075808,967455.2562287529,3175059.7689220337,-178.23794193325728,557.71067024166973,159.09254884734617,-0.47283496586511237,0.26851305737957937,0.80960368751946354,-0.2210649276273727,0.00017473903038004183,0.0086415224677895888,-1.6912869185956025e-05
4,125,12.4,5447242.4565351643,967566.85614026932,3175091.661720566,-178.18284224613785,558.288022436765,159.83561434449848,-0.47354579859093976,0.26869591306720958,0.8091876361098338,-0.22084440790933985,0.00018229506197576915,0.0087952735861694248,-1.6154097627256903e-05
4,125,12.6,5447206.8264460796,967678.57126619155,3175123.7032353245,-178.11611163782837,558.86280157824501,160.57969314470509,-0.47426880533312654,0.26888162645872227,0.80876353947506507,-0.22062028115421745,0.00019025979937117756,0.0089467465750820516,-1.5363205914672349e-05
4,125,12.800000000000001,5447171.210864637,967790.40108427138,3175155.8936581584,-178.03776891015286,559.43493129771525,161.32467701418051,-0.47500379364182799,0.26907011879163306,0.80833146270448386,-0.22039263508873835,0.00019865908269712379,0.0090959629294958735,-1.4538425861774986e-05
4,125,13,5447135.6121022366,967902.34506441688,3175188.2331650443,-177.94806339110889,560.00448380059845,162.07055644532971,-0.47574564102447481,0.26925998075548618,0.80789437525156083,-0.2201631809514413,0.0002065382007328291,0.0090110922916813059,-1.3649533437640789e-05
4,125,13.199999999999999,5447100.0322474558,968014.40271196328,3175220.721892308,-177.84928251774144,560.57153520267752,162.81657527373028,-0.47646311282850323,0.2694427846821395,0.80747068650734921,-0.2199422158837579,0.00021307560997575777,0.0086016901829335697,-1.2639024799249157e-05
4,125,13.4,5447064.4727456253,968126.57348354522,3175253.3596774363,-177.74512948355746,561.13566813833029,163.5608451645279,-0.4771477018893468,0.2696162599165115,0.80706551240564073,-0.21973256849126335,0.00021963031765543782,0.0082161572490755189,-1.1589181131989843e-05
4,125,13.6,5447028.9343426181,968238.85676671646,3175286.1460133749,-177.63874456407922,561.69661734123702,164.30187485198033,-0.47780318525266641,0.26978144263245402,0.80667672585590977,-0.21953302561561755,0.000226348591883368,0.0078843799149247752,-1.0522628252298135e-05
4,125,13.800000000000001,5446993.4172574952,968351.25188297278,3175319.0801161183,-177.53211700812224,562.25374390044692,165.03813504787101,-0.47843399042255719,0.26993954036143131,0.80630179297272908,-0.21934215282697073,0.00023323214291749253,0.0076106948201663987,-9.4386746661413352e-06
4,125,14,5446957.9214560715,968463.75792773964,3175352.1608273489,-177.42608883206478,562.80585846867973,165.76783775142053,-0.4790449104911772,0.27009185773337152,0.80593794062663704,-0.21915838559619782,0.00024028055609271167,0.0073888439672788681,-8.3345716594771087e-06
4,125,14.199999999999999,5446922.4467175389,968576.37388810434,3175385.386784899,-177.32161529321104,563.35290052213429,166.49055155422445,-0.47963925708463506,0.27023929416112269,0.80558325585291402,-0.21898064947391171,0.00024750089507621968,0.007200285574417732,-7.2074143181135544e-06
4,125,14.4,5446886.9926662296,968689.09875099245,3175418.7565684756,-177.21928972514209,563.89488921829252,167.20607714407672,-0.48021944222487734,0.2703825027090615,0.80523634742428596,-0.21880816786584326,0.00025490157479279282,0.007038323557593219,-6.0544518889518924e-06
4,125,14.6,5446851.5588371595,968801.93150976615,3175452.2687319475,-177.11942600644855,564.43186816546506,167.91434842397499,-0.48078743478247704,0.27052201461517772,0.80489607823643994,-0.21864031056378894,0.00026249192555235552,0.0068983175824708712,-4.8731395391045183e-06
4,125,14.800000000000001,5446816.144724085,968914.87116820412,3175485.9218259789,-177.02213438296434,564.96389675952366,168.61539378105263,-0.48134486610094029,0.270658268153743,0.80456150475319133,-0.21847655898875079,0.00027028182195455659,0.0067765476175474827,-3.6610936284177979e-06
4,125,15,5446780.7498141434,969027.91674300807,3175519.7144138808,-176.92737910538531,565.4910437487124,169.30930683320818,-0.48189309513851331,0.2707916265530092,0.80423183982394264,-0.21831648508529072,0.00027828143999814145,0.0066700007824191448,-2.4160753902885116e-06
4,125,15.199999999999999,5446745.3736124374,969141.06726514909,3175553.6450823038,-176.83502240305674,566.01338259833119,169.9962244528746,-0.48243326058052705,0.27092239222377124,0.80390642296517723,-0.21815973412324252,0.0002865010791513846,0.0065762466269954512,-1.1359755022160062e-06
4,125,15.4,5446710.0156589914,969254.32178049337,3175587.7124481942,-176.74485767942122,566.53098822821789,170.67631047215067,-0.48296632401726275,0.27105081864443969,0.80358469552640621,-0.21800601068127604,0.00029495104269330067,0.0064933317988006287,1.8120295747143597e-07
4,125,15.6,5446674.6755399285,969367.67934983096,3175621.9151629703,-176.65663425427229,567.04393477769941,171.34974378200627,-0.48349310476604218,0.27117711984942511,0.80326618070850508,-0.21785506706027027,0.0003036415654930337,0.0064196893616383383,1.5373620318280432e-06
4,125,15.800000000000001,5446639.352893752,969481.13904947403,3175656.2519154665,-176.57008732947557,567.55231389961614,172.01672994086309,-0.48401430386788513,0.27130147703210172,0.80295046980578688,-0.21770669546468427,0.00031258278021001888,0.0063538531049076334,2.9343298636602249e-06
4,125,16,5446604.0474098315,969594.69997987407,3175690.721442013,-176.48496582791893,568.05625715508347,172.67751865023325,-0.48453050587436641,0.2714240391135207,0.80263722169831353,-0.21756072764367387,0.00032178475722860413,0.0062946975945557407,4.3738830929606182e-06
4,125,16.199999999999999,5446568.7588316044,969708.36126127117,3175725.3225222169,-176.40098206236431,568.55583443808223,173.33229647281311,-0.48504224102056248,0.27154493960449749,0.8023261258756349,-0.21741701391182647,0.00033125743702092173,0.0062417282835556696,5.857731484322718e-06
4,125,16.399999999999999,5446533.4869603813,969822.12202667363,3175760.0539716058,-176.31784837319407,569.05110710491419,173.98123913803062,-0.48554999107011049,0.27166429825025046,0.80201689914701058,-0.21727542132194413,0.00034101062234517696,0.0061943066233610062,7.3875570464685054e-06
4,125,16.600000000000001,5446498.2316543693,969935.98142096004,3175794.9146400886,-176.23528388502143,569.54213249835777,174.6245146517322,-0.48605418927175881,0.27178222103301353,0.80170928592561153,-0.21713583371332718,0.0003510540622977896,0.0061518816789207734,8.9650239639594295e-06
4,125,16.800000000000001,5446462.992827029,970049.93860008044,3175829.9034103113,-176.15301738109281,570.02896399607471,175.2622822928613,-0.48655522810511637,0.27189880232164326,0.801403053730393,-0.2169981492345846,0.0003613974910516785,0.0061139929403809697,1.0591787277655847e-05
4,125,17,5446427.7704449361,970163.99273027293,3175865.0191958481,-176.07078907133831,570.5116511483003,175.8946921284743,-0.48705346571960512,0.27201412659129975,0.8010979895115361,-0.21686227810725583,0.00037205066299529453,0.0060802517191508986,1.2269502347930066e-05
4,125,17.199999999999999,5446392.5645254049,970278.14298731729,3175900.260939382,-175.98835155218754,570.99023986748512,176.52188489073862,-0.48754923119236376,0.27212826988846561,0.80079389658120281,-0.21672814097283077,0.0003830233884820051,0.0060503252302213026,1.399983336526338e-05
4,125,17.399999999999999,5446357.3751339521,970392.38855582767,3175935.6276107943,-175.90547020160633,571.46477264642715,177.1439920971188,-0.48804282852497344,0.27224130091518667,0.80049059231997977,-0.21659566756645493,0.00039432556911219758,0.0060239242706795716,1.5784460844323236e-05
4,125,17.600000000000001,5446322.202381758,970506.72862859699,3175971.1182053792,-175.82192319140179,571.93528878900247,177.76113632690914,-0.48853453979272921,0.27235328188734326,0.80018790636943593,-0.21646479569389254,0.00040596723123749814,0.0060007938580309656,1.7625088182654997e-05
4,125,17.800000000000001,5446287.0464230748,970621.1624059903,3176006.7317420836,-175.73750124789996,572.40182464296583,178.37343159273135,-0.48902462763309823,0.27246426921095429,0.79988567921001141,-0.21633547043050824,0.00041795855751165664,0.005980706155116991,1.9523447461875264e-05
4,125,18,5446251.9074527929,970735.68909534474,3176042.4672618313,-175.65200725475441,572.86441382804151,178.9809837640702,-0.48951333721145746,0.2725743140073803,0.79958376105159557,-0.21620764347749852,0.00043030991618968746,0.0059634551446605078,2.1481304535951147e-05
4,125,18.199999999999999,5446216.7857040586,970850.3079104838,3176078.3238259386,-175.56525576328272,573.32308745517889,179.58389101362391,-0.49000089793405915,0.27268346260280879,0.79928201082945438,-0.216081272698914,0.00044303188804397726,0.0059488526115354223,2.3500463576586872e-05
4,125,18.399999999999999,5446181.6814459888,970965.01807121269,3176114.3005146463,-175.47707245618523,573.77787433462572,180.18224426667192,-0.49048752463388895,0.27279175680301176,0.79898029558922778,-0.21595632164629233,0.00045613529111491677,0.0059367251295753664,2.5582771099604128e-05
4,125,18.600000000000001,5446146.5949814888,971079.81880288362,3176150.3964256532,-175.38729359488005,574.22880117173622,180.77612764098825,-0.49097341878830347,0.27289923424497708,0.79867848976941991,-0.21583275926390139,0.00046963120348934314,0.0059269117823691755,2.7730119628050396e-05
4,125,18.800000000000001,5446111.5266452106,971194.70933599968,3176186.6106728995,-175.29576547028199,574.67589275021965,181.36561886962545,-0.4914587694524315,0.2730059286349481,0.79837647468950912,-0.21571055959508173,0.00048353098423753064,0.0059192624198564966,2.9944451008188203e-05
4,125,19,5446076.4768015761,971309.68890583969,3176222.9423851953,-175.20234386976068,575.1191721030068,181.95078970212222,-0.49194375409317292,0.27311186996513881,0.79807413808613181,-0.21558970154193036,0.00049784629271018696,0.0059136363192145566,3.2227759462152985e-05
4,125,19.199999999999999,5446041.4458429404,971424.75675212557,3176259.3907051813,-175.10689356761634,575.55866067129296,182.53170628208014,-0.49242853932692049,0.27321708470304157,0.79777137370376372,-0.21547016865806784,0.00051258910655874992,0.0059099011374038127,3.4582094450163987e-05
4,125,19.399999999999999,5446006.4341878714,971539.9121187249,3176295.954788167,-175.00928784295391,575.99437845238072,183.10842950051688,-0.49291328158141151,0.27332159595897043,0.79746808092795163,-0.21535194896767368,0.00052777173859893311,0.005907932078711705,3.7009563332014246e-05
4,125,19.600000000000001,5445971.442279445,971655.15425336617,3176332.6338011627,-174.9094080265441,576.42634413713972,183.68101532535164,-0.49339812769657082,0.27342542363595379,0.79716416445246407,-0.21523503480572692,0.00054340685279470602,0.0059076112194071922,3.9512333946634787e-05
4,125,19.800000000000001,5445936.4705836941,971770.48240740236,3176369.4269219101,-174.80714307673949,576.85457523782259,184.24951510797226,-0.49388321545073621,0.27352858455136009,0.79685953399682319,-0.21511942266503362,0.00055950747948746687,0.0059088269485543946,4.2092637065335092e-05
4,125,20,5445901.5195881696,971885.89583558333,3176406.333337964,-174.70238918370114,577.27908820701794,184.81397586808305,-0.49436867416842595,0.27363109261453139,0.79655410393225345,-0.21500511311179421,0.00057608703007465097,0.0059114734992746082,4.4752768783926745e-05
4,125,20.199999999999999,5445866.5898004472,972001.39379584428,3176443.3522458817,-174.59504939998129,577.69989854847938,185.37444055848295,-0.49485462504542227,0.2737329588569834,0.79624779315594219,-0.21489211060634064,0.00059315931138179232,0.0059154505263609419,4.7495092933437332e-05
4,125,20.399999999999999,5445831.6817468517,972116.9755491364,3176480.4828504119,-174.48503329691883,578.11702092047437,185.93094831077119,-0.49534118168966357,0.27383419159003236,0.79594052475313981,-0.21478042344268136,0.00061073853967965653,0.0059206627647354591,5.0322043363969971e-05
4,125,20.600000000000001,5445796.7959711906,972232.6403592733,3176517.7243637689,-174.37225664393853,578.53046923232512,186.4835346638632,-0.4958284505111869,0.27393479648564201,0.79563222578842074,-0.21467006364420907,0.00062883935456285245,0.0059270197041321158,5.323612631010411e-05
4,125,20.800000000000001,5445761.933033471,972348.38749277662,3176555.0760049885,-174.25664110950964,578.94025673468218,187.03223177646217,-0.49631653111217328,0.27403477666342446,0.7953228270871362,-0.21456104687927791,0.00064747683286747303,0.0059344353022660985,5.6239922737669112e-05
4,125,21,5445727.0935088675,972464.21621875966,3176592.5369991348,-174.13811398194645,579.34639610408124,187.57706862481368,-0.49680551665462236,0.2741341327706619,0.79501226302878114,-0.21445339238507513,0.00066666650255563275,0.0059428277226537315,5.9336090712460264e-05
4,125,21.199999999999999,5445692.2779864958,972580.12580882106,3176630.1065768199,-174.01660790840131,579.74889952223248,188.11807118691419,-0.49729549420771801,0.27423286305597283,0.79470047135109179,-0.21434712289923147,0.00068642435680066653,0.0059521190946323172,6.2527367818244009e-05
4,125,21.399999999999999,5445657.4870684659,972696.11553695647,3176667.7839735444,-173.89206065053511,580.14777875049833,188.65526261428914,-0.49778654507648928,0.27433096343702978,0.79438739296402072,-0.21424226459863135,0.00070676686817565892,0.0059622352918514924,6.5816573588600968e-05
4,125,21.600000000000001,5445622.7213688279,972812.18467946805,3176705.5684291632,-173.76441485549071,580.54304519993832,189.18866339229839,-0.49827874508825382,0.27442842754896984,0.79407297179611658,-0.21413884703425221,0.00072771100317962857,0.0059731057277807769,6.9206612022525217e-05
4,125,21.800000000000001,5445587.9815126192,972928.33251492213,3176743.459187381,-173.63361784089628,580.9347099972731,189.71829148988994,-0.49877216498768673,0.27452524685623947,0.79375715453296181,-0.21403690312596252,0.00074927423693917626,0.0059846631666302776,7.2700474116758445e-05
4,125,22,5445553.2681181682,973044.55832333222,3176781.455488259,-173.50008376474867,581.32276302328921,190.24396930155376,-0.49926677822731186,0.27462138505822642,0.79343994930544082,-0.21393649962874797,0.00077138584373490104,0.0059860804528793724,7.6197844262643061e-05
4,125,22.199999999999999,5445518.5816440778,973160.8613770029,3176819.5565018337,-173.3641549863645,581.707166863824,190.76551628887816,-0.49975897455447837,0.27471584835263507,0.79312363794093454,-0.21383887615558997,0.00079292311856378104,0.0059214852458623684,7.938496514089087e-05
4,125,22.399999999999999,5445483.9226347972,973277.24094686902,3176857.7614256362,-173.22553857969561,582.08792382172112,191.28303095936838,-0.5002466459697662,0.27480807618288006,0.79280956064841679,-0.21374474263739954,0.00081487179686863997,0.0058682112913397881,8.2709082916747982e-05
4,125,22.600000000000001,5445449.2915750211,973393.69630370918,3176896.0694330041,-173.08471890408961,582.46503875495443,191.79633080463245,-0.50073116905388271,0.27489840816102284,0.79249685090295974,-0.21365369839382578,0.00083773838772477718,0.0058318667565719559,8.6172141727061552e-05
4,125,22.800000000000001,5445414.6888768002,973510.22672063368,3176934.4796711039,-172.94195124039936,582.83852780070504,192.30532957164331,-0.50121368243732212,0.27498710866277271,0.79218478783486557,-0.21356543851929108,0.0008615256838330616,0.0058067836723926514,8.9766378412802715e-05
4,125,23,5445380.1149168424,973626.83147446776,3176972.9912761012,-172.79734589864444,583.20841151855302,192.80999823498453,-0.5016949311609209,0.27507433648511742,0.791872896408372,-0.21347979152258703,0.00088620723785723095,0.0057889374157291439,9.3489378269475163e-05
4,125,23.199999999999999,5445345.5700590396,973743.50984638813,3177011.6033818764,-172.65092983648393,583.57471253542496,193.31033975762847,-0.50217540529741533,0.27516018255299945,0.79156086104142442,-0.21339667176208613,0.00091176710827141566,0.0057758471772788988,9.7340178462239777e-05
4,125,23.399999999999999,5445311.0546668572,973860.26112219493,3177050.3151248316,-172.50268395443518,583.93745433726599,193.80637411040547,-0.50265543910528143,0.27524469619989822,0.79124846360853862,-0.21331604625257261,0.00093819870224713046,0.0057660020061060489,0.00010131874125005722
4,125,23.600000000000001,5445276.5691103097,973977.0845924163,3177089.1256462573,-172.35256505691032,584.29666063051047,194.29812955276898,-0.50313527187769491,0.27532790119940354,0.79093554532317856,-0.21323791444772611,0.00096550256315346334,0.0057584768314362725,0.00010542578105821238
4,125,23.800000000000001,5445242.113769345,974093.97955231345,3177128.0340934885,-172.20051860375318,584.65235502081259,194.78563763792596,-0.50361508451068027,0.27540980532808351,0.79062198379801285,-0.21316229619175733,0.00099368477203619202,0.0057526971067441701,0.00010966263749826505
4,125,24,5445207.6890352955,974210.94530184916,3177167.0396202859,-172.04648600201386,585.00456086866598,195.26893040875163,-0.5040950214622979,0.27549040608606962,0.79030767920944556,-0.21308922467839186,0.0010227557965691325,0.005748296869898431,0.00011403117391288466
4,125,24.199999999999999,5445173.2953112731,974327.9811456264,3177206.1413867045,-171.89040869236746,585.35330124210407,195.74803886916584,-0.50457520361192187,0.27556969393915426,0.78999254624734516,-0.21301874226439524,0.0010527296496239207,0.005745033923321082,0.000118533696325603
4,125,24.399999999999999,5445138.9330119109,974445.08639282989,3177245.338558835,-171.73223037189578,585.69859892146644,196.22299218987104,-0.50505573610161703,0.27564765431083349,0.78967650913807585,-0.21295089814154675,0.0010836232668633239,0.0057427395477967144,0.00012317288899205877
4,125,24.600000000000001,5445104.6025627768,974562.26035718084,3177284.6303083845,-171.57189814483584,586.04047643112006,196.69381733143251,-0.5055367129363576,0.27572426869004324,0.78935949874635725,-0.21288574698119889,0.0011154560418731821,0.0057412888997876626,0.00012795176337177533
4,125,24.800000000000001,5445070.3043995677,974679.50235687802,3177324.0158121991,-171.40936306440238,586.37895608428425,197.16053890057665,-0.506018219779516,0.27579951527753199,0.78904145080698229,-0.21282334818402865,0.0011482494767312429,0.0057405837004911118,0.00013287361800277779
4,125,25,5445036.0389674231,974796.81171456643,3177363.4942518496,-171.24458033405554,586.71406003347238,197.6231791338661,-0.50650033567940256,0.27587336935773332,0.78872230483140948,-0.21276376547075243,0.0011820269180385723,0.0057405421622725317,0.00013794200711400215
4,125,25.199999999999999,5445001.8067200305,974914.1877573143,3177403.0648131026,-171.07750932223945,587.0458103225526,198.08175794855529,-0.50698313417325913,0.27594580351300169,0.78840200340793898,-0.21270706666627526,0.0012168133577765109,0.0057410931428409674,0.00014316071637507678
4,125,25.399999999999999,5444967.6081187269,975031.6298165872,3177442.7266854588,-170.90811347812681,587.37422893836344,198.53629302677507,-0.50746668402907569,0.27601678774786137,0.78808049173096018,-0.21265332359258882,0.0012526352835378512,0.0057421727515490368,0.0001485337443494445
4,125,25.600000000000001,5444933.4436318167,975149.13722824526,3177482.4790617763,-170.73636019756384,587.69933786086983,198.98679991428514,-0.50795104977570038,0.27608628956179532,0.78775771726405208,-0.21260261202227596,0.0012895205666365235,0.0057437223665111762,0.00015406528850575856
4,125,25.800000000000001,5444899.3137337519,975266.70933255192,3177522.3211377878,-170.56222066645552,588.02115911141834,199.43329212361257,-0.50843629210792007,0.27615427399243125,0.7874336294818739,-0.21255501166584123,0.0013274983802299459,0.0057456874593434688,0.00015975973500194585
4,125,26,5444865.2189043462,975384.34547418321,3177562.2521117609,-170.3856696963814,588.33971479889487,199.87578123619599,-0.5089224682161595,0.2762207036412726,0.78710817965925262,-0.21251060617811568,0.0013665991407233269,0.0057480168806012385,0.00016562165142168717
4,125,26.199999999999999,5444831.1596281091,975502.04500225047,3177602.2711840714,-170.20668556031052,588.65502716382593,200.31427700082199,-0.50940963206914447,0.27628553868866607,0.78678132068935425,-0.21246948317583861,0.0014068544676879863,0.0057506624067983035,0.00017165578192320974
4,125,26.399999999999999,5444797.1363935685,975619.80727032502,3177642.3775568726,-170.02524983244928,588.96711862044901,200.74878742706699,-0.50989783464037564,0.27634873688782785,0.78645300694469678,-0.21243173425174319,0.0014482971586117297,0.0057535784396001554,0.00017786704436442344
4,125,26.600000000000001,5444763.1496926406,975737.63163648045,3177682.5704337726,-169.84134723388036,589.27601179686496,201.17931887334038,-0.51038712424083488,0.27641025362280208,0.78612319402938569,-0.21239745504686711,0.0014909611754926717,0.005756721781941033,0.00018426052898346004
4,125,26.800000000000001,5444729.2000199798,975855.51746334741,3177722.8490194748,-169.65496548497384,589.5817295733882,201.60587612938573,-0.51087754658081996,0.27647004182392881,0.7857918387828704,-0.21236674522079152,0.0015348816411466498,0.0057600514723992538,0.00019084149841231622
4,125,27,5444695.2878724253,975973.46411815728,3177763.212519506,-169.46609516476335,589.88429511923221,202.0284624933681,-0.51136914507446174,0.2765280520178991,0.78545889904790345,-0.21233970853200218,0.0015800948431997654,0.0057635286544711487,0.00019761538872215716
4,125,27.199999999999999,5444661.4137483276,976091.47097281006,3177803.6601398825,-169.2747295767989,590.18373192761635,202.44707984386861,-0.51186196100637826,0.2765842323051676,0.78512433356510691,-0.21231645286885564,0.0016266382447401799,0.0057671164560829579,0.00020458781139120075
4,125,27.399999999999999,5444627.5781472409,976209.53740393603,3177844.1910868878,-169.08086462142404,590.48006384941436,202.86172870698218,-0.51235603371508553,0.27663852834789365,0.78478810184756487,-0.21229709029507271,0.0016745504999980971,0.0057707798860908285,0.00021176455593048605
4,125,27.600000000000001,5444593.7815692201,976327.66279297567,3177884.8045667568,-168.88449867405998,590.77331512547335,203.2724083188065,-0.51285140076837699,0.27669088335449321,0.78445016405926427,-0.21228173709911338,0.0017238714747206604,0.0057744857400105782,0.00021915159321345912
4,125,27.800000000000001,5444560.0245144507,976445.8465262542,3177925.4997854643,-168.68563246910821,591.06351041766709,203.67911668360878,-0.51334809813174598,0.2767412380609226,0.78411048089659019,-0.21227051384764967,0.0017746422702296781,0.0057782025137180148,0.00022675507926299304
4,125,28,5444526.3074827353,976564.08799508447,3177966.2759484686,-168.48426898916193,591.35067483882369,204.08185062788044,-0.51384616030453878,0.27678953069474871,0.78376901349726036,-0.21226354543254577,0.0018269052508617586,0.0057819003250598978,0.00023458135956451709
4,125,28.199999999999999,5444492.6309730038,976682.38659584045,3178007.1322604679,-168.28041335908102,591.63483398157734,204.48060585056726,-0.51434562057882782,0.27683569700519783,0.78342572322843862,-0.21226096117521198,0.0018807040741327271,0.0057855508379055856,0.00024263697372906397
4,125,28.399999999999999,5444458.9954830548,976800.74173006974,3178048.0679251994,-168.07407274441667,591.91601394623319,204.87537696972575,-0.51484651103565182,0.2768796701513247,0.78308057172303092,-0.21226289482912727,0.0019360837233867246,0.005789127182361283,0.00025092866050072435
4,125,28.600000000000001,5444425.4015089776,976919.15280458808,3178089.0821452294,-167.8652562547083,592.19424136778002,205.26615756557612,-0.51534886279326442,0.27692138072533995,0.78273352067166935,-0.21226948469291027,0.0019930905429057784,0.005792603906772515,0.00025946336318504555
4,125,28.800000000000001,5444391.84954488,977037.61923159356,3178130.1741217072,-167.65397485033711,592.46954344204084,205.6529402204406,-0.51585270612226364,0.27696075670335002,0.78238453173904154,-0.2122808736747753,0.0020517722748893455,0.0057959569078144986,0.00026824823526230531
4,125,29,5444358.3400825262,977156.1404287914,3178171.3430542359,-167.44024125325507,592.74194795110373,206.0357165555489,-0.51635807058207606,0.27699772340657214,0.78203356645680122,-0.21229720937211524,0.0021121780985157265,0.0057991633735041508,0.00027729064636839199
4,125,29.199999999999999,5444324.8736109231,977274.71581949317,3178212.5881406148,-167.22406986134146,593.01148328806573,206.41447726488914,-0.51686498512753964,0.27703220344527368,0.78168058614230918,-0.21231864414502241,0.0021743586708633882,0.0058022017327461701,0.00028659818852402137
4,125,29.399999999999999,5444291.4506160468,977393.34483276261,3178253.9085767474,-167.00547666578052,593.2781784811425,206.78921214634013,-0.51737347834104375,0.27706411672860648,0.78132555169360229,-0.21234533524750313,0.0022383661694820147,0.0058050515950438756,0.00029617868258693958
4,125,29.600000000000001,5444258.0715805683,977512.02690352208,3178295.3035563584,-166.78447917165548,593.54206321723257,207.15991013010108,-0.51788357840266586,0.27709338033242392,0.78096842363357055,-0.21237744485725543,0.0023042543366365324,0.0058076937053588226,0.00030604018498896413
4,125,29.800000000000001,5444224.736983438,977630.76147270948,3178336.7722708886,-166.56109632179508,593.80316786500043,207.52655930449566,-0.51839531331566535,0.27711990850221807,0.78060916190562635,-0.21241514021620733,0.0023720785254741647,0.0058101099096940318,0.0003161909947614717
4,125,30,5444191.4472997235,977749.54798739939,3178378.3139093253,-166.3353484229807,594.06152349749732,207.88914693943585,-0.51890871099981206,0.2771436125832924,0.78024772579363566,-0.21245859372276554,0.0024418957476469417,0.0058122831054872584,0.00032663966074482858
5,8000,0,5449387.1886701053,960873.98968958983,3173373.7226977898,-164.25920388466952,524.37909372357376,122.46685922246991,-0.4596025466373429,0.26528821767178801,0.81715181143612925,-0.22505683227942219,4.6065767489679164e-05,-4.4603350013895701e-05,-3.4727227796748039e-05
5,8000,0.20000000000000001,5449354.3358796705,960978.86513119726,3173398.216069275,-164.26869908762831,524.37532060180763,122.4668561567868,-0.45960101300597744,0.26528228482792127,0.81715368496175045,-0.22506015496704276,4.6181971219759141e-05,-4.2512436569276297e-05,-3.472882073243088e-05
5,8000,0.40000000000000002,5449321.4811922973,961083.73981760337,3173422.7094404376,-164.27817087004001,524.3715425561528,122.46685575865585,-0.45959954832875799,0.26527636740865823,0.81715551920487794,-0.22506346105815303,4.6209313446664407e-05,-4.2607526890030155e-05,-3.472901222270844e-05
5,8000,0.59999999999999998,5449288.6246126983,961188.61374782957,3173447.20281161,-164.28762207885239,524.36775867108599,122.46685581543676,-0.45959805601329423,0.2652704417284219,0.81715736881122725,-0.22506677731624614,4.6212803299980527e-05,-4.3080780153659896e-05,-3.4727641199478714e-05
5,8000,0.80000000000000004,5449255.7661445579,961293.48692063603,3173471.6961826324,-164.29705691267458,524.36396825506324,122.46685390687759,-0.45959652476509094,0.26526450545119534,0.81715924019141495,-0.2250701062810728,4.6210970003999716e-05,-4.3535480686018559e-05,-3.4725765263452498e-05
5,8000,1,5449222.9057907825,961398.35933466256,3173496.1895529078,-164.30647897661572,524.3601708007368,122.46684806681218,-0.45959495919310533,0.26525856001309028,0.81716113076281716,-0.22507344622256958,4.6208167419527496e-05,-4.3913459341285194e-05,-3.4723803116658178e-05
5,8000,1.2,5449190.0001984276,961503.18884405901,3173520.7026777063,-164.78219365100551,523.95719551496018,122.63224751992114,-0.4576221948266268,0.27027056157399515,0.81761822493634628,-0.22144116284123028,-0.079917818345131786,0.0045737500752037726,0.044180643739601573
5,8000,1.3999999999999999,5449157.001111568,961607.94981199456,3173545.2395936362,-165.17713690930333,523.66318238645033,122.74148099295611,-0.45515347494234853,0.2770992813471152,0.81767494174821809,-0.21785084843044664,-0.05314274807945156,0.0037594137817694834,0.042567006723718319
5,8000,1.6000000000000001,5449123.9396547703,961712.65715215798,3173569.801128142,-165.41834221492235,523.41609533771566,122.87697506967311,-0.45334098350935081,0.28232332681417222,0.81739519154679174,-0.21596433187805877,-0.035496335484403611,0.0023553188717734207,0.034775138032820736
5,8000,1.8,5449090.8394059744,961817.31827515864,3173594.3909974392,-165.57375255734055,523.19959739357444,123.02207609278108,-0.45194312179600649,0.28631808172396589,0.81708381073781422,-0.21481018823454417,-0.026658859055341256,0.0014292602441817789,0.027817019675326054
5,8000,2,5449057.7134116692,961921.93859259342,3173619.0098398165,-165.67970112867781,523.00716617604098,123.16562757385719,-0.45081440603085182,0.28946271779909127,0.81682276797153996,-0.21395857552976397,-0.021108938496176288,0.00090219670750134274,0.022196629229008124
5,8000,2.2000000000000002,5449024.569679209,962026.52243210725,3173643.6568763321,-165.75312869531069,522.8341212320621,123.3036763223936,-0.44989773568673747,0.29196240405636786,0.81661489175152924,-0.21328408428950088,-0.016843301025249051,0.00061753729612411376,0.017661844036421577
5,8000,2.3999999999999999,5448991.4136879407,962131.07328129339,3173668.3308616644,-165.80354476140019,522.67670456605163,123.43502225857452,-0.44916224696149654,0.29394557566693646,0.81644845825529244,-0.21274677309630105,-0.013328398114268567,0.00047784873349160373,0.013981821019534924
5,8000,2.6000000000000001,5448958.2493690234,962235.59395499853,3173693.0304209227,-165.83728823581174,522.53192425180055,123.55941562936289,-0.44858313966695323,0.29550825285390653,0.816312652680932,-0.21232449782064838,-0.010404998910497289,0.00042684104571654054,0.010986463839049002
5,8000,2.7999999999999998,5448925.0795788486,962340.08673450619,3173717.7541738492,-165.85889880263937,522.39741250059706,123.67700464597479,-0.44813790146789562,0.29672771435958689,0.81619949128039249,-0.21199876233722376,-0.0079849651424580854,0.00042981608061511763,0.0085451245239058522
5,8000,3,5448891.9063960342,962444.55347848998,3173742.50079263,-165.8716822064136,522.27129041462342,123.78814509640846,-0.4478061692203078,0.29766718672771303,0.816103259099214,-0.21175304305129433,-0.0059925194719014181,0.00046420863709958432,0.0065539041648194222
5,8000,3.2000000000000002,5448858.7313325899,962548.99570937757,3173767.2690330893,-165.87804478776181,522.1520584945398,123.8933052874558,-0.44756993353005675,0.29837841218991923,0.81601982715927401,-0.21157296477071891,-0.0043585025635277767,0.00051513464799686623,0.004929069328746761
5,8000,3.3999999999999999,5448825.5554887531,962653.41468048852,3173792.0577506516,-165.87973214925759,522.03851312452127,123.99300442172741,-0.44741356089449924,0.29890364511333917,0.815946165347604,-0.21144638024852536,-0.0030217918240872943,0.00057290706542097061,0.0036028486276853768
5,8000,3.6000000000000001,5448792.3796664802,962757.81142860861,3173816.8659060332,-165.87800686168427,521.92968345644294,124.08777056225729,-0.44732365882153091,0.29927734238285475,0.81588001801929166,-0.21136322478523642,-0.0019300303962066397,0.00063141451312104084,0.0025202882065033703
5,8000,3.7999999999999998,5448759.2044521999,962862.18681552086,3173841.6925640511,-165.87378047784145,521.82478331423715,124.17811315194204,-0.44728886070949053,0.29952758810268293,0.81581968637061197,-0.21131525827718214,-0.0010392863289458464,0.00068698787522066148,0.0016367631499210691
5,8000,4,5448726.0302767875,962966.54156107246,3173866.5368881044,-165.86771066392501,521.72317408737024,124.26450648197549,-0.44729958339202891,0.29967727601187444,0.8157638789191195,-0.21129578034180516,-0.00031316095862039313,0.00073759762150403302,0.0009159836465146826
5,8000,4.2000000000000002,5448692.8574589044,963070.87626967544,3173891.3981321612,-165.8602720629091,521.62433575909347,124.34738105764151,-0.44734778622636501,0.29974507917806392,0.81571160680760268,-0.21129936153776185,0.00027827672986026157,0.00078228972845583876,0.00032839533044323938
5,8000,4.4000000000000004,5448659.6862361478,963175.19145165081,3173916.2756316098,-165.85180768687223,521.5278440692191,124.42712036640914,-0.44742674675595506,0.29974624053444221,0.81566210872040734,-0.21132160791227533,0.0007595580604184874,0.00082079470528089089,-0.00015010399719508113
5,8000,4.5999999999999996,5448626.5167875523,963279.48754047335,3173941.168793879,-165.84256522836827,521.43335192825737,124.50406187466822,-0.44753087124686514,0.29969319054538412,0.81561479352835864,-0.21135898230130457,0.0011512963056324009,0.00085325810407117742,-0.00053947971998385925
5,8000,4.7999999999999998,5448593.3492498631,963383.76490661502,3173966.0770895435,-165.83272410502917,521.34057435845716,124.57849979594683,-0.44765551969481282,0.29959605993884814,0.81556920338899208,-0.21140863520521125,0.0014695315005690483,0.00088006862478101286,-0.00085581955112123183
5,8000,5,5448560.1837289231,963488.02386886708,3173991.0000438248,-165.8224166384669,521.24927791569678,124.65068692988014,-0.44779682467034754,0.29946316324116778,0.81552498795553097,-0.21146822857554512,0.0017271873365773283,0.00090174042868808009,-0.0011120872575894291
5,8000,5.2000000000000002,5448527.0203077095,963592.26470370486,3174015.9372287202,-165.81174081683514,521.15927144961142,124.72083907701069,-0.44795156773450479,0.2993013321889898,0.81548187600826894,-0.21153584900940411,0.001935045521788961,0.00091882741971594157,-0.0013189383035474398
5,8000,5.4000000000000004,5448493.8590522585,963696.48765294044,3174040.8882560851,-165.80076941925131,521.0703983017022,124.78913975416442,-0.44811707728054107,0.2991161761233378,0.81543965612677638,-0.21160993702268074,0.0021020219542315661,0.00093187859228908889,-0.0014851555433305775
5,8000,5.5999999999999996,5448460.7000159901,963800.69292996265,3174065.8527716137,-165.78955690255421,520.98252995540338,124.85574451390912,-0.44829113959683925,0.29891229895419169,0.81539816328013182,-0.21168922271167842,0.0022354457986888555,0.00094141392559892411,-0.0016179757724665061
5,8000,5.7999999999999998,5448427.5432428084,963904.88072483335,3174090.8304496417,-165.77814448459495,520.8955608779994,124.92078485765029,-0.44847192241262773,0.29869347861004858,0.81535726916568285,-0.21177267118783494,0.0023413306029797087,0.00094791112209825486,-0.001723358393196793
5,8000,6,5448394.3887693975,964009.05120844895,3174115.8209886984,-165.76656383898228,520.80940432212742,124.98437174339517,-0.44865791078241002,0.29846281500265359,0.81531687433146105,-0.2118594382684699,0.0024246094765499417,0.00095179945718847818,-0.001806208656743588
5,8000,6.2000000000000002,5448361.2366268234,964113.20453594427,3174140.8241077107,-165.75483976340823,520.72398890295051,125.04659868789945,-0.44884785290166435,0.29822285122812175,0.81527690234407724,-0.21194883452187593,0.0024893304430114193,0.00095345838913799236,-0.0018705627328240886
5,8000,6.4000000000000004,5448328.0868417257,964217.34084947617,3174165.8395427917,-165.74299210408159,520.63925580481975,125.10754447495582,-0.44904071534127676,0.29797567334419939,0.81523729472660478,-0.2120402965186387,0.0025388166107193164,0.00095321916480781968,-0.0019197407716001686
5,8000,6.5999999999999996,5448294.9394371323,964321.4602805007,3174190.8670445397,-165.73103714115339,520.55515650007555,125.16727549618886,-0.44923564522969672,0.29772299189899065,0.81519800741306736,-0.21213336338147312,0.0025757970858984887,0.00095136815785537576,-0.0019564733007574652
5,8000,6.7999999999999998,5448261.7944331067,964425.56295164023,3174215.9063757583,-165.71898858741366,520.4716508850355,125.22584775631083,-0.44943193935974463,0.29746620920815708,0.81515900744136938,-0.21222765806998223,0.0026025139634679386,0.00094815106597607079,-0.0019830054984374783
5,8000,7,5448228.6518471446,964529.64897820842,3174240.9573095613,-165.70685830611069,520.38870575625174,125.28330858035302,-0.4496290179628748,0.29720647420128349,0.81512027085130956,-0.21232287193298452,0.0026208098077635947,0.000943777414407956,-0.0020011831496815485
5,8000,7.2000000000000002,5448195.5116945254,964633.71846946189,3174266.0196277797,-165.6946568283287,520.30629356442535,125.3396980581488,-0.44982640355715237,0.29694472784629194,0.815081780487657,-0.21241875243066616,0.0026321992473952558,0.00093842500893312193,-0.0020125234644081877
5,8000,7.4000000000000004,5448162.3739885194,964737.77152962703,3174291.0931196432,-165.6823937236085,520.22439139512448,125.39505026206534,-0.45002370281925713,0.29668174005274683,0.81504352480771836,-0.21251509285020106,0.002637927603395423,0.00093224414457434147,-0.0020182733950619412
5,8000,7.5999999999999996,5448129.2387405522,964841.80825873988,3174316.1775806788,-165.67007786690584,520.14298013475502,125.44939426867856,-0.45022059219829125,0.29641814038913494,0.81500549638642505,-0.21261172420349711,0.002639018947275158,0.00092536145343286144,-0.0020194576439765961
5,8000,7.7999999999999998,5448096.1059603272,964945.8287533361,3174341.2728118049,-165.65771762853376,520.06204378801851,125.50275501437797,-0.45041680539741819,0.29615444290805348,0.81496769129357538,-0.2127085083136652,0.0026363155095323293,0.00091788335575385723,-0.0020169181699583589
5,8000,8,5448062.9756559208,965049.83310701617,3174366.3786185742,-165.64532101081804,519.98156891917688,125.55515400893553,-0.45061212365286291,0.29589106695343409,0.81493010804291111,-0.21280533245053901,0.00263051002789588,0.00090989909795059678,-0.0020113466926502221
5,8000,8.1999999999999993,5448029.8478338318,965153.82141090999,3174391.4948105435,-165.63289574409188,519.90154419464272,125.60660993039399,-0.45080636708030258,0.29562835384777275,0.81489274732352379,-0.21290210464115952,0.0026221723022297346,0.00090148340347739777,-0.0020033114288443444
5,8000,8.4000000000000004,5447996.7224990297,965257.7937540604,3174416.6212007673,-165.62044935567016,519.82196000840634,125.65713911900008,-0.45099938815397544,0.29536658101424157,0.81485561123029682,-0.21299875011651287,0.0026117710165117539,0.0008926987561515146,-0.0019932790818879666
5,8000,8.5999999999999996,5447963.5996550033,965361.75022373465,3174441.7576053725,-165.60798921716051,519.742808175307,125.70675598773154,-0.45119106570600637,0.29510597317673232,0.81481870321337002,-0.21309520810232724,0.0025996916664334686,0.00088359736061506783,-0.0019816329229427341
5,8000,8.8000000000000007,5447930.4793037744,965465.69090568449,3174466.9038432003,-165.5955225784613,519.66408167976897,125.75547336196662,-0.45138130059200038,0.29484671196798995,0.81478202748775197,-0.21319142947240499,0.0025862513050085635,0.00087422280751929093,-0.0019686876581720717
5,8000,9,5447897.3614459299,965569.61588435736,3174492.0597355221,-165.58305659003352,519.58577447000039,125.80330276124388,-0.45157001150719028,0.29458894342807712,0.81474558911520578,-0.21328737453173763,0.0025717106624651605,0.00086461148905866221,-0.0019547016504949792
5,8000,9.1999999999999993,5447864.2460806239,965673.52524307324,3174517.2251058049,-165.57059831899977,519.50788128934835,125.85025463170078,-0.45175713214111618,0.29433278456199463,0.81470939352895833,-0.21338301147770286,0.0025562841223121524,0.00085479378960015974,-0.0019398869669781163
5,8000,9.4000000000000004,5447831.1332056159,965777.41906416754,3174542.3997795121,-165.55815475871785,519.43039753813787,125.89633853867601,-0.45194260823631804,0.29407832834063907,0.81467344669431718,-0.2134783148521901,0.002540147922806101,0.00084479509157085481,-0.0019244176366944562
5,8000,9.5999999999999996,5447798.0228172727,965881.29742911225,3174567.5835839473,-165.54573283587771,519.35331916040639,125.94156332516121,-0.45212639575418095,0.29382564819532647,0.8146377547083784,-0.21357326454549982,0.0025234469120443506,0.00083463661523914547,-0.0019084364385165394
5,8000,9.8000000000000007,5447764.91491058,965985.16041861544,3174592.7763481191,-165.53333941379134,519.27664255109107,125.98593724305839,-0.45230845878301473,0.29357480133380448,0.81460232400583166,-0.21366784470165234,0.0025063001013285249,0.00082433612567739953,-0.0018920604789007375
5,8000,10,5447731.8094791528,966089.00811270147,3174617.9779026392,-165.52098129509338,519.20036447989821,126.02946806085879,-0.45248876838850666,0.29332583183840133,0.8145671610086016,-0.21376204308751709,0.0024888052419916652,0.00081390851928547802,-0.0018753857762583718
5,8000,10.199999999999999,5447698.7065152545,966192.8405907813,3174643.1880796296,-165.50866522204839,519.12448202889993,126.07216315288773,-0.45266730110266234,0.2930787728457494,0.81453227235597703,-0.21385585030639198,0.0024710425870621464,0.00080336631683622069,-0.0018584910274249047
5,8000,10.4,5447665.6060098149,966296.65793170966,3174668.4067126554,-165.49639787721893,519.04899254130987,126.11402957227827,-0.45284403823624109,0.29283364869898743,0.81449766458852069,-0.2139492594130149,0.0024530779935285811,0.00079272007011745656,-0.0018414407031078735
5,8000,10.6,5447632.5079524126,966400.46021383244,3174693.6336366665,-165.48418588246525,518.97389357947816,126.15507411154104,-0.45301896476546588,0.29259047636179408,0.81446334438961443,-0.21404226533768611,0.002434965470748238,0.00078197870389058678,-0.0018242875905737348
5,8000,10.800000000000001,5447599.4123313306,966504.24751502567,3174718.8686879473,-165.47203579875992,518.89918289037155,126.19530335188975,-0.45319206895494468,0.29234926692907626,0.81442931829384335,-0.21413486466662593,0.0024167492838453276,0.00077114979619838213,-0.0018070748832738853
5,8000,11,5447566.3191335313,966608.01991273277,3174744.1117040832,-165.45995412471211,518.82485837725233,126.23472370428736,-0.45336334151746216,0.29211002652568152,0.81439559293203168,-0.21422705521052038,0.0023984656801506522,0.00076023981463638939,-0.0017898378969462643
5,8000,11.199999999999999,5447533.2283446882,966711.77748399042,3174769.3625239232,-165.4479472960997,518.7509180763675,126.27334144269425,-0.45353277544445048,0.29187275738139562,0.81436217475796802,-0.2143188358957456,0.0023801443156171395,0.00074925430863092993,-0.0017726054799257578
5,8000,11.4,5447500.1399491951,966815.52030545368,3174794.6209875625,-165.43602168430866,518.67736013780529,126.31116273184712,-0.45370036535402086,0.29163745838348815,0.81432907029211865,-0.21441020643248529,0.002361809424212896,0.00073819807228664121,-0.0017554011710741179
5,8000,11.6,5447467.0539301783,966919.24845341861,3174819.8869363242,-165.42418359584607,518.60418280970566,126.34819364959482,-0.45386610745914041,0.29140412585521386,0.81429628586283054,-0.21450116727991542,0.0023434807854044587,0.00072707527570160606,-0.0017382441514110824
5,8000,11.800000000000001,5447433.9702695077,967022.9620038399,3174845.1602127324,-165.41243927086188,518.53138442527609,126.38444020567349,-0.45402999904619701,0.29117275387646219,0.81426382784585249,-0.21459171938340846,0.002325174515944336,0.00071588957704213938,-0.0017211500251982715
5,8000,12,5447400.8889478082,967126.66103234526,3174870.440660513,-165.40079488274651,518.45896339204853,126.41990835664625,-0.45419203853355583,0.29094333485991614,0.81423170241756704,-0.21468186418865057,0.002306903726179403,0.0007046442118426923,-0.0017041314619264574
5,8000,12.199999999999999,5447367.8099444825,967230.34561425133,3174895.7281245762,-165.38925653679686,518.38691818302937,126.45460401857238,-0.45435222504141459,0.29071585971698782,0.81419991578865214,-0.21477160342717616,0.0022886790558722613,0.00069334207011173001,-0.0016871987230371937
5,8000,12.4,5447334.7332377173,967334.01582457486,3174921.0224510138,-165.37783026993111,518.31524732934247,126.48853307693776,-0.45451055850871946,0.29049031829534655,0.81416847396776115,-0.21486093916244381,0.0022705091194964756,0.00068198575676343682,-0.001670360094921299
5,8000,12.6,5447301.6588045033,967437.67173804459,3174946.3234870932,-165.36652204950639,518.24394941415551,126.52170139518525,-0.45466703932761077,0.29026669944223954,0.81413738298840854,-0.21494987360954404,0.0022524008685431305,0.00067057764469816226,-0.0016536222439838672
5,8000,12.800000000000001,5447268.5866206372,967541.31342911103,3174971.6310812463,-165.3553377731462,518.173023067597,126.55411482125562,-0.45482166849706979,0.2900449913465189,0.8141066486820574,-0.2150384092017249,0.0022343598937090824,0.00065911991546586837,-0.0016369905086126605
5,8000,13,5447235.5166607462,967644.94097195403,3174996.9450830831,-165.34428326769725,518.10246696254603,126.58577919331275,-0.454974447303781,0.28982518153450515,0.81407627689776385,-0.21512654843460299,0.0022163906696147022,0.00064761459587706299,-0.0016204691384333681
5,8000,13.199999999999999,5447202.4488982987,967748.55444049276,3175022.265343376,-165.33336428915621,518.03227981107887,126.61670034399016,-0.45512537749792903,0.28960725714571689,0.81404627328396462,-0.21521429394534022,0.0021984967599230241,0.00063606358516396868,-0.001604061491127715
5,8000,13.4,5447169.3833056167,967852.15390839207,3175047.5917140627,-165.32258652174713,517.96246036150978,126.64688410421299,-0.45527446100808028,0.28939120488497788,0.81401664350069858,-0.21530164837473836,0.0021806809823749066,0.00062446868030976944,-0.0015877701935690131
5,8000,13.6,5447136.3198538981,967955.73944906984,3175072.9240482473,-165.31195557792526,517.89300739586656,126.67633630589329,-0.45542170012934047,0.28917701125164835,0.813987393009584,-0.2153886144537964,0.002162945548083437,0.00061283159399957456,-0.0015715972744619233
5,8000,13.800000000000001,5447103.2585132262,968059.31113570346,3175098.2622002037,-165.30147699755872,517.82391972777532,126.70506278445804,-0.45556709726378214,0.28896466246392966,0.81395852727860418,-0.21547519487914296,0.0021452921725716805,0.00060115397223878644,-0.0015555442727921988
5,8000,14,5447070.1992525766,968162.8690412367,3175123.6060253684,-165.29115624799132,517.75519620062641,126.7330693804951,-0.45571065511440212,0.28875414465503391,0.81393005157988885,-0.21556139240342151,0.0021277221704224434,0.00058943740603269493,-0.001539612327183309
5,8000,14.199999999999999,5447037.142039842,968266.41323838453,3175148.9553803527,-165.28099872330762,517.68683568602864,126.7603619414015,-0.45585237644528476,0.28854544378040786,0.81390197118715168,-0.21564720972093002,0.0021102365297641294,0.00057768344373102551,-0.0015238022488318929
5,8000,14.4,5447004.0868418515,968369.94379963842,3175174.3101229332,-165.27100974444312,517.61883708244375,126.78694632231725,-0.45599226427699951,0.28833854578997264,0.81387429118096555,-0.2157326495594486,0.0020928359766166989,0.00056589359846085632,-0.0015081145816770905
5,8000,14.6,5446971.0336243603,968473.46079727286,3175199.6701120604,-165.26119455851983,517.55119931402191,126.81282838717283,-0.45613032166249018,0.28813343652545648,0.81384701663899572,-0.21581771457392043,0.0020755210246428449,0.00055406935685115098,-0.0014925496513987974
5,8000,14.800000000000001,5446937.9823520966,968576.96430334949,3175225.0352078597,-165.25155833898981,517.48392132955553,126.83801400914065,-0.45626655188103543,0.28793010187492707,0.81382015244850214,-0.21590240743813213,0.0020582920189399488,0.00054221218358968299,-0.0014771076059150196
5,8000,15,5446904.9329887526,968680.45438972185,3175250.4052716298,-165.24210618502954,517.41700210157501,126.8625090712704,-0.45640095822707744,0.28772852766503443,0.81379370348954894,-0.21598673074492575,0.002041149169049742,0.00053032352767605863,-0.001461788448248845
5,8000,15.199999999999999,5446871.885497014,968783.93112804019,3175275.7801658474,-165.23284312171015,517.35044062551651,126.88631946661206,-0.45653354420087366,0.28752869980209145,0.81376767445449383,-0.21607068709668364,0.002024092578803561,0.00051840482503401472,-0.0014465920637689506
5,8000,15.4,5446838.8398385672,968887.3945897565,3175301.1597541682,-165.22377409944212,517.28423591899661,126.90945109856646,-0.45666431330831059,0.28733060416241285,0.81374207002436738,-0.21615427901101048,0.0020071222680227139,0.0005064575030641861,-0.0014315182421939573
5,8000,15.6,5446805.795974113,968990.84484612849,3175326.5439014309,-165.21490399410081,517.21838702112984,126.93190988081516,-0.45679326924704872,0.28713422672287531,0.81371689469513153,-0.21623750900933469,0.0019902381924433677,0.00049448298242352922,-0.0014165666958479463
5,8000,15.800000000000001,5446772.7538633877,969094.28196822316,3175351.9324736586,-165.20623760653797,517.15289299192364,126.95370173745951,-0.45692041573827968,0.28693955346551359,0.81369215292713626,-0.21632037953778516,0.0019734402589623658,0.00048248267955610437,-0.0014017370744876189
5,8000,16,5446739.7134651756,969197.70602692186,3175377.3253380596,-165.19777966305801,517.08775291168718,126.97483260264289,-0.45704575658510727,0.28674657042255047,0.8136678490892465,-0.21640289299575372,0.0019567283390031875,0.000470458006761497,-0.001387028977536777
5,8000,16.199999999999999,5446706.6747373212,969301.11709292408,3175402.7223630282,-165.18953481475057,517.02296588052104,126.99530842065523,-0.45716929577889759,0.28655526374962914,0.8136439873601139,-0.21648505178682037,0.0019401022771043251,0.00045841037546896801,-0.0013724419637902866
5,8000,16.399999999999999,5446673.6376367426,969404.51523675176,3175428.1234181528,-165.18150763728863,516.95853101782041,127.01513514577039,-0.45729103729919224,0.2863656196051918,0.81362057190843917,-0.21656685822477062,0.0019235618994922976,0.0004463411977799181,-0.0013579755595635626
5,8000,16.600000000000001,5446640.602119456,969507.90052875155,3175453.5283742114,-165.17370263118912,516.89444746179026,127.03431874182928,-0.45741098521490459,0.28617762421784476,0.81359760679982385,-0.21664831458231951,0.001907107021860708,0.00043425188576004607,-0.0013436292654197032
5,8000,16.800000000000001,5446607.5681405831,969611.27303910011,3175478.9371031718,-165.16612422161384,516.83071436900082,127.0528651820097,-0.45752914377471415,0.28599126394564417,0.81357509591384458,-0.2167294231347662,0.0018907374546428182,0.00042214385181506888,-0.0013294025615333068
5,8000,17,5446574.5356543679,969714.63283780823,3175504.3494782043,-165.15877675802216,516.76733091397034,127.07078044863934,-0.45764551721929703,0.28580652516057209,0.81355304311408216,-0.21681018607191374,0.001874453006002652,0.00041001851106399159,-0.0013152949119118571
5,8000,17.199999999999999,5446541.5046141967,969817.97999472113,3175529.7653736719,-165.15166451444404,516.70429628873967,127.08807053269527,-0.45776010987765464,0.28562339431028194,0.8135314521602679,-0.21689060554453835,0.0018582534865554984,0.00039787728012387547,-0.0013013057680948598
5,8000,17.399999999999999,5446508.4749726001,969921.31457952608,3175555.1846651388,-165.14479168931311,516.6416097024794,127.1047414334939,-0.45787292625298709,0.285441857972484,0.8135103266301642,-0.21697068370594869,0.0018421387120197402,0.0003857215770675958,-0.0012874345720255535
5,8000,17.600000000000001,5446475.4466812843,970024.63666175294,3175580.607229366,-165.1381624051657,516.57927038111575,127.120799158428,-0.4579839708461807,0.28526190274521829,0.81348967007984552,-0.21705042262922783,0.001826108504133278,0.00037355282336582781,-0.0012736807582444992
5,8000,17.800000000000001,5446442.4196911352,970127.94631077908,3175606.0329443235,-165.13178070891803,516.51727756694447,127.13624972241993,-0.45809324824708442,0.28508351530403608,0.8134694859608983,-0.21712982435133224,0.0018101626934298139,0.00036137244247911183,-0.001260043755891691
5,8000,18,5446409.3939522328,970231.2435958311,3175631.4616891793,-165.12565057173364,516.45563051827196,127.15109914755865,-0.45820076321574388,0.28490668245238732,0.81344977754687553,-0.21720889091246487,0.0017943011204078173,0.00034918185962078217,-0.0012465229902068437
5,8000,18.199999999999999,5446376.369413876,970334.52858598891,3175656.8933443082,-165.11977588876252,516.39432850906996,127.16535346278727,-0.45830652051632093,0.28473139101790884,0.81343054808432025,-0.21728762427821857,0.0017785236353349656,0.00033698250340537332,-0.0012331178836112347
5,8000,18.399999999999999,5446343.3460245896,970437.80135018995,3175682.3277912932,-165.11416047942464,516.33337082861567,127.17901870332861,-0.45841052500332785,0.28455762790571626,0.81341180071477737,-0.21736602638128355,0.0017628300999175631,0.00032477580437964744,-0.0012198278567799876
5,8000,18.600000000000001,5446310.3237321526,970541.06195722974,3175707.7649129215,-165.10880808730906,516.27275678115666,127.19210091028626,-0.45851278169826826,0.28438538014536158,0.81339353840560202,-0.21744409915863255,0.0017472203876505547,0.00031256319468090196,-0.0012066523293917028
5,8000,18.800000000000001,5446277.302483581,970644.31047576608,3175733.2045931914,-165.10372237995125,516.21248568558553,127.20460613029769,-0.45861329563331255,0.28421463479310616,0.81337576409219492,-0.21752184447822995,0.0017316943830459333,0.00030034610947309937,-0.0011935907206052278
5,8000,19,5446244.2822251832,970747.54697432322,3175758.6467173123,-165.09890694912269,516.1525568751008,127.21654041494411,-0.45871207193261043,0.28404537898176985,0.81335848060459692,-0.21759926417838854,0.0017162519826635122,0.00028812598548603373,-0.001180642449622855
5,8000,19.199999999999999,5446211.2629025504,970850.77152129216,3175784.0911716996,-165.09436531076008,516.09296969688808,127.22790982032616,-0.45880911588446588,0.28387759996464257,0.81334169060243011,-0.21767636010281444,0.0017008930950170801,0.00027590426061878691,-0.0011678069360342991
5,8000,19.399999999999999,5446178.2444605781,970953.98418493534,3175809.5378439855,-165.09010090478043,516.03372351181088,127.2387204066913,-0.45890443279418952,0.28371128502357668,0.81332539670880233,-0.21775313403159904,0.0016856176395287417,0.0002636823752277317,-0.0011550835999707581
5,8000,19.600000000000001,5446145.2268434819,971057.18503338785,3175834.9866230125,-165.08611709537891,515.97481769408705,127.24897823783368,-0.45899802808360463,0.28354642152988402,0.81330960142045106,-0.21782958772918554,0.0016704255471750578,0.00025146177069372138,-0.0011424718623898569
5,8000,19.800000000000001,5446112.2099948153,971160.37413466279,3175860.4373988351,-165.08241717076717,515.91625163099172,127.25868938075352,-0.45908990723676352,0.28338299691002711,0.81329430715740614,-0.2179057229193084,0.0016553167594442154,0.00023924389020566392,-0.0011299711451193196
5,8000,20,5446079.1938574761,971263.55155665043,3175885.8900627242,-165.07900434380662,515.85802472252885,127.26785990490131,-0.45918007592091969,0.28322099871953565,0.81327951615368532,-0.2179815413432859,0.0016402912301112008,0.00022703017540630894,-0.0011175808711843985
5,8000,20.199999999999999,5446046.1783737307,971366.71736712311,3175911.3445071615,-165.07588175126855,515.80013638116588,127.27649588206191,-0.45926853980532195,0.28306041453043013,0.8132652306220175,-0.21805704467470266,0.0016253489212301611,0.00021482207110144714,-0.0011053004644253983
5,8000,20.399999999999999,5446013.1634852206,971469.87163373595,3175936.8006258453,-165.07305245440898,515.74258603151259,127.28460338562337,-0.45935530468340813,0.28290123200601502,0.81325145264344401,-0.21813223457806566,0.0016104898052917954,0.00020262102199874888,-0.001093129349811875
5,8000,20.600000000000001,5445980.1491329931,971573.0144240309,3175962.2583136903,-165.07051943886427,515.68537311003661,127.29218849016488,-0.45944037641500218,0.28274343886457803,0.8132381842201124,-0.21820711268207557,0.0015957138642093895,0.00019042847280338938,-0.0010810669533732084
5,8000,20.800000000000001,5445947.1352574956,971676.14580543828,3175987.7174668214,-165.06828561482661,515.62849706476823,127.29925727091504,-0.4595237610377636,0.28258702294737503,0.81322542717464008,-0.21828168063324146,0.0015810210890785561,0.0001782458678297322,-0.0010691127021905337
5,8000,21,5445914.1217986085,971779.26584527909,3176013.1779825822,-165.06635381687113,515.5719573550241,127.30581580337417,-0.45960546460010915,0.28243197211519838,0.8132131833019195,-0.21835594001720351,0.0015664114788109544,0.00016607465207906533,-0.0010572660242566929
5,8000,21.199999999999999,5445881.1086956495,971882.37461076712,3176038.6397595312,-165.06472680435434,515.51575345111064,127.31187016267175,-0.45968549327369357,0.28227827431710489,0.81320145426752222,-0.21842989241279526,0.0015518850405465648,0.0001539162696719444,-0.0010455263485220621
5,8000,21.399999999999999,5445848.0958873909,971985.4721690116,3176064.1026974418,-165.06340726135466,515.45988483405063,127.31742642313941,-0.45976385330005165,0.28212591755712202,0.81319024165639686,-0.2185035393673333,0.0015374417888693781,0.00014177216380314498,-0.0010338931047989886
5,8000,21.600000000000001,5445815.0833120747,972088.55858701933,3176089.5666973018,-165.06239779687385,515.40435099529918,127.32249065776433,-0.4598405510931442,0.28197488995673847,0.81317954688029292,-0.21857688244597218,0.0015230817455630756,0.00012964377634185756,-0.0010223657237252127
5,8000,21.800000000000001,5445782.0709074335,972191.63393169502,3176115.0316613098,-165.06170094471602,515.34915143648016,127.32706893779518,-0.4599155930853468,0.28182517965996273,0.81316937131761957,-0.21864992315912382,0.0015088049383323869,0.00011753254878360436,-0.0010109436366044266
5,8000,22,5445749.0586106945,972294.69826984662,3176140.4974928843,-165.06131916389344,515.29428566909939,127.33116733210538,-0.45998898583094278,0.28167677489650594,0.81315971621998417,-0.21872266301222404,0.0014946114010992847,0.0001054399207872041,-0.00099962627542032174
5,8000,22.199999999999999,5445716.0463586049,972397.75166818372,3176165.9640966547,-165.06125483861285,515.2397532142827,127.3347919067545,-0.46006073595685693,0.28152966395126622,0.81315058275711327,-0.21879510348289224,0.0014805011732562786,9.3367330109269715e-05,-0.0009884130727341265
5,8000,22.399999999999999,5445683.0340874409,972500.79419332172,3176191.4313784628,-165.0615102784372,515.18555360250468,127.33794872447102,-0.46013085025123401,0.2813838352182752,0.81314197193691751,-0.2188672460636184,0.0014664742991726252,8.1316212596287436e-05,-0.00097730346160870884
5,8000,22.600000000000001,5445650.021733026,972603.82591178315,3176216.8992453641,-165.06208771835148,515.13168637332694,127.34064384418153,-0.46019933553894199,0.28123927712426489,0.81313388471852277,-0.21893909220306298,0.0014525308276137122,6.9288002196131804e-05,-0.0009662968755248197
5,8000,22.800000000000001,5445617.0092307422,972706.84688999958,3176242.3676056233,-165.06298931917769,515.07815107512386,127.34288332038429,-0.46026619875902663,0.28109597817588633,0.8131263219423609,-0.21901064334352824,0.001438670811831727,5.7284129377416965e-05,-0.00095539274837390994
5,8000,23,5445583.9965155479,972809.85719431203,3176267.8363687187,-165.06421716744893,515.02494726483428,127.34467320277565,-0.46033144694677824,0.28095392694861376,0.8131192843466607,-0.21908190091290738,0.001424894308042319,4.5306022698453546e-05,-0.00094459051425896856
5,8000,23.199999999999999,5445550.9835219905,972912.85689097526,3176293.3054453349,-165.06577327568536,514.97207450769758,127.3460195356928,-0.46039508723370853,0.28081311208663234,0.81311277256771253,-0.2191528663251609,0.0014112013757092224,3.3355107629492004e-05,-0.00093388960751564069
5,8000,23.399999999999999,5445517.9701842275,973015.84604615672,3176318.7747473661,-165.0676595825723,514.91953237699545,127.34692835760653,-0.46045712684747075,0.28067352230272968,0.81310678714016216,-0.21922354098078567,0.0013975920769618557,2.1432806384614919e-05,-0.00092328946263411254
5,8000,23.600000000000001,5445484.956436024,973118.82472593989,3176344.2441879124,-165.06987795314504,514.86732045379722,127.34740570061494,-0.46051757311174935,0.28053514637821336,0.81310132849732419,-0.21929392626724897,0.0013840664761144614,9.5405376856134049e-06,-0.00091278951418887768
5,8000,23.800000000000001,5445451.9422107916,973221.79299632472,3176369.7136812825,-165.07243017898074,514.81543832670707,127.34745758993816,-0.4605764334461121,0.28039797316284687,0.81309639697151537,-0.21936402355939416,0.0013706246392280852,-2.3202834766125135e-06,-0.00090238919677747178
5,8000,24,5445418.927441583,973324.75092323031,3176395.1831429875,-165.07531797840119,514.76388559161069,127.34709004341195,-0.46063371536583447,0.28026199157480658,0.81309199279440647,-0.21943383421981966,0.0013572666336818847,-1.4148246088320504e-05,-0.00089208794496399774
5,8000,24.199999999999999,5445385.9120611213,973427.69857249467,3176420.6524897395,-165.07854299668065,514.71266185142724,127.34630907098422,-0.46068942648168698,0.28012719060065494,0.81308811609739462,-0.21950335959922937,0.0013439925277529967,-2.5941943358519906e-05,-0.00088188519322408778
5,8000,24.399999999999999,5445352.896001799,973530.63600987755,3176446.1216394533,-165.08210680626169,514.66176671586038,127.3451206742115,-0.46074357449969222,0.27999355929533287,0.81308476691199305,-0.21957260103675882,0.0013308023902040595,-3.7699972966330801e-05,-0.00087178037589286247
5,8000,24.600000000000001,5445319.8791957106,973633.56330106175,3176471.5905112457,-165.08601090697738,514.61119980115154,127.34353084575781,-0.46079616723918393,0.2798610867933029,0.81308194515365861,-0.21964155986901107,0.0013176962898752429,-4.9420937291949327e-05,-0.00086177292711729148
5,8000,24.800000000000001,5445286.8615746535,973736.48051165417,3176497.0590254287,-165.09025672618557,514.56096072983951,127.3415455689378,-0.46084721256332944,0.27972976226655621,0.81307965068479804,-0.21971023739733242,0.0013046742951362557,-6.1103443121438456e-05,-0.00085186228079540179
5,8000,25,5445253.8430701466,973839.3877071857,3176522.5271035079,-165.0948456193241,514.5110491305029,127.33917081707318,-0.46089671844972363,0.27959957496776222,0.81307788325102481,-0.21977863492195027,0.001291736474130276,-7.2746103696155745e-05,-0.00084204787060421205
5,8000,25.199999999999999,5445220.8236134499,973942.28495311365,3176547.9946681871,-165.09977886990194,514.46146463753018,127.33641255311299,-0.46094469303569924,0.27947051425799641,0.81307664244033795,-0.21984675376394139,0.0012788828937722624,-8.4347537335967615e-05,-0.00083232912988799904
5,8000,25.399999999999999,5445187.8031355646,974045.17231482395,3176573.4616433582,-165.1050576896256,514.41220689088527,127.33327672919577,-0.46099114447183587,0.27934256951816733,0.81307592781573224,-0.21991459519577425,0.0012661136192078013,-9.5906367219636467e-05,-0.00082270549160687789
5,8000,25.600000000000001,5445154.7815672634,974148.04985762981,3176598.9279541038,-165.11068321895459,514.36327553585318,127.32976928601998,-0.46103608102880206,0.27921573021419838,0.81307573881868367,-0.21998216049263539,0.0012534287140498477,-0.00010742122282338859,-0.00081317638837303619
5,8000,25.800000000000001,5445121.7588390913,974250.91764677456,3176624.3935266938,-165.11665652722294,514.31467022281117,127.32589615242031,-0.46107951106994505,0.279089985880762,0.81307607479404742,-0.22004945091974484,0.001240828239810765,-0.00011889073995880897,-0.00080374125239685435
5,8000,26,5445088.7348814011,974353.77574743214,3176649.858288581,-165.1229786129413,514.26639060698892,127.32166324486543,-0.46112144305080416,0.2789653261213853,0.81307693499059619,-0.22011646773249607,0.0012283122555662497,-0.00013031356075366652,-0.0007943995154627338
5,8000,26.199999999999999,5445055.7096243342,974456.62422470783,3176675.322168401,-165.12965040408201,514.21843634823438,127.31707646697019,-0.46116188549512538,0.27884174059437555,0.813078318582792,-0.22018321216536893,0.0012158808176288283,-0.00014168833396382407,-0.00078515060890662508
5,8000,26.399999999999999,5445022.6829978684,974559.46314363915,3176700.7850959701,-165.13667275836912,514.17080711077961,127.31214170901059,-0.46120084708480741,0.27871921906767133,0.81308022458956963,-0.2202496854752316,0.0012035339792385207,-0.00015301371521071608,-0.00077599396359740455
5,8000,26.600000000000001,5444989.6549318107,974662.29256919795,3176726.2470022789,-165.14404646358537,514.12350256300635,127.30686484743599,-0.46123833654388802,0.27859775134914361,0.81308265197929019,-0.22031588888628131,0.0011912717904255601,-0.00016428836743274947,-0.00076692900994321364
5,8000,26.800000000000001,5444956.6253558155,974765.11256628868,3176751.707819494,-165.151772237811,514.07652237721982,127.30125174442117,-0.46127436264980393,0.27847732729397018,0.81308559965959726,-0.22038182359581587,0.0011790942971072269,-0.00017551096010488135,-0.0007579551778097611
5,8000,27,5444923.5941994032,974867.92319975107,3176777.1674809512,-165.15985072992243,514.02986622940671,127.29530824730293,-0.46130893436294174,0.27835793688340482,0.81308906636042155,-0.22044749083643375,0.0011670015418526528,-0.00018668017154128679,-0.00074907189662545566
5,8000,27.199999999999999,5444890.5613919711,974970.72453436104,3176802.6259211544,-165.16828251971629,513.98353379901721,127.28904018819476,-0.46134206062901173,0.27823957010599676,0.81309305081262007,-0.22051289178194014,0.0011549935625106151,-0.0001977946868316718,-0.00074027859525469669
5,8000,27.399999999999999,5444857.5268628122,975073.51663483039,3176828.0830757762,-165.17706811826278,513.93752476873328,127.28245338350276,-0.46137375058320601,0.27812221708138946,0.81309755156355557,-0.22057802764525089,0.0011430703926552433,-0.00020885319909780771,-0.00073157470207666127
5,8000,27.600000000000001,5444824.4905411117,975176.2995658078,3176853.5388816446,-165.18620796842421,513.8918388242331,127.2755536333718,-0.46140401334843534,0.27800586793920123,0.81310256715942908,-0.22064289958227662,0.0011312320613454908,-0.00021985441065375846,-0.00072295964498350412
5,8000,27.800000000000001,5444791.4523559865,975279.07339187851,3176878.9932767511,-165.19570244483373,513.846475653982,127.26834672138641,-0.46143285820845154,0.27789051292404748,0.81310809598891198,-0.22070750877501921,0.0011194785921336287,-0.00023079703059244015,-0.00071443285130014939
5,8000,28,5444758.4122364735,975381.838177567,3176904.4462002404,-165.20555185477667,513.80143494898073,127.26083841386234,-0.46146029453099641,0.27777614234981196,0.8131141363526162,-0.22077185639515357,0.0011078100042472331,-0.00024167977899474188,-0.00070599374794682169
5,8000,28.199999999999999,5444725.370111566,975484.5939873351,3176929.8975924063,-165.21575643784388,513.75671640257576,127.25303445970911,-0.46148633171220227,0.27766274656685264,0.81312068651332503,-0.22083594357772968,0.0010962263104318045,-0.00025250138206554215,-0.0006976417612303158
5,8000,28.399999999999999,5444692.3259102041,975587.34088558471,3176955.3473946969,-165.22631636703005,513.71231971019802,127.24494058963599,-0.46151097927619106,0.27755031602264785,0.81312774460605375,-0.22089977146917017,0.0010847275187560806,-0.00026326057751523309,-0.00068937631708210581
5,8000,28.600000000000001,5444659.2795613175,975690.07893665601,3176980.7955496968,-165.23723174863241,513.66824456916515,127.23656251591498,-0.46153424682045446,0.27743884122959839,0.81313530868739392,-0.22096334120145408,0.0010733136310154985,-0.00027395611140283894,-0.00068119684091207556
5,8000,28.800000000000001,5444626.2309938027,975792.80820482923,3177006.2420011368,-165.24850262275268,513.6244906784525,127.22790593187317,-0.46155614400048106,0.27732831275651004,0.81314337674939874,-0.22102665388504614,0.0010619846430663404,-0.00028458673941248971,-0.00067310275768282834
5,8000,29,5444593.1801365688,975895.52875432395,3177031.6866938821,-165.26012896374451,513.58105773846853,127.21897651141616,-0.46157668062778368,0.27721872128821745,0.81315194663109536,-0.22108971065615626,0.0010507405447438545,-0.00029515122741216956,-0.00066509349194057081
5,8000,29.199999999999999,5444560.1269185264,975998.24064930086,3177057.1295739296,-165.27211068037636,513.53794545084622,127.20977990869004,-0.46159586652005891,0.27711005753626705,0.81316101615375114,-0.22115251260530994,0.0010395813192127523,-0.00030564835044008293,-0.0006571684677803292
5,8000,29.399999999999999,5444527.0712686144,976100.94395386125,3177082.570588408,-165.28444761649806,513.49515351821117,127.20032175751764,-0.46161371160000531,0.2770023122990608,0.81317058303165701,-0.22121506082497167,0.0010285069432744867,-0.00031607689405753676,-0.00064932710892100871
5,8000,29.600000000000001,5444494.0131158121,976203.63873204566,3177108.0096855704,-165.29713955128091,513.4526816439693,127.19060767103802,-0.46163022586648578,0.27689547644528373,0.8131806448981509,-0.22127735639604879,0.0010175173869957877,-0.00032643565423348138,-0.00064156883870536169
5,8000,29.800000000000001,5444460.9523891462,976306.32504783652,3177133.4468147871,-165.3101861996654,513.41052953208862,127.18064324125673,-0.46164541939665937,0.27678954091595659,0.81319119930368133,-0.22133940038921376,0.0010066126136971862,-0.00033672343744516438,-0.00063389308014117089
5,8000,30,5444427.8890177077,976409.00296515669,3177158.8819265468,-165.32358721287099,513.36869688687761,127.17043403857588,-0.46165930237837455,0.27668449674462892,0.81320224368655014,-0.22140119388080298,0.00099579257996879598,-0.00034693906181724907,-0.00062629925594564833
5,125,0,5449387.1886701053,960873.98968958983,3173373.7226977898,-164.25920388466952,524.37909372357376,122.46685922246991,-0.4596025466373429,0.26528821767178801,0.81715181143612925,-0.22505683227942219,4.6065767489679164e-05,-4.4603350013895701e-05,-3.4727227796748039e-05
5,125,0.20000000000000001,5449354.335879433,960978.86513110332,3173398.2160692024,-164.26869887412951,524.37532065214612,122.46685630065693,-0.45960101139852133,0.26528228435892665,0.81715368586399528,-0.22506015552658998,4.617944061360841e-05,-4.258810454754634e-05,-3.4728766481148784e-05
5,125,0.40000000000000002,5449321.4811921138,961083.73981751991,3173422.709440615,-164.27817059607682,524.37154260782927,122.4668559263859,-0.45959954227974376,0.26527636579756619,0.8171555226135625,-0.22506346293354998,4.6208018076266641e-05,-4.2636916942580319e-05,-3.4728959235070766e-05
5,125,0.59999999999999998,5449288.6246125614,961188.61374775635,3173447.2028120281,-164.28762189516218,524.36775871530801,122.46685594071246,-0.459598047981219,0.26527043961251989,0.81715737333886407,-0.22506677977338616,4.6212430121457972e-05,-4.3084893848031937e-05,-3.4727655831734299e-05
5,125,0.80000000000000004,5449255.766144448,961293.48692057061,3173471.6961832047,-164.29705686380228,524.36396829206308,122.46685397386106,-0.45959651608083468,0.26526450316643968,0.81715924508740756,-0.22507010893141585,4.6210940042965717e-05,-4.3531154024403583e-05,-3.4725817699119323e-05
5,125,1,5449222.9057906717,961398.359334604,3173496.1895534508,-164.30647906222799,524.36017083313129,122.46684807905298,-0.45959495036389258,0.26525855768793299,0.81716113574139293,-0.2250734489164935,4.6208228200836471e-05,-4.3907152637385822e-05,-3.4723867147981112e-05
5,125,1.2,5449189.9996976508,961503.18918784719,3173520.7021711273,-164.78077031942416,523.95954346687006,122.63082157562212,-0.45761966339578969,0.27032957819170023,0.81759675887328531,-0.22145361299405542,-0.077593198475977232,0.0044686670087332432,0.043139078930979485
5,125,1.3999999999999999,5449157.0013717944,961607.95044036047,3173545.2391619845,-165.1728839393632,523.66384678498969,122.74270486106275,-0.45518261119005266,0.27705691930475262,0.81765552723498025,-0.21791671050576131,-0.053925621812666254,0.0036998274646358933,0.042346955731197788
5,125,1.6000000000000001,5449123.940509988,961712.65784275648,3173569.8008981571,-165.41673669857653,523.41619886522869,122.87760877977676,-0.45335215575098875,0.28229533256307704,0.81739568962292797,-0.21597558814572396,-0.036350565641107703,0.0023553970295526285,0.034915019066827722
5,125,1.8,5449090.8403878389,961817.31897117756,3173594.3908311371,-165.57383466079904,523.19957727568203,123.02216139918664,-0.45194030684201925,0.28631239990645801,0.81709329427834221,-0.21478760941151273,-0.02703944704345394,0.0014382166201568991,0.027991008195644228
5,125,2,5449057.7143162573,961921.93927646719,3173619.0096767377,-165.68026249009276,523.00706851470318,123.16562229653681,-0.45080664247292235,0.28946677039047902,0.81683370074799921,-0.21392771037040603,-0.021237389947709021,0.00090715824444073364,0.022336664972408625
5,125,2.2000000000000002,5449024.57046765,962026.52308764507,3173643.6567210541,-165.75369440439087,522.83393903081401,123.30376761915937,-0.44988923415311882,0.29196903552580811,0.81662475036744808,-0.21325519073296423,-0.01688555141386739,0.00061972376554871771,0.017769325830421522
5,125,2.3999999999999999,5448991.414372894,962131.07389193517,3173668.3307372788,-165.80401227926896,522.6764427174636,123.43523380767941,-0.4491543512374126,0.29395231256853055,0.81645679169007568,-0.212722152121636,-0.01334674714061364,0.00047925949308673513,0.014065501945381739
5,125,2.6000000000000001,5448958.249970193,962235.5945061011,3173693.0303493277,-165.8376639405796,522.53159562390169,123.55972402348749,-0.44857617369694941,0.29551445345942545,0.81631957807674105,-0.21230395812747557,-0.010416730973449044,0.00042821674438367556,0.011052540897084302
5,125,2.7999999999999998,5448925.0801122906,962340.08721415862,3173717.7541716076,-165.85920518392754,522.39703086763018,123.67738332328351,-0.44813189190681058,0.29673326566690844,0.81620522345484359,-0.21198162587286595,-0.0079939360078582367,0.00043122593405299048,0.0085976479176986826
5,125,3,5448891.9068737123,962444.55387735937,3173742.5008716304,-165.87193663266052,522.27086772026905,123.78857403078595,-0.44780105926466085,0.29767209934339234,0.81610800113781889,-0.21173866692878557,-0.0059995207975744071,0.00046555298572576869,0.0065957493408809751
5,125,3.2000000000000002,5448858.7317637214,962548.99602028262,3173767.2692018878,-165.87825818226264,522.15160436172403,123.89377076865958,-0.44756564095792811,0.29838272090800877,0.81602375325216425,-0.21156082582960214,-0.0043638274730591394,0.00051632868714989008,0.0049624234672938933
5,125,3.3999999999999999,5448825.5558807915,962653.41489795013,3173792.0580155537,-165.8799111460923,522.03803507514147,123.99349719375647,-0.44740999641199564,0.29890738931497091,0.81594942174051222,-0.2114360633497763,-0.003025700213933905,0.00057391327189714033,0.0036294283987210441
5,125,3.6000000000000001,5448792.3800258571,962757.81154847075,3173816.866271798,-165.87815568991229,521.9291872736809,124.08828426489028,-0.44732073396313626,0.29928056285012666,0.81588272656560534,-0.21135439943059167,-0.0019327822887448378,0.00063223140460718058,0.0025414558607480316
5,125,3.7999999999999998,5448759.2047846299,962862.18683463393,3173841.6930343588,-165.87390213920736,521.8242733883302,124.17864327335235,-0.44728649212684507,0.29953032633643373,0.81582194792525564,-0.2113076592295996,-0.0010411214970750019,0.00068763395149341801,0.0016536036502102273
5,125,4,5448726.0305874348,962966.54147704702,3173866.5374658643,-165.86780758615183,521.72265371051776,124.26504969730414,-0.44729769485094933,0.2996795734598261,0.81576577664955419,-0.21128919300170904,-0.00031428637300806871,0.00073809971662270777,0.00092936247898927249
5,125,4.2000000000000002,5448692.8577525048,963070.87608068914,3173891.398819725,-165.86034643205241,521.62380736771343,124.34793481914971,-0.44734630951604404,0.29974697654035104,0.81571320898651312,-0.21129361112494496,0.00027768982957945636,0.00078267610430902436,0.00033900364795992909
5,125,4.4000000000000004,5448659.6865169853,963175.19115629862,3173916.2764308681,-165.85186159139883,521.52730943907352,124.427682653391,-0.44742562179967438,0.29974777702703881,0.81566347118928495,-0.21131655139143682,0.00075937586729679391,0.00082109144417040697,-0.00014171520110045952
5,125,4.5999999999999996,5448626.5170595208,963279.48713764467,3173941.1697063539,-165.84260069524632,521.43281230865443,124.504631063185,-0.44753004599688234,0.29969440258316032,0.81561596190182617,-0.21135450239185846,0.0011513914825928547,0.00085348764350363471,-0.0005328636133205254
5,125,4.7999999999999998,5448593.3495164542,963383.76439541043,3173966.0781164616,-165.83274317450187,521.34003063518219,124.5790744972674,-0.44765494848958409,0.29959698298516479,0.81557021502807625,-0.21140463390860753,0.0014698244559650795,0.00088024967005046492,-0.0008506189049228305
5,125,5,5448560.1839931933,963488.02324853931,3173991.0011861427,-165.82242126050284,521.24873069879266,124.65126597035656,-0.44779646832282149,0.29946383019508876,0.815525873078774,-0.21146462517782688,0.001727628801594857,0.00090188728392233777,-0.0011080224904404252
5,125,5.2000000000000002,5448527.0205723606,963592.26397360384,3174015.9384872159,-165.81173282633338,521.1587211355079,124.72142146790524,-0.447951392828282,0.29930177272711317,0.81548265914111251,-0.21153257703188433,0.0019355918831467866,0.00091895098218902995,-0.0013157858393548839
5,125,5.4000000000000004,5448493.8593196264,963696.48681247293,3174040.8896313435,-165.80075053813735,521.06984512982444,124.78972465457197,-0.44811705543458269,0.29911641706671155,0.81544035713135521,-0.21160694135897432,0.0021026359857574772,0.00093198712990429577,-0.0014827350748901152
5,125,5.5999999999999996,5448460.7002880964,963800.69197857322,3174065.8542640591,-165.78952873318593,520.98197405297685,124.8563312055541,-0.44829124655959351,0.29891236440498653,0.81539879839302298,-0.21168645739177774,0.0022360985514825564,0.00094151354456200882,-0.0016161418243907987
5,125,5.7999999999999998,5448427.5435213642,963904.87966198474,3174090.8320595748,-165.778108500847,520.89500229374153,124.92137272789519,-0.44847213758845311,0.29869339020242908,0.81535785156912699,-0.211770097843866,0.0023420009103559368,0.00094800617798395444,-0.0017219937619229236
5,125,6,5448394.3890558118,964009.0500336074,3174115.8227162873,-165.76652138072066,520.80884305131133,124.98496027217249,-0.44865821657854721,0.29846259195588498,0.81531741483769449,-0.21185702481133609,0.0024252824804063878,0.0009518929418338689,-0.0018052190522037628
5,125,6.2000000000000002,5448361.2369222846,964113.20324856939,3174140.8259530431,-165.75479203572584,520.72342490595372,125.04718743655043,-0.44884823448514155,0.29822251063878441,0.81527740966404372,-0.21194655420496583,0.0024899960780727553,0.00095355227487578748,-0.0018698723886499164
5,125,6.4000000000000004,5448328.0871471725,964217.33944902115,3174165.8415058614,-165.74294018049363,520.63868902073921,125.10813307631224,-0.44904116004353661,0.29797523021902927,0.81523777603257985,-0.21203812697749624,0.0025394683569439714,0.0009533146828498392,-0.0019192888690580541
5,125,6.5999999999999996,5448294.939753307,964321.45876640116,3174190.8691252857,-165.73098197210467,520.55458685652479,125.16786364446209,-0.44923614236382547,0.29772245943406178,0.81519846850287025,-0.21213128598388556,0.0025764310090458293,0.00095146600652049886,-0.0019562110674731762
5,125,6.7999999999999998,5448261.794760569,964425.56132331933,3174215.9085740484,-165.71893100872634,520.47107830515074,125.2264351988632,-0.44943247984226242,0.29746559890748669,0.81515945306824034,-0.21222565726823003,0.0026031279710644964,0.00094825158024241802,-0.0019828938575856023
5,125,7,5448228.6521862922,964529.64723507036,3174240.9596252553,-165.70679904891426,520.38813016353549,125.28389511009314,-0.44962959416220827,0.29720579611392184,0.815120704837901,-0.21232093480008393,0.002621403106120958,0.00094388068701309086,-0.002001190821767208
5,125,7.2000000000000002,5448195.5120456405,964633.71661089908,3174266.0220606793,-165.69459653059167,520.30571488595376,125.34028350616784,-0.44982700891621741,0.29694399062067056,0.81508220604208281,-0.21241686815630312,0.0026327719417375316,0.00093853097146228803,-0.0020126254356524933
5,125,7.4000000000000004,5448162.3743517529,964737.76955501968,3174291.0956695094,-165.68233293971218,520.22380956363077,125.39563449200502,-0.45002433191145436,0.29668095124608196,0.81504394444050887,-0.21251325249552255,0.0026384803842025972,0.00093235263840288189,-0.0020184496801175871
5,125,7.5999999999999996,5448129.2391159497,964841.80616744561,3174316.1802472579,-165.67001707737373,520.1423950898261,125.44997717154682,-0.45022124033667354,0.29641730645192244,0.81500591223624008,-0.21260992028940856,0.0026395528790466305,0.00092547227076499679,-0.002019692291510008
5,125,7.7999999999999998,5448096.1063478561,964945.82654470799,3174341.2755948249,-165.6576572509025,520.06145547663436,125.50333650320803,-0.45041746867534832,0.29615356942470217,0.81496810505856088,-0.21270673465209838,0.0026368318806076563,0.00091799626107181209,-0.0020171984625603802
5,125,8,5448062.9760554563,965049.83078039577,3174366.381517746,-165.6452614056798,519.98097729593007,125.55573401608194,-0.45061279872981941,0.29589015868978447,0.81493052114686015,-0.21280358388598705,0.0026310102169881788,0.00091001386253519647,-0.0020116625001918311
5,125,8.1999999999999993,5448029.8482451839,965153.81896562851,3174391.4978255653,-165.63283722438115,519.90094922154719,125.60718840340247,-0.45080705116895375,0.2956274149075559,0.81489316089989461,-0.2129003769137261,0.0026226577200135206,0.00090159980509257084,-0.0020036546932263475
5,125,8.4000000000000004,5447996.7229219535,965257.79118944902,3174416.6243313397,-165.62039219317882,519.82136165456916,125.65771601796666,-0.45100007886077631,0.29536561487796192,0.81485602624232323,-0.21299703967874173,0.0026122430425636672,0.0008928165895190313,-0.0019936434003706275
5,125,8.5999999999999996,5447963.6000891803,965361.74753911258,3174441.760851163,-165.60793364764837,519.74220641650982,125.70733128338971,-0.45119176106517084,0.29510498284942005,0.81481912039973581,-0.2130935120442532,0.0026001516129537869,0.00088371644498138658,-0.0019820132144780633
5,125,8.8000000000000007,5447930.4797488926,965465.68810037151,3174466.9072038806,-165.59546880785248,519.66347649791862,125.75604703327345,-0.45138199884133601,0.29484569994073456,0.81478244754654006,-0.21318974534092414,0.0025867004051895745,0.00087434298011125774,-0.001969079897331201
5,125,9,5447897.3619016046,965569.61295766279,3174492.0632107737,-165.58300479857334,519.58516585261179,125.80387479397348,-0.45157071127300163,0.29458791189255085,0.81474601251603207,-0.213285700356137,0.0025721500480119799,0.00086473261030522183,-0.0019551026520737485
5,125,9.1999999999999993,5447864.2465464249,965673.52219431254,3174517.2286952971,-165.57054866444508,519.50726922902061,125.85082501746992,-0.45175783216632986,0.2943317353140652,0.81470982074483533,-0.21338134558884844,0.0025567148224242974,0.0008549157425218136,-0.0019402942150409323
5,125,9.4000000000000004,5447831.1336811231,965777.41589265224,3174542.4034829144,-165.55810738116301,519.4297820319955,125.89690727315383,-0.45194330750761808,0.29407726293273301,0.81467387807070735,-0.21347665590012713,0.0025405708731278021,0.00084491777186232475,-0.0019248291486371424
5,125,9.5999999999999996,5447798.0233020205,965881.29413415026,3174567.5874009221,-165.5456878591998,519.35270020966141,125.94213040789569,-0.45212709338108115,0.29382456791736888,0.81463819056065856,-0.21357161140704767,0.0025238629419584999,0.00083475993940250513,-0.0019088506536844754
5,125,9.8000000000000007,5447764.9154040767,965985.15699951921,3174592.7802783437,-165.53329694844194,519.27602016056949,125.98650267658523,-0.45230915406297656,0.2935737073071108,0.81460276454853486,-0.21366619648104776,0.0025067099498684029,0.00082446002454413133,-0.0018924761724073845
5,125,10,5447731.8099808842,966089.0045687895,3174617.981945775,-165.52094144089659,519.19973865760869,126.03003184978161,-0.45248946063113271,0.29332472494510742,0.81456760650602877,-0.21376039900941299,0.0024892095677666788,0.00081403293127680167,-0.0018758019897434704
5,125,10.199999999999999,5447698.707024687,966192.8369213629,3174643.1922353585,-165.50862806906937,519.12385278568888,126.07272530385542,-0.45266798983257089,0.29307765389795465,0.81453272292829781,-0.21385420979167818,0.0024714419629948462,0.00080349119446552445,-0.0018589070120374235
5,125,10.4,5447665.606526399,966296.65413610311,3174668.410980653,-165.4963635070711,519.04835989052549,126.11459009369028,-0.45284472296034367,0.29283251832011731,0.81449812041683733,-0.2139476219515114,0.0024534729217982189,0.00079284537559673994,-0.0018418558762092771
5,125,10.6,5447632.5084755924,966400.45629135682,3174693.6380166006,-165.48415437071316,518.97325753663881,126.15563301269738,-0.45301964510836257,0.29258933510137736,0.81446380558589293,-0.21404063053862435,0.0024353563954888024,0.00078210440169753596,-0.0018247015012906867
5,125,10.800000000000001,5447599.4128605211,966504.24346500484,3174718.8731795046,-165.4720072149079,518.89854347293772,126.19586064328232,-0.45319274457065517,0.29234811522875009,0.8144297849758414,-0.21413323220583816,0.0024171365852037716,0.00077127585995439229,-0.0018074871830873402
5,125,11,5447566.3196681486,966608.01573449257,3174744.1163069378,-165.45992853306194,518.82421560438752,126.23527939741368,-0.45336401215600347,0.29210886478220699,0.81439606515783625,-0.21422542485170845,0.002398849688085093,0.00076036622393546279,-0.0017902483184044245
5,125,11.199999999999999,5447533.2288841167,966711.77317686321,3174769.3672377537,-165.44792475692805,518.75027196871849,126.27389554970235,-0.45353344080357821,0.2918715858676556,0.8143626526571196,-0.21431720741281288,0.0023805253182849306,0.00074938104476214562,-0.0017730138194724766
5,125,11.4,5447500.1404928211,966815.51586877613,3174794.6258120541,-165.43600225492241,518.67671071731729,126.31171526522085,-0.45370102527919981,0.29163627739130243,0.81432955387962302,-0.2144085796981087,0.002362187670385164,0.00073832511750643618,-0.0017558072748342689
5,125,11.6,5447467.054477375,966919.24388652912,3174819.8918711655,-165.42416732954695,518.60353009950927,126.34874462280563,-0.45386676173431373,0.29140293557303354,0.81429677522700472,-0.21449954216064729,0.0023438564841809198,0.00072720261996823011,-0.0017386479035994295
5,125,11.800000000000001,5447433.9708196372,967022.95730608702,3174845.1652576309,-165.41242621844643,518.53072844951316,126.38498963259148,-0.45403064754584593,0.29117155449723753,0.81426432300712281,-0.21459009580713226,0.0023255478493952654,0.00071601721058534983,-0.0017215513405324867
5,125,12,5447400.8895002333,967126.65620307392,3174870.4458151413,-165.40078509333023,518.458304175742,126.42045625127056,-0.45419268106472188,0.29094212648813622,0.81423220347024583,-0.21468024206663669,0.0023072748546164165,0.00070477212188367958,-0.0017045302790051589
5,125,12.199999999999999,5447367.8104985394,967230.34065281553,3174895.7333886307,-165.38925005700776,518.38625575201911,126.45515039552522,-0.45435286153772059,0.29071464250040863,0.81420042272218551,-0.21476998274283846,0.0022890481098023561,0.00069347024973049969,-0.001687594997635601
5,125,12.4,5447334.7337927343,967334.01073033432,3174921.0278241988,-165.37782714422869,518.31458171018778,126.48907795138983,-0.45451118883295483,0.29048909230483255,0.81416898684513217,-0.2148593198749818,0.0022708762109892706,0.0006821142005971404,-0.0016707537968068012
5,125,12.6,5447301.6593598081,967437.6665103659,3174946.328969101,-165.36652232087479,518.24328063403891,126.52224478259743,-0.45466766341687076,0.29026546476968929,0.81413790181253198,-0.21494825572069143,0.0022527660943316681,0.00067070634690123091,-0.0016540133537528128
5,125,12.800000000000001,5447268.5871755471,967541.30806736124,3174971.6366717746,-165.35534148400367,518.1723511542383,126.55465673701568,-0.45482228621555842,0.29004374801500565,0.81410717352866668,-0.21503679268494014,0.0022347233405730087,0.00065924886517266124,-0.0016373790154832167
5,125,13,5447235.5172145655,967644.93547551148,3174996.9507818487,-165.34429045816654,518.10179194420323,126.58631965361646,-0.45497505862974796,0.28982392962148396,0.8140768077441799,-0.21512493332169555,0.0022167524030928133,0.00064774379003220469,-0.0016208550366885175
5,125,13.199999999999999,5447202.4494503038,967748.54880873975,3175022.2711500889,-165.33337499805765,518.03160171646618,126.61723936540483,-0.45512598233624169,0.28960599666657277,0.81404681017904201,-0.21521268023645534,0.0021988568376021659,0.00063619301983025502,-0.0016044447799725119
5,125,13.4,5447169.3838551249,967852.1481407159,3175047.5976284333,-165.32260078689595,517.96177921974174,126.64742170357277,-0.45527505932781115,0.28938993588318712,0.81401718643883036,-0.21530003610262868,0.0021810394537598969,0.00062459835076683384,-0.0015881508757795027
5,125,13.6,5447136.3204001952,967955.73354486469,3175072.9300699933,-165.31197343695442,517.89232323639897,126.67687249994601,-0.45542229182606359,0.28917573371320554,0.81398794205543001,-0.21538700361835042,0.0021633024591509106,0.00061296149022762886,-0.0015719753558345493
5,125,13.800000000000001,5447103.2590555828,968059.30509436748,3175098.2683290611,-165.30149848615909,517.82323258043311,126.70559759073309,-0.45556768233892792,0.28896337643334963,0.81395908240333514,-0.21547358553125828,0.0021456475543134759,0.00060128409153687476,-0.0015559197599551975
5,125,14,5447070.1997902673,968162.86286217591,3175123.6122610522,-165.29118140079885,517.75450609554048,126.73360281689234,-0.45571123349675718,0.28875285012353191,0.81393061282331836,-0.21555978455977998,0.0021280760506944768,0.00058956774473601953,-0.0015399852283771818
5,125,14.199999999999999,5447037.1425721301,968266.40692100953,3175148.9617225858,-165.28102757415809,517.68614265360088,126.76089402608905,-0.45585294812094546,0.28854414076952867,0.81390253853910621,-0.21564560342519398,0.0021105889325825165,0.00057781399722672865,-0.0015241725733456575
5,125,14.4,5447004.0873679966,968369.93734336831,3175174.3165714475,-165.27104232683331,517.61814115330787,126.78747707353064,-0.4559928291602996,0.28833723427082125,0.81387486469840542,-0.21573104482107222,0.0020931869251507996,0.0005660243582471413,-0.0015084823398060622
5,125,14.6,5446971.0341436164,968473.45420153299,3175199.6766665932,-165.26123090483659,517.55050051905653,126.81335782360048,-0.45613087976767153,0.28813211652822435,0.81384759628953451,-0.21581611144926788,0.0020758705331533163,0.00055420031794421189,-0.0014929148531922728
5,125,14.800000000000001,5446937.9828637205,968576.95756756503,3175225.0418681507,-165.25159848031029,517.48321969986694,126.83854215001725,-0.45626710315194619,0.2879287733821112,0.81382073826522106,-0.21590080594906272,0.0020586400989286609,0.00054234334244430006,-0.0014774702616694409
5,125,15,5446904.9334919685,968680.44751333096,3175250.4120374219,-165.24215015171166,517.41629766845665,126.86303593610076,-0.45640150265968826,0.28772719068934605,0.81379429545938353,-0.21598513093674129,0.0020414958309382452,0.00053045487957184112,-0.0014621485685712189
5,125,15.199999999999999,5446871.8859910518,968783.92411048687,3175275.7870368818,-165.23289094321129,517.34973342044077,126.88684507526489,-0.45653408174495191,0.28752735432487958,0.8137682726075065,-0.21606908899151703,0.0020244378306553119,0.00051853636519678589,-0.0014469496592983964
5,125,15.4,5446838.8403226482,968887.38743048802,3175301.1667301985,-165.22382580539315,517.28352597356604,126.90997547077468,-0.45666484394053031,0.28732925018010286,0.81374267436709313,-0.21615268264262186,0.002007466120531546,0.00050658922101134377,-0.0014318733240625829
5,125,15.6,5446805.7964474633,968990.8375445992,3175326.5509822103,-165.21495961243377,517.2176743671331,126.93243303706754,-0.45679379294487749,0.28713286423097262,0.81371750523421715,-0.21623591441051646,0.0019905806474835677,0.00049461487425113599,-0.0014169192742676852
5,125,15.800000000000001,5446772.7543252259,969094.27452389791,3175351.9396589682,-165.20629716448497,517.15217766128444,126.95422369852078,-0.45692093248189991,0.28693818246013691,0.81369276966757109,-0.21631878674091523,0.0019737813194377384,0.0004826147401689226,-0.0014020871598604391
5,125,16,5446739.7139147045,969197.69843926746,3175377.332627641,-165.1978431868543,517.08703493646021,126.97535338969278,-0.45704626638940121,0.28674519092069412,0.81366847200524017,-0.2164013020478876,0.0019570680066040348,0.00047059023135788701,-0.001387376580175835
5,125,16.199999999999999,5446706.6751737362,969301.10936141456,3175402.7297566561,-165.18960232976039,517.02224529287628,126.99582805522756,-0.45716979859432338,0.28655387572709934,0.81364461648512487,-0.21648346270276148,0.0019404405527098571,0.00045854275931534908,-0.0013727870939450844
5,125,16.399999999999999,5446673.6380592501,969404.50736086583,3175428.1309155952,-165.18157916888956,516.95780785000079,127.01565364933693,-0.45729153308842746,0.28636422304484488,0.81362120726543141,-0.21656527102354126,0.0019238987871078458,0.00044647373115606497,-0.0013583182278463714
5,125,16.600000000000001,5446640.6025272515,969507.89250797825,3175453.5359752318,-165.17377820351365,516.89372174615653,127.03483613640074,-0.45741147401877358,0.28617621915095282,0.81359824834130001,-0.21664672931850867,0.0019074425193705785,0.00043438456314785952,-0.0013439694817007663
5,125,16.800000000000001,5446607.5685328515,969611.26487293211,3175478.9448075639,-165.16620385758452,516.82998613801328,127.05338149010296,-0.45752962555038817,0.28598985035084246,0.81357574366890151,-0.21672783982132598,0.0018910715597824303,0.00042227666913552419,-0.0013297403356301992
5,125,17,5446574.5360303055,969714.62452574633,3175504.3572857575,-165.15886047990551,516.76660020016027,127.07129569301432,-0.45764599195714806,0.28580510303698842,0.8135536970822248,-0.21680860473564659,0.0018747857173960888,0.00041015146293666398,-0.0013156302537439114
5,125,17.199999999999999,5446541.5049729776,969817.97153627279,3175529.7732841694,-165.15175234369244,516.70356312470381,127.08858473642537,-0.45776057759885413,0.28562196367600645,0.81353211231357558,-0.21688902622501999,0.0018585848025640815,0.00039801036069003613,-0.0013016386875318291
5,125,17.399999999999999,5446508.4753134027,969921.30597420305,3175555.1926783775,-165.14488364650458,516.64087412087326,127.10525461999084,-0.45787338692136575,0.28544041880960147,0.8135109929933092,-0.21696910641378647,0.0018424686302913143,0.00038585478083382954,-0.0012877650788352402
5,125,17.600000000000001,5446475.4470032817,970024.62790907524,3175580.6153451446,-165.13825851104025,516.57853241461248,127.12131135095618,-0.45798442443384363,0.28526045504077158,0.8134903426704384,-0.21704884737741806,0.0018264370259365539,0.00037368613923360308,-0.0012740088625796998
5,125,17.800000000000001,5446442.4199934909,970127.93741027312,3175606.041162441,-165.13188098259889,516.51653724829828,127.13676094493142,-0.45809369480081441,0.28508205909146117,0.8134701647291892,-0.2171282511866586,0.0018104898135623741,0.0003615058655969385,-0.0012603694671130025
5,125,18,5446409.3942341134,970231.23454702669,3175631.4700094503,-165.12575503132635,516.45488788027956,127.15160942439682,-0.45820120270551817,0.28490521771724941,0.81345046251335518,-0.21720731984330582,0.0017946268349387016,0.0003493153852523231,-0.001246846317798629
5,125,18.199999999999999,5446376.3696744544,970334.51938842994,3175656.9017665419,-165.11988455169077,516.39358358455036,127.16586281852435,-0.45830695294173562,0.28472991776410583,0.81343123924308758,-0.21728605532514497,0.0017788479411792821,0.00033711612572366264,-0.0012334388371606189
5,125,18.399999999999999,5446343.3462630156,970437.79200342123,3175682.3363153064,-165.11427336228746,516.332623650409,127.17952716282802,-0.45841095039144791,0.2845561461540746,0.81341249803549187,-0.21736445957610348,0.0017631529939590768,0.0003249095171531131,-0.0012201464458649468
5,125,18.600000000000001,5446310.3239475656,970541.05246080272,3175707.7735385373,-165.10892520582794,516.27200738211729,127.19260849872266,-0.4585132000254119,0.28438388988507141,0.81339424190445353,-0.21744253450733037,0.0017475418663446692,0.00031269699200529914,-0.0012069685635325901
5,125,18.800000000000001,5446277.3026751392,970644.30082924105,3175733.2133202399,-165.10384374939849,516.21173409856249,127.20511287295162,-0.4586137068808066,0.28421313601637116,0.81337647378129141,-0.21752028198744514,0.0017320144445367896,0.0003004799830652976,-0.0011939046095044959
5,125,19,5446244.2823920101,970747.53717726469,3175758.6555456202,-165.09903258437566,516.15180313293274,127.21704633718193,-0.45871247615332111,0.28404387172492346,0.81335919643152799,-0.21759770388738819,0.0017165706243764004,0.00028825992573413401,-0.0011809540028880944
5,125,19.199999999999999,5446211.2630438199,970850.76157327276,3175784.1001011161,-165.09449522501686,516.09221383244369,127.22841494818695,-0.45880951306062895,0.28387608422022781,0.81334241257932849,-0.2176748020155207,0.0017012103112001387,0.00027603826319003871,-0.0011681161628767978
5,125,19.399999999999999,5446178.244575439,970953.97408553457,3175809.5468743546,-165.09023511054184,516.03296555794066,127.23922476641803,-0.45890482293452267,0.28370976080043897,0.8133261248242718,-0.21775157816265125,0.0016859334262633646,0.0002638164342655042,-0.0011553905098310663
5,125,19.600000000000001,5446145.2269310653,971057.17478219373,3175834.99575418,-165.08625560431864,515.97405768362376,127.2494818559276,-0.45899841119841905,0.28354488883769902,0.8133103356621324,-0.21782803409224824,0.0016707399008002656,0.00025159587981895106,-0.0011427764647499014
5,125,19.800000000000001,5446112.2100542532,971160.36373126425,3175860.4466306558,-165.08255999390252,515.9154895967323,127.25919228389196,-0.45909028336789864,0.28338145577774937,0.81329504748481696,-0.21790417154138078,0.0016556296767813918,0.00023937804207064948,-0.0011302734495238251
5,125,20,5446079.1938879173,971263.5410006491,3175885.899395057,-165.07915149108294,515.85726069725433,127.2683621201258,-0.45918044505122135,0.28321944913952335,0.81328026258030928,-0.21797999222169528,0.0016406027067318962,0.00022716436423212327,-0.0011178808870337762
5,125,20.199999999999999,5446046.1783743072,971366.70665812155,3175911.3539398648,-165.07603323193044,515.79937039761148,127.27699743659676,-0.45926890194979747,0.28305885651472823,0.81326598313265019,-0.21805549782036185,0.0016256589534085319,0.00021495629025306343,-0.0011055982012095756
5,125,20.399999999999999,5446013.1634550774,971469.86077134626,3175936.8101587929,-165.07320827750436,515.74181812234656,127.2851043066392,-0.45935565983559101,0.28289966555320634,0.81325221124279234,-0.21813068999020205,0.0016107983919400074,0.00020275526056879697,-0.0010934248173291603
5,125,20.600000000000001,5445980.1490712538,971573.00340787205,3175962.2679467532,-165.07067961224917,515.68460330789844,127.29268880524369,-0.4594407246433353,0.28274186401915713,0.81323894884537506,-0.21820557039417887,0.001596021000162969,0.00019056272409813559,-0.0010813601609473307
5,125,20.800000000000001,5445947.1351632923,971676.13463513507,3175987.7271998879,-165.06845014510023,515.62772540226376,127.29975700806415,-0.45952410233356938,0.28258543970620909,0.81322619783341998,-0.21828014064035903,0.0015813267694115157,0.00017838012668810492,-0.0010694036591704524
5,125,21,5445914.1216710666,971779.2545204612,3176013.1878155428,-165.06652270993456,515.57118386469028,127.30631499075845,-0.45960579898452675,0.28243038049328789,0.81321395997528767,-0.21835440232686606,0.0015667156997080205,0.00016620891214115077,-0.0010575547401472302
5,125,21.199999999999999,5445881.10853389,971882.36313107586,3176038.6496922746,-165.06490006526852,515.51497816541996,127.31236882867449,-0.4596858207694724,0.28227667433018683,0.81320223693557403,-0.21842835703169317,0.0015521877983568691,0.00015405052416575841,-0.0010458128328634376
5,125,21.399999999999999,5445848.0956905279,971985.46053408703,3176064.1127298665,-165.06358489436531,515.45910778540099,127.31792459634627,-0.45976417395699143,0.28212430923726289,0.81319103027520212,-0.21850200631343908,0.0015377430799961348,0.00014190640585679337,-0.0010341773671541038
5,125,21.600000000000001,5445815.0830792533,972088.54679651046,3176089.5768293152,-165.06257980533857,515.40357221601471,127.32298836699103,-0.45984086491123149,0.28197327330515248,0.81318034145153062,-0.21857535171203699,0.001523381566182265,0.00012977799937916146,-0.0010226477736447605
5,125,21.800000000000001,5445782.0706377635,972191.62198526063,3176115.0418928154,-165.06188733126646,515.34837095879527,127.32756621200554,-0.45991590009211258,0.28182355469449016,0.8131701718184885,-0.21864839474945527,0.0015091032849189781,0.00011766674568298275,-0.0010112234836840077
5,125,22,5445749.0583033105,972294.68616715085,3176140.5078238077,-165.06150993031355,515.2935035251669,127.3316642004639,-0.45998928605549583,0.28167514163566415,0.81316052262672645,-0.21872113693036821,0.0014949082701538308,0.00010557408426023075,-0.00099990392926544531
5,125,22.199999999999999,5445716.0460126111,972397.73940889747,3176165.9745269069,-165.06144998647574,515.2389694361309,127.33528839832573,-0.46006102943023391,0.28152802241443087,0.81315139504466949,-0.21879357973194971,0.0014807965635557274,9.3501449054297448e-05,-0.00098868854322415136
5,125,22.399999999999999,5445683.0337019628,972500.78177712066,3176191.4419079744,-165.06170980819985,515.18476822208561,127.33844486864349,-0.46013113701020575,0.28138218542801346,0.81314279007542467,-0.21886572464825177,0.0014667682061215816,8.1450279645455759e-05,-0.0009775767582390479
5,125,22.600000000000001,5445650.0213072049,972603.81333834853,3176216.9098740728,-165.06229162933113,515.13089942250554,127.34113967066196,-0.4601996156168392,0.28123761910079653,0.81313470868172022,-0.21893757312467577,0.0014528232470150913,6.9422011059954371e-05,-0.00096656800783895009
5,125,22.800000000000001,5445617.0087637035,972706.8341590201,3176242.3783334671,-165.06319760978892,515.07736258566104,127.34337885907912,-0.46026647219081351,0.2810943119401233,0.81312715170299932,-0.21900912660274963,0.0014389617398990961,5.7418073702398966e-05,-0.00095566172598542879
5,125,23,5445583.9960064078,972809.84430548444,3176267.8471956369,-165.06442983530366,515.02415726837444,127.3451684837413,-0.46033171376904203,0.28095225252212463,0.81312011987650834,-0.21908038650964168,0.0014251837414029941,4.5439895662000441e-05,-0.00094485734685369931
5,125,23.199999999999999,5445550.9829698838,972912.84384400223,3176293.3163712849,-165.06599031758961,514.97128303576562,127.34651458912934,-0.46039534748463684,0.28081142949161675,0.81311361383756686,-0.2191513542586209,0.0014114893111175791,3.3488902181077541e-05,-0.00093415430481407098
5,125,23.399999999999999,5445517.9695882732,973015.83284074487,3176318.785772305,-165.06788099452515,514.91873946099213,127.34742321385386,-0.46045738056683422,0.2806718315620001,0.81310763411986264,-0.21922203124951095,0.0013978785112426753,2.1566515315070471e-05,-0.00092355203438007952
5,125,23.600000000000001,5445484.9557953486,973118.81136180321,3176344.2553118053,-165.07010373033427,514.86652612499495,127.3479003901503,-0.46051782034088934,0.28053344751518589,0.81310218115575761,-0.21929241886912187,0.0013843514061551369,9.6741536707789649e-06,-0.00091304997014354458
5,125,23.800000000000001,5445451.9415245159,973221.77947318612,3176369.7249041051,-165.07266031578433,514.81464261624546,127.34795214336772,-0.46057667422793547,0.28039626620153379,0.81309725527661958,-0.21936251849165198,0.0013709080619846914,-2.1867678484295548e-06,-0.00090264754672223055
5,125,24,5445418.9267088473,973324.73724081356,3176395.1944647036,-165.07555246838822,514.76308853049204,127.34758449146692,-0.46063394974479638,0.28026027653980534,0.81309285671318055,-0.2194323314790679,0.0013575485461897179,-1.4014838303275948e-05,-0.00089234419870408215
5,125,24.199999999999999,5445385.9112810511,973427.68473053351,3176420.6639103331,-165.07878183261278,514.71186347051184,127.34680344451421,-0.46068965450378646,0.28012546751713813,0.81308898559590137,-0.21950185918145385,0.0013442729271191556,-2.5808650968622615e-05,-0.00088213936058613147
5,125,24.399999999999999,5445352.8951735366,973530.62200811622,3176446.1331589185,-165.082349980576,514.66096704583924,127.34561500395657,-0.46074379618937417,0.27999182817500051,0.81308564197623401,-0.21957110292641135,0.0013310812752670423,-3.7566806680793696e-05,-0.00087203246691479178
5,125,24.600000000000001,5445319.8783183843,973633.54913924017,3176471.6021295744,-165.08625841129469,514.61039887257505,127.34402516258056,-0.46079638264989303,0.27985934766511561,0.81308282574376134,-0.21964006406338843,0.0013179736573974148,-4.9287905837548862e-05,-0.00086202295160360705
5,125,24.800000000000001,5445286.8606473897,973736.46618952556,3176497.0707426197,-165.09050855088111,514.56015857312639,127.3420399040066,-0.46084742175955584,0.27972801516587598,0.8130805367513666,-0.21970874389755032,0.0013049501416374375,-6.097055318214156e-05,-0.00085211024851430928
5,125,25,5445253.8420920838,973839.37322450755,3176522.5389195662,-165.09510175388422,514.51024577591329,127.339665201689,-0.46089692150994682,0.27959781993806981,0.81307877473249091,-0.21977714373438392,0.0012920107967548506,-7.2613362067846981e-05,-0.00084229379142555696
5,125,25.199999999999999,5445220.8225837247,973942.27030964883,3176548.0065831309,-165.10003930296332,514.46066011516325,127.33690701868601,-0.46094488998657873,0.27946875131094473,0.8130775393224674,-0.21984526486891587,0.0012791556897975179,-8.4214950804897072e-05,-0.00083257301372164814
5,125,25.399999999999999,5445187.8020533239,974045.15751034138,3176573.4736572066,-165.10532240914429,514.41140123066668,127.33377130716318,-0.46099133536850334,0.27934079868230721,0.81307683005899767,-0.21991310858588395,0.0012663848862642709,-9.5773943238930124e-05,-0.00082294734841888335
5,125,25.600000000000001,5445154.7804316543,974148.03489190876,3176598.9400668866,-165.11095221208046,514.36246876753569,127.33026400789844,-0.46103626592788938,0.27921395151860706,0.81307664638265298,-0.21998067615991174,0.0012536984498668692,-0.00010728896907756711,-0.00081341622815278472
5,125,25.800000000000001,5445121.7576492643,974250.9025195915,3176624.4057384403,-165.11692978032627,514.31386237596939,127.32639104978858,-0.46107969002956845,0.27908819935503382,0.81307698763739233,-0.22004796885566941,0.001241096442210066,-0.00011875866415484424,-0.00080397908515669541
5,125,26,5445088.7336364975,974353.76045857626,3176649.870599323,-165.12325611161179,514.26558171101931,127.32215834936046,-0.46112161613054736,0.27896353179562694,0.81307785307110303,-0.22011498792801107,0.0012285789224483518,-0.00013018167067500633,-0.00079463535123170423
5,125,26.199999999999999,5445055.7083235104,974456.60877397214,3176675.3345781867,-165.12993213313291,514.2176264323474,127.31757181027973,-0.46116205277949551,0.27883993851339023,0.81307924183615565,-0.22018173462209126,0.0012161459469933235,-0.00014155663745253866,-0.00078538445773702155
5,125,26.399999999999999,5445022.6816402804,974559.4475308205,3176700.7976048496,-165.13695870184185,514.16999620399736,127.3126373228683,-0.46120100861620245,0.27871740925041799,0.81308115298998096,-0.22024821017346752,0.001203797569172079,-0.0001528822201597762,-0.00077622583556004137
5,125,26.600000000000001,5444989.6535165841,974662.27679410728,3176726.2596103083,-165.14433660474089,514.12269069416209,127.30736076361897,-0.46123849237100878,0.27859593381804038,0.8130835854956574,-0.22031441580817865,0.0011915338389440009,-0.00016415708155753038,-0.00076715891510709914
5,125,26.800000000000001,5444956.6238821354,974765.09662873182,3176751.7205267358,-165.15206655920002,514.07570957494647,127.30174799471354,-0.46127451286420978,0.27847550209696137,0.81308653822252375,-0.22038035274280604,0.0011793548026273286,-0.00017537989171306713,-0.00075818312630006107
5,125,27,5444923.5926664416,974867.90709954384,3176777.180287479,-165.16014921326493,514.02905252213907,127.2958048635454,-0.4613090790054305,0.27835610403741368,0.81309000994680536,-0.22044602218452011,0.0011672605025995529,-0.00018654932826963252,-0.00074929789856146417
5,125,27.199999999999999,5444890.5597988991,974970.70827132487,3176802.6388270487,-165.16858514604462,513.98271921498338,127.28953720221529,-0.46134219976990504,0.2782377296454176,0.81309399937309534,-0.2205114253200805,0.0011552509772653195,-0.000197664077186084,-0.00074050266082654505
5,125,27.399999999999999,5444857.5252087917,975073.50020879367,3176828.0960811172,-165.17737486875299,513.93670933591557,127.28295082673684,-0.46137388428983866,0.27812036903844195,0.81309850505178949,-0.22057656336014569,0.0011433262616501129,-0.00020872283614483493,-0.00073179684164123235
5,125,27.600000000000001,5444824.4888253277,975176.2829766036,3176853.5519865206,-165.18651882239726,513.89102257046341,127.27605153777428,-0.46140414171571448,0.27800401236242295,0.81310352550456977,-0.22064143747269779,0.0011314863815861259,-0.00021972429977634811,-0.00072317986852399091
5,125,27.800000000000001,5444791.4505776158,975279.05663934618,3176879.0064812838,-165.19601738103049,513.84565860686712,127.26884511883547,-0.46143298130782362,0.2778886498474939,0.81310905914174247,-0.22070604882725989,0.0011197313623320776,-0.00023066717941966667,-0.00071465116901060603
5,125,28,5444758.4103946956,975381.82126154855,3176904.4595045033,-165.20587085104171,513.80061713591863,127.2613373362983,-0.46146041241224489,0.27777427179414416,0.81311510428390221,-0.22077039858398803,0.0011080612229580121,-0.00024155019431316345,-0.00070621017001718661
5,125,28.199999999999999,5444725.368205579,975484.57690768014,3176929.9109965083,-165.21607947151963,513.75589785072896,127.253533938952,-0.46148644446009646,0.27766086857344835,0.81312165916263879,-0.22083448789356749,0.0010964759769474136,-0.00025237207235139641,-0.00069785629794640166
5,125,28.399999999999999,5444692.3239392051,975587.3236421498,3176955.3608987499,-165.22664341461447,513.7115004465121,127.24544065753805,-0.46151108696674586,0.27754843062726892,0.81312872192127505,-0.22089831789714134,0.0010849756321093143,-0.00026313155048106036,-0.00068958897870487613
5,125,28.600000000000001,5444659.2775245057,975690.06152930029,3176980.8091538269,-165.23756278590918,513.66742462035256,127.23706320429616,-0.46153434953099226,0.2774369484684559,0.81313629061561943,-0.22096188972622943,0.0010735601904459599,-0.0002738273749509418,-0.00068140763773239692
5,125,28.800000000000001,5444626.2288903929,975792.79063342069,3177006.255705467,-165.24883762479502,513.62367007099476,127.22840727251594,-0.46155624183423188,0.27732641268104913,0.81314436321472816,-0.22102520450264282,0.0010622296479491746,-0.00028445830154627473,-0.00067331170001508095
5,125,29,5444593.1779657658,975895.51101873093,3177031.7004985483,-165.26046790485159,513.58023649861593,127.21947853609142,-0.46157677363959132,0.27721681392047859,0.81315293760169272,-0.22108826333838308,0.0010509839943986592,-0.00029502309580392539,-0.00066530059009167926
5,125,29.199999999999999,5444560.1246795291,975998.22274939937,3177057.1434790753,-165.27245353423459,513.5371236046052,127.21028264907835,-0.46159595479104992,0.27710814291376923,0.8131620115744318,-0.22115106733553105,0.001039823213254481,-0.00030552053323570693,-0.00065737373209768905
5,125,29.399999999999999,5444527.0689606685,976100.92588953138,3177082.5845941729,-165.28479435607198,513.49433109134827,127.20082524525678,-0.46161379521252616,0.27700039045974434,0.81317158284650803,-0.22121361758612901,0.0010287472814259303,-0.0003159493995168418,-0.00064953054976384051
5,125,29.600000000000001,5444494.0107381241,976203.62050317496,3177108.0237921141,-165.29749014886718,513.45185866200541,127.19111193769412,-0.46163030490696028,0.27689354742923117,0.81318164904794521,-0.22127591517204828,0.0010177561691734793,-0.00032630849072547223,-0.00064177046646053941
5,125,29.800000000000001,5444460.9499409581,976306.30665431754,3177133.4610222653,-165.31054062690066,513.4097060202954,127.18114831831787,-0.46164549395536436,0.27678760476526026,0.81319220772607259,-0.22133796116485274,0.0010068498399272321,-0.00033659661353294557,-0.00063409290520783604
5,125,30,5444427.8864982566,976408.98440688127,3177158.8962351261,-165.32394544064678,513.36787287028039,127.17093995748596,-0.46165937251585781,0.27668255348327042,0.81320325634637314,-0.22139975662564867,0.00099602825016585021,-0.00034681258540964611,-0.00062649728871038519
